brand,model,sensor_id,iso_manufacturer,iso_measured,gray_level_255,gray_pct,snr_db
Canon,EOS 1D Mark III,434,100,72.0,0.093921451614383,0.036831941809561966,0
Canon,EOS 1D Mark III,434,100,72.0,0.096586222591557,0.0378769500359047,0.21445581604339
Canon,EOS 1D Mark III,434,100,72.0,0.184731040503,0.07244354529529412,1.1081218138426
Canon,EOS 1D Mark III,434,100,72.0,0.2,0.07843137254901962,6.9193703188089
Canon,EOS 1D Mark III,434,100,72.0,0.3008026580926,0.11796182670298037,10.241189292549
Canon,EOS 1D Mark III,434,100,72.0,0.4,0.15686274509803924,12.548492724931
Canon,EOS 1D Mark III,434,100,72.0,0.60096648823754,0.23567313264217254,14.30304734579
Canon,EOS 1D Mark III,434,100,72.0,0.7,0.2745098039215686,16.879368304875
Canon,EOS 1D Mark III,434,100,72.0,1.2595506593418,0.493941435036,19.503257699414
Canon,EOS 1D Mark III,434,100,72.0,2,0.7843137254901961,24.226989071011
Canon,EOS 1D Mark III,434,100,72.0,3,1.1764705882352942,26.738768243944
Canon,EOS 1D Mark III,434,100,72.0,4,1.5686274509803921,28.408153080842
Canon,EOS 1D Mark III,434,100,72.0,5,1.9607843137254901,29.641322986807
Canon,EOS 1D Mark III,434,100,72.0,6,2.3529411764705883,30.610804485931
Canon,EOS 1D Mark III,434,100,72.0,7,2.7450980392156863,31.404953157136
Canon,EOS 1D Mark III,434,100,72.0,8,3.1372549019607843,32.074690616885
Canon,EOS 1D Mark III,434,100,72.0,9,3.5294117647058822,32.651877789638
Canon,EOS 1D Mark III,434,100,72.0,10,3.9215686274509802,33.157698083873
Canon,EOS 1D Mark III,434,100,72.0,11,4.313725490196078,33.606910947206
Canon,EOS 1D Mark III,434,100,72.0,12,4.705882352941177,34.010190104987
Canon,EOS 1D Mark III,434,100,72.0,13,5.098039215686274,34.375492287369
Canon,EOS 1D Mark III,434,100,72.0,14,5.490196078431373,34.708900129959
Canon,EOS 1D Mark III,434,100,72.0,15,5.88235294117647,35.015163452677
Canon,EOS 1D Mark III,434,100,72.0,20,7.8431372549019605,36.249418014486
Canon,EOS 1D Mark III,434,100,72.0,25,9.803921568627452,37.158862903983
Canon,EOS 1D Mark III,434,100,72.0,30,11.76470588235294,37.870008291811
Canon,EOS 1D Mark III,434,100,72.0,35,13.725490196078432,38.448084653169
Canon,EOS 1D Mark III,434,100,72.0,42,16.470588235294116,39.103278957965
Canon,EOS 1D Mark III,434,100,72.0,43,16.862745098039216,39.185519273516
Canon,EOS 1D Mark III,434,100,72.0,44,17.254901960784313,39.265346872352
Canon,EOS 1D Mark III,434,100,72.0,45,17.647058823529413,39.342878905009
Canon,EOS 1D Mark III,434,100,72.0,46,18.03921568627451,39.41822446958
Canon,EOS 1D Mark III,434,100,72.0,47,18.43137254901961,39.491485326494
Canon,EOS 1D Mark III,434,100,72.0,48,18.823529411764707,39.562756535986
Canon,EOS 1D Mark III,434,100,72.0,49,19.215686274509807,39.632127028056
Canon,EOS 1D Mark III,434,100,72.0,50,19.607843137254903,39.699680113297
Canon,EOS 1D Mark III,434,100,72.0,51,20.0,39.765493941794
Canon,EOS 1D Mark III,434,100,72.0,52,20.392156862745097,39.829641916292
Canon,EOS 1D Mark III,434,100,72.0,53,20.784313725490197,39.89219306498
Canon,EOS 1D Mark III,434,100,72.0,54,21.176470588235293,39.953212378529
Canon,EOS 1D Mark III,434,100,72.0,55,21.568627450980394,40.012761115416
Canon,EOS 1D Mark III,434,100,72.0,56,21.96078431372549,40.070897079032
Canon,EOS 1D Mark III,434,100,72.0,57,22.35294117647059,40.127674869649
Canon,EOS 1D Mark III,434,100,72.0,58,22.745098039215687,40.183146113929
Canon,EOS 1D Mark III,434,100,72.0,59,23.137254901960784,40.237359674321
Canon,EOS 1D Mark III,434,100,72.0,60,23.52941176470588,40.290361840434
Canon,EOS 1D Mark III,434,100,72.0,61,23.92156862745098,40.342196504196
Canon,EOS 1D Mark III,434,100,72.0,62,24.313725490196077,40.392905320432
Canon,EOS 1D Mark III,434,100,72.0,63,24.705882352941178,40.442527854279
Canon,EOS 1D Mark III,434,100,72.0,64,25.098039215686274,40.491101716724
Canon,EOS 1D Mark III,434,100,72.0,65,25.49019607843137,40.538662689366
Canon,EOS 1D Mark III,434,100,72.0,66,25.882352941176475,40.585244839444
Canon,EOS 1D Mark III,434,100,72.0,67,26.27450980392157,40.630880626005
Canon,EOS 1D Mark III,434,100,72.0,68,26.666666666666668,40.675600998019
Canon,EOS 1D Mark III,434,100,72.0,69,27.058823529411764,40.719435485171
Canon,EOS 1D Mark III,434,100,72.0,70,27.450980392156865,40.762412281962
Canon,EOS 1D Mark III,434,100,72.0,71,27.84313725490196,40.804558325714
Canon,EOS 1D Mark III,434,100,72.0,72,28.235294117647058,40.845899368991
Canon,EOS 1D Mark III,434,100,72.0,73,28.627450980392155,40.886460046906
Canon,EOS 1D Mark III,434,100,72.0,74,29.01960784313726,40.926263939749
Canon,EOS 1D Mark III,434,100,72.0,75,29.411764705882355,40.965333631316
Canon,EOS 1D Mark III,434,100,72.0,76,29.80392156862745,41.003690763285
Canon,EOS 1D Mark III,434,100,72.0,77,30.19607843137255,41.041356085956
Canon,EOS 1D Mark III,434,100,72.0,78,30.58823529411765,41.078349505645
Canon,EOS 1D Mark III,434,100,72.0,79,30.980392156862745,41.114690128995
Canon,EOS 1D Mark III,434,100,72.0,80,31.372549019607842,41.150396304423
Canon,EOS 1D Mark III,434,100,72.0,81,31.76470588235294,41.185485660955
Canon,EOS 1D Mark III,434,100,72.0,82,32.15686274509804,41.219975144606
Canon,EOS 1D Mark III,434,100,72.0,83,32.549019607843135,41.253881052519
Canon,EOS 1D Mark III,434,100,72.0,84,32.94117647058823,41.287219065004
Canon,EOS 1D Mark III,434,100,72.0,85,33.33333333333333,41.320004275646
Canon,EOS 1D Mark III,434,100,72.0,86,33.72549019607843,41.352251219607
Canon,EOS 1D Mark III,434,100,72.0,87,34.11764705882353,41.38397390026
Canon,EOS 1D Mark III,434,100,72.0,88,34.509803921568626,41.415185814265
Canon,EOS 1D Mark III,434,100,72.0,89,34.90196078431372,41.445899975194
Canon,EOS 1D Mark III,434,100,72.0,90,35.294117647058826,41.47612893581
Canon,EOS 1D Mark III,434,100,72.0,91,35.68627450980392,41.505884809088
Canon,EOS 1D Mark III,434,100,72.0,92,36.07843137254902,41.535179288056
Canon,EOS 1D Mark III,434,100,72.0,93,36.470588235294116,41.564023664545
Canon,EOS 1D Mark III,434,100,72.0,94,36.86274509803922,41.592428846913
Canon,EOS 1D Mark III,434,100,72.0,95,37.254901960784316,41.620405376805
Canon,EOS 1D Mark III,434,100,72.0,96,37.64705882352941,41.647963445023
Canon,EOS 1D Mark III,434,100,72.0,97,38.03921568627451,41.67511290655
Canon,EOS 1D Mark III,434,100,72.0,98,38.43137254901961,41.701863294785
Canon,EOS 1D Mark III,434,100,72.0,99,38.82352941176471,41.728223835048
Canon,EOS 1D Mark III,434,100,72.0,100,39.21568627450981,41.754203457375
Canon,EOS 1D Mark III,434,100,72.0,101,39.6078431372549,41.77981080868
Canon,EOS 1D Mark III,434,100,72.0,102,40.0,41.805054264289
Canon,EOS 1D Mark III,434,100,72.0,103,40.3921568627451,41.829941938908
Canon,EOS 1D Mark III,434,100,72.0,104,40.78431372549019,41.854481697045
Canon,EOS 1D Mark III,434,100,72.0,105,41.17647058823529,41.878681162919
Canon,EOS 1D Mark III,434,100,72.0,106,41.568627450980394,41.902547729897
Canon,EOS 1D Mark III,434,100,72.0,107,41.96078431372549,41.92608856947
Canon,EOS 1D Mark III,434,100,72.0,108,42.35294117647059,41.949310639803
Canon,EOS 1D Mark III,434,100,72.0,109,42.745098039215684,41.972220693884
Canon,EOS 1D Mark III,434,100,72.0,110,43.13725490196079,41.994825287292
Canon,EOS 1D Mark III,434,100,72.0,111,43.529411764705884,42.017130785601
Canon,EOS 1D Mark III,434,100,72.0,112,43.92156862745098,42.039143371453
Canon,EOS 1D Mark III,434,100,72.0,113,44.31372549019608,42.060869051295
Canon,EOS 1D Mark III,434,100,72.0,114,44.70588235294118,42.082313661828
Canon,EOS 1D Mark III,434,100,72.0,115,45.09803921568628,42.103482876156
Canon,EOS 1D Mark III,434,100,72.0,116,45.490196078431374,42.124382209669
Canon,EOS 1D Mark III,434,100,72.0,117,45.88235294117647,42.145017025662
Canon,EOS 1D Mark III,434,100,72.0,118,46.27450980392157,42.165392540713
Canon,EOS 1D Mark III,434,100,72.0,119,46.666666666666664,42.185513829828
Canon,EOS 1D Mark III,434,100,72.0,120,47.05882352941176,42.205385831364
Canon,EOS 1D Mark III,434,100,72.0,121,47.45098039215686,42.225013351744
Canon,EOS 1D Mark III,434,100,72.0,122,47.84313725490196,42.244401069971
Canon,EOS 1D Mark III,434,100,72.0,123,48.23529411764706,42.263553541957
Canon,EOS 1D Mark III,434,100,72.0,124,48.627450980392155,42.282475204667
Canon,EOS 1D Mark III,434,100,72.0,125,49.01960784313725,42.301170380099
Canon,EOS 1D Mark III,434,100,72.0,126,49.411764705882355,42.319643279094
Canon,EOS 1D Mark III,434,100,72.0,127,49.80392156862745,42.337898004998
Canon,EOS 1D Mark III,434,100,72.0,128,50.19607843137255,42.355938557172
Canon,EOS 1D Mark III,434,100,72.0,129,50.588235294117645,42.373768834364
Canon,EOS 1D Mark III,434,100,72.0,130,50.98039215686274,42.391392637951
Canon,EOS 1D Mark III,434,100,72.0,131,51.37254901960784,42.408813675042
Canon,EOS 1D Mark III,434,100,72.0,132,51.76470588235295,42.426035561477
Canon,EOS 1D Mark III,434,100,72.0,133,52.156862745098046,42.443061824693
Canon,EOS 1D Mark III,434,100,72.0,134,52.54901960784314,42.45989590649
Canon,EOS 1D Mark III,434,100,72.0,135,52.94117647058824,42.47654116569
Canon,EOS 1D Mark III,434,100,72.0,136,53.333333333333336,42.493000880692
Canon,EOS 1D Mark III,434,100,72.0,137,53.72549019607843,42.509278251934
Canon,EOS 1D Mark III,434,100,72.0,138,54.11764705882353,42.52537640426
Canon,EOS 1D Mark III,434,100,72.0,139,54.509803921568626,42.541298389205
Canon,EOS 1D Mark III,434,100,72.0,140,54.90196078431373,42.557047187186
Canon,EOS 1D Mark III,434,100,72.0,141,55.294117647058826,42.572625709624
Canon,EOS 1D Mark III,434,100,72.0,142,55.68627450980392,42.588036800982
Canon,EOS 1D Mark III,434,100,72.0,143,56.07843137254902,42.603283240728
Canon,EOS 1D Mark III,434,100,72.0,144,56.470588235294116,42.618367745237
Canon,EOS 1D Mark III,434,100,72.0,145,56.86274509803921,42.633292969612
Canon,EOS 1D Mark III,434,100,72.0,146,57.25490196078431,42.648061509454
Canon,EOS 1D Mark III,434,100,72.0,147,57.647058823529406,42.662675902559
Canon,EOS 1D Mark III,434,100,72.0,148,58.03921568627452,42.677138630564
Canon,EOS 1D Mark III,434,100,72.0,149,58.43137254901961,42.691452120527
Canon,EOS 1D Mark III,434,100,72.0,150,58.82352941176471,42.705618746467
Canon,EOS 1D Mark III,434,100,72.0,151,59.21568627450981,42.71964083083
Canon,EOS 1D Mark III,434,100,72.0,152,59.6078431372549,42.733520645929
Canon,EOS 1D Mark III,434,100,72.0,153,60.0,42.747260415317
Canon,EOS 1D Mark III,434,100,72.0,154,60.3921568627451,42.760862315123
Canon,EOS 1D Mark III,434,100,72.0,155,60.78431372549019,42.774328475339
Canon,EOS 1D Mark III,434,100,72.0,156,61.1764705882353,42.787660981071
Canon,EOS 1D Mark III,434,100,72.0,157,61.568627450980394,42.80086187374
Canon,EOS 1D Mark III,434,100,72.0,158,61.96078431372549,42.813933152248
Canon,EOS 1D Mark III,434,100,72.0,159,62.35294117647059,42.826876774111
Canon,EOS 1D Mark III,434,100,72.0,160,62.745098039215684,42.839694656544
Canon,EOS 1D Mark III,434,100,72.0,161,63.13725490196078,42.852388677523
Canon,EOS 1D Mark III,434,100,72.0,162,63.52941176470588,42.864960676804
Canon,EOS 1D Mark III,434,100,72.0,163,63.921568627450974,42.877412456914
Canon,EOS 1D Mark III,434,100,72.0,164,64.31372549019608,42.889745784114
Canon,EOS 1D Mark III,434,100,72.0,165,64.70588235294117,42.90196238932
Canon,EOS 1D Mark III,434,100,72.0,166,65.09803921568627,42.91406396901
Canon,EOS 1D Mark III,434,100,72.0,167,65.49019607843137,42.926052186094
Canon,EOS 1D Mark III,434,100,72.0,168,65.88235294117646,42.937928670758
Canon,EOS 1D Mark III,434,100,72.0,169,66.27450980392156,42.949695021283
Canon,EOS 1D Mark III,434,100,72.0,170,66.66666666666666,42.961352804842
Canon,EOS 1D Mark III,434,100,72.0,171,67.05882352941175,42.972903558267
Canon,EOS 1D Mark III,434,100,72.0,172,67.45098039215686,42.984348788798
Canon,EOS 1D Mark III,434,100,72.0,173,67.84313725490196,42.995689974807
Canon,EOS 1D Mark III,434,100,72.0,174,68.23529411764706,43.006928566501
Canon,EOS 1D Mark III,434,100,72.0,175,68.62745098039215,43.018065986603
Canon,EOS 1D Mark III,434,100,72.0,176,69.01960784313725,43.029103631017
Canon,EOS 1D Mark III,434,100,72.0,177,69.41176470588235,43.040042869467
Canon,EOS 1D Mark III,434,100,72.0,178,69.80392156862744,43.050885046125
Canon,EOS 1D Mark III,434,100,72.0,179,70.19607843137254,43.061631480212
Canon,EOS 1D Mark III,434,100,72.0,180,70.58823529411765,43.072283466591
Canon,EOS 1D Mark III,434,100,72.0,181,70.98039215686275,43.082842276334
Canon,EOS 1D Mark III,434,100,72.0,182,71.37254901960785,43.093309157283
Canon,EOS 1D Mark III,434,100,72.0,183,71.76470588235294,43.103685334583
Canon,EOS 1D Mark III,434,100,72.0,184,72.15686274509804,43.113972011211
Canon,EOS 1D Mark III,434,100,72.0,185,72.54901960784314,43.124170368481
Canon,EOS 1D Mark III,434,100,72.0,186,72.94117647058823,43.134281566545
Canon,EOS 1D Mark III,434,100,72.0,187,73.33333333333333,43.144306744868
Canon,EOS 1D Mark III,434,100,72.0,188,73.72549019607844,43.154247022703
Canon,EOS 1D Mark III,434,100,72.0,189,74.11764705882354,43.16410349954
Canon,EOS 1D Mark III,434,100,72.0,190,74.50980392156863,43.173877255551
Canon,EOS 1D Mark III,434,100,72.0,191,74.90196078431373,43.183569352023
Canon,EOS 1D Mark III,434,100,72.0,192,75.29411764705883,43.193180831774
Canon,EOS 1D Mark III,434,100,72.0,193,75.68627450980392,43.202712719562
Canon,EOS 1D Mark III,434,100,72.0,194,76.07843137254902,43.212166022483
Canon,EOS 1D Mark III,434,100,72.0,195,76.47058823529412,43.221541730354
Canon,EOS 1D Mark III,434,100,72.0,196,76.86274509803923,43.230840816092
Canon,EOS 1D Mark III,434,100,72.0,197,77.25490196078432,43.240064236079
Canon,EOS 1D Mark III,434,100,72.0,198,77.64705882352942,43.249212930518
Canon,EOS 1D Mark III,434,100,72.0,199,78.03921568627452,43.25828782378
Canon,EOS 1D Mark III,434,100,72.0,200,78.43137254901961,43.267289824744
Canon,EOS 1D Mark III,434,100,72.0,201,78.82352941176471,43.276219827122
Canon,EOS 1D Mark III,434,100,72.0,202,79.2156862745098,43.285078709784
Canon,EOS 1D Mark III,434,100,72.0,203,79.6078431372549,43.29386733707
Canon,EOS 1D Mark III,434,100,72.0,204,80.0,43.302586559091
Canon,EOS 1D Mark III,434,100,72.0,205,80.3921568627451,43.311237212029
Canon,EOS 1D Mark III,434,100,72.0,206,80.7843137254902,43.319820118426
Canon,EOS 1D Mark III,434,100,72.0,207,81.17647058823529,43.328336087465
Canon,EOS 1D Mark III,434,100,72.0,208,81.56862745098039,43.336785915245
Canon,EOS 1D Mark III,434,100,72.0,209,81.96078431372548,43.345170385049
Canon,EOS 1D Mark III,434,100,72.0,210,82.35294117647058,43.353490267607
Canon,EOS 1D Mark III,434,100,72.0,211,82.74509803921568,43.361746321348
Canon,EOS 1D Mark III,434,100,72.0,212,83.13725490196079,43.369939292651
Canon,EOS 1D Mark III,434,100,72.0,213,83.52941176470588,43.378069916087
Canon,EOS 1D Mark III,434,100,72.0,214,83.92156862745098,43.386138914652
Canon,EOS 1D Mark III,434,100,72.0,215,84.31372549019608,43.394147000005
Canon,EOS 1D Mark III,434,100,72.0,216,84.70588235294117,43.402094872688
Canon,EOS 1D Mark III,434,100,72.0,217,85.09803921568627,43.409983222345
Canon,EOS 1D Mark III,434,100,72.0,218,85.49019607843137,43.417812727942
Canon,EOS 1D Mark III,434,100,72.0,219,85.88235294117646,43.425584057969
Canon,EOS 1D Mark III,434,100,72.0,220,86.27450980392157,43.433297870653
Canon,EOS 1D Mark III,434,100,72.0,221,86.66666666666667,43.44095481415
Canon,EOS 1D Mark III,434,100,72.0,222,87.05882352941177,43.448555526742
Canon,EOS 1D Mark III,434,100,72.0,223,87.45098039215686,43.456100637032
Canon,EOS 1D Mark III,434,100,72.0,224,87.84313725490196,43.463590764122
Canon,EOS 1D Mark III,434,100,72.0,225,88.23529411764706,43.471026517801
Canon,EOS 1D Mark III,434,100,72.0,226,88.62745098039215,43.478408498719
Canon,EOS 1D Mark III,434,100,72.0,227,89.01960784313725,43.485737298561
Canon,EOS 1D Mark III,434,100,72.0,228,89.41176470588236,43.493013500219
Canon,EOS 1D Mark III,434,100,72.0,229,89.80392156862746,43.50023767795
Canon,EOS 1D Mark III,434,100,72.0,230,90.19607843137256,43.507410397547
Canon,EOS 1D Mark III,434,100,72.0,231,90.58823529411765,43.514532216489
Canon,EOS 1D Mark III,434,100,72.0,232,90.98039215686275,43.5216036841
Canon,EOS 1D Mark III,434,100,72.0,233,91.37254901960785,43.528625341699
Canon,EOS 1D Mark III,434,100,72.0,234,91.76470588235294,43.535597722747
Canon,EOS 1D Mark III,434,100,72.0,235,92.15686274509804,43.54252135299
Canon,EOS 1D Mark III,434,100,72.0,236,92.54901960784314,43.549396750602
Canon,EOS 1D Mark III,434,100,72.0,237,92.94117647058823,43.556224426324
Canon,EOS 1D Mark III,434,100,72.0,238,93.33333333333333,43.563004883594
Canon,EOS 1D Mark III,434,100,72.0,239,93.72549019607843,43.569738618683
Canon,EOS 1D Mark III,434,100,72.0,240,94.11764705882352,43.576426120824
Canon,EOS 1D Mark III,434,100,72.0,241,94.50980392156862,43.583067872336
Canon,EOS 1D Mark III,434,100,72.0,242,94.90196078431372,43.589664348749
Canon,EOS 1D Mark III,434,100,72.0,243,95.29411764705881,43.596216018922
Canon,EOS 1D Mark III,434,100,72.0,244,95.68627450980392,43.602723345168
Canon,EOS 1D Mark III,434,100,72.0,245,96.07843137254902,43.60918678336
Canon,EOS 1D Mark III,434,100,72.0,246,96.47058823529412,43.615606783053
Canon,EOS 1D Mark III,434,100,72.0,247,96.86274509803921,43.621983787588
Canon,EOS 1D Mark III,434,100,72.0,248,97.25490196078431,43.628318234206
Canon,EOS 1D Mark III,434,100,72.0,249,97.6470588235294,43.63461055415
Canon,EOS 1D Mark III,434,100,72.0,250,98.0392156862745,43.64086117277
Canon,EOS 1D Mark III,434,100,72.0,251,98.4313725490196,43.647070509626
Canon,EOS 1D Mark III,434,100,72.0,252,98.82352941176471,43.653238978586
Canon,EOS 1D Mark III,434,100,72.0,253,99.2156862745098,43.659366987923
Canon,EOS 1D Mark III,434,100,72.0,254,99.6078431372549,43.665454940413
Canon,EOS 1D Mark III,434,100,72.0,255,100.0,43.671503233427
Canon,EOS 1D Mark III,434,200,144.0,0.17012343080668,0.06671507090458038,0
Canon,EOS 1D Mark III,434,200,144.0,0.184731040503,0.07244354529529412,0.30065252518638
Canon,EOS 1D Mark III,434,200,144.0,0.2,0.07843137254901962,5.9908826140828
Canon,EOS 1D Mark III,434,200,144.0,0.3008026580926,0.11796182670298037,9.2054539401975
Canon,EOS 1D Mark III,434,200,144.0,0.4,0.15686274509803924,11.417050840637
Canon,EOS 1D Mark III,434,200,144.0,0.60096648823754,0.23567313264217254,13.0856722118
Canon,EOS 1D Mark III,434,200,144.0,0.7,0.2745098039215686,15.514028461548
Canon,EOS 1D Mark III,434,200,144.0,1.2595506593418,0.493941435036,17.961220030063
Canon,EOS 1D Mark III,434,200,144.0,2,0.7843137254901961,22.319212478989
Canon,EOS 1D Mark III,434,200,144.0,3,1.1764705882352942,24.63296928312
Canon,EOS 1D Mark III,434,200,144.0,4,1.5686274509803921,26.180653160842
Canon,EOS 1D Mark III,434,200,144.0,5,1.9607843137254901,27.333271085722
Canon,EOS 1D Mark III,434,200,144.0,6,2.3529411764705883,28.246898179366
Canon,EOS 1D Mark III,434,200,144.0,7,2.7450980392156863,29.001159873412
Canon,EOS 1D Mark III,434,200,144.0,8,3.1372549019607843,29.641913007497
Canon,EOS 1D Mark III,434,200,144.0,9,3.5294117647058822,30.197877799082
Canon,EOS 1D Mark III,434,200,144.0,10,3.9215686274509802,30.688186599737
Canon,EOS 1D Mark III,434,200,144.0,11,4.313725490196078,31.126202731769
Canon,EOS 1D Mark III,434,200,144.0,12,4.705882352941177,31.521616793542
Canon,EOS 1D Mark III,434,200,144.0,13,5.098039215686274,31.881673337542
Canon,EOS 1D Mark III,434,200,144.0,14,5.490196078431373,32.211926583332
Canon,EOS 1D Mark III,434,200,144.0,15,5.88235294117647,32.516726141285
Canon,EOS 1D Mark III,434,200,144.0,20,7.8431372549019605,33.760241304204
Canon,EOS 1D Mark III,434,200,144.0,25,9.803921568627452,34.694044081063
Canon,EOS 1D Mark III,434,200,144.0,30,11.76470588235294,35.436319057007
Canon,EOS 1D Mark III,434,200,144.0,35,13.725490196078432,36.048622823974
Canon,EOS 1D Mark III,434,200,144.0,42,16.470588235294116,36.75362569479
Canon,EOS 1D Mark III,434,200,144.0,43,16.862745098039216,36.843025346092
Canon,EOS 1D Mark III,434,200,144.0,44,17.254901960784313,36.930007828174
Canon,EOS 1D Mark III,434,200,144.0,45,17.647058823529413,37.014686457497
Canon,EOS 1D Mark III,434,200,144.0,46,18.03921568627451,37.09716689451
Canon,EOS 1D Mark III,434,200,144.0,47,18.43137254901961,37.177547815936
Canon,EOS 1D Mark III,434,200,144.0,48,18.823529411764707,37.25592151493
Canon,EOS 1D Mark III,434,200,144.0,49,19.215686274509807,37.332374438206
Canon,EOS 1D Mark III,434,200,144.0,50,19.607843137254903,37.406987667889
Canon,EOS 1D Mark III,434,200,144.0,51,20.0,37.479837354789
Canon,EOS 1D Mark III,434,200,144.0,52,20.392156862745097,37.550995108853
Canon,EOS 1D Mark III,434,200,144.0,53,20.784313725490197,37.620528351763
Canon,EOS 1D Mark III,434,200,144.0,54,21.176470588235293,37.688500636004
Canon,EOS 1D Mark III,434,200,144.0,55,21.568627450980394,37.754971934155
Canon,EOS 1D Mark III,434,200,144.0,56,21.96078431372549,37.819998901669
Canon,EOS 1D Mark III,434,200,144.0,57,22.35294117647059,37.883635116005
Canon,EOS 1D Mark III,434,200,144.0,58,22.745098039215687,37.945931294627
Canon,EOS 1D Mark III,434,200,144.0,59,23.137254901960784,38.006935494054
Canon,EOS 1D Mark III,434,200,144.0,60,23.52941176470588,38.066693291918
Canon,EOS 1D Mark III,434,200,144.0,61,23.92156862745098,38.125247953734
Canon,EOS 1D Mark III,434,200,144.0,62,24.313725490196077,38.182640585894
Canon,EOS 1D Mark III,434,200,144.0,63,24.705882352941178,38.238910276233
Canon,EOS 1D Mark III,434,200,144.0,64,25.098039215686274,38.294094223353
Canon,EOS 1D Mark III,434,200,144.0,65,25.49019607843137,38.348227855769
Canon,EOS 1D Mark III,434,200,144.0,66,25.882352941176475,38.401344941825
Canon,EOS 1D Mark III,434,200,144.0,67,26.27450980392157,38.453477691216
Canon,EOS 1D Mark III,434,200,144.0,68,26.666666666666668,38.504656848886
Canon,EOS 1D Mark III,434,200,144.0,69,27.058823529411764,38.554911781962
Canon,EOS 1D Mark III,434,200,144.0,70,27.450980392156865,38.604270560357
Canon,EOS 1D Mark III,434,200,144.0,71,27.84313725490196,38.652760031558
Canon,EOS 1D Mark III,434,200,144.0,72,28.235294117647058,38.700405890123
Canon,EOS 1D Mark III,434,200,144.0,73,28.627450980392155,38.747232742311
Canon,EOS 1D Mark III,434,200,144.0,74,29.01960784313726,38.793264166254
Canon,EOS 1D Mark III,434,200,144.0,75,29.411764705882355,38.838522768039
Canon,EOS 1D Mark III,434,200,144.0,76,29.80392156862745,38.883030234021
Canon,EOS 1D Mark III,434,200,144.0,77,30.19607843137255,38.926807379671
Canon,EOS 1D Mark III,434,200,144.0,78,30.58823529411765,38.969874195231
Canon,EOS 1D Mark III,434,200,144.0,79,30.980392156862745,39.012249888424
Canon,EOS 1D Mark III,434,200,144.0,80,31.372549019607842,39.053952924438
Canon,EOS 1D Mark III,434,200,144.0,81,31.76470588235294,39.095001063398
Canon,EOS 1D Mark III,434,200,144.0,82,32.15686274509804,39.135411395506
Canon,EOS 1D Mark III,434,200,144.0,83,32.549019607843135,39.175200374024
Canon,EOS 1D Mark III,434,200,144.0,84,32.94117647058823,39.21438384626
Canon,EOS 1D Mark III,434,200,144.0,85,33.33333333333333,39.252977082696
Canon,EOS 1D Mark III,434,200,144.0,86,33.72549019607843,39.290994804382
Canon,EOS 1D Mark III,434,200,144.0,87,34.11764705882353,39.328451208745
Canon,EOS 1D Mark III,434,200,144.0,88,34.509803921568626,39.365359993885
Canon,EOS 1D Mark III,434,200,144.0,89,34.90196078431372,39.401734381497
Canon,EOS 1D Mark III,434,200,144.0,90,35.294117647058826,39.437587138485
Canon,EOS 1D Mark III,434,200,144.0,91,35.68627450980392,39.472930597374
Canon,EOS 1D Mark III,434,200,144.0,92,36.07843137254902,39.507776675592
Canon,EOS 1D Mark III,434,200,144.0,93,36.470588235294116,39.542136893696
Canon,EOS 1D Mark III,434,200,144.0,94,36.86274509803922,39.576022392609
Canon,EOS 1D Mark III,434,200,144.0,95,37.254901960784316,39.609443949941
Canon,EOS 1D Mark III,434,200,144.0,96,37.64705882352941,39.642411995436
Canon,EOS 1D Mark III,434,200,144.0,97,38.03921568627451,39.674936625619
Canon,EOS 1D Mark III,434,200,144.0,98,38.43137254901961,39.707027617675
Canon,EOS 1D Mark III,434,200,144.0,99,38.82352941176471,39.738694442618
Canon,EOS 1D Mark III,434,200,144.0,100,39.21568627450981,39.769946277792
Canon,EOS 1D Mark III,434,200,144.0,101,39.6078431372549,39.800792018741
Canon,EOS 1D Mark III,434,200,144.0,102,40.0,39.831240290488
Canon,EOS 1D Mark III,434,200,144.0,103,40.3921568627451,39.861299458255
Canon,EOS 1D Mark III,434,200,144.0,104,40.78431372549019,39.890977637665
Canon,EOS 1D Mark III,434,200,144.0,105,41.17647058823529,39.920282704443
Canon,EOS 1D Mark III,434,200,144.0,106,41.568627450980394,39.949222303658
Canon,EOS 1D Mark III,434,200,144.0,107,41.96078431372549,39.977803858522
Canon,EOS 1D Mark III,434,200,144.0,108,42.35294117647059,40.006034578777
Canon,EOS 1D Mark III,434,200,144.0,109,42.745098039215684,40.033921468691
Canon,EOS 1D Mark III,434,200,144.0,110,43.13725490196079,40.061471334682
Canon,EOS 1D Mark III,434,200,144.0,111,43.529411764705884,40.0886907926
Canon,EOS 1D Mark III,434,200,144.0,112,43.92156862745098,40.115586274671
Canon,EOS 1D Mark III,434,200,144.0,113,44.31372549019608,40.14216403613
Canon,EOS 1D Mark III,434,200,144.0,114,44.70588235294118,40.168430161567
Canon,EOS 1D Mark III,434,200,144.0,115,45.09803921568628,40.194390570977
Canon,EOS 1D Mark III,434,200,144.0,116,45.490196078431374,40.220051025564
Canon,EOS 1D Mark III,434,200,144.0,117,45.88235294117647,40.245417133276
Canon,EOS 1D Mark III,434,200,144.0,118,46.27450980392157,40.270494354113
Canon,EOS 1D Mark III,434,200,144.0,119,46.666666666666664,40.295288005203
Canon,EOS 1D Mark III,434,200,144.0,120,47.05882352941176,40.319803265666
Canon,EOS 1D Mark III,434,200,144.0,121,47.45098039215686,40.344045181271
Canon,EOS 1D Mark III,434,200,144.0,122,47.84313725490196,40.368018668904
Canon,EOS 1D Mark III,434,200,144.0,123,48.23529411764706,40.391728520844
Canon,EOS 1D Mark III,434,200,144.0,124,48.627450980392155,40.415179408873
Canon,EOS 1D Mark III,434,200,144.0,125,49.01960784313725,40.438375888212
Canon,EOS 1D Mark III,434,200,144.0,126,49.411764705882355,40.461322401301
Canon,EOS 1D Mark III,434,200,144.0,127,49.80392156862745,40.484023281426
Canon,EOS 1D Mark III,434,200,144.0,128,50.19607843137255,40.50648275621
Canon,EOS 1D Mark III,434,200,144.0,129,50.588235294117645,40.528704950954
Canon,EOS 1D Mark III,434,200,144.0,130,50.98039215686274,40.550693891855
Canon,EOS 1D Mark III,434,200,144.0,131,51.37254901960784,40.572453509102
Canon,EOS 1D Mark III,434,200,144.0,132,51.76470588235295,40.593987639847
Canon,EOS 1D Mark III,434,200,144.0,133,52.156862745098046,40.615300031063
Canon,EOS 1D Mark III,434,200,144.0,134,52.54901960784314,40.6363943423
Canon,EOS 1D Mark III,434,200,144.0,135,52.94117647058824,40.657274148327
Canon,EOS 1D Mark III,434,200,144.0,136,53.333333333333336,40.677942941688
Canon,EOS 1D Mark III,434,200,144.0,137,53.72549019607843,40.698404135151
Canon,EOS 1D Mark III,434,200,144.0,138,54.11764705882353,40.718661064075
Canon,EOS 1D Mark III,434,200,144.0,139,54.509803921568626,40.73871698869
Canon,EOS 1D Mark III,434,200,144.0,140,54.90196078431373,40.758575096288
Canon,EOS 1D Mark III,434,200,144.0,141,55.294117647058826,40.778238503341
Canon,EOS 1D Mark III,434,200,144.0,142,55.68627450980392,40.797710257546
Canon,EOS 1D Mark III,434,200,144.0,143,56.07843137254902,40.816993339786
Canon,EOS 1D Mark III,434,200,144.0,144,56.470588235294116,40.836090666034
Canon,EOS 1D Mark III,434,200,144.0,145,56.86274509803921,40.855005089186
Canon,EOS 1D Mark III,434,200,144.0,146,57.25490196078431,40.873739400825
Canon,EOS 1D Mark III,434,200,144.0,147,57.647058823529406,40.892296332933
Canon,EOS 1D Mark III,434,200,144.0,148,58.03921568627452,40.910678559538
Canon,EOS 1D Mark III,434,200,144.0,149,58.43137254901961,40.928888698307
Canon,EOS 1D Mark III,434,200,144.0,150,58.82352941176471,40.946929312085
Canon,EOS 1D Mark III,434,200,144.0,151,59.21568627450981,40.964802910384
Canon,EOS 1D Mark III,434,200,144.0,152,59.6078431372549,40.982511950817
Canon,EOS 1D Mark III,434,200,144.0,153,60.0,41.000058840491
Canon,EOS 1D Mark III,434,200,144.0,154,60.3921568627451,41.017445937348
Canon,EOS 1D Mark III,434,200,144.0,155,60.78431372549019,41.034675551468
Canon,EOS 1D Mark III,434,200,144.0,156,61.1764705882353,41.051749946325
Canon,EOS 1D Mark III,434,200,144.0,157,61.568627450980394,41.068671340003
Canon,EOS 1D Mark III,434,200,144.0,158,61.96078431372549,41.085441906376
Canon,EOS 1D Mark III,434,200,144.0,159,62.35294117647059,41.102063776247
Canon,EOS 1D Mark III,434,200,144.0,160,62.745098039215684,41.118539038451
Canon,EOS 1D Mark III,434,200,144.0,161,63.13725490196078,41.134869740926
Canon,EOS 1D Mark III,434,200,144.0,162,63.52941176470588,41.151057891748
Canon,EOS 1D Mark III,434,200,144.0,163,63.921568627450974,41.167105460133
Canon,EOS 1D Mark III,434,200,144.0,164,64.31372549019608,41.183014377413
Canon,EOS 1D Mark III,434,200,144.0,165,64.70588235294117,41.198786537973
Canon,EOS 1D Mark III,434,200,144.0,166,65.09803921568627,41.214423800169
Canon,EOS 1D Mark III,434,200,144.0,167,65.49019607843137,41.229927987212
Canon,EOS 1D Mark III,434,200,144.0,168,65.88235294117646,41.245300888026
Canon,EOS 1D Mark III,434,200,144.0,169,66.27450980392156,41.260544258083
Canon,EOS 1D Mark III,434,200,144.0,170,66.66666666666666,41.27565982021
Canon,EOS 1D Mark III,434,200,144.0,171,67.05882352941175,41.290649265373
Canon,EOS 1D Mark III,434,200,144.0,172,67.45098039215686,41.30551425344
Canon,EOS 1D Mark III,434,200,144.0,173,67.84313725490196,41.320256413917
Canon,EOS 1D Mark III,434,200,144.0,174,68.23529411764706,41.334877346665
Canon,EOS 1D Mark III,434,200,144.0,175,68.62745098039215,41.349378622599
Canon,EOS 1D Mark III,434,200,144.0,176,69.01960784313725,41.363761784362
Canon,EOS 1D Mark III,434,200,144.0,177,69.41176470588235,41.378028346984
Canon,EOS 1D Mark III,434,200,144.0,178,69.80392156862744,41.392179798516
Canon,EOS 1D Mark III,434,200,144.0,179,70.19607843137254,41.406217600652
Canon,EOS 1D Mark III,434,200,144.0,180,70.58823529411765,41.420143189334
Canon,EOS 1D Mark III,434,200,144.0,181,70.98039215686275,41.433957975332
Canon,EOS 1D Mark III,434,200,144.0,182,71.37254901960785,41.447663344817
Canon,EOS 1D Mark III,434,200,144.0,183,71.76470588235294,41.461260659914
Canon,EOS 1D Mark III,434,200,144.0,184,72.15686274509804,41.474751259238
Canon,EOS 1D Mark III,434,200,144.0,185,72.54901960784314,41.488136458418
Canon,EOS 1D Mark III,434,200,144.0,186,72.94117647058823,41.501417550608
Canon,EOS 1D Mark III,434,200,144.0,187,73.33333333333333,41.514595806977
Canon,EOS 1D Mark III,434,200,144.0,188,73.72549019607844,41.527672477197
Canon,EOS 1D Mark III,434,200,144.0,189,74.11764705882354,41.540648789905
Canon,EOS 1D Mark III,434,200,144.0,190,74.50980392156863,41.553525953166
Canon,EOS 1D Mark III,434,200,144.0,191,74.90196078431373,41.566305154911
Canon,EOS 1D Mark III,434,200,144.0,192,75.29411764705883,41.578987563373
Canon,EOS 1D Mark III,434,200,144.0,193,75.68627450980392,41.591574327504
Canon,EOS 1D Mark III,434,200,144.0,194,76.07843137254902,41.60406657739
Canon,EOS 1D Mark III,434,200,144.0,195,76.47058823529412,41.616465424646
Canon,EOS 1D Mark III,434,200,144.0,196,76.86274509803923,41.628771962804
Canon,EOS 1D Mark III,434,200,144.0,197,77.25490196078432,41.640987267697
Canon,EOS 1D Mark III,434,200,144.0,198,77.64705882352942,41.653112397823
Canon,EOS 1D Mark III,434,200,144.0,199,78.03921568627452,41.665148394703
Canon,EOS 1D Mark III,434,200,144.0,200,78.43137254901961,41.677096283239
Canon,EOS 1D Mark III,434,200,144.0,201,78.82352941176471,41.688957072047
Canon,EOS 1D Mark III,434,200,144.0,202,79.2156862745098,41.700731753794
Canon,EOS 1D Mark III,434,200,144.0,203,79.6078431372549,41.712421305524
Canon,EOS 1D Mark III,434,200,144.0,204,80.0,41.72402668897
Canon,EOS 1D Mark III,434,200,144.0,205,80.3921568627451,41.735548850865
Canon,EOS 1D Mark III,434,200,144.0,206,80.7843137254902,41.746988723244
Canon,EOS 1D Mark III,434,200,144.0,207,81.17647058823529,41.758347223734
Canon,EOS 1D Mark III,434,200,144.0,208,81.56862745098039,41.769625255846
Canon,EOS 1D Mark III,434,200,144.0,209,81.96078431372548,41.780823709246
Canon,EOS 1D Mark III,434,200,144.0,210,82.35294117647058,41.791943460035
Canon,EOS 1D Mark III,434,200,144.0,211,82.74509803921568,41.802985371013
Canon,EOS 1D Mark III,434,200,144.0,212,83.13725490196079,41.813950291936
Canon,EOS 1D Mark III,434,200,144.0,213,83.52941176470588,41.824839059772
Canon,EOS 1D Mark III,434,200,144.0,214,83.92156862745098,41.835652498946
Canon,EOS 1D Mark III,434,200,144.0,215,84.31372549019608,41.846391421584
Canon,EOS 1D Mark III,434,200,144.0,216,84.70588235294117,41.857056627748
Canon,EOS 1D Mark III,434,200,144.0,217,85.09803921568627,41.867648905664
Canon,EOS 1D Mark III,434,200,144.0,218,85.49019607843137,41.87816903195
Canon,EOS 1D Mark III,434,200,144.0,219,85.88235294117646,41.888617771833
Canon,EOS 1D Mark III,434,200,144.0,220,86.27450980392157,41.898995879367
Canon,EOS 1D Mark III,434,200,144.0,221,86.66666666666667,41.909304097636
Canon,EOS 1D Mark III,434,200,144.0,222,87.05882352941177,41.919543158966
Canon,EOS 1D Mark III,434,200,144.0,223,87.45098039215686,41.929713785121
Canon,EOS 1D Mark III,434,200,144.0,224,87.84313725490196,41.939816687498
Canon,EOS 1D Mark III,434,200,144.0,225,88.23529411764706,41.949852567323
Canon,EOS 1D Mark III,434,200,144.0,226,88.62745098039215,41.959822115829
Canon,EOS 1D Mark III,434,200,144.0,227,89.01960784313725,41.969726014447
Canon,EOS 1D Mark III,434,200,144.0,228,89.41176470588236,41.979564934981
Canon,EOS 1D Mark III,434,200,144.0,229,89.80392156862746,41.98933953978
Canon,EOS 1D Mark III,434,200,144.0,230,90.19607843137256,41.999050481914
Canon,EOS 1D Mark III,434,200,144.0,231,90.58823529411765,42.008698405335
Canon,EOS 1D Mark III,434,200,144.0,232,90.98039215686275,42.018283945046
Canon,EOS 1D Mark III,434,200,144.0,233,91.37254901960785,42.027807727255
Canon,EOS 1D Mark III,434,200,144.0,234,91.76470588235294,42.037270369535
Canon,EOS 1D Mark III,434,200,144.0,235,92.15686274509804,42.046672480975
Canon,EOS 1D Mark III,434,200,144.0,236,92.54901960784314,42.056014662329
Canon,EOS 1D Mark III,434,200,144.0,237,92.94117647058823,42.065297506163
Canon,EOS 1D Mark III,434,200,144.0,238,93.33333333333333,42.074521597
Canon,EOS 1D Mark III,434,200,144.0,239,93.72549019607843,42.083687511454
Canon,EOS 1D Mark III,434,200,144.0,240,94.11764705882352,42.092795818373
Canon,EOS 1D Mark III,434,200,144.0,241,94.50980392156862,42.101847078972
Canon,EOS 1D Mark III,434,200,144.0,242,94.90196078431372,42.110841846961
Canon,EOS 1D Mark III,434,200,144.0,243,95.29411764705881,42.119780668676
Canon,EOS 1D Mark III,434,200,144.0,244,95.68627450980392,42.128664083204
Canon,EOS 1D Mark III,434,200,144.0,245,96.07843137254902,42.137492622509
Canon,EOS 1D Mark III,434,200,144.0,246,96.47058823529412,42.146266811546
Canon,EOS 1D Mark III,434,200,144.0,247,96.86274509803921,42.154987168387
Canon,EOS 1D Mark III,434,200,144.0,248,97.25490196078431,42.16365420433
Canon,EOS 1D Mark III,434,200,144.0,249,97.6470588235294,42.172268424017
Canon,EOS 1D Mark III,434,200,144.0,250,98.0392156862745,42.180830325542
Canon,EOS 1D Mark III,434,200,144.0,251,98.4313725490196,42.189340400561
Canon,EOS 1D Mark III,434,200,144.0,252,98.82352941176471,42.197799134399
Canon,EOS 1D Mark III,434,200,144.0,253,99.2156862745098,42.206207006153
Canon,EOS 1D Mark III,434,200,144.0,254,99.6078431372549,42.214564488794
Canon,EOS 1D Mark III,434,200,144.0,255,100.0,42.22287204927
Canon,EOS 1D Mark III,434,400,278.0,0.18061468338195,0.0708292876007647,0
Canon,EOS 1D Mark III,434,400,278.0,0.2,0.07843137254901962,4.194990475055
Canon,EOS 1D Mark III,434,400,278.0,0.3008026580926,0.11796182670298037,7.3291135839142
Canon,EOS 1D Mark III,434,400,278.0,0.4,0.15686274509803924,9.4718144916476
Canon,EOS 1D Mark III,434,400,278.0,0.60096648823754,0.23567313264217254,11.0807839058
Canon,EOS 1D Mark III,434,400,278.0,0.7,0.2745098039215686,13.411055334098
Canon,EOS 1D Mark III,434,400,278.0,1.2595506593418,0.493941435036,15.748293198149
Canon,EOS 1D Mark III,434,400,278.0,2,0.7843137254901961,19.901267227831
Canon,EOS 1D Mark III,434,400,278.0,3,1.1764705882352942,22.115958919916
Canon,EOS 1D Mark III,434,400,278.0,4,1.5686274509803921,23.60710369575
Canon,EOS 1D Mark III,434,400,278.0,5,1.9607843137254901,24.724478118941
Canon,EOS 1D Mark III,434,400,278.0,6,2.3529411764705883,25.615032618795
Canon,EOS 1D Mark III,434,400,278.0,7,2.7450980392156863,26.353821022116
Canon,EOS 1D Mark III,434,400,278.0,8,3.1372549019607843,26.984156608094
Canon,EOS 1D Mark III,434,400,278.0,9,3.5294117647058822,27.533231771331
Canon,EOS 1D Mark III,434,400,278.0,10,3.9215686274509802,28.019205821492
Canon,EOS 1D Mark III,434,400,278.0,11,4.313725490196078,28.454793012457
Canon,EOS 1D Mark III,434,400,278.0,12,4.705882352941177,28.849234420872
Canon,EOS 1D Mark III,434,400,278.0,13,5.098039215686274,29.209453453423
Canon,EOS 1D Mark III,434,400,278.0,14,5.490196078431373,29.540768821758
Canon,EOS 1D Mark III,434,400,278.0,15,5.88235294117647,29.847353535826
Canon,EOS 1D Mark III,434,400,278.0,20,7.8431372549019605,31.106816801883
Canon,EOS 1D Mark III,434,400,278.0,25,9.803921568627452,32.0628928549
Canon,EOS 1D Mark III,434,400,278.0,30,11.76470588235294,32.8302388156
Canon,EOS 1D Mark III,434,400,278.0,35,13.725490196078432,33.468866645858
Canon,EOS 1D Mark III,434,400,278.0,42,16.470588235294116,34.211430496618
Canon,EOS 1D Mark III,434,400,278.0,43,16.862745098039216,34.306205308692
Canon,EOS 1D Mark III,434,400,278.0,44,17.254901960784313,34.398558618589
Canon,EOS 1D Mark III,434,400,278.0,45,17.647058823529413,34.488602063981
Canon,EOS 1D Mark III,434,400,278.0,46,18.03921568627451,34.576439791579
Canon,EOS 1D Mark III,434,400,278.0,47,18.43137254901961,34.662169111916
Canon,EOS 1D Mark III,434,400,278.0,48,18.823529411764707,34.745881084148
Canon,EOS 1D Mark III,434,400,278.0,49,19.215686274509807,34.827661039668
Canon,EOS 1D Mark III,434,400,278.0,50,19.607843137254903,34.907589052044
Canon,EOS 1D Mark III,434,400,278.0,51,20.0,34.985740359761
Canon,EOS 1D Mark III,434,400,278.0,52,20.392156862745097,35.062185747323
Canon,EOS 1D Mark III,434,400,278.0,53,20.784313725490197,35.136991889565
Canon,EOS 1D Mark III,434,400,278.0,54,21.176470588235293,35.210221663323
Canon,EOS 1D Mark III,434,400,278.0,55,21.568627450980394,35.281934430139
Canon,EOS 1D Mark III,434,400,278.0,56,21.96078431372549,35.352186293141
Canon,EOS 1D Mark III,434,400,278.0,57,22.35294117647059,35.421030330901
Canon,EOS 1D Mark III,434,400,278.0,58,22.745098039215687,35.488516810681
Canon,EOS 1D Mark III,434,400,278.0,59,23.137254901960784,35.55469338323
Canon,EOS 1D Mark III,434,400,278.0,60,23.52941176470588,35.619605260999
Canon,EOS 1D Mark III,434,400,278.0,61,23.92156862745098,35.683295381443
Canon,EOS 1D Mark III,434,400,278.0,62,24.313725490196077,35.745804556883
Canon,EOS 1D Mark III,434,400,278.0,63,24.705882352941178,35.807171612238
Canon,EOS 1D Mark III,434,400,278.0,64,25.098039215686274,35.867433511777
Canon,EOS 1D Mark III,434,400,278.0,65,25.49019607843137,35.926625475931
Canon,EOS 1D Mark III,434,400,278.0,66,25.882352941176475,35.984781089085
Canon,EOS 1D Mark III,434,400,278.0,67,26.27450980392157,36.041932399167
Canon,EOS 1D Mark III,434,400,278.0,68,26.666666666666668,36.098110009788
Canon,EOS 1D Mark III,434,400,278.0,69,27.058823529411764,36.153343165562
Canon,EOS 1D Mark III,434,400,278.0,70,27.450980392156865,36.207659831242
Canon,EOS 1D Mark III,434,400,278.0,71,27.84313725490196,36.261086765163
Canon,EOS 1D Mark III,434,400,278.0,72,28.235294117647058,36.313649587504
Canon,EOS 1D Mark III,434,400,278.0,73,28.627450980392155,36.36537284379
Canon,EOS 1D Mark III,434,400,278.0,74,29.01960784313726,36.416280064024
Canon,EOS 1D Mark III,434,400,278.0,75,29.411764705882355,36.46639381782
Canon,EOS 1D Mark III,434,400,278.0,76,29.80392156862745,36.51573576583
Canon,EOS 1D Mark III,434,400,278.0,77,30.19607843137255,36.564326707793
Canon,EOS 1D Mark III,434,400,278.0,78,30.58823529411765,36.612186627441
Canon,EOS 1D Mark III,434,400,278.0,79,30.980392156862745,36.659334734518
Canon,EOS 1D Mark III,434,400,278.0,80,31.372549019607842,36.705789504139
Canon,EOS 1D Mark III,434,400,278.0,81,31.76470588235294,36.751568713666
Canon,EOS 1D Mark III,434,400,278.0,82,32.15686274509804,36.79668947731
Canon,EOS 1D Mark III,434,400,278.0,83,32.549019607843135,36.841168278616
Canon,EOS 1D Mark III,434,400,278.0,84,32.94117647058823,36.885021000976
Canon,EOS 1D Mark III,434,400,278.0,85,33.33333333333333,36.928262956329
Canon,EOS 1D Mark III,434,400,278.0,86,33.72549019607843,36.970908912161
Canon,EOS 1D Mark III,434,400,278.0,87,34.11764705882353,37.012973116933
Canon,EOS 1D Mark III,434,400,278.0,88,34.509803921568626,37.054469324039
Canon,EOS 1D Mark III,434,400,278.0,89,34.90196078431372,37.095410814406
Canon,EOS 1D Mark III,434,400,278.0,90,35.294117647058826,37.135810417808
Canon,EOS 1D Mark III,434,400,278.0,91,35.68627450980392,37.175680533005
Canon,EOS 1D Mark III,434,400,278.0,92,36.07843137254902,37.215033146762
Canon,EOS 1D Mark III,434,400,278.0,93,36.470588235294116,37.253879851837
Canon,EOS 1D Mark III,434,400,278.0,94,36.86274509803922,37.292231863995
Canon,EOS 1D Mark III,434,400,278.0,95,37.254901960784316,37.330100038115
Canon,EOS 1D Mark III,434,400,278.0,96,37.64705882352941,37.36749488345
Canon,EOS 1D Mark III,434,400,278.0,97,38.03921568627451,37.404426578084
Canon,EOS 1D Mark III,434,400,278.0,98,38.43137254901961,37.440904982645
Canon,EOS 1D Mark III,434,400,278.0,99,38.82352941176471,37.476939653315
Canon,EOS 1D Mark III,434,400,278.0,100,39.21568627450981,37.512539854184
Canon,EOS 1D Mark III,434,400,278.0,101,39.6078431372549,37.547714568976
Canon,EOS 1D Mark III,434,400,278.0,102,40.0,37.582472512205
Canon,EOS 1D Mark III,434,400,278.0,103,40.3921568627451,37.61682213977
Canon,EOS 1D Mark III,434,400,278.0,104,40.78431372549019,37.650771659044
Canon,EOS 1D Mark III,434,400,278.0,105,41.17647058823529,37.684329038469
Canon,EOS 1D Mark III,434,400,278.0,106,41.568627450980394,37.717502016698
Canon,EOS 1D Mark III,434,400,278.0,107,41.96078431372549,37.750298111303
Canon,EOS 1D Mark III,434,400,278.0,108,42.35294117647059,37.782724627072
Canon,EOS 1D Mark III,434,400,278.0,109,42.745098039215684,37.814788663924
Canon,EOS 1D Mark III,434,400,278.0,110,43.13725490196079,37.84649712446
Canon,EOS 1D Mark III,434,400,278.0,111,43.529411764705884,37.877856721168
Canon,EOS 1D Mark III,434,400,278.0,112,43.92156862745098,37.908873983301
Canon,EOS 1D Mark III,434,400,278.0,113,44.31372549019608,37.939555263452
Canon,EOS 1D Mark III,434,400,278.0,114,44.70588235294118,37.969906743834
Canon,EOS 1D Mark III,434,400,278.0,115,45.09803921568628,37.99993444228
Canon,EOS 1D Mark III,434,400,278.0,116,45.490196078431374,38.029644217992
Canon,EOS 1D Mark III,434,400,278.0,117,45.88235294117647,38.059041777028
Canon,EOS 1D Mark III,434,400,278.0,118,46.27450980392157,38.088132677567
Canon,EOS 1D Mark III,434,400,278.0,119,46.666666666666664,38.116922334938
Canon,EOS 1D Mark III,434,400,278.0,120,47.05882352941176,38.145416026448
Canon,EOS 1D Mark III,434,400,278.0,121,47.45098039215686,38.173618896
Canon,EOS 1D Mark III,434,400,278.0,122,47.84313725490196,38.201535958524
Canon,EOS 1D Mark III,434,400,278.0,123,48.23529411764706,38.229172104224
Canon,EOS 1D Mark III,434,400,278.0,124,48.627450980392155,38.256532102654
Canon,EOS 1D Mark III,434,400,278.0,125,49.01960784313725,38.283620606627
Canon,EOS 1D Mark III,434,400,278.0,126,49.411764705882355,38.310442155966
Canon,EOS 1D Mark III,434,400,278.0,127,49.80392156862745,38.337001181111
Canon,EOS 1D Mark III,434,400,278.0,128,50.19607843137255,38.363302006578
Canon,EOS 1D Mark III,434,400,278.0,129,50.588235294117645,38.389348854286
Canon,EOS 1D Mark III,434,400,278.0,130,50.98039215686274,38.41514584675
Canon,EOS 1D Mark III,434,400,278.0,131,51.37254901960784,38.44069701016
Canon,EOS 1D Mark III,434,400,278.0,132,51.76470588235295,38.466006277331
Canon,EOS 1D Mark III,434,400,278.0,133,52.156862745098046,38.491077490549
Canon,EOS 1D Mark III,434,400,278.0,134,52.54901960784314,38.515914404305
Canon,EOS 1D Mark III,434,400,278.0,135,52.94117647058824,38.540520687931
Canon,EOS 1D Mark III,434,400,278.0,136,53.333333333333336,38.564899928136
Canon,EOS 1D Mark III,434,400,278.0,137,53.72549019607843,38.589055631444
Canon,EOS 1D Mark III,434,400,278.0,138,54.11764705882353,38.61299122655
Canon,EOS 1D Mark III,434,400,278.0,139,54.509803921568626,38.63671006659
Canon,EOS 1D Mark III,434,400,278.0,140,54.90196078431373,38.660215431321
Canon,EOS 1D Mark III,434,400,278.0,141,55.294117647058826,38.68351052923
Canon,EOS 1D Mark III,434,400,278.0,142,55.68627450980392,38.706598499571
Canon,EOS 1D Mark III,434,400,278.0,143,56.07843137254902,38.729482414319
Canon,EOS 1D Mark III,434,400,278.0,144,56.470588235294116,38.752165280064
Canon,EOS 1D Mark III,434,400,278.0,145,56.86274509803921,38.77465003984
Canon,EOS 1D Mark III,434,400,278.0,146,57.25490196078431,38.796939574883
Canon,EOS 1D Mark III,434,400,278.0,147,57.647058823529406,38.819036706338
Canon,EOS 1D Mark III,434,400,278.0,148,58.03921568627452,38.840944196898
Canon,EOS 1D Mark III,434,400,278.0,149,58.43137254901961,38.862664752396
Canon,EOS 1D Mark III,434,400,278.0,150,58.82352941176471,38.884201023342
Canon,EOS 1D Mark III,434,400,278.0,151,59.21568627450981,38.905555606398
Canon,EOS 1D Mark III,434,400,278.0,152,59.6078431372549,38.926731045824
Canon,EOS 1D Mark III,434,400,278.0,153,60.0,38.947729834855
Canon,EOS 1D Mark III,434,400,278.0,154,60.3921568627451,38.968554417049
Canon,EOS 1D Mark III,434,400,278.0,155,60.78431372549019,38.989207187582
Canon,EOS 1D Mark III,434,400,278.0,156,61.1764705882353,39.009690494504
Canon,EOS 1D Mark III,434,400,278.0,157,61.568627450980394,39.030006639957
Canon,EOS 1D Mark III,434,400,278.0,158,61.96078431372549,39.050157881347
Canon,EOS 1D Mark III,434,400,278.0,159,62.35294117647059,39.070146432489
Canon,EOS 1D Mark III,434,400,278.0,160,62.745098039215684,39.089974464705
Canon,EOS 1D Mark III,434,400,278.0,161,63.13725490196078,39.109644107898
Canon,EOS 1D Mark III,434,400,278.0,162,63.52941176470588,39.129157451582
Canon,EOS 1D Mark III,434,400,278.0,163,63.921568627450974,39.148516545891
Canon,EOS 1D Mark III,434,400,278.0,164,64.31372549019608,39.167723402547
Canon,EOS 1D Mark III,434,400,278.0,165,64.70588235294117,39.186779995806
Canon,EOS 1D Mark III,434,400,278.0,166,65.09803921568627,39.205688263369
Canon,EOS 1D Mark III,434,400,278.0,167,65.49019607843137,39.224450107273
Canon,EOS 1D Mark III,434,400,278.0,168,65.88235294117646,39.243067394747
Canon,EOS 1D Mark III,434,400,278.0,169,66.27450980392156,39.261541959047
Canon,EOS 1D Mark III,434,400,278.0,170,66.66666666666666,39.279875600268
Canon,EOS 1D Mark III,434,400,278.0,171,67.05882352941175,39.298070086125
Canon,EOS 1D Mark III,434,400,278.0,172,67.45098039215686,39.316127152721
Canon,EOS 1D Mark III,434,400,278.0,173,67.84313725490196,39.334048505283
Canon,EOS 1D Mark III,434,400,278.0,174,68.23529411764706,39.351835818883
Canon,EOS 1D Mark III,434,400,278.0,175,68.62745098039215,39.369490739134
Canon,EOS 1D Mark III,434,400,278.0,176,69.01960784313725,39.387014882872
Canon,EOS 1D Mark III,434,400,278.0,177,69.41176470588235,39.40440983881
Canon,EOS 1D Mark III,434,400,278.0,178,69.80392156862744,39.421677168182
Canon,EOS 1D Mark III,434,400,278.0,179,70.19607843137254,39.438818405363
Canon,EOS 1D Mark III,434,400,278.0,180,70.58823529411765,39.455835058474
Canon,EOS 1D Mark III,434,400,278.0,181,70.98039215686275,39.472728609971
Canon,EOS 1D Mark III,434,400,278.0,182,71.37254901960785,39.489500517214
Canon,EOS 1D Mark III,434,400,278.0,183,71.76470588235294,39.506152213024
Canon,EOS 1D Mark III,434,400,278.0,184,72.15686274509804,39.522685106224
Canon,EOS 1D Mark III,434,400,278.0,185,72.54901960784314,39.539100582166
Canon,EOS 1D Mark III,434,400,278.0,186,72.94117647058823,39.555400003237
Canon,EOS 1D Mark III,434,400,278.0,187,73.33333333333333,39.571584709365
Canon,EOS 1D Mark III,434,400,278.0,188,73.72549019607844,39.587656018495
Canon,EOS 1D Mark III,434,400,278.0,189,74.11764705882354,39.603615227067
Canon,EOS 1D Mark III,434,400,278.0,190,74.50980392156863,39.61946361047
Canon,EOS 1D Mark III,434,400,278.0,191,74.90196078431373,39.635202423491
Canon,EOS 1D Mark III,434,400,278.0,192,75.29411764705883,39.650832900753
Canon,EOS 1D Mark III,434,400,278.0,193,75.68627450980392,39.666356257131
Canon,EOS 1D Mark III,434,400,278.0,194,76.07843137254902,39.681773688172
Canon,EOS 1D Mark III,434,400,278.0,195,76.47058823529412,39.697086370494
Canon,EOS 1D Mark III,434,400,278.0,196,76.86274509803923,39.712295462177
Canon,EOS 1D Mark III,434,400,278.0,197,77.25490196078432,39.727402103145
Canon,EOS 1D Mark III,434,400,278.0,198,77.64705882352942,39.74240741554
Canon,EOS 1D Mark III,434,400,278.0,199,78.03921568627452,39.75731250408
Canon,EOS 1D Mark III,434,400,278.0,200,78.43137254901961,39.772118456418
Canon,EOS 1D Mark III,434,400,278.0,201,78.82352941176471,39.786826343481
Canon,EOS 1D Mark III,434,400,278.0,202,79.2156862745098,39.801437219808
Canon,EOS 1D Mark III,434,400,278.0,203,79.6078431372549,39.81595212388
Canon,EOS 1D Mark III,434,400,278.0,204,80.0,39.830372078435
Canon,EOS 1D Mark III,434,400,278.0,205,80.3921568627451,39.844698090783
Canon,EOS 1D Mark III,434,400,278.0,206,80.7843137254902,39.858931153106
Canon,EOS 1D Mark III,434,400,278.0,207,81.17647058823529,39.873072242761
Canon,EOS 1D Mark III,434,400,278.0,208,81.56862745098039,39.88712232256
Canon,EOS 1D Mark III,434,400,278.0,209,81.96078431372548,39.901082341063
Canon,EOS 1D Mark III,434,400,278.0,210,82.35294117647058,39.914953232844
Canon,EOS 1D Mark III,434,400,278.0,211,82.74509803921568,39.928735918766
Canon,EOS 1D Mark III,434,400,278.0,212,83.13725490196079,39.942431306241
Canon,EOS 1D Mark III,434,400,278.0,213,83.52941176470588,39.956040289486
Canon,EOS 1D Mark III,434,400,278.0,214,83.92156862745098,39.969563749777
Canon,EOS 1D Mark III,434,400,278.0,215,84.31372549019608,39.983002555687
Canon,EOS 1D Mark III,434,400,278.0,216,84.70588235294117,39.996357563331
Canon,EOS 1D Mark III,434,400,278.0,217,85.09803921568627,40.009629616595
Canon,EOS 1D Mark III,434,400,278.0,218,85.49019607843137,40.022819547364
Canon,EOS 1D Mark III,434,400,278.0,219,85.88235294117646,40.035928175748
Canon,EOS 1D Mark III,434,400,278.0,220,86.27450980392157,40.048956310297
Canon,EOS 1D Mark III,434,400,278.0,221,86.66666666666667,40.061904748211
Canon,EOS 1D Mark III,434,400,278.0,222,87.05882352941177,40.074774275553
Canon,EOS 1D Mark III,434,400,278.0,223,87.45098039215686,40.087565667446
Canon,EOS 1D Mark III,434,400,278.0,224,87.84313725490196,40.100279688278
Canon,EOS 1D Mark III,434,400,278.0,225,88.23529411764706,40.112917091888
Canon,EOS 1D Mark III,434,400,278.0,226,88.62745098039215,40.125478621762
Canon,EOS 1D Mark III,434,400,278.0,227,89.01960784313725,40.137965011218
Canon,EOS 1D Mark III,434,400,278.0,228,89.41176470588236,40.150376983582
Canon,EOS 1D Mark III,434,400,278.0,229,89.80392156862746,40.162715252369
Canon,EOS 1D Mark III,434,400,278.0,230,90.19607843137256,40.174980521459
Canon,EOS 1D Mark III,434,400,278.0,231,90.58823529411765,40.18717348526
Canon,EOS 1D Mark III,434,400,278.0,232,90.98039215686275,40.199294828879
Canon,EOS 1D Mark III,434,400,278.0,233,91.37254901960785,40.211345228283
Canon,EOS 1D Mark III,434,400,278.0,234,91.76470588235294,40.223325350457
Canon,EOS 1D Mark III,434,400,278.0,235,92.15686274509804,40.23523585356
Canon,EOS 1D Mark III,434,400,278.0,236,92.54901960784314,40.247077387076
Canon,EOS 1D Mark III,434,400,278.0,237,92.94117647058823,40.258850591966
Canon,EOS 1D Mark III,434,400,278.0,238,93.33333333333333,40.270556100809
Canon,EOS 1D Mark III,434,400,278.0,239,93.72549019607843,40.282194537948
Canon,EOS 1D Mark III,434,400,278.0,240,94.11764705882352,40.293766519629
Canon,EOS 1D Mark III,434,400,278.0,241,94.50980392156862,40.305272654136
Canon,EOS 1D Mark III,434,400,278.0,242,94.90196078431372,40.316713541929
Canon,EOS 1D Mark III,434,400,278.0,243,95.29411764705881,40.328089775767
Canon,EOS 1D Mark III,434,400,278.0,244,95.68627450980392,40.339401940847
Canon,EOS 1D Mark III,434,400,278.0,245,96.07843137254902,40.35065061492
Canon,EOS 1D Mark III,434,400,278.0,246,96.47058823529412,40.36183636842
Canon,EOS 1D Mark III,434,400,278.0,247,96.86274509803921,40.372959764582
Canon,EOS 1D Mark III,434,400,278.0,248,97.25490196078431,40.384021359562
Canon,EOS 1D Mark III,434,400,278.0,249,97.6470588235294,40.395021702551
Canon,EOS 1D Mark III,434,400,278.0,250,98.0392156862745,40.405961335887
Canon,EOS 1D Mark III,434,400,278.0,251,98.4313725490196,40.416840795173
Canon,EOS 1D Mark III,434,400,278.0,252,98.82352941176471,40.427660609375
Canon,EOS 1D Mark III,434,400,278.0,253,99.2156862745098,40.43842130094
Canon,EOS 1D Mark III,434,400,278.0,254,99.6078431372549,40.449123385892
Canon,EOS 1D Mark III,434,400,278.0,255,100.0,40.459767373939
Canon,EOS 1D Mark III,434,800,550.0,0.19473446547247,0.07636645704802746,0
Canon,EOS 1D Mark III,434,800,550.0,0.2,0.07843137254901962,1.1400808994851
Canon,EOS 1D Mark III,434,800,550.0,0.3008026580926,0.11796182670298037,4.2769071859274
Canon,EOS 1D Mark III,434,800,550.0,0.4,0.15686274509803924,6.4219652239063
Canon,EOS 1D Mark III,434,800,550.0,0.60096648823754,0.23567313264217254,8.0330210646779
Canon,EOS 1D Mark III,434,800,550.0,0.7,0.2745098039215686,10.366859066323
Canon,EOS 1D Mark III,434,800,550.0,1.2595506593418,0.493941435036,12.708415124683
Canon,EOS 1D Mark III,434,800,550.0,2,0.7843137254901961,16.871497358958
Canon,EOS 1D Mark III,434,800,550.0,3,1.1764705882352942,19.093604512004
Canon,EOS 1D Mark III,434,800,550.0,4,1.5686274509803921,20.591117396082
Canon,EOS 1D Mark III,434,800,550.0,5,1.9607843137254901,21.714338179539
Canon,EOS 1D Mark III,434,800,550.0,6,2.3529411764705883,22.610437243826
Canon,EOS 1D Mark III,434,800,550.0,7,2.7450980392156863,23.354576726697
Canon,EOS 1D Mark III,434,800,550.0,8,3.1372549019607843,23.9901294578
Canon,EOS 1D Mark III,434,800,550.0,9,3.5294117647058822,24.544323304782
Canon,EOS 1D Mark III,434,800,550.0,10,3.9215686274509802,25.035340040469
Canon,EOS 1D Mark III,434,800,550.0,11,4.313725490196078,25.475908848562
Canon,EOS 1D Mark III,434,800,550.0,12,4.705882352941177,25.875281126988
Canon,EOS 1D Mark III,434,800,550.0,13,5.098039215686274,26.240387655396
Canon,EOS 1D Mark III,434,800,550.0,14,5.490196078431373,26.576552560724
Canon,EOS 1D Mark III,434,800,550.0,15,5.88235294117647,26.887952926834
Canon,EOS 1D Mark III,434,800,550.0,20,7.8431372549019605,28.171075326671
Canon,EOS 1D Mark III,434,800,550.0,25,9.803921568627452,29.150240889207
Canon,EOS 1D Mark III,434,800,550.0,30,11.76470588235294,29.940196915679
Canon,EOS 1D Mark III,434,800,550.0,35,13.725490196078432,30.60100094452
Canon,EOS 1D Mark III,434,800,550.0,42,16.470588235294116,31.373934282212
Canon,EOS 1D Mark III,434,800,550.0,43,16.862745098039216,31.472985846773
Canon,EOS 1D Mark III,434,800,550.0,44,17.254901960784313,31.569600867205
Canon,EOS 1D Mark III,434,800,550.0,45,17.647058823529413,31.663891099225
Canon,EOS 1D Mark III,434,800,550.0,46,18.03921568627451,31.755960803358
Canon,EOS 1D Mark III,434,800,550.0,47,18.43137254901961,31.84590740011
Canon,EOS 1D Mark III,434,800,550.0,48,18.823529411764707,31.933822055117
Canon,EOS 1D Mark III,434,800,550.0,49,19.215686274509807,32.019790203057
Canon,EOS 1D Mark III,434,800,550.0,50,19.607843137254903,32.103892017862
Canon,EOS 1D Mark III,434,800,550.0,51,20.0,32.186202835686
Canon,EOS 1D Mark III,434,800,550.0,52,20.392156862745097,32.266793536233
Canon,EOS 1D Mark III,434,800,550.0,53,20.784313725490197,32.345730887244
Canon,EOS 1D Mark III,434,800,550.0,54,21.176470588235293,32.423077856344
Canon,EOS 1D Mark III,434,800,550.0,55,21.568627450980394,32.498893893888
Canon,EOS 1D Mark III,434,800,550.0,56,21.96078431372549,32.573235189985
Canon,EOS 1D Mark III,434,800,550.0,57,22.35294117647059,32.64615490847
Canon,EOS 1D Mark III,434,800,550.0,58,22.745098039215687,32.717703400262
Canon,EOS 1D Mark III,434,800,550.0,59,23.137254901960784,32.787928398263
Canon,EOS 1D Mark III,434,800,550.0,60,23.52941176470588,32.856875195653
Canon,EOS 1D Mark III,434,800,550.0,61,23.92156862745098,32.924586809285
Canon,EOS 1D Mark III,434,800,550.0,62,24.313725490196077,32.99110412961
Canon,EOS 1D Mark III,434,800,550.0,63,24.705882352941178,33.056466058484
Canon,EOS 1D Mark III,434,800,550.0,64,25.098039215686274,33.120709635974
Canon,EOS 1D Mark III,434,800,550.0,65,25.49019607843137,33.183870157233
Canon,EOS 1D Mark III,434,800,550.0,66,25.882352941176475,33.245981280336
Canon,EOS 1D Mark III,434,800,550.0,67,26.27450980392157,33.307075125924
Canon,EOS 1D Mark III,434,800,550.0,68,26.666666666666668,33.367182369379
Canon,EOS 1D Mark III,434,800,550.0,69,27.058823529411764,33.426332326191
Canon,EOS 1D Mark III,434,800,550.0,70,27.450980392156865,33.484553031125
Canon,EOS 1D Mark III,434,800,550.0,71,27.84313725490196,33.5418713117
Canon,EOS 1D Mark III,434,800,550.0,72,28.235294117647058,33.598312856485
Canon,EOS 1D Mark III,434,800,550.0,73,28.627450980392155,33.653902278625
Canon,EOS 1D Mark III,434,800,550.0,74,29.01960784313726,33.708663175006
Canon,EOS 1D Mark III,434,800,550.0,75,29.411764705882355,33.762618181405
Canon,EOS 1D Mark III,434,800,550.0,76,29.80392156862745,33.815789023949
Canon,EOS 1D Mark III,434,800,550.0,77,30.19607843137255,33.86819656718
Canon,EOS 1D Mark III,434,800,550.0,78,30.58823529411765,33.919860858983
Canon,EOS 1D Mark III,434,800,550.0,79,30.980392156862745,33.970801172629
Canon,EOS 1D Mark III,434,800,550.0,80,31.372549019607842,34.021036046139
Canon,EOS 1D Mark III,434,800,550.0,81,31.76470588235294,34.070583319192
Canon,EOS 1D Mark III,434,800,550.0,82,32.15686274509804,34.119460167734
Canon,EOS 1D Mark III,434,800,550.0,83,32.549019607843135,34.167683136478
Canon,EOS 1D Mark III,434,800,550.0,84,32.94117647058823,34.215268169433
Canon,EOS 1D Mark III,434,800,550.0,85,33.33333333333333,34.262230638619
Canon,EOS 1D Mark III,434,800,550.0,86,33.72549019607843,34.308585371074
Canon,EOS 1D Mark III,434,800,550.0,87,34.11764705882353,34.354346674301
Canon,EOS 1D Mark III,434,800,550.0,88,34.509803921568626,34.39952836023
Canon,EOS 1D Mark III,434,800,550.0,89,34.90196078431372,34.444143767833
Canon,EOS 1D Mark III,434,800,550.0,90,35.294117647058826,34.488205784449
Canon,EOS 1D Mark III,434,800,550.0,91,35.68627450980392,34.531726865927
Canon,EOS 1D Mark III,434,800,550.0,92,36.07843137254902,34.57471905566
Canon,EOS 1D Mark III,434,800,550.0,93,36.470588235294116,34.61719400258
Canon,EOS 1D Mark III,434,800,550.0,94,36.86274509803922,34.659162978177
Canon,EOS 1D Mark III,434,800,550.0,95,37.254901960784316,34.700636892621
Canon,EOS 1D Mark III,434,800,550.0,96,37.64705882352941,34.741626310021
Canon,EOS 1D Mark III,434,800,550.0,97,38.03921568627451,34.782141462896
Canon,EOS 1D Mark III,434,800,550.0,98,38.43137254901961,34.822192265892
Canon,EOS 1D Mark III,434,800,550.0,99,38.82352941176471,34.861788328801
Canon,EOS 1D Mark III,434,800,550.0,100,39.21568627450981,34.900938968917
Canon,EOS 1D Mark III,434,800,550.0,101,39.6078431372549,34.939653222773
Canon,EOS 1D Mark III,434,800,550.0,102,40.0,34.9779398573
Canon,EOS 1D Mark III,434,800,550.0,103,40.3921568627451,35.01580738043
Canon,EOS 1D Mark III,434,800,550.0,104,40.78431372549019,35.053264051186
Canon,EOS 1D Mark III,434,800,550.0,105,41.17647058823529,35.09031788929
Canon,EOS 1D Mark III,434,800,550.0,106,41.568627450980394,35.126976684304
Canon,EOS 1D Mark III,434,800,550.0,107,41.96078431372549,35.163248004342
Canon,EOS 1D Mark III,434,800,550.0,108,42.35294117647059,35.199139204379
Canon,EOS 1D Mark III,434,800,550.0,109,42.745098039215684,35.234657434165
Canon,EOS 1D Mark III,434,800,550.0,110,43.13725490196079,35.269809645781
Canon,EOS 1D Mark III,434,800,550.0,111,43.529411764705884,35.304602600848
Canon,EOS 1D Mark III,434,800,550.0,112,43.92156862745098,35.339042877415
Canon,EOS 1D Mark III,434,800,550.0,113,44.31372549019608,35.37313687653
Canon,EOS 1D Mark III,434,800,550.0,114,44.70588235294118,35.406890828527
Canon,EOS 1D Mark III,434,800,550.0,115,45.09803921568628,35.440310799037
Canon,EOS 1D Mark III,434,800,550.0,116,45.490196078431374,35.473402694726
Canon,EOS 1D Mark III,434,800,550.0,117,45.88235294117647,35.506172268802
Canon,EOS 1D Mark III,434,800,550.0,118,46.27450980392157,35.53862512627
Canon,EOS 1D Mark III,434,800,550.0,119,46.666666666666664,35.570766728976
Canon,EOS 1D Mark III,434,800,550.0,120,47.05882352941176,35.602602400428
Canon,EOS 1D Mark III,434,800,550.0,121,47.45098039215686,35.634137330426
Canon,EOS 1D Mark III,434,800,550.0,122,47.84313725490196,35.66537657949
Canon,EOS 1D Mark III,434,800,550.0,123,48.23529411764706,35.696325083116
Canon,EOS 1D Mark III,434,800,550.0,124,48.627450980392155,35.72698765585
Canon,EOS 1D Mark III,434,800,550.0,125,49.01960784313725,35.757368995201
Canon,EOS 1D Mark III,434,800,550.0,126,49.411764705882355,35.7874736854
Canon,EOS 1D Mark III,434,800,550.0,127,49.80392156862745,35.817306201003
Canon,EOS 1D Mark III,434,800,550.0,128,50.19607843137255,35.846870910358
Canon,EOS 1D Mark III,434,800,550.0,129,50.588235294117645,35.876172078931
Canon,EOS 1D Mark III,434,800,550.0,130,50.98039215686274,35.905213872507
Canon,EOS 1D Mark III,434,800,550.0,131,51.37254901960784,35.934000360263
Canon,EOS 1D Mark III,434,800,550.0,132,51.76470588235295,35.962535517733
Canon,EOS 1D Mark III,434,800,550.0,133,52.156862745098046,35.990823229643
Canon,EOS 1D Mark III,434,800,550.0,134,52.54901960784314,36.018867292662
Canon,EOS 1D Mark III,434,800,550.0,135,52.94117647058824,36.046671418026
Canon,EOS 1D Mark III,434,800,550.0,136,53.333333333333336,36.074239234086
Canon,EOS 1D Mark III,434,800,550.0,137,53.72549019607843,36.101574288747
Canon,EOS 1D Mark III,434,800,550.0,138,54.11764705882353,36.128680051825
Canon,EOS 1D Mark III,434,800,550.0,139,54.509803921568626,36.155559917318
Canon,EOS 1D Mark III,434,800,550.0,140,54.90196078431373,36.182217205591
Canon,EOS 1D Mark III,434,800,550.0,141,55.294117647058826,36.208655165488
Canon,EOS 1D Mark III,434,800,550.0,142,55.68627450980392,36.234876976368
Canon,EOS 1D Mark III,434,800,550.0,143,56.07843137254902,36.260885750061
Canon,EOS 1D Mark III,434,800,550.0,144,56.470588235294116,36.28668453277
Canon,EOS 1D Mark III,434,800,550.0,145,56.86274509803921,36.312276306896
Canon,EOS 1D Mark III,434,800,550.0,146,57.25490196078431,36.3376639928
Canon,EOS 1D Mark III,434,800,550.0,147,57.647058823529406,36.362850450512
Canon,EOS 1D Mark III,434,800,550.0,148,58.03921568627452,36.387838481376
Canon,EOS 1D Mark III,434,800,550.0,149,58.43137254901961,36.412630829636
Canon,EOS 1D Mark III,434,800,550.0,150,58.82352941176471,36.437230183981
Canon,EOS 1D Mark III,434,800,550.0,151,59.21568627450981,36.461639179023
Canon,EOS 1D Mark III,434,800,550.0,152,59.6078431372549,36.485860396738
Canon,EOS 1D Mark III,434,800,550.0,153,60.0,36.509896367854
Canon,EOS 1D Mark III,434,800,550.0,154,60.3921568627451,36.533749573192
Canon,EOS 1D Mark III,434,800,550.0,155,60.78431372549019,36.557422444971
Canon,EOS 1D Mark III,434,800,550.0,156,61.1764705882353,36.580917368061
Canon,EOS 1D Mark III,434,800,550.0,157,61.568627450980394,36.604236681201
Canon,EOS 1D Mark III,434,800,550.0,158,61.96078431372549,36.627382678179
Canon,EOS 1D Mark III,434,800,550.0,159,62.35294117647059,36.650357608973
Canon,EOS 1D Mark III,434,800,550.0,160,62.745098039215684,36.673163680857
Canon,EOS 1D Mark III,434,800,550.0,161,63.13725490196078,36.695803059468
Canon,EOS 1D Mark III,434,800,550.0,162,63.52941176470588,36.718277869847
Canon,EOS 1D Mark III,434,800,550.0,163,63.921568627450974,36.740590197441
Canon,EOS 1D Mark III,434,800,550.0,164,64.31372549019608,36.762742089081
Canon,EOS 1D Mark III,434,800,550.0,165,64.70588235294117,36.784735553924
Canon,EOS 1D Mark III,434,800,550.0,166,65.09803921568627,36.806572564367
Canon,EOS 1D Mark III,434,800,550.0,167,65.49019607843137,36.828255056941
Canon,EOS 1D Mark III,434,800,550.0,168,65.88235294117646,36.849784933166
Canon,EOS 1D Mark III,434,800,550.0,169,66.27450980392156,36.871164060391
Canon,EOS 1D Mark III,434,800,550.0,170,66.66666666666666,36.892394272603
Canon,EOS 1D Mark III,434,800,550.0,171,67.05882352941175,36.913477371216
Canon,EOS 1D Mark III,434,800,550.0,172,67.45098039215686,36.934415125834
Canon,EOS 1D Mark III,434,800,550.0,173,67.84313725490196,36.95520927499
Canon,EOS 1D Mark III,434,800,550.0,174,68.23529411764706,36.975861526874
Canon,EOS 1D Mark III,434,800,550.0,175,68.62745098039215,36.996373560022
Canon,EOS 1D Mark III,434,800,550.0,176,69.01960784313725,37.016747024007
Canon,EOS 1D Mark III,434,800,550.0,177,69.41176470588235,37.036983540089
Canon,EOS 1D Mark III,434,800,550.0,178,69.80392156862744,37.057084701863
Canon,EOS 1D Mark III,434,800,550.0,179,70.19607843137254,37.07705207588
Canon,EOS 1D Mark III,434,800,550.0,180,70.58823529411765,37.096887202255
Canon,EOS 1D Mark III,434,800,550.0,181,70.98039215686275,37.116591595253
Canon,EOS 1D Mark III,434,800,550.0,182,71.37254901960785,37.136166743862
Canon,EOS 1D Mark III,434,800,550.0,183,71.76470588235294,37.155614112356
Canon,EOS 1D Mark III,434,800,550.0,184,72.15686274509804,37.174935140829
Canon,EOS 1D Mark III,434,800,550.0,185,72.54901960784314,37.194131245726
Canon,EOS 1D Mark III,434,800,550.0,186,72.94117647058823,37.213203820356
Canon,EOS 1D Mark III,434,800,550.0,187,73.33333333333333,37.232154235389
Canon,EOS 1D Mark III,434,800,550.0,188,73.72549019607844,37.250983839345
Canon,EOS 1D Mark III,434,800,550.0,189,74.11764705882354,37.269693959062
Canon,EOS 1D Mark III,434,800,550.0,190,74.50980392156863,37.288285900162
Canon,EOS 1D Mark III,434,800,550.0,191,74.90196078431373,37.306760947492
Canon,EOS 1D Mark III,434,800,550.0,192,75.29411764705883,37.325120365566
Canon,EOS 1D Mark III,434,800,550.0,193,75.68627450980392,37.343365398988
Canon,EOS 1D Mark III,434,800,550.0,194,76.07843137254902,37.361497272865
Canon,EOS 1D Mark III,434,800,550.0,195,76.47058823529412,37.379517193211
Canon,EOS 1D Mark III,434,800,550.0,196,76.86274509803923,37.39742634734
Canon,EOS 1D Mark III,434,800,550.0,197,77.25490196078432,37.415225904248
Canon,EOS 1D Mark III,434,800,550.0,198,77.64705882352942,37.432917014987
Canon,EOS 1D Mark III,434,800,550.0,199,78.03921568627452,37.450500813028
Canon,EOS 1D Mark III,434,800,550.0,200,78.43137254901961,37.467978414615
Canon,EOS 1D Mark III,434,800,550.0,201,78.82352941176471,37.485350919111
Canon,EOS 1D Mark III,434,800,550.0,202,79.2156862745098,37.502619409335
Canon,EOS 1D Mark III,434,800,550.0,203,79.6078431372549,37.519784951893
Canon,EOS 1D Mark III,434,800,550.0,204,80.0,37.536848597491
Canon,EOS 1D Mark III,434,800,550.0,205,80.3921568627451,37.553811381258
Canon,EOS 1D Mark III,434,800,550.0,206,80.7843137254902,37.570674323043
Canon,EOS 1D Mark III,434,800,550.0,207,81.17647058823529,37.587438427716
Canon,EOS 1D Mark III,434,800,550.0,208,81.56862745098039,37.604104685456
Canon,EOS 1D Mark III,434,800,550.0,209,81.96078431372548,37.620674072037
Canon,EOS 1D Mark III,434,800,550.0,210,82.35294117647058,37.637147549106
Canon,EOS 1D Mark III,434,800,550.0,211,82.74509803921568,37.653526064446
Canon,EOS 1D Mark III,434,800,550.0,212,83.13725490196079,37.669810552248
Canon,EOS 1D Mark III,434,800,550.0,213,83.52941176470588,37.686001933361
Canon,EOS 1D Mark III,434,800,550.0,214,83.92156862745098,37.702101115549
Canon,EOS 1D Mark III,434,800,550.0,215,84.31372549019608,37.718108993734
Canon,EOS 1D Mark III,434,800,550.0,216,84.70588235294117,37.734026450235
Canon,EOS 1D Mark III,434,800,550.0,217,85.09803921568627,37.749854355002
Canon,EOS 1D Mark III,434,800,550.0,218,85.49019607843137,37.765593565848
Canon,EOS 1D Mark III,434,800,550.0,219,85.88235294117646,37.781244928669
Canon,EOS 1D Mark III,434,800,550.0,220,86.27450980392157,37.796809277662
Canon,EOS 1D Mark III,434,800,550.0,221,86.66666666666667,37.812287435541
Canon,EOS 1D Mark III,434,800,550.0,222,87.05882352941177,37.827680213745
Canon,EOS 1D Mark III,434,800,550.0,223,87.45098039215686,37.84298841264
Canon,EOS 1D Mark III,434,800,550.0,224,87.84313725490196,37.85821282172
Canon,EOS 1D Mark III,434,800,550.0,225,88.23529411764706,37.873354219801
Canon,EOS 1D Mark III,434,800,550.0,226,88.62745098039215,37.888413375213
Canon,EOS 1D Mark III,434,800,550.0,227,89.01960784313725,37.903391045983
Canon,EOS 1D Mark III,434,800,550.0,228,89.41176470588236,37.918287980019
Canon,EOS 1D Mark III,434,800,550.0,229,89.80392156862746,37.933104915291
Canon,EOS 1D Mark III,434,800,550.0,230,90.19607843137256,37.947842579999
Canon,EOS 1D Mark III,434,800,550.0,231,90.58823529411765,37.962501692748
Canon,EOS 1D Mark III,434,800,550.0,232,90.98039215686275,37.977082962716
Canon,EOS 1D Mark III,434,800,550.0,233,91.37254901960785,37.991587089811
Canon,EOS 1D Mark III,434,800,550.0,234,91.76470588235294,38.006014764837
Canon,EOS 1D Mark III,434,800,550.0,235,92.15686274509804,38.020366669647
Canon,EOS 1D Mark III,434,800,550.0,236,92.54901960784314,38.034643477295
Canon,EOS 1D Mark III,434,800,550.0,237,92.94117647058823,38.04884585219
Canon,EOS 1D Mark III,434,800,550.0,238,93.33333333333333,38.062974450237
Canon,EOS 1D Mark III,434,800,550.0,239,93.72549019607843,38.077029918985
Canon,EOS 1D Mark III,434,800,550.0,240,94.11764705882352,38.091012897764
Canon,EOS 1D Mark III,434,800,550.0,241,94.50980392156862,38.104924017824
Canon,EOS 1D Mark III,434,800,550.0,242,94.90196078431372,38.118763902469
Canon,EOS 1D Mark III,434,800,550.0,243,95.29411764705881,38.132533167192
Canon,EOS 1D Mark III,434,800,550.0,244,95.68627450980392,38.146232419799
Canon,EOS 1D Mark III,434,800,550.0,245,96.07843137254902,38.159862260537
Canon,EOS 1D Mark III,434,800,550.0,246,96.47058823529412,38.173423282221
Canon,EOS 1D Mark III,434,800,550.0,247,96.86274509803921,38.186916070352
Canon,EOS 1D Mark III,434,800,550.0,248,97.25490196078431,38.200341203236
Canon,EOS 1D Mark III,434,800,550.0,249,97.6470588235294,38.213699252104
Canon,EOS 1D Mark III,434,800,550.0,250,98.0392156862745,38.226990781219
Canon,EOS 1D Mark III,434,800,550.0,251,98.4313725490196,38.240216347998
Canon,EOS 1D Mark III,434,800,550.0,252,98.82352941176471,38.253376503111
Canon,EOS 1D Mark III,434,800,550.0,253,99.2156862745098,38.266471790597
Canon,EOS 1D Mark III,434,800,550.0,254,99.6078431372549,38.279502747963
Canon,EOS 1D Mark III,434,800,550.0,255,100.0,38.292469906292
Canon,EOS 1D Mark III,434,1600,1103.0,0.31904121548031,0.12511420214914118,0
Canon,EOS 1D Mark III,434,1600,1103.0,0.4,0.15686274509803924,2.2139326809103
Canon,EOS 1D Mark III,434,1600,1103.0,0.60096648823754,0.23567313264217254,3.9006437106477
Canon,EOS 1D Mark III,434,1600,1103.0,0.7,0.2745098039215686,6.3600459029377
Canon,EOS 1D Mark III,434,1600,1103.0,1.2595506593418,0.493941435036,8.8444343292621
Canon,EOS 1D Mark III,434,1600,1103.0,2,0.7843137254901961,13.282961159506
Canon,EOS 1D Mark III,434,1600,1103.0,3,1.1764705882352942,15.646758497985
Canon,EOS 1D Mark III,434,1600,1103.0,4,1.5686274509803921,17.231456655957
Canon,EOS 1D Mark III,434,1600,1103.0,5,1.9607843137254901,18.414305262836
Canon,EOS 1D Mark III,434,1600,1103.0,6,2.3529411764705883,19.354166118809
Canon,EOS 1D Mark III,434,1600,1103.0,7,2.7450980392156863,20.132096371836
Canon,EOS 1D Mark III,434,1600,1103.0,8,3.1372549019607843,20.794764031329
Canon,EOS 1D Mark III,434,1600,1103.0,9,3.5294117647058822,21.371383384817
Canon,EOS 1D Mark III,434,1600,1103.0,10,3.9215686274509802,21.881404998919
Canon,EOS 1D Mark III,434,1600,1103.0,11,4.313725490196078,22.3384064774
Canon,EOS 1D Mark III,434,1600,1103.0,12,4.705882352941177,22.752228058058
Canon,EOS 1D Mark III,434,1600,1103.0,13,5.098039215686274,23.130222009524
Canon,EOS 1D Mark III,434,1600,1103.0,14,5.490196078431373,23.478022109832
Canon,EOS 1D Mark III,434,1600,1103.0,15,5.88235294117647,23.800038045318
Canon,EOS 1D Mark III,434,1600,1103.0,20,7.8431372549019605,25.125994912521
Canon,EOS 1D Mark III,434,1600,1103.0,25,9.803921568627452,26.138064248777
Canon,EOS 1D Mark III,434,1600,1103.0,30,11.76470588235294,26.955718875891
Canon,EOS 1D Mark III,434,1600,1103.0,35,13.725490196078432,27.641123185277
Canon,EOS 1D Mark III,434,1600,1103.0,42,16.470588235294116,28.445256267395
Canon,EOS 1D Mark III,434,1600,1103.0,43,16.862745098039216,28.548541053213
Canon,EOS 1D Mark III,434,1600,1103.0,44,17.254901960784313,28.64934344911
Canon,EOS 1D Mark III,434,1600,1103.0,45,17.647058823529413,28.747777856463
Canon,EOS 1D Mark III,434,1600,1103.0,46,18.03921568627451,28.843950957831
Canon,EOS 1D Mark III,434,1600,1103.0,47,18.43137254901961,28.937962395372
Canon,EOS 1D Mark III,434,1600,1103.0,48,18.823529411764707,29.029905376407
Canon,EOS 1D Mark III,434,1600,1103.0,49,19.215686274509807,29.119867215292
Canon,EOS 1D Mark III,434,1600,1103.0,50,19.607843137254903,29.207929819484
Canon,EOS 1D Mark III,434,1600,1103.0,51,20.0,29.294170126543
Canon,EOS 1D Mark III,434,1600,1103.0,52,20.392156862745097,29.378660497892
Canon,EOS 1D Mark III,434,1600,1103.0,53,20.784313725490197,29.46146907437
Canon,EOS 1D Mark III,434,1600,1103.0,54,21.176470588235293,29.542660097936
Canon,EOS 1D Mark III,434,1600,1103.0,55,21.568627450980394,29.622294203317
Canon,EOS 1D Mark III,434,1600,1103.0,56,21.96078431372549,29.700428682904
Canon,EOS 1D Mark III,434,1600,1103.0,57,22.35294117647059,29.777117727792
Canon,EOS 1D Mark III,434,1600,1103.0,58,22.745098039215687,29.852412647484
Canon,EOS 1D Mark III,434,1600,1103.0,59,23.137254901960784,29.926362070492
Canon,EOS 1D Mark III,434,1600,1103.0,60,23.52941176470588,29.9990121278
Canon,EOS 1D Mark III,434,1600,1103.0,61,23.92156862745098,30.070406620893
Canon,EOS 1D Mark III,434,1600,1103.0,62,24.313725490196077,30.140587175908
Canon,EOS 1D Mark III,434,1600,1103.0,63,24.705882352941178,30.209593385248
Canon,EOS 1D Mark III,434,1600,1103.0,64,25.098039215686274,30.277462937856
Canon,EOS 1D Mark III,434,1600,1103.0,65,25.49019607843137,30.344231739237
Canon,EOS 1D Mark III,434,1600,1103.0,66,25.882352941176475,30.409934022166
Canon,EOS 1D Mark III,434,1600,1103.0,67,26.27450980392157,30.474602448944
Canon,EOS 1D Mark III,434,1600,1103.0,68,26.666666666666668,30.538268205962
Canon,EOS 1D Mark III,434,1600,1103.0,69,27.058823529411764,30.600961091254
Canon,EOS 1D Mark III,434,1600,1103.0,70,27.450980392156865,30.662709595659
Canon,EOS 1D Mark III,434,1600,1103.0,71,27.84313725490196,30.723540978138
Canon,EOS 1D Mark III,434,1600,1103.0,72,28.235294117647058,30.783481335748
Canon,EOS 1D Mark III,434,1600,1103.0,73,28.627450980392155,30.842555668716
Canon,EOS 1D Mark III,434,1600,1103.0,74,29.01960784313726,30.900787941029
Canon,EOS 1D Mark III,434,1600,1103.0,75,29.411764705882355,30.95820113689
Canon,EOS 1D Mark III,434,1600,1103.0,76,29.80392156862745,31.01481731339
Canon,EOS 1D Mark III,434,1600,1103.0,77,30.19607843137255,31.070657649686
Canon,EOS 1D Mark III,434,1600,1103.0,78,30.58823529411765,31.125742492958
Canon,EOS 1D Mark III,434,1600,1103.0,79,30.980392156862745,31.180091401412
Canon,EOS 1D Mark III,434,1600,1103.0,80,31.372549019607842,31.233723184522
Canon,EOS 1D Mark III,434,1600,1103.0,81,31.76470588235294,31.286655940757
Canon,EOS 1D Mark III,434,1600,1103.0,82,32.15686274509804,31.338907092953
Canon,EOS 1D Mark III,434,1600,1103.0,83,32.549019607843135,31.390493421514
Canon,EOS 1D Mark III,434,1600,1103.0,84,32.94117647058823,31.441431095601
Canon,EOS 1D Mark III,434,1600,1103.0,85,33.33333333333333,31.491735702453
Canon,EOS 1D Mark III,434,1600,1103.0,86,33.72549019607843,31.541422274965
Canon,EOS 1D Mark III,434,1600,1103.0,87,34.11764705882353,31.590505317661
Canon,EOS 1D Mark III,434,1600,1103.0,88,34.509803921568626,31.638998831153
Canon,EOS 1D Mark III,434,1600,1103.0,89,34.90196078431372,31.686916335215
Canon,EOS 1D Mark III,434,1600,1103.0,90,35.294117647058826,31.734270890537
Canon,EOS 1D Mark III,434,1600,1103.0,91,35.68627450980392,31.781075119276
Canon,EOS 1D Mark III,434,1600,1103.0,92,36.07843137254902,31.82734122446
Canon,EOS 1D Mark III,434,1600,1103.0,93,36.470588235294116,31.873081008335
Canon,EOS 1D Mark III,434,1600,1103.0,94,36.86274509803922,31.918305889724
Canon,EOS 1D Mark III,434,1600,1103.0,95,37.254901960784316,31.963026920445
Canon,EOS 1D Mark III,434,1600,1103.0,96,37.64705882352941,32.007254800872
Canon,EOS 1D Mark III,434,1600,1103.0,97,38.03921568627451,32.050999894672
Canon,EOS 1D Mark III,434,1600,1103.0,98,38.43137254901961,32.094272242781
Canon,EOS 1D Mark III,434,1600,1103.0,99,38.82352941176471,32.137081576661
Canon,EOS 1D Mark III,434,1600,1103.0,100,39.21568627450981,32.179437330887
Canon,EOS 1D Mark III,434,1600,1103.0,101,39.6078431372549,32.221348655095
Canon,EOS 1D Mark III,434,1600,1103.0,102,40.0,32.26282442534
Canon,EOS 1D Mark III,434,1600,1103.0,103,40.3921568627451,32.303873254891
Canon,EOS 1D Mark III,434,1600,1103.0,104,40.78431372549019,32.3445035045
Canon,EOS 1D Mark III,434,1600,1103.0,105,41.17647058823529,32.384723292175
Canon,EOS 1D Mark III,434,1600,1103.0,106,41.568627450980394,32.424540502482
Canon,EOS 1D Mark III,434,1600,1103.0,107,41.96078431372549,32.463962795411
Canon,EOS 1D Mark III,434,1600,1103.0,108,42.35294117647059,32.502997614816
Canon,EOS 1D Mark III,434,1600,1103.0,109,42.745098039215684,32.541652196477
Canon,EOS 1D Mark III,434,1600,1103.0,110,43.13725490196079,32.579933575773
Canon,EOS 1D Mark III,434,1600,1103.0,111,43.529411764705884,32.617848595016
Canon,EOS 1D Mark III,434,1600,1103.0,112,43.92156862745098,32.655403910449
Canon,EOS 1D Mark III,434,1600,1103.0,113,44.31372549019608,32.692605998928
Canon,EOS 1D Mark III,434,1600,1103.0,114,44.70588235294118,32.729461164312
Canon,EOS 1D Mark III,434,1600,1103.0,115,45.09803921568628,32.765975543566
Canon,EOS 1D Mark III,434,1600,1103.0,116,45.490196078431374,32.802155112597
Canon,EOS 1D Mark III,434,1600,1103.0,117,45.88235294117647,32.838005691844
Canon,EOS 1D Mark III,434,1600,1103.0,118,46.27450980392157,32.873532951617
Canon,EOS 1D Mark III,434,1600,1103.0,119,46.666666666666664,32.908742417221
Canon,EOS 1D Mark III,434,1600,1103.0,120,47.05882352941176,32.943639473851
Canon,EOS 1D Mark III,434,1600,1103.0,121,47.45098039215686,32.978229371291
Canon,EOS 1D Mark III,434,1600,1103.0,122,47.84313725490196,33.012517228417
Canon,EOS 1D Mark III,434,1600,1103.0,123,48.23529411764706,33.046508037508
Canon,EOS 1D Mark III,434,1600,1103.0,124,48.627450980392155,33.080206668385
Canon,EOS 1D Mark III,434,1600,1103.0,125,49.01960784313725,33.113617872389
Canon,EOS 1D Mark III,434,1600,1103.0,126,49.411764705882355,33.146746286184
Canon,EOS 1D Mark III,434,1600,1103.0,127,49.80392156862745,33.179596435423
Canon,EOS 1D Mark III,434,1600,1103.0,128,50.19607843137255,33.212172738259
Canon,EOS 1D Mark III,434,1600,1103.0,129,50.588235294117645,33.244479508724
Canon,EOS 1D Mark III,434,1600,1103.0,130,50.98039215686274,33.276520959973
Canon,EOS 1D Mark III,434,1600,1103.0,131,51.37254901960784,33.308301207406
Canon,EOS 1D Mark III,434,1600,1103.0,132,51.76470588235295,33.339824271664
Canon,EOS 1D Mark III,434,1600,1103.0,133,52.156862745098046,33.37109408152
Canon,EOS 1D Mark III,434,1600,1103.0,134,52.54901960784314,33.402114476653
Canon,EOS 1D Mark III,434,1600,1103.0,135,52.94117647058824,33.432889210319
Canon,EOS 1D Mark III,434,1600,1103.0,136,53.333333333333336,33.46342195193
Canon,EOS 1D Mark III,434,1600,1103.0,137,53.72549019607843,33.493716289528
Canon,EOS 1D Mark III,434,1600,1103.0,138,54.11764705882353,33.523775732172
Canon,EOS 1D Mark III,434,1600,1103.0,139,54.509803921568626,33.553603712242
Canon,EOS 1D Mark III,434,1600,1103.0,140,54.90196078431373,33.583203587654
Canon,EOS 1D Mark III,434,1600,1103.0,141,55.294117647058826,33.612578643997
Canon,EOS 1D Mark III,434,1600,1103.0,142,55.68627450980392,33.641732096597
Canon,EOS 1D Mark III,434,1600,1103.0,143,56.07843137254902,33.670667092504
Canon,EOS 1D Mark III,434,1600,1103.0,144,56.470588235294116,33.699386712412
Canon,EOS 1D Mark III,434,1600,1103.0,145,56.86274509803921,33.727893972509
Canon,EOS 1D Mark III,434,1600,1103.0,146,57.25490196078431,33.756191826269
Canon,EOS 1D Mark III,434,1600,1103.0,147,57.647058823529406,33.784283166171
Canon,EOS 1D Mark III,434,1600,1103.0,148,58.03921568627452,33.812170825375
Canon,EOS 1D Mark III,434,1600,1103.0,149,58.43137254901961,33.839857579326
Canon,EOS 1D Mark III,434,1600,1103.0,150,58.82352941176471,33.867346147314
Canon,EOS 1D Mark III,434,1600,1103.0,151,59.21568627450981,33.894639193977
Canon,EOS 1D Mark III,434,1600,1103.0,152,59.6078431372549,33.921739330754
Canon,EOS 1D Mark III,434,1600,1103.0,153,60.0,33.948649117296
Canon,EOS 1D Mark III,434,1600,1103.0,154,60.3921568627451,33.975371062819
Canon,EOS 1D Mark III,434,1600,1103.0,155,60.78431372549019,34.001907627426
Canon,EOS 1D Mark III,434,1600,1103.0,156,61.1764705882353,34.028261223378
Canon,EOS 1D Mark III,434,1600,1103.0,157,61.568627450980394,34.054434216324
Canon,EOS 1D Mark III,434,1600,1103.0,158,61.96078431372549,34.080428926496
Canon,EOS 1D Mark III,434,1600,1103.0,159,62.35294117647059,34.106247629864
Canon,EOS 1D Mark III,434,1600,1103.0,160,62.745098039215684,34.131892559255
Canon,EOS 1D Mark III,434,1600,1103.0,161,63.13725490196078,34.157365905431
Canon,EOS 1D Mark III,434,1600,1103.0,162,63.52941176470588,34.182669818147
Canon,EOS 1D Mark III,434,1600,1103.0,163,63.921568627450974,34.20780640716
Canon,EOS 1D Mark III,434,1600,1103.0,164,64.31372549019608,34.232777743219
Canon,EOS 1D Mark III,434,1600,1103.0,165,64.70588235294117,34.257585859021
Canon,EOS 1D Mark III,434,1600,1103.0,166,65.09803921568627,34.282232750134
Canon,EOS 1D Mark III,434,1600,1103.0,167,65.49019607843137,34.306720375899
Canon,EOS 1D Mark III,434,1600,1103.0,168,65.88235294117646,34.331050660296
Canon,EOS 1D Mark III,434,1600,1103.0,169,66.27450980392156,34.355225492798
Canon,EOS 1D Mark III,434,1600,1103.0,170,66.66666666666666,34.379246729182
Canon,EOS 1D Mark III,434,1600,1103.0,171,67.05882352941175,34.403116192331
Canon,EOS 1D Mark III,434,1600,1103.0,172,67.45098039215686,34.426835673004
Canon,EOS 1D Mark III,434,1600,1103.0,173,67.84313725490196,34.450406930589
Canon,EOS 1D Mark III,434,1600,1103.0,174,68.23529411764706,34.473831693826
Canon,EOS 1D Mark III,434,1600,1103.0,175,68.62745098039215,34.497111661519
Canon,EOS 1D Mark III,434,1600,1103.0,176,69.01960784313725,34.520248503221
Canon,EOS 1D Mark III,434,1600,1103.0,177,69.41176470588235,34.543243859904
Canon,EOS 1D Mark III,434,1600,1103.0,178,69.80392156862744,34.566099344602
Canon,EOS 1D Mark III,434,1600,1103.0,179,70.19607843137254,34.588816543047
Canon,EOS 1D Mark III,434,1600,1103.0,180,70.58823529411765,34.611397014279
Canon,EOS 1D Mark III,434,1600,1103.0,181,70.98039215686275,34.63384229124
Canon,EOS 1D Mark III,434,1600,1103.0,182,71.37254901960785,34.656153881357
Canon,EOS 1D Mark III,434,1600,1103.0,183,71.76470588235294,34.678333267101
Canon,EOS 1D Mark III,434,1600,1103.0,184,72.15686274509804,34.700381906536
Canon,EOS 1D Mark III,434,1600,1103.0,185,72.54901960784314,34.722301233852
Canon,EOS 1D Mark III,434,1600,1103.0,186,72.94117647058823,34.744092659884
Canon,EOS 1D Mark III,434,1600,1103.0,187,73.33333333333333,34.765757572613
Canon,EOS 1D Mark III,434,1600,1103.0,188,73.72549019607844,34.787297337662
Canon,EOS 1D Mark III,434,1600,1103.0,189,74.11764705882354,34.808713298766
Canon,EOS 1D Mark III,434,1600,1103.0,190,74.50980392156863,34.830006778244
Canon,EOS 1D Mark III,434,1600,1103.0,191,74.90196078431373,34.851179077449
Canon,EOS 1D Mark III,434,1600,1103.0,192,75.29411764705883,34.872231477208
Canon,EOS 1D Mark III,434,1600,1103.0,193,75.68627450980392,34.89316523825
Canon,EOS 1D Mark III,434,1600,1103.0,194,76.07843137254902,34.913981601628
Canon,EOS 1D Mark III,434,1600,1103.0,195,76.47058823529412,34.934681789122
Canon,EOS 1D Mark III,434,1600,1103.0,196,76.86274509803923,34.955267003641
Canon,EOS 1D Mark III,434,1600,1103.0,197,77.25490196078432,34.975738429602
Canon,EOS 1D Mark III,434,1600,1103.0,198,77.64705882352942,34.996097233313
Canon,EOS 1D Mark III,434,1600,1103.0,199,78.03921568627452,35.01634456334
Canon,EOS 1D Mark III,434,1600,1103.0,200,78.43137254901961,35.03648155086
Canon,EOS 1D Mark III,434,1600,1103.0,201,78.82352941176471,35.056509310014
Canon,EOS 1D Mark III,434,1600,1103.0,202,79.2156862745098,35.076428938249
Canon,EOS 1D Mark III,434,1600,1103.0,203,79.6078431372549,35.096241516643
Canon,EOS 1D Mark III,434,1600,1103.0,204,80.0,35.115948110235
Canon,EOS 1D Mark III,434,1600,1103.0,205,80.3921568627451,35.135549768338
Canon,EOS 1D Mark III,434,1600,1103.0,206,80.7843137254902,35.155047524848
Canon,EOS 1D Mark III,434,1600,1103.0,207,81.17647058823529,35.174442398543
Canon,EOS 1D Mark III,434,1600,1103.0,208,81.56862745098039,35.193735393377
Canon,EOS 1D Mark III,434,1600,1103.0,209,81.96078431372548,35.212927498764
Canon,EOS 1D Mark III,434,1600,1103.0,210,82.35294117647058,35.232019689863
Canon,EOS 1D Mark III,434,1600,1103.0,211,82.74509803921568,35.251012927844
Canon,EOS 1D Mark III,434,1600,1103.0,212,83.13725490196079,35.269908160156
Canon,EOS 1D Mark III,434,1600,1103.0,213,83.52941176470588,35.28870632079
Canon,EOS 1D Mark III,434,1600,1103.0,214,83.92156862745098,35.307408330527
Canon,EOS 1D Mark III,434,1600,1103.0,215,84.31372549019608,35.326015097192
Canon,EOS 1D Mark III,434,1600,1103.0,216,84.70588235294117,35.34452751589
Canon,EOS 1D Mark III,434,1600,1103.0,217,85.09803921568627,35.362946469246
Canon,EOS 1D Mark III,434,1600,1103.0,218,85.49019607843137,35.381272827635
Canon,EOS 1D Mark III,434,1600,1103.0,219,85.88235294117646,35.399507449406
Canon,EOS 1D Mark III,434,1600,1103.0,220,86.27450980392157,35.417651181106
Canon,EOS 1D Mark III,434,1600,1103.0,221,86.66666666666667,35.435704857691
Canon,EOS 1D Mark III,434,1600,1103.0,222,87.05882352941177,35.453669302739
Canon,EOS 1D Mark III,434,1600,1103.0,223,87.45098039215686,35.471545328655
Canon,EOS 1D Mark III,434,1600,1103.0,224,87.84313725490196,35.489333736872
Canon,EOS 1D Mark III,434,1600,1103.0,225,88.23529411764706,35.507035318049
Canon,EOS 1D Mark III,434,1600,1103.0,226,88.62745098039215,35.52465085226
Canon,EOS 1D Mark III,434,1600,1103.0,227,89.01960784313725,35.542181109186
Canon,EOS 1D Mark III,434,1600,1103.0,228,89.41176470588236,35.559626848293
Canon,EOS 1D Mark III,434,1600,1103.0,229,89.80392156862746,35.57698881902
Canon,EOS 1D Mark III,434,1600,1103.0,230,90.19607843137256,35.594267760947
Canon,EOS 1D Mark III,434,1600,1103.0,231,90.58823529411765,35.611464403971
Canon,EOS 1D Mark III,434,1600,1103.0,232,90.98039215686275,35.628579468472
Canon,EOS 1D Mark III,434,1600,1103.0,233,91.37254901960785,35.645613665481
Canon,EOS 1D Mark III,434,1600,1103.0,234,91.76470588235294,35.662567696837
Canon,EOS 1D Mark III,434,1600,1103.0,235,92.15686274509804,35.679442255347
Canon,EOS 1D Mark III,434,1600,1103.0,236,92.54901960784314,35.696238024941
Canon,EOS 1D Mark III,434,1600,1103.0,237,92.94117647058823,35.71295568082
Canon,EOS 1D Mark III,434,1600,1103.0,238,93.33333333333333,35.729595889605
Canon,EOS 1D Mark III,434,1600,1103.0,239,93.72549019607843,35.746159309484
Canon,EOS 1D Mark III,434,1600,1103.0,240,94.11764705882352,35.76264659035
Canon,EOS 1D Mark III,434,1600,1103.0,241,94.50980392156862,35.779058373943
Canon,EOS 1D Mark III,434,1600,1103.0,242,94.90196078431372,35.795395293981
Canon,EOS 1D Mark III,434,1600,1103.0,243,95.29411764705881,35.811657976299
Canon,EOS 1D Mark III,434,1600,1103.0,244,95.68627450980392,35.827847038975
Canon,EOS 1D Mark III,434,1600,1103.0,245,96.07843137254902,35.843963092459
Canon,EOS 1D Mark III,434,1600,1103.0,246,96.47058823529412,35.860006739696
Canon,EOS 1D Mark III,434,1600,1103.0,247,96.86274509803921,35.875978576253
Canon,EOS 1D Mark III,434,1600,1103.0,248,97.25490196078431,35.891879190433
Canon,EOS 1D Mark III,434,1600,1103.0,249,97.6470588235294,35.907709163398
Canon,EOS 1D Mark III,434,1600,1103.0,250,98.0392156862745,35.923469069278
Canon,EOS 1D Mark III,434,1600,1103.0,251,98.4313725490196,35.939159475292
Canon,EOS 1D Mark III,434,1600,1103.0,252,98.82352941176471,35.95478094185
Canon,EOS 1D Mark III,434,1600,1103.0,253,99.2156862745098,35.970334022665
Canon,EOS 1D Mark III,434,1600,1103.0,254,99.6078431372549,35.985819264863
Canon,EOS 1D Mark III,434,1600,1103.0,255,100.0,36.001237209078
Canon,EOS 1D Mark III,434,3200,2020.0,0.61144847452223,0.2397837154989137,0
Canon,EOS 1D Mark III,434,3200,2020.0,0.7,0.2745098039215686,1.3110842186354
Canon,EOS 1D Mark III,434,3200,2020.0,1.2595506593418,0.493941435036,4.0269327747171
Canon,EOS 1D Mark III,434,3200,2020.0,2,0.7843137254901961,8.9722106096987
Canon,EOS 1D Mark III,434,3200,2020.0,3,1.1764705882352942,11.632205208195
Canon,EOS 1D Mark III,434,3200,2020.0,4,1.5686274509803921,13.411656043986
Canon,EOS 1D Mark III,434,3200,2020.0,5,1.9607843137254901,14.732461194892
Canon,EOS 1D Mark III,434,3200,2020.0,6,2.3529411764705883,15.775232794659
Canon,EOS 1D Mark III,434,3200,2020.0,7,2.7450980392156863,16.632912858094
Canon,EOS 1D Mark III,434,3200,2020.0,8,3.1372549019607843,17.359219410067
Canon,EOS 1D Mark III,434,3200,2020.0,9,3.5294117647058822,17.987816037129
Canon,EOS 1D Mark III,434,3200,2020.0,10,3.9215686274509802,18.541100917143
Canon,EOS 1D Mark III,434,3200,2020.0,11,4.313725490196078,19.034682301956
Canon,EOS 1D Mark III,434,3200,2020.0,12,4.705882352941177,19.479845186554
Canon,EOS 1D Mark III,434,3200,2020.0,13,5.098039215686274,19.884997915381
Canon,EOS 1D Mark III,434,3200,2020.0,14,5.490196078431373,20.2565641982
Canon,EOS 1D Mark III,434,3200,2020.0,15,5.88235294117647,20.599556417198
Canon,EOS 1D Mark III,434,3200,2020.0,20,7.8431372549019605,22.001927834277
Canon,EOS 1D Mark III,434,3200,2020.0,25,9.803921568627452,23.062370802166
Canon,EOS 1D Mark III,434,3200,2020.0,30,11.76470588235294,23.913542300057
Canon,EOS 1D Mark III,434,3200,2020.0,35,13.725490196078432,24.623643963632
Canon,EOS 1D Mark III,434,3200,2020.0,42,16.470588235294116,25.453270893355
Canon,EOS 1D Mark III,434,3200,2020.0,43,16.862745098039216,25.55958287847
Canon,EOS 1D Mark III,434,3200,2020.0,44,17.254901960784313,25.663288878184
Canon,EOS 1D Mark III,434,3200,2020.0,45,17.647058823529413,25.764511188039
Canon,EOS 1D Mark III,434,3200,2020.0,46,18.03921568627451,25.863363725655
Canon,EOS 1D Mark III,434,3200,2020.0,47,18.43137254901961,25.959952776532
Canon,EOS 1D Mark III,434,3200,2020.0,48,18.823529411764707,26.0543776589
Canon,EOS 1D Mark III,434,3200,2020.0,49,19.215686274509807,26.146731317887
Canon,EOS 1D Mark III,434,3200,2020.0,50,19.607843137254903,26.237100857838
Canon,EOS 1D Mark III,434,3200,2020.0,51,20.0,26.325568020318
Canon,EOS 1D Mark III,434,3200,2020.0,52,20.392156862745097,26.412209614318
Canon,EOS 1D Mark III,434,3200,2020.0,53,20.784313725490197,26.497097904264
Canon,EOS 1D Mark III,434,3200,2020.0,54,21.176470588235293,26.580300960698
Canon,EOS 1D Mark III,434,3200,2020.0,55,21.568627450980394,26.661882977841
Canon,EOS 1D Mark III,434,3200,2020.0,56,21.96078431372549,26.741904561731
Canon,EOS 1D Mark III,434,3200,2020.0,57,22.35294117647059,26.820422992123
Canon,EOS 1D Mark III,434,3200,2020.0,58,22.745098039215687,26.897492460974
Canon,EOS 1D Mark III,434,3200,2020.0,59,23.137254901960784,26.973164289976
Canon,EOS 1D Mark III,434,3200,2020.0,60,23.52941176470588,27.047487129295
Canon,EOS 1D Mark III,434,3200,2020.0,61,23.92156862745098,27.120507139438
Canon,EOS 1D Mark III,434,3200,2020.0,62,24.313725490196077,27.192268157934
Canon,EOS 1D Mark III,434,3200,2020.0,63,24.705882352941178,27.262811852313
Canon,EOS 1D Mark III,434,3200,2020.0,64,25.098039215686274,27.332177860726
Canon,EOS 1D Mark III,434,3200,2020.0,65,25.49019607843137,27.400403921371
Canon,EOS 1D Mark III,434,3200,2020.0,66,25.882352941176475,27.467525991784
Canon,EOS 1D Mark III,434,3200,2020.0,67,26.27450980392157,27.53357835892
Canon,EOS 1D Mark III,434,3200,2020.0,68,26.666666666666668,27.598593740885
Canon,EOS 1D Mark III,434,3200,2020.0,69,27.058823529411764,27.662603381033
Canon,EOS 1D Mark III,434,3200,2020.0,70,27.450980392156865,27.725637135143
Canon,EOS 1D Mark III,434,3200,2020.0,71,27.84313725490196,27.787723552245
Canon,EOS 1D Mark III,434,3200,2020.0,72,28.235294117647058,27.848889949658
Canon,EOS 1D Mark III,434,3200,2020.0,73,28.627450980392155,27.909162482727
Canon,EOS 1D Mark III,434,3200,2020.0,74,29.01960784313726,27.968566209696
Canon,EOS 1D Mark III,434,3200,2020.0,75,29.411764705882355,28.027125152131
Canon,EOS 1D Mark III,434,3200,2020.0,76,29.80392156862745,28.084862351236
Canon,EOS 1D Mark III,434,3200,2020.0,77,30.19607843137255,28.141799920405
Canon,EOS 1D Mark III,434,3200,2020.0,78,30.58823529411765,28.197959094306
Canon,EOS 1D Mark III,434,3200,2020.0,79,30.980392156862745,28.253360274764
Canon,EOS 1D Mark III,434,3200,2020.0,80,31.372549019607842,28.30802307369
Canon,EOS 1D Mark III,434,3200,2020.0,81,31.76470588235294,28.361966353282
Canon,EOS 1D Mark III,434,3200,2020.0,82,32.15686274509804,28.415208263711
Canon,EOS 1D Mark III,434,3200,2020.0,83,32.549019607843135,28.467766278463
Canon,EOS 1D Mark III,434,3200,2020.0,84,32.94117647058823,28.519657227518
Canon,EOS 1D Mark III,434,3200,2020.0,85,33.33333333333333,28.570897328532
Canon,EOS 1D Mark III,434,3200,2020.0,86,33.72549019607843,28.62150221614
Canon,EOS 1D Mark III,434,3200,2020.0,87,34.11764705882353,28.671486969545
Canon,EOS 1D Mark III,434,3200,2020.0,88,34.509803921568626,28.720866138482
Canon,EOS 1D Mark III,434,3200,2020.0,89,34.90196078431372,28.76965376769
Canon,EOS 1D Mark III,434,3200,2020.0,90,35.294117647058826,28.817863419993
Canon,EOS 1D Mark III,434,3200,2020.0,91,35.68627450980392,28.865508198067
Canon,EOS 1D Mark III,434,3200,2020.0,92,36.07843137254902,28.912600765004
Canon,EOS 1D Mark III,434,3200,2020.0,93,36.470588235294116,28.959153363732
Canon,EOS 1D Mark III,434,3200,2020.0,94,36.86274509803922,29.005177835383
Canon,EOS 1D Mark III,434,3200,2020.0,95,37.254901960784316,29.050685636666
Canon,EOS 1D Mark III,434,3200,2020.0,96,37.64705882352941,29.095687856307
Canon,EOS 1D Mark III,434,3200,2020.0,97,38.03921568627451,29.140195230631
Canon,EOS 1D Mark III,434,3200,2020.0,98,38.43137254901961,29.18421815832
Canon,EOS 1D Mark III,434,3200,2020.0,99,38.82352941176471,29.227766714409
Canon,EOS 1D Mark III,434,3200,2020.0,100,39.21568627450981,29.270850663567
Canon,EOS 1D Mark III,434,3200,2020.0,101,39.6078431372549,29.3134794727
Canon,EOS 1D Mark III,434,3200,2020.0,102,40.0,29.355662322931
Canon,EOS 1D Mark III,434,3200,2020.0,103,40.3921568627451,29.397408120968
Canon,EOS 1D Mark III,434,3200,2020.0,104,40.78431372549019,29.43872550993
Canon,EOS 1D Mark III,434,3200,2020.0,105,41.17647058823529,29.479622879632
Canon,EOS 1D Mark III,434,3200,2020.0,106,41.568627450980394,29.520108376381
Canon,EOS 1D Mark III,434,3200,2020.0,107,41.96078431372549,29.560189912299
Canon,EOS 1D Mark III,434,3200,2020.0,108,42.35294117647059,29.599875174205
Canon,EOS 1D Mark III,434,3200,2020.0,109,42.745098039215684,29.639171632087
Canon,EOS 1D Mark III,434,3200,2020.0,110,43.13725490196079,29.678086547166
Canon,EOS 1D Mark III,434,3200,2020.0,111,43.529411764705884,29.716626979605
Canon,EOS 1D Mark III,434,3200,2020.0,112,43.92156862745098,29.75479979585
Canon,EOS 1D Mark III,434,3200,2020.0,113,44.31372549019608,29.792611675655
Canon,EOS 1D Mark III,434,3200,2020.0,114,44.70588235294118,29.830069118776
Canon,EOS 1D Mark III,434,3200,2020.0,115,45.09803921568628,29.86717845138
Canon,EOS 1D Mark III,434,3200,2020.0,116,45.490196078431374,29.903945832166
Canon,EOS 1D Mark III,434,3200,2020.0,117,45.88235294117647,29.940377258217
Canon,EOS 1D Mark III,434,3200,2020.0,118,46.27450980392157,29.976478570608
Canon,EOS 1D Mark III,434,3200,2020.0,119,46.666666666666664,30.012255459757
Canon,EOS 1D Mark III,434,3200,2020.0,120,47.05882352941176,30.047713470566
Canon,EOS 1D Mark III,434,3200,2020.0,121,47.45098039215686,30.082858007334
Canon,EOS 1D Mark III,434,3200,2020.0,122,47.84313725490196,30.117694338465
Canon,EOS 1D Mark III,434,3200,2020.0,123,48.23529411764706,30.152227600987
Canon,EOS 1D Mark III,434,3200,2020.0,124,48.627450980392155,30.186462804879
Canon,EOS 1D Mark III,434,3200,2020.0,125,49.01960784313725,30.220404837223
Canon,EOS 1D Mark III,434,3200,2020.0,126,49.411764705882355,30.254058466187
Canon,EOS 1D Mark III,434,3200,2020.0,127,49.80392156862745,30.287428344853
Canon,EOS 1D Mark III,434,3200,2020.0,128,50.19607843137255,30.320519014885
Canon,EOS 1D Mark III,434,3200,2020.0,129,50.588235294117645,30.353334910055
Canon,EOS 1D Mark III,434,3200,2020.0,130,50.98039215686274,30.385880359635
Canon,EOS 1D Mark III,434,3200,2020.0,131,51.37254901960784,30.418159591651
Canon,EOS 1D Mark III,434,3200,2020.0,132,51.76470588235295,30.45017673601
Canon,EOS 1D Mark III,434,3200,2020.0,133,52.156862745098046,30.481935827519
Canon,EOS 1D Mark III,434,3200,2020.0,134,52.54901960784314,30.513440808772
Canon,EOS 1D Mark III,434,3200,2020.0,135,52.94117647058824,30.544695532942
Canon,EOS 1D Mark III,434,3200,2020.0,136,53.333333333333336,30.575703766461
Canon,EOS 1D Mark III,434,3200,2020.0,137,53.72549019607843,30.606469191603
Canon,EOS 1D Mark III,434,3200,2020.0,138,54.11764705882353,30.636995408972
Canon,EOS 1D Mark III,434,3200,2020.0,139,54.509803921568626,30.667285939897
Canon,EOS 1D Mark III,434,3200,2020.0,140,54.90196078431373,30.697344228739
Canon,EOS 1D Mark III,434,3200,2020.0,141,55.294117647058826,30.727173645121
Canon,EOS 1D Mark III,434,3200,2020.0,142,55.68627450980392,30.756777486068
Canon,EOS 1D Mark III,434,3200,2020.0,143,56.07843137254902,30.786158978081
Canon,EOS 1D Mark III,434,3200,2020.0,144,56.470588235294116,30.81532127913
Canon,EOS 1D Mark III,434,3200,2020.0,145,56.86274509803921,30.844267480581
Canon,EOS 1D Mark III,434,3200,2020.0,146,57.25490196078431,30.873000609053
Canon,EOS 1D Mark III,434,3200,2020.0,147,57.647058823529406,30.901523628216
Canon,EOS 1D Mark III,434,3200,2020.0,148,58.03921568627452,30.92983944052
Canon,EOS 1D Mark III,434,3200,2020.0,149,58.43137254901961,30.957950888872
Canon,EOS 1D Mark III,434,3200,2020.0,150,58.82352941176471,30.985860758249
Canon,EOS 1D Mark III,434,3200,2020.0,151,59.21568627450981,31.013571777263
Canon,EOS 1D Mark III,434,3200,2020.0,152,59.6078431372549,31.041086619668
Canon,EOS 1D Mark III,434,3200,2020.0,153,60.0,31.068407905825
Canon,EOS 1D Mark III,434,3200,2020.0,154,60.3921568627451,31.095538204109
Canon,EOS 1D Mark III,434,3200,2020.0,155,60.78431372549019,31.122480032274
Canon,EOS 1D Mark III,434,3200,2020.0,156,61.1764705882353,31.149235858777
Canon,EOS 1D Mark III,434,3200,2020.0,157,61.568627450980394,31.175808104055
Canon,EOS 1D Mark III,434,3200,2020.0,158,61.96078431372549,31.202199141759
Canon,EOS 1D Mark III,434,3200,2020.0,159,62.35294117647059,31.228411299953
Canon,EOS 1D Mark III,434,3200,2020.0,160,62.745098039215684,31.254446862277
Canon,EOS 1D Mark III,434,3200,2020.0,161,63.13725490196078,31.280308069063
Canon,EOS 1D Mark III,434,3200,2020.0,162,63.52941176470588,31.305997118426
Canon,EOS 1D Mark III,434,3200,2020.0,163,63.921568627450974,31.331516167319
Canon,EOS 1D Mark III,434,3200,2020.0,164,64.31372549019608,31.356867332549
Canon,EOS 1D Mark III,434,3200,2020.0,165,64.70588235294117,31.382052691773
Canon,EOS 1D Mark III,434,3200,2020.0,166,65.09803921568627,31.40707428445
Canon,EOS 1D Mark III,434,3200,2020.0,167,65.49019607843137,31.431934112776
Canon,EOS 1D Mark III,434,3200,2020.0,168,65.88235294117646,31.456634142585
Canon,EOS 1D Mark III,434,3200,2020.0,169,66.27450980392156,31.481176304223
Canon,EOS 1D Mark III,434,3200,2020.0,170,66.66666666666666,31.505562493394
Canon,EOS 1D Mark III,434,3200,2020.0,171,67.05882352941175,31.52979457199
Canon,EOS 1D Mark III,434,3200,2020.0,172,67.45098039215686,31.553874368884
Canon,EOS 1D Mark III,434,3200,2020.0,173,67.84313725490196,31.577803680706
Canon,EOS 1D Mark III,434,3200,2020.0,174,68.23529411764706,31.601584272601
Canon,EOS 1D Mark III,434,3200,2020.0,175,68.62745098039215,31.625217878955
Canon,EOS 1D Mark III,434,3200,2020.0,176,69.01960784313725,31.648706204107
Canon,EOS 1D Mark III,434,3200,2020.0,177,69.41176470588235,31.672050923039
Canon,EOS 1D Mark III,434,3200,2020.0,178,69.80392156862744,31.695253682046
Canon,EOS 1D Mark III,434,3200,2020.0,179,70.19607843137254,31.718316099384
Canon,EOS 1D Mark III,434,3200,2020.0,180,70.58823529411765,31.741239765909
Canon,EOS 1D Mark III,434,3200,2020.0,181,70.98039215686275,31.764026245686
Canon,EOS 1D Mark III,434,3200,2020.0,182,71.37254901960785,31.786677076588
Canon,EOS 1D Mark III,434,3200,2020.0,183,71.76470588235294,31.809193770881
Canon,EOS 1D Mark III,434,3200,2020.0,184,72.15686274509804,31.831577815784
Canon,EOS 1D Mark III,434,3200,2020.0,185,72.54901960784314,31.853830674022
Canon,EOS 1D Mark III,434,3200,2020.0,186,72.94117647058823,31.875953784359
Canon,EOS 1D Mark III,434,3200,2020.0,187,73.33333333333333,31.897948562119
Canon,EOS 1D Mark III,434,3200,2020.0,188,73.72549019607844,31.919816399692
Canon,EOS 1D Mark III,434,3200,2020.0,189,74.11764705882354,31.941558667027
Canon,EOS 1D Mark III,434,3200,2020.0,190,74.50980392156863,31.963176712111
Canon,EOS 1D Mark III,434,3200,2020.0,191,74.90196078431373,31.984671861434
Canon,EOS 1D Mark III,434,3200,2020.0,192,75.29411764705883,32.006045420447
Canon,EOS 1D Mark III,434,3200,2020.0,193,75.68627450980392,32.027298674
Canon,EOS 1D Mark III,434,3200,2020.0,194,76.07843137254902,32.048432886779
Canon,EOS 1D Mark III,434,3200,2020.0,195,76.47058823529412,32.069449303717
Canon,EOS 1D Mark III,434,3200,2020.0,196,76.86274509803923,32.090349150412
Canon,EOS 1D Mark III,434,3200,2020.0,197,77.25490196078432,32.111133633518
Canon,EOS 1D Mark III,434,3200,2020.0,198,77.64705882352942,32.131803941137
Canon,EOS 1D Mark III,434,3200,2020.0,199,78.03921568627452,32.152361243196
Canon,EOS 1D Mark III,434,3200,2020.0,200,78.43137254901961,32.172806691816
Canon,EOS 1D Mark III,434,3200,2020.0,201,78.82352941176471,32.193141421672
Canon,EOS 1D Mark III,434,3200,2020.0,202,79.2156862745098,32.21336655034
Canon,EOS 1D Mark III,434,3200,2020.0,203,79.6078431372549,32.233483178642
Canon,EOS 1D Mark III,434,3200,2020.0,204,80.0,32.25349239098
Canon,EOS 1D Mark III,434,3200,2020.0,205,80.3921568627451,32.273395255656
Canon,EOS 1D Mark III,434,3200,2020.0,206,80.7843137254902,32.293192825193
Canon,EOS 1D Mark III,434,3200,2020.0,207,81.17647058823529,32.312886136643
Canon,EOS 1D Mark III,434,3200,2020.0,208,81.56862745098039,32.332476211886
Canon,EOS 1D Mark III,434,3200,2020.0,209,81.96078431372548,32.35196405793
Canon,EOS 1D Mark III,434,3200,2020.0,210,82.35294117647058,32.371350667193
Canon,EOS 1D Mark III,434,3200,2020.0,211,82.74509803921568,32.390637017784
Canon,EOS 1D Mark III,434,3200,2020.0,212,83.13725490196079,32.40982407378
Canon,EOS 1D Mark III,434,3200,2020.0,213,83.52941176470588,32.428912785488
Canon,EOS 1D Mark III,434,3200,2020.0,214,83.92156862745098,32.447904089709
Canon,EOS 1D Mark III,434,3200,2020.0,215,84.31372549019608,32.466798909994
Canon,EOS 1D Mark III,434,3200,2020.0,216,84.70588235294117,32.485598156887
Canon,EOS 1D Mark III,434,3200,2020.0,217,85.09803921568627,32.504302728175
Canon,EOS 1D Mark III,434,3200,2020.0,218,85.49019607843137,32.522913509118
Canon,EOS 1D Mark III,434,3200,2020.0,219,85.88235294117646,32.541431372688
Canon,EOS 1D Mark III,434,3200,2020.0,220,86.27450980392157,32.559857179788
Canon,EOS 1D Mark III,434,3200,2020.0,221,86.66666666666667,32.578191779478
Canon,EOS 1D Mark III,434,3200,2020.0,222,87.05882352941177,32.596436009192
Canon,EOS 1D Mark III,434,3200,2020.0,223,87.45098039215686,32.614590694944
Canon,EOS 1D Mark III,434,3200,2020.0,224,87.84313725490196,32.63265665154
Canon,EOS 1D Mark III,434,3200,2020.0,225,88.23529411764706,32.650634682777
Canon,EOS 1D Mark III,434,3200,2020.0,226,88.62745098039215,32.668525581638
Canon,EOS 1D Mark III,434,3200,2020.0,227,89.01960784313725,32.686330130491
Canon,EOS 1D Mark III,434,3200,2020.0,228,89.41176470588236,32.704049101274
Canon,EOS 1D Mark III,434,3200,2020.0,229,89.80392156862746,32.721683255677
Canon,EOS 1D Mark III,434,3200,2020.0,230,90.19607843137256,32.739233345327
Canon,EOS 1D Mark III,434,3200,2020.0,231,90.58823529411765,32.756700111963
Canon,EOS 1D Mark III,434,3200,2020.0,232,90.98039215686275,32.774084287606
Canon,EOS 1D Mark III,434,3200,2020.0,233,91.37254901960785,32.791386594733
Canon,EOS 1D Mark III,434,3200,2020.0,234,91.76470588235294,32.808607746436
Canon,EOS 1D Mark III,434,3200,2020.0,235,92.15686274509804,32.825748446587
Canon,EOS 1D Mark III,434,3200,2020.0,236,92.54901960784314,32.842809389999
Canon,EOS 1D Mark III,434,3200,2020.0,237,92.94117647058823,32.859791262574
Canon,EOS 1D Mark III,434,3200,2020.0,238,93.33333333333333,32.876694741459
Canon,EOS 1D Mark III,434,3200,2020.0,239,93.72549019607843,32.893520495196
Canon,EOS 1D Mark III,434,3200,2020.0,240,94.11764705882352,32.910269183862
Canon,EOS 1D Mark III,434,3200,2020.0,241,94.50980392156862,32.926941459214
Canon,EOS 1D Mark III,434,3200,2020.0,242,94.90196078431372,32.943537964829
Canon,EOS 1D Mark III,434,3200,2020.0,243,95.29411764705881,32.960059336238
Canon,EOS 1D Mark III,434,3200,2020.0,244,95.68627450980392,32.976506201061
Canon,EOS 1D Mark III,434,3200,2020.0,245,96.07843137254902,32.992879179138
Canon,EOS 1D Mark III,434,3200,2020.0,246,96.47058823529412,33.009178882656
Canon,EOS 1D Mark III,434,3200,2020.0,247,96.86274509803921,33.025405916273
Canon,EOS 1D Mark III,434,3200,2020.0,248,97.25490196078431,33.041560877245
Canon,EOS 1D Mark III,434,3200,2020.0,249,97.6470588235294,33.057644355541
Canon,EOS 1D Mark III,434,3200,2020.0,250,98.0392156862745,33.073656933966
Canon,EOS 1D Mark III,434,3200,2020.0,251,98.4313725490196,33.089599188273
Canon,EOS 1D Mark III,434,3200,2020.0,252,98.82352941176471,33.105471687278
Canon,EOS 1D Mark III,434,3200,2020.0,253,99.2156862745098,33.121274992969
Canon,EOS 1D Mark III,434,3200,2020.0,254,99.6078431372549,33.137009660617
Canon,EOS 1D Mark III,434,3200,2020.0,255,100.0,33.152676238882
Canon,EOS 1D Mark III,434,6400,3645.0,1.3736445407433,0.5386841336248236,0
Canon,EOS 1D Mark III,434,6400,3645.0,2,0.7843137254901961,3.9748096836991
Canon,EOS 1D Mark III,434,6400,3645.0,3,1.1764705882352942,6.9291344179593
Canon,EOS 1D Mark III,434,6400,3645.0,4,1.5686274509803921,8.9257522005208
Canon,EOS 1D Mark III,434,6400,3645.0,5,1.9607843137254901,10.413602260748
Canon,EOS 1D Mark III,434,6400,3645.0,6,2.3529411764705883,11.58896144019
Canon,EOS 1D Mark III,434,6400,3645.0,7,2.7450980392156863,12.554497229569
Canon,EOS 1D Mark III,434,6400,3645.0,8,3.1372549019607843,13.370294710176
Canon,EOS 1D Mark III,434,6400,3645.0,9,3.5294117647058822,14.074364922872
Canon,EOS 1D Mark III,434,6400,3645.0,10,3.9215686274509802,14.692177930521
Canon,EOS 1D Mark III,434,6400,3645.0,11,4.313725490196078,15.241575239434
Canon,EOS 1D Mark III,434,6400,3645.0,12,4.705882352941177,15.735504957693
Canon,EOS 1D Mark III,434,6400,3645.0,13,5.098039215686274,16.183639763602
Canon,EOS 1D Mark III,434,6400,3645.0,14,5.490196078431373,16.593381882542
Canon,EOS 1D Mark III,434,6400,3645.0,15,5.88235294117647,16.970512959805
Canon,EOS 1D Mark III,434,6400,3645.0,20,7.8431372549019605,18.500867241865
Canon,EOS 1D Mark III,434,6400,3645.0,25,9.803921568627452,19.645323998888
Canon,EOS 1D Mark III,434,6400,3645.0,30,11.76470588235294,20.556060303686
Canon,EOS 1D Mark III,434,6400,3645.0,35,13.725490196078432,21.31072800657
Canon,EOS 1D Mark III,434,6400,3645.0,42,16.470588235294116,22.186897205008
Canon,EOS 1D Mark III,434,6400,3645.0,43,16.862745098039216,22.298767484405
Canon,EOS 1D Mark III,434,6400,3645.0,44,17.254901960784313,22.40781040313
Canon,EOS 1D Mark III,434,6400,3645.0,45,17.647058823529413,22.514161846892
Canon,EOS 1D Mark III,434,6400,3645.0,46,18.03921568627451,22.617948232237
Canon,EOS 1D Mark III,434,6400,3645.0,47,18.43137254901961,22.719287359753
Canon,EOS 1D Mark III,434,6400,3645.0,48,18.823529411764707,22.818289173872
Canon,EOS 1D Mark III,434,6400,3645.0,49,19.215686274509807,22.915056441209
Canon,EOS 1D Mark III,434,6400,3645.0,50,19.607843137254903,23.009685357649
Canon,EOS 1D Mark III,434,6400,3645.0,51,20.0,23.102266092946
Canon,EOS 1D Mark III,434,6400,3645.0,52,20.392156862745097,23.192883280356
Canon,EOS 1D Mark III,434,6400,3645.0,53,20.784313725490197,23.281616457797
Canon,EOS 1D Mark III,434,6400,3645.0,54,21.176470588235293,23.368540466165
Canon,EOS 1D Mark III,434,6400,3645.0,55,21.568627450980394,23.453725809674
Canon,EOS 1D Mark III,434,6400,3645.0,56,21.96078431372549,23.537238982467
Canon,EOS 1D Mark III,434,6400,3645.0,57,22.35294117647059,23.619142765213
Canon,EOS 1D Mark III,434,6400,3645.0,58,22.745098039215687,23.699496494901
Canon,EOS 1D Mark III,434,6400,3645.0,59,23.137254901960784,23.778356310705
Canon,EOS 1D Mark III,434,6400,3645.0,60,23.52941176470588,23.855775378381
Canon,EOS 1D Mark III,434,6400,3645.0,61,23.92156862745098,23.931804095426
Canon,EOS 1D Mark III,434,6400,3645.0,62,24.313725490196077,24.006490278917
Canon,EOS 1D Mark III,434,6400,3645.0,63,24.705882352941178,24.079879337759
Canon,EOS 1D Mark III,434,6400,3645.0,64,25.098039215686274,24.152014430861
Canon,EOS 1D Mark III,434,6400,3645.0,65,25.49019607843137,24.222936612587
Canon,EOS 1D Mark III,434,6400,3645.0,66,25.882352941176475,24.292684966702
Canon,EOS 1D Mark III,434,6400,3645.0,67,26.27450980392157,24.361296729864
Canon,EOS 1D Mark III,434,6400,3645.0,68,26.666666666666668,24.428807405634
Canon,EOS 1D Mark III,434,6400,3645.0,69,27.058823529411764,24.495250869864
Canon,EOS 1D Mark III,434,6400,3645.0,70,27.450980392156865,24.560659468222
Canon,EOS 1D Mark III,434,6400,3645.0,71,27.84313725490196,24.625064106551
Canon,EOS 1D Mark III,434,6400,3645.0,72,28.235294117647058,24.688494334684
Canon,EOS 1D Mark III,434,6400,3645.0,73,28.627450980392155,24.750978424267
Canon,EOS 1D Mark III,434,6400,3645.0,74,29.01960784313726,24.8125434411
Canon,EOS 1D Mark III,434,6400,3645.0,75,29.411764705882355,24.873215312458
Canon,EOS 1D Mark III,434,6400,3645.0,76,29.80392156862745,24.933018889781
Canon,EOS 1D Mark III,434,6400,3645.0,77,30.19607843137255,24.99197800714
Canon,EOS 1D Mark III,434,6400,3645.0,78,30.58823529411765,25.050115535785
Canon,EOS 1D Mark III,434,6400,3645.0,79,30.980392156862745,25.107453435111
Canon,EOS 1D Mark III,434,6400,3645.0,80,31.372549019607842,25.164012800293
Canon,EOS 1D Mark III,434,6400,3645.0,81,31.76470588235294,25.219813906872
Canon,EOS 1D Mark III,434,6400,3645.0,82,32.15686274509804,25.274876252512
Canon,EOS 1D Mark III,434,6400,3645.0,83,32.549019607843135,25.329218596132
Canon,EOS 1D Mark III,434,6400,3645.0,84,32.94117647058823,25.382858994623
Canon,EOS 1D Mark III,434,6400,3645.0,85,33.33333333333333,25.435814837313
Canon,EOS 1D Mark III,434,6400,3645.0,86,33.72549019607843,25.488102878361
Canon,EOS 1D Mark III,434,6400,3645.0,87,34.11764705882353,25.5397392672
Canon,EOS 1D Mark III,434,6400,3645.0,88,34.509803921568626,25.590739577194
Canon,EOS 1D Mark III,434,6400,3645.0,89,34.90196078431372,25.64111883262
Canon,EOS 1D Mark III,434,6400,3645.0,90,35.294117647058826,25.690891534092
Canon,EOS 1D Mark III,434,6400,3645.0,91,35.68627450980392,25.740071682536
Canon,EOS 1D Mark III,434,6400,3645.0,92,36.07843137254902,25.788672801813
Canon,EOS 1D Mark III,434,6400,3645.0,93,36.470588235294116,25.836707960075
Canon,EOS 1D Mark III,434,6400,3645.0,94,36.86274509803922,25.884189789951
Canon,EOS 1D Mark III,434,6400,3645.0,95,37.254901960784316,25.931130507621
Canon,EOS 1D Mark III,434,6400,3645.0,96,37.64705882352941,25.977541930869
Canon,EOS 1D Mark III,434,6400,3645.0,97,38.03921568627451,26.023435496164
Canon,EOS 1D Mark III,434,6400,3645.0,98,38.43137254901961,26.068822274842
Canon,EOS 1D Mark III,434,6400,3645.0,99,38.82352941176471,26.113712988436
Canon,EOS 1D Mark III,434,6400,3645.0,100,39.21568627450981,26.158118023222
Canon,EOS 1D Mark III,434,6400,3645.0,101,39.6078431372549,26.202047444003
Canon,EOS 1D Mark III,434,6400,3645.0,102,40.0,26.245511007209
Canon,EOS 1D Mark III,434,6400,3645.0,103,40.3921568627451,26.28851817333
Canon,EOS 1D Mark III,434,6400,3645.0,104,40.78431372549019,26.331078118729
Canon,EOS 1D Mark III,434,6400,3645.0,105,41.17647058823529,26.373199746878
Canon,EOS 1D Mark III,434,6400,3645.0,106,41.568627450980394,26.414891699044
Canon,EOS 1D Mark III,434,6400,3645.0,107,41.96078431372549,26.456162364453
Canon,EOS 1D Mark III,434,6400,3645.0,108,42.35294117647059,26.497019889976
Canon,EOS 1D Mark III,434,6400,3645.0,109,42.745098039215684,26.537472189347
Canon,EOS 1D Mark III,434,6400,3645.0,110,43.13725490196079,26.577526951953
Canon,EOS 1D Mark III,434,6400,3645.0,111,43.529411764705884,26.617191651215
Canon,EOS 1D Mark III,434,6400,3645.0,112,43.92156862745098,26.656473552576
Canon,EOS 1D Mark III,434,6400,3645.0,113,44.31372549019608,26.695379721133
Canon,EOS 1D Mark III,434,6400,3645.0,114,44.70588235294118,26.733917028914
Canon,EOS 1D Mark III,434,6400,3645.0,115,45.09803921568628,26.772092161834
Canon,EOS 1D Mark III,434,6400,3645.0,116,45.490196078431374,26.809911626338
Canon,EOS 1D Mark III,434,6400,3645.0,117,45.88235294117647,26.847381755754
Canon,EOS 1D Mark III,434,6400,3645.0,118,46.27450980392157,26.884508716367
Canon,EOS 1D Mark III,434,6400,3645.0,119,46.666666666666664,26.921298513225
Canon,EOS 1D Mark III,434,6400,3645.0,120,47.05882352941176,26.957756995703
Canon,EOS 1D Mark III,434,6400,3645.0,121,47.45098039215686,26.993889862821
Canon,EOS 1D Mark III,434,6400,3645.0,122,47.84313725490196,27.029702668348
Canon,EOS 1D Mark III,434,6400,3645.0,123,48.23529411764706,27.065200825681
Canon,EOS 1D Mark III,434,6400,3645.0,124,48.627450980392155,27.100389612527
Canon,EOS 1D Mark III,434,6400,3645.0,125,49.01960784313725,27.13527417539
Canon,EOS 1D Mark III,434,6400,3645.0,126,49.411764705882355,27.169859533876
Canon,EOS 1D Mark III,434,6400,3645.0,127,49.80392156862745,27.204150584823
Canon,EOS 1D Mark III,434,6400,3645.0,128,50.19607843137255,27.238152106262
Canon,EOS 1D Mark III,434,6400,3645.0,129,50.588235294117645,27.271868761221
Canon,EOS 1D Mark III,434,6400,3645.0,130,50.98039215686274,27.305305101381
Canon,EOS 1D Mark III,434,6400,3645.0,131,51.37254901960784,27.338465570585
Canon,EOS 1D Mark III,434,6400,3645.0,132,51.76470588235295,27.371354508211
Canon,EOS 1D Mark III,434,6400,3645.0,133,52.156862745098046,27.403976152416
Canon,EOS 1D Mark III,434,6400,3645.0,134,52.54901960784314,27.43633464325
Canon,EOS 1D Mark III,434,6400,3645.0,135,52.94117647058824,27.468434025658
Canon,EOS 1D Mark III,434,6400,3645.0,136,53.333333333333336,27.500278252367
Canon,EOS 1D Mark III,434,6400,3645.0,137,53.72549019607843,27.531871186657
Canon,EOS 1D Mark III,434,6400,3645.0,138,54.11764705882353,27.56321660504
Canon,EOS 1D Mark III,434,6400,3645.0,139,54.509803921568626,27.594318199833
Canon,EOS 1D Mark III,434,6400,3645.0,140,54.90196078431373,27.625179581636
Canon,EOS 1D Mark III,434,6400,3645.0,141,55.294117647058826,27.655804281723
Canon,EOS 1D Mark III,434,6400,3645.0,142,55.68627450980392,27.686195754343
Canon,EOS 1D Mark III,434,6400,3645.0,143,56.07843137254902,27.716357378943
Canon,EOS 1D Mark III,434,6400,3645.0,144,56.470588235294116,27.746292462306
Canon,EOS 1D Mark III,434,6400,3645.0,145,56.86274509803921,27.776004240617
Canon,EOS 1D Mark III,434,6400,3645.0,146,57.25490196078431,27.805495881453
Canon,EOS 1D Mark III,434,6400,3645.0,147,57.647058823529406,27.834770485708
Canon,EOS 1D Mark III,434,6400,3645.0,148,58.03921568627452,27.863831089448
Canon,EOS 1D Mark III,434,6400,3645.0,149,58.43137254901961,27.892680665701
Canon,EOS 1D Mark III,434,6400,3645.0,150,58.82352941176471,27.921322126188
Canon,EOS 1D Mark III,434,6400,3645.0,151,59.21568627450981,27.949758322996
Canon,EOS 1D Mark III,434,6400,3645.0,152,59.6078431372549,27.97799205019
Canon,EOS 1D Mark III,434,6400,3645.0,153,60.0,28.006026045376
Canon,EOS 1D Mark III,434,6400,3645.0,154,60.3921568627451,28.033862991209
Canon,EOS 1D Mark III,434,6400,3645.0,155,60.78431372549019,28.061505516849
Canon,EOS 1D Mark III,434,6400,3645.0,156,61.1764705882353,28.088956199378
Canon,EOS 1D Mark III,434,6400,3645.0,157,61.568627450980394,28.116217565155
Canon,EOS 1D Mark III,434,6400,3645.0,158,61.96078431372549,28.143292091146
Canon,EOS 1D Mark III,434,6400,3645.0,159,62.35294117647059,28.170182206195
Canon,EOS 1D Mark III,434,6400,3645.0,160,62.745098039215684,28.196890292262
Canon,EOS 1D Mark III,434,6400,3645.0,161,63.13725490196078,28.223418685622
Canon,EOS 1D Mark III,434,6400,3645.0,162,63.52941176470588,28.249769678021
Canon,EOS 1D Mark III,434,6400,3645.0,163,63.921568627450974,28.275945517802
Canon,EOS 1D Mark III,434,6400,3645.0,164,64.31372549019608,28.301948410992
Canon,EOS 1D Mark III,434,6400,3645.0,165,64.70588235294117,28.327780522351
Canon,EOS 1D Mark III,434,6400,3645.0,166,65.09803921568627,28.353443976402
Canon,EOS 1D Mark III,434,6400,3645.0,167,65.49019607843137,28.378940858412
Canon,EOS 1D Mark III,434,6400,3645.0,168,65.88235294117646,28.404273215359
Canon,EOS 1D Mark III,434,6400,3645.0,169,66.27450980392156,28.429443056855
Canon,EOS 1D Mark III,434,6400,3645.0,170,66.66666666666666,28.454452356058
Canon,EOS 1D Mark III,434,6400,3645.0,171,67.05882352941175,28.479303050537
Canon,EOS 1D Mark III,434,6400,3645.0,172,67.45098039215686,28.503997043129
Canon,EOS 1D Mark III,434,6400,3645.0,173,67.84313725490196,28.52853620276
Canon,EOS 1D Mark III,434,6400,3645.0,174,68.23529411764706,28.552922365247
Canon,EOS 1D Mark III,434,6400,3645.0,175,68.62745098039215,28.57715733407
Canon,EOS 1D Mark III,434,6400,3645.0,176,69.01960784313725,28.601242881131
Canon,EOS 1D Mark III,434,6400,3645.0,177,69.41176470588235,28.625180747484
Canon,EOS 1D Mark III,434,6400,3645.0,178,69.80392156862744,28.648972644044
Canon,EOS 1D Mark III,434,6400,3645.0,179,70.19607843137254,28.672620252282
Canon,EOS 1D Mark III,434,6400,3645.0,180,70.58823529411765,28.696125224891
Canon,EOS 1D Mark III,434,6400,3645.0,181,70.98039215686275,28.719489186443
Canon,EOS 1D Mark III,434,6400,3645.0,182,71.37254901960785,28.742713734018
Canon,EOS 1D Mark III,434,6400,3645.0,183,71.76470588235294,28.765800437825
Canon,EOS 1D Mark III,434,6400,3645.0,184,72.15686274509804,28.788750841794
Canon,EOS 1D Mark III,434,6400,3645.0,185,72.54901960784314,28.811566464166
Canon,EOS 1D Mark III,434,6400,3645.0,186,72.94117647058823,28.834248798054
Canon,EOS 1D Mark III,434,6400,3645.0,187,73.33333333333333,28.856799311993
Canon,EOS 1D Mark III,434,6400,3645.0,188,73.72549019607844,28.879219450483
Canon,EOS 1D Mark III,434,6400,3645.0,189,74.11764705882354,28.901510634499
Canon,EOS 1D Mark III,434,6400,3645.0,190,74.50980392156863,28.923674262009
Canon,EOS 1D Mark III,434,6400,3645.0,191,74.90196078431373,28.94571170846
Canon,EOS 1D Mark III,434,6400,3645.0,192,75.29411764705883,28.967624327264
Canon,EOS 1D Mark III,434,6400,3645.0,193,75.68627450980392,28.98941345026
Canon,EOS 1D Mark III,434,6400,3645.0,194,76.07843137254902,29.011080388175
Canon,EOS 1D Mark III,434,6400,3645.0,195,76.47058823529412,29.032626431064
Canon,EOS 1D Mark III,434,6400,3645.0,196,76.86274509803923,29.054052848741
Canon,EOS 1D Mark III,434,6400,3645.0,197,77.25490196078432,29.075360891205
Canon,EOS 1D Mark III,434,6400,3645.0,198,77.64705882352942,29.096551789043
Canon,EOS 1D Mark III,434,6400,3645.0,199,78.03921568627452,29.117626753835
Canon,EOS 1D Mark III,434,6400,3645.0,200,78.43137254901961,29.138586978538
Canon,EOS 1D Mark III,434,6400,3645.0,201,78.82352941176471,29.159433637871
Canon,EOS 1D Mark III,434,6400,3645.0,202,79.2156862745098,29.180167888677
Canon,EOS 1D Mark III,434,6400,3645.0,203,79.6078431372549,29.200790870292
Canon,EOS 1D Mark III,434,6400,3645.0,204,80.0,29.221303704889
Canon,EOS 1D Mark III,434,6400,3645.0,205,80.3921568627451,29.241707497825
Canon,EOS 1D Mark III,434,6400,3645.0,206,80.7843137254902,29.262003337973
Canon,EOS 1D Mark III,434,6400,3645.0,207,81.17647058823529,29.282192298046
Canon,EOS 1D Mark III,434,6400,3645.0,208,81.56862745098039,29.302275434921
Canon,EOS 1D Mark III,434,6400,3645.0,209,81.96078431372548,29.322253789941
Canon,EOS 1D Mark III,434,6400,3645.0,210,82.35294117647058,29.342128389223
Canon,EOS 1D Mark III,434,6400,3645.0,211,82.74509803921568,29.361900243952
Canon,EOS 1D Mark III,434,6400,3645.0,212,83.13725490196079,29.381570350668
Canon,EOS 1D Mark III,434,6400,3645.0,213,83.52941176470588,29.401139691546
Canon,EOS 1D Mark III,434,6400,3645.0,214,83.92156862745098,29.420609234675
Canon,EOS 1D Mark III,434,6400,3645.0,215,84.31372549019608,29.439979934321
Canon,EOS 1D Mark III,434,6400,3645.0,216,84.70588235294117,29.45925273119
Canon,EOS 1D Mark III,434,6400,3645.0,217,85.09803921568627,29.478428552685
Canon,EOS 1D Mark III,434,6400,3645.0,218,85.49019607843137,29.497508313154
Canon,EOS 1D Mark III,434,6400,3645.0,219,85.88235294117646,29.516492914135
Canon,EOS 1D Mark III,434,6400,3645.0,220,86.27450980392157,29.535383244589
Canon,EOS 1D Mark III,434,6400,3645.0,221,86.66666666666667,29.554180181142
Canon,EOS 1D Mark III,434,6400,3645.0,222,87.05882352941177,29.572884588301
Canon,EOS 1D Mark III,434,6400,3645.0,223,87.45098039215686,29.591497318685
Canon,EOS 1D Mark III,434,6400,3645.0,224,87.84313725490196,29.610019213238
Canon,EOS 1D Mark III,434,6400,3645.0,225,88.23529411764706,29.628451101438
Canon,EOS 1D Mark III,434,6400,3645.0,226,88.62745098039215,29.646793801512
Canon,EOS 1D Mark III,434,6400,3645.0,227,89.01960784313725,29.66504812063
Canon,EOS 1D Mark III,434,6400,3645.0,228,89.41176470588236,29.683214855109
Canon,EOS 1D Mark III,434,6400,3645.0,229,89.80392156862746,29.701294790604
Canon,EOS 1D Mark III,434,6400,3645.0,230,90.19607843137256,29.719288702297
Canon,EOS 1D Mark III,434,6400,3645.0,231,90.58823529411765,29.737197355084
Canon,EOS 1D Mark III,434,6400,3645.0,232,90.98039215686275,29.755021503754
Canon,EOS 1D Mark III,434,6400,3645.0,233,91.37254901960785,29.772761893167
Canon,EOS 1D Mark III,434,6400,3645.0,234,91.76470588235294,29.790419258428
Canon,EOS 1D Mark III,434,6400,3645.0,235,92.15686274509804,29.807994325053
Canon,EOS 1D Mark III,434,6400,3645.0,236,92.54901960784314,29.825487809141
Canon,EOS 1D Mark III,434,6400,3645.0,237,92.94117647058823,29.842900417531
Canon,EOS 1D Mark III,434,6400,3645.0,238,93.33333333333333,29.860232847961
Canon,EOS 1D Mark III,434,6400,3645.0,239,93.72549019607843,29.877485789226
Canon,EOS 1D Mark III,434,6400,3645.0,240,94.11764705882352,29.89465992133
Canon,EOS 1D Mark III,434,6400,3645.0,241,94.50980392156862,29.911755915631
Canon,EOS 1D Mark III,434,6400,3645.0,242,94.90196078431372,29.928774434992
Canon,EOS 1D Mark III,434,6400,3645.0,243,95.29411764705881,29.945716133918
Canon,EOS 1D Mark III,434,6400,3645.0,244,95.68627450980392,29.962581658702
Canon,EOS 1D Mark III,434,6400,3645.0,245,96.07843137254902,29.979371647556
Canon,EOS 1D Mark III,434,6400,3645.0,246,96.47058823529412,29.996086730749
Canon,EOS 1D Mark III,434,6400,3645.0,247,96.86274509803921,30.012727530736
Canon,EOS 1D Mark III,434,6400,3645.0,248,97.25490196078431,30.029294662286
Canon,EOS 1D Mark III,434,6400,3645.0,249,97.6470588235294,30.045788732611
Canon,EOS 1D Mark III,434,6400,3645.0,250,98.0392156862745,30.062210341486
Canon,EOS 1D Mark III,434,6400,3645.0,251,98.4313725490196,30.078560081372
Canon,EOS 1D Mark III,434,6400,3645.0,252,98.82352941176471,30.094838537531
Canon,EOS 1D Mark III,434,6400,3645.0,253,99.2156862745098,30.111046288147
Canon,EOS 1D Mark III,434,6400,3645.0,254,99.6078431372549,30.127183904436
Canon,EOS 1D Mark III,434,6400,3645.0,255,100.0,30.143251950758
