brand,model,sensor_id,iso_manufacturer,iso_measured,gray_level_255,gray_pct,snr_db
Canon,EOS 750D,1010,100,84.0,0.11101756409666,0.043536299645749024,0
Canon,EOS 750D,1010,100,84.0,0.12475989494673,0.04892544899871765,0.96256225150227
Canon,EOS 750D,1010,100,84.0,0.15284901821151,0.059940791455494115,2.6236835054043
Canon,EOS 750D,1010,100,84.0,0.2324523619112,0.09115778898478431,5.986706488296
Canon,EOS 750D,1010,100,84.0,0.36711942399803,0.1439684015678549,9.522158225501
Canon,EOS 750D,1010,100,84.0,0.6676332641473,0.26181696633227447,13.880109699125
Canon,EOS 750D,1010,100,84.0,1.2366656167597,0.4849669085332157,17.987695710061
Canon,EOS 750D,1010,100,84.0,2.9615440698317,1.161389831306549,23.11625816374
Canon,EOS 750D,1010,100,84.0,4.5023891992488,1.7656428232348234,25.327701194489
Canon,EOS 750D,1010,100,84.0,5.5165495668632,2.1633527713189022,26.353276360727
Canon,EOS 750D,1010,100,84.0,6.5307099344776,2.5610627194029805,27.184983765407
Canon,EOS 750D,1010,100,84.0,7.5448703020919,2.9587726674870196,27.883049715662
Canon,EOS 750D,1010,100,84.0,8.5590306697063,3.356482615571098,28.483614343971
Canon,EOS 750D,1010,100,84.0,9.5731910373207,3.7541925636551765,29.01000606822
Canon,EOS 750D,1010,100,84.0,10.587351404935,4.151902511739215,29.478130266046
Canon,EOS 750D,1010,100,84.0,11.601511772549,4.5496124598231376,29.899303060627
Canon,EOS 750D,1010,100,84.0,12.615672140164,4.947322407907451,30.281854746933
Canon,EOS 750D,1010,100,84.0,13.629832507778,5.345032355991372,30.632091260175
Canon,EOS 750D,1010,100,84.0,14.643992875393,5.742742304075686,30.954898569655
Canon,EOS 750D,1010,100,84.0,15.658153243007,6.140452252159608,31.254137789626
Canon,EOS 750D,1010,100,84.0,16.672313610621,6.538162200243529,31.532912156287
Canon,EOS 750D,1010,100,84.0,17.686473978236,6.935872148327843,31.793752598219
Canon,EOS 750D,1010,100,84.0,18.70063434585,7.333582096411765,32.038749917747
Canon,EOS 750D,1010,100,84.0,19.714794713464,7.731292044495685,32.269650978503
Canon,EOS 750D,1010,100,84.0,20.728955081079,8.12900199258,32.487930032508
Canon,EOS 750D,1010,100,84.0,21.743115448693,8.52671194066392,32.69484250525
Canon,EOS 750D,1010,100,84.0,22.757275816308,8.924421888748235,32.891466164746
Canon,EOS 750D,1010,100,84.0,23.771436183922,9.322131836832156,33.078733061093
Canon,EOS 750D,1010,100,84.0,24.785596551536,9.719841784916078,33.257454609231
Canon,EOS 750D,1010,100,84.0,25.799756919151,10.117551733000392,33.428341506131
Canon,EOS 750D,1010,100,84.0,26.813917286765,10.515261681084315,33.592019706747
Canon,EOS 750D,1010,100,84.0,27.828077654379,10.912971629168236,33.749043357773
Canon,EOS 750D,1010,100,84.0,28.842238021994,11.310681577252549,33.89990535801
Canon,EOS 750D,1010,100,84.0,29.856398389608,11.70839152533647,34.045046048854
Canon,EOS 750D,1010,100,84.0,30.870558757223,12.106101473420786,34.18486041817
Canon,EOS 750D,1010,100,84.0,31.884719124837,12.503811421504707,34.319704112302
Canon,EOS 750D,1010,100,84.0,32.898879492451,12.901521369588629,34.449898485011
Canon,EOS 750D,1010,100,84.0,33.913039860066,13.299231317672941,34.575734862543
Canon,EOS 750D,1010,100,84.0,34.92720022768,13.696941265756863,34.697478166336
Canon,EOS 750D,1010,100,84.0,35.941360595295,14.094651213841178,34.815370005943
Canon,EOS 750D,1010,100,84.0,36.955520962909,14.492361161925096,34.929631332437
Canon,EOS 750D,1010,100,84.0,37.969681330523,14.890071110009021,35.040464725094
Canon,EOS 750D,1010,100,84.0,38.983841698138,15.287781058093334,35.148056370497
Canon,EOS 750D,1010,100,84.0,39.998002065752,15.685491006177255,35.252577782372
Canon,EOS 750D,1010,100,84.0,41.012162433366,16.083200954261176,35.354187301832
Canon,EOS 750D,1010,100,84.0,42.026322800981,16.48091090234549,35.453031410817
Canon,EOS 750D,1010,100,84.0,43.040483168595,16.878620850429414,35.549245885946
Canon,EOS 750D,1010,100,84.0,44.05464353621,17.276330798513726,35.642956815478
Canon,EOS 750D,1010,100,84.0,45.068803903824,17.674040746597647,35.73428149841
Canon,EOS 750D,1010,100,84.0,46.082964271438,18.07175069468157,35.823329241715
Canon,EOS 750D,1010,100,84.0,47.097124639053,18.469460642765885,35.910202069258
Canon,EOS 750D,1010,100,84.0,48.111285006667,18.867170590849806,35.994995353874
Canon,EOS 750D,1010,100,84.0,49.125445374281,19.264880538933728,36.077798382373
Canon,EOS 750D,1010,100,84.0,50.139605741896,19.66259048701804,36.15869486184
Canon,EOS 750D,1010,100,84.0,51.15376610951,20.06030043510196,36.237763374392
Canon,EOS 750D,1010,100,84.0,52.167926477125,20.458010383186277,36.315077786561
Canon,EOS 750D,1010,100,84.0,53.182086844739,20.855720331270195,36.390707618626
Canon,EOS 750D,1010,100,84.0,54.196247212353,21.25343027935412,36.464718378505
Canon,EOS 750D,1010,100,84.0,55.210407579968,21.651140227438432,36.537171864208
Canon,EOS 750D,1010,100,84.0,56.224567947582,22.048850175522354,36.608126438334
Canon,EOS 750D,1010,100,84.0,57.238728315196,22.446560123606275,36.677637277657
Canon,EOS 750D,1010,100,84.0,58.252888682811,22.844270071690588,36.745756600466
Canon,EOS 750D,1010,100,84.0,59.267049050425,23.24198001977451,36.812533873992
Canon,EOS 750D,1010,100,84.0,60.28120941804,23.639689967858825,36.87801600398
Canon,EOS 750D,1010,100,84.0,61.295369785654,24.037399915942746,36.942247508221
Canon,EOS 750D,1010,100,84.0,62.309530153268,24.435109864026668,37.005270675636
Canon,EOS 750D,1010,100,84.0,63.323690520883,24.83281981211098,37.067125712343
Canon,EOS 750D,1010,100,84.0,64.337850888497,25.2305297601949,37.127850875956
Canon,EOS 750D,1010,100,84.0,65.352011256112,25.628239708279217,37.18748259924
Canon,EOS 750D,1010,100,84.0,66.366171623726,26.02594965636314,37.246055604107
Canon,EOS 750D,1010,100,84.0,67.38033199134,26.42365960444706,37.303603006868
Canon,EOS 750D,1010,100,84.0,68.394492358955,26.821369552531376,37.360156415503
Canon,EOS 750D,1010,100,84.0,69.408652726569,27.219079500615294,37.415746019688
Canon,EOS 750D,1010,100,84.0,70.422813094183,27.616789448699215,37.470400674208
Canon,EOS 750D,1010,100,84.0,71.436973461798,28.01449939678353,37.524147976324
Canon,EOS 750D,1010,100,84.0,72.451133829412,28.41220934486745,37.577014337629
Canon,EOS 750D,1010,100,84.0,73.465294197027,28.80991929295177,37.629025050836
Canon,EOS 750D,1010,100,84.0,74.479454564641,29.207629241035686,37.680204351937
Canon,EOS 750D,1010,100,84.0,75.493614932255,29.605339189119604,37.730575478112
Canon,EOS 750D,1010,100,84.0,76.50777529987,30.003049137203924,37.780160721714
Canon,EOS 750D,1010,100,84.0,77.521935667484,30.40075908528784,37.828981480673
Canon,EOS 750D,1010,100,84.0,78.536096035098,30.798469033371763,37.877058305575
Canon,EOS 750D,1010,100,84.0,79.550256402713,31.19617898145608,37.924410943689
Canon,EOS 750D,1010,100,84.0,80.564416770327,31.593888929539997,37.971058380174
Canon,EOS 750D,1010,100,84.0,81.578577137942,31.991598877624316,38.017018876677
Canon,EOS 750D,1010,100,84.0,82.592737505556,32.389308825708234,38.062310007522
Canon,EOS 750D,1010,100,84.0,83.60689787317,32.787018773792155,38.106948693663
Canon,EOS 750D,1010,100,84.0,84.621058240785,33.184728721876475,38.150951234572
Canon,EOS 750D,1010,100,84.0,85.635218608399,33.58243866996039,38.194333338202
Canon,EOS 750D,1010,100,84.0,86.649378976014,33.98014861804471,38.237110149167
Canon,EOS 750D,1010,100,84.0,87.663539343628,34.37785856612863,38.279296275273
Canon,EOS 750D,1010,100,84.0,88.677699711242,34.775568514212544,38.320905812494
Canon,EOS 750D,1010,100,84.0,89.691860078857,35.173278462296864,38.361952368521
Canon,EOS 750D,1010,100,84.0,90.706020446471,35.570988410380785,38.402449084977
Canon,EOS 750D,1010,100,84.0,91.720180814085,35.96869835846471,38.442408658371
Canon,EOS 750D,1010,100,84.0,92.7343411817,36.36640830654902,38.481843359903
Canon,EOS 750D,1010,100,84.0,93.748501549314,36.76411825463294,38.520765054169
Canon,EOS 750D,1010,100,84.0,94.762661916929,37.16182820271726,38.559185216857
Canon,EOS 750D,1010,100,84.0,95.776822284543,37.559538150801174,38.59711495149
Canon,EOS 750D,1010,100,84.0,96.790982652157,37.9572480988851,38.634565005276
Canon,EOS 750D,1010,100,84.0,97.805143019772,38.354958046969415,38.671545784125
Canon,EOS 750D,1010,100,84.0,98.819303387386,38.752667995053336,38.708067366886
Canon,EOS 750D,1010,100,84.0,99.833463755,39.15037794313726,38.744139518849
Canon,EOS 750D,1010,100,84.0,100.84762412261,39.54808789121961,38.779771704554
Canon,EOS 750D,1010,100,84.0,101.86178449023,39.94579783930588,38.814973099963
Canon,EOS 750D,1010,100,84.0,102.87594485784,40.34350778738823,38.849752604009
Canon,EOS 750D,1010,100,84.0,103.89010522546,40.741217735474514,38.884118849587
Canon,EOS 750D,1010,100,84.0,104.90426559307,41.13892768355686,38.918080214
Canon,EOS 750D,1010,100,84.0,105.91842596069,41.53663763164314,38.951644828895
Canon,EOS 750D,1010,100,84.0,106.9325863283,41.93434757972549,38.984820589729
Canon,EOS 750D,1010,100,84.0,107.94674669592,42.33205752781176,39.017615164773
Canon,EOS 750D,1010,100,84.0,108.96090706353,42.72976747589412,39.050036003706
Canon,EOS 750D,1010,100,84.0,109.97506743114,43.12747742397647,39.082090345793
Canon,EOS 750D,1010,100,84.0,110.98922779876,43.525187372062746,39.113785227693
Canon,EOS 750D,1010,100,84.0,112.00338816637,43.9228973201451,39.145127490905
Canon,EOS 750D,1010,100,84.0,113.01754853399,44.32060726823137,39.176123788877
Canon,EOS 750D,1010,100,84.0,114.0317089016,44.71831721631372,39.206780593797
Canon,EOS 750D,1010,100,84.0,115.04586926922,45.1160271644,39.237104203073
Canon,EOS 750D,1010,100,84.0,116.06002963683,45.51373711248235,39.267100745536
Canon,EOS 750D,1010,100,84.0,117.07419000444,45.911447060564704,39.296776187361
Canon,EOS 750D,1010,100,84.0,118.08835037206,46.30915700865098,39.326136337742
Canon,EOS 750D,1010,100,84.0,119.10251073967,46.706866956733336,39.35518685431
Canon,EOS 750D,1010,100,84.0,120.11667110729,47.10457690481961,39.383933248329
Canon,EOS 750D,1010,100,84.0,121.1308314749,47.50228685290197,39.412380889665
Canon,EOS 750D,1010,100,84.0,122.14499184252,47.899996800988234,39.440535011552
Canon,EOS 750D,1010,100,84.0,123.15915221013,48.29770674907059,39.468400715154
Canon,EOS 750D,1010,100,84.0,124.17331257775,48.695416697156865,39.495982973941
Canon,EOS 750D,1010,100,84.0,125.18747294536,49.09312664523922,39.523286637888
Canon,EOS 750D,1010,100,84.0,126.20163331297,49.49083659332157,39.550316437498
Canon,EOS 750D,1010,100,84.0,127.21579368059,49.88854654140784,39.577076987664
Canon,EOS 750D,1010,100,84.0,128.2299540482,50.2862564894902,39.603572791382
Canon,EOS 750D,1010,100,84.0,129.24411441582,50.68396643757648,39.629808243308
Canon,EOS 750D,1010,100,84.0,130.25827478343,51.081676385658824,39.655787633181
Canon,EOS 750D,1010,100,84.0,131.27243515105,51.47938633374509,39.681515149111
Canon,EOS 750D,1010,100,84.0,132.28659551866,51.87709628182745,39.706994880738
Canon,EOS 750D,1010,100,84.0,133.30075588627,52.2748062299098,39.73223082227
Canon,EOS 750D,1010,100,84.0,134.31491625389,52.67251617799607,39.757226875403
Canon,EOS 750D,1010,100,84.0,135.3290766215,53.07022612607844,39.78198685214
Canon,EOS 750D,1010,100,84.0,136.34323698912,53.467936074164705,39.806514477486
Canon,EOS 750D,1010,100,84.0,137.35739735673,53.86564602224706,39.830813392061
Canon,EOS 750D,1010,100,84.0,138.37155772435,54.263355970333336,39.854887154604
Canon,EOS 750D,1010,100,84.0,139.38571809196,54.66106591841569,39.878739244392
Canon,EOS 750D,1010,100,84.0,140.39987845958,55.05877586650196,39.902373063561
Canon,EOS 750D,1010,100,84.0,141.41403882719,55.45648581458432,39.925791939358
Canon,EOS 750D,1010,100,84.0,142.4281991948,55.854195762666656,39.948999126295
Canon,EOS 750D,1010,100,84.0,143.44235956242,56.251905710752936,39.971997808242
Canon,EOS 750D,1010,100,84.0,144.45651993003,56.649615658835295,39.99479110043
Canon,EOS 750D,1010,100,84.0,145.47068029765,57.047325606921575,40.017382051397
Canon,EOS 750D,1010,100,84.0,146.48484066526,57.44503555500392,40.039773644858
Canon,EOS 750D,1010,100,84.0,147.49900103288,57.842745503090185,40.061968801514
Canon,EOS 750D,1010,100,84.0,148.51316140049,58.240455451172544,40.083970380794
Canon,EOS 750D,1010,100,84.0,149.52732176811,58.638165399258824,40.105781182541
Canon,EOS 750D,1010,100,84.0,150.54148213572,59.03587534734118,40.127403948642
Canon,EOS 750D,1010,100,84.0,151.55564250333,59.433585295423526,40.148841364596
Canon,EOS 750D,1010,100,84.0,152.56980287095,59.83129524350981,40.170096061039
Canon,EOS 750D,1010,100,84.0,153.58396323856,60.22900519159216,40.191170615208
Canon,EOS 750D,1010,100,84.0,154.59812360618,60.62671513967843,40.212067552366
Canon,EOS 750D,1010,100,84.0,155.61228397379,61.02442508776078,40.232789347172
Canon,EOS 750D,1010,100,84.0,156.62644434141,61.422135035847056,40.253338425011
Canon,EOS 750D,1010,100,84.0,157.64060470902,61.819844983929414,40.27371716328
Canon,EOS 750D,1010,100,84.0,158.65476507663,62.217554932011765,40.29392789263
Canon,EOS 750D,1010,100,84.0,159.66892544425,62.61526488009803,40.313972898173
Canon,EOS 750D,1010,100,84.0,160.68308581186,63.01297482818039,40.333854420644
Canon,EOS 750D,1010,100,84.0,161.69724617948,63.41068477626667,40.353574657532
Canon,EOS 750D,1010,100,84.0,162.71140654709,63.80839472434903,40.373135764174
Canon,EOS 750D,1010,100,84.0,163.72556691471,64.20610467243529,40.39253985481
Canon,EOS 750D,1010,100,84.0,164.73972728232,64.60381462051764,40.411789003612
Canon,EOS 750D,1010,100,84.0,165.75388764994,65.00152456860391,40.43088524568
Canon,EOS 750D,1010,100,84.0,166.76804801755,65.39923451668628,40.449830578001
Canon,EOS 750D,1010,100,84.0,167.78220838516,65.79694446476863,40.468626960385
Canon,EOS 750D,1010,100,84.0,168.79636875278,66.1946544128549,40.487276316374
Canon,EOS 750D,1010,100,84.0,169.81052912039,66.59236436093725,40.505780534117
Canon,EOS 750D,1010,100,84.0,170.82468948801,66.99007430902353,40.524141467223
Canon,EOS 750D,1010,100,84.0,171.83884985562,67.38778425710588,40.542360935589
Canon,EOS 750D,1010,100,84.0,172.85301022324,67.78549420519215,40.560440726201
Canon,EOS 750D,1010,100,84.0,173.86717059085,68.18320415327452,40.578382593914
Canon,EOS 750D,1010,100,84.0,174.88133095846,68.58091410135687,40.596188262206
Canon,EOS 750D,1010,100,84.0,175.89549132608,68.97862404944314,40.613859423914
Canon,EOS 750D,1010,100,84.0,176.90965169369,69.37633399752549,40.631397741945
Canon,EOS 750D,1010,100,84.0,177.92381206131,69.77404394561177,40.648804849969
Canon,EOS 750D,1010,100,84.0,178.93797242892,70.17175389369412,40.666082353092
Canon,EOS 750D,1010,100,84.0,179.95213279654,70.5694638417804,40.683231828507
Canon,EOS 750D,1010,100,84.0,180.96629316415,70.96717378986274,40.700254826131
Canon,EOS 750D,1010,100,84.0,181.98045353177,71.36488373794901,40.717152869219
Canon,EOS 750D,1010,100,84.0,182.99461389938,71.76259368603138,40.733927454968
Canon,EOS 750D,1010,100,84.0,184.00877426699,72.16030363411373,40.750580055093
Canon,EOS 750D,1010,100,84.0,185.02293463461,72.5580135822,40.767112116402
Canon,EOS 750D,1010,100,84.0,186.03709500222,72.95572353028236,40.783525061341
Canon,EOS 750D,1010,100,84.0,187.05125536984,73.35343347836863,40.799820288533
Canon,EOS 750D,1010,100,84.0,188.06541573745,73.75114342645098,40.815999173296
Canon,EOS 750D,1010,100,84.0,189.07957610507,74.14885337453725,40.832063068155
Canon,EOS 750D,1010,100,84.0,190.09373647268,74.5465633226196,40.848013303334
Canon,EOS 750D,1010,100,84.0,191.10789684029,74.94427327070197,40.863851187234
Canon,EOS 750D,1010,100,84.0,192.12205720791,75.34198321878823,40.879578006902
Canon,EOS 750D,1010,100,84.0,193.13621757552,75.73969316687058,40.895195028489
Canon,EOS 750D,1010,100,84.0,194.15037794314,76.13740311495685,40.910703497688
Canon,EOS 750D,1010,100,84.0,195.16453831075,76.53511306303922,40.926104640171
Canon,EOS 750D,1010,100,84.0,196.17869867837,76.93282301112549,40.941399662005
Canon,EOS 750D,1010,100,84.0,197.19285904598,77.33053295920784,40.956589750063
Canon,EOS 750D,1010,100,84.0,198.2070194136,77.72824290729412,40.971676072424
Canon,EOS 750D,1010,100,84.0,199.22117978121,78.12595285537647,40.986659778759
Canon,EOS 750D,1010,100,84.0,200.23534014882,78.52366280345883,41.001542000712
Canon,EOS 750D,1010,100,84.0,201.24950051644,78.9213727515451,41.016323852268
Canon,EOS 750D,1010,100,84.0,202.26366088405,79.31908269962746,41.031006430112
Canon,EOS 750D,1010,100,84.0,203.27782125167,79.71679264771372,41.04559081398
Canon,EOS 750D,1010,100,84.0,204.29198161928,80.11450259579608,41.060078067002
Canon,EOS 750D,1010,100,84.0,205.3061419869,80.51221254388236,41.074469236034
Canon,EOS 750D,1010,100,84.0,206.32030235451,80.9099224919647,41.088765351982
Canon,EOS 750D,1010,100,84.0,207.33446272212,81.30763244004706,41.102967430122
Canon,EOS 750D,1010,100,84.0,208.34862308974,81.70534238813333,41.117076470407
Canon,EOS 750D,1010,100,84.0,209.36278345735,82.10305233621568,41.131093457766
Canon,EOS 750D,1010,100,84.0,210.37694382497,82.50076228430197,41.145019362406
Canon,EOS 750D,1010,100,84.0,211.39110419258,82.89847223238431,41.158855140092
Canon,EOS 750D,1010,100,84.0,212.4052645602,83.2961821804706,41.172601732427
Canon,EOS 750D,1010,100,84.0,213.41942492781,83.69389212855295,41.186260067133
Canon,EOS 750D,1010,100,84.0,214.43358529543,84.09160207663922,41.19983105831
Canon,EOS 750D,1010,100,84.0,215.44774566304,84.48931202472156,41.2133156067
Canon,EOS 750D,1010,100,84.0,216.46190603065,84.88702197280392,41.22671459994
Canon,EOS 750D,1010,100,84.0,217.47606639827,85.2847319208902,41.240028912814
Canon,EOS 750D,1010,100,84.0,218.49022676588,85.68244186897255,41.253259407491
Canon,EOS 750D,1010,100,84.0,219.5043871335,86.08015181705882,41.266406933765
Canon,EOS 750D,1010,100,84.0,220.51854750111,86.47786176514117,41.279472329285
Canon,EOS 750D,1010,100,84.0,221.53270786873,86.87557171322744,41.292456419782
Canon,EOS 750D,1010,100,84.0,222.54686823634,87.27328166130981,41.305360019289
Canon,EOS 750D,1010,100,84.0,223.56102860395,87.67099160939216,41.318183930357
Canon,EOS 750D,1010,100,84.0,224.57518897157,88.06870155747842,41.330928944267
Canon,EOS 750D,1010,100,84.0,225.58934933918,88.46641150556079,41.343595841236
Canon,EOS 750D,1010,100,84.0,226.6035097068,88.86412145364706,41.356185390617
Canon,EOS 750D,1010,100,84.0,227.61767007441,89.26183140172941,41.368698351095
Canon,EOS 750D,1010,100,84.0,228.63183044203,89.65954134981568,41.381135470884
Canon,EOS 750D,1010,100,84.0,229.64599080964,90.05725129789805,41.393497487912
Canon,EOS 750D,1010,100,84.0,230.66015117726,90.45496124598431,41.405785130003
Canon,EOS 750D,1010,100,84.0,231.67431154487,90.85267119406667,41.417999115063
Canon,EOS 750D,1010,100,84.0,232.68847191248,91.25038114214902,41.430140151251
Canon,EOS 750D,1010,100,84.0,233.7026322801,91.6480910902353,41.442208937151
Canon,EOS 750D,1010,100,84.0,234.71679264771,92.04580103831765,41.454206161945
Canon,EOS 750D,1010,100,84.0,235.73095301533,92.44351098640392,41.466132505572
Canon,EOS 750D,1010,100,84.0,236.74511338294,92.84122093448627,41.477988638895
Canon,EOS 750D,1010,100,84.0,237.75927375056,93.23893088257255,41.489775223851
Canon,EOS 750D,1010,100,84.0,238.77343411817,93.6366408306549,41.501492913615
Canon,EOS 750D,1010,100,84.0,239.78759448578,94.03435077873725,41.513142352742
Canon,EOS 750D,1010,100,84.0,240.8017548534,94.43206072682354,41.524724177322
Canon,EOS 750D,1010,100,84.0,241.81591522101,94.82977067490587,41.536239015118
Canon,EOS 750D,1010,100,84.0,242.83007558863,95.22748062299216,41.547687485713
Canon,EOS 750D,1010,100,84.0,243.84423595624,95.62519057107451,41.559070200647
Canon,EOS 750D,1010,100,84.0,244.85839632386,96.02290051916079,41.570387763551
Canon,EOS 750D,1010,100,84.0,245.87255669147,96.42061046724314,41.581640770282
Canon,EOS 750D,1010,100,84.0,246.88671705909,96.81832041532941,41.592829809052
Canon,EOS 750D,1010,100,84.0,247.9008774267,97.21603036341176,41.603955460557
Canon,EOS 750D,1010,100,84.0,248.91503779431,97.61374031149411,41.615018298098
Canon,EOS 750D,1010,100,84.0,249.92919816193,98.01145025958039,41.62601888771
Canon,EOS 750D,1010,100,84.0,250.94335852954,98.40916020766275,41.636957788273
Canon,EOS 750D,1010,100,84.0,251.95751889716,98.80687015574902,41.647835551639
Canon,EOS 750D,1010,100,84.0,252.97167926477,99.20458010383136,41.658652722737
Canon,EOS 750D,1010,100,84.0,253.98583963239,99.60229005191763,41.669409839695
Canon,EOS 750D,1010,100,84.0,255,100.0,41.680107433943
Canon,EOS 750D,1010,200,146.0,0.12475989494673,0.04892544899871765,0
Canon,EOS 750D,1010,200,146.0,0.15284901821151,0.059940791455494115,1.6308712491243
Canon,EOS 750D,1010,200,146.0,0.2324523619112,0.09115778898478431,4.9163079468003
Canon,EOS 750D,1010,200,146.0,0.36711942399803,0.1439684015678549,8.3426481648111
Canon,EOS 750D,1010,200,146.0,0.6676332641473,0.26181696633227447,12.524469138944
Canon,EOS 750D,1010,200,146.0,1.2366656167597,0.4849669085332157,16.433650161383
Canon,EOS 750D,1010,200,146.0,2.9615440698317,1.161389831306549,21.31613633669
Canon,EOS 750D,1010,200,146.0,4.5023891992488,1.7656428232348234,23.439373520792
Canon,EOS 750D,1010,200,146.0,5.5165495668632,2.1633527713189022,24.429543050225
Canon,EOS 750D,1010,200,146.0,6.5307099344776,2.5610627194029805,25.235206745113
Canon,EOS 750D,1010,200,146.0,7.5448703020919,2.9587726674870196,25.913225486345
Canon,EOS 750D,1010,200,146.0,8.5590306697063,3.356482615571098,26.497815265079
Canon,EOS 750D,1010,200,146.0,9.5731910373207,3.7541925636551765,27.011124654879
Canon,EOS 750D,1010,200,146.0,10.587351404935,4.151902511739215,27.468295312112
Canon,EOS 750D,1010,200,146.0,11.601511772549,4.5496124598231376,27.880127160381
Canon,EOS 750D,1010,200,146.0,12.615672140164,4.947322407907451,28.254589048198
Canon,EOS 750D,1010,200,146.0,13.629832507778,5.345032355991372,28.597726263151
Canon,EOS 750D,1010,200,146.0,14.643992875393,5.742742304075686,28.914232073863
Canon,EOS 750D,1010,200,146.0,15.658153243007,6.140452252159608,29.207822051349
Canon,EOS 750D,1010,200,146.0,16.672313610621,6.538162200243529,29.481487449612
Canon,EOS 750D,1010,200,146.0,17.686473978236,6.935872148327843,29.737671627442
Canon,EOS 750D,1010,200,146.0,18.70063434585,7.333582096411765,29.978395919165
Canon,EOS 750D,1010,200,146.0,19.714794713464,7.731292044495685,30.205351372962
Canon,EOS 750D,1010,200,146.0,20.728955081079,8.12900199258,30.419966879568
Canon,EOS 750D,1010,200,146.0,21.743115448693,8.52671194066392,30.623460617881
Canon,EOS 750D,1010,200,146.0,22.757275816308,8.924421888748235,30.816879485925
Canon,EOS 750D,1010,200,146.0,23.771436183922,9.322131836832156,31.0011297307
Canon,EOS 750D,1010,200,146.0,24.785596551536,9.719841784916078,31.177001031336
Canon,EOS 750D,1010,200,146.0,25.799756919151,10.117551733000392,31.345185644351
Canon,EOS 750D,1010,200,146.0,26.813917286765,10.515261681084315,31.506293777054
Canon,EOS 750D,1010,200,146.0,27.828077654379,10.912971629168236,31.660866046327
Canon,EOS 750D,1010,200,146.0,28.842238021994,11.310681577252549,31.809383661121
Canon,EOS 750D,1010,200,146.0,29.856398389608,11.70839152533647,31.952276809802
Canon,EOS 750D,1010,200,146.0,30.870558757223,12.106101473420786,32.08993161892
Canon,EOS 750D,1010,200,146.0,31.884719124837,12.503811421504707,32.222695965566
Canon,EOS 750D,1010,200,146.0,32.898879492451,12.901521369588629,32.3508843626
Canon,EOS 750D,1010,200,146.0,33.913039860066,13.299231317672941,32.474782088601
Canon,EOS 750D,1010,200,146.0,34.92720022768,13.696941265756863,32.594648698398
Canon,EOS 750D,1010,200,146.0,35.941360595295,14.094651213841178,32.710721022334
Canon,EOS 750D,1010,200,146.0,36.955520962909,14.492361161925096,32.823215741059
Canon,EOS 750D,1010,200,146.0,37.969681330523,14.890071110009021,32.932331605904
Canon,EOS 750D,1010,200,146.0,38.983841698138,15.287781058093334,33.038251361788
Canon,EOS 750D,1010,200,146.0,39.998002065752,15.685491006177255,33.141143419212
Canon,EOS 750D,1010,200,146.0,41.012162433366,16.083200954261176,33.241163313606
Canon,EOS 750D,1010,200,146.0,42.026322800981,16.48091090234549,33.338454983664
Canon,EOS 750D,1010,200,146.0,43.040483168595,16.878620850429414,33.433151894956
Canon,EOS 750D,1010,200,146.0,44.05464353621,17.276330798513726,33.525378030733
Canon,EOS 750D,1010,200,146.0,45.068803903824,17.674040746597647,33.61524876833
Canon,EOS 750D,1010,200,146.0,46.082964271438,18.07175069468157,33.702871656657
Canon,EOS 750D,1010,200,146.0,47.097124639053,18.469460642765885,33.788347107858
Canon,EOS 750D,1010,200,146.0,48.111285006667,18.867170590849806,33.871769014281
Canon,EOS 750D,1010,200,146.0,49.125445374281,19.264880538933728,33.953225300207
Canon,EOS 750D,1010,200,146.0,50.139605741896,19.66259048701804,34.032798416458
Canon,EOS 750D,1010,200,146.0,51.15376610951,20.06030043510196,34.110565784832
Canon,EOS 750D,1010,200,146.0,52.167926477125,20.458010383186277,34.186600198338
Canon,EOS 750D,1010,200,146.0,53.182086844739,20.855720331270195,34.260970182418
Canon,EOS 750D,1010,200,146.0,54.196247212353,21.25343027935412,34.333740321618
Canon,EOS 750D,1010,200,146.0,55.210407579968,21.651140227438432,34.404971555603
Canon,EOS 750D,1010,200,146.0,56.224567947582,22.048850175522354,34.474721447905
Canon,EOS 750D,1010,200,146.0,57.238728315196,22.446560123606275,34.543044430357
Canon,EOS 750D,1010,200,146.0,58.252888682811,22.844270071690588,34.609992025816
Canon,EOS 750D,1010,200,146.0,59.267049050425,23.24198001977451,34.675613051432
Canon,EOS 750D,1010,200,146.0,60.28120941804,23.639689967858825,34.739953804482
Canon,EOS 750D,1010,200,146.0,61.295369785654,24.037399915942746,34.803058232524
Canon,EOS 750D,1010,200,146.0,62.309530153268,24.435109864026668,34.864968089437
Canon,EOS 750D,1010,200,146.0,63.323690520883,24.83281981211098,34.925723078716
Canon,EOS 750D,1010,200,146.0,64.337850888497,25.2305297601949,34.985360985277
Canon,EOS 750D,1010,200,146.0,65.352011256112,25.628239708279217,35.043917796826
Canon,EOS 750D,1010,200,146.0,66.366171623726,26.02594965636314,35.1014278158
Canon,EOS 750D,1010,200,146.0,67.38033199134,26.42365960444706,35.157923762719
Canon,EOS 750D,1010,200,146.0,68.394492358955,26.821369552531376,35.213436871747
Canon,EOS 750D,1010,200,146.0,69.408652726569,27.219079500615294,35.267996979143
Canon,EOS 750D,1010,200,146.0,70.422813094183,27.616789448699215,35.321632605238
Canon,EOS 750D,1010,200,146.0,71.436973461798,28.01449939678353,35.374371030488
Canon,EOS 750D,1010,200,146.0,72.451133829412,28.41220934486745,35.426238366114
Canon,EOS 750D,1010,200,146.0,73.465294197027,28.80991929295177,35.47725961979
Canon,EOS 750D,1010,200,146.0,74.479454564641,29.207629241035686,35.527458756783
Canon,EOS 750D,1010,200,146.0,75.493614932255,29.605339189119604,35.576858756912
Canon,EOS 750D,1010,200,146.0,76.50777529987,30.003049137203924,35.625481667683
Canon,EOS 750D,1010,200,146.0,77.521935667484,30.40075908528784,35.673348653883
Canon,EOS 750D,1010,200,146.0,78.536096035098,30.798469033371763,35.720480043931
Canon,EOS 750D,1010,200,146.0,79.550256402713,31.19617898145608,35.766895373215
Canon,EOS 750D,1010,200,146.0,80.564416770327,31.593888929539997,35.812613424677
Canon,EOS 750D,1010,200,146.0,81.578577137942,31.991598877624316,35.85765226682
Canon,EOS 750D,1010,200,146.0,82.592737505556,32.389308825708234,35.90202928936
Canon,EOS 750D,1010,200,146.0,83.60689787317,32.787018773792155,35.945761236672
Canon,EOS 750D,1010,200,146.0,84.621058240785,33.184728721876475,35.988864239215
Canon,EOS 750D,1010,200,146.0,85.635218608399,33.58243866996039,36.031353843054
Canon,EOS 750D,1010,200,146.0,86.649378976014,33.98014861804471,36.073245037647
Canon,EOS 750D,1010,200,146.0,87.663539343628,34.37785856612863,36.114552281984
Canon,EOS 750D,1010,200,146.0,88.677699711242,34.775568514212544,36.155289529224
Canon,EOS 750D,1010,200,146.0,89.691860078857,35.173278462296864,36.195470249914
Canon,EOS 750D,1010,200,146.0,90.706020446471,35.570988410380785,36.235107453892
Canon,EOS 750D,1010,200,146.0,91.720180814085,35.96869835846471,36.27421371096
Canon,EOS 750D,1010,200,146.0,92.7343411817,36.36640830654902,36.31280117042
Canon,EOS 750D,1010,200,146.0,93.748501549314,36.76411825463294,36.35088157953
Canon,EOS 750D,1010,200,146.0,94.762661916929,37.16182820271726,36.388466300964
Canon,EOS 750D,1010,200,146.0,95.776822284543,37.559538150801174,36.425566329333
Canon,EOS 750D,1010,200,146.0,96.790982652157,37.9572480988851,36.462192306833
Canon,EOS 750D,1010,200,146.0,97.805143019772,38.354958046969415,36.498354538064
Canon,EOS 750D,1010,200,146.0,98.819303387386,38.752667995053336,36.53406300409
Canon,EOS 750D,1010,200,146.0,99.833463755,39.15037794313726,36.569327375764
Canon,EOS 750D,1010,200,146.0,100.84762412261,39.54808789121961,36.60415702638
Canon,EOS 750D,1010,200,146.0,101.86178449023,39.94579783930588,36.638561043692
Canon,EOS 750D,1010,200,146.0,102.87594485784,40.34350778738823,36.672548241323
Canon,EOS 750D,1010,200,146.0,103.89010522546,40.741217735474514,36.706127169617
Canon,EOS 750D,1010,200,146.0,104.90426559307,41.13892768355686,36.739306125963
Canon,EOS 750D,1010,200,146.0,105.91842596069,41.53663763164314,36.772093164607
Canon,EOS 750D,1010,200,146.0,106.9325863283,41.93434757972549,36.804496106006
Canon,EOS 750D,1010,200,146.0,107.94674669592,42.33205752781176,36.836522545732
Canon,EOS 750D,1010,200,146.0,108.96090706353,42.72976747589412,36.868179862954
Canon,EOS 750D,1010,200,146.0,109.97506743114,43.12747742397647,36.899475228527
Canon,EOS 750D,1010,200,146.0,110.98922779876,43.525187372062746,36.93041561271
Canon,EOS 750D,1010,200,146.0,112.00338816637,43.9228973201451,36.961007792526
Canon,EOS 750D,1010,200,146.0,113.01754853399,44.32060726823137,36.991258358791
Canon,EOS 750D,1010,200,146.0,114.0317089016,44.71831721631372,37.02117372282
Canon,EOS 750D,1010,200,146.0,115.04586926922,45.1160271644,37.050760122849
Canon,EOS 750D,1010,200,146.0,116.06002963683,45.51373711248235,37.080023630155
Canon,EOS 750D,1010,200,146.0,117.07419000444,45.911447060564704,37.108970154923
Canon,EOS 750D,1010,200,146.0,118.08835037206,46.30915700865098,37.137605451849
Canon,EOS 750D,1010,200,146.0,119.10251073967,46.706866956733336,37.165935125504
Canon,EOS 750D,1010,200,146.0,120.11667110729,47.10457690481961,37.193964635475
Canon,EOS 750D,1010,200,146.0,121.1308314749,47.50228685290197,37.221699301276
Canon,EOS 750D,1010,200,146.0,122.14499184252,47.899996800988234,37.249144307067
Canon,EOS 750D,1010,200,146.0,123.15915221013,48.29770674907059,37.276304706166
Canon,EOS 750D,1010,200,146.0,124.17331257775,48.695416697156865,37.303185425381
Canon,EOS 750D,1010,200,146.0,125.18747294536,49.09312664523922,37.329791269161
Canon,EOS 750D,1010,200,146.0,126.20163331297,49.49083659332157,37.356126923579
Canon,EOS 750D,1010,200,146.0,127.21579368059,49.88854654140784,37.382196960159
Canon,EOS 750D,1010,200,146.0,128.2299540482,50.2862564894902,37.40800583954
Canon,EOS 750D,1010,200,146.0,129.24411441582,50.68396643757648,37.433557915009
Canon,EOS 750D,1010,200,146.0,130.25827478343,51.081676385658824,37.458857435882
Canon,EOS 750D,1010,200,146.0,131.27243515105,51.47938633374509,37.483908550758
Canon,EOS 750D,1010,200,146.0,132.28659551866,51.87709628182745,37.508715310651
Canon,EOS 750D,1010,200,146.0,133.30075588627,52.2748062299098,37.533281671996
Canon,EOS 750D,1010,200,146.0,134.31491625389,52.67251617799607,37.557611499539
Canon,EOS 750D,1010,200,146.0,135.3290766215,53.07022612607844,37.581708569128
Canon,EOS 750D,1010,200,146.0,136.34323698912,53.467936074164705,37.605576570383
Canon,EOS 750D,1010,200,146.0,137.35739735673,53.86564602224706,37.629219109286
Canon,EOS 750D,1010,200,146.0,138.37155772435,54.263355970333336,37.652639710653
Canon,EOS 750D,1010,200,146.0,139.38571809196,54.66106591841569,37.675841820536
Canon,EOS 750D,1010,200,146.0,140.39987845958,55.05877586650196,37.698828808525
Canon,EOS 750D,1010,200,146.0,141.41403882719,55.45648581458432,37.721603969968
Canon,EOS 750D,1010,200,146.0,142.4281991948,55.854195762666656,37.744170528115
Canon,EOS 750D,1010,200,146.0,143.44235956242,56.251905710752936,37.766531636182
Canon,EOS 750D,1010,200,146.0,144.45651993003,56.649615658835295,37.788690379345
Canon,EOS 750D,1010,200,146.0,145.47068029765,57.047325606921575,37.810649776661
Canon,EOS 750D,1010,200,146.0,146.48484066526,57.44503555500392,37.832412782923
Canon,EOS 750D,1010,200,146.0,147.49900103288,57.842745503090185,37.853982290449
Canon,EOS 750D,1010,200,146.0,148.51316140049,58.240455451172544,37.875361130815
Canon,EOS 750D,1010,200,146.0,149.52732176811,58.638165399258824,37.896552076519
Canon,EOS 750D,1010,200,146.0,150.54148213572,59.03587534734118,37.917557842599
Canon,EOS 750D,1010,200,146.0,151.55564250333,59.433585295423526,37.938381088188
Canon,EOS 750D,1010,200,146.0,152.56980287095,59.83129524350981,37.959024418019
Canon,EOS 750D,1010,200,146.0,153.58396323856,60.22900519159216,37.979490383888
Canon,EOS 750D,1010,200,146.0,154.59812360618,60.62671513967843,37.99978148605
Canon,EOS 750D,1010,200,146.0,155.61228397379,61.02442508776078,38.019900174592
Canon,EOS 750D,1010,200,146.0,156.62644434141,61.422135035847056,38.039848850741
Canon,EOS 750D,1010,200,146.0,157.64060470902,61.819844983929414,38.059629868144
Canon,EOS 750D,1010,200,146.0,158.65476507663,62.217554932011765,38.079245534098
Canon,EOS 750D,1010,200,146.0,159.66892544425,62.61526488009803,38.098698110743
Canon,EOS 750D,1010,200,146.0,160.68308581186,63.01297482818039,38.117989816219
Canon,EOS 750D,1010,200,146.0,161.69724617948,63.41068477626667,38.137122825785
Canon,EOS 750D,1010,200,146.0,162.71140654709,63.80839472434903,38.1560992729
Canon,EOS 750D,1010,200,146.0,163.72556691471,64.20610467243529,38.174921250277
Canon,EOS 750D,1010,200,146.0,164.73972728232,64.60381462051764,38.193590810896
Canon,EOS 750D,1010,200,146.0,165.75388764994,65.00152456860391,38.212109968991
Canon,EOS 750D,1010,200,146.0,166.76804801755,65.39923451668628,38.230480701008
Canon,EOS 750D,1010,200,146.0,167.78220838516,65.79694446476863,38.248704946528
Canon,EOS 750D,1010,200,146.0,168.79636875278,66.1946544128549,38.266784609166
Canon,EOS 750D,1010,200,146.0,169.81052912039,66.59236436093725,38.284721557444
Canon,EOS 750D,1010,200,146.0,170.82468948801,66.99007430902353,38.302517625633
Canon,EOS 750D,1010,200,146.0,171.83884985562,67.38778425710588,38.320174614577
Canon,EOS 750D,1010,200,146.0,172.85301022324,67.78549420519215,38.337694292484
Canon,EOS 750D,1010,200,146.0,173.86717059085,68.18320415327452,38.355078395701
Canon,EOS 750D,1010,200,146.0,174.88133095846,68.58091410135687,38.372328629463
Canon,EOS 750D,1010,200,146.0,175.89549132608,68.97862404944314,38.389446668621
Canon,EOS 750D,1010,200,146.0,176.90965169369,69.37633399752549,38.406434158349
Canon,EOS 750D,1010,200,146.0,177.92381206131,69.77404394561177,38.423292714829
Canon,EOS 750D,1010,200,146.0,178.93797242892,70.17175389369412,38.440023925918
Canon,EOS 750D,1010,200,146.0,179.95213279654,70.5694638417804,38.456629351797
Canon,EOS 750D,1010,200,146.0,180.96629316415,70.96717378986274,38.473110525602
Canon,EOS 750D,1010,200,146.0,181.98045353177,71.36488373794901,38.48946895403
Canon,EOS 750D,1010,200,146.0,182.99461389938,71.76259368603138,38.50570611794
Canon,EOS 750D,1010,200,146.0,184.00877426699,72.16030363411373,38.521823472926
Canon,EOS 750D,1010,200,146.0,185.02293463461,72.5580135822,38.537822449884
Canon,EOS 750D,1010,200,146.0,186.03709500222,72.95572353028236,38.553704455555
Canon,EOS 750D,1010,200,146.0,187.05125536984,73.35343347836863,38.569470873058
Canon,EOS 750D,1010,200,146.0,188.06541573745,73.75114342645098,38.585123062406
Canon,EOS 750D,1010,200,146.0,189.07957610507,74.14885337453725,38.600662361013
Canon,EOS 750D,1010,200,146.0,190.09373647268,74.5465633226196,38.616090084177
Canon,EOS 750D,1010,200,146.0,191.10789684029,74.94427327070197,38.631407525565
Canon,EOS 750D,1010,200,146.0,192.12205720791,75.34198321878823,38.646615957669
Canon,EOS 750D,1010,200,146.0,193.13621757552,75.73969316687058,38.661716632262
Canon,EOS 750D,1010,200,146.0,194.15037794314,76.13740311495685,38.676710780837
Canon,EOS 750D,1010,200,146.0,195.16453831075,76.53511306303922,38.691599615034
Canon,EOS 750D,1010,200,146.0,196.17869867837,76.93282301112549,38.706384327059
Canon,EOS 750D,1010,200,146.0,197.19285904598,77.33053295920784,38.721066090087
Canon,EOS 750D,1010,200,146.0,198.2070194136,77.72824290729412,38.735646058661
Canon,EOS 750D,1010,200,146.0,199.22117978121,78.12595285537647,38.750125369074
Canon,EOS 750D,1010,200,146.0,200.23534014882,78.52366280345883,38.764505139749
Canon,EOS 750D,1010,200,146.0,201.24950051644,78.9213727515451,38.778786471601
Canon,EOS 750D,1010,200,146.0,202.26366088405,79.31908269962746,38.792970448395
Canon,EOS 750D,1010,200,146.0,203.27782125167,79.71679264771372,38.807058137095
Canon,EOS 750D,1010,200,146.0,204.29198161928,80.11450259579608,38.821050588203
Canon,EOS 750D,1010,200,146.0,205.3061419869,80.51221254388236,38.834948836088
Canon,EOS 750D,1010,200,146.0,206.32030235451,80.9099224919647,38.848753899308
Canon,EOS 750D,1010,200,146.0,207.33446272212,81.30763244004706,38.862466780928
Canon,EOS 750D,1010,200,146.0,208.34862308974,81.70534238813333,38.876088468825
Canon,EOS 750D,1010,200,146.0,209.36278345735,82.10305233621568,38.889619935983
Canon,EOS 750D,1010,200,146.0,210.37694382497,82.50076228430197,38.903062140793
Canon,EOS 750D,1010,200,146.0,211.39110419258,82.89847223238431,38.916416027332
Canon,EOS 750D,1010,200,146.0,212.4052645602,83.2961821804706,38.929682525641
Canon,EOS 750D,1010,200,146.0,213.41942492781,83.69389212855295,38.942862552001
Canon,EOS 750D,1010,200,146.0,214.43358529543,84.09160207663922,38.955957009193
Canon,EOS 750D,1010,200,146.0,215.44774566304,84.48931202472156,38.968966786757
Canon,EOS 750D,1010,200,146.0,216.46190603065,84.88702197280392,38.98189276125
Canon,EOS 750D,1010,200,146.0,217.47606639827,85.2847319208902,38.994735796484
Canon,EOS 750D,1010,200,146.0,218.49022676588,85.68244186897255,39.007496743774
Canon,EOS 750D,1010,200,146.0,219.5043871335,86.08015181705882,39.020176442168
Canon,EOS 750D,1010,200,146.0,220.51854750111,86.47786176514117,39.032775718681
Canon,EOS 750D,1010,200,146.0,221.53270786873,86.87557171322744,39.045295388515
Canon,EOS 750D,1010,200,146.0,222.54686823634,87.27328166130981,39.057736255282
Canon,EOS 750D,1010,200,146.0,223.56102860395,87.67099160939216,39.070099111216
Canon,EOS 750D,1010,200,146.0,224.57518897157,88.06870155747842,39.082384737383
Canon,EOS 750D,1010,200,146.0,225.58934933918,88.46641150556079,39.094593903883
Canon,EOS 750D,1010,200,146.0,226.6035097068,88.86412145364706,39.106727370056
Canon,EOS 750D,1010,200,146.0,227.61767007441,89.26183140172941,39.11878588467
Canon,EOS 750D,1010,200,146.0,228.63183044203,89.65954134981568,39.130770186118
Canon,EOS 750D,1010,200,146.0,229.64599080964,90.05725129789805,39.142681002601
Canon,EOS 750D,1010,200,146.0,230.66015117726,90.45496124598431,39.154519052312
Canon,EOS 750D,1010,200,146.0,231.67431154487,90.85267119406667,39.166285043615
Canon,EOS 750D,1010,200,146.0,232.68847191248,91.25038114214902,39.177979675219
Canon,EOS 750D,1010,200,146.0,233.7026322801,91.6480910902353,39.189603636348
Canon,EOS 750D,1010,200,146.0,234.71679264771,92.04580103831765,39.20115760691
Canon,EOS 750D,1010,200,146.0,235.73095301533,92.44351098640392,39.212642257659
Canon,EOS 750D,1010,200,146.0,236.74511338294,92.84122093448627,39.224058250355
Canon,EOS 750D,1010,200,146.0,237.75927375056,93.23893088257255,39.235406237922
Canon,EOS 750D,1010,200,146.0,238.77343411817,93.6366408306549,39.246686864597
Canon,EOS 750D,1010,200,146.0,239.78759448578,94.03435077873725,39.257900766087
Canon,EOS 750D,1010,200,146.0,240.8017548534,94.43206072682354,39.269048569707
Canon,EOS 750D,1010,200,146.0,241.81591522101,94.82977067490587,39.28013089453
Canon,EOS 750D,1010,200,146.0,242.83007558863,95.22748062299216,39.291148351526
Canon,EOS 750D,1010,200,146.0,243.84423595624,95.62519057107451,39.302101543697
Canon,EOS 750D,1010,200,146.0,244.85839632386,96.02290051916079,39.312991066215
Canon,EOS 750D,1010,200,146.0,245.87255669147,96.42061046724314,39.323817506552
Canon,EOS 750D,1010,200,146.0,246.88671705909,96.81832041532941,39.334581444608
Canon,EOS 750D,1010,200,146.0,247.9008774267,97.21603036341176,39.345283452842
Canon,EOS 750D,1010,200,146.0,248.91503779431,97.61374031149411,39.35592409639
Canon,EOS 750D,1010,200,146.0,249.92919816193,98.01145025958039,39.36650393319
Canon,EOS 750D,1010,200,146.0,250.94335852954,98.40916020766275,39.377023514102
Canon,EOS 750D,1010,200,146.0,251.95751889716,98.80687015574902,39.387483383018
Canon,EOS 750D,1010,200,146.0,252.97167926477,99.20458010383136,39.397884076983
Canon,EOS 750D,1010,200,146.0,253.98583963239,99.60229005191763,39.408226126306
Canon,EOS 750D,1010,200,146.0,255,100.0,39.418510054663
Canon,EOS 750D,1010,400,297.0,0.15284901821151,0.059940791455494115,0
Canon,EOS 750D,1010,400,297.0,0.2324523619112,0.09115778898478431,3.1666225743665
Canon,EOS 750D,1010,400,297.0,0.36711942399803,0.1439684015678549,6.434722803128
Canon,EOS 750D,1010,400,297.0,0.6676332641473,0.26181696633227447,10.380882310095
Canon,EOS 750D,1010,400,297.0,1.2366656167597,0.4849669085332157,14.050754960239
Canon,EOS 750D,1010,400,297.0,2.9615440698317,1.161389831306549,18.672758593675
Canon,EOS 750D,1010,400,297.0,4.5023891992488,1.7656428232348234,20.714532620171
Canon,EOS 750D,1010,400,297.0,5.5165495668632,2.1633527713189022,21.674925597016
Canon,EOS 750D,1010,400,297.0,6.5307099344776,2.5610627194029805,22.460330249857
Canon,EOS 750D,1010,400,297.0,7.5448703020919,2.9587726674870196,23.124070063364
Canon,EOS 750D,1010,400,297.0,8.5590306697063,3.356482615571098,23.698380959734
Canon,EOS 750D,1010,400,297.0,9.5731910373207,3.7541925636551765,24.204216718815
Canon,EOS 750D,1010,400,297.0,10.587351404935,4.151902511739215,24.655955308782
Canon,EOS 750D,1010,400,297.0,11.601511772549,4.5496124598231376,25.063885729139
Canon,EOS 750D,1010,400,297.0,12.615672140164,4.947322407907451,25.435622096323
Canon,EOS 750D,1010,400,297.0,13.629832507778,5.345032355991372,25.776955719609
Canon,EOS 750D,1010,400,297.0,14.643992875393,5.742742304075686,26.092393252548
Canon,EOS 750D,1010,400,297.0,15.658153243007,6.140452252159608,26.385510077501
Canon,EOS 750D,1010,400,297.0,16.672313610621,6.538162200243529,26.659190101166
Canon,EOS 750D,1010,400,297.0,17.686473978236,6.935872148327843,26.915793097788
Canon,EOS 750D,1010,400,297.0,18.70063434585,7.333582096411765,27.157274355092
Canon,EOS 750D,1010,400,297.0,19.714794713464,7.731292044495685,27.385272047093
Canon,EOS 750D,1010,400,297.0,20.728955081079,8.12900199258,27.601172239368
Canon,EOS 750D,1010,400,297.0,21.743115448693,8.52671194066392,27.806158059719
Canon,EOS 750D,1010,400,297.0,22.757275816308,8.924421888748235,28.001247445372
Canon,EOS 750D,1010,400,297.0,23.771436183922,9.322131836832156,28.187322508481
Canon,EOS 750D,1010,400,297.0,24.785596551536,9.719841784916078,28.365152657319
Canon,EOS 750D,1010,400,297.0,25.799756919151,10.117551733000392,28.535413000798
Canon,EOS 750D,1010,400,297.0,26.813917286765,10.515261681084315,28.698699145232
Canon,EOS 750D,1010,400,297.0,27.828077654379,10.912971629168236,28.855539199638
Canon,EOS 750D,1010,400,297.0,28.842238021994,11.310681577252549,29.006403598302
Canon,EOS 750D,1010,400,297.0,29.856398389608,11.70839152533647,29.151713199974
Canon,EOS 750D,1010,400,297.0,30.870558757223,12.106101473420786,29.291846014086
Canon,EOS 750D,1010,400,297.0,31.884719124837,12.503811421504707,29.427142824063
Canon,EOS 750D,1010,400,297.0,32.898879492451,12.901521369588629,29.557911917767
Canon,EOS 750D,1010,400,297.0,33.913039860066,13.299231317672941,29.684433089924
Canon,EOS 750D,1010,400,297.0,34.92720022768,13.696941265756863,29.806961046927
Canon,EOS 750D,1010,400,297.0,35.941360595295,14.094651213841178,29.925728317961
Canon,EOS 750D,1010,400,297.0,36.955520962909,14.492361161925096,30.040947755911
Canon,EOS 750D,1010,400,297.0,37.969681330523,14.890071110009021,30.152814695495
Canon,EOS 750D,1010,400,297.0,38.983841698138,15.287781058093334,30.261508823483
Canon,EOS 750D,1010,400,297.0,39.998002065752,15.685491006177255,30.367195805889
Canon,EOS 750D,1010,400,297.0,41.012162433366,16.083200954261176,30.47002870906
Canon,EOS 750D,1010,400,297.0,42.026322800981,16.48091090234549,30.570149245214
Canon,EOS 750D,1010,400,297.0,43.040483168595,16.878620850429414,30.66768886781
Canon,EOS 750D,1010,400,297.0,44.05464353621,17.276330798513726,30.762769737969
Canon,EOS 750D,1010,400,297.0,45.068803903824,17.674040746597647,30.85550557973
Canon,EOS 750D,1010,400,297.0,46.082964271438,18.07175069468157,30.946002439153
Canon,EOS 750D,1010,400,297.0,47.097124639053,18.469460642765885,31.034359359929
Canon,EOS 750D,1010,400,297.0,48.111285006667,18.867170590849806,31.120668986308
Canon,EOS 750D,1010,400,297.0,49.125445374281,19.264880538933728,31.205018102504
Canon,EOS 750D,1010,400,297.0,50.139605741896,19.66259048701804,31.287488116454
Canon,EOS 750D,1010,400,297.0,51.15376610951,20.06030043510196,31.368155494674
Canon,EOS 750D,1010,400,297.0,52.167926477125,20.458010383186277,31.447092154033
Canon,EOS 750D,1010,400,297.0,53.182086844739,20.855720331270195,31.524365815455
Canon,EOS 750D,1010,400,297.0,54.196247212353,21.25343027935412,31.600040323916
Canon,EOS 750D,1010,400,297.0,55.210407579968,21.651140227438432,31.67417593851
Canon,EOS 750D,1010,400,297.0,56.224567947582,22.048850175522354,31.746829595879
Canon,EOS 750D,1010,400,297.0,57.238728315196,22.446560123606275,31.8180551499
Canon,EOS 750D,1010,400,297.0,58.252888682811,22.844270071690588,31.887903590138
Canon,EOS 750D,1010,400,297.0,59.267049050425,23.24198001977451,31.956423241294
Canon,EOS 750D,1010,400,297.0,60.28120941804,23.639689967858825,32.023659945588
Canon,EOS 750D,1010,400,297.0,61.295369785654,24.037399915942746,32.089657229808
Canon,EOS 750D,1010,400,297.0,62.309530153268,24.435109864026668,32.154456458544
Canon,EOS 750D,1010,400,297.0,63.323690520883,24.83281981211098,32.218096974945
Canon,EOS 750D,1010,400,297.0,64.337850888497,25.2305297601949,32.28061623022
Canon,EOS 750D,1010,400,297.0,65.352011256112,25.628239708279217,32.342049902926
Canon,EOS 750D,1010,400,297.0,66.366171623726,26.02594965636314,32.402432009002
Canon,EOS 750D,1010,400,297.0,67.38033199134,26.42365960444706,32.461795003403
Canon,EOS 750D,1010,400,297.0,68.394492358955,26.821369552531376,32.520169874078
Canon,EOS 750D,1010,400,297.0,69.408652726569,27.219079500615294,32.577586228989
Canon,EOS 750D,1010,400,297.0,70.422813094183,27.616789448699215,32.634072376772
Canon,EOS 750D,1010,400,297.0,71.436973461798,28.01449939678353,32.689655401583
Canon,EOS 750D,1010,400,297.0,72.451133829412,28.41220934486745,32.744361232645
Canon,EOS 750D,1010,400,297.0,73.465294197027,28.80991929295177,32.798214708916
Canon,EOS 750D,1010,400,297.0,74.479454564641,29.207629241035686,32.851239639302
Canon,EOS 750D,1010,400,297.0,75.493614932255,29.605339189119604,32.903458858766
Canon,EOS 750D,1010,400,297.0,76.50777529987,30.003049137203924,32.95489428067
Canon,EOS 750D,1010,400,297.0,77.521935667484,30.40075908528784,33.005566945649
Canon,EOS 750D,1010,400,297.0,78.536096035098,30.798469033371763,33.055497067288
Canon,EOS 750D,1010,400,297.0,79.550256402713,31.19617898145608,33.104704074847
Canon,EOS 750D,1010,400,297.0,80.564416770327,31.593888929539997,33.153206653269
Canon,EOS 750D,1010,400,297.0,81.578577137942,31.991598877624316,33.201022780662
Canon,EOS 750D,1010,400,297.0,82.592737505556,32.389308825708234,33.248169763458
Canon,EOS 750D,1010,400,297.0,83.60689787317,32.787018773792155,33.294664269412
Canon,EOS 750D,1010,400,297.0,84.621058240785,33.184728721876475,33.340522358593
Canon,EOS 750D,1010,400,297.0,85.635218608399,33.58243866996039,33.385759512531
Canon,EOS 750D,1010,400,297.0,86.649378976014,33.98014861804471,33.430390661622
Canon,EOS 750D,1010,400,297.0,87.663539343628,34.37785856612863,33.474430210946
Canon,EOS 750D,1010,400,297.0,88.677699711242,34.775568514212544,33.517892064577
Canon,EOS 750D,1010,400,297.0,89.691860078857,35.173278462296864,33.560789648511
Canon,EOS 750D,1010,400,297.0,90.706020446471,35.570988410380785,33.603135932299
Canon,EOS 750D,1010,400,297.0,91.720180814085,35.96869835846471,33.644943449461
Canon,EOS 750D,1010,400,297.0,92.7343411817,36.36640830654902,33.686224316785
Canon,EOS 750D,1010,400,297.0,93.748501549314,36.76411825463294,33.726990252556
Canon,EOS 750D,1010,400,297.0,94.762661916929,37.16182820271726,33.767252593814
Canon,EOS 750D,1010,400,297.0,95.776822284543,37.559538150801174,33.807022312676
Canon,EOS 750D,1010,400,297.0,96.790982652157,37.9572480988851,33.846310031799
Canon,EOS 750D,1010,400,297.0,97.805143019772,38.354958046969415,33.885126039034
Canon,EOS 750D,1010,400,297.0,98.819303387386,38.752667995053336,33.923480301319
Canon,EOS 750D,1010,400,297.0,99.833463755,39.15037794313726,33.961382477858
Canon,EOS 750D,1010,400,297.0,100.84762412261,39.54808789121961,33.99884193263
Canon,EOS 750D,1010,400,297.0,101.86178449023,39.94579783930588,34.035867746274
Canon,EOS 750D,1010,400,297.0,102.87594485784,40.34350778738823,34.072468727374
Canon,EOS 750D,1010,400,297.0,103.89010522546,40.741217735474514,34.108653423197
Canon,EOS 750D,1010,400,297.0,104.90426559307,41.13892768355686,34.144430129899
Canon,EOS 750D,1010,400,297.0,105.91842596069,41.53663763164314,34.179806902241
Canon,EOS 750D,1010,400,297.0,106.9325863283,41.93434757972549,34.21479156284
Canon,EOS 750D,1010,400,297.0,107.94674669592,42.33205752781176,34.249391710984
Canon,EOS 750D,1010,400,297.0,108.96090706353,42.72976747589412,34.283614731024
Canon,EOS 750D,1010,400,297.0,109.97506743114,43.12747742397647,34.317467800385
Canon,EOS 750D,1010,400,297.0,110.98922779876,43.525187372062746,34.350957897203
Canon,EOS 750D,1010,400,297.0,112.00338816637,43.9228973201451,34.384091807613
Canon,EOS 750D,1010,400,297.0,113.01754853399,44.32060726823137,34.416876132708
Canon,EOS 750D,1010,400,297.0,114.0317089016,44.71831721631372,34.449317295186
Canon,EOS 750D,1010,400,297.0,115.04586926922,45.1160271644,34.481421545702
Canon,EOS 750D,1010,400,297.0,116.06002963683,45.51373711248235,34.513194968935
Canon,EOS 750D,1010,400,297.0,117.07419000444,45.911447060564704,34.544643489398
Canon,EOS 750D,1010,400,297.0,118.08835037206,46.30915700865098,34.575772876988
Canon,EOS 750D,1010,400,297.0,119.10251073967,46.706866956733336,34.606588752306
Canon,EOS 750D,1010,400,297.0,120.11667110729,47.10457690481961,34.637096591743
Canon,EOS 750D,1010,400,297.0,121.1308314749,47.50228685290197,34.667301732356
Canon,EOS 750D,1010,400,297.0,122.14499184252,47.899996800988234,34.697209376535
Canon,EOS 750D,1010,400,297.0,123.15915221013,48.29770674907059,34.726824596485
Canon,EOS 750D,1010,400,297.0,124.17331257775,48.695416697156865,34.756152338514
Canon,EOS 750D,1010,400,297.0,125.18747294536,49.09312664523922,34.785197427149
Canon,EOS 750D,1010,400,297.0,126.20163331297,49.49083659332157,34.81396456909
Canon,EOS 750D,1010,400,297.0,127.21579368059,49.88854654140784,34.842458356997
Canon,EOS 750D,1010,400,297.0,128.2299540482,50.2862564894902,34.870683273131
Canon,EOS 750D,1010,400,297.0,129.24411441582,50.68396643757648,34.898643692853
Canon,EOS 750D,1010,400,297.0,130.25827478343,51.081676385658824,34.926343887979
Canon,EOS 750D,1010,400,297.0,131.27243515105,51.47938633374509,34.953788030009
Canon,EOS 750D,1010,400,297.0,132.28659551866,51.87709628182745,34.980980193233
Canon,EOS 750D,1010,400,297.0,133.30075588627,52.2748062299098,35.007924357711
Canon,EOS 750D,1010,400,297.0,134.31491625389,52.67251617799607,35.034624412147
Canon,EOS 750D,1010,400,297.0,135.3290766215,53.07022612607844,35.06108415665
Canon,EOS 750D,1010,400,297.0,136.34323698912,53.467936074164705,35.087307305396
Canon,EOS 750D,1010,400,297.0,137.35739735673,53.86564602224706,35.11329748918
Canon,EOS 750D,1010,400,297.0,138.37155772435,54.263355970333336,35.139058257892
Canon,EOS 750D,1010,400,297.0,139.38571809196,54.66106591841569,35.164593082883
Canon,EOS 750D,1010,400,297.0,140.39987845958,55.05877586650196,35.189905359259
Canon,EOS 750D,1010,400,297.0,141.41403882719,55.45648581458432,35.214998408084
Canon,EOS 750D,1010,400,297.0,142.4281991948,55.854195762666656,35.239875478509
Canon,EOS 750D,1010,400,297.0,143.44235956242,56.251905710752936,35.264539749821
Canon,EOS 750D,1010,400,297.0,144.45651993003,56.649615658835295,35.288994333423
Canon,EOS 750D,1010,400,297.0,145.47068029765,57.047325606921575,35.313242274743
Canon,EOS 750D,1010,400,297.0,146.48484066526,57.44503555500392,35.337286555076
Canon,EOS 750D,1010,400,297.0,147.49900103288,57.842745503090185,35.361130093362
Canon,EOS 750D,1010,400,297.0,148.51316140049,58.240455451172544,35.384775747904
Canon,EOS 750D,1010,400,297.0,149.52732176811,58.638165399258824,35.408226318029
Canon,EOS 750D,1010,400,297.0,150.54148213572,59.03587534734118,35.431484545685
Canon,EOS 750D,1010,400,297.0,151.55564250333,59.433585295423526,35.454553116997
Canon,EOS 750D,1010,400,297.0,152.56980287095,59.83129524350981,35.477434663758
Canon,EOS 750D,1010,400,297.0,153.58396323856,60.22900519159216,35.500131764878
Canon,EOS 750D,1010,400,297.0,154.59812360618,60.62671513967843,35.522646947783
Canon,EOS 750D,1010,400,297.0,155.61228397379,61.02442508776078,35.544982689769
Canon,EOS 750D,1010,400,297.0,156.62644434141,61.422135035847056,35.567141419309
Canon,EOS 750D,1010,400,297.0,157.64060470902,61.819844983929414,35.589125517323
Canon,EOS 750D,1010,400,297.0,158.65476507663,62.217554932011765,35.610937318401
Canon,EOS 750D,1010,400,297.0,159.66892544425,62.61526488009803,35.632579111992
Canon,EOS 750D,1010,400,297.0,160.68308581186,63.01297482818039,35.65405314355
Canon,EOS 750D,1010,400,297.0,161.69724617948,63.41068477626667,35.675361615651
Canon,EOS 750D,1010,400,297.0,162.71140654709,63.80839472434903,35.696506689067
Canon,EOS 750D,1010,400,297.0,163.72556691471,64.20610467243529,35.717490483814
Canon,EOS 750D,1010,400,297.0,164.73972728232,64.60381462051764,35.738315080158
Canon,EOS 750D,1010,400,297.0,165.75388764994,65.00152456860391,35.758982519605
Canon,EOS 750D,1010,400,297.0,166.76804801755,65.39923451668628,35.779494805842
Canon,EOS 750D,1010,400,297.0,167.78220838516,65.79694446476863,35.799853905664
Canon,EOS 750D,1010,400,297.0,168.79636875278,66.1946544128549,35.820061749869
Canon,EOS 750D,1010,400,297.0,169.81052912039,66.59236436093725,35.840120234121
Canon,EOS 750D,1010,400,297.0,170.82468948801,66.99007430902353,35.860031219794
Canon,EOS 750D,1010,400,297.0,171.83884985562,67.38778425710588,35.879796534788
Canon,EOS 750D,1010,400,297.0,172.85301022324,67.78549420519215,35.899417974319
Canon,EOS 750D,1010,400,297.0,173.86717059085,68.18320415327452,35.918897301691
Canon,EOS 750D,1010,400,297.0,174.88133095846,68.58091410135687,35.93823624904
Canon,EOS 750D,1010,400,297.0,175.89549132608,68.97862404944314,35.957436518059
Canon,EOS 750D,1010,400,297.0,176.90965169369,69.37633399752549,35.976499780704
Canon,EOS 750D,1010,400,297.0,177.92381206131,69.77404394561177,35.995427679873
Canon,EOS 750D,1010,400,297.0,178.93797242892,70.17175389369412,36.014221830076
Canon,EOS 750D,1010,400,297.0,179.95213279654,70.5694638417804,36.032883818075
Canon,EOS 750D,1010,400,297.0,180.96629316415,70.96717378986274,36.051415203515
Canon,EOS 750D,1010,400,297.0,181.98045353177,71.36488373794901,36.069817519531
Canon,EOS 750D,1010,400,297.0,182.99461389938,71.76259368603138,36.088092273343
Canon,EOS 750D,1010,400,297.0,184.00877426699,72.16030363411373,36.10624094683
Canon,EOS 750D,1010,400,297.0,185.02293463461,72.5580135822,36.124264997089
Canon,EOS 750D,1010,400,297.0,186.03709500222,72.95572353028236,36.142165856984
Canon,EOS 750D,1010,400,297.0,187.05125536984,73.35343347836863,36.159944935673
Canon,EOS 750D,1010,400,297.0,188.06541573745,73.75114342645098,36.177603619124
Canon,EOS 750D,1010,400,297.0,189.07957610507,74.14885337453725,36.195143270616
Canon,EOS 750D,1010,400,297.0,190.09373647268,74.5465633226196,36.212565231232
Canon,EOS 750D,1010,400,297.0,191.10789684029,74.94427327070197,36.229870820325
Canon,EOS 750D,1010,400,297.0,192.12205720791,75.34198321878823,36.24706133599
Canon,EOS 750D,1010,400,297.0,193.13621757552,75.73969316687058,36.264138055509
Canon,EOS 750D,1010,400,297.0,194.15037794314,76.13740311495685,36.28110223579
Canon,EOS 750D,1010,400,297.0,195.16453831075,76.53511306303922,36.297955113797
Canon,EOS 750D,1010,400,297.0,196.17869867837,76.93282301112549,36.314697906962
Canon,EOS 750D,1010,400,297.0,197.19285904598,77.33053295920784,36.331331813592
Canon,EOS 750D,1010,400,297.0,198.2070194136,77.72824290729412,36.347858013266
Canon,EOS 750D,1010,400,297.0,199.22117978121,78.12595285537647,36.364277667215
Canon,EOS 750D,1010,400,297.0,200.23534014882,78.52366280345883,36.380591918701
Canon,EOS 750D,1010,400,297.0,201.24950051644,78.9213727515451,36.396801893379
Canon,EOS 750D,1010,400,297.0,202.26366088405,79.31908269962746,36.412908699656
Canon,EOS 750D,1010,400,297.0,203.27782125167,79.71679264771372,36.428913429037
Canon,EOS 750D,1010,400,297.0,204.29198161928,80.11450259579608,36.444817156464
Canon,EOS 750D,1010,400,297.0,205.3061419869,80.51221254388236,36.460620940644
Canon,EOS 750D,1010,400,297.0,206.32030235451,80.9099224919647,36.476325824374
Canon,EOS 750D,1010,400,297.0,207.33446272212,81.30763244004706,36.491932834854
Canon,EOS 750D,1010,400,297.0,208.34862308974,81.70534238813333,36.507442983991
Canon,EOS 750D,1010,400,297.0,209.36278345735,82.10305233621568,36.522857268702
Canon,EOS 750D,1010,400,297.0,210.37694382497,82.50076228430197,36.538176671203
Canon,EOS 750D,1010,400,297.0,211.39110419258,82.89847223238431,36.553402159293
Canon,EOS 750D,1010,400,297.0,212.4052645602,83.2961821804706,36.568534686634
Canon,EOS 750D,1010,400,297.0,213.41942492781,83.69389212855295,36.583575193021
Canon,EOS 750D,1010,400,297.0,214.43358529543,84.09160207663922,36.598524604646
Canon,EOS 750D,1010,400,297.0,215.44774566304,84.48931202472156,36.613383834358
Canon,EOS 750D,1010,400,297.0,216.46190603065,84.88702197280392,36.628153781914
Canon,EOS 750D,1010,400,297.0,217.47606639827,85.2847319208902,36.642835334225
Canon,EOS 750D,1010,400,297.0,218.49022676588,85.68244186897255,36.657429365599
Canon,EOS 750D,1010,400,297.0,219.5043871335,86.08015181705882,36.671936737974
Canon,EOS 750D,1010,400,297.0,220.51854750111,86.47786176514117,36.686358301148
Canon,EOS 750D,1010,400,297.0,221.53270786873,86.87557171322744,36.700694893002
Canon,EOS 750D,1010,400,297.0,222.54686823634,87.27328166130981,36.714947339723
Canon,EOS 750D,1010,400,297.0,223.56102860395,87.67099160939216,36.729116456015
Canon,EOS 750D,1010,400,297.0,224.57518897157,88.06870155747842,36.74320304531
Canon,EOS 750D,1010,400,297.0,225.58934933918,88.46641150556079,36.757207899969
Canon,EOS 750D,1010,400,297.0,226.6035097068,88.86412145364706,36.771131801489
Canon,EOS 750D,1010,400,297.0,227.61767007441,89.26183140172941,36.78497552069
Canon,EOS 750D,1010,400,297.0,228.63183044203,89.65954134981568,36.798739817914
Canon,EOS 750D,1010,400,297.0,229.64599080964,90.05725129789805,36.812425443206
Canon,EOS 750D,1010,400,297.0,230.66015117726,90.45496124598431,36.826033136499
Canon,EOS 750D,1010,400,297.0,231.67431154487,90.85267119406667,36.839563627795
Canon,EOS 750D,1010,400,297.0,232.68847191248,91.25038114214902,36.853017637337
Canon,EOS 750D,1010,400,297.0,233.7026322801,91.6480910902353,36.866395875778
Canon,EOS 750D,1010,400,297.0,234.71679264771,92.04580103831765,36.879699044354
Canon,EOS 750D,1010,400,297.0,235.73095301533,92.44351098640392,36.892927835043
Canon,EOS 750D,1010,400,297.0,236.74511338294,92.84122093448627,36.906082930729
Canon,EOS 750D,1010,400,297.0,237.75927375056,93.23893088257255,36.919165005353
Canon,EOS 750D,1010,400,297.0,238.77343411817,93.6366408306549,36.932174724073
Canon,EOS 750D,1010,400,297.0,239.78759448578,94.03435077873725,36.945112743409
Canon,EOS 750D,1010,400,297.0,240.8017548534,94.43206072682354,36.957979711393
Canon,EOS 750D,1010,400,297.0,241.81591522101,94.82977067490587,36.97077626771
Canon,EOS 750D,1010,400,297.0,242.83007558863,95.22748062299216,36.983503043843
Canon,EOS 750D,1010,400,297.0,243.84423595624,95.62519057107451,36.996160663207
Canon,EOS 750D,1010,400,297.0,244.85839632386,96.02290051916079,37.008749741285
Canon,EOS 750D,1010,400,297.0,245.87255669147,96.42061046724314,37.021270885761
Canon,EOS 750D,1010,400,297.0,246.88671705909,96.81832041532941,37.033724696648
Canon,EOS 750D,1010,400,297.0,247.9008774267,97.21603036341176,37.046111766418
Canon,EOS 750D,1010,400,297.0,248.91503779431,97.61374031149411,37.058432680121
Canon,EOS 750D,1010,400,297.0,249.92919816193,98.01145025958039,37.070688015512
Canon,EOS 750D,1010,400,297.0,250.94335852954,98.40916020766275,37.082878343167
Canon,EOS 750D,1010,400,297.0,251.95751889716,98.80687015574902,37.095004226601
Canon,EOS 750D,1010,400,297.0,252.97167926477,99.20458010383136,37.10706622238
Canon,EOS 750D,1010,400,297.0,253.98583963239,99.60229005191763,37.119064880237
Canon,EOS 750D,1010,400,297.0,255,100.0,37.131000743179
Canon,EOS 750D,1010,800,586.0,0.2324523619112,0.09115778898478431,0
Canon,EOS 750D,1010,800,586.0,0.36711942399803,0.1439684015678549,3.2876686093124
Canon,EOS 750D,1010,800,586.0,0.6676332641473,0.26181696633227447,7.2622349059695
Canon,EOS 750D,1010,800,586.0,1.2366656167597,0.4849669085332157,10.960633567131
Canon,EOS 750D,1010,800,586.0,2.9615440698317,1.161389831306549,15.616386137733
Canon,EOS 750D,1010,800,586.0,4.5023891992488,1.7656428232348234,17.672144607516
Canon,EOS 750D,1010,800,586.0,5.5165495668632,2.1633527713189022,18.639283323499
Canon,EOS 750D,1010,800,586.0,6.5307099344776,2.5610627194029805,19.430461168049
Canon,EOS 750D,1010,800,586.0,7.5448703020919,2.9587726674870196,20.099363688036
Canon,EOS 750D,1010,800,586.0,8.5590306697063,3.356482615571098,20.678427622705
Canon,EOS 750D,1010,800,586.0,9.5731910373207,3.7541925636551765,21.188727102547
Canon,EOS 750D,1010,800,586.0,10.587351404935,4.151902511739215,21.64471661993
Canon,EOS 750D,1010,800,586.0,11.601511772549,4.5496124598231376,22.056736162503
Canon,EOS 750D,1010,800,586.0,12.615672140164,4.947322407907451,22.432435134898
Canon,EOS 750D,1010,800,586.0,13.629832507778,5.345032355991372,22.777630049433
Canon,EOS 750D,1010,800,586.0,14.643992875393,5.742742304075686,23.096846043527
Canon,EOS 750D,1010,800,586.0,15.658153243007,6.140452252159608,23.393672366448
Canon,EOS 750D,1010,800,586.0,16.672313610621,6.538162200243529,23.671003534252
Canon,EOS 750D,1010,800,586.0,17.686473978236,6.935872148327843,23.931207578773
Canon,EOS 750D,1010,800,586.0,18.70063434585,7.333582096411765,24.176246313025
Canon,EOS 750D,1010,800,586.0,19.714794713464,7.731292044495685,24.407763137438
Canon,EOS 750D,1010,800,586.0,20.728955081079,8.12900199258,24.627148354635
Canon,EOS 750D,1010,800,586.0,21.743115448693,8.52671194066392,24.83558856509
Canon,EOS 750D,1010,800,586.0,22.757275816308,8.924421888748235,25.03410458059
Canon,EOS 750D,1010,800,586.0,23.771436183922,9.322131836832156,25.223580914411
Canon,EOS 750D,1010,800,586.0,24.785596551536,9.719841784916078,25.404788997217
Canon,EOS 750D,1010,800,586.0,25.799756919151,10.117551733000392,25.578405654436
Canon,EOS 750D,1010,800,586.0,26.813917286765,10.515261681084315,25.745027959666
Canon,EOS 750D,1010,800,586.0,27.828077654379,10.912971629168236,25.905185284476
Canon,EOS 750D,1010,800,586.0,28.842238021994,11.310681577252549,26.059349156262
Canon,EOS 750D,1010,800,586.0,29.856398389608,11.70839152533647,26.207941385665
Canon,EOS 750D,1010,800,586.0,30.870558757223,12.106101473420786,26.351340815551
Canon,EOS 750D,1010,800,586.0,31.884719124837,12.503811421504707,26.489888962809
Canon,EOS 750D,1010,800,586.0,32.898879492451,12.901521369588629,26.623894763926
Canon,EOS 750D,1010,800,586.0,33.913039860066,13.299231317672941,26.753638589863
Canon,EOS 750D,1010,800,586.0,34.92720022768,13.696941265756863,26.879375661184
Canon,EOS 750D,1010,800,586.0,35.941360595295,14.094651213841178,27.001338967777
Canon,EOS 750D,1010,800,586.0,36.955520962909,14.492361161925096,27.119741776964
Canon,EOS 750D,1010,800,586.0,37.969681330523,14.890071110009021,27.234779797705
Canon,EOS 750D,1010,800,586.0,38.983841698138,15.287781058093334,27.346633055944
Canon,EOS 750D,1010,800,586.0,39.998002065752,15.685491006177255,27.455467526169
Canon,EOS 750D,1010,800,586.0,41.012162433366,16.083200954261176,27.561436556222
Canon,EOS 750D,1010,800,586.0,42.026322800981,16.48091090234549,27.664682116026
Canon,EOS 750D,1010,800,586.0,43.040483168595,16.878620850429414,27.765335895711
Canon,EOS 750D,1010,800,586.0,44.05464353621,17.276330798513726,27.863520274394
Canon,EOS 750D,1010,800,586.0,45.068803903824,17.674040746597647,27.959349177505
Canon,EOS 750D,1010,800,586.0,46.082964271438,18.07175069468157,28.052928837663
Canon,EOS 750D,1010,800,586.0,47.097124639053,18.469460642765885,28.144358471859
Canon,EOS 750D,1010,800,586.0,48.111285006667,18.867170590849806,28.23373088574
Canon,EOS 750D,1010,800,586.0,49.125445374281,19.264880538933728,28.321133014213
Canon,EOS 750D,1010,800,586.0,50.139605741896,19.66259048701804,28.406646406261
Canon,EOS 750D,1010,800,586.0,51.15376610951,20.06030043510196,28.490347660727
Canon,EOS 750D,1010,800,586.0,52.167926477125,20.458010383186277,28.57230881891
Canon,EOS 750D,1010,800,586.0,53.182086844739,20.855720331270195,28.652597719001
Canon,EOS 750D,1010,800,586.0,54.196247212353,21.25343027935412,28.731278316724
Canon,EOS 750D,1010,800,586.0,55.210407579968,21.651140227438432,28.808410975979
Canon,EOS 750D,1010,800,586.0,56.224567947582,22.048850175522354,28.884052732796
Canon,EOS 750D,1010,800,586.0,57.238728315196,22.446560123606275,28.958257535476
Canon,EOS 750D,1010,800,586.0,58.252888682811,22.844270071690588,29.031076463464
Canon,EOS 750D,1010,800,586.0,59.267049050425,23.24198001977451,29.102557927165
Canon,EOS 750D,1010,800,586.0,60.28120941804,23.639689967858825,29.172747850666
Canon,EOS 750D,1010,800,586.0,61.295369785654,24.037399915942746,29.241689839085
Canon,EOS 750D,1010,800,586.0,62.309530153268,24.435109864026668,29.309425332074
Canon,EOS 750D,1010,800,586.0,63.323690520883,24.83281981211098,29.375993744835
Canon,EOS 750D,1010,800,586.0,64.337850888497,25.2305297601949,29.441432597834
Canon,EOS 750D,1010,800,586.0,65.352011256112,25.628239708279217,29.505777636295
Canon,EOS 750D,1010,800,586.0,66.366171623726,26.02594965636314,29.569062940423
Canon,EOS 750D,1010,800,586.0,67.38033199134,26.42365960444706,29.631321027203
Canon,EOS 750D,1010,800,586.0,68.394492358955,26.821369552531376,29.692582944533
Canon,EOS 750D,1010,800,586.0,69.408652726569,27.219079500615294,29.752878358385
Canon,EOS 750D,1010,800,586.0,70.422813094183,27.616789448699215,29.812235633589
Canon,EOS 750D,1010,800,586.0,71.436973461798,28.01449939678353,29.870681908805
Canon,EOS 750D,1010,800,586.0,72.451133829412,28.41220934486745,29.928243166171
Canon,EOS 750D,1010,800,586.0,73.465294197027,28.80991929295177,29.984944296075
Canon,EOS 750D,1010,800,586.0,74.479454564641,29.207629241035686,30.040809157455
Canon,EOS 750D,1010,800,586.0,75.493614932255,29.605339189119604,30.095860633997
Canon,EOS 750D,1010,800,586.0,76.50777529987,30.003049137203924,30.150120686549
Canon,EOS 750D,1010,800,586.0,77.521935667484,30.40075908528784,30.203610402071
Canon,EOS 750D,1010,800,586.0,78.536096035098,30.798469033371763,30.256350039376
Canon,EOS 750D,1010,800,586.0,79.550256402713,31.19617898145608,30.308359071917
Canon,EOS 750D,1010,800,586.0,80.564416770327,31.593888929539997,30.359656227849
Canon,EOS 750D,1010,800,586.0,81.578577137942,31.991598877624316,30.410259527568
Canon,EOS 750D,1010,800,586.0,82.592737505556,32.389308825708234,30.460186318916
Canon,EOS 750D,1010,800,586.0,83.60689787317,32.787018773792155,30.509453310221
Canon,EOS 750D,1010,800,586.0,84.621058240785,33.184728721876475,30.558076601342
Canon,EOS 750D,1010,800,586.0,85.635218608399,33.58243866996039,30.60607171284
Canon,EOS 750D,1010,800,586.0,86.649378976014,33.98014861804471,30.653453613435
Canon,EOS 750D,1010,800,586.0,87.663539343628,34.37785856612863,30.700236745842
Canon,EOS 750D,1010,800,586.0,88.677699711242,34.775568514212544,30.746435051125
Canon,EOS 750D,1010,800,586.0,89.691860078857,35.173278462296864,30.792061991654
Canon,EOS 750D,1010,800,586.0,90.706020446471,35.570988410380785,30.837130572754
Canon,EOS 750D,1010,800,586.0,91.720180814085,35.96869835846471,30.88165336316
Canon,EOS 750D,1010,800,586.0,92.7343411817,36.36640830654902,30.925642514331
Canon,EOS 750D,1010,800,586.0,93.748501549314,36.76411825463294,30.969109778706
Canon,EOS 750D,1010,800,586.0,94.762661916929,37.16182820271726,31.012066526979
Canon,EOS 750D,1010,800,586.0,95.776822284543,37.559538150801174,31.054523764445
Canon,EOS 750D,1010,800,586.0,96.790982652157,37.9572480988851,31.096492146482
Canon,EOS 750D,1010,800,586.0,97.805143019772,38.354958046969415,31.137981993221
Canon,EOS 750D,1010,800,586.0,98.819303387386,38.752667995053336,31.179003303456
Canon,EOS 750D,1010,800,586.0,99.833463755,39.15037794313726,31.219565767837
Canon,EOS 750D,1010,800,586.0,100.84762412261,39.54808789121961,31.259678781399
Canon,EOS 750D,1010,800,586.0,101.86178449023,39.94579783930588,31.299351455455
Canon,EOS 750D,1010,800,586.0,102.87594485784,40.34350778738823,31.338592628901
Canon,EOS 750D,1010,800,586.0,103.89010522546,40.741217735474514,31.377410878958
Canon,EOS 750D,1010,800,586.0,104.90426559307,41.13892768355686,31.415814531397
Canon,EOS 750D,1010,800,586.0,105.91842596069,41.53663763164314,31.453811670262
Canon,EOS 750D,1010,800,586.0,106.9325863283,41.93434757972549,31.491410147136
Canon,EOS 750D,1010,800,586.0,107.94674669592,42.33205752781176,31.52861758996
Canon,EOS 750D,1010,800,586.0,108.96090706353,42.72976747589412,31.565441411439
Canon,EOS 750D,1010,800,586.0,109.97506743114,43.12747742397647,31.60188881706
Canon,EOS 750D,1010,800,586.0,110.98922779876,43.525187372062746,31.63796681274
Canon,EOS 750D,1010,800,586.0,112.00338816637,43.9228973201451,31.673682212119
Canon,EOS 750D,1010,800,586.0,113.01754853399,44.32060726823137,31.709041643528
Canon,EOS 750D,1010,800,586.0,114.0317089016,44.71831721631372,31.744051556645
Canon,EOS 750D,1010,800,586.0,115.04586926922,45.1160271644,31.77871822885
Canon,EOS 750D,1010,800,586.0,116.06002963683,45.51373711248235,31.813047771303
Canon,EOS 750D,1010,800,586.0,117.07419000444,45.911447060564704,31.847046134759
Canon,EOS 750D,1010,800,586.0,118.08835037206,46.30915700865098,31.880719115123
Canon,EOS 750D,1010,800,586.0,119.10251073967,46.706866956733336,31.914072358775
Canon,EOS 750D,1010,800,586.0,120.11667110729,47.10457690481961,31.947111367665
Canon,EOS 750D,1010,800,586.0,121.1308314749,47.50228685290197,31.979841504191
Canon,EOS 750D,1010,800,586.0,122.14499184252,47.899996800988234,32.012267995874
Canon,EOS 750D,1010,800,586.0,123.15915221013,48.29770674907059,32.044395939841
Canon,EOS 750D,1010,800,586.0,124.17331257775,48.695416697156865,32.07623030712
Canon,EOS 750D,1010,800,586.0,125.18747294536,49.09312664523922,32.107775946763
Canon,EOS 750D,1010,800,586.0,126.20163331297,49.49083659332157,32.139037589797
Canon,EOS 750D,1010,800,586.0,127.21579368059,49.88854654140784,32.170019853022
Canon,EOS 750D,1010,800,586.0,128.2299540482,50.2862564894902,32.200727242655
Canon,EOS 750D,1010,800,586.0,129.24411441582,50.68396643757648,32.231164157827
Canon,EOS 750D,1010,800,586.0,130.25827478343,51.081676385658824,32.261334893949
Canon,EOS 750D,1010,800,586.0,131.27243515105,51.47938633374509,32.291243645941
Canon,EOS 750D,1010,800,586.0,132.28659551866,51.87709628182745,32.32089451134
Canon,EOS 750D,1010,800,586.0,133.30075588627,52.2748062299098,32.350291493285
Canon,EOS 750D,1010,800,586.0,134.31491625389,52.67251617799607,32.379438503395
Canon,EOS 750D,1010,800,586.0,135.3290766215,53.07022612607844,32.408339364532
Canon,EOS 750D,1010,800,586.0,136.34323698912,53.467936074164705,32.436997813463
Canon,EOS 750D,1010,800,586.0,137.35739735673,53.86564602224706,32.46541750342
Canon,EOS 750D,1010,800,586.0,138.37155772435,54.263355970333336,32.493602006575
Canon,EOS 750D,1010,800,586.0,139.38571809196,54.66106591841569,32.52155481641
Canon,EOS 750D,1010,800,586.0,140.39987845958,55.05877586650196,32.549279350013
Canon,EOS 750D,1010,800,586.0,141.41403882719,55.45648581458432,32.576778950283
Canon,EOS 750D,1010,800,586.0,142.4281991948,55.854195762666656,32.604056888062
Canon,EOS 750D,1010,800,586.0,143.44235956242,56.251905710752936,32.631116364187
Canon,EOS 750D,1010,800,586.0,144.45651993003,56.649615658835295,32.65796051147
Canon,EOS 750D,1010,800,586.0,145.47068029765,57.047325606921575,32.68459239661
Canon,EOS 750D,1010,800,586.0,146.48484066526,57.44503555500392,32.711015022039
Canon,EOS 750D,1010,800,586.0,147.49900103288,57.842745503090185,32.737231327698
Canon,EOS 750D,1010,800,586.0,148.51316140049,58.240455451172544,32.763244192762
Canon,EOS 750D,1010,800,586.0,149.52732176811,58.638165399258824,32.789056437296
Canon,EOS 750D,1010,800,586.0,150.54148213572,59.03587534734118,32.814670823863
Canon,EOS 750D,1010,800,586.0,151.55564250333,59.433585295423526,32.840090059071
Canon,EOS 750D,1010,800,586.0,152.56980287095,59.83129524350981,32.865316795076
Canon,EOS 750D,1010,800,586.0,153.58396323856,60.22900519159216,32.890353631025
Canon,EOS 750D,1010,800,586.0,154.59812360618,60.62671513967843,32.915203114459
Canon,EOS 750D,1010,800,586.0,155.61228397379,61.02442508776078,32.939867742672
Canon,EOS 750D,1010,800,586.0,156.62644434141,61.422135035847056,32.964349964014
Canon,EOS 750D,1010,800,586.0,157.64060470902,61.819844983929414,32.988652179166
Canon,EOS 750D,1010,800,586.0,158.65476507663,62.217554932011765,33.012776742362
Canon,EOS 750D,1010,800,586.0,159.66892544425,62.61526488009803,33.036725962581
Canon,EOS 750D,1010,800,586.0,160.68308581186,63.01297482818039,33.060502104697
Canon,EOS 750D,1010,800,586.0,161.69724617948,63.41068477626667,33.084107390591
Canon,EOS 750D,1010,800,586.0,162.71140654709,63.80839472434903,33.107544000231
Canon,EOS 750D,1010,800,586.0,163.72556691471,64.20610467243529,33.130814072719
Canon,EOS 750D,1010,800,586.0,164.73972728232,64.60381462051764,33.153919707303
Canon,EOS 750D,1010,800,586.0,165.75388764994,65.00152456860391,33.176862964358
Canon,EOS 750D,1010,800,586.0,166.76804801755,65.39923451668628,33.199645866339
Canon,EOS 750D,1010,800,586.0,167.78220838516,65.79694446476863,33.222270398705
Canon,EOS 750D,1010,800,586.0,168.79636875278,66.1946544128549,33.244738510811
Canon,EOS 750D,1010,800,586.0,169.81052912039,66.59236436093725,33.26705211678
Canon,EOS 750D,1010,800,586.0,170.82468948801,66.99007430902353,33.289213096341
Canon,EOS 750D,1010,800,586.0,171.83884985562,67.38778425710588,33.311223295649
Canon,EOS 750D,1010,800,586.0,172.85301022324,67.78549420519215,33.33308452808
Canon,EOS 750D,1010,800,586.0,173.86717059085,68.18320415327452,33.354798574994
Canon,EOS 750D,1010,800,586.0,174.88133095846,68.58091410135687,33.376367186489
Canon,EOS 750D,1010,800,586.0,175.89549132608,68.97862404944314,33.397792082125
Canon,EOS 750D,1010,800,586.0,176.90965169369,69.37633399752549,33.419074951627
Canon,EOS 750D,1010,800,586.0,177.92381206131,69.77404394561177,33.44021745557
Canon,EOS 750D,1010,800,586.0,178.93797242892,70.17175389369412,33.461221226045
Canon,EOS 750D,1010,800,586.0,179.95213279654,70.5694638417804,33.482087867306
Canon,EOS 750D,1010,800,586.0,180.96629316415,70.96717378986274,33.502818956395
Canon,EOS 750D,1010,800,586.0,181.98045353177,71.36488373794901,33.523416043755
Canon,EOS 750D,1010,800,586.0,182.99461389938,71.76259368603138,33.543880653824
Canon,EOS 750D,1010,800,586.0,184.00877426699,72.16030363411373,33.564214285607
Canon,EOS 750D,1010,800,586.0,185.02293463461,72.5580135822,33.584418413243
Canon,EOS 750D,1010,800,586.0,186.03709500222,72.95572353028236,33.604494486547
Canon,EOS 750D,1010,800,586.0,187.05125536984,73.35343347836863,33.624443931543
Canon,EOS 750D,1010,800,586.0,188.06541573745,73.75114342645098,33.644268150978
Canon,EOS 750D,1010,800,586.0,189.07957610507,74.14885337453725,33.663968524825
Canon,EOS 750D,1010,800,586.0,190.09373647268,74.5465633226196,33.683546410774
Canon,EOS 750D,1010,800,586.0,191.10789684029,74.94427327070197,33.703003144705
Canon,EOS 750D,1010,800,586.0,192.12205720791,75.34198321878823,33.722340041155
Canon,EOS 750D,1010,800,586.0,193.13621757552,75.73969316687058,33.741558393763
Canon,EOS 750D,1010,800,586.0,194.15037794314,76.13740311495685,33.760659475718
Canon,EOS 750D,1010,800,586.0,195.16453831075,76.53511306303922,33.779644540177
Canon,EOS 750D,1010,800,586.0,196.17869867837,76.93282301112549,33.798514820688
Canon,EOS 750D,1010,800,586.0,197.19285904598,77.33053295920784,33.817271531596
Canon,EOS 750D,1010,800,586.0,198.2070194136,77.72824290729412,33.835915868434
Canon,EOS 750D,1010,800,586.0,199.22117978121,78.12595285537647,33.85444900831
Canon,EOS 750D,1010,800,586.0,200.23534014882,78.52366280345883,33.872872110288
Canon,EOS 750D,1010,800,586.0,201.24950051644,78.9213727515451,33.891186315744
Canon,EOS 750D,1010,800,586.0,202.26366088405,79.31908269962746,33.90939274873
Canon,EOS 750D,1010,800,586.0,203.27782125167,79.71679264771372,33.927492516322
Canon,EOS 750D,1010,800,586.0,204.29198161928,80.11450259579608,33.945486708953
Canon,EOS 750D,1010,800,586.0,205.3061419869,80.51221254388236,33.96337640075
Canon,EOS 750D,1010,800,586.0,206.32030235451,80.9099224919647,33.981162649853
Canon,EOS 750D,1010,800,586.0,207.33446272212,81.30763244004706,33.998846498731
Canon,EOS 750D,1010,800,586.0,208.34862308974,81.70534238813333,34.01642897449
Canon,EOS 750D,1010,800,586.0,209.36278345735,82.10305233621568,34.033911089168
Canon,EOS 750D,1010,800,586.0,210.37694382497,82.50076228430197,34.051293840034
Canon,EOS 750D,1010,800,586.0,211.39110419258,82.89847223238431,34.068578209865
Canon,EOS 750D,1010,800,586.0,212.4052645602,83.2961821804706,34.085765167232
Canon,EOS 750D,1010,800,586.0,213.41942492781,83.69389212855295,34.102855666766
Canon,EOS 750D,1010,800,586.0,214.43358529543,84.09160207663922,34.119850649428
Canon,EOS 750D,1010,800,586.0,215.44774566304,84.48931202472156,34.136751042763
Canon,EOS 750D,1010,800,586.0,216.46190603065,84.88702197280392,34.153557761155
Canon,EOS 750D,1010,800,586.0,217.47606639827,85.2847319208902,34.170271706076
Canon,EOS 750D,1010,800,586.0,218.49022676588,85.68244186897255,34.186893766323
Canon,EOS 750D,1010,800,586.0,219.5043871335,86.08015181705882,34.203424818258
Canon,EOS 750D,1010,800,586.0,220.51854750111,86.47786176514117,34.219865726033
Canon,EOS 750D,1010,800,586.0,221.53270786873,86.87557171322744,34.236217341821
Canon,EOS 750D,1010,800,586.0,222.54686823634,87.27328166130981,34.252480506028
Canon,EOS 750D,1010,800,586.0,223.56102860395,87.67099160939216,34.268656047515
Canon,EOS 750D,1010,800,586.0,224.57518897157,88.06870155747842,34.284744783804
Canon,EOS 750D,1010,800,586.0,225.58934933918,88.46641150556079,34.300747521284
Canon,EOS 750D,1010,800,586.0,226.6035097068,88.86412145364706,34.316665055409
Canon,EOS 750D,1010,800,586.0,227.61767007441,89.26183140172941,34.332498170899
Canon,EOS 750D,1010,800,586.0,228.63183044203,89.65954134981568,34.348247641926
Canon,EOS 750D,1010,800,586.0,229.64599080964,90.05725129789805,34.363914232306
Canon,EOS 750D,1010,800,586.0,230.66015117726,90.45496124598431,34.379498695679
Canon,EOS 750D,1010,800,586.0,231.67431154487,90.85267119406667,34.395001775689
Canon,EOS 750D,1010,800,586.0,232.68847191248,91.25038114214902,34.410424206161
Canon,EOS 750D,1010,800,586.0,233.7026322801,91.6480910902353,34.425766711269
Canon,EOS 750D,1010,800,586.0,234.71679264771,92.04580103831765,34.441030005707
Canon,EOS 750D,1010,800,586.0,235.73095301533,92.44351098640392,34.45621479485
Canon,EOS 750D,1010,800,586.0,236.74511338294,92.84122093448627,34.47132177492
Canon,EOS 750D,1010,800,586.0,237.75927375056,93.23893088257255,34.486351633134
Canon,EOS 750D,1010,800,586.0,238.77343411817,93.6366408306549,34.501305047868
Canon,EOS 750D,1010,800,586.0,239.78759448578,94.03435077873725,34.516182688798
Canon,EOS 750D,1010,800,586.0,240.8017548534,94.43206072682354,34.530985217056
Canon,EOS 750D,1010,800,586.0,241.81591522101,94.82977067490587,34.545713285368
Canon,EOS 750D,1010,800,586.0,242.83007558863,95.22748062299216,34.560367538197
Canon,EOS 750D,1010,800,586.0,243.84423595624,95.62519057107451,34.574948611881
Canon,EOS 750D,1010,800,586.0,244.85839632386,96.02290051916079,34.589457134771
Canon,EOS 750D,1010,800,586.0,245.87255669147,96.42061046724314,34.603893727358
Canon,EOS 750D,1010,800,586.0,246.88671705909,96.81832041532941,34.61825900241
Canon,EOS 750D,1010,800,586.0,247.9008774267,97.21603036341176,34.632553565092
Canon,EOS 750D,1010,800,586.0,248.91503779431,97.61374031149411,34.646778013095
Canon,EOS 750D,1010,800,586.0,249.92919816193,98.01145025958039,34.660932936757
Canon,EOS 750D,1010,800,586.0,250.94335852954,98.40916020766275,34.675018919182
Canon,EOS 750D,1010,800,586.0,251.95751889716,98.80687015574902,34.689036536357
Canon,EOS 750D,1010,800,586.0,252.97167926477,99.20458010383136,34.702986357269
Canon,EOS 750D,1010,800,586.0,253.98583963239,99.60229005191763,34.716868944012
Canon,EOS 750D,1010,800,586.0,255,100.0,34.730684851905
Canon,EOS 750D,1010,1600,1160.0,0.36711942399803,0.1439684015678549,0
Canon,EOS 750D,1010,1600,1160.0,0.6676332641473,0.26181696633227447,4.01798548541
Canon,EOS 750D,1010,1600,1160.0,1.2366656167597,0.4849669085332157,7.7598875606655
Canon,EOS 750D,1010,1600,1160.0,2.9615440698317,1.161389831306549,12.464748896885
Canon,EOS 750D,1010,1600,1160.0,4.5023891992488,1.7656428232348234,14.538538699292
Canon,EOS 750D,1010,1600,1160.0,5.5165495668632,2.1633527713189022,15.513578015168
Canon,EOS 750D,1010,1600,1160.0,6.5307099344776,2.5610627194029805,16.311086095386
Canon,EOS 750D,1010,1600,1160.0,7.5448703020919,2.9587726674870196,16.985335229018
Canon,EOS 750D,1010,1600,1160.0,8.5590306697063,3.356482615571098,17.569088450278
Canon,EOS 750D,1010,1600,1160.0,9.5731910373207,3.7541925636551765,18.083615815764
Canon,EOS 750D,1010,1600,1160.0,10.587351404935,4.151902511739215,18.543496573492
Canon,EOS 750D,1010,1600,1160.0,11.601511772549,4.5496124598231376,18.959153923023
Canon,EOS 750D,1010,1600,1160.0,12.615672140164,4.947322407907451,19.338294901767
Canon,EOS 750D,1010,1600,1160.0,13.629832507778,5.345032355991372,19.686777203777
Canon,EOS 750D,1010,1600,1160.0,14.643992875393,5.742742304075686,20.009156176741
Canon,EOS 750D,1010,1600,1160.0,15.658153243007,6.140452252159608,20.309043734909
Canon,EOS 750D,1010,1600,1160.0,16.672313610621,6.538162200243529,20.589351731755
Canon,EOS 750D,1010,1600,1160.0,17.686473978236,6.935872148327843,20.852461687926
Canon,EOS 750D,1010,1600,1160.0,18.70063434585,7.333582096411765,21.100346068822
Canon,EOS 750D,1010,1600,1160.0,19.714794713464,7.731292044495685,21.334656799543
Canon,EOS 750D,1010,1600,1160.0,20.728955081079,8.12900199258,21.556791085981
Canon,EOS 750D,1010,1600,1160.0,21.743115448693,8.52671194066392,21.76794117879
Canon,EOS 750D,1010,1600,1160.0,22.757275816308,8.924421888748235,21.969132559117
Canon,EOS 750D,1010,1600,1160.0,23.771436183922,9.322131836832156,22.161253633017
Canon,EOS 750D,1010,1600,1160.0,24.785596551536,9.719841784916078,22.345079102592
Canon,EOS 750D,1010,1600,1160.0,25.799756919151,10.117551733000392,22.5212885628
Canon,EOS 750D,1010,1600,1160.0,26.813917286765,10.515261681084315,22.690481447765
Canon,EOS 750D,1010,1600,1160.0,27.828077654379,10.912971629168236,22.853189153577
Canon,EOS 750D,1010,1600,1160.0,28.842238021994,11.310681577252549,23.009884954061
Canon,EOS 750D,1010,1600,1160.0,29.856398389608,11.70839152533647,23.160992174512
Canon,EOS 750D,1010,1600,1160.0,30.870558757223,12.106101473420786,23.30689097805
Canon,EOS 750D,1010,1600,1160.0,31.884719124837,12.503811421504707,23.447924037774
Canon,EOS 750D,1010,1600,1160.0,32.898879492451,12.901521369588629,23.584401307177
Canon,EOS 750D,1010,1600,1160.0,33.913039860066,13.299231317672941,23.716604055495
Canon,EOS 750D,1010,1600,1160.0,34.92720022768,13.696941265756863,23.844788299772
Canon,EOS 750D,1010,1600,1160.0,35.941360595295,14.094651213841178,23.969187738727
Canon,EOS 750D,1010,1600,1160.0,36.955520962909,14.492361161925096,24.090016272692
Canon,EOS 750D,1010,1600,1160.0,37.969681330523,14.890071110009021,24.207470177789
Canon,EOS 750D,1010,1600,1160.0,38.983841698138,15.287781058093334,24.321729989717
Canon,EOS 750D,1010,1600,1160.0,39.998002065752,15.685491006177255,24.432962142475
Canon,EOS 750D,1010,1600,1160.0,41.012162433366,16.083200954261176,24.541320399301
Canon,EOS 750D,1010,1600,1160.0,42.026322800981,16.48091090234549,24.646947106647
Canon,EOS 750D,1010,1600,1160.0,43.040483168595,16.878620850429414,24.749974296814
Canon,EOS 750D,1010,1600,1160.0,44.05464353621,17.276330798513726,24.850524660643
Canon,EOS 750D,1010,1600,1160.0,45.068803903824,17.674040746597647,24.948712408211
Canon,EOS 750D,1010,1600,1160.0,46.082964271438,18.07175069468157,25.044644032653
Canon,EOS 750D,1010,1600,1160.0,47.097124639053,18.469460642765885,25.138418989907
Canon,EOS 750D,1010,1600,1160.0,48.111285006667,18.867170590849806,25.230130305241
Canon,EOS 750D,1010,1600,1160.0,49.125445374281,19.264880538933728,25.319865115832
Canon,EOS 750D,1010,1600,1160.0,50.139605741896,19.66259048701804,25.407705157304
Canon,EOS 750D,1010,1600,1160.0,51.15376610951,20.06030043510196,25.493727201054
Canon,EOS 750D,1010,1600,1160.0,52.167926477125,20.458010383186277,25.578003448191
Canon,EOS 750D,1010,1600,1160.0,53.182086844739,20.855720331270195,25.660601885177
Canon,EOS 750D,1010,1600,1160.0,54.196247212353,21.25343027935412,25.741586605529
Canon,EOS 750D,1010,1600,1160.0,55.210407579968,21.651140227438432,25.821018101423
Canon,EOS 750D,1010,1600,1160.0,56.224567947582,22.048850175522354,25.898953528481
Canon,EOS 750D,1010,1600,1160.0,57.238728315196,22.446560123606275,25.975446946684
Canon,EOS 750D,1010,1600,1160.0,58.252888682811,22.844270071690588,26.05054953992
Canon,EOS 750D,1010,1600,1160.0,59.267049050425,23.24198001977451,26.124309816412
Canon,EOS 750D,1010,1600,1160.0,60.28120941804,23.639689967858825,26.196773791989
Canon,EOS 750D,1010,1600,1160.0,61.295369785654,24.037399915942746,26.267985157933
Canon,EOS 750D,1010,1600,1160.0,62.309530153268,24.435109864026668,26.337985434933
Canon,EOS 750D,1010,1600,1160.0,63.323690520883,24.83281981211098,26.406814114498
Canon,EOS 750D,1010,1600,1160.0,64.337850888497,25.2305297601949,26.474508789046
Canon,EOS 750D,1010,1600,1160.0,65.352011256112,25.628239708279217,26.541105271731
Canon,EOS 750D,1010,1600,1160.0,66.366171623726,26.02594965636314,26.606637706965
Canon,EOS 750D,1010,1600,1160.0,67.38033199134,26.42365960444706,26.671138672497
Canon,EOS 750D,1010,1600,1160.0,68.394492358955,26.821369552531376,26.734639273796
Canon,EOS 750D,1010,1600,1160.0,69.408652726569,27.219079500615294,26.797169231441
Canon,EOS 750D,1010,1600,1160.0,70.422813094183,27.616789448699215,26.858756962118
Canon,EOS 750D,1010,1600,1160.0,71.436973461798,28.01449939678353,26.919429653784
Canon,EOS 750D,1010,1600,1160.0,72.451133829412,28.41220934486745,26.979213335488
Canon,EOS 750D,1010,1600,1160.0,73.465294197027,28.80991929295177,27.038132942308
Canon,EOS 750D,1010,1600,1160.0,74.479454564641,29.207629241035686,27.0962123758
Canon,EOS 750D,1010,1600,1160.0,75.493614932255,29.605339189119604,27.15347456033
Canon,EOS 750D,1010,1600,1160.0,76.50777529987,30.003049137203924,27.209941495618
Canon,EOS 750D,1010,1600,1160.0,77.521935667484,30.40075908528784,27.265634305803
Canon,EOS 750D,1010,1600,1160.0,78.536096035098,30.798469033371763,27.320573285287
Canon,EOS 750D,1010,1600,1160.0,79.550256402713,31.19617898145608,27.374777941627
Canon,EOS 750D,1010,1600,1160.0,80.564416770327,31.593888929539997,27.428267035689
Canon,EOS 750D,1010,1600,1160.0,81.578577137942,31.991598877624316,27.481058619266
Canon,EOS 750D,1010,1600,1160.0,82.592737505556,32.389308825708234,27.533170070366
Canon,EOS 750D,1010,1600,1160.0,83.60689787317,32.787018773792155,27.584618126327
Canon,EOS 750D,1010,1600,1160.0,84.621058240785,33.184728721876475,27.635418914924
Canon,EOS 750D,1010,1600,1160.0,85.635218608399,33.58243866996039,27.68558798361
Canon,EOS 750D,1010,1600,1160.0,86.649378976014,33.98014861804471,27.735140327023
Canon,EOS 750D,1010,1600,1160.0,87.663539343628,34.37785856612863,27.784090412887
Canon,EOS 750D,1010,1600,1160.0,88.677699711242,34.775568514212544,27.83245220641
Canon,EOS 750D,1010,1600,1160.0,89.691860078857,35.173278462296864,27.880239193286
Canon,EOS 750D,1010,1600,1160.0,90.706020446471,35.570988410380785,27.9274644014
Canon,EOS 750D,1010,1600,1160.0,91.720180814085,35.96869835846471,27.974140421311
Canon,EOS 750D,1010,1600,1160.0,92.7343411817,36.36640830654902,28.020279425612
Canon,EOS 750D,1010,1600,1160.0,93.748501549314,36.76411825463294,28.065893187221
Canon,EOS 750D,1010,1600,1160.0,94.762661916929,37.16182820271726,28.110993096691
Canon,EOS 750D,1010,1600,1160.0,95.776822284543,37.559538150801174,28.155590178585
Canon,EOS 750D,1010,1600,1160.0,96.790982652157,37.9572480988851,28.19969510699
Canon,EOS 750D,1010,1600,1160.0,97.805143019772,38.354958046969415,28.243318220213
Canon,EOS 750D,1010,1600,1160.0,98.819303387386,38.752667995053336,28.28646953472
Canon,EOS 750D,1010,1600,1160.0,99.833463755,39.15037794313726,28.329158758353
Canon,EOS 750D,1010,1600,1160.0,100.84762412261,39.54808789121961,28.371395302878
Canon,EOS 750D,1010,1600,1160.0,101.86178449023,39.94579783930588,28.413188295907
Canon,EOS 750D,1010,1600,1160.0,102.87594485784,40.34350778738823,28.454546592217
Canon,EOS 750D,1010,1600,1160.0,103.89010522546,40.741217735474514,28.495478784514
Canon,EOS 750D,1010,1600,1160.0,104.90426559307,41.13892768355686,28.535993213678
Canon,EOS 750D,1010,1600,1160.0,105.91842596069,41.53663763164314,28.576097978502
Canon,EOS 750D,1010,1600,1160.0,106.9325863283,41.93434757972549,28.615800944971
Canon,EOS 750D,1010,1600,1160.0,107.94674669592,42.33205752781176,28.6551097551
Canon,EOS 750D,1010,1600,1160.0,108.96090706353,42.72976747589412,28.694031835355
Canon,EOS 750D,1010,1600,1160.0,109.97506743114,43.12747742397647,28.732574404682
Canon,EOS 750D,1010,1600,1160.0,110.98922779876,43.525187372062746,28.770744482168
Canon,EOS 750D,1010,1600,1160.0,112.00338816637,43.9228973201451,28.80854889435
Canon,EOS 750D,1010,1600,1160.0,113.01754853399,44.32060726823137,28.84599428219
Canon,EOS 750D,1010,1600,1160.0,114.0317089016,44.71831721631372,28.883087107743
Canon,EOS 750D,1010,1600,1160.0,115.04586926922,45.1160271644,28.919833660526
Canon,EOS 750D,1010,1600,1160.0,116.06002963683,45.51373711248235,28.956240063602
Canon,EOS 750D,1010,1600,1160.0,117.07419000444,45.911447060564704,28.992312279404
Canon,EOS 750D,1010,1600,1160.0,118.08835037206,46.30915700865098,29.028056115302
Canon,EOS 750D,1010,1600,1160.0,119.10251073967,46.706866956733336,29.063477228935
Canon,EOS 750D,1010,1600,1160.0,120.11667110729,47.10457690481961,29.098581133313
Canon,EOS 750D,1010,1600,1160.0,121.1308314749,47.50228685290197,29.133373201703
Canon,EOS 750D,1010,1600,1160.0,122.14499184252,47.899996800988234,29.167858672313
Canon,EOS 750D,1010,1600,1160.0,123.15915221013,48.29770674907059,29.20204265278
Canon,EOS 750D,1010,1600,1160.0,124.17331257775,48.695416697156865,29.235930124472
Canon,EOS 750D,1010,1600,1160.0,125.18747294536,49.09312664523922,29.269525946616
Canon,EOS 750D,1010,1600,1160.0,126.20163331297,49.49083659332157,29.302834860259
Canon,EOS 750D,1010,1600,1160.0,127.21579368059,49.88854654140784,29.335861492067
Canon,EOS 750D,1010,1600,1160.0,128.2299540482,50.2862564894902,29.368610357977
Canon,EOS 750D,1010,1600,1160.0,129.24411441582,50.68396643757648,29.401085866698
Canon,EOS 750D,1010,1600,1160.0,130.25827478343,51.081676385658824,29.433292323083
Canon,EOS 750D,1010,1600,1160.0,131.27243515105,51.47938633374509,29.465233931361
Canon,EOS 750D,1010,1600,1160.0,132.28659551866,51.87709628182745,29.496914798251
Canon,EOS 750D,1010,1600,1160.0,133.30075588627,52.2748062299098,29.528338935953
Canon,EOS 750D,1010,1600,1160.0,134.31491625389,52.67251617799607,29.559510265024
Canon,EOS 750D,1010,1600,1160.0,135.3290766215,53.07022612607844,29.59043261715
Canon,EOS 750D,1010,1600,1160.0,136.34323698912,53.467936074164705,29.621109737813
Canon,EOS 750D,1010,1600,1160.0,137.35739735673,53.86564602224706,29.65154528885
Canon,EOS 750D,1010,1600,1160.0,138.37155772435,54.263355970333336,29.681742850932
Canon,EOS 750D,1010,1600,1160.0,139.38571809196,54.66106591841569,29.711705925941
Canon,EOS 750D,1010,1600,1160.0,140.39987845958,55.05877586650196,29.741437939267
Canon,EOS 750D,1010,1600,1160.0,141.41403882719,55.45648581458432,29.770942242015
Canon,EOS 750D,1010,1600,1160.0,142.4281991948,55.854195762666656,29.800222113141
Canon,EOS 750D,1010,1600,1160.0,143.44235956242,56.251905710752936,29.829280761506
Canon,EOS 750D,1010,1600,1160.0,144.45651993003,56.649615658835295,29.85812132786
Canon,EOS 750D,1010,1600,1160.0,145.47068029765,57.047325606921575,29.886746886756
Canon,EOS 750D,1010,1600,1160.0,146.48484066526,57.44503555500392,29.915160448394
Canon,EOS 750D,1010,1600,1160.0,147.49900103288,57.842745503090185,29.943364960411
Canon,EOS 750D,1010,1600,1160.0,148.51316140049,58.240455451172544,29.971363309592
Canon,EOS 750D,1010,1600,1160.0,149.52732176811,58.638165399258824,29.999158323545
Canon,EOS 750D,1010,1600,1160.0,150.54148213572,59.03587534734118,30.026752772297
Canon,EOS 750D,1010,1600,1160.0,151.55564250333,59.433585295423526,30.054149369852
Canon,EOS 750D,1010,1600,1160.0,152.56980287095,59.83129524350981,30.08135077569
Canon,EOS 750D,1010,1600,1160.0,153.58396323856,60.22900519159216,30.108359596218
Canon,EOS 750D,1010,1600,1160.0,154.59812360618,60.62671513967843,30.135178386169
Canon,EOS 750D,1010,1600,1160.0,155.61228397379,61.02442508776078,30.161809649966
Canon,EOS 750D,1010,1600,1160.0,156.62644434141,61.422135035847056,30.188255843024
Canon,EOS 750D,1010,1600,1160.0,157.64060470902,61.819844983929414,30.214519373031
Canon,EOS 750D,1010,1600,1160.0,158.65476507663,62.217554932011765,30.240602601167
Canon,EOS 750D,1010,1600,1160.0,159.66892544425,62.61526488009803,30.2665078433
Canon,EOS 750D,1010,1600,1160.0,160.68308581186,63.01297482818039,30.292237371136
Canon,EOS 750D,1010,1600,1160.0,161.69724617948,63.41068477626667,30.317793413333
Canon,EOS 750D,1010,1600,1160.0,162.71140654709,63.80839472434903,30.343178156583
Canon,EOS 750D,1010,1600,1160.0,163.72556691471,64.20610467243529,30.36839374666
Canon,EOS 750D,1010,1600,1160.0,164.73972728232,64.60381462051764,30.393442289429
Canon,EOS 750D,1010,1600,1160.0,165.75388764994,65.00152456860391,30.418325851838
Canon,EOS 750D,1010,1600,1160.0,166.76804801755,65.39923451668628,30.443046462862
Canon,EOS 750D,1010,1600,1160.0,167.78220838516,65.79694446476863,30.467606114431
Canon,EOS 750D,1010,1600,1160.0,168.79636875278,66.1946544128549,30.49200676233
Canon,EOS 750D,1010,1600,1160.0,169.81052912039,66.59236436093725,30.516250327059
Canon,EOS 750D,1010,1600,1160.0,170.82468948801,66.99007430902353,30.540338694686
Canon,EOS 750D,1010,1600,1160.0,171.83884985562,67.38778425710588,30.564273717656
Canon,EOS 750D,1010,1600,1160.0,172.85301022324,67.78549420519215,30.588057215593
Canon,EOS 750D,1010,1600,1160.0,173.86717059085,68.18320415327452,30.611690976066
Canon,EOS 750D,1010,1600,1160.0,174.88133095846,68.58091410135687,30.635176755339
Canon,EOS 750D,1010,1600,1160.0,175.89549132608,68.97862404944314,30.658516279096
Canon,EOS 750D,1010,1600,1160.0,176.90965169369,69.37633399752549,30.681711243148
Canon,EOS 750D,1010,1600,1160.0,177.92381206131,69.77404394561177,30.704763314119
Canon,EOS 750D,1010,1600,1160.0,178.93797242892,70.17175389369412,30.727674130107
Canon,EOS 750D,1010,1600,1160.0,179.95213279654,70.5694638417804,30.75044530134
Canon,EOS 750D,1010,1600,1160.0,180.96629316415,70.96717378986274,30.773078410793
Canon,EOS 750D,1010,1600,1160.0,181.98045353177,71.36488373794901,30.795575014811
Canon,EOS 750D,1010,1600,1160.0,182.99461389938,71.76259368603138,30.817936643694
Canon,EOS 750D,1010,1600,1160.0,184.00877426699,72.16030363411373,30.840164802279
Canon,EOS 750D,1010,1600,1160.0,185.02293463461,72.5580135822,30.862260970498
Canon,EOS 750D,1010,1600,1160.0,186.03709500222,72.95572353028236,30.884226603931
Canon,EOS 750D,1010,1600,1160.0,187.05125536984,73.35343347836863,30.90606313433
Canon,EOS 750D,1010,1600,1160.0,188.06541573745,73.75114342645098,30.927771970139
Canon,EOS 750D,1010,1600,1160.0,189.07957610507,74.14885337453725,30.949354496998
Canon,EOS 750D,1010,1600,1160.0,190.09373647268,74.5465633226196,30.970812078231
Canon,EOS 750D,1010,1600,1160.0,191.10789684029,74.94427327070197,30.992146055323
Canon,EOS 750D,1010,1600,1160.0,192.12205720791,75.34198321878823,31.013357748383
Canon,EOS 750D,1010,1600,1160.0,193.13621757552,75.73969316687058,31.034448456597
Canon,EOS 750D,1010,1600,1160.0,194.15037794314,76.13740311495685,31.055419458666
Canon,EOS 750D,1010,1600,1160.0,195.16453831075,76.53511306303922,31.076272013236
Canon,EOS 750D,1010,1600,1160.0,196.17869867837,76.93282301112549,31.097007359313
Canon,EOS 750D,1010,1600,1160.0,197.19285904598,77.33053295920784,31.117626716671
Canon,EOS 750D,1010,1600,1160.0,198.2070194136,77.72824290729412,31.138131286247
Canon,EOS 750D,1010,1600,1160.0,199.22117978121,78.12595285537647,31.158522250527
Canon,EOS 750D,1010,1600,1160.0,200.23534014882,78.52366280345883,31.178800773921
Canon,EOS 750D,1010,1600,1160.0,201.24950051644,78.9213727515451,31.198968003132
Canon,EOS 750D,1010,1600,1160.0,202.26366088405,79.31908269962746,31.219025067509
Canon,EOS 750D,1010,1600,1160.0,203.27782125167,79.71679264771372,31.238973079398
Canon,EOS 750D,1010,1600,1160.0,204.29198161928,80.11450259579608,31.258813134481
Canon,EOS 750D,1010,1600,1160.0,205.3061419869,80.51221254388236,31.278546312108
Canon,EOS 750D,1010,1600,1160.0,206.32030235451,80.9099224919647,31.298173675617
Canon,EOS 750D,1010,1600,1160.0,207.33446272212,81.30763244004706,31.317696272652
Canon,EOS 750D,1010,1600,1160.0,208.34862308974,81.70534238813333,31.337115135467
Canon,EOS 750D,1010,1600,1160.0,209.36278345735,82.10305233621568,31.356431281229
Canon,EOS 750D,1010,1600,1160.0,210.37694382497,82.50076228430197,31.37564571231
Canon,EOS 750D,1010,1600,1160.0,211.39110419258,82.89847223238431,31.394759416569
Canon,EOS 750D,1010,1600,1160.0,212.4052645602,83.2961821804706,31.413773367636
Canon,EOS 750D,1010,1600,1160.0,213.41942492781,83.69389212855295,31.432688525179
Canon,EOS 750D,1010,1600,1160.0,214.43358529543,84.09160207663922,31.451505835171
Canon,EOS 750D,1010,1600,1160.0,215.44774566304,84.48931202472156,31.470226230152
Canon,EOS 750D,1010,1600,1160.0,216.46190603065,84.88702197280392,31.488850629477
Canon,EOS 750D,1010,1600,1160.0,217.47606639827,85.2847319208902,31.507379939569
Canon,EOS 750D,1010,1600,1160.0,218.49022676588,85.68244186897255,31.525815054155
Canon,EOS 750D,1010,1600,1160.0,219.5043871335,86.08015181705882,31.544156854503
Canon,EOS 750D,1010,1600,1160.0,220.51854750111,86.47786176514117,31.562406209657
Canon,EOS 750D,1010,1600,1160.0,221.53270786873,86.87557171322744,31.580563976656
Canon,EOS 750D,1010,1600,1160.0,222.54686823634,87.27328166130981,31.598631000756
Canon,EOS 750D,1010,1600,1160.0,223.56102860395,87.67099160939216,31.616608115645
Canon,EOS 750D,1010,1600,1160.0,224.57518897157,88.06870155747842,31.634496143656
Canon,EOS 750D,1010,1600,1160.0,225.58934933918,88.46641150556079,31.652295895966
Canon,EOS 750D,1010,1600,1160.0,226.6035097068,88.86412145364706,31.670008172801
Canon,EOS 750D,1010,1600,1160.0,227.61767007441,89.26183140172941,31.687633763633
Canon,EOS 750D,1010,1600,1160.0,228.63183044203,89.65954134981568,31.705173447366
Canon,EOS 750D,1010,1600,1160.0,229.64599080964,90.05725129789805,31.722627992533
Canon,EOS 750D,1010,1600,1160.0,230.66015117726,90.45496124598431,31.739998157468
Canon,EOS 750D,1010,1600,1160.0,231.67431154487,90.85267119406667,31.757284690496
Canon,EOS 750D,1010,1600,1160.0,232.68847191248,91.25038114214902,31.7744883301
Canon,EOS 750D,1010,1600,1160.0,233.7026322801,91.6480910902353,31.791609805098
Canon,EOS 750D,1010,1600,1160.0,234.71679264771,92.04580103831765,31.808649834809
Canon,EOS 750D,1010,1600,1160.0,235.73095301533,92.44351098640392,31.825609129216
Canon,EOS 750D,1010,1600,1160.0,236.74511338294,92.84122093448627,31.842488389131
Canon,EOS 750D,1010,1600,1160.0,237.75927375056,93.23893088257255,31.859288306345
Canon,EOS 750D,1010,1600,1160.0,238.77343411817,93.6366408306549,31.87600956379
Canon,EOS 750D,1010,1600,1160.0,239.78759448578,94.03435077873725,31.892652835684
Canon,EOS 750D,1010,1600,1160.0,240.8017548534,94.43206072682354,31.90921878768
Canon,EOS 750D,1010,1600,1160.0,241.81591522101,94.82977067490587,31.92570807701
Canon,EOS 750D,1010,1600,1160.0,242.83007558863,95.22748062299216,31.94212135263
Canon,EOS 750D,1010,1600,1160.0,243.84423595624,95.62519057107451,31.958459255352
Canon,EOS 750D,1010,1600,1160.0,244.85839632386,96.02290051916079,31.974722417984
Canon,EOS 750D,1010,1600,1160.0,245.87255669147,96.42061046724314,31.990911465461
Canon,EOS 750D,1010,1600,1160.0,246.88671705909,96.81832041532941,32.007027014977
Canon,EOS 750D,1010,1600,1160.0,247.9008774267,97.21603036341176,32.023069676108
Canon,EOS 750D,1010,1600,1160.0,248.91503779431,97.61374031149411,32.039040050942
Canon,EOS 750D,1010,1600,1160.0,249.92919816193,98.01145025958039,32.054938734197
Canon,EOS 750D,1010,1600,1160.0,250.94335852954,98.40916020766275,32.070766313341
Canon,EOS 750D,1010,1600,1160.0,251.95751889716,98.80687015574902,32.086523368713
Canon,EOS 750D,1010,1600,1160.0,252.97167926477,99.20458010383136,32.102210473634
Canon,EOS 750D,1010,1600,1160.0,253.98583963239,99.60229005191763,32.117828194519
Canon,EOS 750D,1010,1600,1160.0,255,100.0,32.133377090993
Canon,EOS 750D,1010,3200,2320.0,0.6676332641473,0.26181696633227447,0
Canon,EOS 750D,1010,3200,2320.0,1.2366656167597,0.4849669085332157,4.0303057303474
Canon,EOS 750D,1010,3200,2320.0,2.9615440698317,1.161389831306549,9.0712800408072
Canon,EOS 750D,1010,3200,2320.0,4.5023891992488,1.7656428232348234,11.260709136099
Canon,EOS 750D,1010,3200,2320.0,5.5165495668632,2.1633527713189022,12.281681244269
Canon,EOS 750D,1010,3200,2320.0,6.5307099344776,2.5610627194029805,13.112896807447
Canon,EOS 750D,1010,3200,2320.0,7.5448703020919,2.9587726674870196,13.813107313091
Canon,EOS 750D,1010,3200,2320.0,8.5590306697063,3.356482615571098,14.417604651145
Canon,EOS 750D,1010,3200,2320.0,9.5731910373207,3.7541925636551765,14.949194791217
Canon,EOS 750D,1010,3200,2320.0,10.587351404935,4.151902511739215,15.423443763418
Canon,EOS 750D,1010,3200,2320.0,11.601511772549,4.5496124598231376,15.851437707999
Canon,EOS 750D,1010,3200,2320.0,12.615672140164,4.947322407907451,16.241345542482
Canon,EOS 750D,1010,3200,2320.0,13.629832507778,5.345032355991372,16.599356635119
Canon,EOS 750D,1010,3200,2320.0,14.643992875393,5.742742304075686,16.930270664881
Canon,EOS 750D,1010,3200,2320.0,15.658153243007,6.140452252159608,17.237883510498
Canon,EOS 750D,1010,3200,2320.0,16.672313610621,6.538162200243529,17.525248182624
Canon,EOS 750D,1010,3200,2320.0,17.686473978236,6.935872148327843,17.794856318855
Canon,EOS 750D,1010,3200,2320.0,18.70063434585,7.333582096411765,18.048767549061
Canon,EOS 750D,1010,3200,2320.0,19.714794713464,7.731292044495685,18.288703694495
Canon,EOS 750D,1010,3200,2320.0,20.728955081079,8.12900199258,18.516118663525
Canon,EOS 750D,1010,3200,2320.0,21.743115448693,8.52671194066392,18.732251188468
Canon,EOS 750D,1010,3200,2320.0,22.757275816308,8.924421888748235,18.93816521501
Canon,EOS 750D,1010,3200,2320.0,23.771436183922,9.322131836832156,19.134781253703
Canon,EOS 750D,1010,3200,2320.0,24.785596551536,9.719841784916078,19.322901013493
Canon,EOS 750D,1010,3200,2320.0,25.799756919151,10.117551733000392,19.503226971717
Canon,EOS 750D,1010,3200,2320.0,26.813917286765,10.515261681084315,19.676378078839
Canon,EOS 750D,1010,3200,2320.0,27.828077654379,10.912971629168236,19.842902478264
Canon,EOS 750D,1010,3200,2320.0,28.842238021994,11.310681577252549,20.003287896403
Canon,EOS 750D,1010,3200,2320.0,29.856398389608,11.70839152533647,20.157970196443
Canon,EOS 750D,1010,3200,2320.0,30.870558757223,12.106101473420786,20.307340471632
Canon,EOS 750D,1010,3200,2320.0,31.884719124837,12.503811421504707,20.451750967154
Canon,EOS 750D,1010,3200,2320.0,32.898879492451,12.901521369588629,20.59152005513
Canon,EOS 750D,1010,3200,2320.0,33.913039860066,13.299231317672941,20.726936438631
Canon,EOS 750D,1010,3200,2320.0,34.92720022768,13.696941265756863,20.858262723677
Canon,EOS 750D,1010,3200,2320.0,35.941360595295,14.094651213841178,20.985738469816
Canon,EOS 750D,1010,3200,2320.0,36.955520962909,14.492361161925096,21.109582807959
Canon,EOS 750D,1010,3200,2320.0,37.969681330523,14.890071110009021,21.229996697065
Canon,EOS 750D,1010,3200,2320.0,38.983841698138,15.287781058093334,21.347164877811
Canon,EOS 750D,1010,3200,2320.0,39.998002065752,15.685491006177255,21.46125757076
Canon,EOS 750D,1010,3200,2320.0,41.012162433366,16.083200954261176,21.572431958095
Canon,EOS 750D,1010,3200,2320.0,42.026322800981,16.48091090234549,21.680833481151
Canon,EOS 750D,1010,3200,2320.0,43.040483168595,16.878620850429414,21.78659698057
Canon,EOS 750D,1010,3200,2320.0,44.05464353621,17.276330798513726,21.889847701411
Canon,EOS 750D,1010,3200,2320.0,45.068803903824,17.674040746597647,21.990702181958
Canon,EOS 750D,1010,3200,2320.0,46.082964271438,18.07175069468157,22.089269042016
Canon,EOS 750D,1010,3200,2320.0,47.097124639053,18.469460642765885,22.185649683998
Canon,EOS 750D,1010,3200,2320.0,48.111285006667,18.867170590849806,22.279938918157
Canon,EOS 750D,1010,3200,2320.0,49.125445374281,19.264880538933728,22.372225521568
Canon,EOS 750D,1010,3200,2320.0,50.139605741896,19.66259048701804,22.462592739135
Canon,EOS 750D,1010,3200,2320.0,51.15376610951,20.06030043510196,22.551118733657
Canon,EOS 750D,1010,3200,2320.0,52.167926477125,20.458010383186277,22.637876991075
Canon,EOS 750D,1010,3200,2320.0,53.182086844739,20.855720331270195,22.722936686117
Canon,EOS 750D,1010,3200,2320.0,54.196247212353,21.25343027935412,22.806363012923
Canon,EOS 750D,1010,3200,2320.0,55.210407579968,21.651140227438432,22.888217484576
Canon,EOS 750D,1010,3200,2320.0,56.224567947582,22.048850175522354,22.968558204992
Canon,EOS 750D,1010,3200,2320.0,57.238728315196,22.446560123606275,23.047440116175
Canon,EOS 750D,1010,3200,2320.0,58.252888682811,22.844270071690588,23.124915223463
Canon,EOS 750D,1010,3200,2320.0,59.267049050425,23.24198001977451,23.201032801069
Canon,EOS 750D,1010,3200,2320.0,60.28120941804,23.639689967858825,23.27583957996
Canon,EOS 750D,1010,3200,2320.0,61.295369785654,24.037399915942746,23.349379919864
Canon,EOS 750D,1010,3200,2320.0,62.309530153268,24.435109864026668,23.421695966968
Canon,EOS 750D,1010,3200,2320.0,63.323690520883,24.83281981211098,23.492827798737
Canon,EOS 750D,1010,3200,2320.0,64.337850888497,25.2305297601949,23.562813557082
Canon,EOS 750D,1010,3200,2320.0,65.352011256112,25.628239708279217,23.631689570979
Canon,EOS 750D,1010,3200,2320.0,66.366171623726,26.02594965636314,23.699490469539
Canon,EOS 750D,1010,3200,2320.0,67.38033199134,26.42365960444706,23.766249286401
Canon,EOS 750D,1010,3200,2320.0,68.394492358955,26.821369552531376,23.831997556228
Canon,EOS 750D,1010,3200,2320.0,69.408652726569,27.219079500615294,23.896765404025
Canon,EOS 750D,1010,3200,2320.0,70.422813094183,27.616789448699215,23.9605816279
Canon,EOS 750D,1010,3200,2320.0,71.436973461798,28.01449939678353,24.023473775844
Canon,EOS 750D,1010,3200,2320.0,72.451133829412,28.41220934486745,24.085468217037
Canon,EOS 750D,1010,3200,2320.0,73.465294197027,28.80991929295177,24.146590208137
Canon,EOS 750D,1010,3200,2320.0,74.479454564641,29.207629241035686,24.206863954987
Canon,EOS 750D,1010,3200,2320.0,75.493614932255,29.605339189119604,24.266312670089
Canon,EOS 750D,1010,3200,2320.0,76.50777529987,30.003049137203924,24.324958626216
Canon,EOS 750D,1010,3200,2320.0,77.521935667484,30.40075908528784,24.382823206445
Canon,EOS 750D,1010,3200,2320.0,78.536096035098,30.798469033371763,24.439926950914
Canon,EOS 750D,1010,3200,2320.0,79.550256402713,31.19617898145608,24.49628960054
Canon,EOS 750D,1010,3200,2320.0,80.564416770327,31.593888929539997,24.551930137943
Canon,EOS 750D,1010,3200,2320.0,81.578577137942,31.991598877624316,24.606866825787
Canon,EOS 750D,1010,3200,2320.0,82.592737505556,32.389308825708234,24.661117242721
Canon,EOS 750D,1010,3200,2320.0,83.60689787317,32.787018773792155,24.714698317117
Canon,EOS 750D,1010,3200,2320.0,84.621058240785,33.184728721876475,24.76762635874
Canon,EOS 750D,1010,3200,2320.0,85.635218608399,33.58243866996039,24.819917088523
Canon,EOS 750D,1010,3200,2320.0,86.649378976014,33.98014861804471,24.87158566657
Canon,EOS 750D,1010,3200,2320.0,87.663539343628,34.37785856612863,24.922646718514
Canon,EOS 750D,1010,3200,2320.0,88.677699711242,34.775568514212544,24.973114360341
Canon,EOS 750D,1010,3200,2320.0,89.691860078857,35.173278462296864,25.023002221798
Canon,EOS 750D,1010,3200,2320.0,90.706020446471,35.570988410380785,25.072323468463
Canon,EOS 750D,1010,3200,2320.0,91.720180814085,35.96869835846471,25.121090822584
Canon,EOS 750D,1010,3200,2320.0,92.7343411817,36.36640830654902,25.169316582759
Canon,EOS 750D,1010,3200,2320.0,93.748501549314,36.76411825463294,25.217012642537
Canon,EOS 750D,1010,3200,2320.0,94.762661916929,37.16182820271726,25.264190508007
Canon,EOS 750D,1010,3200,2320.0,95.776822284543,37.559538150801174,25.310861314447
Canon,EOS 750D,1010,3200,2320.0,96.790982652157,37.9572480988851,25.357035842082
Canon,EOS 750D,1010,3200,2320.0,97.805143019772,38.354958046969415,25.402724531023
Canon,EOS 750D,1010,3200,2320.0,98.819303387386,38.752667995053336,25.44793749542
Canon,EOS 750D,1010,3200,2320.0,99.833463755,39.15037794313726,25.492684536888
Canon,EOS 750D,1010,3200,2320.0,100.84762412261,39.54808789121961,25.536975157257
Canon,EOS 750D,1010,3200,2320.0,101.86178449023,39.94579783930588,25.580818570664
Canon,EOS 750D,1010,3200,2320.0,102.87594485784,40.34350778738823,25.624223715057
Canon,EOS 750D,1010,3200,2320.0,103.89010522546,40.741217735474514,25.667199263118
Canon,EOS 750D,1010,3200,2320.0,104.90426559307,41.13892768355686,25.709753632657
Canon,EOS 750D,1010,3200,2320.0,105.91842596069,41.53663763164314,25.751894996502
Canon,EOS 750D,1010,3200,2320.0,106.9325863283,41.93434757972549,25.79363129191
Canon,EOS 750D,1010,3200,2320.0,107.94674669592,42.33205752781176,25.834970229535
Canon,EOS 750D,1010,3200,2320.0,108.96090706353,42.72976747589412,25.875919301971
Canon,EOS 750D,1010,3200,2320.0,109.97506743114,43.12747742397647,25.916485791898
Canon,EOS 750D,1010,3200,2320.0,110.98922779876,43.525187372062746,25.956676779845
Canon,EOS 750D,1010,3200,2320.0,112.00338816637,43.9228973201451,25.99649915161
Canon,EOS 750D,1010,3200,2320.0,113.01754853399,44.32060726823137,26.035959605328
Canon,EOS 750D,1010,3200,2320.0,114.0317089016,44.71831721631372,26.075064658232
Canon,EOS 750D,1010,3200,2320.0,115.04586926922,45.1160271644,26.113820653106
Canon,EOS 750D,1010,3200,2320.0,116.06002963683,45.51373711248235,26.152233764458
Canon,EOS 750D,1010,3200,2320.0,117.07419000444,45.911447060564704,26.190310004419
Canon,EOS 750D,1010,3200,2320.0,118.08835037206,46.30915700865098,26.228055228384
Canon,EOS 750D,1010,3200,2320.0,119.10251073967,46.706866956733336,26.265475140417
Canon,EOS 750D,1010,3200,2320.0,120.11667110729,47.10457690481961,26.302575298416
Canon,EOS 750D,1010,3200,2320.0,121.1308314749,47.50228685290197,26.339361119069
Canon,EOS 750D,1010,3200,2320.0,122.14499184252,47.899996800988234,26.375837882592
Canon,EOS 750D,1010,3200,2320.0,123.15915221013,48.29770674907059,26.41201073728
Canon,EOS 750D,1010,3200,2320.0,124.17331257775,48.695416697156865,26.447884703859
Canon,EOS 750D,1010,3200,2320.0,125.18747294536,49.09312664523922,26.483464679671
Canon,EOS 750D,1010,3200,2320.0,126.20163331297,49.49083659332157,26.518755442683
Canon,EOS 750D,1010,3200,2320.0,127.21579368059,49.88854654140784,26.553761655332
Canon,EOS 750D,1010,3200,2320.0,128.2299540482,50.2862564894902,26.58848786822
Canon,EOS 750D,1010,3200,2320.0,129.24411441582,50.68396643757648,26.622938523666
Canon,EOS 750D,1010,3200,2320.0,130.25827478343,51.081676385658824,26.657117959111
Canon,EOS 750D,1010,3200,2320.0,131.27243515105,51.47938633374509,26.691030410392
Canon,EOS 750D,1010,3200,2320.0,132.28659551866,51.87709628182745,26.724680014893
Canon,EOS 750D,1010,3200,2320.0,133.30075588627,52.2748062299098,26.758070814575
Canon,EOS 750D,1010,3200,2320.0,134.31491625389,52.67251617799607,26.791206758879
Canon,EOS 750D,1010,3200,2320.0,135.3290766215,53.07022612607844,26.824091707539
Canon,EOS 750D,1010,3200,2320.0,136.34323698912,53.467936074164705,26.856729433268
Canon,EOS 750D,1010,3200,2320.0,137.35739735673,53.86564602224706,26.889123624363
Canon,EOS 750D,1010,3200,2320.0,138.37155772435,54.263355970333336,26.921277887199
Canon,EOS 750D,1010,3200,2320.0,139.38571809196,54.66106591841569,26.953195748637
Canon,EOS 750D,1010,3200,2320.0,140.39987845958,55.05877586650196,26.984880658349
Canon,EOS 750D,1010,3200,2320.0,141.41403882719,55.45648581458432,27.016335991049
Canon,EOS 750D,1010,3200,2320.0,142.4281991948,55.854195762666656,27.047565048653
Canon,EOS 750D,1010,3200,2320.0,143.44235956242,56.251905710752936,27.078571062353
Canon,EOS 750D,1010,3200,2320.0,144.45651993003,56.649615658835295,27.109357194626
Canon,EOS 750D,1010,3200,2320.0,145.47068029765,57.047325606921575,27.139926541169
Canon,EOS 750D,1010,3200,2320.0,146.48484066526,57.44503555500392,27.170282132763
Canon,EOS 750D,1010,3200,2320.0,147.49900103288,57.842745503090185,27.200426937076
Canon,EOS 750D,1010,3200,2320.0,148.51316140049,58.240455451172544,27.230363860407
Canon,EOS 750D,1010,3200,2320.0,149.52732176811,58.638165399258824,27.260095749359
Canon,EOS 750D,1010,3200,2320.0,150.54148213572,59.03587534734118,27.289625392471
Canon,EOS 750D,1010,3200,2320.0,151.55564250333,59.433585295423526,27.31895552178
Canon,EOS 750D,1010,3200,2320.0,152.56980287095,59.83129524350981,27.34808881434
Canon,EOS 750D,1010,3200,2320.0,153.58396323856,60.22900519159216,27.377027893687
Canon,EOS 750D,1010,3200,2320.0,154.59812360618,60.62671513967843,27.405775331257
Canon,EOS 750D,1010,3200,2320.0,155.61228397379,61.02442508776078,27.434333647753
Canon,EOS 750D,1010,3200,2320.0,156.62644434141,61.422135035847056,27.462705314476
Canon,EOS 750D,1010,3200,2320.0,157.64060470902,61.819844983929414,27.490892754602
Canon,EOS 750D,1010,3200,2320.0,158.65476507663,62.217554932011765,27.518898344427
Canon,EOS 750D,1010,3200,2320.0,159.66892544425,62.61526488009803,27.546724414568
Canon,EOS 750D,1010,3200,2320.0,160.68308581186,63.01297482818039,27.574373251126
Canon,EOS 750D,1010,3200,2320.0,161.69724617948,63.41068477626667,27.60184709681
Canon,EOS 750D,1010,3200,2320.0,162.71140654709,63.80839472434903,27.629148152033
Canon,EOS 750D,1010,3200,2320.0,163.72556691471,64.20610467243529,27.656278575965
Canon,EOS 750D,1010,3200,2320.0,164.73972728232,64.60381462051764,27.683240487557
Canon,EOS 750D,1010,3200,2320.0,165.75388764994,65.00152456860391,27.710035966539
Canon,EOS 750D,1010,3200,2320.0,166.76804801755,65.39923451668628,27.736667054375
Canon,EOS 750D,1010,3200,2320.0,167.78220838516,65.79694446476863,27.763135755199
Canon,EOS 750D,1010,3200,2320.0,168.79636875278,66.1946544128549,27.789444036722
Canon,EOS 750D,1010,3200,2320.0,169.81052912039,66.59236436093725,27.815593831105
Canon,EOS 750D,1010,3200,2320.0,170.82468948801,66.99007430902353,27.841587035812
Canon,EOS 750D,1010,3200,2320.0,171.83884985562,67.38778425710588,27.867425514437
Canon,EOS 750D,1010,3200,2320.0,172.85301022324,67.78549420519215,27.893111097505
Canon,EOS 750D,1010,3200,2320.0,173.86717059085,68.18320415327452,27.918645583246
Canon,EOS 750D,1010,3200,2320.0,174.88133095846,68.58091410135687,27.944030738355
Canon,EOS 750D,1010,3200,2320.0,175.89549132608,68.97862404944314,27.969268298725
Canon,EOS 750D,1010,3200,2320.0,176.90965169369,69.37633399752549,27.994359970154
Canon,EOS 750D,1010,3200,2320.0,177.92381206131,69.77404394561177,28.01930742904
Canon,EOS 750D,1010,3200,2320.0,178.93797242892,70.17175389369412,28.044112323055
Canon,EOS 750D,1010,3200,2320.0,179.95213279654,70.5694638417804,28.068776271792
Canon,EOS 750D,1010,3200,2320.0,180.96629316415,70.96717378986274,28.093300867405
Canon,EOS 750D,1010,3200,2320.0,181.98045353177,71.36488373794901,28.117687675221
Canon,EOS 750D,1010,3200,2320.0,182.99461389938,71.76259368603138,28.141938234342
Canon,EOS 750D,1010,3200,2320.0,184.00877426699,72.16030363411373,28.166054058225
Canon,EOS 750D,1010,3200,2320.0,185.02293463461,72.5580135822,28.190036635251
Canon,EOS 750D,1010,3200,2320.0,186.03709500222,72.95572353028236,28.213887429276
Canon,EOS 750D,1010,3200,2320.0,187.05125536984,73.35343347836863,28.237607880166
Canon,EOS 750D,1010,3200,2320.0,188.06541573745,73.75114342645098,28.261199404315
Canon,EOS 750D,1010,3200,2320.0,189.07957610507,74.14885337453725,28.284663395159
Canon,EOS 750D,1010,3200,2320.0,190.09373647268,74.5465633226196,28.308001223664
Canon,EOS 750D,1010,3200,2320.0,191.10789684029,74.94427327070197,28.331214238811
Canon,EOS 750D,1010,3200,2320.0,192.12205720791,75.34198321878823,28.354303768059
Canon,EOS 750D,1010,3200,2320.0,193.13621757552,75.73969316687058,28.377271117803
Canon,EOS 750D,1010,3200,2320.0,194.15037794314,76.13740311495685,28.400117573817
Canon,EOS 750D,1010,3200,2320.0,195.16453831075,76.53511306303922,28.422844401685
Canon,EOS 750D,1010,3200,2320.0,196.17869867837,76.93282301112549,28.445452847223
Canon,EOS 750D,1010,3200,2320.0,197.19285904598,77.33053295920784,28.467944136887
Canon,EOS 750D,1010,3200,2320.0,198.2070194136,77.72824290729412,28.490319478172
Canon,EOS 750D,1010,3200,2320.0,199.22117978121,78.12595285537647,28.512580060004
Canon,EOS 750D,1010,3200,2320.0,200.23534014882,78.52366280345883,28.534727053113
Canon,EOS 750D,1010,3200,2320.0,201.24950051644,78.9213727515451,28.556761610406
Canon,EOS 750D,1010,3200,2320.0,202.26366088405,79.31908269962746,28.57868486733
Canon,EOS 750D,1010,3200,2320.0,203.27782125167,79.71679264771372,28.600497942215
Canon,EOS 750D,1010,3200,2320.0,204.29198161928,80.11450259579608,28.622201936624
Canon,EOS 750D,1010,3200,2320.0,205.3061419869,80.51221254388236,28.643797935681
Canon,EOS 750D,1010,3200,2320.0,206.32030235451,80.9099224919647,28.665287008399
Canon,EOS 750D,1010,3200,2320.0,207.33446272212,81.30763244004706,28.686670207999
Canon,EOS 750D,1010,3200,2320.0,208.34862308974,81.70534238813333,28.707948572215
Canon,EOS 750D,1010,3200,2320.0,209.36278345735,82.10305233621568,28.729123123599
Canon,EOS 750D,1010,3200,2320.0,210.37694382497,82.50076228430197,28.750194869818
Canon,EOS 750D,1010,3200,2320.0,211.39110419258,82.89847223238431,28.771164803935
Canon,EOS 750D,1010,3200,2320.0,212.4052645602,83.2961821804706,28.792033904696
Canon,EOS 750D,1010,3200,2320.0,213.41942492781,83.69389212855295,28.812803136802
Canon,EOS 750D,1010,3200,2320.0,214.43358529543,84.09160207663922,28.833473451175
Canon,EOS 750D,1010,3200,2320.0,215.44774566304,84.48931202472156,28.85404578522
Canon,EOS 750D,1010,3200,2320.0,216.46190603065,84.88702197280392,28.87452106308
Canon,EOS 750D,1010,3200,2320.0,217.47606639827,85.2847319208902,28.894900195887
Canon,EOS 750D,1010,3200,2320.0,218.49022676588,85.68244186897255,28.915184082002
Canon,EOS 750D,1010,3200,2320.0,219.5043871335,86.08015181705882,28.935373607252
Canon,EOS 750D,1010,3200,2320.0,220.51854750111,86.47786176514117,28.955469645168
Canon,EOS 750D,1010,3200,2320.0,221.53270786873,86.87557171322744,28.975473057202
Canon,EOS 750D,1010,3200,2320.0,222.54686823634,87.27328166130981,28.99538469296
Canon,EOS 750D,1010,3200,2320.0,223.56102860395,87.67099160939216,29.015205390408
Canon,EOS 750D,1010,3200,2320.0,224.57518897157,88.06870155747842,29.034935976089
Canon,EOS 750D,1010,3200,2320.0,225.58934933918,88.46641150556079,29.054577265329
Canon,EOS 750D,1010,3200,2320.0,226.6035097068,88.86412145364706,29.074130062439
Canon,EOS 750D,1010,3200,2320.0,227.61767007441,89.26183140172941,29.093595160911
Canon,EOS 750D,1010,3200,2320.0,228.63183044203,89.65954134981568,29.112973343613
Canon,EOS 750D,1010,3200,2320.0,229.64599080964,90.05725129789805,29.132265382977
Canon,EOS 750D,1010,3200,2320.0,230.66015117726,90.45496124598431,29.151472041184
Canon,EOS 750D,1010,3200,2320.0,231.67431154487,90.85267119406667,29.170594070345
Canon,EOS 750D,1010,3200,2320.0,232.68847191248,91.25038114214902,29.189632212675
Canon,EOS 750D,1010,3200,2320.0,233.7026322801,91.6480910902353,29.208587200671
Canon,EOS 750D,1010,3200,2320.0,234.71679264771,92.04580103831765,29.227459757273
Canon,EOS 750D,1010,3200,2320.0,235.73095301533,92.44351098640392,29.24625059604
Canon,EOS 750D,1010,3200,2320.0,236.74511338294,92.84122093448627,29.264960421301
Canon,EOS 750D,1010,3200,2320.0,237.75927375056,93.23893088257255,29.283589928322
Canon,EOS 750D,1010,3200,2320.0,238.77343411817,93.6366408306549,29.302139803454
Canon,EOS 750D,1010,3200,2320.0,239.78759448578,94.03435077873725,29.320610724291
Canon,EOS 750D,1010,3200,2320.0,240.8017548534,94.43206072682354,29.339003359814
Canon,EOS 750D,1010,3200,2320.0,241.81591522101,94.82977067490587,29.357318370536
Canon,EOS 750D,1010,3200,2320.0,242.83007558863,95.22748062299216,29.375556408649
Canon,EOS 750D,1010,3200,2320.0,243.84423595624,95.62519057107451,29.393718118159
Canon,EOS 750D,1010,3200,2320.0,244.85839632386,96.02290051916079,29.411804135022
Canon,EOS 750D,1010,3200,2320.0,245.87255669147,96.42061046724314,29.429815087282
Canon,EOS 750D,1010,3200,2320.0,246.88671705909,96.81832041532941,29.447751595196
Canon,EOS 750D,1010,3200,2320.0,247.9008774267,97.21603036341176,29.465614271368
Canon,EOS 750D,1010,3200,2320.0,248.91503779431,97.61374031149411,29.483403720868
Canon,EOS 750D,1010,3200,2320.0,249.92919816193,98.01145025958039,29.501120541363
Canon,EOS 750D,1010,3200,2320.0,250.94335852954,98.40916020766275,29.518765323228
Canon,EOS 750D,1010,3200,2320.0,251.95751889716,98.80687015574902,29.536338649672
Canon,EOS 750D,1010,3200,2320.0,252.97167926477,99.20458010383136,29.553841096849
Canon,EOS 750D,1010,3200,2320.0,253.98583963239,99.60229005191763,29.571273233975
Canon,EOS 750D,1010,3200,2320.0,255,100.0,29.588635623434
Canon,EOS 750D,1010,6400,4664.0,1.2366656167597,0.4849669085332157,0
Canon,EOS 750D,1010,6400,4664.0,2.9615440698317,1.161389831306549,5.465556620778
Canon,EOS 750D,1010,6400,4664.0,4.5023891992488,1.7656428232348234,7.8168342779924
Canon,EOS 750D,1010,6400,4664.0,5.5165495668632,2.1633527713189022,8.9038196514684
Canon,EOS 750D,1010,6400,4664.0,6.5307099344776,2.5610627194029805,9.7837399167697
Canon,EOS 750D,1010,6400,4664.0,7.5448703020919,2.9587726674870196,10.521367720585
Canon,EOS 750D,1010,6400,4664.0,8.5590306697063,3.356482615571098,11.155512796376
Canon,EOS 750D,1010,6400,4664.0,9.5731910373207,3.7541925636551765,11.711174384085
Canon,EOS 750D,1010,6400,4664.0,10.587351404935,4.151902511739215,12.205357114486
Canon,EOS 750D,1010,6400,4664.0,11.601511772549,4.5496124598231376,12.650129986572
Canon,EOS 750D,1010,6400,4664.0,12.615672140164,4.947322407907451,13.054356285725
Canon,EOS 750D,1010,6400,4664.0,13.629832507778,5.345032355991372,13.42472988143
Canon,EOS 750D,1010,6400,4664.0,14.643992875393,5.742742304075686,13.766425837484
Canon,EOS 750D,1010,6400,4664.0,15.658153243007,6.140452252159608,14.083525126651
Canon,EOS 750D,1010,6400,4664.0,16.672313610621,6.538162200243529,14.379301172132
Canon,EOS 750D,1010,6400,4664.0,17.686473978236,6.935872148327843,14.656418702817
Canon,EOS 750D,1010,6400,4664.0,18.70063434585,7.333582096411765,14.917075172042
Canon,EOS 750D,1010,6400,4664.0,19.714794713464,7.731292044495685,15.163103504261
Canon,EOS 750D,1010,6400,4664.0,20.728955081079,8.12900199258,15.396048167216
Canon,EOS 750D,1010,6400,4664.0,21.743115448693,8.52671194066392,15.61722244759
Canon,EOS 750D,1010,6400,4664.0,22.757275816308,8.924421888748235,15.827752226782
Canon,EOS 750D,1010,6400,4664.0,23.771436183922,9.322131836832156,16.02860989384
Canon,EOS 750D,1010,6400,4664.0,24.785596551536,9.719841784916078,16.220640940818
Canon,EOS 750D,1010,6400,4664.0,25.799756919151,10.117551733000392,16.404585052593
Canon,EOS 750D,1010,6400,4664.0,26.813917286765,10.515261681084315,16.58109300142
Canon,EOS 750D,1010,6400,4664.0,27.828077654379,10.912971629168236,16.750740307214
Canon,EOS 750D,1010,6400,4664.0,28.842238021994,11.310681577252549,16.914038377666
Canon,EOS 750D,1010,6400,4664.0,29.856398389608,11.70839152533647,17.071443665147
Canon,EOS 750D,1010,6400,4664.0,30.870558757223,12.106101473420786,17.223365248728
Canon,EOS 750D,1010,6400,4664.0,31.884719124837,12.503811421504707,17.370171154926
Canon,EOS 750D,1010,6400,4664.0,32.898879492451,12.901521369588629,17.512193660421
Canon,EOS 750D,1010,6400,4664.0,33.913039860066,13.299231317672941,17.649733767013
Canon,EOS 750D,1010,6400,4664.0,34.92720022768,13.696941265756863,17.783064998942
Canon,EOS 750D,1010,6400,4664.0,35.941360595295,14.094651213841178,17.912436641879
Canon,EOS 750D,1010,6400,4664.0,36.955520962909,14.492361161925096,18.038076519141
Canon,EOS 750D,1010,6400,4664.0,37.969681330523,14.890071110009021,18.160193382158
Canon,EOS 750D,1010,6400,4664.0,38.983841698138,15.287781058093334,18.278978977667
Canon,EOS 750D,1010,6400,4664.0,39.998002065752,15.685491006177255,18.394609842649
Canon,EOS 750D,1010,6400,4664.0,41.012162433366,16.083200954261176,18.507248868878
Canon,EOS 750D,1010,6400,4664.0,42.026322800981,16.48091090234549,18.617046671625
Canon,EOS 750D,1010,6400,4664.0,43.040483168595,16.878620850429414,18.724142791184
Canon,EOS 750D,1010,6400,4664.0,44.05464353621,17.276330798513726,18.828666751114
Canon,EOS 750D,1010,6400,4664.0,45.068803903824,17.674040746597647,18.930738993193
Canon,EOS 750D,1010,6400,4664.0,46.082964271438,18.07175069468157,19.030471705912
Canon,EOS 750D,1010,6400,4664.0,47.097124639053,18.469460642765885,19.127969560714
Canon,EOS 750D,1010,6400,4664.0,48.111285006667,18.867170590849806,19.223330368024
Canon,EOS 750D,1010,6400,4664.0,49.125445374281,19.264880538933728,19.31664566332
Canon,EOS 750D,1010,6400,4664.0,50.139605741896,19.66259048701804,19.408001232008
Canon,EOS 750D,1010,6400,4664.0,51.15376610951,20.06030043510196,19.497477580594
Canon,EOS 750D,1010,6400,4664.0,52.167926477125,20.458010383186277,19.585150360616
Canon,EOS 750D,1010,6400,4664.0,53.182086844739,20.855720331270195,19.671090750905
Canon,EOS 750D,1010,6400,4664.0,54.196247212353,21.25343027935412,19.755365802976
Canon,EOS 750D,1010,6400,4664.0,55.210407579968,21.651140227438432,19.838038753754
Canon,EOS 750D,1010,6400,4664.0,56.224567947582,22.048850175522354,19.91916930925
Canon,EOS 750D,1010,6400,4664.0,57.238728315196,22.446560123606275,19.998813902377
Canon,EOS 750D,1010,6400,4664.0,58.252888682811,22.844270071690588,20.077025927676
Canon,EOS 750D,1010,6400,4664.0,59.267049050425,23.24198001977451,20.153855955389
Canon,EOS 750D,1010,6400,4664.0,60.28120941804,23.639689967858825,20.229351927016
Canon,EOS 750D,1010,6400,4664.0,61.295369785654,24.037399915942746,20.303559334258
Canon,EOS 750D,1010,6400,4664.0,62.309530153268,24.435109864026668,20.37652138299
Canon,EOS 750D,1010,6400,4664.0,63.323690520883,24.83281981211098,20.448279143755
Canon,EOS 750D,1010,6400,4664.0,64.337850888497,25.2305297601949,20.518871690085
Canon,EOS 750D,1010,6400,4664.0,65.352011256112,25.628239708279217,20.588336225807
Canon,EOS 750D,1010,6400,4664.0,66.366171623726,26.02594965636314,20.656708202367
Canon,EOS 750D,1010,6400,4664.0,67.38033199134,26.42365960444706,20.724021427104
Canon,EOS 750D,1010,6400,4664.0,68.394492358955,26.821369552531376,20.790308163296
Canon,EOS 750D,1010,6400,4664.0,69.408652726569,27.219079500615294,20.855599222708
Canon,EOS 750D,1010,6400,4664.0,70.422813094183,27.616789448699215,20.919924051322
Canon,EOS 750D,1010,6400,4664.0,71.436973461798,28.01449939678353,20.983310808825
Canon,EOS 750D,1010,6400,4664.0,72.451133829412,28.41220934486745,21.045786442408
Canon,EOS 750D,1010,6400,4664.0,73.465294197027,28.80991929295177,21.107376755344
Canon,EOS 750D,1010,6400,4664.0,74.479454564641,29.207629241035686,21.168106470795
Canon,EOS 750D,1010,6400,4664.0,75.493614932255,29.605339189119604,21.227999291226
Canon,EOS 750D,1010,6400,4664.0,76.50777529987,30.003049137203924,21.287077953797
Canon,EOS 750D,1010,6400,4664.0,77.521935667484,30.40075908528784,21.345364282051
Canon,EOS 750D,1010,6400,4664.0,78.536096035098,30.798469033371763,21.402879234183
Canon,EOS 750D,1010,6400,4664.0,79.550256402713,31.19617898145608,21.459642948168
Canon,EOS 750D,1010,6400,4664.0,80.564416770327,31.593888929539997,21.515674783993
Canon,EOS 750D,1010,6400,4664.0,81.578577137942,31.991598877624316,21.570993363195
Canon,EOS 750D,1010,6400,4664.0,82.592737505556,32.389308825708234,21.625616605928
Canon,EOS 750D,1010,6400,4664.0,83.60689787317,32.787018773792155,21.679561765733
Canon,EOS 750D,1010,6400,4664.0,84.621058240785,33.184728721876475,21.732845462178
Canon,EOS 750D,1010,6400,4664.0,85.635218608399,33.58243866996039,21.785483711531
Canon,EOS 750D,1010,6400,4664.0,86.649378976014,33.98014861804471,21.837491955593
Canon,EOS 750D,1010,6400,4664.0,87.663539343628,34.37785856612863,21.888885088836
Canon,EOS 750D,1010,6400,4664.0,88.677699711242,34.775568514212544,21.939677483955
Canon,EOS 750D,1010,6400,4664.0,89.691860078857,35.173278462296864,21.989883015949
Canon,EOS 750D,1010,6400,4664.0,90.706020446471,35.570988410380785,22.039515084826
Canon,EOS 750D,1010,6400,4664.0,91.720180814085,35.96869835846471,22.088586637031
Canon,EOS 750D,1010,6400,4664.0,92.7343411817,36.36640830654902,22.137110185677
Canon,EOS 750D,1010,6400,4664.0,93.748501549314,36.76411825463294,22.185097829665
Canon,EOS 750D,1010,6400,4664.0,94.762661916929,37.16182820271726,22.232561271757
Canon,EOS 750D,1010,6400,4664.0,95.776822284543,37.559538150801174,22.279511835677
Canon,EOS 750D,1010,6400,4664.0,96.790982652157,37.9572480988851,22.3259604823
Canon,EOS 750D,1010,6400,4664.0,97.805143019772,38.354958046969415,22.371917824981
Canon,EOS 750D,1010,6400,4664.0,98.819303387386,38.752667995053336,22.417394144091
Canon,EOS 750D,1010,6400,4664.0,99.833463755,39.15037794313726,22.462399400793
Canon,EOS 750D,1010,6400,4664.0,100.84762412261,39.54808789121961,22.506943250121
Canon,EOS 750D,1010,6400,4664.0,101.86178449023,39.94579783930588,22.551035053392
Canon,EOS 750D,1010,6400,4664.0,102.87594485784,40.34350778738823,22.594683889994
Canon,EOS 750D,1010,6400,4664.0,103.89010522546,40.741217735474514,22.63789856859
Canon,EOS 750D,1010,6400,4664.0,104.90426559307,41.13892768355686,22.680687637775
Canon,EOS 750D,1010,6400,4664.0,105.91842596069,41.53663763164314,22.723059396206
Canon,EOS 750D,1010,6400,4664.0,106.9325863283,41.93434757972549,22.765021902255
Canon,EOS 750D,1010,6400,4664.0,107.94674669592,42.33205752781176,22.806582983185
Canon,EOS 750D,1010,6400,4664.0,108.96090706353,42.72976747589412,22.847750243908
Canon,EOS 750D,1010,6400,4664.0,109.97506743114,43.12747742397647,22.888531075323
Canon,EOS 750D,1010,6400,4664.0,110.98922779876,43.525187372062746,22.928932662268
Canon,EOS 750D,1010,6400,4664.0,112.00338816637,43.9228973201451,22.968961991109
Canon,EOS 750D,1010,6400,4664.0,113.01754853399,44.32060726823137,23.008625856978
Canon,EOS 750D,1010,6400,4664.0,114.0317089016,44.71831721631372,23.047930870695
Canon,EOS 750D,1010,6400,4664.0,115.04586926922,45.1160271644,23.086883465361
Canon,EOS 750D,1010,6400,4664.0,116.06002963683,45.51373711248235,23.125489902679
Canon,EOS 750D,1010,6400,4664.0,117.07419000444,45.911447060564704,23.163756278983
Canon,EOS 750D,1010,6400,4664.0,118.08835037206,46.30915700865098,23.201688531011
Canon,EOS 750D,1010,6400,4664.0,119.10251073967,46.706866956733336,23.239292441424
Canon,EOS 750D,1010,6400,4664.0,120.11667110729,47.10457690481961,23.276573644093
Canon,EOS 750D,1010,6400,4664.0,121.1308314749,47.50228685290197,23.313537629154
Canon,EOS 750D,1010,6400,4664.0,122.14499184252,47.899996800988234,23.350189747862
Canon,EOS 750D,1010,6400,4664.0,123.15915221013,48.29770674907059,23.38653521723
Canon,EOS 750D,1010,6400,4664.0,124.17331257775,48.695416697156865,23.422579124481
Canon,EOS 750D,1010,6400,4664.0,125.18747294536,49.09312664523922,23.45832643132
Canon,EOS 750D,1010,6400,4664.0,126.20163331297,49.49083659332157,23.493781978025
Canon,EOS 750D,1010,6400,4664.0,127.21579368059,49.88854654140784,23.528950487378
Canon,EOS 750D,1010,6400,4664.0,128.2299540482,50.2862564894902,23.563836568437
Canon,EOS 750D,1010,6400,4664.0,129.24411441582,50.68396643757648,23.598444720154
Canon,EOS 750D,1010,6400,4664.0,130.25827478343,51.081676385658824,23.632779334859
Canon,EOS 750D,1010,6400,4664.0,131.27243515105,51.47938633374509,23.666844701598
Canon,EOS 750D,1010,6400,4664.0,132.28659551866,51.87709628182745,23.700645009347
Canon,EOS 750D,1010,6400,4664.0,133.30075588627,52.2748062299098,23.734184350099
Canon,EOS 750D,1010,6400,4664.0,134.31491625389,52.67251617799607,23.767466721836
Canon,EOS 750D,1010,6400,4664.0,135.3290766215,53.07022612607844,23.800496031384
Canon,EOS 750D,1010,6400,4664.0,136.34323698912,53.467936074164705,23.833276097167
Canon,EOS 750D,1010,6400,4664.0,137.35739735673,53.86564602224706,23.865810651847
Canon,EOS 750D,1010,6400,4664.0,138.37155772435,54.263355970333336,23.898103344879
Canon,EOS 750D,1010,6400,4664.0,139.38571809196,54.66106591841569,23.930157744963
Canon,EOS 750D,1010,6400,4664.0,140.39987845958,55.05877586650196,23.961977342406
Canon,EOS 750D,1010,6400,4664.0,141.41403882719,55.45648581458432,23.993565551405
Canon,EOS 750D,1010,6400,4664.0,142.4281991948,55.854195762666656,24.024925712243
Canon,EOS 750D,1010,6400,4664.0,143.44235956242,56.251905710752936,24.056061093404
Canon,EOS 750D,1010,6400,4664.0,144.45651993003,56.649615658835295,24.086974893617
Canon,EOS 750D,1010,6400,4664.0,145.47068029765,57.047325606921575,24.117670243829
Canon,EOS 750D,1010,6400,4664.0,146.48484066526,57.44503555500392,24.148150209102
Canon,EOS 750D,1010,6400,4664.0,147.49900103288,57.842745503090185,24.178417790454
Canon,EOS 750D,1010,6400,4664.0,148.51316140049,58.240455451172544,24.208475926624
Canon,EOS 750D,1010,6400,4664.0,149.52732176811,58.638165399258824,24.238327495787
Canon,EOS 750D,1010,6400,4664.0,150.54148213572,59.03587534734118,24.267975317207
Canon,EOS 750D,1010,6400,4664.0,151.55564250333,59.433585295423526,24.297422152833
Canon,EOS 750D,1010,6400,4664.0,152.56980287095,59.83129524350981,24.32667070884
Canon,EOS 750D,1010,6400,4664.0,153.58396323856,60.22900519159216,24.355723637123
Canon,EOS 750D,1010,6400,4664.0,154.59812360618,60.62671513967843,24.384583536735
Canon,EOS 750D,1010,6400,4664.0,155.61228397379,61.02442508776078,24.413252955289
Canon,EOS 750D,1010,6400,4664.0,156.62644434141,61.422135035847056,24.441734390296
Canon,EOS 750D,1010,6400,4664.0,157.64060470902,61.819844983929414,24.470030290479
Canon,EOS 750D,1010,6400,4664.0,158.65476507663,62.217554932011765,24.49814305703
Canon,EOS 750D,1010,6400,4664.0,159.66892544425,62.61526488009803,24.526075044835
Canon,EOS 750D,1010,6400,4664.0,160.68308581186,63.01297482818039,24.553828563655
Canon,EOS 750D,1010,6400,4664.0,161.69724617948,63.41068477626667,24.581405879271
Canon,EOS 750D,1010,6400,4664.0,162.71140654709,63.80839472434903,24.608809214596
Canon,EOS 750D,1010,6400,4664.0,163.72556691471,64.20610467243529,24.636040750747
Canon,EOS 750D,1010,6400,4664.0,164.73972728232,64.60381462051764,24.663102628088
Canon,EOS 750D,1010,6400,4664.0,165.75388764994,65.00152456860391,24.689996947235
Canon,EOS 750D,1010,6400,4664.0,166.76804801755,65.39923451668628,24.716725770042
Canon,EOS 750D,1010,6400,4664.0,167.78220838516,65.79694446476863,24.743291120538
Canon,EOS 750D,1010,6400,4664.0,168.79636875278,66.1946544128549,24.769694985855
Canon,EOS 750D,1010,6400,4664.0,169.81052912039,66.59236436093725,24.795939317117
Canon,EOS 750D,1010,6400,4664.0,170.82468948801,66.99007430902353,24.822026030302
Canon,EOS 750D,1010,6400,4664.0,171.83884985562,67.38778425710588,24.847957007083
Canon,EOS 750D,1010,6400,4664.0,172.85301022324,67.78549420519215,24.873734095644
Canon,EOS 750D,1010,6400,4664.0,173.86717059085,68.18320415327452,24.899359111465
Canon,EOS 750D,1010,6400,4664.0,174.88133095846,68.58091410135687,24.924833838094
Canon,EOS 750D,1010,6400,4664.0,175.89549132608,68.97862404944314,24.950160027888
Canon,EOS 750D,1010,6400,4664.0,176.90965169369,69.37633399752549,24.975339402738
Canon,EOS 750D,1010,6400,4664.0,177.92381206131,69.77404394561177,25.00037365477
Canon,EOS 750D,1010,6400,4664.0,178.93797242892,70.17175389369412,25.025264447026
Canon,EOS 750D,1010,6400,4664.0,179.95213279654,70.5694638417804,25.05001341413
Canon,EOS 750D,1010,6400,4664.0,180.96629316415,70.96717378986274,25.074622162927
Canon,EOS 750D,1010,6400,4664.0,181.98045353177,71.36488373794901,25.099092273115
Canon,EOS 750D,1010,6400,4664.0,182.99461389938,71.76259368603138,25.123425297846
Canon,EOS 750D,1010,6400,4664.0,184.00877426699,72.16030363411373,25.147622764324
Canon,EOS 750D,1010,6400,4664.0,185.02293463461,72.5580135822,25.171686174374
Canon,EOS 750D,1010,6400,4664.0,186.03709500222,72.95572353028236,25.195617005004
Canon,EOS 750D,1010,6400,4664.0,187.05125536984,73.35343347836863,25.219416708951
Canon,EOS 750D,1010,6400,4664.0,188.06541573745,73.75114342645098,25.243086715205
Canon,EOS 750D,1010,6400,4664.0,189.07957610507,74.14885337453725,25.266628429526
Canon,EOS 750D,1010,6400,4664.0,190.09373647268,74.5465633226196,25.290043234947
Canon,EOS 750D,1010,6400,4664.0,191.10789684029,74.94427327070197,25.313332492256
Canon,EOS 750D,1010,6400,4664.0,192.12205720791,75.34198321878823,25.336497540475
Canon,EOS 750D,1010,6400,4664.0,193.13621757552,75.73969316687058,25.359539697322
Canon,EOS 750D,1010,6400,4664.0,194.15037794314,76.13740311495685,25.382460259655
Canon,EOS 750D,1010,6400,4664.0,195.16453831075,76.53511306303922,25.405260503915
Canon,EOS 750D,1010,6400,4664.0,196.17869867837,76.93282301112549,25.427941686553
Canon,EOS 750D,1010,6400,4664.0,197.19285904598,77.33053295920784,25.450505044441
Canon,EOS 750D,1010,6400,4664.0,198.2070194136,77.72824290729412,25.472951795278
Canon,EOS 750D,1010,6400,4664.0,199.22117978121,78.12595285537647,25.495283137987
Canon,EOS 750D,1010,6400,4664.0,200.23534014882,78.52366280345883,25.517500253096
Canon,EOS 750D,1010,6400,4664.0,201.24950051644,78.9213727515451,25.539604303112
Canon,EOS 750D,1010,6400,4664.0,202.26366088405,79.31908269962746,25.561596432891
Canon,EOS 750D,1010,6400,4664.0,203.27782125167,79.71679264771372,25.583477769985
Canon,EOS 750D,1010,6400,4664.0,204.29198161928,80.11450259579608,25.605249424997
Canon,EOS 750D,1010,6400,4664.0,205.3061419869,80.51221254388236,25.626912491914
Canon,EOS 750D,1010,6400,4664.0,206.32030235451,80.9099224919647,25.648468048439
Canon,EOS 750D,1010,6400,4664.0,207.33446272212,81.30763244004706,25.669917156312
Canon,EOS 750D,1010,6400,4664.0,208.34862308974,81.70534238813333,25.691260861623
Canon,EOS 750D,1010,6400,4664.0,209.36278345735,82.10305233621568,25.71250019512
Canon,EOS 750D,1010,6400,4664.0,210.37694382497,82.50076228430197,25.733636172505
Canon,EOS 750D,1010,6400,4664.0,211.39110419258,82.89847223238431,25.754669794727
Canon,EOS 750D,1010,6400,4664.0,212.4052645602,83.2961821804706,25.775602048265
Canon,EOS 750D,1010,6400,4664.0,213.41942492781,83.69389212855295,25.796433905409
Canon,EOS 750D,1010,6400,4664.0,214.43358529543,84.09160207663922,25.817166324526
Canon,EOS 750D,1010,6400,4664.0,215.44774566304,84.48931202472156,25.837800250326
Canon,EOS 750D,1010,6400,4664.0,216.46190603065,84.88702197280392,25.858336614125
Canon,EOS 750D,1010,6400,4664.0,217.47606639827,85.2847319208902,25.878776334089
Canon,EOS 750D,1010,6400,4664.0,218.49022676588,85.68244186897255,25.899120315485
Canon,EOS 750D,1010,6400,4664.0,219.5043871335,86.08015181705882,25.919369450924
Canon,EOS 750D,1010,6400,4664.0,220.51854750111,86.47786176514117,25.939524620588
Canon,EOS 750D,1010,6400,4664.0,221.53270786873,86.87557171322744,25.959586692469
Canon,EOS 750D,1010,6400,4664.0,222.54686823634,87.27328166130981,25.979556522585
Canon,EOS 750D,1010,6400,4664.0,223.56102860395,87.67099160939216,25.999434955204
Canon,EOS 750D,1010,6400,4664.0,224.57518897157,88.06870155747842,26.019222823057
Canon,EOS 750D,1010,6400,4664.0,225.58934933918,88.46641150556079,26.038920947546
Canon,EOS 750D,1010,6400,4664.0,226.6035097068,88.86412145364706,26.058530138949
Canon,EOS 750D,1010,6400,4664.0,227.61767007441,89.26183140172941,26.078051196623
Canon,EOS 750D,1010,6400,4664.0,228.63183044203,89.65954134981568,26.097484909194
Canon,EOS 750D,1010,6400,4664.0,229.64599080964,90.05725129789805,26.116832054751
Canon,EOS 750D,1010,6400,4664.0,230.66015117726,90.45496124598431,26.136093401036
Canon,EOS 750D,1010,6400,4664.0,231.67431154487,90.85267119406667,26.15526970562
Canon,EOS 750D,1010,6400,4664.0,232.68847191248,91.25038114214902,26.174361716087
Canon,EOS 750D,1010,6400,4664.0,233.7026322801,91.6480910902353,26.193370170207
Canon,EOS 750D,1010,6400,4664.0,234.71679264771,92.04580103831765,26.212295796106
Canon,EOS 750D,1010,6400,4664.0,235.73095301533,92.44351098640392,26.231139312436
Canon,EOS 750D,1010,6400,4664.0,236.74511338294,92.84122093448627,26.249901428537
Canon,EOS 750D,1010,6400,4664.0,237.75927375056,93.23893088257255,26.268582844596
Canon,EOS 750D,1010,6400,4664.0,238.77343411817,93.6366408306549,26.287184251806
Canon,EOS 750D,1010,6400,4664.0,239.78759448578,94.03435077873725,26.305706332518
Canon,EOS 750D,1010,6400,4664.0,240.8017548534,94.43206072682354,26.324149760393
Canon,EOS 750D,1010,6400,4664.0,241.81591522101,94.82977067490587,26.342515200545
Canon,EOS 750D,1010,6400,4664.0,242.83007558863,95.22748062299216,26.36080330969
Canon,EOS 750D,1010,6400,4664.0,243.84423595624,95.62519057107451,26.379014736282
Canon,EOS 750D,1010,6400,4664.0,244.85839632386,96.02290051916079,26.397150120655
Canon,EOS 750D,1010,6400,4664.0,245.87255669147,96.42061046724314,26.415210095157
Canon,EOS 750D,1010,6400,4664.0,246.88671705909,96.81832041532941,26.433195284278
Canon,EOS 750D,1010,6400,4664.0,247.9008774267,97.21603036341176,26.451106304787
Canon,EOS 750D,1010,6400,4664.0,248.91503779431,97.61374031149411,26.468943765853
Canon,EOS 750D,1010,6400,4664.0,249.92919816193,98.01145025958039,26.486708269172
Canon,EOS 750D,1010,6400,4664.0,250.94335852954,98.40916020766275,26.504400409087
Canon,EOS 750D,1010,6400,4664.0,251.95751889716,98.80687015574902,26.522020772709
Canon,EOS 750D,1010,6400,4664.0,252.97167926477,99.20458010383136,26.539569940033
Canon,EOS 750D,1010,6400,4664.0,253.98583963239,99.60229005191763,26.557048484053
Canon,EOS 750D,1010,6400,4664.0,255,100.0,26.574456970874
Canon,EOS 750D,1010,12800,9448.0,2.9615440698317,1.161389831306549,0
Canon,EOS 750D,1010,12800,9448.0,4.5023891992488,1.7656428232348234,2.9113691416526
Canon,EOS 750D,1010,12800,9448.0,5.5165495668632,2.1633527713189022,4.2559837435594
Canon,EOS 750D,1010,12800,9448.0,6.5307099344776,2.5610627194029805,5.3388881708317
Canon,EOS 750D,1010,12800,9448.0,7.5448703020919,2.9587726674870196,6.2407040961343
Canon,EOS 750D,1010,12800,9448.0,8.5590306697063,3.356482615571098,7.0104536626003
Canon,EOS 750D,1010,12800,9448.0,9.5731910373207,3.7541925636551765,7.6800289655448
Canon,EOS 750D,1010,12800,9448.0,10.587351404935,4.151902511739215,8.2712629379003
Canon,EOS 750D,1010,12800,9448.0,11.601511772549,4.5496124598231376,8.7997113242161
Canon,EOS 750D,1010,12800,9448.0,12.615672140164,4.947322407907451,9.2768203673911
Canon,EOS 750D,1010,12800,9448.0,13.629832507778,5.345032355991372,9.7112392988889
Canon,EOS 750D,1010,12800,9448.0,14.643992875393,5.742742304075686,10.109651338606
Canon,EOS 750D,1010,12800,9448.0,15.658153243007,6.140452252159608,10.477319764616
Canon,EOS 750D,1010,12800,9448.0,16.672313610621,6.538162200243529,10.818458211828
Canon,EOS 750D,1010,12800,9448.0,17.686473978236,6.935872148327843,11.136488644025
Canon,EOS 750D,1010,12800,9448.0,18.70063434585,7.333582096411765,11.43422533082
Canon,EOS 750D,1010,12800,9448.0,19.714794713464,7.731292044495685,11.714008775523
Canon,EOS 750D,1010,12800,9448.0,20.728955081079,8.12900199258,11.977804995649
Canon,EOS 750D,1010,12800,9448.0,21.743115448693,8.52671194066392,12.22728031971
Canon,EOS 750D,1010,12800,9448.0,22.757275816308,8.924421888748235,12.463858561914
Canon,EOS 750D,1010,12800,9448.0,23.771436183922,9.322131836832156,12.68876530243
Canon,EOS 750D,1010,12800,9448.0,24.785596551536,9.719841784916078,12.903062590895
Canon,EOS 750D,1010,12800,9448.0,25.799756919151,10.117551733000392,13.107676440225
Canon,EOS 750D,1010,12800,9448.0,26.813917286765,10.515261681084315,13.303418825317
Canon,EOS 750D,1010,12800,9448.0,27.828077654379,10.912971629168236,13.491005445756
Canon,EOS 750D,1010,12800,9448.0,28.842238021994,11.310681577252549,13.671070188992
Canon,EOS 750D,1010,12800,9448.0,29.856398389608,11.70839152533647,13.844176998595
Canon,EOS 750D,1010,12800,9448.0,30.870558757223,12.106101473420786,14.01082968348
Canon,EOS 750D,1010,12800,9448.0,31.884719124837,12.503811421504707,14.171480079799
Canon,EOS 750D,1010,12800,9448.0,32.898879492451,12.901521369588629,14.326534884667
Canon,EOS 750D,1010,12800,9448.0,33.913039860066,13.299231317672941,14.476361411348
Canon,EOS 750D,1010,12800,9448.0,34.92720022768,13.696941265756863,14.621292462701
Canon,EOS 750D,1010,12800,9448.0,35.941360595295,14.094651213841178,14.761630479229
Canon,EOS 750D,1010,12800,9448.0,36.955520962909,14.492361161925096,14.897651086775
Canon,EOS 750D,1010,12800,9448.0,37.969681330523,14.890071110009021,15.029606144631
Canon,EOS 750D,1010,12800,9448.0,38.983841698138,15.287781058093334,15.157726375656
Canon,EOS 750D,1010,12800,9448.0,39.998002065752,15.685491006177255,15.282223644985
Canon,EOS 750D,1010,12800,9448.0,41.012162433366,16.083200954261176,15.403292941887
Canon,EOS 750D,1010,12800,9448.0,42.026322800981,16.48091090234549,15.52111410974
Canon,EOS 750D,1010,12800,9448.0,43.040483168595,16.878620850429414,15.63585336138
Canon,EOS 750D,1010,12800,9448.0,44.05464353621,17.276330798513726,15.747664610833
Canon,EOS 750D,1010,12800,9448.0,45.068803903824,17.674040746597647,15.85669064736
Canon,EOS 750D,1010,12800,9448.0,46.082964271438,18.07175069468157,15.96306417358
Canon,EOS 750D,1010,12800,9448.0,47.097124639053,18.469460642765885,16.066908726032
Canon,EOS 750D,1010,12800,9448.0,48.111285006667,18.867170590849806,16.168339493721
Canon,EOS 750D,1010,12800,9448.0,49.125445374281,19.264880538933728,16.267464047843
Canon,EOS 750D,1010,12800,9448.0,50.139605741896,19.66259048701804,16.364382993968
Canon,EOS 750D,1010,12800,9448.0,51.15376610951,20.06030043510196,16.459190556295
Canon,EOS 750D,1010,12800,9448.0,52.167926477125,20.458010383186277,16.551975102277
Canon,EOS 750D,1010,12800,9448.0,53.182086844739,20.855720331270195,16.642819614718
Canon,EOS 750D,1010,12800,9448.0,54.196247212353,21.25343027935412,16.731802117518
Canon,EOS 750D,1010,12800,9448.0,55.210407579968,21.651140227438432,16.818996060381
Canon,EOS 750D,1010,12800,9448.0,56.224567947582,22.048850175522354,16.904470667137
Canon,EOS 750D,1010,12800,9448.0,57.238728315196,22.446560123606275,16.988291251701
Canon,EOS 750D,1010,12800,9448.0,58.252888682811,22.844270071690588,17.070519505198
Canon,EOS 750D,1010,12800,9448.0,59.267049050425,23.24198001977451,17.15121375735
Canon,EOS 750D,1010,12800,9448.0,60.28120941804,23.639689967858825,17.230429214817
Canon,EOS 750D,1010,12800,9448.0,61.295369785654,24.037399915942746,17.308218178899
Canon,EOS 750D,1010,12800,9448.0,62.309530153268,24.435109864026668,17.384630244674
Canon,EOS 750D,1010,12800,9448.0,63.323690520883,24.83281981211098,17.459712483453
Canon,EOS 750D,1010,12800,9448.0,64.337850888497,25.2305297601949,17.533509610185
Canon,EOS 750D,1010,12800,9448.0,65.352011256112,25.628239708279217,17.60606413727
Canon,EOS 750D,1010,12800,9448.0,66.366171623726,26.02594965636314,17.677416516085
Canon,EOS 750D,1010,12800,9448.0,67.38033199134,26.42365960444706,17.74760526737
Canon,EOS 750D,1010,12800,9448.0,68.394492358955,26.821369552531376,17.816667101514
Canon,EOS 750D,1010,12800,9448.0,69.408652726569,27.219079500615294,17.884637029653
Canon,EOS 750D,1010,12800,9448.0,70.422813094183,27.616789448699215,17.951548466417
Canon,EOS 750D,1010,12800,9448.0,71.436973461798,28.01449939678353,18.017433325052
Canon,EOS 750D,1010,12800,9448.0,72.451133829412,28.41220934486745,18.0823221056
Canon,EOS 750D,1010,12800,9448.0,73.465294197027,28.80991929295177,18.14624397672
Canon,EOS 750D,1010,12800,9448.0,74.479454564641,29.207629241035686,18.209226851695
Canon,EOS 750D,1010,12800,9448.0,75.493614932255,29.605339189119604,18.271297459118
Canon,EOS 750D,1010,12800,9448.0,76.50777529987,30.003049137203924,18.332481408687
Canon,EOS 750D,1010,12800,9448.0,77.521935667484,30.40075908528784,18.392803252514
Canon,EOS 750D,1010,12800,9448.0,78.536096035098,30.798469033371763,18.45228654231
Canon,EOS 750D,1010,12800,9448.0,79.550256402713,31.19617898145608,18.510953882765
Canon,EOS 750D,1010,12800,9448.0,80.564416770327,31.593888929539997,18.568826981433
Canon,EOS 750D,1010,12800,9448.0,81.578577137942,31.991598877624316,18.625926695388
Canon,EOS 750D,1010,12800,9448.0,82.592737505556,32.389308825708234,18.682273074887
Canon,EOS 750D,1010,12800,9448.0,83.60689787317,32.787018773792155,18.737885404293
Canon,EOS 750D,1010,12800,9448.0,84.621058240785,33.184728721876475,18.792782240426
Canon,EOS 750D,1010,12800,9448.0,85.635218608399,33.58243866996039,18.846981448568
Canon,EOS 750D,1010,12800,9448.0,86.649378976014,33.98014861804471,18.900500236263
Canon,EOS 750D,1010,12800,9448.0,87.663539343628,34.37785856612863,18.953355185093
Canon,EOS 750D,1010,12800,9448.0,88.677699711242,34.775568514212544,19.005562280558
Canon,EOS 750D,1010,12800,9448.0,89.691860078857,35.173278462296864,19.057136940204
Canon,EOS 750D,1010,12800,9448.0,90.706020446471,35.570988410380785,19.108094040111
Canon,EOS 750D,1010,12800,9448.0,91.720180814085,35.96869835846471,19.158447939869
Canon,EOS 750D,1010,12800,9448.0,92.7343411817,36.36640830654902,19.208212506122
Canon,EOS 750D,1010,12800,9448.0,93.748501549314,36.76411825463294,19.257401134805
Canon,EOS 750D,1010,12800,9448.0,94.762661916929,37.16182820271726,19.306026772128
Canon,EOS 750D,1010,12800,9448.0,95.776822284543,37.559538150801174,19.354101934421
Canon,EOS 750D,1010,12800,9448.0,96.790982652157,37.9572480988851,19.401638726893
Canon,EOS 750D,1010,12800,9448.0,97.805143019772,38.354958046969415,19.448648861382
Canon,EOS 750D,1010,12800,9448.0,98.819303387386,38.752667995053336,19.495143673161
Canon,EOS 750D,1010,12800,9448.0,99.833463755,39.15037794313726,19.54113413686
Canon,EOS 750D,1010,12800,9448.0,100.84762412261,39.54808789121961,19.586630881554
Canon,EOS 750D,1010,12800,9448.0,101.86178449023,39.94579783930588,19.631644205074
Canon,EOS 750D,1010,12800,9448.0,102.87594485784,40.34350778738823,19.676184087589
Canon,EOS 750D,1010,12800,9448.0,103.89010522546,40.741217735474514,19.720260204499
Canon,EOS 750D,1010,12800,9448.0,104.90426559307,41.13892768355686,19.763881938678
Canon,EOS 750D,1010,12800,9448.0,105.91842596069,41.53663763164314,19.80705839212
Canon,EOS 750D,1010,12800,9448.0,106.9325863283,41.93434757972549,19.849798397001
Canon,EOS 750D,1010,12800,9448.0,107.94674669592,42.33205752781176,19.892110526213
Canon,EOS 750D,1010,12800,9448.0,108.96090706353,42.72976747589412,19.934003103383
Canon,EOS 750D,1010,12800,9448.0,109.97506743114,43.12747742397647,19.975484212418
Canon,EOS 750D,1010,12800,9448.0,110.98922779876,43.525187372062746,20.016561706598
Canon,EOS 750D,1010,12800,9448.0,112.00338816637,43.9228973201451,20.05724321724
Canon,EOS 750D,1010,12800,9448.0,113.01754853399,44.32060726823137,20.097536161965
Canon,EOS 750D,1010,12800,9448.0,114.0317089016,44.71831721631372,20.13744775258
Canon,EOS 750D,1010,12800,9448.0,115.04586926922,45.1160271644,20.176985002603
Canon,EOS 750D,1010,12800,9448.0,116.06002963683,45.51373711248235,20.216154734447
Canon,EOS 750D,1010,12800,9448.0,117.07419000444,45.911447060564704,20.254963586286
Canon,EOS 750D,1010,12800,9448.0,118.08835037206,46.30915700865098,20.293418018606
Canon,EOS 750D,1010,12800,9448.0,119.10251073967,46.706866956733336,20.331524320484
Canon,EOS 750D,1010,12800,9448.0,120.11667110729,47.10457690481961,20.369288615575
Canon,EOS 750D,1010,12800,9448.0,121.1308314749,47.50228685290197,20.406716867855
Canon,EOS 750D,1010,12800,9448.0,122.14499184252,47.899996800988234,20.443814887111
Canon,EOS 750D,1010,12800,9448.0,123.15915221013,48.29770674907059,20.480588334194
Canon,EOS 750D,1010,12800,9448.0,124.17331257775,48.695416697156865,20.517042726059
Canon,EOS 750D,1010,12800,9448.0,125.18747294536,49.09312664523922,20.553183440588
Canon,EOS 750D,1010,12800,9448.0,126.20163331297,49.49083659332157,20.589015721215
Canon,EOS 750D,1010,12800,9448.0,127.21579368059,49.88854654140784,20.624544681361
Canon,EOS 750D,1010,12800,9448.0,128.2299540482,50.2862564894902,20.659775308687
Canon,EOS 750D,1010,12800,9448.0,129.24411441582,50.68396643757648,20.694712469175
Canon,EOS 750D,1010,12800,9448.0,130.25827478343,51.081676385658824,20.729360911047
Canon,EOS 750D,1010,12800,9448.0,131.27243515105,51.47938633374509,20.763725268524
Canon,EOS 750D,1010,12800,9448.0,132.28659551866,51.87709628182745,20.797810065442
Canon,EOS 750D,1010,12800,9448.0,133.30075588627,52.2748062299098,20.831619718718
Canon,EOS 750D,1010,12800,9448.0,134.31491625389,52.67251617799607,20.865158541692
Canon,EOS 750D,1010,12800,9448.0,135.3290766215,53.07022612607844,20.898430747329
Canon,EOS 750D,1010,12800,9448.0,136.34323698912,53.467936074164705,20.931440451304
Canon,EOS 750D,1010,12800,9448.0,137.35739735673,53.86564602224706,20.964191674971
Canon,EOS 750D,1010,12800,9448.0,138.37155772435,54.263355970333336,20.996688348216
Canon,EOS 750D,1010,12800,9448.0,139.38571809196,54.66106591841569,21.028934312205
Canon,EOS 750D,1010,12800,9448.0,140.39987845958,55.05877586650196,21.060933322027
Canon,EOS 750D,1010,12800,9448.0,141.41403882719,55.45648581458432,21.092689049248
Canon,EOS 750D,1010,12800,9448.0,142.4281991948,55.854195762666656,21.124205084358
Canon,EOS 750D,1010,12800,9448.0,143.44235956242,56.251905710752936,21.155484939141
Canon,EOS 750D,1010,12800,9448.0,144.45651993003,56.649615658835295,21.186532048954
Canon,EOS 750D,1010,12800,9448.0,145.47068029765,57.047325606921575,21.217349774921
Canon,EOS 750D,1010,12800,9448.0,146.48484066526,57.44503555500392,21.247941406058
Canon,EOS 750D,1010,12800,9448.0,147.49900103288,57.842745503090185,21.278310161312
Canon,EOS 750D,1010,12800,9448.0,148.51316140049,58.240455451172544,21.308459191539
Canon,EOS 750D,1010,12800,9448.0,149.52732176811,58.638165399258824,21.338391581404
Canon,EOS 750D,1010,12800,9448.0,150.54148213572,59.03587534734118,21.368110351218
Canon,EOS 750D,1010,12800,9448.0,151.55564250333,59.433585295423526,21.397618458717
Canon,EOS 750D,1010,12800,9448.0,152.56980287095,59.83129524350981,21.426918800772
Canon,EOS 750D,1010,12800,9448.0,153.58396323856,60.22900519159216,21.456014215047
Canon,EOS 750D,1010,12800,9448.0,154.59812360618,60.62671513967843,21.484907481598
Canon,EOS 750D,1010,12800,9448.0,155.61228397379,61.02442508776078,21.513601324418
Canon,EOS 750D,1010,12800,9448.0,156.62644434141,61.422135035847056,21.542098412935
Canon,EOS 750D,1010,12800,9448.0,157.64060470902,61.819844983929414,21.570401363455
Canon,EOS 750D,1010,12800,9448.0,158.65476507663,62.217554932011765,21.598512740559
Canon,EOS 750D,1010,12800,9448.0,159.66892544425,62.61526488009803,21.62643505846
Canon,EOS 750D,1010,12800,9448.0,160.68308581186,63.01297482818039,21.654170782305
Canon,EOS 750D,1010,12800,9448.0,161.69724617948,63.41068477626667,21.681722329447
Canon,EOS 750D,1010,12800,9448.0,162.71140654709,63.80839472434903,21.709092070668
Canon,EOS 750D,1010,12800,9448.0,163.72556691471,64.20610467243529,21.736282331365
Canon,EOS 750D,1010,12800,9448.0,164.73972728232,64.60381462051764,21.763295392703
Canon,EOS 750D,1010,12800,9448.0,165.75388764994,65.00152456860391,21.790133492724
Canon,EOS 750D,1010,12800,9448.0,166.76804801755,65.39923451668628,21.816798827427
Canon,EOS 750D,1010,12800,9448.0,167.78220838516,65.79694446476863,21.843293551814
Canon,EOS 750D,1010,12800,9448.0,168.79636875278,66.1946544128549,21.869619780902
Canon,EOS 750D,1010,12800,9448.0,169.81052912039,66.59236436093725,21.895779590704
Canon,EOS 750D,1010,12800,9448.0,170.82468948801,66.99007430902353,21.921775019181
Canon,EOS 750D,1010,12800,9448.0,171.83884985562,67.38778425710588,21.947608067167
Canon,EOS 750D,1010,12800,9448.0,172.85301022324,67.78549420519215,21.97328069926
Canon,EOS 750D,1010,12800,9448.0,173.86717059085,68.18320415327452,21.998794844697
Canon,EOS 750D,1010,12800,9448.0,174.88133095846,68.58091410135687,22.024152398189
Canon,EOS 750D,1010,12800,9448.0,175.89549132608,68.97862404944314,22.049355220744
Canon,EOS 750D,1010,12800,9448.0,176.90965169369,69.37633399752549,22.074405140458
Canon,EOS 750D,1010,12800,9448.0,177.92381206131,69.77404394561177,22.099303953287
Canon,EOS 750D,1010,12800,9448.0,178.93797242892,70.17175389369412,22.124053423795
Canon,EOS 750D,1010,12800,9448.0,179.95213279654,70.5694638417804,22.148655285879
Canon,EOS 750D,1010,12800,9448.0,180.96629316415,70.96717378986274,22.173111243474
Canon,EOS 750D,1010,12800,9448.0,181.98045353177,71.36488373794901,22.197422971244
Canon,EOS 750D,1010,12800,9448.0,182.99461389938,71.76259368603138,22.22159211524
Canon,EOS 750D,1010,12800,9448.0,184.00877426699,72.16030363411373,22.245620293553
Canon,EOS 750D,1010,12800,9448.0,185.02293463461,72.5580135822,22.26950909694
Canon,EOS 750D,1010,12800,9448.0,186.03709500222,72.95572353028236,22.293260089436
Canon,EOS 750D,1010,12800,9448.0,187.05125536984,73.35343347836863,22.316874808951
Canon,EOS 750D,1010,12800,9448.0,188.06541573745,73.75114342645098,22.340354767842
Canon,EOS 750D,1010,12800,9448.0,189.07957610507,74.14885337453725,22.363701453484
Canon,EOS 750D,1010,12800,9448.0,190.09373647268,74.5465633226196,22.386916328807
Canon,EOS 750D,1010,12800,9448.0,191.10789684029,74.94427327070197,22.410000832835
Canon,EOS 750D,1010,12800,9448.0,192.12205720791,75.34198321878823,22.432956381201
Canon,EOS 750D,1010,12800,9448.0,193.13621757552,75.73969316687058,22.455784366651
Canon,EOS 750D,1010,12800,9448.0,194.15037794314,76.13740311495685,22.478486159532
Canon,EOS 750D,1010,12800,9448.0,195.16453831075,76.53511306303922,22.501063108274
Canon,EOS 750D,1010,12800,9448.0,196.17869867837,76.93282301112549,22.523516539849
Canon,EOS 750D,1010,12800,9448.0,197.19285904598,77.33053295920784,22.545847760227
Canon,EOS 750D,1010,12800,9448.0,198.2070194136,77.72824290729412,22.568058054816
Canon,EOS 750D,1010,12800,9448.0,199.22117978121,78.12595285537647,22.590148688888
Canon,EOS 750D,1010,12800,9448.0,200.23534014882,78.52366280345883,22.612120908002
Canon,EOS 750D,1010,12800,9448.0,201.24950051644,78.9213727515451,22.633975938405
Canon,EOS 750D,1010,12800,9448.0,202.26366088405,79.31908269962746,22.655714987433
Canon,EOS 750D,1010,12800,9448.0,203.27782125167,79.71679264771372,22.677339243898
Canon,EOS 750D,1010,12800,9448.0,204.29198161928,80.11450259579608,22.698849878461
Canon,EOS 750D,1010,12800,9448.0,205.3061419869,80.51221254388236,22.720248044
Canon,EOS 750D,1010,12800,9448.0,206.32030235451,80.9099224919647,22.741534875971
Canon,EOS 750D,1010,12800,9448.0,207.33446272212,81.30763244004706,22.762711492755
Canon,EOS 750D,1010,12800,9448.0,208.34862308974,81.70534238813333,22.783778995998
Canon,EOS 750D,1010,12800,9448.0,209.36278345735,82.10305233621568,22.804738470942
Canon,EOS 750D,1010,12800,9448.0,210.37694382497,82.50076228430197,22.825590986751
Canon,EOS 750D,1010,12800,9448.0,211.39110419258,82.89847223238431,22.846337596825
Canon,EOS 750D,1010,12800,9448.0,212.4052645602,83.2961821804706,22.866979339111
Canon,EOS 750D,1010,12800,9448.0,213.41942492781,83.69389212855295,22.887517236398
Canon,EOS 750D,1010,12800,9448.0,214.43358529543,84.09160207663922,22.907952296615
Canon,EOS 750D,1010,12800,9448.0,215.44774566304,84.48931202472156,22.928285513116
Canon,EOS 750D,1010,12800,9448.0,216.46190603065,84.88702197280392,22.94851786496
Canon,EOS 750D,1010,12800,9448.0,217.47606639827,85.2847319208902,22.96865031718
Canon,EOS 750D,1010,12800,9448.0,218.49022676588,85.68244186897255,22.988683821056
Canon,EOS 750D,1010,12800,9448.0,219.5043871335,86.08015181705882,23.008619314369
Canon,EOS 750D,1010,12800,9448.0,220.51854750111,86.47786176514117,23.028457721658
Canon,EOS 750D,1010,12800,9448.0,221.53270786873,86.87557171322744,23.048199954466
Canon,EOS 750D,1010,12800,9448.0,222.54686823634,87.27328166130981,23.067846911584
Canon,EOS 750D,1010,12800,9448.0,223.56102860395,87.67099160939216,23.087399479287
Canon,EOS 750D,1010,12800,9448.0,224.57518897157,88.06870155747842,23.106858531564
Canon,EOS 750D,1010,12800,9448.0,225.58934933918,88.46641150556079,23.126224930345
Canon,EOS 750D,1010,12800,9448.0,226.6035097068,88.86412145364706,23.145499525722
Canon,EOS 750D,1010,12800,9448.0,227.61767007441,89.26183140172941,23.164683156164
Canon,EOS 750D,1010,12800,9448.0,228.63183044203,89.65954134981568,23.183776648727
Canon,EOS 750D,1010,12800,9448.0,229.64599080964,90.05725129789805,23.20278081926
Canon,EOS 750D,1010,12800,9448.0,230.66015117726,90.45496124598431,23.221696472609
Canon,EOS 750D,1010,12800,9448.0,231.67431154487,90.85267119406667,23.24052440281
Canon,EOS 750D,1010,12800,9448.0,232.68847191248,91.25038114214902,23.259265393285
Canon,EOS 750D,1010,12800,9448.0,233.7026322801,91.6480910902353,23.277920217028
Canon,EOS 750D,1010,12800,9448.0,234.71679264771,92.04580103831765,23.296489636789
Canon,EOS 750D,1010,12800,9448.0,235.73095301533,92.44351098640392,23.314974405255
Canon,EOS 750D,1010,12800,9448.0,236.74511338294,92.84122093448627,23.333375265228
Canon,EOS 750D,1010,12800,9448.0,237.75927375056,93.23893088257255,23.351692949791
Canon,EOS 750D,1010,12800,9448.0,238.77343411817,93.6366408306549,23.369928182485
Canon,EOS 750D,1010,12800,9448.0,239.78759448578,94.03435077873725,23.388081677466
Canon,EOS 750D,1010,12800,9448.0,240.8017548534,94.43206072682354,23.406154139672
Canon,EOS 750D,1010,12800,9448.0,241.81591522101,94.82977067490587,23.424146264978
Canon,EOS 750D,1010,12800,9448.0,242.83007558863,95.22748062299216,23.442058740352
Canon,EOS 750D,1010,12800,9448.0,243.84423595624,95.62519057107451,23.459892244004
Canon,EOS 750D,1010,12800,9448.0,244.85839632386,96.02290051916079,23.477647445538
Canon,EOS 750D,1010,12800,9448.0,245.87255669147,96.42061046724314,23.495325006094
Canon,EOS 750D,1010,12800,9448.0,246.88671705909,96.81832041532941,23.512925578488
Canon,EOS 750D,1010,12800,9448.0,247.9008774267,97.21603036341176,23.530449807356
Canon,EOS 750D,1010,12800,9448.0,248.91503779431,97.61374031149411,23.547898329288
Canon,EOS 750D,1010,12800,9448.0,249.92919816193,98.01145025958039,23.565271772959
Canon,EOS 750D,1010,12800,9448.0,250.94335852954,98.40916020766275,23.582570759263
Canon,EOS 750D,1010,12800,9448.0,251.95751889716,98.80687015574902,23.599795901437
Canon,EOS 750D,1010,12800,9448.0,252.97167926477,99.20458010383136,23.616947805192
Canon,EOS 750D,1010,12800,9448.0,253.98583963239,99.60229005191763,23.634027068827
Canon,EOS 750D,1010,12800,9448.0,255,100.0,23.651034283359
Canon,EOS 750D,1010,25600,16980.0,4.5023891992488,1.7656428232348234,0
Canon,EOS 750D,1010,25600,16980.0,5.5165495668632,2.1633527713189022,1.3891578962739
Canon,EOS 750D,1010,25600,16980.0,6.5307099344776,2.5610627194029805,2.5095562214205
Canon,EOS 750D,1010,25600,16980.0,7.5448703020919,2.9587726674870196,3.4433910535096
Canon,EOS 750D,1010,25600,16980.0,8.5590306697063,3.356482615571098,4.2408223314376
Canon,EOS 750D,1010,25600,16980.0,9.5731910373207,3.7541925636551765,4.93458494478
Canon,EOS 750D,1010,25600,16980.0,10.587351404935,4.151902511739215,5.5471494473784
Canon,EOS 750D,1010,25600,16980.0,11.601511772549,4.5496124598231376,6.0945629081674
Canon,EOS 750D,1010,25600,16980.0,12.615672140164,4.947322407907451,6.5886562939264
Canon,EOS 750D,1010,25600,16980.0,13.629832507778,5.345032355991372,7.0383843916084
Canon,EOS 750D,1010,25600,16980.0,14.643992875393,5.742742304075686,7.4506761815208
Canon,EOS 750D,1010,25600,16980.0,15.658153243007,6.140452252159608,7.8309948553803
Canon,EOS 750D,1010,25600,16980.0,16.672313610621,6.538162200243529,8.1837183319807
Canon,EOS 750D,1010,25600,16980.0,17.686473978236,6.935872148327843,8.5124048299989
Canon,EOS 750D,1010,25600,16980.0,18.70063434585,7.333582096411765,8.8199825792205
Canon,EOS 750D,1010,25600,16980.0,19.714794713464,7.731292044495685,9.1088881300026
Canon,EOS 750D,1010,25600,16980.0,20.728955081079,8.12900199258,9.3811690209372
Canon,EOS 750D,1010,25600,16980.0,21.743115448693,8.52671194066392,9.638561222127
Canon,EOS 750D,1010,25600,16980.0,22.757275816308,8.924421888748235,9.882548398025
Canon,EOS 750D,1010,25600,16980.0,23.771436183922,9.322131836832156,10.114407850293
Canon,EOS 750D,1010,25600,16980.0,24.785596551536,9.719841784916078,10.335246556198
Canon,EOS 750D,1010,25600,16980.0,25.799756919151,10.117551733000392,10.546029742601
Canon,EOS 750D,1010,25600,16980.0,26.813917286765,10.515261681084315,10.74760376507
Canon,EOS 750D,1010,25600,16980.0,27.828077654379,10.912971629168236,10.940714593062
Canon,EOS 750D,1010,25600,16980.0,28.842238021994,11.310681577252549,11.126022869719
Canon,EOS 750D,1010,25600,16980.0,29.856398389608,11.70839152533647,11.304116275761
Canon,EOS 750D,1010,25600,16980.0,30.870558757223,12.106101473420786,11.475519752765
Canon,EOS 750D,1010,25600,16980.0,31.884719124837,12.503811421504707,11.640704012755
Canon,EOS 750D,1010,25600,16980.0,32.898879492451,12.901521369588629,11.800092665378
Canon,EOS 750D,1010,25600,16980.0,33.913039860066,13.299231317672941,11.954068221911
Canon,EOS 750D,1010,25600,16980.0,34.92720022768,13.696941265756863,12.102977180611
Canon,EOS 750D,1010,25600,16980.0,35.941360595295,14.094651213841178,12.247134356003
Canon,EOS 750D,1010,25600,16980.0,36.955520962909,14.492361161925096,12.3868265822
Canon,EOS 750D,1010,25600,16980.0,37.969681330523,14.890071110009021,12.522315895135
Canon,EOS 750D,1010,25600,16980.0,38.983841698138,15.287781058093334,12.653842278716
Canon,EOS 750D,1010,25600,16980.0,39.998002065752,15.685491006177255,12.781626044244
Canon,EOS 750D,1010,25600,16980.0,41.012162433366,16.083200954261176,12.905869899972
Canon,EOS 750D,1010,25600,16980.0,42.026322800981,16.48091090234549,13.026760757696
Canon,EOS 750D,1010,25600,16980.0,43.040483168595,16.878620850429414,13.144471315231
Canon,EOS 750D,1010,25600,16980.0,44.05464353621,17.276330798513726,13.259161447131
Canon,EOS 750D,1010,25600,16980.0,45.068803903824,17.674040746597647,13.370979430698
Canon,EOS 750D,1010,25600,16980.0,46.082964271438,18.07175069468157,13.480063030014
Canon,EOS 750D,1010,25600,16980.0,47.097124639053,18.469460642765885,13.586540457167
Canon,EOS 750D,1010,25600,16980.0,48.111285006667,18.867170590849806,13.690531226883
Canon,EOS 750D,1010,25600,16980.0,49.125445374281,19.264880538933728,13.792146918381
Canon,EOS 750D,1010,25600,16980.0,50.139605741896,19.66259048701804,13.891491856184
Canon,EOS 750D,1010,25600,16980.0,51.15376610951,20.06030043510196,13.988663719989
Canon,EOS 750D,1010,25600,16980.0,52.167926477125,20.458010383186277,14.083754092204
Canon,EOS 750D,1010,25600,16980.0,53.182086844739,20.855720331270195,14.176848950626
Canon,EOS 750D,1010,25600,16980.0,54.196247212353,21.25343027935412,14.268029112677
Canon,EOS 750D,1010,25600,16980.0,55.210407579968,21.651140227438432,14.357370636781
Canon,EOS 750D,1010,25600,16980.0,56.224567947582,22.048850175522354,14.444945185712
Canon,EOS 750D,1010,25600,16980.0,57.238728315196,22.446560123606275,14.530820356147
Canon,EOS 750D,1010,25600,16980.0,58.252888682811,22.844270071690588,14.615059978099
Canon,EOS 750D,1010,25600,16980.0,59.267049050425,23.24198001977451,14.697724387456
Canon,EOS 750D,1010,25600,16980.0,60.28120941804,23.639689967858825,14.778870674472
Canon,EOS 750D,1010,25600,16980.0,61.295369785654,24.037399915942746,14.858552910673
Canon,EOS 750D,1010,25600,16980.0,62.309530153268,24.435109864026668,14.936822356415
Canon,EOS 750D,1010,25600,16980.0,63.323690520883,24.83281981211098,15.013727650991
Canon,EOS 750D,1010,25600,16980.0,64.337850888497,25.2305297601949,15.089314987046
Canon,EOS 750D,1010,25600,16980.0,65.352011256112,25.628239708279217,15.163628270793
Canon,EOS 750D,1010,25600,16980.0,66.366171623726,26.02594965636314,15.236709269412
Canon,EOS 750D,1010,25600,16980.0,67.38033199134,26.42365960444706,15.308597746814
Canon,EOS 750D,1010,25600,16980.0,68.394492358955,26.821369552531376,15.379331588874
Canon,EOS 750D,1010,25600,16980.0,69.408652726569,27.219079500615294,15.448946919075
Canon,EOS 750D,1010,25600,16980.0,70.422813094183,27.616789448699215,15.51747820543
Canon,EOS 750D,1010,25600,16980.0,71.436973461798,28.01449939678353,15.584958359474
Canon,EOS 750D,1010,25600,16980.0,72.451133829412,28.41220934486745,15.651418827985
Canon,EOS 750D,1010,25600,16980.0,73.465294197027,28.80991929295177,15.716889678101
Canon,EOS 750D,1010,25600,16980.0,74.479454564641,29.207629241035686,15.781399676359
Canon,EOS 750D,1010,25600,16980.0,75.493614932255,29.605339189119604,15.84497636219
Canon,EOS 750D,1010,25600,16980.0,76.50777529987,30.003049137203924,15.907646116322
Canon,EOS 750D,1010,25600,16980.0,77.521935667484,30.40075908528784,15.969434224498
Canon,EOS 750D,1010,25600,16980.0,78.536096035098,30.798469033371763,16.030364936903
Canon,EOS 750D,1010,25600,16980.0,79.550256402713,31.19617898145608,16.090461523626
Canon,EOS 750D,1010,25600,16980.0,80.564416770327,31.593888929539997,16.14974632648
Canon,EOS 750D,1010,25600,16980.0,81.578577137942,31.991598877624316,16.208240807456
Canon,EOS 750D,1010,25600,16980.0,82.592737505556,32.389308825708234,16.265965594071
Canon,EOS 750D,1010,25600,16980.0,83.60689787317,32.787018773792155,16.32294052184
Canon,EOS 750D,1010,25600,16980.0,84.621058240785,33.184728721876475,16.379184674103
Canon,EOS 750D,1010,25600,16980.0,85.635218608399,33.58243866996039,16.434716419377
Canon,EOS 750D,1010,25600,16980.0,86.649378976014,33.98014861804471,16.489553446441
Canon,EOS 750D,1010,25600,16980.0,87.663539343628,34.37785856612863,16.543712797291
Canon,EOS 750D,1010,25600,16980.0,88.677699711242,34.775568514212544,16.597210898141
Canon,EOS 750D,1010,25600,16980.0,89.691860078857,35.173278462296864,16.650063588588
Canon,EOS 750D,1010,25600,16980.0,90.706020446471,35.570988410380785,16.702286149087
Canon,EOS 750D,1010,25600,16980.0,91.720180814085,35.96869835846471,16.753893326829
Canon,EOS 750D,1010,25600,16980.0,92.7343411817,36.36640830654902,16.804899360163
Canon,EOS 750D,1010,25600,16980.0,93.748501549314,36.76411825463294,16.85531800162
Canon,EOS 750D,1010,25600,16980.0,94.762661916929,37.16182820271726,16.905162539675
Canon,EOS 750D,1010,25600,16980.0,95.776822284543,37.559538150801174,16.954445819294
Canon,EOS 750D,1010,25600,16980.0,96.790982652157,37.9572480988851,17.00318026137
Canon,EOS 750D,1010,25600,16980.0,97.805143019772,38.354958046969415,17.051377881101
Canon,EOS 750D,1010,25600,16980.0,98.819303387386,38.752667995053336,17.099050305394
Canon,EOS 750D,1010,25600,16980.0,99.833463755,39.15037794313726,17.146208789347
Canon,EOS 750D,1010,25600,16980.0,100.84762412261,39.54808789121961,17.192864231869
Canon,EOS 750D,1010,25600,16980.0,101.86178449023,39.94579783930588,17.239027190489
Canon,EOS 750D,1010,25600,16980.0,102.87594485784,40.34350778738823,17.284707895406
Canon,EOS 750D,1010,25600,16980.0,103.89010522546,40.741217735474514,17.329916262832
Canon,EOS 750D,1010,25600,16980.0,104.90426559307,41.13892768355686,17.374661907658
Canon,EOS 750D,1010,25600,16980.0,105.91842596069,41.53663763164314,17.418954155491
Canon,EOS 750D,1010,25600,16980.0,106.9325863283,41.93434757972549,17.462802054098
Canon,EOS 750D,1010,25600,16980.0,107.94674669592,42.33205752781176,17.506214384296
Canon,EOS 750D,1010,25600,16980.0,108.96090706353,42.72976747589412,17.549199670307
Canon,EOS 750D,1010,25600,16980.0,109.97506743114,43.12747742397647,17.591766189628
Canon,EOS 750D,1010,25600,16980.0,110.98922779876,43.525187372062746,17.633921982419
Canon,EOS 750D,1010,25600,16980.0,112.00338816637,43.9228973201451,17.675674860464
Canon,EOS 750D,1010,25600,16980.0,113.01754853399,44.32060726823137,17.717032415704
Canon,EOS 750D,1010,25600,16980.0,114.0317089016,44.71831721631372,17.758002028383
Canon,EOS 750D,1010,25600,16980.0,115.04586926922,45.1160271644,17.798590874818
Canon,EOS 750D,1010,25600,16980.0,116.06002963683,45.51373711248235,17.838805934815
Canon,EOS 750D,1010,25600,16980.0,117.07419000444,45.911447060564704,17.878653998759
Canon,EOS 750D,1010,25600,16980.0,118.08835037206,46.30915700865098,17.918141674379
Canon,EOS 750D,1010,25600,16980.0,119.10251073967,46.706866956733336,17.957275393222
Canon,EOS 750D,1010,25600,16980.0,120.11667110729,47.10457690481961,17.99606141684
Canon,EOS 750D,1010,25600,16980.0,121.1308314749,47.50228685290197,18.034505842708
Canon,EOS 750D,1010,25600,16980.0,122.14499184252,47.899996800988234,18.072614609889
Canon,EOS 750D,1010,25600,16980.0,123.15915221013,48.29770674907059,18.110393504459
Canon,EOS 750D,1010,25600,16980.0,124.17331257775,48.695416697156865,18.147848164697
Canon,EOS 750D,1010,25600,16980.0,125.18747294536,49.09312664523922,18.184984086062
Canon,EOS 750D,1010,25600,16980.0,126.20163331297,49.49083659332157,18.221806625962
Canon,EOS 750D,1010,25600,16980.0,127.21579368059,49.88854654140784,18.258321008324
Canon,EOS 750D,1010,25600,16980.0,128.2299540482,50.2862564894902,18.294532327979
Canon,EOS 750D,1010,25600,16980.0,129.24411441582,50.68396643757648,18.330445554871
Canon,EOS 750D,1010,25600,16980.0,130.25827478343,51.081676385658824,18.366065538089
Canon,EOS 750D,1010,25600,16980.0,131.27243515105,51.47938633374509,18.401397009746
Canon,EOS 750D,1010,25600,16980.0,132.28659551866,51.87709628182745,18.4364445887
Canon,EOS 750D,1010,25600,16980.0,133.30075588627,52.2748062299098,18.471212784128
Canon,EOS 750D,1010,25600,16980.0,134.31491625389,52.67251617799607,18.505705998964
Canon,EOS 750D,1010,25600,16980.0,135.3290766215,53.07022612607844,18.539928533198
Canon,EOS 750D,1010,25600,16980.0,136.34323698912,53.467936074164705,18.573884587056
Canon,EOS 750D,1010,25600,16980.0,137.35739735673,53.86564602224706,18.607578264049
Canon,EOS 750D,1010,25600,16980.0,138.37155772435,54.263355970333336,18.641013573918
Canon,EOS 750D,1010,25600,16980.0,139.38571809196,54.66106591841569,18.674194435454
Canon,EOS 750D,1010,25600,16980.0,140.39987845958,55.05877586650196,18.707124679229
Canon,EOS 750D,1010,25600,16980.0,141.41403882719,55.45648581458432,18.739808050211
Canon,EOS 750D,1010,25600,16980.0,142.4281991948,55.854195762666656,18.772248210293
Canon,EOS 750D,1010,25600,16980.0,143.44235956242,56.251905710752936,18.804448740723
Canon,EOS 750D,1010,25600,16980.0,144.45651993003,56.649615658835295,18.836413144453
Canon,EOS 750D,1010,25600,16980.0,145.47068029765,57.047325606921575,18.868144848394
Canon,EOS 750D,1010,25600,16980.0,146.48484066526,57.44503555500392,18.8996472056
Canon,EOS 750D,1010,25600,16980.0,147.49900103288,57.842745503090185,18.930923497367
Canon,EOS 750D,1010,25600,16980.0,148.51316140049,58.240455451172544,18.961976935264
Canon,EOS 750D,1010,25600,16980.0,149.52732176811,58.638165399258824,18.992810663086
Canon,EOS 750D,1010,25600,16980.0,150.54148213572,59.03587534734118,19.023427758748
Canon,EOS 750D,1010,25600,16980.0,151.55564250333,59.433585295423526,19.053831236106
Canon,EOS 750D,1010,25600,16980.0,152.56980287095,59.83129524350981,19.084024046717
Canon,EOS 750D,1010,25600,16980.0,153.58396323856,60.22900519159216,19.114009081543
Canon,EOS 750D,1010,25600,16980.0,154.59812360618,60.62671513967843,19.143789172594
Canon,EOS 750D,1010,25600,16980.0,155.61228397379,61.02442508776078,19.173367094514
Canon,EOS 750D,1010,25600,16980.0,156.62644434141,61.422135035847056,19.20274556612
Canon,EOS 750D,1010,25600,16980.0,157.64060470902,61.819844983929414,19.231927251886
Canon,EOS 750D,1010,25600,16980.0,158.65476507663,62.217554932011765,19.260914763374
Canon,EOS 750D,1010,25600,16980.0,159.66892544425,62.61526488009803,19.28971066063
Canon,EOS 750D,1010,25600,16980.0,160.68308581186,63.01297482818039,19.31831745352
Canon,EOS 750D,1010,25600,16980.0,161.69724617948,63.41068477626667,19.346737603036
Canon,EOS 750D,1010,25600,16980.0,162.71140654709,63.80839472434903,19.37497352255
Canon,EOS 750D,1010,25600,16980.0,163.72556691471,64.20610467243529,19.403027579035
Canon,EOS 750D,1010,25600,16980.0,164.73972728232,64.60381462051764,19.430902094243
Canon,EOS 750D,1010,25600,16980.0,165.75388764994,65.00152456860391,19.458599345847
Canon,EOS 750D,1010,25600,16980.0,166.76804801755,65.39923451668628,19.486121568548
Canon,EOS 750D,1010,25600,16980.0,167.78220838516,65.79694446476863,19.513470955147
Canon,EOS 750D,1010,25600,16980.0,168.79636875278,66.1946544128549,19.540649657585
Canon,EOS 750D,1010,25600,16980.0,169.81052912039,66.59236436093725,19.567659787948
Canon,EOS 750D,1010,25600,16980.0,170.82468948801,66.99007430902353,19.594503419444
Canon,EOS 750D,1010,25600,16980.0,171.83884985562,67.38778425710588,19.62118258735
Canon,EOS 750D,1010,25600,16980.0,172.85301022324,67.78549420519215,19.64769928993
Canon,EOS 750D,1010,25600,16980.0,173.86717059085,68.18320415327452,19.674055489325
Canon,EOS 750D,1010,25600,16980.0,174.88133095846,68.58091410135687,19.700253112416
Canon,EOS 750D,1010,25600,16980.0,175.89549132608,68.97862404944314,19.726294051662
Canon,EOS 750D,1010,25600,16980.0,176.90965169369,69.37633399752549,19.752180165918
Canon,EOS 750D,1010,25600,16980.0,177.92381206131,69.77404394561177,19.777913281218
Canon,EOS 750D,1010,25600,16980.0,178.93797242892,70.17175389369412,19.803495191547
Canon,EOS 750D,1010,25600,16980.0,179.95213279654,70.5694638417804,19.82892765958
Canon,EOS 750D,1010,25600,16980.0,180.96629316415,70.96717378986274,19.854212417411
Canon,EOS 750D,1010,25600,16980.0,181.98045353177,71.36488373794901,19.879351167252
Canon,EOS 750D,1010,25600,16980.0,182.99461389938,71.76259368603138,19.904345582114
Canon,EOS 750D,1010,25600,16980.0,184.00877426699,72.16030363411373,19.929197306473
Canon,EOS 750D,1010,25600,16980.0,185.02293463461,72.5580135822,19.953907956911
Canon,EOS 750D,1010,25600,16980.0,186.03709500222,72.95572353028236,19.978479122746
Canon,EOS 750D,1010,25600,16980.0,187.05125536984,73.35343347836863,20.002912366636
Canon,EOS 750D,1010,25600,16980.0,188.06541573745,73.75114342645098,20.027209225176
Canon,EOS 750D,1010,25600,16980.0,189.07957610507,74.14885337453725,20.051371209469
Canon,EOS 750D,1010,25600,16980.0,190.09373647268,74.5465633226196,20.075399805689
Canon,EOS 750D,1010,25600,16980.0,191.10789684029,74.94427327070197,20.099296475623
Canon,EOS 750D,1010,25600,16980.0,192.12205720791,75.34198321878823,20.123062657203
Canon,EOS 750D,1010,25600,16980.0,193.13621757552,75.73969316687058,20.14669976502
Canon,EOS 750D,1010,25600,16980.0,194.15037794314,76.13740311495685,20.170209190826
Canon,EOS 750D,1010,25600,16980.0,195.16453831075,76.53511306303922,20.193592304023
Canon,EOS 750D,1010,25600,16980.0,196.17869867837,76.93282301112549,20.216850452136
Canon,EOS 750D,1010,25600,16980.0,197.19285904598,77.33053295920784,20.239984961278
Canon,EOS 750D,1010,25600,16980.0,198.2070194136,77.72824290729412,20.262997136602
Canon,EOS 750D,1010,25600,16980.0,199.22117978121,78.12595285537647,20.285888262736
Canon,EOS 750D,1010,25600,16980.0,200.23534014882,78.52366280345883,20.308659604211
Canon,EOS 750D,1010,25600,16980.0,201.24950051644,78.9213727515451,20.33131240588
Canon,EOS 750D,1010,25600,16980.0,202.26366088405,79.31908269962746,20.353847893322
Canon,EOS 750D,1010,25600,16980.0,203.27782125167,79.71679264771372,20.376267273238
Canon,EOS 750D,1010,25600,16980.0,204.29198161928,80.11450259579608,20.398571733834
Canon,EOS 750D,1010,25600,16980.0,205.3061419869,80.51221254388236,20.4207624452
Canon,EOS 750D,1010,25600,16980.0,206.32030235451,80.9099224919647,20.442840559672
Canon,EOS 750D,1010,25600,16980.0,207.33446272212,81.30763244004706,20.464807212192
Canon,EOS 750D,1010,25600,16980.0,208.34862308974,81.70534238813333,20.486663520655
Canon,EOS 750D,1010,25600,16980.0,209.36278345735,82.10305233621568,20.508410586246
Canon,EOS 750D,1010,25600,16980.0,210.37694382497,82.50076228430197,20.530049493774
Canon,EOS 750D,1010,25600,16980.0,211.39110419258,82.89847223238431,20.551581311995
Canon,EOS 750D,1010,25600,16980.0,212.4052645602,83.2961821804706,20.573007093922
Canon,EOS 750D,1010,25600,16980.0,213.41942492781,83.69389212855295,20.594327877139
Canon,EOS 750D,1010,25600,16980.0,214.43358529543,84.09160207663922,20.615544684092
Canon,EOS 750D,1010,25600,16980.0,215.44774566304,84.48931202472156,20.636658522393
Canon,EOS 750D,1010,25600,16980.0,216.46190603065,84.88702197280392,20.657670385093
Canon,EOS 750D,1010,25600,16980.0,217.47606639827,85.2847319208902,20.678581250971
Canon,EOS 750D,1010,25600,16980.0,218.49022676588,85.68244186897255,20.699392084799
Canon,EOS 750D,1010,25600,16980.0,219.5043871335,86.08015181705882,20.720103837612
Canon,EOS 750D,1010,25600,16980.0,220.51854750111,86.47786176514117,20.740717446963
Canon,EOS 750D,1010,25600,16980.0,221.53270786873,86.87557171322744,20.761233837181
Canon,EOS 750D,1010,25600,16980.0,222.54686823634,87.27328166130981,20.781653919615
Canon,EOS 750D,1010,25600,16980.0,223.56102860395,87.67099160939216,20.801978592876
Canon,EOS 750D,1010,25600,16980.0,224.57518897157,88.06870155747842,20.822208743075
Canon,EOS 750D,1010,25600,16980.0,225.58934933918,88.46641150556079,20.84234524405
Canon,EOS 750D,1010,25600,16980.0,226.6035097068,88.86412145364706,20.862388957596
Canon,EOS 750D,1010,25600,16980.0,227.61767007441,89.26183140172941,20.882340733679
Canon,EOS 750D,1010,25600,16980.0,228.63183044203,89.65954134981568,20.902201410658
Canon,EOS 750D,1010,25600,16980.0,229.64599080964,90.05725129789805,20.921971815489
Canon,EOS 750D,1010,25600,16980.0,230.66015117726,90.45496124598431,20.941652763935
Canon,EOS 750D,1010,25600,16980.0,231.67431154487,90.85267119406667,20.961245060764
Canon,EOS 750D,1010,25600,16980.0,232.68847191248,91.25038114214902,20.980749499947
Canon,EOS 750D,1010,25600,16980.0,233.7026322801,91.6480910902353,21.000166864851
Canon,EOS 750D,1010,25600,16980.0,234.71679264771,92.04580103831765,21.019497928424
Canon,EOS 750D,1010,25600,16980.0,235.73095301533,92.44351098640392,21.038743453379
Canon,EOS 750D,1010,25600,16980.0,236.74511338294,92.84122093448627,21.057904192379
Canon,EOS 750D,1010,25600,16980.0,237.75927375056,93.23893088257255,21.076980888205
Canon,EOS 750D,1010,25600,16980.0,238.77343411817,93.6366408306549,21.095974273932
Canon,EOS 750D,1010,25600,16980.0,239.78759448578,94.03435077873725,21.114885073097
Canon,EOS 750D,1010,25600,16980.0,240.8017548534,94.43206072682354,21.133713999866
Canon,EOS 750D,1010,25600,16980.0,241.81591522101,94.82977067490587,21.152461759188
Canon,EOS 750D,1010,25600,16980.0,242.83007558863,95.22748062299216,21.171129046959
Canon,EOS 750D,1010,25600,16980.0,243.84423595624,95.62519057107451,21.189716550174
Canon,EOS 750D,1010,25600,16980.0,244.85839632386,96.02290051916079,21.20822494708
Canon,EOS 750D,1010,25600,16980.0,245.87255669147,96.42061046724314,21.226654907318
Canon,EOS 750D,1010,25600,16980.0,246.88671705909,96.81832041532941,21.245007092075
Canon,EOS 750D,1010,25600,16980.0,247.9008774267,97.21603036341176,21.263282154222
Canon,EOS 750D,1010,25600,16980.0,248.91503779431,97.61374031149411,21.281480738452
Canon,EOS 750D,1010,25600,16980.0,249.92919816193,98.01145025958039,21.299603481416
Canon,EOS 750D,1010,25600,16980.0,250.94335852954,98.40916020766275,21.317651011859
Canon,EOS 750D,1010,25600,16980.0,251.95751889716,98.80687015574902,21.335623950749
Canon,EOS 750D,1010,25600,16980.0,252.97167926477,99.20458010383136,21.3535229114
Canon,EOS 750D,1010,25600,16980.0,253.98583963239,99.60229005191763,21.371348499604
Canon,EOS 750D,1010,25600,16980.0,255,100.0,21.38910131375
