brand,model,sensor_id,iso_manufacturer,iso_measured,gray_level_255,gray_pct,snr_db
Canon,PowerShot G1X,769,100,86.0,0.19213643588434,0.07534762191542746,0
Canon,PowerShot G1X,769,100,86.0,0.19243970996422,0.07546655292714509,0.013298258840585
Canon,PowerShot G1X,769,100,86.0,0.21405581489576,0.08394345682186667,0.90945530087986
Canon,PowerShot G1X,769,100,86.0,0.32156172428339,0.12610263697387844,4.3051530522684
Canon,PowerShot G1X,769,100,86.0,0.45943357495852,0.18017002939549803,7.2321128941494
Canon,PowerShot G1X,769,100,86.0,0.96916800057978,0.3800658825803059,13.131017824126
Canon,PowerShot G1X,769,100,86.0,2.02747202756,0.7950870696313725,18.527813904903
Canon,PowerShot G1X,769,100,86.0,3.2634538344565,1.2797858174339216,21.709134922465
Canon,PowerShot G1X,769,100,86.0,4.278520552866,1.677851197202353,23.404810647297
Canon,PowerShot G1X,769,100,86.0,5.2935872712754,2.075916576970745,24.679542682316
Canon,PowerShot G1X,769,100,86.0,6.3086539896849,2.4739819567391765,25.692389382
Canon,PowerShot G1X,769,100,86.0,7.3237207080943,2.8720473365075687,26.527934863387
Canon,PowerShot G1X,769,100,86.0,8.3387874265038,3.2701127162759995,27.236167213568
Canon,PowerShot G1X,769,100,86.0,9.3538541449132,3.668178096044392,27.848918428612
Canon,PowerShot G1X,769,100,86.0,10.368920863323,4.066243475812941,28.387623463941
Canon,PowerShot G1X,769,100,86.0,11.383987581732,4.4643088555811765,28.867357825612
Canon,PowerShot G1X,769,100,86.0,12.399054300142,4.8623742353498045,29.299100707417
Canon,PowerShot G1X,769,100,86.0,13.414121018551,5.260439615118039,29.691080205769
Canon,PowerShot G1X,769,100,86.0,14.42918773696,5.6585049948862745,30.049611951352
Canon,PowerShot G1X,769,100,86.0,15.44425445537,6.0565703746549024,30.379643012487
Canon,PowerShot G1X,769,100,86.0,16.459321173779,6.454635754423137,30.685116618418
Canon,PowerShot G1X,769,100,86.0,17.474387892189,6.852701134191765,30.969223816271
Canon,PowerShot G1X,769,100,86.0,18.489454610598,7.2507665139599995,31.234581461852
Canon,PowerShot G1X,769,100,86.0,19.504521329008,7.6488318937286275,31.483360862344
Canon,PowerShot G1X,769,100,86.0,20.519588047417,8.046897273496862,31.71738254559
Canon,PowerShot G1X,769,100,86.0,21.534654765827,8.44496265326549,31.938187271131
Canon,PowerShot G1X,769,100,86.0,22.549721484236,8.843028033033724,32.147090054211
Canon,PowerShot G1X,769,100,86.0,23.564788202646,9.241093412802352,32.345221832902
Canon,PowerShot G1X,769,100,86.0,24.579854921055,9.639158792570587,32.533562005463
Canon,PowerShot G1X,769,100,86.0,25.594921639464,10.037224172338824,32.712964126446
Canon,PowerShot G1X,769,100,86.0,26.609988357874,10.43528955210745,32.884176410024
Canon,PowerShot G1X,769,100,86.0,27.625055076283,10.833354931875688,33.047858245183
Canon,PowerShot G1X,769,100,86.0,28.640121794693,11.231420311644314,33.20459361466
Canon,PowerShot G1X,769,100,86.0,29.655188513102,11.62948569141255,33.354902085996
Canon,PowerShot G1X,769,100,86.0,30.670255231512,12.027551071181177,33.499247881173
Canon,PowerShot G1X,769,100,86.0,31.685321949921,12.425616450949411,33.638047412603
Canon,PowerShot G1X,769,100,86.0,32.700388668331,12.823681830718039,33.771675585227
Canon,PowerShot G1X,769,100,86.0,33.71545538674,13.221747210486273,33.900471098483
Canon,PowerShot G1X,769,100,86.0,34.730522105149,13.61981259025451,34.024740932013
Canon,PowerShot G1X,769,100,86.0,35.745588823559,14.017877970023134,34.144764160823
Canon,PowerShot G1X,769,100,86.0,36.760655541968,14.415943349791371,34.260795216228
Canon,PowerShot G1X,769,100,86.0,37.775722260378,14.81400872956,34.373066686128
Canon,PowerShot G1X,769,100,86.0,38.790788978787,15.212074109328237,34.481791730268
Canon,PowerShot G1X,769,100,86.0,39.805855697197,15.610139489096863,34.587166172086
Canon,PowerShot G1X,769,100,86.0,40.820922415606,16.008204868865096,34.68937031759
Canon,PowerShot G1X,769,100,86.0,41.835989134016,16.406270248633728,34.788570542767
Canon,PowerShot G1X,769,100,86.0,42.851055852425,16.804335628401958,34.884920683893
Canon,PowerShot G1X,769,100,86.0,43.866122570835,17.20240100817059,34.978563259282
Canon,PowerShot G1X,769,100,86.0,44.881189289244,17.600466387938823,35.06963054637
Canon,PowerShot G1X,769,100,86.0,45.896256007653,17.99853176770706,35.158245534123
Canon,PowerShot G1X,769,100,86.0,46.911322726063,18.396597147475685,35.244522767658
Canon,PowerShot G1X,769,100,86.0,47.926389444472,18.794662527243922,35.328569099348
Canon,PowerShot G1X,769,100,86.0,48.941456162882,19.19272790701255,35.410484358524
Canon,PowerShot G1X,769,100,86.0,49.956522881291,19.590793286780784,35.490361950111
Canon,PowerShot G1X,769,100,86.0,50.971589599701,19.98885866654941,35.568289391031
Canon,PowerShot G1X,769,100,86.0,51.98665631811,20.38692404631765,35.644348791963
Canon,PowerShot G1X,769,100,86.0,53.00172303652,20.784989426086273,35.718617290981
Canon,PowerShot G1X,769,100,86.0,54.016789754929,21.18305480585451,35.791167444718
Canon,PowerShot G1X,769,100,86.0,55.031856473338,21.581120185622744,35.86206758193
Canon,PowerShot G1X,769,100,86.0,56.046923191748,21.979185565391372,35.931382123715
Canon,PowerShot G1X,769,100,86.0,57.061989910157,22.37725094515961,35.999171874073
Canon,PowerShot G1X,769,100,86.0,58.077056628567,22.775316324928234,36.06549428404
Canon,PowerShot G1X,769,100,86.0,59.092123346976,23.17338170469647,36.130403692223
Canon,PowerShot G1X,769,100,86.0,60.107190065386,23.571447084465095,36.193951544205
Canon,PowerShot G1X,769,100,86.0,61.122256783795,23.969512464233333,36.256186593023
Canon,PowerShot G1X,769,100,86.0,62.137323502205,24.36757784400196,36.317155082623
Canon,PowerShot G1X,769,100,86.0,63.152390220614,24.765643223770198,36.376900915999
Canon,PowerShot G1X,769,100,86.0,64.167456939024,25.163708603538826,36.43546580953
Canon,PowerShot G1X,769,100,86.0,65.182523657433,25.561773983307056,36.492889434835
Canon,PowerShot G1X,769,100,86.0,66.197590375842,25.959839363075293,36.549209549348
Canon,PowerShot G1X,769,100,86.0,67.212657094252,26.357904742843917,36.604462116665
Canon,PowerShot G1X,769,100,86.0,68.227723812661,26.755970122612155,36.658681417609
Canon,PowerShot G1X,769,100,86.0,69.242790531071,27.15403550238078,36.711900152851
Canon,PowerShot G1X,769,100,86.0,70.25785724948,27.552100882149016,36.764149537855
Canon,PowerShot G1X,769,100,86.0,71.27292396789,27.950166261917648,36.815459390819
Canon,PowerShot G1X,769,100,86.0,72.287990686299,28.348231641685885,36.865858214219
Canon,PowerShot G1X,769,100,86.0,73.303057404709,28.74629702145451,36.915373270507
Canon,PowerShot G1X,769,100,86.0,74.318124123118,29.144362401222747,36.964030652466
Canon,PowerShot G1X,769,100,86.0,75.333190841527,29.54242778099098,37.011855348651
Canon,PowerShot G1X,769,100,86.0,76.348257559937,29.94049316075961,37.058871304337
Canon,PowerShot G1X,769,100,86.0,77.363324278346,30.338558540527842,37.105101478333
Canon,PowerShot G1X,769,100,86.0,78.378390996756,30.73662392029647,37.150567895983
Canon,PowerShot G1X,769,100,86.0,79.393457715165,31.134689300064704,37.19529169868
Canon,PowerShot G1X,769,100,86.0,80.408524433575,31.53275467983333,37.239293190138
Canon,PowerShot G1X,769,100,86.0,81.423591151984,31.930820059601565,37.282591879693
Canon,PowerShot G1X,769,100,86.0,82.438657870394,32.32888543937019,37.325206522845
Canon,PowerShot G1X,769,100,86.0,83.453724588803,32.72695081913843,37.367155159261
Canon,PowerShot G1X,769,100,86.0,84.468791307212,33.125016198906664,37.408455148412
Canon,PowerShot G1X,769,100,86.0,85.483858025622,33.523081578675296,37.449123203036
Canon,PowerShot G1X,769,100,86.0,86.498924744031,33.92114695844353,37.489175420571
Canon,PowerShot G1X,769,100,86.0,87.513991462441,34.319212338212154,37.528627312703
Canon,PowerShot G1X,769,100,86.0,88.52905818085,34.717277717980394,37.567493833176
Canon,PowerShot G1X,769,100,86.0,89.54412489926,35.11534309774902,37.605789403973
Canon,PowerShot G1X,769,100,86.0,90.559191617669,35.51340847751725,37.643527939981
Canon,PowerShot G1X,769,100,86.0,91.574258336079,35.911473857285884,37.68072287225
Canon,PowerShot G1X,769,100,86.0,92.589325054488,36.30953923705412,37.717387169943
Canon,PowerShot G1X,769,100,86.0,93.604391772897,36.70760461682235,37.753533361049
Canon,PowerShot G1X,769,100,86.0,94.619458491307,37.105669996590976,37.789173551962
Canon,PowerShot G1X,769,100,86.0,95.634525209716,37.50373537635922,37.824319445988
Canon,PowerShot G1X,769,100,86.0,96.649591928126,37.90180075612785,37.858982360842
Canon,PowerShot G1X,769,100,86.0,97.664658646535,38.299866135896075,37.893173245224
Canon,PowerShot G1X,769,100,86.0,98.679725364945,38.697931515664706,37.926902694505
Canon,PowerShot G1X,769,100,86.0,99.694792083354,39.09599689543295,37.960180965598
Canon,PowerShot G1X,769,100,86.0,100.70985880176,39.4940622752,37.993017991057
Canon,PowerShot G1X,769,100,86.0,101.72492552017,39.892127654968625,38.025423392448
Canon,PowerShot G1X,769,100,86.0,102.73999223858,40.29019303473726,38.057406493048
Canon,PowerShot G1X,769,100,86.0,103.75505895699,40.68825841450588,38.0889763299
Canon,PowerShot G1X,769,100,86.0,104.7701256754,41.08632379427451,38.120141665264
Canon,PowerShot G1X,769,100,86.0,105.78519239381,41.48438917404314,38.150910997518
Canon,PowerShot G1X,769,100,86.0,106.80025911222,41.88245455381177,38.181292571507
Canon,PowerShot G1X,769,100,86.0,107.81532583063,42.28051993358039,38.211294388405
Canon,PowerShot G1X,769,100,86.0,108.83039254904,42.67858531334902,38.240924215099
Canon,PowerShot G1X,769,100,86.0,109.84545926745,43.07665069311765,38.270189593131
Canon,PowerShot G1X,769,100,86.0,110.86052598586,43.474716072886274,38.299097847214
Canon,PowerShot G1X,769,100,86.0,111.87559270427,43.872781452654905,38.327656093356
Canon,PowerShot G1X,769,100,86.0,112.89065942268,44.27084683242353,38.355871246605
Canon,PowerShot G1X,769,100,86.0,113.90572614109,44.668912212192154,38.383750028446
Canon,PowerShot G1X,769,100,86.0,114.9207928595,45.066977591960786,38.411298973855
Canon,PowerShot G1X,769,100,86.0,115.93585957791,45.46504297172941,38.438524438039
Canon,PowerShot G1X,769,100,86.0,116.95092629631,45.86310835149412,38.465432602877
Canon,PowerShot G1X,769,100,86.0,117.96599301472,46.261173731262744,38.492029483076
Canon,PowerShot G1X,769,100,86.0,118.98105973313,46.65923911103137,38.518320932057
Canon,PowerShot G1X,769,100,86.0,119.99612645154,47.05730449079999,38.544312647585
Canon,PowerShot G1X,769,100,86.0,121.01119316995,47.45536987056863,38.570010177155
Canon,PowerShot G1X,769,100,86.0,122.02625988836,47.853435250337256,38.595418923156
Canon,PowerShot G1X,769,100,86.0,123.04132660677,48.25150063010588,38.620544147806
Canon,PowerShot G1X,769,100,86.0,124.05639332518,48.649566009874505,38.645390977885
Canon,PowerShot G1X,769,100,86.0,125.07146004359,49.047631389643136,38.669964409274
Canon,PowerShot G1X,769,100,86.0,126.086526762,49.44569676941177,38.694269311302
Canon,PowerShot G1X,769,100,86.0,127.10159348041,49.84376214918039,38.718310430912
Canon,PowerShot G1X,769,100,86.0,128.11666019882,50.241827528949024,38.742092396669
Canon,PowerShot G1X,769,100,86.0,129.13172691723,50.63989290871764,38.765619722597
Canon,PowerShot G1X,769,100,86.0,130.14679363564,51.03795828848627,38.788896811861
Canon,PowerShot G1X,769,100,86.0,131.16186035405,51.43602366825489,38.811927960314
Canon,PowerShot G1X,769,100,86.0,132.17692707246,51.83408904802352,38.834717359892
Canon,PowerShot G1X,769,100,86.0,133.19199379087,52.23215442779215,38.857269101886
Canon,PowerShot G1X,769,100,86.0,134.20706050928,52.630219807560785,38.879587180077
Canon,PowerShot G1X,769,100,86.0,135.22212722768,53.028285187325494,38.901675493766
Canon,PowerShot G1X,769,100,86.0,136.23719394609,53.42635056709412,38.923537850667
Canon,PowerShot G1X,769,100,86.0,137.2522606645,53.82441594686275,38.945177969713
Canon,PowerShot G1X,769,100,86.0,138.26732738291,54.22248132663137,38.966599483738
Canon,PowerShot G1X,769,100,86.0,139.28239410132,54.6205467064,38.98780594207
Canon,PowerShot G1X,769,100,86.0,140.29746081973,55.01861208616863,39.008800813024
Canon,PowerShot G1X,769,100,86.0,141.31252753814,55.41667746593725,39.029587486301
Canon,PowerShot G1X,769,100,86.0,142.32759425655,55.81474284570588,39.050169275305
Canon,PowerShot G1X,769,100,86.0,143.34266097496,56.21280822547452,39.070549419373
Canon,PowerShot G1X,769,100,86.0,144.35772769337,56.61087360524314,39.090731085921
Canon,PowerShot G1X,769,100,86.0,145.37279441178,57.00893898501177,39.110717372521
Canon,PowerShot G1X,769,100,86.0,146.38786113019,57.40700436478039,39.130511308896
Canon,PowerShot G1X,769,100,86.0,147.4029278486,57.80506974454902,39.150115858853
Canon,PowerShot G1X,769,100,86.0,148.41799456701,58.203135124317654,39.16953392214
Canon,PowerShot G1X,769,100,86.0,149.43306128542,58.60120050408627,39.188768336245
Canon,PowerShot G1X,769,100,86.0,150.44812800383,58.9992658838549,39.207821878128
Canon,PowerShot G1X,769,100,86.0,151.46319472224,59.39733126362352,39.2266972659
Canon,PowerShot G1X,769,100,86.0,152.47826144065,59.79539664339215,39.245397160435
Canon,PowerShot G1X,769,100,86.0,153.49332815905,60.19346202315686,39.263924166936
Canon,PowerShot G1X,769,100,86.0,154.50839487746,60.59152740292549,39.282280836445
Canon,PowerShot G1X,769,100,86.0,155.52346159587,60.989592782694125,39.300469667303
Canon,PowerShot G1X,769,100,86.0,156.53852831428,61.38765816246274,39.318493106561
Canon,PowerShot G1X,769,100,86.0,157.55359503269,61.78572354223137,39.336353551345
Canon,PowerShot G1X,769,100,86.0,158.5686617511,62.18378892199999,39.354053350174
Canon,PowerShot G1X,769,100,86.0,159.58372846951,62.58185430176862,39.371594804242
Canon,PowerShot G1X,769,100,86.0,160.59879518792,62.979919681537254,39.388980168648
Canon,PowerShot G1X,769,100,86.0,161.61386190633,63.37798506130588,39.406211653596
Canon,PowerShot G1X,769,100,86.0,162.62892862474,63.77605044107452,39.423291425552
Canon,PowerShot G1X,769,100,86.0,163.64399534315,64.17411582084314,39.440221608363
Canon,PowerShot G1X,769,100,86.0,164.65906206156,64.57218120061177,39.457004284344
Canon,PowerShot G1X,769,100,86.0,165.67412877997,64.9702465803804,39.473641495333
Canon,PowerShot G1X,769,100,86.0,166.68919549838,65.36831196014901,39.490135243703
Canon,PowerShot G1X,769,100,86.0,167.70426221679,65.76637733991765,39.506487493353
Canon,PowerShot G1X,769,100,86.0,168.7193289352,66.16444271968628,39.522700170668
Canon,PowerShot G1X,769,100,86.0,169.73439565361,66.5625080994549,39.538775165439
Canon,PowerShot G1X,769,100,86.0,170.74946237202,66.96057347922353,39.55471433177
Canon,PowerShot G1X,769,100,86.0,171.76452909043,67.35863885899215,39.570519488944
Canon,PowerShot G1X,769,100,86.0,172.77959580883,67.75670423875687,39.586192422273
Canon,PowerShot G1X,769,100,86.0,173.79466252724,68.15476961852549,39.601734883916
Canon,PowerShot G1X,769,100,86.0,174.80972924565,68.55283499829412,39.617148593678
Canon,PowerShot G1X,769,100,86.0,175.82479596406,68.95090037806274,39.632435239779
Canon,PowerShot G1X,769,100,86.0,176.83986268247,69.34896575783137,39.647596479606
Canon,PowerShot G1X,769,100,86.0,177.85492940088,69.7470311376,39.662633940443
Canon,PowerShot G1X,769,100,86.0,178.86999611929,70.14509651736861,39.677549220174
Canon,PowerShot G1X,769,100,86.0,179.8850628377,70.54316189713725,39.692343887971
Canon,PowerShot G1X,769,100,86.0,180.90012955611,70.94122727690588,39.707019484962
Canon,PowerShot G1X,769,100,86.0,181.91519627452,71.33929265667452,39.721577524877
Canon,PowerShot G1X,769,100,86.0,182.93026299293,71.73735803644314,39.736019494679
Canon,PowerShot G1X,769,100,86.0,183.94532971134,72.13542341621176,39.750346855173
Canon,PowerShot G1X,769,100,86.0,184.96039642975,72.53348879598039,39.764561041602
Canon,PowerShot G1X,769,100,86.0,185.97546314816,72.93155417574903,39.778663464227
Canon,PowerShot G1X,769,100,86.0,186.99052986657,73.32961955551764,39.792655508882
Canon,PowerShot G1X,769,100,86.0,188.00559658498,73.72768493528628,39.806538537528
Canon,PowerShot G1X,769,100,86.0,189.02066330339,74.1257503150549,39.820313888779
Canon,PowerShot G1X,769,100,86.0,190.0357300218,74.52381569482353,39.833982878419
Canon,PowerShot G1X,769,100,86.0,191.0507967402,74.92188107458824,39.847546799908
Canon,PowerShot G1X,769,100,86.0,192.06586345861,75.31994645435687,39.861006924866
Canon,PowerShot G1X,769,100,86.0,193.08093017702,75.71801183412549,39.874364503552
Canon,PowerShot G1X,769,100,86.0,194.09599689543,76.11607721389412,39.887620765328
Canon,PowerShot G1X,769,100,86.0,195.11106361384,76.51414259366275,39.900776919106
Canon,PowerShot G1X,769,100,86.0,196.12613033225,76.91220797343136,39.913834153788
Canon,PowerShot G1X,769,100,86.0,197.14119705066,77.3102733532,39.926793638696
Canon,PowerShot G1X,769,100,86.0,198.15626376907,77.70833873296863,39.939656523985
Canon,PowerShot G1X,769,100,86.0,199.17133048748,78.10640411273725,39.952423941047
Canon,PowerShot G1X,769,100,86.0,200.18639720589,78.50446949250588,39.965097002911
Canon,PowerShot G1X,769,100,86.0,201.2014639243,78.9025348722745,39.977676804622
Canon,PowerShot G1X,769,100,86.0,202.21653064271,79.30060025204314,39.990164423616
Canon,PowerShot G1X,769,100,86.0,203.23159736112,79.69866563181178,40.002560920088
Canon,PowerShot G1X,769,100,86.0,204.24666407953,80.09673101158039,40.014867337346
Canon,PowerShot G1X,769,100,86.0,205.26173079794,80.49479639134903,40.027084702156
Canon,PowerShot G1X,769,100,86.0,206.27679751635,80.89286177111765,40.039214025083
Canon,PowerShot G1X,769,100,86.0,207.29186423476,81.29092715088628,40.051256300818
Canon,PowerShot G1X,769,100,86.0,208.30693095317,81.6889925306549,40.063212508498
Canon,PowerShot G1X,769,100,86.0,209.32199767158,82.08705791042352,40.075083612025
Canon,PowerShot G1X,769,100,86.0,210.33706438998,82.48512329018823,40.086870560364
Canon,PowerShot G1X,769,100,86.0,211.35213110839,82.88318866995687,40.098574287846
Canon,PowerShot G1X,769,100,86.0,212.3671978268,83.28125404972549,40.110195714457
Canon,PowerShot G1X,769,100,86.0,213.38226454521,83.67931942949413,40.121735746121
Canon,PowerShot G1X,769,100,86.0,214.39733126362,84.07738480926274,40.133195274978
Canon,PowerShot G1X,769,100,86.0,215.41239798203,84.47545018903138,40.144575179653
Canon,PowerShot G1X,769,100,86.0,216.42746470044,84.8735155688,40.155876325518
Canon,PowerShot G1X,769,100,86.0,217.44253141885,85.27158094856863,40.167099564954
Canon,PowerShot G1X,769,100,86.0,218.45759813726,85.66964632833725,40.178245737595
Canon,PowerShot G1X,769,100,86.0,219.47266485567,86.06771170810588,40.18931567058
Canon,PowerShot G1X,769,100,86.0,220.48773157408,86.4657770878745,40.200310178789
Canon,PowerShot G1X,769,100,86.0,221.50279829249,86.86384246764314,40.211230065076
Canon,PowerShot G1X,769,100,86.0,222.5178650109,87.26190784741176,40.222076120497
Canon,PowerShot G1X,769,100,86.0,223.53293172931,87.6599732271804,40.232849124537
Canon,PowerShot G1X,769,100,86.0,224.54799844772,88.05803860694901,40.243549845322
Canon,PowerShot G1X,769,100,86.0,225.56306516613,88.45610398671765,40.254179039837
Canon,PowerShot G1X,769,100,86.0,226.57813188454,88.85416936648627,40.264737454128
Canon,PowerShot G1X,769,100,86.0,227.59319860295,89.2522347462549,40.275225823513
Canon,PowerShot G1X,769,100,86.0,228.60826532135,89.6503001260196,40.285644872771
Canon,PowerShot G1X,769,100,86.0,229.62333203976,90.04836550578823,40.295995316344
Canon,PowerShot G1X,769,100,86.0,230.63839875817,90.44643088555688,40.306277858522
Canon,PowerShot G1X,769,100,86.0,231.65346547658,90.84449626532549,40.316493193629
Canon,PowerShot G1X,769,100,86.0,232.66853219499,91.24256164509413,40.326642006207
Canon,PowerShot G1X,769,100,86.0,233.6835989134,91.64062702486274,40.336724971188
Canon,PowerShot G1X,769,100,86.0,234.69866563181,92.03869240463138,40.346742754071
Canon,PowerShot G1X,769,100,86.0,235.71373235022,92.4367577844,40.356696011092
Canon,PowerShot G1X,769,100,86.0,236.72879906863,92.83482316416863,40.366585389386
Canon,PowerShot G1X,769,100,86.0,237.74386578704,93.23288854393725,40.376411527152
Canon,PowerShot G1X,769,100,86.0,238.75893250545,93.63095392370589,40.386175053809
Canon,PowerShot G1X,769,100,86.0,239.77399922386,94.0290193034745,40.395876590154
Canon,PowerShot G1X,769,100,86.0,240.78906594227,94.42708468324315,40.405516748511
Canon,PowerShot G1X,769,100,86.0,241.80413266068,94.82515006301176,40.415096132882
Canon,PowerShot G1X,769,100,86.0,242.81919937909,95.2232154427804,40.424615339089
Canon,PowerShot G1X,769,100,86.0,243.8342660975,95.62128082254902,40.434074954918
Canon,PowerShot G1X,769,100,86.0,244.84933281591,96.01934620231765,40.443475560259
Canon,PowerShot G1X,769,100,86.0,245.86439953432,96.41741158208627,40.45281772724
Canon,PowerShot G1X,769,100,86.0,246.87946625272,96.81547696185098,40.46210202036
Canon,PowerShot G1X,769,100,86.0,247.89453297113,97.21354234161961,40.471328996623
Canon,PowerShot G1X,769,100,86.0,248.90959968954,97.61160772138822,40.480499205662
Canon,PowerShot G1X,769,100,86.0,249.92466640795,98.00967310115686,40.489613189865
Canon,PowerShot G1X,769,100,86.0,250.93973312636,98.4077384809255,40.498671484499
Canon,PowerShot G1X,769,100,86.0,251.95479984477,98.80580386069411,40.507674617829
Canon,PowerShot G1X,769,100,86.0,252.96986656318,99.20386924046275,40.516623111233
Canon,PowerShot G1X,769,100,86.0,253.98493328159,99.60193462023138,40.52551747932
Canon,PowerShot G1X,769,100,86.0,255,100.0,40.534358230044
Canon,PowerShot G1X,769,200,164.0,0.19243970996422,0.07546655292714509,0
Canon,PowerShot G1X,769,200,164.0,0.21405581489576,0.08394345682186667,0.87069076468289
Canon,PowerShot G1X,769,200,164.0,0.32156172428339,0.12610263697387844,4.1465307016846
Canon,PowerShot G1X,769,200,164.0,0.45943357495852,0.18017002939549803,6.9345650650418
Canon,PowerShot G1X,769,200,164.0,0.96916800057978,0.3800658825803059,12.42800490797
Canon,PowerShot G1X,769,200,164.0,2.02747202756,0.7950870696313725,17.300813814124
Canon,PowerShot G1X,769,200,164.0,3.2634538344565,1.2797858174339216,20.13027077536
Canon,PowerShot G1X,769,200,164.0,4.278520552866,1.677851197202353,21.638813257978
Canon,PowerShot G1X,769,200,164.0,5.2935872712754,2.075916576970745,22.778187951257
Canon,PowerShot G1X,769,200,164.0,6.3086539896849,2.4739819567391765,23.688952648788
Canon,PowerShot G1X,769,200,164.0,7.3237207080943,2.8720473365075687,24.445079922648
Canon,PowerShot G1X,769,200,164.0,8.3387874265038,3.2701127162759995,25.090028666535
Canon,PowerShot G1X,769,200,164.0,9.3538541449132,3.668178096044392,25.651390497534
Canon,PowerShot G1X,769,200,164.0,10.368920863323,4.066243475812941,26.147725549526
Canon,PowerShot G1X,769,200,164.0,11.383987581732,4.4643088555811765,26.592090797964
Canon,PowerShot G1X,769,200,164.0,12.399054300142,4.8623742353498045,26.994006220213
Canon,PowerShot G1X,769,200,164.0,13.414121018551,5.260439615118039,27.360618708397
Canon,PowerShot G1X,769,200,164.0,14.42918773696,5.6585049948862745,27.697425676687
Canon,PowerShot G1X,769,200,164.0,15.44425445537,6.0565703746549024,28.008743557051
Canon,PowerShot G1X,769,200,164.0,16.459321173779,6.454635754423137,28.298021668147
Canon,PowerShot G1X,769,200,164.0,17.474387892189,6.852701134191765,28.568058719411
Canon,PowerShot G1X,769,200,164.0,18.489454610598,7.2507665139599995,28.821155968836
Canon,PowerShot G1X,769,200,164.0,19.504521329008,7.6488318937286275,29.0592279814
Canon,PowerShot G1X,769,200,164.0,20.519588047417,8.046897273496862,29.283884294558
Canon,PowerShot G1X,769,200,164.0,21.534654765827,8.44496265326549,29.496490678259
Canon,PowerShot G1X,769,200,164.0,22.549721484236,8.843028033033724,29.698215800489
Canon,PowerShot G1X,769,200,164.0,23.564788202646,9.241093412802352,29.890067270294
Canon,PowerShot G1X,769,200,164.0,24.579854921055,9.639158792570587,30.072919826398
Canon,PowerShot G1X,769,200,164.0,25.594921639464,10.037224172338824,30.247537634707
Canon,PowerShot G1X,769,200,164.0,26.609988357874,10.43528955210745,30.414592109452
Canon,PowerShot G1X,769,200,164.0,27.625055076283,10.833354931875688,30.574676292352
Canon,PowerShot G1X,769,200,164.0,28.640121794693,11.231420311644314,30.728316556177
Canon,PowerShot G1X,769,200,164.0,29.655188513102,11.62948569141255,30.875982207477
Canon,PowerShot G1X,769,200,164.0,30.670255231512,12.027551071181177,31.018093424442
Canon,PowerShot G1X,769,200,164.0,31.685321949921,12.425616450949411,31.155027863985
Canon,PowerShot G1X,769,200,164.0,32.700388668331,12.823681830718039,31.287126196607
Canon,PowerShot G1X,769,200,164.0,33.71545538674,13.221747210486273,31.414696770899
Canon,PowerShot G1X,769,200,164.0,34.730522105149,13.61981259025451,31.53801956665
Canon,PowerShot G1X,769,200,164.0,35.745588823559,14.017877970023134,31.657349562666
Canon,PowerShot G1X,769,200,164.0,36.760655541968,14.415943349791371,31.772919620146
Canon,PowerShot G1X,769,200,164.0,37.775722260378,14.81400872956,31.884942962764
Canon,PowerShot G1X,769,200,164.0,38.790788978787,15.212074109328237,31.993615319203
Canon,PowerShot G1X,769,200,164.0,39.805855697197,15.610139489096863,32.099116781729
Canon,PowerShot G1X,769,200,164.0,40.820922415606,16.008204868865096,32.201613424741
Canon,PowerShot G1X,769,200,164.0,41.835989134016,16.406270248633728,32.301258719505
Canon,PowerShot G1X,769,200,164.0,42.851055852425,16.804335628401958,32.398194775074
Canon,PowerShot G1X,769,200,164.0,43.866122570835,17.20240100817059,32.492553430369
Canon,PowerShot G1X,769,200,164.0,44.881189289244,17.600466387938823,32.584457218324
Canon,PowerShot G1X,769,200,164.0,45.896256007653,17.99853176770706,32.674020219636
Canon,PowerShot G1X,769,200,164.0,46.911322726063,18.396597147475685,32.761348820941
Canon,PowerShot G1X,769,200,164.0,47.926389444472,18.794662527243922,32.84654238995
Canon,PowerShot G1X,769,200,164.0,48.941456162882,19.19272790701255,32.929693878223
Canon,PowerShot G1X,769,200,164.0,49.956522881291,19.590793286780784,33.010890360672
Canon,PowerShot G1X,769,200,164.0,50.971589599701,19.98885866654941,33.090213519603
Canon,PowerShot G1X,769,200,164.0,51.98665631811,20.38692404631765,33.167740079979
Canon,PowerShot G1X,769,200,164.0,53.00172303652,20.784989426086273,33.243542201695
Canon,PowerShot G1X,769,200,164.0,54.016789754929,21.18305480585451,33.317687833848
Canon,PowerShot G1X,769,200,164.0,55.031856473338,21.581120185622744,33.390241035332
Canon,PowerShot G1X,769,200,164.0,56.046923191748,21.979185565391372,33.461262265528
Canon,PowerShot G1X,769,200,164.0,57.061989910157,22.37725094515961,33.530808648369
Canon,PowerShot G1X,769,200,164.0,58.077056628567,22.775316324928234,33.598934212654
Canon,PowerShot G1X,769,200,164.0,59.092123346976,23.17338170469647,33.665690111126
Canon,PowerShot G1X,769,200,164.0,60.107190065386,23.571447084465095,33.731124820521
Canon,PowerShot G1X,769,200,164.0,61.122256783795,23.969512464233333,33.795284324541
Canon,PowerShot G1X,769,200,164.0,62.137323502205,24.36757784400196,33.858212281469
Canon,PowerShot G1X,769,200,164.0,63.152390220614,24.765643223770198,33.919950177946
Canon,PowerShot G1X,769,200,164.0,64.167456939024,25.163708603538826,33.98053747025
Canon,PowerShot G1X,769,200,164.0,65.182523657433,25.561773983307056,34.04001171429
Canon,PowerShot G1X,769,200,164.0,66.197590375842,25.959839363075293,34.098408685366
Canon,PowerShot G1X,769,200,164.0,67.212657094252,26.357904742843917,34.155762488651
Canon,PowerShot G1X,769,200,164.0,68.227723812661,26.755970122612155,34.212105661249
Canon,PowerShot G1X,769,200,164.0,69.242790531071,27.15403550238078,34.267469266574
Canon,PowerShot G1X,769,200,164.0,70.25785724948,27.552100882149016,34.321882981748
Canon,PowerShot G1X,769,200,164.0,71.27292396789,27.950166261917648,34.37537517862
Canon,PowerShot G1X,769,200,164.0,72.287990686299,28.348231641685885,34.427972998953
Canon,PowerShot G1X,769,200,164.0,73.303057404709,28.74629702145451,34.479702424287
Canon,PowerShot G1X,769,200,164.0,74.318124123118,29.144362401222747,34.530588340911
Canon,PowerShot G1X,769,200,164.0,75.333190841527,29.54242778099098,34.580654600355
Canon,PowerShot G1X,769,200,164.0,76.348257559937,29.94049316075961,34.629924075772
Canon,PowerShot G1X,769,200,164.0,77.363324278346,30.338558540527842,34.67841871453
Canon,PowerShot G1X,769,200,164.0,78.378390996756,30.73662392029647,34.726159587323
Canon,PowerShot G1X,769,200,164.0,79.393457715165,31.134689300064704,34.77316693407
Canon,PowerShot G1X,769,200,164.0,80.408524433575,31.53275467983333,34.819460206856
Canon,PowerShot G1X,769,200,164.0,81.423591151984,31.930820059601565,34.865058110132
Canon,PowerShot G1X,769,200,164.0,82.438657870394,32.32888543937019,34.909978638392
Canon,PowerShot G1X,769,200,164.0,83.453724588803,32.72695081913843,34.954239111501
Canon,PowerShot G1X,769,200,164.0,84.468791307212,33.125016198906664,34.997856207865
Canon,PowerShot G1X,769,200,164.0,85.483858025622,33.523081578675296,35.040845995578
Canon,PowerShot G1X,769,200,164.0,86.498924744031,33.92114695844353,35.083223961714
Canon,PowerShot G1X,769,200,164.0,87.513991462441,34.319212338212154,35.125005039879
Canon,PowerShot G1X,769,200,164.0,88.52905818085,34.717277717980394,35.166203636149
Canon,PowerShot G1X,769,200,164.0,89.54412489926,35.11534309774902,35.206833653517
Canon,PowerShot G1X,769,200,164.0,90.559191617669,35.51340847751725,35.246908514929
Canon,PowerShot G1X,769,200,164.0,91.574258336079,35.911473857285884,35.286441185028
Canon,PowerShot G1X,769,200,164.0,92.589325054488,36.30953923705412,35.32544419068
Canon,PowerShot G1X,769,200,164.0,93.604391772897,36.70760461682235,35.363929640363
Canon,PowerShot G1X,769,200,164.0,94.619458491307,37.105669996590976,35.401909242497
Canon,PowerShot G1X,769,200,164.0,95.634525209716,37.50373537635922,35.439394322781
Canon,PowerShot G1X,769,200,164.0,96.649591928126,37.90180075612785,35.476395840605
Canon,PowerShot G1X,769,200,164.0,97.664658646535,38.299866135896075,35.512924404593
Canon,PowerShot G1X,769,200,164.0,98.679725364945,38.697931515664706,35.548990287325
Canon,PowerShot G1X,769,200,164.0,99.694792083354,39.09599689543295,35.584603439306
Canon,PowerShot G1X,769,200,164.0,100.70985880176,39.4940622752,35.619773502207
Canon,PowerShot G1X,769,200,164.0,101.72492552017,39.892127654968625,35.654509821443
Canon,PowerShot G1X,769,200,164.0,102.73999223858,40.29019303473726,35.688821458111
Canon,PowerShot G1X,769,200,164.0,103.75505895699,40.68825841450588,35.72271720034
Canon,PowerShot G1X,769,200,164.0,104.7701256754,41.08632379427451,35.756205574071
Canon,PowerShot G1X,769,200,164.0,105.78519239381,41.48438917404314,35.789294853324
Canon,PowerShot G1X,769,200,164.0,106.80025911222,41.88245455381177,35.821993069959
Canon,PowerShot G1X,769,200,164.0,107.81532583063,42.28051993358039,35.854308022973
Canon,PowerShot G1X,769,200,164.0,108.83039254904,42.67858531334902,35.886247287351
Canon,PowerShot G1X,769,200,164.0,109.84545926745,43.07665069311765,35.917818222511
Canon,PowerShot G1X,769,200,164.0,110.86052598586,43.474716072886274,35.949027980347
Canon,PowerShot G1X,769,200,164.0,111.87559270427,43.872781452654905,35.979883512902
Canon,PowerShot G1X,769,200,164.0,112.89065942268,44.27084683242353,36.010391579696
Canon,PowerShot G1X,769,200,164.0,113.90572614109,44.668912212192154,36.040558754713
Canon,PowerShot G1X,769,200,164.0,114.9207928595,45.066977591960786,36.070391433083
Canon,PowerShot G1X,769,200,164.0,115.93585957791,45.46504297172941,36.09989583746
Canon,PowerShot G1X,769,200,164.0,116.95092629631,45.86310835149412,36.129078024123
Canon,PowerShot G1X,769,200,164.0,117.96599301472,46.261173731262744,36.157943888809
Canon,PowerShot G1X,769,200,164.0,118.98105973313,46.65923911103137,36.186499172291
Canon,PowerShot G1X,769,200,164.0,119.99612645154,47.05730449079999,36.21474946572
Canon,PowerShot G1X,769,200,164.0,121.01119316995,47.45536987056863,36.242700215735
Canon,PowerShot G1X,769,200,164.0,122.02625988836,47.853435250337256,36.27035672936
Canon,PowerShot G1X,769,200,164.0,123.04132660677,48.25150063010588,36.297724178699
Canon,PowerShot G1X,769,200,164.0,124.05639332518,48.649566009874505,36.324807605426
Canon,PowerShot G1X,769,200,164.0,125.07146004359,49.047631389643136,36.351611925101
Canon,PowerShot G1X,769,200,164.0,126.086526762,49.44569676941177,36.378141931301
Canon,PowerShot G1X,769,200,164.0,127.10159348041,49.84376214918039,36.40440229959
Canon,PowerShot G1X,769,200,164.0,128.11666019882,50.241827528949024,36.430397591325
Canon,PowerShot G1X,769,200,164.0,129.13172691723,50.63989290871764,36.456132257311
Canon,PowerShot G1X,769,200,164.0,130.14679363564,51.03795828848627,36.481610641313
Canon,PowerShot G1X,769,200,164.0,131.16186035405,51.43602366825489,36.506836983427
Canon,PowerShot G1X,769,200,164.0,132.17692707246,51.83408904802352,36.531815423325
Canon,PowerShot G1X,769,200,164.0,133.19199379087,52.23215442779215,36.556550003366
Canon,PowerShot G1X,769,200,164.0,134.20706050928,52.630219807560785,36.581044671598
Canon,PowerShot G1X,769,200,164.0,135.22212722768,53.028285187325494,36.605303284634
Canon,PowerShot G1X,769,200,164.0,136.23719394609,53.42635056709412,36.62932961043
Canon,PowerShot G1X,769,200,164.0,137.2522606645,53.82441594686275,36.653127330955
Canon,PowerShot G1X,769,200,164.0,138.26732738291,54.22248132663137,36.676700044756
Canon,PowerShot G1X,769,200,164.0,139.28239410132,54.6205467064,36.700051269436
Canon,PowerShot G1X,769,200,164.0,140.29746081973,55.01861208616863,36.723184444039
Canon,PowerShot G1X,769,200,164.0,141.31252753814,55.41667746593725,36.746102931343
Canon,PowerShot G1X,769,200,164.0,142.32759425655,55.81474284570588,36.768810020079
Canon,PowerShot G1X,769,200,164.0,143.34266097496,56.21280822547452,36.791308927063
Canon,PowerShot G1X,769,200,164.0,144.35772769337,56.61087360524314,36.813602799252
Canon,PowerShot G1X,769,200,164.0,145.37279441178,57.00893898501177,36.835694715735
Canon,PowerShot G1X,769,200,164.0,146.38786113019,57.40700436478039,36.857587689645
Canon,PowerShot G1X,769,200,164.0,147.4029278486,57.80506974454902,36.879284670008
Canon,PowerShot G1X,769,200,164.0,148.41799456701,58.203135124317654,36.900788543527
Canon,PowerShot G1X,769,200,164.0,149.43306128542,58.60120050408627,36.92210213631
Canon,PowerShot G1X,769,200,164.0,150.44812800383,58.9992658838549,36.943228215526
Canon,PowerShot G1X,769,200,164.0,151.46319472224,59.39733126362352,36.964169491021
Canon,PowerShot G1X,769,200,164.0,152.47826144065,59.79539664339215,36.984928616866
Canon,PowerShot G1X,769,200,164.0,153.49332815905,60.19346202315686,37.005508192862
Canon,PowerShot G1X,769,200,164.0,154.50839487746,60.59152740292549,37.025910765987
Canon,PowerShot G1X,769,200,164.0,155.52346159587,60.989592782694125,37.046138831805
Canon,PowerShot G1X,769,200,164.0,156.53852831428,61.38765816246274,37.066194835817
Canon,PowerShot G1X,769,200,164.0,157.55359503269,61.78572354223137,37.086081174779
Canon,PowerShot G1X,769,200,164.0,158.5686617511,62.18378892199999,37.105800197972
Canon,PowerShot G1X,769,200,164.0,159.58372846951,62.58185430176862,37.125354208426
Canon,PowerShot G1X,769,200,164.0,160.59879518792,62.979919681537254,37.144745464118
Canon,PowerShot G1X,769,200,164.0,161.61386190633,63.37798506130588,37.163976179116
Canon,PowerShot G1X,769,200,164.0,162.62892862474,63.77605044107452,37.183048524702
Canon,PowerShot G1X,769,200,164.0,163.64399534315,64.17411582084314,37.201964630448
Canon,PowerShot G1X,769,200,164.0,164.65906206156,64.57218120061177,37.220726585263
Canon,PowerShot G1X,769,200,164.0,165.67412877997,64.9702465803804,37.23933643841
Canon,PowerShot G1X,769,200,164.0,166.68919549838,65.36831196014901,37.257796200487
Canon,PowerShot G1X,769,200,164.0,167.70426221679,65.76637733991765,37.27610784438
Canon,PowerShot G1X,769,200,164.0,168.7193289352,66.16444271968628,37.294273306188
Canon,PowerShot G1X,769,200,164.0,169.73439565361,66.5625080994549,37.312294486118
Canon,PowerShot G1X,769,200,164.0,170.74946237202,66.96057347922353,37.330173249354
Canon,PowerShot G1X,769,200,164.0,171.76452909043,67.35863885899215,37.347911426899
Canon,PowerShot G1X,769,200,164.0,172.77959580883,67.75670423875687,37.365510816395
Canon,PowerShot G1X,769,200,164.0,173.79466252724,68.15476961852549,37.382973182915
Canon,PowerShot G1X,769,200,164.0,174.80972924565,68.55283499829412,37.400300259733
Canon,PowerShot G1X,769,200,164.0,175.82479596406,68.95090037806274,37.417493749073
Canon,PowerShot G1X,769,200,164.0,176.83986268247,69.34896575783137,37.434555322833
Canon,PowerShot G1X,769,200,164.0,177.85492940088,69.7470311376,37.451486623291
Canon,PowerShot G1X,769,200,164.0,178.86999611929,70.14509651736861,37.468289263793
Canon,PowerShot G1X,769,200,164.0,179.8850628377,70.54316189713725,37.484964829411
Canon,PowerShot G1X,769,200,164.0,180.90012955611,70.94122727690588,37.501514877596
Canon,PowerShot G1X,769,200,164.0,181.91519627452,71.33929265667452,37.517940938802
Canon,PowerShot G1X,769,200,164.0,182.93026299293,71.73735803644314,37.534244517098
Canon,PowerShot G1X,769,200,164.0,183.94532971134,72.13542341621176,37.55042709076
Canon,PowerShot G1X,769,200,164.0,184.96039642975,72.53348879598039,37.56649011285
Canon,PowerShot G1X,769,200,164.0,185.97546314816,72.93155417574903,37.582435011775
Canon,PowerShot G1X,769,200,164.0,186.99052986657,73.32961955551764,37.598263191831
Canon,PowerShot G1X,769,200,164.0,188.00559658498,73.72768493528628,37.613976033739
Canon,PowerShot G1X,769,200,164.0,189.02066330339,74.1257503150549,37.629574895154
Canon,PowerShot G1X,769,200,164.0,190.0357300218,74.52381569482353,37.645061111172
Canon,PowerShot G1X,769,200,164.0,191.0507967402,74.92188107458824,37.660435994816
Canon,PowerShot G1X,769,200,164.0,192.06586345861,75.31994645435687,37.675700837514
Canon,PowerShot G1X,769,200,164.0,193.08093017702,75.71801183412549,37.690856909559
Canon,PowerShot G1X,769,200,164.0,194.09599689543,76.11607721389412,37.705905460562
Canon,PowerShot G1X,769,200,164.0,195.11106361384,76.51414259366275,37.720847719889
Canon,PowerShot G1X,769,200,164.0,196.12613033225,76.91220797343136,37.73568489709
Canon,PowerShot G1X,769,200,164.0,197.14119705066,77.3102733532,37.750418182312
Canon,PowerShot G1X,769,200,164.0,198.15626376907,77.70833873296863,37.765048746708
Canon,PowerShot G1X,769,200,164.0,199.17133048748,78.10640411273725,37.779577742829
Canon,PowerShot G1X,769,200,164.0,200.18639720589,78.50446949250588,37.79400630501
Canon,PowerShot G1X,769,200,164.0,201.2014639243,78.9025348722745,37.808335549744
Canon,PowerShot G1X,769,200,164.0,202.21653064271,79.30060025204314,37.82256657605
Canon,PowerShot G1X,769,200,164.0,203.23159736112,79.69866563181178,37.836700465823
Canon,PowerShot G1X,769,200,164.0,204.24666407953,80.09673101158039,37.85073828419
Canon,PowerShot G1X,769,200,164.0,205.26173079794,80.49479639134903,37.864681079838
Canon,PowerShot G1X,769,200,164.0,206.27679751635,80.89286177111765,37.878529885354
Canon,PowerShot G1X,769,200,164.0,207.29186423476,81.29092715088628,37.892285717539
Canon,PowerShot G1X,769,200,164.0,208.30693095317,81.6889925306549,37.905949577727
Canon,PowerShot G1X,769,200,164.0,209.32199767158,82.08705791042352,37.919522452088
Canon,PowerShot G1X,769,200,164.0,210.33706438998,82.48512329018823,37.933005311929
Canon,PowerShot G1X,769,200,164.0,211.35213110839,82.88318866995687,37.946399113982
Canon,PowerShot G1X,769,200,164.0,212.3671978268,83.28125404972549,37.959704800693
Canon,PowerShot G1X,769,200,164.0,213.38226454521,83.67931942949413,37.972923300495
Canon,PowerShot G1X,769,200,164.0,214.39733126362,84.07738480926274,37.986055528083
Canon,PowerShot G1X,769,200,164.0,215.41239798203,84.47545018903138,37.999102384674
Canon,PowerShot G1X,769,200,164.0,216.42746470044,84.8735155688,38.012064758268
Canon,PowerShot G1X,769,200,164.0,217.44253141885,85.27158094856863,38.024943523899
Canon,PowerShot G1X,769,200,164.0,218.45759813726,85.66964632833725,38.037739543883
Canon,PowerShot G1X,769,200,164.0,219.47266485567,86.06771170810588,38.050453668054
Canon,PowerShot G1X,769,200,164.0,220.48773157408,86.4657770878745,38.063086734002
Canon,PowerShot G1X,769,200,164.0,221.50279829249,86.86384246764314,38.075639567303
Canon,PowerShot G1X,769,200,164.0,222.5178650109,87.26190784741176,38.088112981739
Canon,PowerShot G1X,769,200,164.0,223.53293172931,87.6599732271804,38.100507779521
Canon,PowerShot G1X,769,200,164.0,224.54799844772,88.05803860694901,38.112824751499
Canon,PowerShot G1X,769,200,164.0,225.56306516613,88.45610398671765,38.125064677375
Canon,PowerShot G1X,769,200,164.0,226.57813188454,88.85416936648627,38.137228325904
Canon,PowerShot G1X,769,200,164.0,227.59319860295,89.2522347462549,38.149316455093
Canon,PowerShot G1X,769,200,164.0,228.60826532135,89.6503001260196,38.1613298124
Canon,PowerShot G1X,769,200,164.0,229.62333203976,90.04836550578823,38.17326913492
Canon,PowerShot G1X,769,200,164.0,230.63839875817,90.44643088555688,38.185135149575
Canon,PowerShot G1X,769,200,164.0,231.65346547658,90.84449626532549,38.196928573294
Canon,PowerShot G1X,769,200,164.0,232.66853219499,91.24256164509413,38.208650113193
Canon,PowerShot G1X,769,200,164.0,233.6835989134,91.64062702486274,38.220300466748
Canon,PowerShot G1X,769,200,164.0,234.69866563181,92.03869240463138,38.231880321965
Canon,PowerShot G1X,769,200,164.0,235.71373235022,92.4367577844,38.24339035755
Canon,PowerShot G1X,769,200,164.0,236.72879906863,92.83482316416863,38.254831243067
Canon,PowerShot G1X,769,200,164.0,237.74386578704,93.23288854393725,38.266203639104
Canon,PowerShot G1X,769,200,164.0,238.75893250545,93.63095392370589,38.277508197422
Canon,PowerShot G1X,769,200,164.0,239.77399922386,94.0290193034745,38.288745561113
Canon,PowerShot G1X,769,200,164.0,240.78906594227,94.42708468324315,38.29991636475
Canon,PowerShot G1X,769,200,164.0,241.80413266068,94.82515006301176,38.31102123453
Canon,PowerShot G1X,769,200,164.0,242.81919937909,95.2232154427804,38.322060788417
Canon,PowerShot G1X,769,200,164.0,243.8342660975,95.62128082254902,38.333035636287
Canon,PowerShot G1X,769,200,164.0,244.84933281591,96.01934620231765,38.343946380061
Canon,PowerShot G1X,769,200,164.0,245.86439953432,96.41741158208627,38.354793613841
Canon,PowerShot G1X,769,200,164.0,246.87946625272,96.81547696185098,38.365577924042
Canon,PowerShot G1X,769,200,164.0,247.89453297113,97.21354234161961,38.376299889518
Canon,PowerShot G1X,769,200,164.0,248.90959968954,97.61160772138822,38.386960081693
Canon,PowerShot G1X,769,200,164.0,249.92466640795,98.00967310115686,38.397559064683
Canon,PowerShot G1X,769,200,164.0,250.93973312636,98.4077384809255,38.408097395413
Canon,PowerShot G1X,769,200,164.0,251.95479984477,98.80580386069411,38.418575623742
Canon,PowerShot G1X,769,200,164.0,252.96986656318,99.20386924046275,38.428994292574
Canon,PowerShot G1X,769,200,164.0,253.98493328159,99.60193462023138,38.439353937976
Canon,PowerShot G1X,769,200,164.0,255,100.0,38.449655089286
Canon,PowerShot G1X,769,400,350.0,0.21405581489576,0.08394345682186667,0
Canon,PowerShot G1X,769,400,350.0,0.32156172428339,0.12610263697387844,3.1206376812218
Canon,PowerShot G1X,769,400,350.0,0.45943357495852,0.18017002939549803,5.7404981753698
Canon,PowerShot G1X,769,400,350.0,0.96916800057978,0.3800658825803059,10.804028970035
Canon,PowerShot G1X,769,400,350.0,2.02747202756,0.7950870696313725,15.226957659379
Canon,PowerShot G1X,769,400,350.0,3.2634538344565,1.2797858174339216,17.805994570121
Canon,PowerShot G1X,769,400,350.0,4.278520552866,1.677851197202353,19.195570338873
Canon,PowerShot G1X,769,400,350.0,5.2935872712754,2.075916576970745,20.254647206225
Canon,PowerShot G1X,769,400,350.0,6.3086539896849,2.4739819567391765,21.108044288748
Canon,PowerShot G1X,769,400,350.0,7.3237207080943,2.8720473365075687,21.821516933642
Canon,PowerShot G1X,769,400,350.0,8.3387874265038,3.2701127162759995,22.433813025187
Canon,PowerShot G1X,769,400,350.0,9.3538541449132,3.668178096044392,22.969628997008
Canon,PowerShot G1X,769,400,350.0,10.368920863323,4.066243475812941,23.445647436949
Canon,PowerShot G1X,769,400,350.0,11.383987581732,4.4643088555811765,23.873654328001
Canon,PowerShot G1X,769,400,350.0,12.399054300142,4.8623742353498045,24.262278540123
Canon,PowerShot G1X,769,400,350.0,13.414121018551,5.260439615118039,24.618023669714
Canon,PowerShot G1X,769,400,350.0,14.42918773696,5.6585049948862745,24.945911100278
Canon,PowerShot G1X,769,400,350.0,15.44425445537,6.0565703746549024,25.249897454184
Canon,PowerShot G1X,769,400,350.0,16.459321173779,6.454635754423137,25.533155036815
Canon,PowerShot G1X,769,400,350.0,17.474387892189,6.852701134191765,25.798265825005
Canon,PowerShot G1X,769,400,350.0,18.489454610598,7.2507665139599995,26.047359078278
Canon,PowerShot G1X,769,400,350.0,19.504521329008,7.6488318937286275,26.282211126457
Canon,PowerShot G1X,769,400,350.0,20.519588047417,8.046897273496862,26.504319142219
Canon,PowerShot G1X,769,400,350.0,21.534654765827,8.44496265326549,26.714956623554
Canon,PowerShot G1X,769,400,350.0,22.549721484236,8.843028033033724,26.915215763943
Canon,PowerShot G1X,769,400,350.0,23.564788202646,9.241093412802352,27.10604025675
Canon,PowerShot G1X,769,400,350.0,24.579854921055,9.639158792570587,27.288251010568
Canon,PowerShot G1X,769,400,350.0,25.594921639464,10.037224172338824,27.462566535786
Canon,PowerShot G1X,769,400,350.0,26.609988357874,10.43528955210745,27.629619273394
Canon,PowerShot G1X,769,400,350.0,27.625055076283,10.833354931875688,27.789968797203
Canon,PowerShot G1X,769,400,350.0,28.640121794693,11.231420311644314,27.944112580733
Canon,PowerShot G1X,769,400,350.0,29.655188513102,11.62948569141255,28.092494848192
Canon,PowerShot G1X,769,400,350.0,30.670255231512,12.027551071181177,28.235513904267
Canon,PowerShot G1X,769,400,350.0,31.685321949921,12.425616450949411,28.373528245784
Canon,PowerShot G1X,769,400,350.0,32.700388668331,12.823681830718039,28.506861690156
Canon,PowerShot G1X,769,400,350.0,33.71545538674,13.221747210486273,28.635807704388
Canon,PowerShot G1X,769,400,350.0,34.730522105149,13.61981259025451,28.76063307955
Canon,PowerShot G1X,769,400,350.0,35.745588823559,14.017877970023134,28.88158106591
Canon,PowerShot G1X,769,400,350.0,36.760655541968,14.415943349791371,28.99887406096
Canon,PowerShot G1X,769,400,350.0,37.775722260378,14.81400872956,29.112715924669
Canon,PowerShot G1X,769,400,350.0,38.790788978787,15.212074109328237,29.223293982311
Canon,PowerShot G1X,769,400,350.0,39.805855697197,15.610139489096863,29.330780764068
Canon,PowerShot G1X,769,400,350.0,40.820922415606,16.008204868865096,29.435335521868
Canon,PowerShot G1X,769,400,350.0,41.835989134016,16.406270248633728,29.537105556799
Canon,PowerShot G1X,769,400,350.0,42.851055852425,16.804335628401958,29.636227384777
Canon,PowerShot G1X,769,400,350.0,43.866122570835,17.20240100817059,29.732827763561
Canon,PowerShot G1X,769,400,350.0,44.881189289244,17.600466387938823,29.827024600417
Canon,PowerShot G1X,769,400,350.0,45.896256007653,17.99853176770706,29.918927756708
Canon,PowerShot G1X,769,400,350.0,46.911322726063,18.396597147475685,30.008639763118
Canon,PowerShot G1X,769,400,350.0,47.926389444472,18.794662527243922,30.096256457177
Canon,PowerShot G1X,769,400,350.0,48.941456162882,19.19272790701255,30.181867552985
Canon,PowerShot G1X,769,400,350.0,49.956522881291,19.590793286780784,30.265557151604
Canon,PowerShot G1X,769,400,350.0,50.971589599701,19.98885866654941,30.347404199384
Canon,PowerShot G1X,769,400,350.0,51.98665631811,20.38692404631765,30.427482900465
Canon,PowerShot G1X,769,400,350.0,53.00172303652,20.784989426086273,30.505863088837
Canon,PowerShot G1X,769,400,350.0,54.016789754929,21.18305480585451,30.582610564637
Canon,PowerShot G1X,769,400,350.0,55.031856473338,21.581120185622744,30.657787398708
Canon,PowerShot G1X,769,400,350.0,56.046923191748,21.979185565391372,30.731452208973
Canon,PowerShot G1X,769,400,350.0,57.061989910157,22.37725094515961,30.803660411665
Canon,PowerShot G1X,769,400,350.0,58.077056628567,22.775316324928234,30.874464450142
Canon,PowerShot G1X,769,400,350.0,59.092123346976,23.17338170469647,30.943914003611
Canon,PowerShot G1X,769,400,350.0,60.107190065386,23.571447084465095,31.012056177869
Canon,PowerShot G1X,769,400,350.0,61.122256783795,23.969512464233333,31.07893567987
Canon,PowerShot G1X,769,400,350.0,62.137323502205,24.36757784400196,31.144594977739
Canon,PowerShot G1X,769,400,350.0,63.152390220614,24.765643223770198,31.209074447675
Canon,PowerShot G1X,769,400,350.0,64.167456939024,25.163708603538826,31.272412508998
Canon,PowerShot G1X,769,400,350.0,65.182523657433,25.561773983307056,31.334645748473
Canon,PowerShot G1X,769,400,350.0,66.197590375842,25.959839363075293,31.395809034925
Canon,PowerShot G1X,769,400,350.0,67.212657094252,26.357904742843917,31.455935625031
Canon,PowerShot G1X,769,400,350.0,68.227723812661,26.755970122612155,31.515057261091
Canon,PowerShot G1X,769,400,350.0,69.242790531071,27.15403550238078,31.573204261504
Canon,PowerShot G1X,769,400,350.0,70.25785724948,27.552100882149016,31.630405604591
Canon,PowerShot G1X,769,400,350.0,71.27292396789,27.950166261917648,31.686689006336
Canon,PowerShot G1X,769,400,350.0,72.287990686299,28.348231641685885,31.742080992574
Canon,PowerShot G1X,769,400,350.0,73.303057404709,28.74629702145451,31.796606966096
Canon,PowerShot G1X,769,400,350.0,74.318124123118,29.144362401222747,31.850291269084
Canon,PowerShot G1X,769,400,350.0,75.333190841527,29.54242778099098,31.903157241278
Canon,PowerShot G1X,769,400,350.0,76.348257559937,29.94049316075961,31.955227274203
Canon,PowerShot G1X,769,400,350.0,77.363324278346,30.338558540527842,32.006522861785
Canon,PowerShot G1X,769,400,350.0,78.378390996756,30.73662392029647,32.057064647626
Canon,PowerShot G1X,769,400,350.0,79.393457715165,31.134689300064704,32.10687246922
Canon,PowerShot G1X,769,400,350.0,80.408524433575,31.53275467983333,32.155965399324
Canon,PowerShot G1X,769,400,350.0,81.423591151984,31.930820059601565,32.204361784715
Canon,PowerShot G1X,769,400,350.0,82.438657870394,32.32888543937019,32.252079282515
Canon,PowerShot G1X,769,400,350.0,83.453724588803,32.72695081913843,32.299134894285
Canon,PowerShot G1X,769,400,350.0,84.468791307212,33.125016198906664,32.345544998028
Canon,PowerShot G1X,769,400,350.0,85.483858025622,33.523081578675296,32.391325378268
Canon,PowerShot G1X,769,400,350.0,86.498924744031,33.92114695844353,32.436491254338
Canon,PowerShot G1X,769,400,350.0,87.513991462441,34.319212338212154,32.481057306999
Canon,PowerShot G1X,769,400,350.0,88.52905818085,34.717277717980394,32.525037703516
Canon,PowerShot G1X,769,400,350.0,89.54412489926,35.11534309774902,32.56844612129
Canon,PowerShot G1X,769,400,350.0,90.559191617669,35.51340847751725,32.611295770142
Canon,PowerShot G1X,769,400,350.0,91.574258336079,35.911473857285884,32.65359941335
Canon,PowerShot G1X,769,400,350.0,92.589325054488,36.30953923705412,32.695369387518
Canon,PowerShot G1X,769,400,350.0,93.604391772897,36.70760461682235,32.736617621343
Canon,PowerShot G1X,769,400,350.0,94.619458491307,37.105669996590976,32.777355653375
Canon,PowerShot G1X,769,400,350.0,95.634525209716,37.50373537635922,32.817594648807
Canon,PowerShot G1X,769,400,350.0,96.649591928126,37.90180075612785,32.857345415385
Canon,PowerShot G1X,769,400,350.0,97.664658646535,38.299866135896075,32.896618418471
Canon,PowerShot G1X,769,400,350.0,98.679725364945,38.697931515664706,32.935423795324
Canon,PowerShot G1X,769,400,350.0,99.694792083354,39.09599689543295,32.973771368643
Canon,PowerShot G1X,769,400,350.0,100.70985880176,39.4940622752,33.011670659424
Canon,PowerShot G1X,769,400,350.0,101.72492552017,39.892127654968625,33.049130899158
Canon,PowerShot G1X,769,400,350.0,102.73999223858,40.29019303473726,33.086161041427
Canon,PowerShot G1X,769,400,350.0,103.75505895699,40.68825841450588,33.122769772923
Canon,PowerShot G1X,769,400,350.0,104.7701256754,41.08632379427451,33.158965523921
Canon,PowerShot G1X,769,400,350.0,105.78519239381,41.48438917404314,33.194756478257
Canon,PowerShot G1X,769,400,350.0,106.80025911222,41.88245455381177,33.230150582806
Canon,PowerShot G1X,769,400,350.0,107.81532583063,42.28051993358039,33.265155556528
Canon,PowerShot G1X,769,400,350.0,108.83039254904,42.67858531334902,33.299778899077
Canon,PowerShot G1X,769,400,350.0,109.84545926745,43.07665069311765,33.334027899006
Canon,PowerShot G1X,769,400,350.0,110.86052598586,43.474716072886274,33.367909641596
Canon,PowerShot G1X,769,400,350.0,111.87559270427,43.872781452654905,33.401431016327
Canon,PowerShot G1X,769,400,350.0,112.89065942268,44.27084683242353,33.434598724002
Canon,PowerShot G1X,769,400,350.0,113.90572614109,44.668912212192154,33.467419283561
Canon,PowerShot G1X,769,400,350.0,114.9207928595,45.066977591960786,33.499899038578
Canon,PowerShot G1X,769,400,350.0,115.93585957791,45.46504297172941,33.532044163478
Canon,PowerShot G1X,769,400,350.0,116.95092629631,45.86310835149412,33.563860669483
Canon,PowerShot G1X,769,400,350.0,117.96599301472,46.261173731262744,33.595354410292
Canon,PowerShot G1X,769,400,350.0,118.98105973313,46.65923911103137,33.626531087521
Canon,PowerShot G1X,769,400,350.0,119.99612645154,47.05730449079999,33.65739625591
Canon,PowerShot G1X,769,400,350.0,121.01119316995,47.45536987056863,33.687955328308
Canon,PowerShot G1X,769,400,350.0,122.02625988836,47.853435250337256,33.71821358045
Canon,PowerShot G1X,769,400,350.0,123.04132660677,48.25150063010588,33.748176155531
Canon,PowerShot G1X,769,400,350.0,124.05639332518,48.649566009874505,33.777848068596
Canon,PowerShot G1X,769,400,350.0,125.07146004359,49.047631389643136,33.807234210746
Canon,PowerShot G1X,769,400,350.0,126.086526762,49.44569676941177,33.836339353177
Canon,PowerShot G1X,769,400,350.0,127.10159348041,49.84376214918039,33.86516815105
Canon,PowerShot G1X,769,400,350.0,128.11666019882,50.241827528949024,33.89372514721
Canon,PowerShot G1X,769,400,350.0,129.13172691723,50.63989290871764,33.922014775761
Canon,PowerShot G1X,769,400,350.0,130.14679363564,51.03795828848627,33.95004136549
Canon,PowerShot G1X,769,400,350.0,131.16186035405,51.43602366825489,33.977809143168
Canon,PowerShot G1X,769,400,350.0,132.17692707246,51.83408904802352,34.005322236716
Canon,PowerShot G1X,769,400,350.0,133.19199379087,52.23215442779215,34.032584678249
Canon,PowerShot G1X,769,400,350.0,134.20706050928,52.630219807560785,34.059600407011
Canon,PowerShot G1X,769,400,350.0,135.22212722768,53.028285187325494,34.086373272191
Canon,PowerShot G1X,769,400,350.0,136.23719394609,53.42635056709412,34.112907035634
Canon,PowerShot G1X,769,400,350.0,137.2522606645,53.82441594686275,34.139205374457
Canon,PowerShot G1X,769,400,350.0,138.26732738291,54.22248132663137,34.165271883557
Canon,PowerShot G1X,769,400,350.0,139.28239410132,54.6205467064,34.191110078042
Canon,PowerShot G1X,769,400,350.0,140.29746081973,55.01861208616863,34.216723395556
Canon,PowerShot G1X,769,400,350.0,141.31252753814,55.41667746593725,34.242115198534
Canon,PowerShot G1X,769,400,350.0,142.32759425655,55.81474284570588,34.267288776368
Canon,PowerShot G1X,769,400,350.0,143.34266097496,56.21280822547452,34.292247347496
Canon,PowerShot G1X,769,400,350.0,144.35772769337,56.61087360524314,34.316994061421
Canon,PowerShot G1X,769,400,350.0,145.37279441178,57.00893898501177,34.341532000655
Canon,PowerShot G1X,769,400,350.0,146.38786113019,57.40700436478039,34.365864182599
Canon,PowerShot G1X,769,400,350.0,147.4029278486,57.80506974454902,34.38999356135
Canon,PowerShot G1X,769,400,350.0,148.41799456701,58.203135124317654,34.413923029453
Canon,PowerShot G1X,769,400,350.0,149.43306128542,58.60120050408627,34.437655419593
Canon,PowerShot G1X,769,400,350.0,150.44812800383,58.9992658838549,34.461193506224
Canon,PowerShot G1X,769,400,350.0,151.46319472224,59.39733126362352,34.484540007145
Canon,PowerShot G1X,769,400,350.0,152.47826144065,59.79539664339215,34.507697585028
Canon,PowerShot G1X,769,400,350.0,153.49332815905,60.19346202315686,34.530668848887
Canon,PowerShot G1X,769,400,350.0,154.50839487746,60.59152740292549,34.553456355505
Canon,PowerShot G1X,769,400,350.0,155.52346159587,60.989592782694125,34.57606261081
Canon,PowerShot G1X,769,400,350.0,156.53852831428,61.38765816246274,34.598490071206
Canon,PowerShot G1X,769,400,350.0,157.55359503269,61.78572354223137,34.620741144865
Canon,PowerShot G1X,769,400,350.0,158.5686617511,62.18378892199999,34.642818192974
Canon,PowerShot G1X,769,400,350.0,159.58372846951,62.58185430176862,34.664723530938
Canon,PowerShot G1X,769,400,350.0,160.59879518792,62.979919681537254,34.686459429555
Canon,PowerShot G1X,769,400,350.0,161.61386190633,63.37798506130588,34.708028116144
Canon,PowerShot G1X,769,400,350.0,162.62892862474,63.77605044107452,34.729431775643
Canon,PowerShot G1X,769,400,350.0,163.64399534315,64.17411582084314,34.750672551669
Canon,PowerShot G1X,769,400,350.0,164.65906206156,64.57218120061177,34.771752547549
Canon,PowerShot G1X,769,400,350.0,165.67412877997,64.9702465803804,34.792673827316
Canon,PowerShot G1X,769,400,350.0,166.68919549838,65.36831196014901,34.813438416677
Canon,PowerShot G1X,769,400,350.0,167.70426221679,65.76637733991765,34.834048303947
Canon,PowerShot G1X,769,400,350.0,168.7193289352,66.16444271968628,34.854505440961
Canon,PowerShot G1X,769,400,350.0,169.73439565361,66.5625080994549,34.874811743953
Canon,PowerShot G1X,769,400,350.0,170.74946237202,66.96057347922353,34.894969094413
Canon,PowerShot G1X,769,400,350.0,171.76452909043,67.35863885899215,34.914979339913
Canon,PowerShot G1X,769,400,350.0,172.77959580883,67.75670423875687,34.934844294916
Canon,PowerShot G1X,769,400,350.0,173.79466252724,68.15476961852549,34.954565741551
Canon,PowerShot G1X,769,400,350.0,174.80972924565,68.55283499829412,34.97414543038
Canon,PowerShot G1X,769,400,350.0,175.82479596406,68.95090037806274,34.993585081127
Canon,PowerShot G1X,769,400,350.0,176.83986268247,69.34896575783137,35.012886383394
Canon,PowerShot G1X,769,400,350.0,177.85492940088,69.7470311376,35.032050997357
Canon,PowerShot G1X,769,400,350.0,178.86999611929,70.14509651736861,35.051080554443
Canon,PowerShot G1X,769,400,350.0,179.8850628377,70.54316189713725,35.069976657977
Canon,PowerShot G1X,769,400,350.0,180.90012955611,70.94122727690588,35.088740883829
Canon,PowerShot G1X,769,400,350.0,181.91519627452,71.33929265667452,35.107374781024
Canon,PowerShot G1X,769,400,350.0,182.93026299293,71.73735803644314,35.125879872349
Canon,PowerShot G1X,769,400,350.0,183.94532971134,72.13542341621176,35.144257654937
Canon,PowerShot G1X,769,400,350.0,184.96039642975,72.53348879598039,35.162509600833
Canon,PowerShot G1X,769,400,350.0,185.97546314816,72.93155417574903,35.180637157549
Canon,PowerShot G1X,769,400,350.0,186.99052986657,73.32961955551764,35.198641748603
Canon,PowerShot G1X,769,400,350.0,188.00559658498,73.72768493528628,35.216524774041
Canon,PowerShot G1X,769,400,350.0,189.02066330339,74.1257503150549,35.234287610944
Canon,PowerShot G1X,769,400,350.0,190.0357300218,74.52381569482353,35.251931613926
Canon,PowerShot G1X,769,400,350.0,191.0507967402,74.92188107458824,35.269458115617
Canon,PowerShot G1X,769,400,350.0,192.06586345861,75.31994645435687,35.28686842713
Canon,PowerShot G1X,769,400,350.0,193.08093017702,75.71801183412549,35.304163838518
Canon,PowerShot G1X,769,400,350.0,194.09599689543,76.11607721389412,35.32134561922
Canon,PowerShot G1X,769,400,350.0,195.11106361384,76.51414259366275,35.338415018493
Canon,PowerShot G1X,769,400,350.0,196.12613033225,76.91220797343136,35.355373265836
Canon,PowerShot G1X,769,400,350.0,197.14119705066,77.3102733532,35.372221571398
Canon,PowerShot G1X,769,400,350.0,198.15626376907,77.70833873296863,35.38896112638
Canon,PowerShot G1X,769,400,350.0,199.17133048748,78.10640411273725,35.405593103425
Canon,PowerShot G1X,769,400,350.0,200.18639720589,78.50446949250588,35.422118656998
Canon,PowerShot G1X,769,400,350.0,201.2014639243,78.9025348722745,35.438538923756
Canon,PowerShot G1X,769,400,350.0,202.21653064271,79.30060025204314,35.45485502291
Canon,PowerShot G1X,769,400,350.0,203.23159736112,79.69866563181178,35.471068056576
Canon,PowerShot G1X,769,400,350.0,204.24666407953,80.09673101158039,35.487179110118
Canon,PowerShot G1X,769,400,350.0,205.26173079794,80.49479639134903,35.503189252483
Canon,PowerShot G1X,769,400,350.0,206.27679751635,80.89286177111765,35.519099536528
Canon,PowerShot G1X,769,400,350.0,207.29186423476,81.29092715088628,35.534910999338
Canon,PowerShot G1X,769,400,350.0,208.30693095317,81.6889925306549,35.550624662535
Canon,PowerShot G1X,769,400,350.0,209.32199767158,82.08705791042352,35.566241532584
Canon,PowerShot G1X,769,400,350.0,210.33706438998,82.48512329018823,35.581762601084
Canon,PowerShot G1X,769,400,350.0,211.35213110839,82.88318866995687,35.597188845062
Canon,PowerShot G1X,769,400,350.0,212.3671978268,83.28125404972549,35.612521227248
Canon,PowerShot G1X,769,400,350.0,213.38226454521,83.67931942949413,35.627760696356
Canon,PowerShot G1X,769,400,350.0,214.39733126362,84.07738480926274,35.642908187348
Canon,PowerShot G1X,769,400,350.0,215.41239798203,84.47545018903138,35.657964621695
Canon,PowerShot G1X,769,400,350.0,216.42746470044,84.8735155688,35.672930907639
Canon,PowerShot G1X,769,400,350.0,217.44253141885,85.27158094856863,35.687807940434
Canon,PowerShot G1X,769,400,350.0,218.45759813726,85.66964632833725,35.702596602596
Canon,PowerShot G1X,769,400,350.0,219.47266485567,86.06771170810588,35.717297764138
Canon,PowerShot G1X,769,400,350.0,220.48773157408,86.4657770878745,35.731912282805
Canon,PowerShot G1X,769,400,350.0,221.50279829249,86.86384246764314,35.746441004298
Canon,PowerShot G1X,769,400,350.0,222.5178650109,87.26190784741176,35.760884762499
Canon,PowerShot G1X,769,400,350.0,223.53293172931,87.6599732271804,35.775244379685
Canon,PowerShot G1X,769,400,350.0,224.54799844772,88.05803860694901,35.789520666742
Canon,PowerShot G1X,769,400,350.0,225.56306516613,88.45610398671765,35.803714423373
Canon,PowerShot G1X,769,400,350.0,226.57813188454,88.85416936648627,35.817826438297
Canon,PowerShot G1X,769,400,350.0,227.59319860295,89.2522347462549,35.831857489452
Canon,PowerShot G1X,769,400,350.0,228.60826532135,89.6503001260196,35.845808344181
Canon,PowerShot G1X,769,400,350.0,229.62333203976,90.04836550578823,35.859679759431
Canon,PowerShot G1X,769,400,350.0,230.63839875817,90.44643088555688,35.873472481928
Canon,PowerShot G1X,769,400,350.0,231.65346547658,90.84449626532549,35.887187248365
Canon,PowerShot G1X,769,400,350.0,232.66853219499,91.24256164509413,35.900824785578
Canon,PowerShot G1X,769,400,350.0,233.6835989134,91.64062702486274,35.914385810714
Canon,PowerShot G1X,769,400,350.0,234.69866563181,92.03869240463138,35.927871031406
Canon,PowerShot G1X,769,400,350.0,235.71373235022,92.4367577844,35.941281145938
Canon,PowerShot G1X,769,400,350.0,236.72879906863,92.83482316416863,35.954616843404
Canon,PowerShot G1X,769,400,350.0,237.74386578704,93.23288854393725,35.967878803867
Canon,PowerShot G1X,769,400,350.0,238.75893250545,93.63095392370589,35.981067698518
Canon,PowerShot G1X,769,400,350.0,239.77399922386,94.0290193034745,35.994184189824
Canon,PowerShot G1X,769,400,350.0,240.78906594227,94.42708468324315,36.007228931678
Canon,PowerShot G1X,769,400,350.0,241.80413266068,94.82515006301176,36.020202569545
Canon,PowerShot G1X,769,400,350.0,242.81919937909,95.2232154427804,36.033105740603
Canon,PowerShot G1X,769,400,350.0,243.8342660975,95.62128082254902,36.045939073884
Canon,PowerShot G1X,769,400,350.0,244.84933281591,96.01934620231765,36.058703190409
Canon,PowerShot G1X,769,400,350.0,245.86439953432,96.41741158208627,36.071398703325
Canon,PowerShot G1X,769,400,350.0,246.87946625272,96.81547696185098,36.08402621803
Canon,PowerShot G1X,769,400,350.0,247.89453297113,97.21354234161961,36.096586332307
Canon,PowerShot G1X,769,400,350.0,248.90959968954,97.61160772138822,36.109079636448
Canon,PowerShot G1X,769,400,350.0,249.92466640795,98.00967310115686,36.121506713375
Canon,PowerShot G1X,769,400,350.0,250.93973312636,98.4077384809255,36.133868138763
Canon,PowerShot G1X,769,400,350.0,251.95479984477,98.80580386069411,36.146164481155
Canon,PowerShot G1X,769,400,350.0,252.96986656318,99.20386924046275,36.158396302083
Canon,PowerShot G1X,769,400,350.0,253.98493328159,99.60193462023138,36.170564156176
Canon,PowerShot G1X,769,400,350.0,255,100.0,36.182668591272
Canon,PowerShot G1X,769,800,703.0,0.32156172428339,0.12610263697387844,0
Canon,PowerShot G1X,769,800,703.0,0.45943357495852,0.18017002939549803,2.6329485903216
Canon,PowerShot G1X,769,800,703.0,0.96916800057978,0.3800658825803059,7.7285001277172
Canon,PowerShot G1X,769,800,703.0,2.02747202756,0.7950870696313725,12.183910274516
Canon,PowerShot G1X,769,800,703.0,3.2634538344565,1.2797858174339216,14.78209714654
Canon,PowerShot G1X,769,800,703.0,4.278520552866,1.677851197202353,16.181968616914
Canon,PowerShot G1X,769,800,703.0,5.2935872712754,2.075916576970745,17.249029732814
Canon,PowerShot G1X,769,800,703.0,6.3086539896849,2.4739819567391765,18.109075083597
Canon,PowerShot G1X,769,800,703.0,7.3237207080943,2.8720473365075687,18.828352692378
Canon,PowerShot G1X,769,800,703.0,8.3387874265038,3.2701127162759995,19.445886134762
Canon,PowerShot G1X,769,800,703.0,9.3538541449132,3.668178096044392,19.986538165725
Canon,PowerShot G1X,769,800,703.0,10.368920863323,4.066243475812941,20.467097672137
Canon,PowerShot G1X,769,800,703.0,11.383987581732,4.4643088555811765,20.899421754073
Canon,PowerShot G1X,769,800,703.0,12.399054300142,4.8623742353498045,21.292188663683
Canon,PowerShot G1X,769,800,703.0,13.414121018551,5.260439615118039,21.651937362097
Canon,PowerShot G1X,769,800,703.0,14.42918773696,5.6585049948862745,21.983715227235
Canon,PowerShot G1X,769,800,703.0,15.44425445537,6.0565703746549024,22.29149841887
Canon,PowerShot G1X,769,800,703.0,16.459321173779,6.454635754423137,22.578474212773
Canon,PowerShot G1X,769,800,703.0,17.474387892189,6.852701134191765,22.847236251989
Canon,PowerShot G1X,769,800,703.0,18.489454610598,7.2507665139599995,23.09992302383
Canon,PowerShot G1X,769,800,703.0,19.504521329008,7.6488318937286275,23.338318254558
Canon,PowerShot G1X,769,800,703.0,20.519588047417,8.046897273496862,23.563925116253
Canon,PowerShot G1X,769,800,703.0,21.534654765827,8.44496265326549,23.77802202556
Canon,PowerShot G1X,769,800,703.0,22.549721484236,8.843028033033724,23.981705247941
Canon,PowerShot G1X,769,800,703.0,23.564788202646,9.241093412802352,24.175921877824
Canon,PowerShot G1X,769,800,703.0,24.579854921055,9.639158792570587,24.361495687659
Canon,PowerShot G1X,769,800,703.0,25.594921639464,10.037224172338824,24.539147617436
Canon,PowerShot G1X,769,800,703.0,26.609988357874,10.43528955210745,24.709512183634
Canon,PowerShot G1X,769,800,703.0,27.625055076283,10.833354931875688,24.873150744459
Canon,PowerShot G1X,769,800,703.0,28.640121794693,11.231420311644314,25.030562316747
Canon,PowerShot G1X,769,800,703.0,29.655188513102,11.62948569141255,25.18219246699
Canon,PowerShot G1X,769,800,703.0,30.670255231512,12.027551071181177,25.328440673439
Canon,PowerShot G1X,769,800,703.0,31.685321949921,12.425616450949411,25.469666464025
Canon,PowerShot G1X,769,800,703.0,32.700388668331,12.823681830718039,25.606194566321
Canon,PowerShot G1X,769,800,703.0,33.71545538674,13.221747210486273,25.738319254264
Canon,PowerShot G1X,769,800,703.0,34.730522105149,13.61981259025451,25.866308037314
Canon,PowerShot G1X,769,800,703.0,35.745588823559,14.017877970023134,25.990404807836
Canon,PowerShot G1X,769,800,703.0,36.760655541968,14.415943349791371,26.11083253939
Canon,PowerShot G1X,769,800,703.0,37.775722260378,14.81400872956,26.227795610636
Canon,PowerShot G1X,769,800,703.0,38.790788978787,15.212074109328237,26.341481815475
Canon,PowerShot G1X,769,800,703.0,39.805855697197,15.610139489096863,26.452064108884
Canon,PowerShot G1X,769,800,703.0,40.820922415606,16.008204868865096,26.559702129066
Canon,PowerShot G1X,769,800,703.0,41.835989134016,16.406270248633728,26.664543529422
Canon,PowerShot G1X,769,800,703.0,42.851055852425,16.804335628401958,26.766725148144
Canon,PowerShot G1X,769,800,703.0,43.866122570835,17.20240100817059,26.866374038619
Canon,PowerShot G1X,769,800,703.0,44.881189289244,17.600466387938823,26.963608380032
Canon,PowerShot G1X,769,800,703.0,45.896256007653,17.99853176770706,27.05853828451
Canon,PowerShot G1X,769,800,703.0,46.911322726063,18.396597147475685,27.15126651458
Canon,PowerShot G1X,769,800,703.0,47.926389444472,18.794662527243922,27.241889122642
Canon,PowerShot G1X,769,800,703.0,48.941456162882,19.19272790701255,27.33049602241
Canon,PowerShot G1X,769,800,703.0,49.956522881291,19.590793286780784,27.417171500813
Canon,PowerShot G1X,769,800,703.0,50.971589599701,19.98885866654941,27.501994677648
Canon,PowerShot G1X,769,800,703.0,51.98665631811,20.38692404631765,27.585039919265
Canon,PowerShot G1X,769,800,703.0,53.00172303652,20.784989426086273,27.666377211672
Canon,PowerShot G1X,769,800,703.0,54.016789754929,21.18305480585451,27.746072497754
Canon,PowerShot G1X,769,800,703.0,55.031856473338,21.581120185622744,27.824187982672
Canon,PowerShot G1X,769,800,703.0,56.046923191748,21.979185565391372,27.900782410965
Canon,PowerShot G1X,769,800,703.0,57.061989910157,22.37725094515961,27.975911318453
Canon,PowerShot G1X,769,800,703.0,58.077056628567,22.775316324928234,28.049627261635
Canon,PowerShot G1X,769,800,703.0,59.092123346976,23.17338170469647,28.121980026955
Canon,PowerShot G1X,769,800,703.0,60.107190065386,23.571447084465095,28.193016822018
Canon,PowerShot G1X,769,800,703.0,61.122256783795,23.969512464233333,28.262782450592
Canon,PowerShot G1X,769,800,703.0,62.137323502205,24.36757784400196,28.331319473016
Canon,PowerShot G1X,769,800,703.0,63.152390220614,24.765643223770198,28.398668353453
Canon,PowerShot G1X,769,800,703.0,64.167456939024,25.163708603538826,28.464867595259
Canon,PowerShot G1X,769,800,703.0,65.182523657433,25.561773983307056,28.529953865604
Canon,PowerShot G1X,769,800,703.0,66.197590375842,25.959839363075293,28.593962110344
Canon,PowerShot G1X,769,800,703.0,67.212657094252,26.357904742843917,28.65692566006
Canon,PowerShot G1X,769,800,703.0,68.227723812661,26.755970122612155,28.718876328049
Canon,PowerShot G1X,769,800,703.0,69.242790531071,27.15403550238078,28.779844500999
Canon,PowerShot G1X,769,800,703.0,70.25785724948,27.552100882149016,28.839859223
Canon,PowerShot G1X,769,800,703.0,71.27292396789,27.950166261917648,28.898948273448
Canon,PowerShot G1X,769,800,703.0,72.287990686299,28.348231641685885,28.957138239394
Canon,PowerShot G1X,769,800,703.0,73.303057404709,28.74629702145451,29.014454582785
Canon,PowerShot G1X,769,800,703.0,74.318124123118,29.144362401222747,29.070921703037
Canon,PowerShot G1X,769,800,703.0,75.333190841527,29.54242778099098,29.126562995314
Canon,PowerShot G1X,769,800,703.0,76.348257559937,29.94049316075961,29.181400904873
Canon,PowerShot G1X,769,800,703.0,77.363324278346,30.338558540527842,29.235456977776
Canon,PowerShot G1X,769,800,703.0,78.378390996756,30.73662392029647,29.288751908265
Canon,PowerShot G1X,769,800,703.0,79.393457715165,31.134689300064704,29.341305583062
Canon,PowerShot G1X,769,800,703.0,80.408524433575,31.53275467983333,29.393137122823
Canon,PowerShot G1X,769,800,703.0,81.423591151984,31.930820059601565,29.444264920965
Canon,PowerShot G1X,769,800,703.0,82.438657870394,32.32888543937019,29.494706680071
Canon,PowerShot G1X,769,800,703.0,83.453724588803,32.72695081913843,29.544479446035
Canon,PowerShot G1X,769,800,703.0,84.468791307212,33.125016198906664,29.593599640136
Canon,PowerShot G1X,769,800,703.0,85.483858025622,33.523081578675296,29.642083089168
Canon,PowerShot G1X,769,800,703.0,86.498924744031,33.92114695844353,29.689945053778
Canon,PowerShot G1X,769,800,703.0,87.513991462441,34.319212338212154,29.737200255141
Canon,PowerShot G1X,769,800,703.0,88.52905818085,34.717277717980394,29.783862900072
Canon,PowerShot G1X,769,800,703.0,89.54412489926,35.11534309774902,29.829946704705
Canon,PowerShot G1X,769,800,703.0,90.559191617669,35.51340847751725,29.875464916818
Canon,PowerShot G1X,769,800,703.0,91.574258336079,35.911473857285884,29.920430336905
Canon,PowerShot G1X,769,800,703.0,92.589325054488,36.30953923705412,29.964855338076
Canon,PowerShot G1X,769,800,703.0,93.604391772897,36.70760461682235,30.008751884864
Canon,PowerShot G1X,769,800,703.0,94.619458491307,37.105669996590976,30.052131551005
Canon,PowerShot G1X,769,800,703.0,95.634525209716,37.50373537635922,30.09500553627
Canon,PowerShot G1X,769,800,703.0,96.649591928126,37.90180075612785,30.137384682388
Canon,PowerShot G1X,769,800,703.0,97.664658646535,38.299866135896075,30.179279488143
Canon,PowerShot G1X,769,800,703.0,98.679725364945,38.697931515664706,30.220700123674
Canon,PowerShot G1X,769,800,703.0,99.694792083354,39.09599689543295,30.261656444045
Canon,PowerShot G1X,769,800,703.0,100.70985880176,39.4940622752,30.302158002117
Canon,PowerShot G1X,769,800,703.0,101.72492552017,39.892127654968625,30.342214060771
Canon,PowerShot G1X,769,800,703.0,102.73999223858,40.29019303473726,30.381833604519
Canon,PowerShot G1X,769,800,703.0,103.75505895699,40.68825841450588,30.421025350542
Canon,PowerShot G1X,769,800,703.0,104.7701256754,41.08632379427451,30.45979775918
Canon,PowerShot G1X,769,800,703.0,105.78519239381,41.48438917404314,30.498159043921
Canon,PowerShot G1X,769,800,703.0,106.80025911222,41.88245455381177,30.536117180906
Canon,PowerShot G1X,769,800,703.0,107.81532583063,42.28051993358039,30.573679917975
Canon,PowerShot G1X,769,800,703.0,108.83039254904,42.67858531334902,30.610854783294
Canon,PowerShot G1X,769,800,703.0,109.84545926745,43.07665069311765,30.647649093577
Canon,PowerShot G1X,769,800,703.0,110.86052598586,43.474716072886274,30.684069961924
Canon,PowerShot G1X,769,800,703.0,111.87559270427,43.872781452654905,30.720124305299
Canon,PowerShot G1X,769,800,703.0,112.89065942268,44.27084683242353,30.755818851675
Canon,PowerShot G1X,769,800,703.0,113.90572614109,44.668912212192154,30.791160146844
Canon,PowerShot G1X,769,800,703.0,114.9207928595,45.066977591960786,30.826154560937
Canon,PowerShot G1X,769,800,703.0,115.93585957791,45.46504297172941,30.860808294643
Canon,PowerShot G1X,769,800,703.0,116.95092629631,45.86310835149412,30.895127385165
Canon,PowerShot G1X,769,800,703.0,117.96599301472,46.261173731262744,30.92911771191
Canon,PowerShot G1X,769,800,703.0,118.98105973313,46.65923911103137,30.962785001936
Canon,PowerShot G1X,769,800,703.0,119.99612645154,47.05730449079999,30.996134835163
Canon,PowerShot G1X,769,800,703.0,121.01119316995,47.45536987056863,31.029172649374
Canon,PowerShot G1X,769,800,703.0,122.02625988836,47.853435250337256,31.061903744987
Canon,PowerShot G1X,769,800,703.0,123.04132660677,48.25150063010588,31.094333289647
Canon,PowerShot G1X,769,800,703.0,124.05639332518,48.649566009874505,31.126466322615
Canon,PowerShot G1X,769,800,703.0,125.07146004359,49.047631389643136,31.158307758984
Canon,PowerShot G1X,769,800,703.0,126.086526762,49.44569676941177,31.189862393718
Canon,PowerShot G1X,769,800,703.0,127.10159348041,49.84376214918039,31.221134905535
Canon,PowerShot G1X,769,800,703.0,128.11666019882,50.241827528949024,31.252129860629
Canon,PowerShot G1X,769,800,703.0,129.13172691723,50.63989290871764,31.282851716244
Canon,PowerShot G1X,769,800,703.0,130.14679363564,51.03795828848627,31.313304824111
Canon,PowerShot G1X,769,800,703.0,131.16186035405,51.43602366825489,31.343493433749
Canon,PowerShot G1X,769,800,703.0,132.17692707246,51.83408904802352,31.373421695637
Canon,PowerShot G1X,769,800,703.0,133.19199379087,52.23215442779215,31.403093664261
Canon,PowerShot G1X,769,800,703.0,134.20706050928,52.630219807560785,31.432513301056
Canon,PowerShot G1X,769,800,703.0,135.22212722768,53.028285187325494,31.461684477221
Canon,PowerShot G1X,769,800,703.0,136.23719394609,53.42635056709412,31.490610976438
Canon,PowerShot G1X,769,800,703.0,137.2522606645,53.82441594686275,31.519296497489
Canon,PowerShot G1X,769,800,703.0,138.26732738291,54.22248132663137,31.547744656772
Canon,PowerShot G1X,769,800,703.0,139.28239410132,54.6205467064,31.575958990728
Canon,PowerShot G1X,769,800,703.0,140.29746081973,55.01861208616863,31.603942958175
Canon,PowerShot G1X,769,800,703.0,141.31252753814,55.41667746593725,31.631699942566
Canon,PowerShot G1X,769,800,703.0,142.32759425655,55.81474284570588,31.659233254152
Canon,PowerShot G1X,769,800,703.0,143.34266097496,56.21280822547452,31.686546132082
Canon,PowerShot G1X,769,800,703.0,144.35772769337,56.61087360524314,31.713641746421
Canon,PowerShot G1X,769,800,703.0,145.37279441178,57.00893898501177,31.740523200095
Canon,PowerShot G1X,769,800,703.0,146.38786113019,57.40700436478039,31.767193530774
Canon,PowerShot G1X,769,800,703.0,147.4029278486,57.80506974454902,31.793655712685
Canon,PowerShot G1X,769,800,703.0,148.41799456701,58.203135124317654,31.819912658364
Canon,PowerShot G1X,769,800,703.0,149.43306128542,58.60120050408627,31.845967220351
Canon,PowerShot G1X,769,800,703.0,150.44812800383,58.9992658838549,31.871822192817
Canon,PowerShot G1X,769,800,703.0,151.46319472224,59.39733126362352,31.897480313152
Canon,PowerShot G1X,769,800,703.0,152.47826144065,59.79539664339215,31.922944263484
Canon,PowerShot G1X,769,800,703.0,153.49332815905,60.19346202315686,31.948216672158
Canon,PowerShot G1X,769,800,703.0,154.50839487746,60.59152740292549,31.973300115159
Canon,PowerShot G1X,769,800,703.0,155.52346159587,60.989592782694125,31.998197117495
Canon,PowerShot G1X,769,800,703.0,156.53852831428,61.38765816246274,32.02291015453
Canon,PowerShot G1X,769,800,703.0,157.55359503269,61.78572354223137,32.047441653272
Canon,PowerShot G1X,769,800,703.0,158.5686617511,62.18378892199999,32.071793993625
Canon,PowerShot G1X,769,800,703.0,159.58372846951,62.58185430176862,32.095969509598
Canon,PowerShot G1X,769,800,703.0,160.59879518792,62.979919681537254,32.119970490475
Canon,PowerShot G1X,769,800,703.0,161.61386190633,63.37798506130588,32.143799181948
Canon,PowerShot G1X,769,800,703.0,162.62892862474,63.77605044107452,32.167457787215
Canon,PowerShot G1X,769,800,703.0,163.64399534315,64.17411582084314,32.190948468044
Canon,PowerShot G1X,769,800,703.0,164.65906206156,64.57218120061177,32.214273345801
Canon,PowerShot G1X,769,800,703.0,165.67412877997,64.9702465803804,32.237434502455
Canon,PowerShot G1X,769,800,703.0,166.68919549838,65.36831196014901,32.260433981537
Canon,PowerShot G1X,769,800,703.0,167.70426221679,65.76637733991765,32.283273789086
Canon,PowerShot G1X,769,800,703.0,168.7193289352,66.16444271968628,32.305955894554
Canon,PowerShot G1X,769,800,703.0,169.73439565361,66.5625080994549,32.328482231692
Canon,PowerShot G1X,769,800,703.0,170.74946237202,66.96057347922353,32.350854699402
Canon,PowerShot G1X,769,800,703.0,171.76452909043,67.35863885899215,32.373075162574
Canon,PowerShot G1X,769,800,703.0,172.77959580883,67.75670423875687,32.395145452883
Canon,PowerShot G1X,769,800,703.0,173.79466252724,68.15476961852549,32.417067369582
Canon,PowerShot G1X,769,800,703.0,174.80972924565,68.55283499829412,32.43884268025
Canon,PowerShot G1X,769,800,703.0,175.82479596406,68.95090037806274,32.460473121538
Canon,PowerShot G1X,769,800,703.0,176.83986268247,69.34896575783137,32.481960399882
Canon,PowerShot G1X,769,800,703.0,177.85492940088,69.7470311376,32.503306192197
Canon,PowerShot G1X,769,800,703.0,178.86999611929,70.14509651736861,32.524512146555
Canon,PowerShot G1X,769,800,703.0,179.8850628377,70.54316189713725,32.545579882839
Canon,PowerShot G1X,769,800,703.0,180.90012955611,70.94122727690588,32.566510993381
Canon,PowerShot G1X,769,800,703.0,181.91519627452,71.33929265667452,32.587307043585
Canon,PowerShot G1X,769,800,703.0,182.93026299293,71.73735803644314,32.607969572524
Canon,PowerShot G1X,769,800,703.0,183.94532971134,72.13542341621176,32.628500093532
Canon,PowerShot G1X,769,800,703.0,184.96039642975,72.53348879598039,32.648900094767
Canon,PowerShot G1X,769,800,703.0,185.97546314816,72.93155417574903,32.66917103977
Canon,PowerShot G1X,769,800,703.0,186.99052986657,73.32961955551764,32.689314368001
Canon,PowerShot G1X,769,800,703.0,188.00559658498,73.72768493528628,32.709331495365
Canon,PowerShot G1X,769,800,703.0,189.02066330339,74.1257503150549,32.729223814719
Canon,PowerShot G1X,769,800,703.0,190.0357300218,74.52381569482353,32.748992696373
Canon,PowerShot G1X,769,800,703.0,191.0507967402,74.92188107458824,32.768639488567
Canon,PowerShot G1X,769,800,703.0,192.06586345861,75.31994645435687,32.788165517944
Canon,PowerShot G1X,769,800,703.0,193.08093017702,75.71801183412549,32.807572090011
Canon,PowerShot G1X,769,800,703.0,194.09599689543,76.11607721389412,32.826860489578
Canon,PowerShot G1X,769,800,703.0,195.11106361384,76.51414259366275,32.846031981195
Canon,PowerShot G1X,769,800,703.0,196.12613033225,76.91220797343136,32.865087809576
Canon,PowerShot G1X,769,800,703.0,197.14119705066,77.3102733532,32.88402920001
Canon,PowerShot G1X,769,800,703.0,198.15626376907,77.70833873296863,32.902857358758
Canon,PowerShot G1X,769,800,703.0,199.17133048748,78.10640411273725,32.921573473452
Canon,PowerShot G1X,769,800,703.0,200.18639720589,78.50446949250588,32.940178713465
Canon,PowerShot G1X,769,800,703.0,201.2014639243,78.9025348722745,32.958674230293
Canon,PowerShot G1X,769,800,703.0,202.21653064271,79.30060025204314,32.977061157908
Canon,PowerShot G1X,769,800,703.0,203.23159736112,79.69866563181178,32.995340613116
Canon,PowerShot G1X,769,800,703.0,204.24666407953,80.09673101158039,33.013513695898
Canon,PowerShot G1X,769,800,703.0,205.26173079794,80.49479639134903,33.031581489747
Canon,PowerShot G1X,769,800,703.0,206.27679751635,80.89286177111765,33.049545061993
Canon,PowerShot G1X,769,800,703.0,207.29186423476,81.29092715088628,33.067405464123
Canon,PowerShot G1X,769,800,703.0,208.30693095317,81.6889925306549,33.085163732093
Canon,PowerShot G1X,769,800,703.0,209.32199767158,82.08705791042352,33.102820886631
Canon,PowerShot G1X,769,800,703.0,210.33706438998,82.48512329018823,33.120377933529
Canon,PowerShot G1X,769,800,703.0,211.35213110839,82.88318866995687,33.13783586394
Canon,PowerShot G1X,769,800,703.0,212.3671978268,83.28125404972549,33.155195654652
Canon,PowerShot G1X,769,800,703.0,213.38226454521,83.67931942949413,33.172458268368
Canon,PowerShot G1X,769,800,703.0,214.39733126362,84.07738480926274,33.189624653973
Canon,PowerShot G1X,769,800,703.0,215.41239798203,84.47545018903138,33.206695746798
Canon,PowerShot G1X,769,800,703.0,216.42746470044,84.8735155688,33.223672468871
Canon,PowerShot G1X,769,800,703.0,217.44253141885,85.27158094856863,33.240555729175
Canon,PowerShot G1X,769,800,703.0,218.45759813726,85.66964632833725,33.257346423885
Canon,PowerShot G1X,769,800,703.0,219.47266485567,86.06771170810588,33.274045436612
Canon,PowerShot G1X,769,800,703.0,220.48773157408,86.4657770878745,33.290653638631
Canon,PowerShot G1X,769,800,703.0,221.50279829249,86.86384246764314,33.307171889113
Canon,PowerShot G1X,769,800,703.0,222.5178650109,87.26190784741176,33.323601035346
Canon,PowerShot G1X,769,800,703.0,223.53293172931,87.6599732271804,33.33994191295
Canon,PowerShot G1X,769,800,703.0,224.54799844772,88.05803860694901,33.356195346094
Canon,PowerShot G1X,769,800,703.0,225.56306516613,88.45610398671765,33.372362147699
Canon,PowerShot G1X,769,800,703.0,226.57813188454,88.85416936648627,33.388443119643
Canon,PowerShot G1X,769,800,703.0,227.59319860295,89.2522347462549,33.404439052961
Canon,PowerShot G1X,769,800,703.0,228.60826532135,89.6503001260196,33.420350728037
Canon,PowerShot G1X,769,800,703.0,229.62333203976,90.04836550578823,33.436178914791
Canon,PowerShot G1X,769,800,703.0,230.63839875817,90.44643088555688,33.451924372872
Canon,PowerShot G1X,769,800,703.0,231.65346547658,90.84449626532549,33.46758785183
Canon,PowerShot G1X,769,800,703.0,232.66853219499,91.24256164509413,33.4831700913
Canon,PowerShot G1X,769,800,703.0,233.6835989134,91.64062702486274,33.498671821175
Canon,PowerShot G1X,769,800,703.0,234.69866563181,92.03869240463138,33.514093761771
Canon,PowerShot G1X,769,800,703.0,235.71373235022,92.4367577844,33.529436624
Canon,PowerShot G1X,769,800,703.0,236.72879906863,92.83482316416863,33.544701109524
Canon,PowerShot G1X,769,800,703.0,237.74386578704,93.23288854393725,33.559887910923
Canon,PowerShot G1X,769,800,703.0,238.75893250545,93.63095392370589,33.574997711844
Canon,PowerShot G1X,769,800,703.0,239.77399922386,94.0290193034745,33.590031187155
Canon,PowerShot G1X,769,800,703.0,240.78906594227,94.42708468324315,33.604989003095
Canon,PowerShot G1X,769,800,703.0,241.80413266068,94.82515006301176,33.619871817421
Canon,PowerShot G1X,769,800,703.0,242.81919937909,95.2232154427804,33.634680279546
Canon,PowerShot G1X,769,800,703.0,243.8342660975,95.62128082254902,33.649415030685
Canon,PowerShot G1X,769,800,703.0,244.84933281591,96.01934620231765,33.664076703986
Canon,PowerShot G1X,769,800,703.0,245.86439953432,96.41741158208627,33.67866592467
Canon,PowerShot G1X,769,800,703.0,246.87946625272,96.81547696185098,33.693183310156
Canon,PowerShot G1X,769,800,703.0,247.89453297113,97.21354234161961,33.707629470195
Canon,PowerShot G1X,769,800,703.0,248.90959968954,97.61160772138822,33.722005006992
Canon,PowerShot G1X,769,800,703.0,249.92466640795,98.00967310115686,33.736310515334
Canon,PowerShot G1X,769,800,703.0,250.93973312636,98.4077384809255,33.750546582705
Canon,PowerShot G1X,769,800,703.0,251.95479984477,98.80580386069411,33.764713789409
Canon,PowerShot G1X,769,800,703.0,252.96986656318,99.20386924046275,33.778812708684
Canon,PowerShot G1X,769,800,703.0,253.98493328159,99.60193462023138,33.792843906816
Canon,PowerShot G1X,769,800,703.0,255,100.0,33.80680794325
Canon,PowerShot G1X,769,1600,1366.0,0.45943357495852,0.18017002939549803,0
Canon,PowerShot G1X,769,1600,1366.0,0.96916800057978,0.3800658825803059,5.0202864775617
Canon,PowerShot G1X,769,1600,1366.0,2.02747202756,0.7950870696313725,9.4057801667176
Canon,PowerShot G1X,769,1600,1366.0,3.2634538344565,1.2797858174339216,11.96938135335
Canon,PowerShot G1X,769,1600,1366.0,4.278520552866,1.677851197202353,13.354321466276
Canon,PowerShot G1X,769,1600,1366.0,5.2935872712754,2.075916576970745,14.412145328751
Canon,PowerShot G1X,769,1600,1366.0,6.3086539896849,2.4739819567391765,15.2662255735
Canon,PowerShot G1X,769,1600,1366.0,7.3237207080943,2.8720473365075687,15.98159066751
Canon,PowerShot G1X,769,1600,1366.0,8.3387874265038,3.2701127162759995,16.59658323703
Canon,PowerShot G1X,769,1600,1366.0,9.3538541449132,3.668178096044392,17.135655920466
Canon,PowerShot G1X,769,1600,1366.0,10.368920863323,4.066243475812941,17.615335851651
Canon,PowerShot G1X,769,1600,1366.0,11.383987581732,4.4643088555811765,18.047305216372
Canon,PowerShot G1X,769,1600,1366.0,12.399054300142,4.8623742353498045,18.440120938183
Canon,PowerShot G1X,769,1600,1366.0,13.414121018551,5.260439615118039,18.800235175538
Canon,PowerShot G1X,769,1600,1366.0,14.42918773696,5.6585049948862745,19.132631564756
Canon,PowerShot G1X,769,1600,1366.0,15.44425445537,6.0565703746549024,19.44123840423
Canon,PowerShot G1X,769,1600,1366.0,16.459321173779,6.454635754423137,19.729206333606
Canon,PowerShot G1X,769,1600,1366.0,17.474387892189,6.852701134191765,19.999100476839
Canon,PowerShot G1X,769,1600,1366.0,18.489454610598,7.2507665139599995,20.253036789545
Canon,PowerShot G1X,769,1600,1366.0,19.504521329008,7.6488318937286275,20.49278096112
Canon,PowerShot G1X,769,1600,1366.0,20.519588047417,8.046897273496862,20.719821554312
Canon,PowerShot G1X,769,1600,1366.0,21.534654765827,8.44496265326549,20.935425027014
Canon,PowerShot G1X,769,1600,1366.0,22.549721484236,8.843028033033724,21.140677761732
Canon,PowerShot G1X,769,1600,1366.0,23.564788202646,9.241093412802352,21.336518614302
Canon,PowerShot G1X,769,1600,1366.0,24.579854921055,9.639158792570587,21.523764434825
Canon,PowerShot G1X,769,1600,1366.0,25.594921639464,10.037224172338824,21.703130304613
Canon,PowerShot G1X,769,1600,1366.0,26.609988357874,10.43528955210745,21.875245748578
Canon,PowerShot G1X,769,1600,1366.0,27.625055076283,10.833354931875688,22.040667845943
Canon,PowerShot G1X,769,1600,1366.0,28.640121794693,11.231420311644314,22.199891924522
Canon,PowerShot G1X,769,1600,1366.0,29.655188513102,11.62948569141255,22.353360353609
Canon,PowerShot G1X,769,1600,1366.0,30.670255231512,12.027551071181177,22.501469826889
Canon,PowerShot G1X,769,1600,1366.0,31.685321949921,12.425616450949411,22.644577436009
Canon,PowerShot G1X,769,1600,1366.0,32.700388668331,12.823681830718039,22.783005767852
Canon,PowerShot G1X,769,1600,1366.0,33.71545538674,13.221747210486273,22.917047207857
Canon,PowerShot G1X,769,1600,1366.0,34.730522105149,13.61981259025451,23.046967593215
Canon,PowerShot G1X,769,1600,1366.0,35.745588823559,14.017877970023134,23.173009330258
Canon,PowerShot G1X,769,1600,1366.0,36.760655541968,14.415943349791371,23.29539406762
Canon,PowerShot G1X,769,1600,1366.0,37.775722260378,14.81400872956,23.414324998976
Canon,PowerShot G1X,769,1600,1366.0,38.790788978787,15.212074109328237,23.52998885526
Canon,PowerShot G1X,769,1600,1366.0,39.805855697197,15.610139489096863,23.642557635271
Canon,PowerShot G1X,769,1600,1366.0,40.820922415606,16.008204868865096,23.752190114817
Canon,PowerShot G1X,769,1600,1366.0,41.835989134016,16.406270248633728,23.859033167532
Canon,PowerShot G1X,769,1600,1366.0,42.851055852425,16.804335628401958,23.963222924875
Canon,PowerShot G1X,769,1600,1366.0,43.866122570835,17.20240100817059,24.06488579824
Canon,PowerShot G1X,769,1600,1366.0,44.881189289244,17.600466387938823,24.164139382376
Canon,PowerShot G1X,769,1600,1366.0,45.896256007653,17.99853176770706,24.261093256276
Canon,PowerShot G1X,769,1600,1366.0,46.911322726063,18.396597147475685,24.355849695188
Canon,PowerShot G1X,769,1600,1366.0,47.926389444472,18.794662527243922,24.448504305312
Canon,PowerShot G1X,769,1600,1366.0,48.941456162882,19.19272790701255,24.539146591051
Canon,PowerShot G1X,769,1600,1366.0,49.956522881291,19.590793286780784,24.627860463226
Canon,PowerShot G1X,769,1600,1366.0,50.971589599701,19.98885866654941,24.714724695481
Canon,PowerShot G1X,769,1600,1366.0,51.98665631811,20.38692404631765,24.79981333508
Canon,PowerShot G1X,769,1600,1366.0,53.00172303652,20.784989426086273,24.883196073466
Canon,PowerShot G1X,769,1600,1366.0,54.016789754929,21.18305480585451,24.96493858121
Canon,PowerShot G1X,769,1600,1366.0,55.031856473338,21.581120185622744,25.045102811386
Canon,PowerShot G1X,769,1600,1366.0,56.046923191748,21.979185565391372,25.123747274864
Canon,PowerShot G1X,769,1600,1366.0,57.061989910157,22.37725094515961,25.200927290606
Canon,PowerShot G1X,769,1600,1366.0,58.077056628567,22.775316324928234,25.276695213604
Canon,PowerShot G1X,769,1600,1366.0,59.092123346976,23.17338170469647,25.351100642856
Canon,PowerShot G1X,769,1600,1366.0,60.107190065386,23.571447084465095,25.424190611401
Canon,PowerShot G1X,769,1600,1366.0,61.122256783795,23.969512464233333,25.496009760269
Canon,PowerShot G1X,769,1600,1366.0,62.137323502205,24.36757784400196,25.566600497934
Canon,PowerShot G1X,769,1600,1366.0,63.152390220614,24.765643223770198,25.636003146702
Canon,PowerShot G1X,769,1600,1366.0,64.167456939024,25.163708603538826,25.704256077301
Canon,PowerShot G1X,769,1600,1366.0,65.182523657433,25.561773983307056,25.771395832787
Canon,PowerShot G1X,769,1600,1366.0,66.197590375842,25.959839363075293,25.837457242773
Canon,PowerShot G1X,769,1600,1366.0,67.212657094252,26.357904742843917,25.902473528879
Canon,PowerShot G1X,769,1600,1366.0,68.227723812661,26.755970122612155,25.966476402186
Canon,PowerShot G1X,769,1600,1366.0,69.242790531071,27.15403550238078,26.029496153426
Canon,PowerShot G1X,769,1600,1366.0,70.25785724948,27.552100882149016,26.091561736536
Canon,PowerShot G1X,769,1600,1366.0,71.27292396789,27.950166261917648,26.152700846163
Canon,PowerShot G1X,769,1600,1366.0,72.287990686299,28.348231641685885,26.212939989626
Canon,PowerShot G1X,769,1600,1366.0,73.303057404709,28.74629702145451,26.272304553824
Canon,PowerShot G1X,769,1600,1366.0,74.318124123118,29.144362401222747,26.330818867482
Canon,PowerShot G1X,769,1600,1366.0,75.333190841527,29.54242778099098,26.388506259145
Canon,PowerShot G1X,769,1600,1366.0,76.348257559937,29.94049316075961,26.445389111249
Canon,PowerShot G1X,769,1600,1366.0,77.363324278346,30.338558540527842,26.501488910589
Canon,PowerShot G1X,769,1600,1366.0,78.378390996756,30.73662392029647,26.556826295466
Canon,PowerShot G1X,769,1600,1366.0,79.393457715165,31.134689300064704,26.611421099773
Canon,PowerShot G1X,769,1600,1366.0,80.408524433575,31.53275467983333,26.665292394254
Canon,PowerShot G1X,769,1600,1366.0,81.423591151984,31.930820059601565,26.718458525154
Canon,PowerShot G1X,769,1600,1366.0,82.438657870394,32.32888543937019,26.770937150447
Canon,PowerShot G1X,769,1600,1366.0,83.453724588803,32.72695081913843,26.822745273839
Canon,PowerShot G1X,769,1600,1366.0,84.468791307212,33.125016198906664,26.873899276683
Canon,PowerShot G1X,769,1600,1366.0,85.483858025622,33.523081578675296,26.924414947985
Canon,PowerShot G1X,769,1600,1366.0,86.498924744031,33.92114695844353,26.974307512615
Canon,PowerShot G1X,769,1600,1366.0,87.513991462441,34.319212338212154,27.023591657861
Canon,PowerShot G1X,769,1600,1366.0,88.52905818085,34.717277717980394,27.072281558439
Canon,PowerShot G1X,769,1600,1366.0,89.54412489926,35.11534309774902,27.120390900065
Canon,PowerShot G1X,769,1600,1366.0,90.559191617669,35.51340847751725,27.167932901691
Canon,PowerShot G1X,769,1600,1366.0,91.574258336079,35.911473857285884,27.214920336484
Canon,PowerShot G1X,769,1600,1366.0,92.589325054488,36.30953923705412,27.261365551648
Canon,PowerShot G1X,769,1600,1366.0,93.604391772897,36.70760461682235,27.307280487152
Canon,PowerShot G1X,769,1600,1366.0,94.619458491307,37.105669996590976,27.352676693437
Canon,PowerShot G1X,769,1600,1366.0,95.634525209716,37.50373537635922,27.39756534818
Canon,PowerShot G1X,769,1600,1366.0,96.649591928126,37.90180075612785,27.441957272158
Canon,PowerShot G1X,769,1600,1366.0,97.664658646535,38.299866135896075,27.485862944279
Canon,PowerShot G1X,769,1600,1366.0,98.679725364945,38.697931515664706,27.529292515833
Canon,PowerShot G1X,769,1600,1366.0,99.694792083354,39.09599689543295,27.572255824003
Canon,PowerShot G1X,769,1600,1366.0,100.70985880176,39.4940622752,27.614762404693
Canon,PowerShot G1X,769,1600,1366.0,101.72492552017,39.892127654968625,27.656821504702
Canon,PowerShot G1X,769,1600,1366.0,102.73999223858,40.29019303473726,27.698442093292
Canon,PowerShot G1X,769,1600,1366.0,103.75505895699,40.68825841450588,27.739632873184
Canon,PowerShot G1X,769,1600,1366.0,104.7701256754,41.08632379427451,27.780402291012
Canon,PowerShot G1X,769,1600,1366.0,105.78519239381,41.48438917404314,27.820758547274
Canon,PowerShot G1X,769,1600,1366.0,106.80025911222,41.88245455381177,27.860709605798
Canon,PowerShot G1X,769,1600,1366.0,107.81532583063,42.28051993358039,27.900263202764
Canon,PowerShot G1X,769,1600,1366.0,108.83039254904,42.67858531334902,27.939426855295
Canon,PowerShot G1X,769,1600,1366.0,109.84545926745,43.07665069311765,27.978207869653
Canon,PowerShot G1X,769,1600,1366.0,110.86052598586,43.474716072886274,28.016613349043
Canon,PowerShot G1X,769,1600,1366.0,111.87559270427,43.872781452654905,28.054650201074
Canon,PowerShot G1X,769,1600,1366.0,112.89065942268,44.27084683242353,28.092325144873
Canon,PowerShot G1X,769,1600,1366.0,113.90572614109,44.668912212192154,28.129644717876
Canon,PowerShot G1X,769,1600,1366.0,114.9207928595,45.066977591960786,28.166615282322
Canon,PowerShot G1X,769,1600,1366.0,115.93585957791,45.46504297172941,28.203243031456
Canon,PowerShot G1X,769,1600,1366.0,116.95092629631,45.86310835149412,28.239533995458
Canon,PowerShot G1X,769,1600,1366.0,117.96599301472,46.261173731262744,28.275494047122
Canon,PowerShot G1X,769,1600,1366.0,118.98105973313,46.65923911103137,28.31112890728
Canon,PowerShot G1X,769,1600,1366.0,119.99612645154,47.05730449079999,28.346444150003
Canon,PowerShot G1X,769,1600,1366.0,121.01119316995,47.45536987056863,28.381445207571
Canon,PowerShot G1X,769,1600,1366.0,122.02625988836,47.853435250337256,28.416137375249
Canon,PowerShot G1X,769,1600,1366.0,123.04132660677,48.25150063010588,28.450525815852
Canon,PowerShot G1X,769,1600,1366.0,124.05639332518,48.649566009874505,28.484615564121
Canon,PowerShot G1X,769,1600,1366.0,125.07146004359,49.047631389643136,28.51841153093
Canon,PowerShot G1X,769,1600,1366.0,126.086526762,49.44569676941177,28.551918507313
Canon,PowerShot G1X,769,1600,1366.0,127.10159348041,49.84376214918039,28.58514116833
Canon,PowerShot G1X,769,1600,1366.0,128.11666019882,50.241827528949024,28.618084076779
Canon,PowerShot G1X,769,1600,1366.0,129.13172691723,50.63989290871764,28.650751686765
Canon,PowerShot G1X,769,1600,1366.0,130.14679363564,51.03795828848627,28.68314834712
Canon,PowerShot G1X,769,1600,1366.0,131.16186035405,51.43602366825489,28.715278304696
Canon,PowerShot G1X,769,1600,1366.0,132.17692707246,51.83408904802352,28.747145707528
Canon,PowerShot G1X,769,1600,1366.0,133.19199379087,52.23215442779215,28.778754607877
Canon,PowerShot G1X,769,1600,1366.0,134.20706050928,52.630219807560785,28.810108965151
Canon,PowerShot G1X,769,1600,1366.0,135.22212722768,53.028285187325494,28.841212648724
Canon,PowerShot G1X,769,1600,1366.0,136.23719394609,53.42635056709412,28.872069440645
Canon,PowerShot G1X,769,1600,1366.0,137.2522606645,53.82441594686275,28.902683038242
Canon,PowerShot G1X,769,1600,1366.0,138.26732738291,54.22248132663137,28.933057056634
Canon,PowerShot G1X,769,1600,1366.0,139.28239410132,54.6205467064,28.963195031152
Canon,PowerShot G1X,769,1600,1366.0,140.29746081973,55.01861208616863,28.993100419668
Canon,PowerShot G1X,769,1600,1366.0,141.31252753814,55.41667746593725,29.022776604842
Canon,PowerShot G1X,769,1600,1366.0,142.32759425655,55.81474284570588,29.052226896283
Canon,PowerShot G1X,769,1600,1366.0,143.34266097496,56.21280822547452,29.081454532642
Canon,PowerShot G1X,769,1600,1366.0,144.35772769337,56.61087360524314,29.110462683625
Canon,PowerShot G1X,769,1600,1366.0,145.37279441178,57.00893898501177,29.139254451931
Canon,PowerShot G1X,769,1600,1366.0,146.38786113019,57.40700436478039,29.167832875132
Canon,PowerShot G1X,769,1600,1366.0,147.4029278486,57.80506974454902,29.196200927482
Canon,PowerShot G1X,769,1600,1366.0,148.41799456701,58.203135124317654,29.224361521662
Canon,PowerShot G1X,769,1600,1366.0,149.43306128542,58.60120050408627,29.252317510469
Canon,PowerShot G1X,769,1600,1366.0,150.44812800383,58.9992658838549,29.280071688446
Canon,PowerShot G1X,769,1600,1366.0,151.46319472224,59.39733126362352,29.307626793456
Canon,PowerShot G1X,769,1600,1366.0,152.47826144065,59.79539664339215,29.334985508207
Canon,PowerShot G1X,769,1600,1366.0,153.49332815905,60.19346202315686,29.362150461718
Canon,PowerShot G1X,769,1600,1366.0,154.50839487746,60.59152740292549,29.389124230748
Canon,PowerShot G1X,769,1600,1366.0,155.52346159587,60.989592782694125,29.415909341166
Canon,PowerShot G1X,769,1600,1366.0,156.53852831428,61.38765816246274,29.442508269288
Canon,PowerShot G1X,769,1600,1366.0,157.55359503269,61.78572354223137,29.468923443157
Canon,PowerShot G1X,769,1600,1366.0,158.5686617511,62.18378892199999,29.495157243795
Canon,PowerShot G1X,769,1600,1366.0,159.58372846951,62.58185430176862,29.521212006409
Canon,PowerShot G1X,769,1600,1366.0,160.59879518792,62.979919681537254,29.547090021554
Canon,PowerShot G1X,769,1600,1366.0,161.61386190633,63.37798506130588,29.572793536268
Canon,PowerShot G1X,769,1600,1366.0,162.62892862474,63.77605044107452,29.598324755166
Canon,PowerShot G1X,769,1600,1366.0,163.64399534315,64.17411582084314,29.623685841501
Canon,PowerShot G1X,769,1600,1366.0,164.65906206156,64.57218120061177,29.648878918191
Canon,PowerShot G1X,769,1600,1366.0,165.67412877997,64.9702465803804,29.673906068817
Canon,PowerShot G1X,769,1600,1366.0,166.68919549838,65.36831196014901,29.698769338587
Canon,PowerShot G1X,769,1600,1366.0,167.70426221679,65.76637733991765,29.723470735272
Canon,PowerShot G1X,769,1600,1366.0,168.7193289352,66.16444271968628,29.748012230118
Canon,PowerShot G1X,769,1600,1366.0,169.73439565361,66.5625080994549,29.772395758718
Canon,PowerShot G1X,769,1600,1366.0,170.74946237202,66.96057347922353,29.796623221877
Canon,PowerShot G1X,769,1600,1366.0,171.76452909043,67.35863885899215,29.820696486432
Canon,PowerShot G1X,769,1600,1366.0,172.77959580883,67.75670423875687,29.844617386058
Canon,PowerShot G1X,769,1600,1366.0,173.79466252724,68.15476961852549,29.868387722053
Canon,PowerShot G1X,769,1600,1366.0,174.80972924565,68.55283499829412,29.89200926409
Canon,PowerShot G1X,769,1600,1366.0,175.82479596406,68.95090037806274,29.915483750956
Canon,PowerShot G1X,769,1600,1366.0,176.83986268247,69.34896575783137,29.938812891265
Canon,PowerShot G1X,769,1600,1366.0,177.85492940088,69.7470311376,29.961998364154
Canon,PowerShot G1X,769,1600,1366.0,178.86999611929,70.14509651736861,29.985041819952
Canon,PowerShot G1X,769,1600,1366.0,179.8850628377,70.54316189713725,30.007944880841
Canon,PowerShot G1X,769,1600,1366.0,180.90012955611,70.94122727690588,30.030709141489
Canon,PowerShot G1X,769,1600,1366.0,181.91519627452,71.33929265667452,30.053336169668
Canon,PowerShot G1X,769,1600,1366.0,182.93026299293,71.73735803644314,30.075827506857
Canon,PowerShot G1X,769,1600,1366.0,183.94532971134,72.13542341621176,30.098184668826
Canon,PowerShot G1X,769,1600,1366.0,184.96039642975,72.53348879598039,30.120409146203
Canon,PowerShot G1X,769,1600,1366.0,185.97546314816,72.93155417574903,30.14250240503
Canon,PowerShot G1X,769,1600,1366.0,186.99052986657,73.32961955551764,30.164465887296
Canon,PowerShot G1X,769,1600,1366.0,188.00559658498,73.72768493528628,30.186301011464
Canon,PowerShot G1X,769,1600,1366.0,189.02066330339,74.1257503150549,30.208009172976
Canon,PowerShot G1X,769,1600,1366.0,190.0357300218,74.52381569482353,30.229591744755
Canon,PowerShot G1X,769,1600,1366.0,191.0507967402,74.92188107458824,30.251050077677
Canon,PowerShot G1X,769,1600,1366.0,192.06586345861,75.31994645435687,30.27238550105
Canon,PowerShot G1X,769,1600,1366.0,193.08093017702,75.71801183412549,30.293599323064
Canon,PowerShot G1X,769,1600,1366.0,194.09599689543,76.11607721389412,30.314692831238
Canon,PowerShot G1X,769,1600,1366.0,195.11106361384,76.51414259366275,30.335667292855
Canon,PowerShot G1X,769,1600,1366.0,196.12613033225,76.91220797343136,30.356523955378
Canon,PowerShot G1X,769,1600,1366.0,197.14119705066,77.3102733532,30.377264046869
Canon,PowerShot G1X,769,1600,1366.0,198.15626376907,77.70833873296863,30.397888776381
Canon,PowerShot G1X,769,1600,1366.0,199.17133048748,78.10640411273725,30.418399334355
Canon,PowerShot G1X,769,1600,1366.0,200.18639720589,78.50446949250588,30.438796892995
Canon,PowerShot G1X,769,1600,1366.0,201.2014639243,78.9025348722745,30.45908260664
Canon,PowerShot G1X,769,1600,1366.0,202.21653064271,79.30060025204314,30.479257612126
Canon,PowerShot G1X,769,1600,1366.0,203.23159736112,79.69866563181178,30.499323029137
Canon,PowerShot G1X,769,1600,1366.0,204.24666407953,80.09673101158039,30.519279960549
Canon,PowerShot G1X,769,1600,1366.0,205.26173079794,80.49479639134903,30.539129492763
Canon,PowerShot G1X,769,1600,1366.0,206.27679751635,80.89286177111765,30.558872696032
Canon,PowerShot G1X,769,1600,1366.0,207.29186423476,81.29092715088628,30.578510624782
Canon,PowerShot G1X,769,1600,1366.0,208.30693095317,81.6889925306549,30.598044317916
Canon,PowerShot G1X,769,1600,1366.0,209.32199767158,82.08705791042352,30.617474799124
Canon,PowerShot G1X,769,1600,1366.0,210.33706438998,82.48512329018823,30.636803077175
Canon,PowerShot G1X,769,1600,1366.0,211.35213110839,82.88318866995687,30.656030146206
Canon,PowerShot G1X,769,1600,1366.0,212.3671978268,83.28125404972549,30.675156986002
Canon,PowerShot G1X,769,1600,1366.0,213.38226454521,83.67931942949413,30.694184562273
Canon,PowerShot G1X,769,1600,1366.0,214.39733126362,84.07738480926274,30.713113826923
Canon,PowerShot G1X,769,1600,1366.0,215.41239798203,84.47545018903138,30.731945718307
Canon,PowerShot G1X,769,1600,1366.0,216.42746470044,84.8735155688,30.750681161493
Canon,PowerShot G1X,769,1600,1366.0,217.44253141885,85.27158094856863,30.769321068506
Canon,PowerShot G1X,769,1600,1366.0,218.45759813726,85.66964632833725,30.787866338576
Canon,PowerShot G1X,769,1600,1366.0,219.47266485567,86.06771170810588,30.806317858373
Canon,PowerShot G1X,769,1600,1366.0,220.48773157408,86.4657770878745,30.824676502242
Canon,PowerShot G1X,769,1600,1366.0,221.50279829249,86.86384246764314,30.842943132431
Canon,PowerShot G1X,769,1600,1366.0,222.5178650109,87.26190784741176,30.861118599308
Canon,PowerShot G1X,769,1600,1366.0,223.53293172931,87.6599732271804,30.879203741584
Canon,PowerShot G1X,769,1600,1366.0,224.54799844772,88.05803860694901,30.897199386522
Canon,PowerShot G1X,769,1600,1366.0,225.56306516613,88.45610398671765,30.915106350145
Canon,PowerShot G1X,769,1600,1366.0,226.57813188454,88.85416936648627,30.932925437437
Canon,PowerShot G1X,769,1600,1366.0,227.59319860295,89.2522347462549,30.950657442545
Canon,PowerShot G1X,769,1600,1366.0,228.60826532135,89.6503001260196,30.968303148967
Canon,PowerShot G1X,769,1600,1366.0,229.62333203976,90.04836550578823,30.985863329747
Canon,PowerShot G1X,769,1600,1366.0,230.63839875817,90.44643088555688,31.003338747656
Canon,PowerShot G1X,769,1600,1366.0,231.65346547658,90.84449626532549,31.020730155374
Canon,PowerShot G1X,769,1600,1366.0,232.66853219499,91.24256164509413,31.038038295671
Canon,PowerShot G1X,769,1600,1366.0,233.6835989134,91.64062702486274,31.055263901573
Canon,PowerShot G1X,769,1600,1366.0,234.69866563181,92.03869240463138,31.072407696537
Canon,PowerShot G1X,769,1600,1366.0,235.71373235022,92.4367577844,31.089470394615
Canon,PowerShot G1X,769,1600,1366.0,236.72879906863,92.83482316416863,31.106452700616
Canon,PowerShot G1X,769,1600,1366.0,237.74386578704,93.23288854393725,31.123355310266
Canon,PowerShot G1X,769,1600,1366.0,238.75893250545,93.63095392370589,31.140178910362
Canon,PowerShot G1X,769,1600,1366.0,239.77399922386,94.0290193034745,31.156924178923
Canon,PowerShot G1X,769,1600,1366.0,240.78906594227,94.42708468324315,31.173591785342
Canon,PowerShot G1X,769,1600,1366.0,241.80413266068,94.82515006301176,31.190182390529
Canon,PowerShot G1X,769,1600,1366.0,242.81919937909,95.2232154427804,31.206696647055
Canon,PowerShot G1X,769,1600,1366.0,243.8342660975,95.62128082254902,31.223135199289
Canon,PowerShot G1X,769,1600,1366.0,244.84933281591,96.01934620231765,31.239498683541
Canon,PowerShot G1X,769,1600,1366.0,245.86439953432,96.41741158208627,31.255787728187
Canon,PowerShot G1X,769,1600,1366.0,246.87946625272,96.81547696185098,31.272002953809
Canon,PowerShot G1X,769,1600,1366.0,247.89453297113,97.21354234161961,31.288144973316
Canon,PowerShot G1X,769,1600,1366.0,248.90959968954,97.61160772138822,31.304214392074
Canon,PowerShot G1X,769,1600,1366.0,249.92466640795,98.00967310115686,31.320211808028
Canon,PowerShot G1X,769,1600,1366.0,250.93973312636,98.4077384809255,31.336137811825
Canon,PowerShot G1X,769,1600,1366.0,251.95479984477,98.80580386069411,31.351992986926
Canon,PowerShot G1X,769,1600,1366.0,252.96986656318,99.20386924046275,31.36777790973
Canon,PowerShot G1X,769,1600,1366.0,253.98493328159,99.60193462023138,31.383493149681
Canon,PowerShot G1X,769,1600,1366.0,255,100.0,31.399139269384
Canon,PowerShot G1X,769,3200,2724.0,0.96916800057978,0.3800658825803059,0
Canon,PowerShot G1X,769,3200,2724.0,2.02747202756,0.7950870696313725,5.0011704579319
Canon,PowerShot G1X,769,3200,2724.0,3.2634538344565,1.2797858174339216,7.9169028102723
Canon,PowerShot G1X,769,3200,2724.0,4.278520552866,1.677851197202353,9.4735601563179
Canon,PowerShot G1X,769,3200,2724.0,5.2935872712754,2.075916576970745,10.650152246492
Canon,PowerShot G1X,769,3200,2724.0,6.3086539896849,2.4739819567391765,11.591386088173
Canon,PowerShot G1X,769,3200,2724.0,7.3237207080943,2.8720473365075687,12.373509326482
Canon,PowerShot G1X,769,3200,2724.0,8.3387874265038,3.2701127162759995,13.041332660604
Canon,PowerShot G1X,769,3200,2724.0,9.3538541449132,3.668178096044392,13.623301502286
Canon,PowerShot G1X,769,3200,2724.0,10.368920863323,4.066243475812941,14.138541796556
Canon,PowerShot G1X,769,3200,2724.0,11.383987581732,4.4643088555811765,14.600500348087
Canon,PowerShot G1X,769,3200,2724.0,12.399054300142,4.8623742353498045,15.018974482915
Canon,PowerShot G1X,769,3200,2724.0,13.414121018551,5.260439615118039,15.401313816081
Canon,PowerShot G1X,769,3200,2724.0,14.42918773696,5.6585049948862745,15.753167389572
Canon,PowerShot G1X,769,3200,2724.0,15.44425445537,6.0565703746549024,16.078967323121
Canon,PowerShot G1X,769,3200,2724.0,16.459321173779,6.454635754423137,16.382252745937
Canon,PowerShot G1X,769,3200,2724.0,17.474387892189,6.852701134191765,16.665893161784
Canon,PowerShot G1X,769,3200,2724.0,18.489454610598,7.2507665139599995,16.932246394643
Canon,PowerShot G1X,769,3200,2724.0,19.504521329008,7.6488318937286275,17.183272757679
Canon,PowerShot G1X,769,3200,2724.0,20.519588047417,8.046897273496862,17.420619193065
Canon,PowerShot G1X,769,3200,2724.0,21.534654765827,8.44496265326549,17.645682356821
Canon,PowerShot G1X,769,3200,2724.0,22.549721484236,8.843028033033724,17.85965665026
Canon,PowerShot G1X,769,3200,2724.0,23.564788202646,9.241093412802352,18.063571299205
Canon,PowerShot G1X,769,3200,2724.0,24.579854921055,9.639158792570587,18.258319338384
Canon,PowerShot G1X,769,3200,2724.0,25.594921639464,10.037224172338824,18.444680526924
Canon,PowerShot G1X,769,3200,2724.0,26.609988357874,10.43528955210745,18.62333965439
Canon,PowerShot G1X,769,3200,2724.0,27.625055076283,10.833354931875688,18.794901304025
Canon,PowerShot G1X,769,3200,2724.0,28.640121794693,11.231420311644314,18.959901863214
Canon,PowerShot G1X,769,3200,2724.0,29.655188513102,11.62948569141255,19.118819373442
Canon,PowerShot G1X,769,3200,2724.0,30.670255231512,12.027551071181177,19.272081668823
Canon,PowerShot G1X,769,3200,2724.0,31.685321949921,12.425616450949411,19.420073147209
Canon,PowerShot G1X,769,3200,2724.0,32.700388668331,12.823681830718039,19.563140440014
Canon,PowerShot G1X,769,3200,2724.0,33.71545538674,13.221747210486273,19.70159718846
Canon,PowerShot G1X,769,3200,2724.0,34.730522105149,13.61981259025451,19.835728089711
Canon,PowerShot G1X,769,3200,2724.0,35.745588823559,14.017877970023134,19.965792342598
Canon,PowerShot G1X,769,3200,2724.0,36.760655541968,14.415943349791371,20.092026596543
Canon,PowerShot G1X,769,3200,2724.0,37.775722260378,14.81400872956,20.21464748707
Canon,PowerShot G1X,769,3200,2724.0,38.790788978787,15.212074109328237,20.33385382543
Canon,PowerShot G1X,769,3200,2724.0,39.805855697197,15.610139489096863,20.449828497352
Canon,PowerShot G1X,769,3200,2724.0,40.820922415606,16.008204868865096,20.56274011601
Canon,PowerShot G1X,769,3200,2724.0,41.835989134016,16.406270248633728,20.672744466356
Canon,PowerShot G1X,769,3200,2724.0,42.851055852425,16.804335628401958,20.779985771593
Canon,PowerShot G1X,769,3200,2724.0,43.866122570835,17.20240100817059,20.884597807396
Canon,PowerShot G1X,769,3200,2724.0,44.881189289244,17.600466387938823,20.986704885292
Canon,PowerShot G1X,769,3200,2724.0,45.896256007653,17.99853176770706,21.086422723196
Canon,PowerShot G1X,769,3200,2724.0,46.911322726063,18.396597147475685,21.183859218255
Canon,PowerShot G1X,769,3200,2724.0,47.926389444472,18.794662527243922,21.279115134866
Canon,PowerShot G1X,769,3200,2724.0,48.941456162882,19.19272790701255,21.372284718771
Canon,PowerShot G1X,769,3200,2724.0,49.956522881291,19.590793286780784,21.463456246557
Canon,PowerShot G1X,769,3200,2724.0,50.971589599701,19.98885866654941,21.552712518529
Canon,PowerShot G1X,769,3200,2724.0,51.98665631811,20.38692404631765,21.640131301811
Canon,PowerShot G1X,769,3200,2724.0,53.00172303652,20.784989426086273,21.725785729582
Canon,PowerShot G1X,769,3200,2724.0,54.016789754929,21.18305480585451,21.809744661548
Canon,PowerShot G1X,769,3200,2724.0,55.031856473338,21.581120185622744,21.892073010072
Canon,PowerShot G1X,769,3200,2724.0,56.046923191748,21.979185565391372,21.972832035821
Canon,PowerShot G1X,769,3200,2724.0,57.061989910157,22.37725094515961,22.052079616268
Canon,PowerShot G1X,769,3200,2724.0,58.077056628567,22.775316324928234,22.129870489997
Canon,PowerShot G1X,769,3200,2724.0,59.092123346976,23.17338170469647,22.206256479366
Canon,PowerShot G1X,769,3200,2724.0,60.107190065386,23.571447084465095,22.281286693795
Canon,PowerShot G1X,769,3200,2724.0,61.122256783795,23.969512464233333,22.355007715666
Canon,PowerShot G1X,769,3200,2724.0,62.137323502205,24.36757784400196,22.427463770578
Canon,PowerShot G1X,769,3200,2724.0,63.152390220614,24.765643223770198,22.498696883517
Canon,PowerShot G1X,769,3200,2724.0,64.167456939024,25.163708603538826,22.568747022322
Canon,PowerShot G1X,769,3200,2724.0,65.182523657433,25.561773983307056,22.637652229648
Canon,PowerShot G1X,769,3200,2724.0,66.197590375842,25.959839363075293,22.705448744531
Canon,PowerShot G1X,769,3200,2724.0,67.212657094252,26.357904742843917,22.772171114513
Canon,PowerShot G1X,769,3200,2724.0,68.227723812661,26.755970122612155,22.837852299196
Canon,PowerShot G1X,769,3200,2724.0,69.242790531071,27.15403550238078,22.902523766
Canon,PowerShot G1X,769,3200,2724.0,70.25785724948,27.552100882149016,22.966215578811
Canon,PowerShot G1X,769,3200,2724.0,71.27292396789,27.950166261917648,23.028956480155
Canon,PowerShot G1X,769,3200,2724.0,72.287990686299,28.348231641685885,23.090773967442
Canon,PowerShot G1X,769,3200,2724.0,73.303057404709,28.74629702145451,23.151694363801
Canon,PowerShot G1X,769,3200,2724.0,74.318124123118,29.144362401222747,23.211742883943
Canon,PowerShot G1X,769,3200,2724.0,75.333190841527,29.54242778099098,23.270943695488
Canon,PowerShot G1X,769,3200,2724.0,76.348257559937,29.94049316075961,23.329319976096
Canon,PowerShot G1X,769,3200,2724.0,77.363324278346,30.338558540527842,23.386893966765
Canon,PowerShot G1X,769,3200,2724.0,78.378390996756,30.73662392029647,23.443687021595
Canon,PowerShot G1X,769,3200,2724.0,79.393457715165,31.134689300064704,23.499719654285
Canon,PowerShot G1X,769,3200,2724.0,80.408524433575,31.53275467983333,23.55501158163
Canon,PowerShot G1X,769,3200,2724.0,81.423591151984,31.930820059601565,23.60958176424
Canon,PowerShot G1X,769,3200,2724.0,82.438657870394,32.32888543937019,23.663448444694
Canon,PowerShot G1X,769,3200,2724.0,83.453724588803,32.72695081913843,23.716629183318
Canon,PowerShot G1X,769,3200,2724.0,84.468791307212,33.125016198906664,23.76914089176
Canon,PowerShot G1X,769,3200,2724.0,85.483858025622,33.523081578675296,23.820999864535
Canon,PowerShot G1X,769,3200,2724.0,86.498924744031,33.92114695844353,23.872221808669
Canon,PowerShot G1X,769,3200,2724.0,87.513991462441,34.319212338212154,23.922821871585
Canon,PowerShot G1X,769,3200,2724.0,88.52905818085,34.717277717980394,23.972814667361
Canon,PowerShot G1X,769,3200,2724.0,89.54412489926,35.11534309774902,24.022214301461
Canon,PowerShot G1X,769,3200,2724.0,90.559191617669,35.51340847751725,24.071034394054
Canon,PowerShot G1X,769,3200,2724.0,91.574258336079,35.911473857285884,24.119288102006
Canon,PowerShot G1X,769,3200,2724.0,92.589325054488,36.30953923705412,24.166988139649
Canon,PowerShot G1X,769,3200,2724.0,93.604391772897,36.70760461682235,24.214146798394
Canon,PowerShot G1X,769,3200,2724.0,94.619458491307,37.105669996590976,24.260775965272
Canon,PowerShot G1X,769,3200,2724.0,95.634525209716,37.50373537635922,24.306887140471
Canon,PowerShot G1X,769,3200,2724.0,96.649591928126,37.90180075612785,24.352491453931
Canon,PowerShot G1X,769,3200,2724.0,97.664658646535,38.299866135896075,24.39759968106
Canon,PowerShot G1X,769,3200,2724.0,98.679725364945,38.697931515664706,24.442222257628
Canon,PowerShot G1X,769,3200,2724.0,99.694792083354,39.09599689543295,24.486369293882
Canon,PowerShot G1X,769,3200,2724.0,100.70985880176,39.4940622752,24.530050587941
Canon,PowerShot G1X,769,3200,2724.0,101.72492552017,39.892127654968625,24.573275638503
Canon,PowerShot G1X,769,3200,2724.0,102.73999223858,40.29019303473726,24.616053656923
Canon,PowerShot G1X,769,3200,2724.0,103.75505895699,40.68825841450588,24.658393578673
Canon,PowerShot G1X,769,3200,2724.0,104.7701256754,41.08632379427451,24.70030407425
Canon,PowerShot G1X,769,3200,2724.0,105.78519239381,41.48438917404314,24.741793559547
Canon,PowerShot G1X,769,3200,2724.0,106.80025911222,41.88245455381177,24.782870205715
Canon,PowerShot G1X,769,3200,2724.0,107.81532583063,42.28051993358039,24.823541948559
Canon,PowerShot G1X,769,3200,2724.0,108.83039254904,42.67858531334902,24.86381649749
Canon,PowerShot G1X,769,3200,2724.0,109.84545926745,43.07665069311765,24.903701344047
Canon,PowerShot G1X,769,3200,2724.0,110.86052598586,43.474716072886274,24.943203770027
Canon,PowerShot G1X,769,3200,2724.0,111.87559270427,43.872781452654905,24.98233085524
Canon,PowerShot G1X,769,3200,2724.0,112.89065942268,44.27084683242353,25.021089484908
Canon,PowerShot G1X,769,3200,2724.0,113.90572614109,44.668912212192154,25.059486356728
Canon,PowerShot G1X,769,3200,2724.0,114.9207928595,45.066977591960786,25.097527987616
Canon,PowerShot G1X,769,3200,2724.0,115.93585957791,45.46504297172941,25.135220720156
Canon,PowerShot G1X,769,3200,2724.0,116.95092629631,45.86310835149412,25.172570728758
Canon,PowerShot G1X,769,3200,2724.0,117.96599301472,46.261173731262744,25.209584025548
Canon,PowerShot G1X,769,3200,2724.0,118.98105973313,46.65923911103137,25.246266466007
Canon,PowerShot G1X,769,3200,2724.0,119.99612645154,47.05730449079999,25.282623754363
Canon,PowerShot G1X,769,3200,2724.0,121.01119316995,47.45536987056863,25.31866144875
Canon,PowerShot G1X,769,3200,2724.0,122.02625988836,47.853435250337256,25.354384966157
Canon,PowerShot G1X,769,3200,2724.0,123.04132660677,48.25150063010588,25.389799587166
Canon,PowerShot G1X,769,3200,2724.0,124.05639332518,48.649566009874505,25.424910460488
Canon,PowerShot G1X,769,3200,2724.0,125.07146004359,49.047631389643136,25.459722607318
Canon,PowerShot G1X,769,3200,2724.0,126.086526762,49.44569676941177,25.49424092551
Canon,PowerShot G1X,769,3200,2724.0,127.10159348041,49.84376214918039,25.528470193585
Canon,PowerShot G1X,769,3200,2724.0,128.11666019882,50.241827528949024,25.56241507457
Canon,PowerShot G1X,769,3200,2724.0,129.13172691723,50.63989290871764,25.596080119691
Canon,PowerShot G1X,769,3200,2724.0,130.14679363564,51.03795828848627,25.62946977192
Canon,PowerShot G1X,769,3200,2724.0,131.16186035405,51.43602366825489,25.662588369376
Canon,PowerShot G1X,769,3200,2724.0,132.17692707246,51.83408904802352,25.695440148601
Canon,PowerShot G1X,769,3200,2724.0,133.19199379087,52.23215442779215,25.728029247703
Canon,PowerShot G1X,769,3200,2724.0,134.20706050928,52.630219807560785,25.760359709384
Canon,PowerShot G1X,769,3200,2724.0,135.22212722768,53.028285187325494,25.792435483843
Canon,PowerShot G1X,769,3200,2724.0,136.23719394609,53.42635056709412,25.824260431586
Canon,PowerShot G1X,769,3200,2724.0,137.2522606645,53.82441594686275,25.855838326112
Canon,PowerShot G1X,769,3200,2724.0,138.26732738291,54.22248132663137,25.887172856508
Canon,PowerShot G1X,769,3200,2724.0,139.28239410132,54.6205467064,25.918267629954
Canon,PowerShot G1X,769,3200,2724.0,140.29746081973,55.01861208616863,25.949126174119
Canon,PowerShot G1X,769,3200,2724.0,141.31252753814,55.41667746593725,25.97975193949
Canon,PowerShot G1X,769,3200,2724.0,142.32759425655,55.81474284570588,26.010148301599
Canon,PowerShot G1X,769,3200,2724.0,143.34266097496,56.21280822547452,26.040318563182
Canon,PowerShot G1X,769,3200,2724.0,144.35772769337,56.61087360524314,26.070265956255
Canon,PowerShot G1X,769,3200,2724.0,145.37279441178,57.00893898501177,26.099993644119
Canon,PowerShot G1X,769,3200,2724.0,146.38786113019,57.40700436478039,26.129504723293
Canon,PowerShot G1X,769,3200,2724.0,147.4029278486,57.80506974454902,26.15880222538
Canon,PowerShot G1X,769,3200,2724.0,148.41799456701,58.203135124317654,26.18788911887
Canon,PowerShot G1X,769,3200,2724.0,149.43306128542,58.60120050408627,26.216768310875
Canon,PowerShot G1X,769,3200,2724.0,150.44812800383,58.9992658838549,26.245442648816
Canon,PowerShot G1X,769,3200,2724.0,151.46319472224,59.39733126362352,26.27391492204
Canon,PowerShot G1X,769,3200,2724.0,152.47826144065,59.79539664339215,26.302187863389
Canon,PowerShot G1X,769,3200,2724.0,153.49332815905,60.19346202315686,26.330264150718
Canon,PowerShot G1X,769,3200,2724.0,154.50839487746,60.59152740292549,26.358146408357
Canon,PowerShot G1X,769,3200,2724.0,155.52346159587,60.989592782694125,26.385837208531
Canon,PowerShot G1X,769,3200,2724.0,156.53852831428,61.38765816246274,26.413339072725
Canon,PowerShot G1X,769,3200,2724.0,157.55359503269,61.78572354223137,26.440654473016
Canon,PowerShot G1X,769,3200,2724.0,158.5686617511,62.18378892199999,26.467785833348
Canon,PowerShot G1X,769,3200,2724.0,159.58372846951,62.58185430176862,26.494735530779
Canon,PowerShot G1X,769,3200,2724.0,160.59879518792,62.979919681537254,26.521505896679
Canon,PowerShot G1X,769,3200,2724.0,161.61386190633,63.37798506130588,26.548099217894
Canon,PowerShot G1X,769,3200,2724.0,162.62892862474,63.77605044107452,26.574517737874
Canon,PowerShot G1X,769,3200,2724.0,163.64399534315,64.17411582084314,26.600763657759
Canon,PowerShot G1X,769,3200,2724.0,164.65906206156,64.57218120061177,26.626839137442
Canon,PowerShot G1X,769,3200,2724.0,165.67412877997,64.9702465803804,26.652746296587
Canon,PowerShot G1X,769,3200,2724.0,166.68919549838,65.36831196014901,26.678487215628
Canon,PowerShot G1X,769,3200,2724.0,167.70426221679,65.76637733991765,26.704063936724
Canon,PowerShot G1X,769,3200,2724.0,168.7193289352,66.16444271968628,26.729478464699
Canon,PowerShot G1X,769,3200,2724.0,169.73439565361,66.5625080994549,26.75473276794
Canon,PowerShot G1X,769,3200,2724.0,170.74946237202,66.96057347922353,26.779828779278
Canon,PowerShot G1X,769,3200,2724.0,171.76452909043,67.35863885899215,26.804768396839
Canon,PowerShot G1X,769,3200,2724.0,172.77959580883,67.75670423875687,26.829553484868
Canon,PowerShot G1X,769,3200,2724.0,173.79466252724,68.15476961852549,26.854185874532
Canon,PowerShot G1X,769,3200,2724.0,174.80972924565,68.55283499829412,26.878667364696
Canon,PowerShot G1X,769,3200,2724.0,175.82479596406,68.95090037806274,26.902999722682
Canon,PowerShot G1X,769,3200,2724.0,176.83986268247,69.34896575783137,26.927184684995
Canon,PowerShot G1X,769,3200,2724.0,177.85492940088,69.7470311376,26.951223958044
Canon,PowerShot G1X,769,3200,2724.0,178.86999611929,70.14509651736861,26.975119218824
Canon,PowerShot G1X,769,3200,2724.0,179.8850628377,70.54316189713725,26.998872115597
Canon,PowerShot G1X,769,3200,2724.0,180.90012955611,70.94122727690588,27.022484268537
Canon,PowerShot G1X,769,3200,2724.0,181.91519627452,71.33929265667452,27.04595727037
Canon,PowerShot G1X,769,3200,2724.0,182.93026299293,71.73735803644314,27.069292686987
Canon,PowerShot G1X,769,3200,2724.0,183.94532971134,72.13542341621176,27.092492058043
Canon,PowerShot G1X,769,3200,2724.0,184.96039642975,72.53348879598039,27.115556897545
Canon,PowerShot G1X,769,3200,2724.0,185.97546314816,72.93155417574903,27.138488694409
Canon,PowerShot G1X,769,3200,2724.0,186.99052986657,73.32961955551764,27.161288913022
Canon,PowerShot G1X,769,3200,2724.0,188.00559658498,73.72768493528628,27.183958993769
Canon,PowerShot G1X,769,3200,2724.0,189.02066330339,74.1257503150549,27.20650035356
Canon,PowerShot G1X,769,3200,2724.0,190.0357300218,74.52381569482353,27.228914386333
Canon,PowerShot G1X,769,3200,2724.0,191.0507967402,74.92188107458824,27.251202463553
Canon,PowerShot G1X,769,3200,2724.0,192.06586345861,75.31994645435687,27.273365934687
Canon,PowerShot G1X,769,3200,2724.0,193.08093017702,75.71801183412549,27.295406127675
Canon,PowerShot G1X,769,3200,2724.0,194.09599689543,76.11607721389412,27.317324349385
Canon,PowerShot G1X,769,3200,2724.0,195.11106361384,76.51414259366275,27.339121886056
Canon,PowerShot G1X,769,3200,2724.0,196.12613033225,76.91220797343136,27.36080000373
Canon,PowerShot G1X,769,3200,2724.0,197.14119705066,77.3102733532,27.382359948672
Canon,PowerShot G1X,769,3200,2724.0,198.15626376907,77.70833873296863,27.403802947779
Canon,PowerShot G1X,769,3200,2724.0,199.17133048748,78.10640411273725,27.425130208982
Canon,PowerShot G1X,769,3200,2724.0,200.18639720589,78.50446949250588,27.446342921632
Canon,PowerShot G1X,769,3200,2724.0,201.2014639243,78.9025348722745,27.467442256881
Canon,PowerShot G1X,769,3200,2724.0,202.21653064271,79.30060025204314,27.488429368049
Canon,PowerShot G1X,769,3200,2724.0,203.23159736112,79.69866563181178,27.509305390986
Canon,PowerShot G1X,769,3200,2724.0,204.24666407953,80.09673101158039,27.530071444424
Canon,PowerShot G1X,769,3200,2724.0,205.26173079794,80.49479639134903,27.550728630315
Canon,PowerShot G1X,769,3200,2724.0,206.27679751635,80.89286177111765,27.57127803417
Canon,PowerShot G1X,769,3200,2724.0,207.29186423476,81.29092715088628,27.591720725379
Canon,PowerShot G1X,769,3200,2724.0,208.30693095317,81.6889925306549,27.612057757535
Canon,PowerShot G1X,769,3200,2724.0,209.32199767158,82.08705791042352,27.632290168737
Canon,PowerShot G1X,769,3200,2724.0,210.33706438998,82.48512329018823,27.652418981896
Canon,PowerShot G1X,769,3200,2724.0,211.35213110839,82.88318866995687,27.672445205029
Canon,PowerShot G1X,769,3200,2724.0,212.3671978268,83.28125404972549,27.692369831549
Canon,PowerShot G1X,769,3200,2724.0,213.38226454521,83.67931942949413,27.712193840538
Canon,PowerShot G1X,769,3200,2724.0,214.39733126362,84.07738480926274,27.731918197033
Canon,PowerShot G1X,769,3200,2724.0,215.41239798203,84.47545018903138,27.751543852281
Canon,PowerShot G1X,769,3200,2724.0,216.42746470044,84.8735155688,27.771071744011
Canon,PowerShot G1X,769,3200,2724.0,217.44253141885,85.27158094856863,27.790502796681
Canon,PowerShot G1X,769,3200,2724.0,218.45759813726,85.66964632833725,27.809837921733
Canon,PowerShot G1X,769,3200,2724.0,219.47266485567,86.06771170810588,27.829078017831
Canon,PowerShot G1X,769,3200,2724.0,220.48773157408,86.4657770878745,27.848223971103
Canon,PowerShot G1X,769,3200,2724.0,221.50279829249,86.86384246764314,27.86727665537
Canon,PowerShot G1X,769,3200,2724.0,222.5178650109,87.26190784741176,27.886236932376
Canon,PowerShot G1X,769,3200,2724.0,223.53293172931,87.6599732271804,27.905105652006
Canon,PowerShot G1X,769,3200,2724.0,224.54799844772,88.05803860694901,27.923883652503
Canon,PowerShot G1X,769,3200,2724.0,225.56306516613,88.45610398671765,27.942571760684
Canon,PowerShot G1X,769,3200,2724.0,226.57813188454,88.85416936648627,27.961170792139
Canon,PowerShot G1X,769,3200,2724.0,227.59319860295,89.2522347462549,27.979681551443
Canon,PowerShot G1X,769,3200,2724.0,228.60826532135,89.6503001260196,27.998104832343
Canon,PowerShot G1X,769,3200,2724.0,229.62333203976,90.04836550578823,28.016441417959
Canon,PowerShot G1X,769,3200,2724.0,230.63839875817,90.44643088555688,28.03469208097
Canon,PowerShot G1X,769,3200,2724.0,231.65346547658,90.84449626532549,28.052857583799
Canon,PowerShot G1X,769,3200,2724.0,232.66853219499,91.24256164509413,28.070938678794
Canon,PowerShot G1X,769,3200,2724.0,233.6835989134,91.64062702486274,28.088936108404
Canon,PowerShot G1X,769,3200,2724.0,234.69866563181,92.03869240463138,28.106850605351
Canon,PowerShot G1X,769,3200,2724.0,235.71373235022,92.4367577844,28.124682892803
Canon,PowerShot G1X,769,3200,2724.0,236.72879906863,92.83482316416863,28.142433684534
Canon,PowerShot G1X,769,3200,2724.0,237.74386578704,93.23288854393725,28.160103685091
Canon,PowerShot G1X,769,3200,2724.0,238.75893250545,93.63095392370589,28.177693589948
Canon,PowerShot G1X,769,3200,2724.0,239.77399922386,94.0290193034745,28.195204085665
Canon,PowerShot G1X,769,3200,2724.0,240.78906594227,94.42708468324315,28.212635850036
Canon,PowerShot G1X,769,3200,2724.0,241.80413266068,94.82515006301176,28.22998955224
Canon,PowerShot G1X,769,3200,2724.0,242.81919937909,95.2232154427804,28.247265852985
Canon,PowerShot G1X,769,3200,2724.0,243.8342660975,95.62128082254902,28.264465404653
Canon,PowerShot G1X,769,3200,2724.0,244.84933281591,96.01934620231765,28.281588851435
Canon,PowerShot G1X,769,3200,2724.0,245.86439953432,96.41741158208627,28.29863682947
Canon,PowerShot G1X,769,3200,2724.0,246.87946625272,96.81547696185098,28.31560996698
Canon,PowerShot G1X,769,3200,2724.0,247.89453297113,97.21354234161961,28.332508884397
Canon,PowerShot G1X,769,3200,2724.0,248.90959968954,97.61160772138822,28.349334194495
Canon,PowerShot G1X,769,3200,2724.0,249.92466640795,98.00967310115686,28.366086502512
Canon,PowerShot G1X,769,3200,2724.0,250.93973312636,98.4077384809255,28.382766406278
Canon,PowerShot G1X,769,3200,2724.0,251.95479984477,98.80580386069411,28.39937449633
Canon,PowerShot G1X,769,3200,2724.0,252.96986656318,99.20386924046275,28.415911356031
Canon,PowerShot G1X,769,3200,2724.0,253.98493328159,99.60193462023138,28.432377561691
Canon,PowerShot G1X,769,3200,2724.0,255,100.0,28.448773682673
Canon,PowerShot G1X,769,6400,5863.0,2.02747202756,0.7950870696313725,0
Canon,PowerShot G1X,769,6400,5863.0,3.2634538344565,1.2797858174339216,3.3465199575257
Canon,PowerShot G1X,769,6400,5863.0,4.278520552866,1.677851197202353,5.1434499396608
Canon,PowerShot G1X,769,6400,5863.0,5.2935872712754,2.075916576970745,6.4997472526196
Canon,PowerShot G1X,769,6400,5863.0,6.3086539896849,2.4739819567391765,7.5804853901088
Canon,PowerShot G1X,769,6400,5863.0,7.3237207080943,2.8720473365075687,8.4740315955383
Canon,PowerShot G1X,769,6400,5863.0,8.3387874265038,3.2701127162759995,9.2328731585507
Canon,PowerShot G1X,769,6400,5863.0,9.3538541449132,3.668178096044392,9.8905597719412
Canon,PowerShot G1X,769,6400,5863.0,10.368920863323,4.066243475812941,10.469746093713
Canon,PowerShot G1X,769,6400,5863.0,11.383987581732,4.4643088555811765,10.986397728602
Canon,PowerShot G1X,769,6400,5863.0,12.399054300142,4.8623742353498045,11.452158732467
Canon,PowerShot G1X,769,6400,5863.0,13.414121018551,5.260439615118039,11.875763886765
Canon,PowerShot G1X,769,6400,5863.0,14.42918773696,5.6585049948862745,12.263921770435
Canon,PowerShot G1X,769,6400,5863.0,15.44425445537,6.0565703746549024,12.62188891374
Canon,PowerShot G1X,769,6400,5863.0,16.459321173779,6.454635754423137,12.953855602289
Canon,PowerShot G1X,769,6400,5863.0,17.474387892189,6.852701134191765,13.263212532576
Canon,PowerShot G1X,769,6400,5863.0,18.489454610598,7.2507665139599995,13.552739672915
Canon,PowerShot G1X,769,6400,5863.0,19.504521329008,7.6488318937286275,13.824742915715
Canon,PowerShot G1X,769,6400,5863.0,20.519588047417,8.046897273496862,14.081154837225
Canon,PowerShot G1X,769,6400,5863.0,21.534654765827,8.44496265326549,14.32361024992
Canon,PowerShot G1X,769,6400,5863.0,22.549721484236,8.843028033033724,14.553503711916
Canon,PowerShot G1X,769,6400,5863.0,23.564788202646,9.241093412802352,14.772033899345
Canon,PowerShot G1X,769,6400,5863.0,24.579854921055,9.639158792570587,14.980238265263
Canon,PowerShot G1X,769,6400,5863.0,25.594921639464,10.037224172338824,15.179020415431
Canon,PowerShot G1X,769,6400,5863.0,26.609988357874,10.43528955210745,15.369171953247
Canon,PowerShot G1X,769,6400,5863.0,27.625055076283,10.833354931875688,15.551390075278
Canon,PowerShot G1X,769,6400,5863.0,28.640121794693,11.231420311644314,15.726291866776
Canon,PowerShot G1X,769,6400,5863.0,29.655188513102,11.62948569141255,15.894426009022
Canon,PowerShot G1X,769,6400,5863.0,30.670255231512,12.027551071181177,16.056282438165
Canon,PowerShot G1X,769,6400,5863.0,31.685321949921,12.425616450949411,16.212300368862
Canon,PowerShot G1X,769,6400,5863.0,32.700388668331,12.823681830718039,16.362875002341
Canon,PowerShot G1X,769,6400,5863.0,33.71545538674,13.221747210486273,16.508363168181
Canon,PowerShot G1X,769,6400,5863.0,34.730522105149,13.61981259025451,16.649088095917
Canon,PowerShot G1X,769,6400,5863.0,35.745588823559,14.017877970023134,16.785343471908
Canon,PowerShot G1X,769,6400,5863.0,36.760655541968,14.415943349791371,16.917396905586
Canon,PowerShot G1X,769,6400,5863.0,37.775722260378,14.81400872956,17.045492904848
Canon,PowerShot G1X,769,6400,5863.0,38.790788978787,15.212074109328237,17.169855441323
Canon,PowerShot G1X,769,6400,5863.0,39.805855697197,15.610139489096863,17.29069017121
Canon,PowerShot G1X,769,6400,5863.0,40.820922415606,16.008204868865096,17.408186365487
Canon,PowerShot G1X,769,6400,5863.0,41.835989134016,16.406270248633728,17.522518593757
Canon,PowerShot G1X,769,6400,5863.0,42.851055852425,16.804335628401958,17.633848198362
Canon,PowerShot G1X,769,6400,5863.0,43.866122570835,17.20240100817059,17.742324589223
Canon,PowerShot G1X,769,6400,5863.0,44.881189289244,17.600466387938823,17.848086384823
Canon,PowerShot G1X,769,6400,5863.0,45.896256007653,17.99853176770706,17.951262420687
Canon,PowerShot G1X,769,6400,5863.0,46.911322726063,18.396597147475685,18.051972643317
Canon,PowerShot G1X,769,6400,5863.0,47.926389444472,18.794662527243922,18.150328904793
Canon,PowerShot G1X,769,6400,5863.0,48.941456162882,19.19272790701255,18.246435670947
Canon,PowerShot G1X,769,6400,5863.0,49.956522881291,19.590793286780784,18.340390654096
Canon,PowerShot G1X,769,6400,5863.0,50.971589599701,19.98885866654941,18.432285379752
Canon,PowerShot G1X,769,6400,5863.0,51.98665631811,20.38692404631765,18.522205695374
Canon,PowerShot G1X,769,6400,5863.0,53.00172303652,20.784989426086273,18.610232228099
Canon,PowerShot G1X,769,6400,5863.0,54.016789754929,21.18305480585451,18.696440797459
Canon,PowerShot G1X,769,6400,5863.0,55.031856473338,21.581120185622744,18.780902788273
Canon,PowerShot G1X,769,6400,5863.0,56.046923191748,21.979185565391372,18.863685488213
Canon,PowerShot G1X,769,6400,5863.0,57.061989910157,22.37725094515961,18.944852393982
Canon,PowerShot G1X,769,6400,5863.0,58.077056628567,22.775316324928234,19.024463489533
Canon,PowerShot G1X,769,6400,5863.0,59.092123346976,23.17338170469647,19.102575499314
Canon,PowerShot G1X,769,6400,5863.0,60.107190065386,23.571447084465095,19.179242119183
Canon,PowerShot G1X,769,6400,5863.0,61.122256783795,23.969512464233333,19.25451422731
Canon,PowerShot G1X,769,6400,5863.0,62.137323502205,24.36757784400196,19.328440077097
Canon,PowerShot G1X,769,6400,5863.0,63.152390220614,24.765643223770198,19.401065473924
Canon,PowerShot G1X,769,6400,5863.0,64.167456939024,25.163708603538826,19.472433937314
Canon,PowerShot G1X,769,6400,5863.0,65.182523657433,25.561773983307056,19.542586849941
Canon,PowerShot G1X,769,6400,5863.0,66.197590375842,25.959839363075293,19.611563594725
Canon,PowerShot G1X,769,6400,5863.0,67.212657094252,26.357904742843917,19.679401681142
Canon,PowerShot G1X,769,6400,5863.0,68.227723812661,26.755970122612155,19.746136861755
Canon,PowerShot G1X,769,6400,5863.0,69.242790531071,27.15403550238078,19.811803239845
Canon,PowerShot G1X,769,6400,5863.0,70.25785724948,27.552100882149016,19.876433368952
Canon,PowerShot G1X,769,6400,5863.0,71.27292396789,27.950166261917648,19.940058345043
Canon,PowerShot G1X,769,6400,5863.0,72.287990686299,28.348231641685885,20.002707891946
Canon,PowerShot G1X,769,6400,5863.0,73.303057404709,28.74629702145451,20.064410440637
Canon,PowerShot G1X,769,6400,5863.0,74.318124123118,29.144362401222747,20.125193202891
Canon,PowerShot G1X,769,6400,5863.0,75.333190841527,29.54242778099098,20.185082239787
Canon,PowerShot G1X,769,6400,5863.0,76.348257559937,29.94049316075961,20.244102525473
Canon,PowerShot G1X,769,6400,5863.0,77.363324278346,30.338558540527842,20.302278006592
Canon,PowerShot G1X,769,6400,5863.0,78.378390996756,30.73662392029647,20.359631657708
Canon,PowerShot G1X,769,6400,5863.0,79.393457715165,31.134689300064704,20.416185533058
Canon,PowerShot G1X,769,6400,5863.0,80.408524433575,31.53275467983333,20.471960814914
Canon,PowerShot G1X,769,6400,5863.0,81.423591151984,31.930820059601565,20.526977858814
Canon,PowerShot G1X,769,6400,5863.0,82.438657870394,32.32888543937019,20.581256235909
Canon,PowerShot G1X,769,6400,5863.0,83.453724588803,32.72695081913843,20.634814772639
Canon,PowerShot G1X,769,6400,5863.0,84.468791307212,33.125016198906664,20.687671587937
Canon,PowerShot G1X,769,6400,5863.0,85.483858025622,33.523081578675296,20.739844128142
Canon,PowerShot G1X,769,6400,5863.0,86.498924744031,33.92114695844353,20.791349199795
Canon,PowerShot G1X,769,6400,5863.0,87.513991462441,34.319212338212154,20.842203000459
Canon,PowerShot G1X,769,6400,5863.0,88.52905818085,34.717277717980394,20.892421147713
Canon,PowerShot G1X,769,6400,5863.0,89.54412489926,35.11534309774902,20.942018706445
Canon,PowerShot G1X,769,6400,5863.0,90.559191617669,35.51340847751725,20.991010214557
Canon,PowerShot G1X,769,6400,5863.0,91.574258336079,35.911473857285884,21.039409707206
Canon,PowerShot G1X,769,6400,5863.0,92.589325054488,36.30953923705412,21.087230739656
Canon,PowerShot G1X,769,6400,5863.0,93.604391772897,36.70760461682235,21.134486408862
Canon,PowerShot G1X,769,6400,5863.0,94.619458491307,37.105669996590976,21.181189373851
Canon,PowerShot G1X,769,6400,5863.0,95.634525209716,37.50373537635922,21.227351874979
Canon,PowerShot G1X,769,6400,5863.0,96.649591928126,37.90180075612785,21.272985752159
Canon,PowerShot G1X,769,6400,5863.0,97.664658646535,38.299866135896075,21.318102462089
Canon,PowerShot G1X,769,6400,5863.0,98.679725364945,38.697931515664706,21.362713094584
Canon,PowerShot G1X,769,6400,5863.0,99.694792083354,39.09599689543295,21.406828388039
Canon,PowerShot G1X,769,6400,5863.0,100.70985880176,39.4940622752,21.450458744085
Canon,PowerShot G1X,769,6400,5863.0,101.72492552017,39.892127654968625,21.493614241499
Canon,PowerShot G1X,769,6400,5863.0,102.73999223858,40.29019303473726,21.5363046494
Canon,PowerShot G1X,769,6400,5863.0,103.75505895699,40.68825841450588,21.578539439774
Canon,PowerShot G1X,769,6400,5863.0,104.7701256754,41.08632379427451,21.620327799385
Canon,PowerShot G1X,769,6400,5863.0,105.78519239381,41.48438917404314,21.661678641082
Canon,PowerShot G1X,769,6400,5863.0,106.80025911222,41.88245455381177,21.702600614565
Canon,PowerShot G1X,769,6400,5863.0,107.81532583063,42.28051993358039,21.743102116619
Canon,PowerShot G1X,769,6400,5863.0,108.83039254904,42.67858531334902,21.78319130086
Canon,PowerShot G1X,769,6400,5863.0,109.84545926745,43.07665069311765,21.82287608702
Canon,PowerShot G1X,769,6400,5863.0,110.86052598586,43.474716072886274,21.862164169784
Canon,PowerShot G1X,769,6400,5863.0,111.87559270427,43.872781452654905,21.901063027224
Canon,PowerShot G1X,769,6400,5863.0,112.89065942268,44.27084683242353,21.939579928841
Canon,PowerShot G1X,769,6400,5863.0,113.90572614109,44.668912212192154,21.97772194323
Canon,PowerShot G1X,769,6400,5863.0,114.9207928595,45.066977591960786,22.015495945404
Canon,PowerShot G1X,769,6400,5863.0,115.93585957791,45.46504297172941,22.05290862379
Canon,PowerShot G1X,769,6400,5863.0,116.95092629631,45.86310835149412,22.0899664869
Canon,PowerShot G1X,769,6400,5863.0,117.96599301472,46.261173731262744,22.126675869722
Canon,PowerShot G1X,769,6400,5863.0,118.98105973313,46.65923911103137,22.163042939822
Canon,PowerShot G1X,769,6400,5863.0,119.99612645154,47.05730449079999,22.199073703179
Canon,PowerShot G1X,769,6400,5863.0,121.01119316995,47.45536987056863,22.234774009771
Canon,PowerShot G1X,769,6400,5863.0,122.02625988836,47.853435250337256,22.270149558927
Canon,PowerShot G1X,769,6400,5863.0,123.04132660677,48.25150063010588,22.305205904441
Canon,PowerShot G1X,769,6400,5863.0,124.05639332518,48.649566009874505,22.339948459481
Canon,PowerShot G1X,769,6400,5863.0,125.07146004359,49.047631389643136,22.374382501287
Canon,PowerShot G1X,769,6400,5863.0,126.086526762,49.44569676941177,22.408513175677
Canon,PowerShot G1X,769,6400,5863.0,127.10159348041,49.84376214918039,22.442345501369
Canon,PowerShot G1X,769,6400,5863.0,128.11666019882,50.241827528949024,22.475884374125
Canon,PowerShot G1X,769,6400,5863.0,129.13172691723,50.63989290871764,22.509134570726
Canon,PowerShot G1X,769,6400,5863.0,130.14679363564,51.03795828848627,22.542100752797
Canon,PowerShot G1X,769,6400,5863.0,131.16186035405,51.43602366825489,22.574787470466
Canon,PowerShot G1X,769,6400,5863.0,132.17692707246,51.83408904802352,22.607199165889
Canon,PowerShot G1X,769,6400,5863.0,133.19199379087,52.23215442779215,22.639340176636
Canon,PowerShot G1X,769,6400,5863.0,134.20706050928,52.630219807560785,22.67121473894
Canon,PowerShot G1X,769,6400,5863.0,135.22212722768,53.028285187325494,22.702826990828
Canon,PowerShot G1X,769,6400,5863.0,136.23719394609,53.42635056709412,22.734180975125
Canon,PowerShot G1X,769,6400,5863.0,137.2522606645,53.82441594686275,22.765280642351
Canon,PowerShot G1X,769,6400,5863.0,138.26732738291,54.22248132663137,22.796129853503
Canon,PowerShot G1X,769,6400,5863.0,139.28239410132,54.6205467064,22.826732382737
Canon,PowerShot G1X,769,6400,5863.0,140.29746081973,55.01861208616863,22.857091919951
Canon,PowerShot G1X,769,6400,5863.0,141.31252753814,55.41667746593725,22.887212073267
Canon,PowerShot G1X,769,6400,5863.0,142.32759425655,55.81474284570588,22.917096371428
Canon,PowerShot G1X,769,6400,5863.0,143.34266097496,56.21280822547452,22.946748266106
Canon,PowerShot G1X,769,6400,5863.0,144.35772769337,56.61087360524314,22.97617113413
Canon,PowerShot G1X,769,6400,5863.0,145.37279441178,57.00893898501177,23.005368279626
Canon,PowerShot G1X,769,6400,5863.0,146.38786113019,57.40700436478039,23.034342936089
Canon,PowerShot G1X,769,6400,5863.0,147.4029278486,57.80506974454902,23.063098268378
Canon,PowerShot G1X,769,6400,5863.0,148.41799456701,58.203135124317654,23.091637374646
Canon,PowerShot G1X,769,6400,5863.0,149.43306128542,58.60120050408627,23.119963288193
Canon,PowerShot G1X,769,6400,5863.0,150.44812800383,58.9992658838549,23.148078979265
Canon,PowerShot G1X,769,6400,5863.0,151.46319472224,59.39733126362352,23.175987356786
Canon,PowerShot G1X,769,6400,5863.0,152.47826144065,59.79539664339215,23.203691270033
Canon,PowerShot G1X,769,6400,5863.0,153.49332815905,60.19346202315686,23.231193510252
Canon,PowerShot G1X,769,6400,5863.0,154.50839487746,60.59152740292549,23.258496812222
Canon,PowerShot G1X,769,6400,5863.0,155.52346159587,60.989592782694125,23.285603855768
Canon,PowerShot G1X,769,6400,5863.0,156.53852831428,61.38765816246274,23.312517267216
Canon,PowerShot G1X,769,6400,5863.0,157.55359503269,61.78572354223137,23.339239620811
Canon,PowerShot G1X,769,6400,5863.0,158.5686617511,62.18378892199999,23.365773440082
Canon,PowerShot G1X,769,6400,5863.0,159.58372846951,62.58185430176862,23.392121199162
Canon,PowerShot G1X,769,6400,5863.0,160.59879518792,62.979919681537254,23.418285324068
Canon,PowerShot G1X,769,6400,5863.0,161.61386190633,63.37798506130588,23.444268193941
Canon,PowerShot G1X,769,6400,5863.0,162.62892862474,63.77605044107452,23.470072142242
Canon,PowerShot G1X,769,6400,5863.0,163.64399534315,64.17411582084314,23.495699457911
Canon,PowerShot G1X,769,6400,5863.0,164.65906206156,64.57218120061177,23.521152386496
Canon,PowerShot G1X,769,6400,5863.0,165.67412877997,64.9702465803804,23.546433131236
Canon,PowerShot G1X,769,6400,5863.0,166.68919549838,65.36831196014901,23.571543854121
Canon,PowerShot G1X,769,6400,5863.0,167.70426221679,65.76637733991765,23.59648667691
Canon,PowerShot G1X,769,6400,5863.0,168.7193289352,66.16444271968628,23.621263682123
Canon,PowerShot G1X,769,6400,5863.0,169.73439565361,66.5625080994549,23.645876914001
Canon,PowerShot G1X,769,6400,5863.0,170.74946237202,66.96057347922353,23.670328379439
Canon,PowerShot G1X,769,6400,5863.0,171.76452909043,67.35863885899215,23.694620048888
Canon,PowerShot G1X,769,6400,5863.0,172.77959580883,67.75670423875687,23.71875385723
Canon,PowerShot G1X,769,6400,5863.0,173.79466252724,68.15476961852549,23.742731704628
Canon,PowerShot G1X,769,6400,5863.0,174.80972924565,68.55283499829412,23.766555457352
Canon,PowerShot G1X,769,6400,5863.0,175.82479596406,68.95090037806274,23.79022694858
Canon,PowerShot G1X,769,6400,5863.0,176.83986268247,69.34896575783137,23.813747979171
Canon,PowerShot G1X,769,6400,5863.0,177.85492940088,69.7470311376,23.837120318423
Canon,PowerShot G1X,769,6400,5863.0,178.86999611929,70.14509651736861,23.860345704804
Canon,PowerShot G1X,769,6400,5863.0,179.8850628377,70.54316189713725,23.883425846662
Canon,PowerShot G1X,769,6400,5863.0,180.90012955611,70.94122727690588,23.906362422921
Canon,PowerShot G1X,769,6400,5863.0,181.91519627452,71.33929265667452,23.929157083742
Canon,PowerShot G1X,769,6400,5863.0,182.93026299293,71.73735803644314,23.951811451188
Canon,PowerShot G1X,769,6400,5863.0,183.94532971134,72.13542341621176,23.974327119846
Canon,PowerShot G1X,769,6400,5863.0,184.96039642975,72.53348879598039,23.996705657452
Canon,PowerShot G1X,769,6400,5863.0,185.97546314816,72.93155417574903,24.018948605485
Canon,PowerShot G1X,769,6400,5863.0,186.99052986657,73.32961955551764,24.041057479749
Canon,PowerShot G1X,769,6400,5863.0,188.00559658498,73.72768493528628,24.063033770944
Canon,PowerShot G1X,769,6400,5863.0,189.02066330339,74.1257503150549,24.084878945211
Canon,PowerShot G1X,769,6400,5863.0,190.0357300218,74.52381569482353,24.106594444671
Canon,PowerShot G1X,769,6400,5863.0,191.0507967402,74.92188107458824,24.128181687946
Canon,PowerShot G1X,769,6400,5863.0,192.06586345861,75.31994645435687,24.149642070666
Canon,PowerShot G1X,769,6400,5863.0,193.08093017702,75.71801183412549,24.170976965961
Canon,PowerShot G1X,769,6400,5863.0,194.09599689543,76.11607721389412,24.192187724943
Canon,PowerShot G1X,769,6400,5863.0,195.11106361384,76.51414259366275,24.213275677175
Canon,PowerShot G1X,769,6400,5863.0,196.12613033225,76.91220797343136,24.234242131122
Canon,PowerShot G1X,769,6400,5863.0,197.14119705066,77.3102733532,24.255088374599
Canon,PowerShot G1X,769,6400,5863.0,198.15626376907,77.70833873296863,24.2758156752
Canon,PowerShot G1X,769,6400,5863.0,199.17133048748,78.10640411273725,24.29642528072
Canon,PowerShot G1X,769,6400,5863.0,200.18639720589,78.50446949250588,24.316918419564
Canon,PowerShot G1X,769,6400,5863.0,201.2014639243,78.9025348722745,24.337296301145
Canon,PowerShot G1X,769,6400,5863.0,202.21653064271,79.30060025204314,24.357560116276
Canon,PowerShot G1X,769,6400,5863.0,203.23159736112,79.69866563181178,24.377711037546
Canon,PowerShot G1X,769,6400,5863.0,204.24666407953,80.09673101158039,24.397750219691
Canon,PowerShot G1X,769,6400,5863.0,205.26173079794,80.49479639134903,24.417678799954
Canon,PowerShot G1X,769,6400,5863.0,206.27679751635,80.89286177111765,24.437497898436
Canon,PowerShot G1X,769,6400,5863.0,207.29186423476,81.29092715088628,24.457208618439
Canon,PowerShot G1X,769,6400,5863.0,208.30693095317,81.6889925306549,24.476812046797
Canon,PowerShot G1X,769,6400,5863.0,209.32199767158,82.08705791042352,24.496309254206
Canon,PowerShot G1X,769,6400,5863.0,210.33706438998,82.48512329018823,24.515701295539
Canon,PowerShot G1X,769,6400,5863.0,211.35213110839,82.88318866995687,24.534989210156
Canon,PowerShot G1X,769,6400,5863.0,212.3671978268,83.28125404972549,24.554174022205
Canon,PowerShot G1X,769,6400,5863.0,213.38226454521,83.67931942949413,24.573256740921
Canon,PowerShot G1X,769,6400,5863.0,214.39733126362,84.07738480926274,24.592238360909
Canon,PowerShot G1X,769,6400,5863.0,215.41239798203,84.47545018903138,24.61111986243
Canon,PowerShot G1X,769,6400,5863.0,216.42746470044,84.8735155688,24.62990221167
Canon,PowerShot G1X,769,6400,5863.0,217.44253141885,85.27158094856863,24.648586361011
Canon,PowerShot G1X,769,6400,5863.0,218.45759813726,85.66964632833725,24.667173249293
Canon,PowerShot G1X,769,6400,5863.0,219.47266485567,86.06771170810588,24.685663802066
Canon,PowerShot G1X,769,6400,5863.0,220.48773157408,86.4657770878745,24.704058931843
Canon,PowerShot G1X,769,6400,5863.0,221.50279829249,86.86384246764314,24.72235953834
Canon,PowerShot G1X,769,6400,5863.0,222.5178650109,87.26190784741176,24.740566508715
Canon,PowerShot G1X,769,6400,5863.0,223.53293172931,87.6599732271804,24.758680717804
Canon,PowerShot G1X,769,6400,5863.0,224.54799844772,88.05803860694901,24.77670302834
Canon,PowerShot G1X,769,6400,5863.0,225.56306516613,88.45610398671765,24.794634291184
Canon,PowerShot G1X,769,6400,5863.0,226.57813188454,88.85416936648627,24.812475345533
Canon,PowerShot G1X,769,6400,5863.0,227.59319860295,89.2522347462549,24.830227019139
Canon,PowerShot G1X,769,6400,5863.0,228.60826532135,89.6503001260196,24.847890128512
Canon,PowerShot G1X,769,6400,5863.0,229.62333203976,90.04836550578823,24.865465479122
Canon,PowerShot G1X,769,6400,5863.0,230.63839875817,90.44643088555688,24.882953865599
Canon,PowerShot G1X,769,6400,5863.0,231.65346547658,90.84449626532549,24.900356071926
Canon,PowerShot G1X,769,6400,5863.0,232.66853219499,91.24256164509413,24.917672871628
Canon,PowerShot G1X,769,6400,5863.0,233.6835989134,91.64062702486274,24.934905027954
Canon,PowerShot G1X,769,6400,5863.0,234.69866563181,92.03869240463138,24.952053294062
Canon,PowerShot G1X,769,6400,5863.0,235.71373235022,92.4367577844,24.969118413196
Canon,PowerShot G1X,769,6400,5863.0,236.72879906863,92.83482316416863,24.986101118855
Canon,PowerShot G1X,769,6400,5863.0,237.74386578704,93.23288854393725,25.003002134965
Canon,PowerShot G1X,769,6400,5863.0,238.75893250545,93.63095392370589,25.019822176045
Canon,PowerShot G1X,769,6400,5863.0,239.77399922386,94.0290193034745,25.036561947368
Canon,PowerShot G1X,769,6400,5863.0,240.78906594227,94.42708468324315,25.053222145121
Canon,PowerShot G1X,769,6400,5863.0,241.80413266068,94.82515006301176,25.069803456557
Canon,PowerShot G1X,769,6400,5863.0,242.81919937909,95.2232154427804,25.08630656015
Canon,PowerShot G1X,769,6400,5863.0,243.8342660975,95.62128082254902,25.102732125745
Canon,PowerShot G1X,769,6400,5863.0,244.84933281591,96.01934620231765,25.119080814698
Canon,PowerShot G1X,769,6400,5863.0,245.86439953432,96.41741158208627,25.135353280025
Canon,PowerShot G1X,769,6400,5863.0,246.87946625272,96.81547696185098,25.151550166535
Canon,PowerShot G1X,769,6400,5863.0,247.89453297113,97.21354234161961,25.167672110973
Canon,PowerShot G1X,769,6400,5863.0,248.90959968954,97.61160772138822,25.18371974215
Canon,PowerShot G1X,769,6400,5863.0,249.92466640795,98.00967310115686,25.199693681075
Canon,PowerShot G1X,769,6400,5863.0,250.93973312636,98.4077384809255,25.215594541082
Canon,PowerShot G1X,769,6400,5863.0,251.95479984477,98.80580386069411,25.23142292796
Canon,PowerShot G1X,769,6400,5863.0,252.96986656318,99.20386924046275,25.247179440068
Canon,PowerShot G1X,769,6400,5863.0,253.98493328159,99.60193462023138,25.262864668467
Canon,PowerShot G1X,769,6400,5863.0,255,100.0,25.278479197028
Canon,PowerShot G1X,769,12800,11252.0,3.2634538344565,1.2797858174339216,0
Canon,PowerShot G1X,769,12800,11252.0,4.278520552866,1.677851197202353,1.8679228155548
Canon,PowerShot G1X,769,12800,11252.0,5.2935872712754,2.075916576970745,3.2812298976096
Canon,PowerShot G1X,769,12800,11252.0,6.3086539896849,2.4739819567391765,4.4088511721455
Canon,PowerShot G1X,769,12800,11252.0,7.3237207080943,2.8720473365075687,5.341710558711
Canon,PowerShot G1X,769,12800,11252.0,8.3387874265038,3.2701127162759995,6.1340576075296
Canon,PowerShot G1X,769,12800,11252.0,9.3538541449132,3.668178096044392,6.8206963218011
Canon,PowerShot G1X,769,12800,11252.0,10.368920863323,4.066243475812941,7.4251985111308
Canon,PowerShot G1X,769,12800,11252.0,11.383987581732,4.4643088555811765,7.9642159686565
Canon,PowerShot G1X,769,12800,11252.0,12.399054300142,4.8623742353498045,8.4499163976526
Canon,PowerShot G1X,769,12800,11252.0,13.414121018551,5.260439615118039,8.8914411374962
Canon,PowerShot G1X,769,12800,11252.0,14.42918773696,5.6585049948862745,9.2958192390692
Canon,PowerShot G1X,769,12800,11252.0,15.44425445537,6.0565703746549024,9.6685632639966
Canon,PowerShot G1X,769,12800,11252.0,16.459321173779,6.454635754423137,10.014070514299
Canon,PowerShot G1X,769,12800,11252.0,17.474387892189,6.852701134191765,10.335900884025
Canon,PowerShot G1X,769,12800,11252.0,18.489454610598,7.2507665139599995,10.636973980861
Canon,PowerShot G1X,769,12800,11252.0,19.504521329008,7.6488318937286275,10.919711964094
Canon,PowerShot G1X,769,12800,11252.0,20.519588047417,8.046897273496862,11.186144998825
Canon,PowerShot G1X,769,12800,11252.0,21.534654765827,8.44496265326549,11.437990414853
Canon,PowerShot G1X,769,12800,11252.0,22.549721484236,8.843028033033724,11.676713017911
Canon,PowerShot G1X,769,12800,11252.0,23.564788202646,9.241093412802352,11.903571661141
Canon,PowerShot G1X,769,12800,11252.0,24.579854921055,9.639158792570587,12.119655646445
Canon,PowerShot G1X,769,12800,11252.0,25.594921639464,10.037224172338824,12.325913492987
Canon,PowerShot G1X,769,12800,11252.0,26.609988357874,10.43528955210745,12.523175904381
Canon,PowerShot G1X,769,12800,11252.0,27.625055076283,10.833354931875688,12.712174275361
Canon,PowerShot G1X,769,12800,11252.0,28.640121794693,11.231420311644314,12.893555732271
Canon,PowerShot G1X,769,12800,11252.0,29.655188513102,11.62948569141255,13.067895453512
Canon,PowerShot G1X,769,12800,11252.0,30.670255231512,12.027551071181177,13.235706836071
Canon,PowerShot G1X,769,12800,11252.0,31.685321949921,12.425616450949411,13.397449942019
Canon,PowerShot G1X,769,12800,11252.0,32.700388668331,12.823681830718039,13.55353856065
Canon,PowerShot G1X,769,12800,11252.0,33.71545538674,13.221747210486273,13.704346148304
Canon,PowerShot G1X,769,12800,11252.0,34.730522105149,13.61981259025451,13.850210852034
Canon,PowerShot G1X,769,12800,11252.0,35.745588823559,14.017877970023134,13.991439780638
Canon,PowerShot G1X,769,12800,11252.0,36.760655541968,14.415943349791371,14.12831265366
Canon,PowerShot G1X,769,12800,11252.0,37.775722260378,14.81400872956,14.261084933354
Canon,PowerShot G1X,769,12800,11252.0,38.790788978787,15.212074109328237,14.389990524644
Canon,PowerShot G1X,769,12800,11252.0,39.805855697197,15.610139489096863,14.515244112231
Canon,PowerShot G1X,769,12800,11252.0,40.820922415606,16.008204868865096,14.637043191546
Canon,PowerShot G1X,769,12800,11252.0,41.835989134016,16.406270248633728,14.755569840167
Canon,PowerShot G1X,769,12800,11252.0,42.851055852425,16.804335628401958,14.870992268308
Canon,PowerShot G1X,769,12800,11252.0,43.866122570835,17.20240100817059,14.983466180459
Canon,PowerShot G1X,769,12800,11252.0,44.881189289244,17.600466387938823,15.093135974983
Canon,PowerShot G1X,769,12800,11252.0,45.896256007653,17.99853176770706,15.200135804153
Canon,PowerShot G1X,769,12800,11252.0,46.911322726063,18.396597147475685,15.304590513583
Canon,PowerShot G1X,769,12800,11252.0,47.926389444472,18.794662527243922,15.406616477049
Canon,PowerShot G1X,769,12800,11252.0,48.941456162882,19.19272790701255,15.506322340329
Canon,PowerShot G1X,769,12800,11252.0,49.956522881291,19.590793286780784,15.603809685637
Canon,PowerShot G1X,769,12800,11252.0,50.971589599701,19.98885866654941,15.699173626562
Canon,PowerShot G1X,769,12800,11252.0,51.98665631811,20.38692404631765,15.792503342022
Canon,PowerShot G1X,769,12800,11252.0,53.00172303652,20.784989426086273,15.883882556547
Canon,PowerShot G1X,769,12800,11252.0,54.016789754929,21.18305480585451,15.973389973197
Canon,PowerShot G1X,769,12800,11252.0,55.031856473338,21.581120185622744,16.06109966461
Canon,PowerShot G1X,769,12800,11252.0,56.046923191748,21.979185565391372,16.147081426899
Canon,PowerShot G1X,769,12800,11252.0,57.061989910157,22.37725094515961,16.23140110056
Canon,PowerShot G1X,769,12800,11252.0,58.077056628567,22.775316324928234,16.314120861978
Canon,PowerShot G1X,769,12800,11252.0,59.092123346976,23.17338170469647,16.395299488712
Canon,PowerShot G1X,769,12800,11252.0,60.107190065386,23.571447084465095,16.474992601302
Canon,PowerShot G1X,769,12800,11252.0,61.122256783795,23.969512464233333,16.553252884067
Canon,PowerShot G1X,769,12800,11252.0,62.137323502205,24.36757784400196,16.630130287016
Canon,PowerShot G1X,769,12800,11252.0,63.152390220614,24.765643223770198,16.705672210778
Canon,PowerShot G1X,769,12800,11252.0,64.167456939024,25.163708603538826,16.779923676234
Canon,PowerShot G1X,769,12800,11252.0,65.182523657433,25.561773983307056,16.85292748033
Canon,PowerShot G1X,769,12800,11252.0,66.197590375842,25.959839363075293,16.924724339403
Canon,PowerShot G1X,769,12800,11252.0,67.212657094252,26.357904742843917,16.995353021199
Canon,PowerShot G1X,769,12800,11252.0,68.227723812661,26.755970122612155,17.064850466615
Canon,PowerShot G1X,769,12800,11252.0,69.242790531071,27.15403550238078,17.133251902139
Canon,PowerShot G1X,769,12800,11252.0,70.25785724948,27.552100882149016,17.200590943787
Canon,PowerShot G1X,769,12800,11252.0,71.27292396789,27.950166261917648,17.26689969333
Canon,PowerShot G1X,769,12800,11252.0,72.287990686299,28.348231641685885,17.332208827459
Canon,PowerShot G1X,769,12800,11252.0,73.303057404709,28.74629702145451,17.396547680512
Canon,PowerShot G1X,769,12800,11252.0,74.318124123118,29.144362401222747,17.459944321303
Canon,PowerShot G1X,769,12800,11252.0,75.333190841527,29.54242778099098,17.522425624564
Canon,PowerShot G1X,769,12800,11252.0,76.348257559937,29.94049316075961,17.584017337419
Canon,PowerShot G1X,769,12800,11252.0,77.363324278346,30.338558540527842,17.644744141327
Canon,PowerShot G1X,769,12800,11252.0,78.378390996756,30.73662392029647,17.70462970984
Canon,PowerShot G1X,769,12800,11252.0,79.393457715165,31.134689300064704,17.763696762508
Canon,PowerShot G1X,769,12800,11252.0,80.408524433575,31.53275467983333,17.821967115256
Canon,PowerShot G1X,769,12800,11252.0,81.423591151984,31.930820059601565,17.879461727471
Canon,PowerShot G1X,769,12800,11252.0,82.438657870394,32.32888543937019,17.936200746091
Canon,PowerShot G1X,769,12800,11252.0,83.453724588803,32.72695081913843,17.992203546889
Canon,PowerShot G1X,769,12800,11252.0,84.468791307212,33.125016198906664,18.047488773184
Canon,PowerShot G1X,769,12800,11252.0,85.483858025622,33.523081578675296,18.10207437216
Canon,PowerShot G1X,769,12800,11252.0,86.498924744031,33.92114695844353,18.155977628962
Canon,PowerShot G1X,769,12800,11252.0,87.513991462441,34.319212338212154,18.209215198751
Canon,PowerShot G1X,769,12800,11252.0,88.52905818085,34.717277717980394,18.261803136831
Canon,PowerShot G1X,769,12800,11252.0,89.54412489926,35.11534309774902,18.313756927014
Canon,PowerShot G1X,769,12800,11252.0,90.559191617669,35.51340847751725,18.365091508332
Canon,PowerShot G1X,769,12800,11252.0,91.574258336079,35.911473857285884,18.415821300203
Canon,PowerShot G1X,769,12800,11252.0,92.589325054488,36.30953923705412,18.465960226175
Canon,PowerShot G1X,769,12800,11252.0,93.604391772897,36.70760461682235,18.515521736326
Canon,PowerShot G1X,769,12800,11252.0,94.619458491307,37.105669996590976,18.564518828419
Canon,PowerShot G1X,769,12800,11252.0,95.634525209716,37.50373537635922,18.612964067895
Canon,PowerShot G1X,769,12800,11252.0,96.649591928126,37.90180075612785,18.660869606772
Canon,PowerShot G1X,769,12800,11252.0,97.664658646535,38.299866135896075,18.708247201526
Canon,PowerShot G1X,769,12800,11252.0,98.679725364945,38.697931515664706,18.755108230021
Canon,PowerShot G1X,769,12800,11252.0,99.694792083354,39.09599689543295,18.801463707545
Canon,PowerShot G1X,769,12800,11252.0,100.70985880176,39.4940622752,18.847324302002
Canon,PowerShot G1X,769,12800,11252.0,101.72492552017,39.892127654968625,18.892700348329
Canon,PowerShot G1X,769,12800,11252.0,102.73999223858,40.29019303473726,18.937601862167
Canon,PowerShot G1X,769,12800,11252.0,103.75505895699,40.68825841450588,18.98203855284
Canon,PowerShot G1X,769,12800,11252.0,104.7701256754,41.08632379427451,19.026019835686
Canon,PowerShot G1X,769,12800,11252.0,105.78519239381,41.48438917404314,19.069554843775
Canon,PowerShot G1X,769,12800,11252.0,106.80025911222,41.88245455381177,19.112652439044
Canon,PowerShot G1X,769,12800,11252.0,107.81532583063,42.28051993358039,19.155321222902
Canon,PowerShot G1X,769,12800,11252.0,108.83039254904,42.67858531334902,19.197569546306
Canon,PowerShot G1X,769,12800,11252.0,109.84545926745,43.07665069311765,19.239405519375
Canon,PowerShot G1X,769,12800,11252.0,110.86052598586,43.474716072886274,19.280837020532
Canon,PowerShot G1X,769,12800,11252.0,111.87559270427,43.872781452654905,19.321871705222
Canon,PowerShot G1X,769,12800,11252.0,112.89065942268,44.27084683242353,19.362517014234
Canon,PowerShot G1X,769,12800,11252.0,113.90572614109,44.668912212192154,19.402780181624
Canon,PowerShot G1X,769,12800,11252.0,114.9207928595,45.066977591960786,19.442668242285
Canon,PowerShot G1X,769,12800,11252.0,115.93585957791,45.46504297172941,19.48218803918
Canon,PowerShot G1X,769,12800,11252.0,116.95092629631,45.86310835149412,19.521346230234
Canon,PowerShot G1X,769,12800,11252.0,117.96599301472,46.261173731262744,19.560149294937
Canon,PowerShot G1X,769,12800,11252.0,118.98105973313,46.65923911103137,19.598603540648
Canon,PowerShot G1X,769,12800,11252.0,119.99612645154,47.05730449079999,19.63671510862
Canon,PowerShot G1X,769,12800,11252.0,121.01119316995,47.45536987056863,19.674489979772
Canon,PowerShot G1X,769,12800,11252.0,122.02625988836,47.853435250337256,19.711933980209
Canon,PowerShot G1X,769,12800,11252.0,123.04132660677,48.25150063010588,19.749052786505
Canon,PowerShot G1X,769,12800,11252.0,124.05639332518,48.649566009874505,19.785851930769
Canon,PowerShot G1X,769,12800,11252.0,125.07146004359,49.047631389643136,19.822336805492
Canon,PowerShot G1X,769,12800,11252.0,126.086526762,49.44569676941177,19.858512668197
Canon,PowerShot G1X,769,12800,11252.0,127.10159348041,49.84376214918039,19.894384645896
Canon,PowerShot G1X,769,12800,11252.0,128.11666019882,50.241827528949024,19.929957739365
Canon,PowerShot G1X,769,12800,11252.0,129.13172691723,50.63989290871764,19.965236827246
Canon,PowerShot G1X,769,12800,11252.0,130.14679363564,51.03795828848627,20.000226669985
Canon,PowerShot G1X,769,12800,11252.0,131.16186035405,51.43602366825489,20.034931913609
Canon,PowerShot G1X,769,12800,11252.0,132.17692707246,51.83408904802352,20.069357093358
Canon,PowerShot G1X,769,12800,11252.0,133.19199379087,52.23215442779215,20.103506637173
Canon,PowerShot G1X,769,12800,11252.0,134.20706050928,52.630219807560785,20.137384869045
Canon,PowerShot G1X,769,12800,11252.0,135.22212722768,53.028285187325494,20.170996012243
Canon,PowerShot G1X,769,12800,11252.0,136.23719394609,53.42635056709412,20.204344192403
Canon,PowerShot G1X,769,12800,11252.0,137.2522606645,53.82441594686275,20.237433440519
Canon,PowerShot G1X,769,12800,11252.0,138.26732738291,54.22248132663137,20.270267695802
Canon,PowerShot G1X,769,12800,11252.0,139.28239410132,54.6205467064,20.302850808445
Canon,PowerShot G1X,769,12800,11252.0,140.29746081973,55.01861208616863,20.335186542278
Canon,PowerShot G1X,769,12800,11252.0,141.31252753814,55.41667746593725,20.367278577328
Canon,PowerShot G1X,769,12800,11252.0,142.32759425655,55.81474284570588,20.399130512285
Canon,PowerShot G1X,769,12800,11252.0,143.34266097496,56.21280822547452,20.430745866873
Canon,PowerShot G1X,769,12800,11252.0,144.35772769337,56.61087360524314,20.462128084148
Canon,PowerShot G1X,769,12800,11252.0,145.37279441178,57.00893898501177,20.493280532693
Canon,PowerShot G1X,769,12800,11252.0,146.38786113019,57.40700436478039,20.524206508757
Canon,PowerShot G1X,769,12800,11252.0,147.4029278486,57.80506974454902,20.554909238304
Canon,PowerShot G1X,769,12800,11252.0,148.41799456701,58.203135124317654,20.585391878991
Canon,PowerShot G1X,769,12800,11252.0,149.43306128542,58.60120050408627,20.615657522085
Canon,PowerShot G1X,769,12800,11252.0,150.44812800383,58.9992658838549,20.645709194304
Canon,PowerShot G1X,769,12800,11252.0,151.46319472224,59.39733126362352,20.6755498596
Canon,PowerShot G1X,769,12800,11252.0,152.47826144065,59.79539664339215,20.70518242088
Canon,PowerShot G1X,769,12800,11252.0,153.49332815905,60.19346202315686,20.73460972167
Canon,PowerShot G1X,769,12800,11252.0,154.50839487746,60.59152740292549,20.763834547717
Canon,PowerShot G1X,769,12800,11252.0,155.52346159587,60.989592782694125,20.792859628544
Canon,PowerShot G1X,769,12800,11252.0,156.53852831428,61.38765816246274,20.821687638953
Canon,PowerShot G1X,769,12800,11252.0,157.55359503269,61.78572354223137,20.85032120047
Canon,PowerShot G1X,769,12800,11252.0,158.5686617511,62.18378892199999,20.878762882751
Canon,PowerShot G1X,769,12800,11252.0,159.58372846951,62.58185430176862,20.907015204943
Canon,PowerShot G1X,769,12800,11252.0,160.59879518792,62.979919681537254,20.935080636992
Canon,PowerShot G1X,769,12800,11252.0,161.61386190633,63.37798506130588,20.962961600916
Canon,PowerShot G1X,769,12800,11252.0,162.62892862474,63.77605044107452,20.990660472035
Canon,PowerShot G1X,769,12800,11252.0,163.64399534315,64.17411582084314,21.018179580163
Canon,PowerShot G1X,769,12800,11252.0,164.65906206156,64.57218120061177,21.045521210761
Canon,PowerShot G1X,769,12800,11252.0,165.67412877997,64.9702465803804,21.072687606054
Canon,PowerShot G1X,769,12800,11252.0,166.68919549838,65.36831196014901,21.099680966112
Canon,PowerShot G1X,769,12800,11252.0,167.70426221679,65.76637733991765,21.126503449902
Canon,PowerShot G1X,769,12800,11252.0,168.7193289352,66.16444271968628,21.153157176298
Canon,PowerShot G1X,769,12800,11252.0,169.73439565361,66.5625080994549,21.179644225075
Canon,PowerShot G1X,769,12800,11252.0,170.74946237202,66.96057347922353,21.205966637856
Canon,PowerShot G1X,769,12800,11252.0,171.76452909043,67.35863885899215,21.232126419041
Canon,PowerShot G1X,769,12800,11252.0,172.77959580883,67.75670423875687,21.258125536708
Canon,PowerShot G1X,769,12800,11252.0,173.79466252724,68.15476961852549,21.283965923479
Canon,PowerShot G1X,769,12800,11252.0,174.80972924565,68.55283499829412,21.309649477369
Canon,PowerShot G1X,769,12800,11252.0,175.82479596406,68.95090037806274,21.335178062607
Canon,PowerShot G1X,769,12800,11252.0,176.83986268247,69.34896575783137,21.360553510429
Canon,PowerShot G1X,769,12800,11252.0,177.85492940088,69.7470311376,21.385777619852
Canon,PowerShot G1X,769,12800,11252.0,178.86999611929,70.14509651736861,21.410852158428
Canon,PowerShot G1X,769,12800,11252.0,179.8850628377,70.54316189713725,21.435778862966
Canon,PowerShot G1X,769,12800,11252.0,180.90012955611,70.94122727690588,21.460559440246
Canon,PowerShot G1X,769,12800,11252.0,181.91519627452,71.33929265667452,21.485195567704
Canon,PowerShot G1X,769,12800,11252.0,182.93026299293,71.73735803644314,21.509688894099
Canon,PowerShot G1X,769,12800,11252.0,183.94532971134,72.13542341621176,21.534041040164
Canon,PowerShot G1X,769,12800,11252.0,184.96039642975,72.53348879598039,21.558253599238
Canon,PowerShot G1X,769,12800,11252.0,185.97546314816,72.93155417574903,21.582328137874
Canon,PowerShot G1X,769,12800,11252.0,186.99052986657,73.32961955551764,21.606266196441
Canon,PowerShot G1X,769,12800,11252.0,188.00559658498,73.72768493528628,21.630069289701
Canon,PowerShot G1X,769,12800,11252.0,189.02066330339,74.1257503150549,21.653738907373
Canon,PowerShot G1X,769,12800,11252.0,190.0357300218,74.52381569482353,21.677276514681
Canon,PowerShot G1X,769,12800,11252.0,191.0507967402,74.92188107458824,21.70068355289
Canon,PowerShot G1X,769,12800,11252.0,192.06586345861,75.31994645435687,21.723961439821
Canon,PowerShot G1X,769,12800,11252.0,193.08093017702,75.71801183412549,21.74711157036
Canon,PowerShot G1X,769,12800,11252.0,194.09599689543,76.11607721389412,21.770135316945
Canon,PowerShot G1X,769,12800,11252.0,195.11106361384,76.51414259366275,21.793034030051
Canon,PowerShot G1X,769,12800,11252.0,196.12613033225,76.91220797343136,21.815809038648
Canon,PowerShot G1X,769,12800,11252.0,197.14119705066,77.3102733532,21.838461650663
Canon,PowerShot G1X,769,12800,11252.0,198.15626376907,77.70833873296863,21.860993153412
Canon,PowerShot G1X,769,12800,11252.0,199.17133048748,78.10640411273725,21.88340481404
Canon,PowerShot G1X,769,12800,11252.0,200.18639720589,78.50446949250588,21.905697879933
Canon,PowerShot G1X,769,12800,11252.0,201.2014639243,78.9025348722745,21.927873579129
Canon,PowerShot G1X,769,12800,11252.0,202.21653064271,79.30060025204314,21.949933120714
Canon,PowerShot G1X,769,12800,11252.0,203.23159736112,79.69866563181178,21.971877695212
Canon,PowerShot G1X,769,12800,11252.0,204.24666407953,80.09673101158039,21.993708474962
Canon,PowerShot G1X,769,12800,11252.0,205.26173079794,80.49479639134903,22.015426614485
Canon,PowerShot G1X,769,12800,11252.0,206.27679751635,80.89286177111765,22.037033250842
Canon,PowerShot G1X,769,12800,11252.0,207.29186423476,81.29092715088628,22.058529503987
Canon,PowerShot G1X,769,12800,11252.0,208.30693095317,81.6889925306549,22.079916477106
Canon,PowerShot G1X,769,12800,11252.0,209.32199767158,82.08705791042352,22.10119525695
Canon,PowerShot G1X,769,12800,11252.0,210.33706438998,82.48512329018823,22.122366914161
Canon,PowerShot G1X,769,12800,11252.0,211.35213110839,82.88318866995687,22.143432503586
Canon,PowerShot G1X,769,12800,11252.0,212.3671978268,83.28125404972549,22.164393064587
Canon,PowerShot G1X,769,12800,11252.0,213.38226454521,83.67931942949413,22.185249621344
Canon,PowerShot G1X,769,12800,11252.0,214.39733126362,84.07738480926274,22.206003183147
Canon,PowerShot G1X,769,12800,11252.0,215.41239798203,84.47545018903138,22.226654744682
Canon,PowerShot G1X,769,12800,11252.0,216.42746470044,84.8735155688,22.247205286315
Canon,PowerShot G1X,769,12800,11252.0,217.44253141885,85.27158094856863,22.26765577436
Canon,PowerShot G1X,769,12800,11252.0,218.45759813726,85.66964632833725,22.288007161353
Canon,PowerShot G1X,769,12800,11252.0,219.47266485567,86.06771170810588,22.308260386305
Canon,PowerShot G1X,769,12800,11252.0,220.48773157408,86.4657770878745,22.328416374962
Canon,PowerShot G1X,769,12800,11252.0,221.50279829249,86.86384246764314,22.34847604005
Canon,PowerShot G1X,769,12800,11252.0,222.5178650109,87.26190784741176,22.36844028152
Canon,PowerShot G1X,769,12800,11252.0,223.53293172931,87.6599732271804,22.388309986786
Canon,PowerShot G1X,769,12800,11252.0,224.54799844772,88.05803860694901,22.408086030953
Canon,PowerShot G1X,769,12800,11252.0,225.56306516613,88.45610398671765,22.427769277047
Canon,PowerShot G1X,769,12800,11252.0,226.57813188454,88.85416936648627,22.447360576232
Canon,PowerShot G1X,769,12800,11252.0,227.59319860295,89.2522347462549,22.466860768032
Canon,PowerShot G1X,769,12800,11252.0,228.60826532135,89.6503001260196,22.486270680536
Canon,PowerShot G1X,769,12800,11252.0,229.62333203976,90.04836550578823,22.50559113061
Canon,PowerShot G1X,769,12800,11252.0,230.63839875817,90.44643088555688,22.524822924095
Canon,PowerShot G1X,769,12800,11252.0,231.65346547658,90.84449626532549,22.543966856004
Canon,PowerShot G1X,769,12800,11252.0,232.66853219499,91.24256164509413,22.563023710719
Canon,PowerShot G1X,769,12800,11252.0,233.6835989134,91.64062702486274,22.581994262176
Canon,PowerShot G1X,769,12800,11252.0,234.69866563181,92.03869240463138,22.600879274051
Canon,PowerShot G1X,769,12800,11252.0,235.71373235022,92.4367577844,22.619679499938
Canon,PowerShot G1X,769,12800,11252.0,236.72879906863,92.83482316416863,22.638395683529
Canon,PowerShot G1X,769,12800,11252.0,237.74386578704,93.23288854393725,22.657028558787
Canon,PowerShot G1X,769,12800,11252.0,238.75893250545,93.63095392370589,22.67557885011
Canon,PowerShot G1X,769,12800,11252.0,239.77399922386,94.0290193034745,22.6940472725
Canon,PowerShot G1X,769,12800,11252.0,240.78906594227,94.42708468324315,22.712434531725
Canon,PowerShot G1X,769,12800,11252.0,241.80413266068,94.82515006301176,22.730741324475
Canon,PowerShot G1X,769,12800,11252.0,242.81919937909,95.2232154427804,22.748968338518
Canon,PowerShot G1X,769,12800,11252.0,243.8342660975,95.62128082254902,22.767116252854
Canon,PowerShot G1X,769,12800,11252.0,244.84933281591,96.01934620231765,22.785185737858
Canon,PowerShot G1X,769,12800,11252.0,245.86439953432,96.41741158208627,22.803177455431
Canon,PowerShot G1X,769,12800,11252.0,246.87946625272,96.81547696185098,22.821092059136
Canon,PowerShot G1X,769,12800,11252.0,247.89453297113,97.21354234161961,22.838930194344
Canon,PowerShot G1X,769,12800,11252.0,248.90959968954,97.61160772138822,22.856692498366
Canon,PowerShot G1X,769,12800,11252.0,249.92466640795,98.00967310115686,22.874379600588
Canon,PowerShot G1X,769,12800,11252.0,250.93973312636,98.4077384809255,22.8919921226
Canon,PowerShot G1X,769,12800,11252.0,251.95479984477,98.80580386069411,22.909530678326
Canon,PowerShot G1X,769,12800,11252.0,252.96986656318,99.20386924046275,22.92699587415
Canon,PowerShot G1X,769,12800,11252.0,253.98493328159,99.60193462023138,22.944388309038
Canon,PowerShot G1X,769,12800,11252.0,255,100.0,22.961708574657
