brand,model,sensor_id,iso_manufacturer,iso_measured,gray_level_255,gray_pct,snr_db
Canon,EOS 5DS,1008,50,77.0,0.11818558048284,0.04634728646385883,0
Canon,EOS 5DS,1008,50,77.0,0.12232853321137,0.04797197380838039,0.28915943633171
Canon,EOS 5DS,1008,50,77.0,0.15348761164151,0.06019122025157256,2.1847961194677
Canon,EOS 5DS,1008,50,77.0,0.22200045142478,0.08705900055873725,5.2292756392076
Canon,EOS 5DS,1008,50,77.0,0.37595795135291,0.14743449072663137,9.4630233960081
Canon,EOS 5DS,1008,50,77.0,0.66957148659487,0.26257705356661565,13.889341330531
Canon,EOS 5DS,1008,50,77.0,1.1601323411628,0.4549538592795294,17.828981213453
Canon,EOS 5DS,1008,50,77.0,2.3569228820918,0.9242834831732549,22.433715813637
Canon,EOS 5DS,1008,50,77.0,3.3797693481562,1.3253997443749803,24.563610862474
Canon,EOS 5DS,1008,50,77.0,4.4026158142206,1.726516005576706,26.040889078037
Canon,EOS 5DS,1008,50,77.0,5.425462280285,2.1276322667784315,27.16112803246
Canon,EOS 5DS,1008,50,77.0,6.4483087463494,2.5287485279801567,28.058210811759
Canon,EOS 5DS,1008,50,77.0,7.4711552124138,2.9298647891818823,28.803457872962
Canon,EOS 5DS,1008,50,77.0,8.4940016784782,3.330981050383608,29.439109244086
Canon,EOS 5DS,1008,50,77.0,9.5168481445426,3.7320973115853335,29.992135628687
Canon,EOS 5DS,1008,50,77.0,10.539694610607,4.133213572787059,30.480755483524
Canon,EOS 5DS,1008,50,77.0,11.562541076671,4.534329833988628,30.917826095911
Canon,EOS 5DS,1008,50,77.0,12.585387542736,4.935446095190588,31.31274494469
Canon,EOS 5DS,1008,50,77.0,13.6082340088,5.336562356392157,31.672580712701
Canon,EOS 5DS,1008,50,77.0,14.631080474865,5.737678617594118,32.002779174261
Canon,EOS 5DS,1008,50,77.0,15.653926940929,6.138794878795687,32.307621668445
Canon,EOS 5DS,1008,50,77.0,16.676773406993,6.539911139997255,32.590533060142
Canon,EOS 5DS,1008,50,77.0,17.699619873058,6.941027401199216,32.854294636461
Canon,EOS 5DS,1008,50,77.0,18.722466339122,7.342143662400785,33.101194992991
Canon,EOS 5DS,1008,50,77.0,19.745312805187,7.7432599236027455,33.333139323234
Canon,EOS 5DS,1008,50,77.0,20.768159271251,8.144376184804313,33.551730111427
Canon,EOS 5DS,1008,50,77.0,21.791005737315,8.545492446005882,33.758327734892
Canon,EOS 5DS,1008,50,77.0,22.81385220338,8.946608707207844,33.954096676482
Canon,EOS 5DS,1008,50,77.0,23.836698669444,9.347724968409413,34.140041250151
Canon,EOS 5DS,1008,50,77.0,24.859545135509,9.748841229611372,34.317033563745
Canon,EOS 5DS,1008,50,77.0,25.882391601573,10.149957490812941,34.485835653623
Canon,EOS 5DS,1008,50,77.0,26.905238067638,10.5510737520149,34.647117186818
Canon,EOS 5DS,1008,50,77.0,27.928084533702,10.95219001321647,34.8014697523
Canon,EOS 5DS,1008,50,77.0,28.950930999766,11.35330627441804,34.949418498883
Canon,EOS 5DS,1008,50,77.0,29.973777465831,11.754422535619998,35.091431688463
Canon,EOS 5DS,1008,50,77.0,30.996623931895,12.155538796821569,35.227928596207
Canon,EOS 5DS,1008,50,77.0,32.01947039796,12.55665505802353,35.359286088739
Canon,EOS 5DS,1008,50,77.0,33.042316864024,12.957771319225097,35.485844136657
Canon,EOS 5DS,1008,50,77.0,34.065163330088,13.358887580426664,35.607910461641
Canon,EOS 5DS,1008,50,77.0,35.088009796153,13.76000384162863,35.725764475902
Canon,EOS 5DS,1008,50,77.0,36.110856262217,14.161120102830196,35.839660639246
Canon,EOS 5DS,1008,50,77.0,37.133702728282,14.562236364032158,35.9498313339
Canon,EOS 5DS,1008,50,77.0,38.156549194346,14.963352625233725,36.056489337768
Canon,EOS 5DS,1008,50,77.0,39.17939566041,15.364468886435295,36.159829961501
Canon,EOS 5DS,1008,50,77.0,40.202242126475,15.765585147637253,36.260032902651
Canon,EOS 5DS,1008,50,77.0,41.225088592539,16.166701408838826,36.357263860649
Canon,EOS 5DS,1008,50,77.0,42.247935058604,16.567817670040785,36.451675948632
Canon,EOS 5DS,1008,50,77.0,43.270781524668,16.968933931242354,36.543410931976
Canon,EOS 5DS,1008,50,77.0,44.293627990732,17.37005019244392,36.632600318439
Canon,EOS 5DS,1008,50,77.0,45.316474456797,17.771166453645883,36.719366320684
Canon,EOS 5DS,1008,50,77.0,46.339320922861,18.17228271484745,36.803822708713
Canon,EOS 5DS,1008,50,77.0,47.362167388926,18.57339897604941,36.886075566926
Canon,EOS 5DS,1008,50,77.0,48.38501385499,18.97451523725098,36.966223968348
Canon,EOS 5DS,1008,50,77.0,49.407860321054,19.37563149845255,37.044360576625
Canon,EOS 5DS,1008,50,77.0,50.430706787119,19.77674775965451,37.120572184888
Canon,EOS 5DS,1008,50,77.0,51.453553253183,20.177864020856077,37.194940199244
Canon,EOS 5DS,1008,50,77.0,52.476399719248,20.57898028205804,37.267541073588
Canon,EOS 5DS,1008,50,77.0,53.499246185312,20.98009654325961,37.338446701478
Canon,EOS 5DS,1008,50,77.0,54.522092651377,21.38121280446157,37.40772477008
Canon,EOS 5DS,1008,50,77.0,55.544939117441,21.782329065663138,37.475439080473
Canon,EOS 5DS,1008,50,77.0,56.567785583505,22.183445326864707,37.541649838099
Canon,EOS 5DS,1008,50,77.0,57.59063204957,22.584561588066666,37.606413916617
Canon,EOS 5DS,1008,50,77.0,58.613478515634,22.985677849268235,37.669785098031
Canon,EOS 5DS,1008,50,77.0,59.636324981699,23.386794110470195,37.731814291614
Canon,EOS 5DS,1008,50,77.0,60.659171447763,23.787910371671764,37.792549733814
Canon,EOS 5DS,1008,50,77.0,61.682017913827,24.189026632873333,37.852037171109
Canon,EOS 5DS,1008,50,77.0,62.704864379892,24.590142894075296,37.910320027514
Canon,EOS 5DS,1008,50,77.0,63.727710845956,24.99125915527686,37.967439558259
Canon,EOS 5DS,1008,50,77.0,64.750557312021,25.392375416478824,38.023434990986
Canon,EOS 5DS,1008,50,77.0,65.773403778085,25.793491677680393,38.078343655668
Canon,EOS 5DS,1008,50,77.0,66.796250244149,26.19460793888196,38.132201104294
Canon,EOS 5DS,1008,50,77.0,67.819096710214,26.59572420008392,38.185041221297
Canon,EOS 5DS,1008,50,77.0,68.841943176278,26.996840461285487,38.236896325545
Canon,EOS 5DS,1008,50,77.0,69.864789642343,27.39795672248745,38.287797264676
Canon,EOS 5DS,1008,50,77.0,70.887636108407,27.799072983689015,38.337773502444
Canon,EOS 5DS,1008,50,77.0,71.910482574471,28.200189244890588,38.38685319969
Canon,EOS 5DS,1008,50,77.0,72.933329040536,28.601305506092544,38.435063289495
Canon,EOS 5DS,1008,50,77.0,73.9561755066,29.002421767294116,38.482429546995
Canon,EOS 5DS,1008,50,77.0,74.979021972665,29.40353802849608,38.528976654318
Canon,EOS 5DS,1008,50,77.0,76.001868438729,29.804654289697645,38.574728261048
Canon,EOS 5DS,1008,50,77.0,77.024714904793,30.205770550899214,38.619707040562
Canon,EOS 5DS,1008,50,77.0,78.047561370858,30.60688681210118,38.663934742598
Canon,EOS 5DS,1008,50,77.0,79.070407836922,31.00800307330275,38.707432242331
Canon,EOS 5DS,1008,50,77.0,80.093254302987,31.40911933450471,38.750219586248
Canon,EOS 5DS,1008,50,77.0,81.116100769051,31.810235595706278,38.792316035051
Canon,EOS 5DS,1008,50,77.0,82.138947235116,32.21135185690824,38.833740103841
Canon,EOS 5DS,1008,50,77.0,83.16179370118,32.6124681181098,38.874509599759
Canon,EOS 5DS,1008,50,77.0,84.184640167244,33.013584379311375,38.914641657291
Canon,EOS 5DS,1008,50,77.0,85.207486633309,33.41470064051333,38.954152771414
Canon,EOS 5DS,1008,50,77.0,86.230333099373,33.8158169017149,38.993058828717
Canon,EOS 5DS,1008,50,77.0,87.253179565438,34.21693316291686,39.031375136667
Canon,EOS 5DS,1008,50,77.0,88.276026031502,34.61804942411843,39.069116451142
Canon,EOS 5DS,1008,50,77.0,89.298872497566,35.01916568532,39.10629700234
Canon,EOS 5DS,1008,50,77.0,90.321718963631,35.42028194652196,39.142930519206
Canon,EOS 5DS,1008,50,77.0,91.344565429695,35.821398207723526,39.179030252447
Canon,EOS 5DS,1008,50,77.0,92.36741189576,36.222514468925496,39.214608996251
Canon,EOS 5DS,1008,50,77.0,93.390258361824,36.623630730127054,39.249679108794
Canon,EOS 5DS,1008,50,77.0,94.413104827888,37.02474699132863,39.284252531604
Canon,EOS 5DS,1008,50,77.0,95.435951293953,37.42586325253059,39.318340807872
Canon,EOS 5DS,1008,50,77.0,96.458797760017,37.82697951373216,39.351955099772
Canon,EOS 5DS,1008,50,77.0,97.481644226082,38.22809577493412,39.385106204845
Canon,EOS 5DS,1008,50,77.0,98.504490692146,38.62921203613569,39.417804571527
Canon,EOS 5DS,1008,50,77.0,99.52733715821,39.030328297337256,39.450060313851
Canon,EOS 5DS,1008,50,77.0,100.55018362427,39.43144455853725,39.481883225393
Canon,EOS 5DS,1008,50,77.0,101.57303009034,39.832560819741175,39.513282792497
Canon,EOS 5DS,1008,50,77.0,102.5958765564,40.23367708094118,39.544268206832
Canon,EOS 5DS,1008,50,77.0,103.61872302247,40.634793342145095,39.574848377313
Canon,EOS 5DS,1008,50,77.0,104.64156948853,41.0359096033451,39.605031941428
Canon,EOS 5DS,1008,50,77.0,105.6644159546,41.43702586454902,39.634827276008
Canon,EOS 5DS,1008,50,77.0,106.68726242066,41.83814212574902,39.664242507465
Canon,EOS 5DS,1008,50,77.0,107.71010888673,42.23925838695294,39.693285521543
Canon,EOS 5DS,1008,50,77.0,108.73295535279,42.64037464815294,39.721963972593
Canon,EOS 5DS,1008,50,77.0,109.75580181885,43.041490909352945,39.750285292412
Canon,EOS 5DS,1008,50,77.0,110.77864828492,43.44260717055686,39.778256698665
Canon,EOS 5DS,1008,50,77.0,111.80149475098,43.843723431756864,39.805885202911
Canon,EOS 5DS,1008,50,77.0,112.82434121705,44.24483969296079,39.833177618264
Canon,EOS 5DS,1008,50,77.0,113.84718768311,44.64595595416078,39.860140566699
Canon,EOS 5DS,1008,50,77.0,114.87003414918,45.04707221536471,39.886780486026
Canon,EOS 5DS,1008,50,77.0,115.89288061524,45.4481884765647,39.913103636555
Canon,EOS 5DS,1008,50,77.0,116.91572708131,45.84930473776863,39.939116107457
Canon,EOS 5DS,1008,50,77.0,117.93857354737,46.25042099896863,39.964823822851
Canon,EOS 5DS,1008,50,77.0,118.96142001343,46.65153726016863,39.990232547618
Canon,EOS 5DS,1008,50,77.0,119.9842664795,47.05265352137255,40.015347892968
Canon,EOS 5DS,1008,50,77.0,121.00711294556,47.45376978257255,40.040175321763
Canon,EOS 5DS,1008,50,77.0,122.02995941163,47.854886043776474,40.064720153613
Canon,EOS 5DS,1008,50,77.0,123.05280587769,48.25600230497648,40.088987569762
Canon,EOS 5DS,1008,50,77.0,124.07565234376,48.657118566180394,40.11298261776
Canon,EOS 5DS,1008,50,77.0,125.09849880982,49.058234827380396,40.136710215947
Canon,EOS 5DS,1008,50,77.0,126.12134527589,49.45935108858431,40.160175157749
Canon,EOS 5DS,1008,50,77.0,127.14419174195,49.86046734978431,40.183382115798
Canon,EOS 5DS,1008,50,77.0,128.16703820801,50.26158361098432,40.206335645887
Canon,EOS 5DS,1008,50,77.0,129.18988467408,50.662699872188234,40.229040190761
Canon,EOS 5DS,1008,50,77.0,130.21273114014,51.06381613338823,40.251500083762
Canon,EOS 5DS,1008,50,77.0,131.23557760621,51.464932394592154,40.273719552323
Canon,EOS 5DS,1008,50,77.0,132.25842407227,51.86604865579216,40.295702721329
Canon,EOS 5DS,1008,50,77.0,133.28127053834,52.26716491699608,40.317453616347
Canon,EOS 5DS,1008,50,77.0,134.3041170044,52.66828117819608,40.338976166727
Canon,EOS 5DS,1008,50,77.0,135.32696347046,53.06939743939607,40.360274208586
Canon,EOS 5DS,1008,50,77.0,136.34980993653,53.470513700599994,40.381351487679
Canon,EOS 5DS,1008,50,77.0,137.37265640259,53.8716299618,40.402211662157
Canon,EOS 5DS,1008,50,77.0,138.39550286866,54.27274622300392,40.422858305227
Canon,EOS 5DS,1008,50,77.0,139.41834933472,54.67386248420393,40.443294907709
Canon,EOS 5DS,1008,50,77.0,140.44119580079,55.07497874540784,40.463524880499
Canon,EOS 5DS,1008,50,77.0,141.46404226685,55.47609500660784,40.483551556938
Canon,EOS 5DS,1008,50,77.0,142.48688873292,55.87721126781177,40.503378195102
Canon,EOS 5DS,1008,50,77.0,143.50973519898,56.27832752901176,40.523007980004
Canon,EOS 5DS,1008,50,77.0,144.53258166504,56.67944379021176,40.542444025713
Canon,EOS 5DS,1008,50,77.0,145.55542813111,57.08056005141569,40.561689377407
Canon,EOS 5DS,1008,50,77.0,146.57827459717,57.48167631261569,40.580747013342
Canon,EOS 5DS,1008,50,77.0,147.60112106324,57.88279257381961,40.59961984676
Canon,EOS 5DS,1008,50,77.0,148.6239675293,58.2839088350196,40.618310727728
Canon,EOS 5DS,1008,50,77.0,149.64681399537,58.685025096223534,40.636822444908
Canon,EOS 5DS,1008,50,77.0,150.66966046143,59.08614135742353,40.655157727273
Canon,EOS 5DS,1008,50,77.0,151.6925069275,59.48725761862745,40.673319245761
Canon,EOS 5DS,1008,50,77.0,152.71535339356,59.88837387982745,40.691309614872
Canon,EOS 5DS,1008,50,77.0,153.73819985962,60.28949014102746,40.709131394208
Canon,EOS 5DS,1008,50,77.0,154.76104632569,60.690606402231374,40.726787089969
Canon,EOS 5DS,1008,50,77.0,155.78389279175,61.09172266343137,40.744279156395
Canon,EOS 5DS,1008,50,77.0,156.80673925782,61.49283892463529,40.761609997155
Canon,EOS 5DS,1008,50,77.0,157.82958572388,61.893955185835296,40.778781966698
Canon,EOS 5DS,1008,50,77.0,158.85243218995,62.29507144703922,40.795797371556
Canon,EOS 5DS,1008,50,77.0,159.87527865601,62.696187708239215,40.812658471605
Canon,EOS 5DS,1008,50,77.0,160.89812512207,63.097303969439224,40.829367481285
Canon,EOS 5DS,1008,50,77.0,161.92097158814,63.498420230643134,40.845926570781
Canon,EOS 5DS,1008,50,77.0,162.9438180542,63.899536491843136,40.862337867165
Canon,EOS 5DS,1008,50,77.0,163.96666452027,64.30065275304706,40.878603455506
Canon,EOS 5DS,1008,50,77.0,164.98951098633,64.70176901424706,40.894725379937
Canon,EOS 5DS,1008,50,77.0,166.0123574524,65.10288527545099,40.910705644698
Canon,EOS 5DS,1008,50,77.0,167.03520391846,65.50400153665099,40.92654621514
Canon,EOS 5DS,1008,50,77.0,168.05805038453,65.9051177978549,40.942249018699
Canon,EOS 5DS,1008,50,77.0,169.08089685059,66.3062340590549,40.957815945841
Canon,EOS 5DS,1008,50,77.0,170.10374331665,66.7073503202549,40.973248850978
Canon,EOS 5DS,1008,50,77.0,171.12658978272,67.10846658145883,40.988549553356
Canon,EOS 5DS,1008,50,77.0,172.14943624878,67.50958284265882,41.003719837914
Canon,EOS 5DS,1008,50,77.0,173.17228271485,67.91069910386275,41.018761456122
Canon,EOS 5DS,1008,50,77.0,174.19512918091,68.31181536506274,41.033676126789
Canon,EOS 5DS,1008,50,77.0,175.21797564698,68.71293162626667,41.048465536851
Canon,EOS 5DS,1008,50,77.0,176.24082211304,69.11404788746667,41.06313134213
Canon,EOS 5DS,1008,50,77.0,177.26366857911,69.51516414867059,41.077675168076
Canon,EOS 5DS,1008,50,77.0,178.28651504517,69.9162804098706,41.092098610488
Canon,EOS 5DS,1008,50,77.0,179.30936151123,70.31739667107058,41.106403236209
Canon,EOS 5DS,1008,50,77.0,180.3322079773,70.7185129322745,41.120590583804
Canon,EOS 5DS,1008,50,77.0,181.35505444336,71.11962919347451,41.134662164217
Canon,EOS 5DS,1008,50,77.0,182.37790090943,71.52074545467842,41.148619461413
Canon,EOS 5DS,1008,50,77.0,183.40074737549,71.92186171587844,41.162463932997
Canon,EOS 5DS,1008,50,77.0,184.42359384156,72.32297797708236,41.176197010817
Canon,EOS 5DS,1008,50,77.0,185.44644030762,72.72409423828236,41.189820101554
Canon,EOS 5DS,1008,50,77.0,186.46928677369,73.12521049948627,41.203334587287
Canon,EOS 5DS,1008,50,77.0,187.49213323975,73.52632676068626,41.21674182605
Canon,EOS 5DS,1008,50,77.0,188.51497970581,73.92744302188628,41.230043152373
Canon,EOS 5DS,1008,50,77.0,189.53782617188,74.3285592830902,41.2432398778
Canon,EOS 5DS,1008,50,77.0,190.56067263794,74.7296755442902,41.256333291407
Canon,EOS 5DS,1008,50,77.0,191.58351910401,75.13079180549413,41.26932466029
Canon,EOS 5DS,1008,50,77.0,192.60636557007,75.53190806669411,41.282215230051
Canon,EOS 5DS,1008,50,77.0,193.62921203614,75.93302432789804,41.295006225269
Canon,EOS 5DS,1008,50,77.0,194.6520585022,76.33414058909803,41.307698849954
Canon,EOS 5DS,1008,50,77.0,195.67490496826,76.73525685029804,41.320294287992
Canon,EOS 5DS,1008,50,77.0,196.69775143433,77.13637311150197,41.332793703578
Canon,EOS 5DS,1008,50,77.0,197.72059790039,77.53748937270196,41.34519824164
Canon,EOS 5DS,1008,50,77.0,198.74344436646,77.9386056339059,41.357509028245
Canon,EOS 5DS,1008,50,77.0,199.76629083252,78.33972189510588,41.369727171002
Canon,EOS 5DS,1008,50,77.0,200.78913729859,78.7408381563098,41.381853759449
Canon,EOS 5DS,1008,50,77.0,201.81198376465,79.1419544175098,41.393889865435
Canon,EOS 5DS,1008,50,77.0,202.83483023072,79.54307067871372,41.405836543484
Canon,EOS 5DS,1008,50,77.0,203.85767669678,79.94418693991373,41.417694831163
Canon,EOS 5DS,1008,50,77.0,204.88052316284,80.34530320111372,41.429465749424
Canon,EOS 5DS,1008,50,77.0,205.90336962891,80.74641946231765,41.441150302953
Canon,EOS 5DS,1008,50,77.0,206.92621609497,81.14753572351763,41.452749480499
Canon,EOS 5DS,1008,50,77.0,207.94906256104,81.54865198472156,41.464264255199
Canon,EOS 5DS,1008,50,77.0,208.9719090271,81.94976824592158,41.475695584898
Canon,EOS 5DS,1008,50,77.0,209.99475549317,82.35088450712549,41.487044412454
Canon,EOS 5DS,1008,50,77.0,211.01760195923,82.7520007683255,41.498311666041
Canon,EOS 5DS,1008,50,77.0,212.0404484253,83.15311702952943,41.509498259444
Canon,EOS 5DS,1008,50,77.0,213.06329489136,83.55423329072941,41.520605092343
Canon,EOS 5DS,1008,50,77.0,214.08614135742,83.9553495519294,41.531633050593
Canon,EOS 5DS,1008,50,77.0,215.10898782349,84.35646581313333,41.5425830065
Canon,EOS 5DS,1008,50,77.0,216.13183428955,84.75758207433334,41.553455819081
Canon,EOS 5DS,1008,50,77.0,217.15468075562,85.15869833553725,41.564252334331
Canon,EOS 5DS,1008,50,77.0,218.17752722168,85.55981459673725,41.57497338547
Canon,EOS 5DS,1008,50,77.0,219.20037368775,85.96093085794118,41.585619793197
Canon,EOS 5DS,1008,50,77.0,220.22322015381,86.36204711914117,41.596192365924
Canon,EOS 5DS,1008,50,77.0,221.24606661987,86.76316338034117,41.606691900018
Canon,EOS 5DS,1008,50,77.0,222.26891308594,87.1642796415451,41.61711918003
Canon,EOS 5DS,1008,50,77.0,223.291759552,87.56539590274511,41.627474978918
Canon,EOS 5DS,1008,50,77.0,224.31460601807,87.96651216394902,41.637760058269
Canon,EOS 5DS,1008,50,77.0,225.33745248413,88.36762842514902,41.647975168511
Canon,EOS 5DS,1008,50,77.0,226.3602989502,88.76874468635295,41.658121049126
Canon,EOS 5DS,1008,50,77.0,227.38314541626,89.16986094755293,41.668198428851
Canon,EOS 5DS,1008,50,77.0,228.40599188233,89.57097720875686,41.678208025882
Canon,EOS 5DS,1008,50,77.0,229.42883834839,89.97209346995686,41.688150548066
Canon,EOS 5DS,1008,50,77.0,230.45168481445,90.37320973115686,41.698026693096
Canon,EOS 5DS,1008,50,77.0,231.47453128052,90.77432599236079,41.707837148693
Canon,EOS 5DS,1008,50,77.0,232.49737774658,91.17544225356079,41.717582592794
Canon,EOS 5DS,1008,50,77.0,233.52022421265,91.5765585147647,41.727263693723
Canon,EOS 5DS,1008,50,77.0,234.54307067871,91.9776747759647,41.736881110376
Canon,EOS 5DS,1008,50,77.0,235.56591714478,92.37879103716863,41.746435492381
Canon,EOS 5DS,1008,50,77.0,236.58876361084,92.77990729836863,41.755927480273
Canon,EOS 5DS,1008,50,77.0,237.61161007691,93.18102355957255,41.76535770565
Canon,EOS 5DS,1008,50,77.0,238.63445654297,93.58213982077255,41.77472679134
Canon,EOS 5DS,1008,50,77.0,239.65730300903,93.98325608197254,41.784035351551
Canon,EOS 5DS,1008,50,77.0,240.6801494751,94.38437234317647,41.793283992027
Canon,EOS 5DS,1008,50,77.0,241.70299594116,94.78548860437647,41.802473310198
Canon,EOS 5DS,1008,50,77.0,242.72584240723,95.18660486558039,41.811603895321
Canon,EOS 5DS,1008,50,77.0,243.74868887329,95.5877211267804,41.820676328629
Canon,EOS 5DS,1008,50,77.0,244.77153533936,95.98883738798432,41.829691183469
Canon,EOS 5DS,1008,50,77.0,245.79438180542,96.3899536491843,41.838649025437
Canon,EOS 5DS,1008,50,77.0,246.81722827149,96.79106991038825,41.847550412515
Canon,EOS 5DS,1008,50,77.0,247.84007473755,97.19218617158823,41.8563958952
Canon,EOS 5DS,1008,50,77.0,248.86292120361,97.59330243278824,41.865186016633
Canon,EOS 5DS,1008,50,77.0,249.88576766968,97.99441869399216,41.873921312726
Canon,EOS 5DS,1008,50,77.0,250.90861413574,98.39553495519216,41.882602312283
Canon,EOS 5DS,1008,50,77.0,251.93146060181,98.79665121639607,41.891229537123
Canon,EOS 5DS,1008,50,77.0,252.95430706787,99.19776747759607,41.899803502195
Canon,EOS 5DS,1008,50,77.0,253.97715353394,99.5988837388,41.908324715697
Canon,EOS 5DS,1008,50,77.0,255,100.0,41.916793679186
Canon,EOS 5DS,1008,100,77.0,0.11817208358338,0.0463419935621098,0
Canon,EOS 5DS,1008,100,77.0,0.11818558048284,0.04634728646385883,0.00095941903414345
Canon,EOS 5DS,1008,100,77.0,0.12232853321137,0.04797197380838039,0.29023750440172
Canon,EOS 5DS,1008,100,77.0,0.15348761164151,0.06019122025157256,2.186749504567
Canon,EOS 5DS,1008,100,77.0,0.22200045142478,0.08705900055873725,5.2330536503935
Canon,EOS 5DS,1008,100,77.0,0.37595795135291,0.14743449072663137,9.4704616355918
Canon,EOS 5DS,1008,100,77.0,0.66957148659487,0.26257705356661565,13.902442090686
Canon,EOS 5DS,1008,100,77.0,1.1601323411628,0.4549538592795294,17.848957052017
Canon,EOS 5DS,1008,100,77.0,2.3569228820918,0.9242834831732549,22.463543522288
Canon,EOS 5DS,1008,100,77.0,3.3797693481562,1.3253997443749803,24.598240940303
Canon,EOS 5DS,1008,100,77.0,4.4026158142206,1.726516005576706,26.078762692323
Canon,EOS 5DS,1008,100,77.0,5.425462280285,2.1276322667784315,27.201358519969
Canon,EOS 5DS,1008,100,77.0,6.4483087463494,2.5287485279801567,28.100245535143
Canon,EOS 5DS,1008,100,77.0,7.4711552124138,2.9298647891818823,28.84692896132
Canon,EOS 5DS,1008,100,77.0,8.4940016784782,3.330981050383608,29.483759329972
Canon,EOS 5DS,1008,100,77.0,9.5168481445426,3.7320973115853335,30.037777491668
Canon,EOS 5DS,1008,100,77.0,10.539694610607,4.133213572787059,30.527248577622
Canon,EOS 5DS,1008,100,77.0,11.562541076671,4.534329833988628,30.96506213894
Canon,EOS 5DS,1008,100,77.0,12.585387542736,4.935446095190588,31.360638672211
Canon,EOS 5DS,1008,100,77.0,13.6082340088,5.336562356392157,31.721063723981
Canon,EOS 5DS,1008,100,77.0,14.631080474865,5.737678617594118,32.051795707189
Canon,EOS 5DS,1008,100,77.0,15.653926940929,6.138794878795687,32.357125620634
Canon,EOS 5DS,1008,100,77.0,16.676773406993,6.539911139997255,32.64048583969
Canon,EOS 5DS,1008,100,77.0,17.699619873058,6.941027401199216,32.904663579695
Canon,EOS 5DS,1008,100,77.0,18.722466339122,7.342143662400785,33.151952178692
Canon,EOS 5DS,1008,100,77.0,19.745312805187,7.7432599236027455,33.384260669794
Canon,EOS 5DS,1008,100,77.0,20.768159271251,8.144376184804313,33.603194679605
Canon,EOS 5DS,1008,100,77.0,21.791005737315,8.545492446005882,33.810117182418
Canon,EOS 5DS,1008,100,77.0,22.81385220338,8.946608707207844,34.00619482648
Canon,EOS 5DS,1008,100,77.0,23.836698669444,9.347724968409413,34.192433746002
Canon,EOS 5DS,1008,100,77.0,24.859545135509,9.748841229611372,34.369707590414
Canon,EOS 5DS,1008,100,77.0,25.882391601573,10.149957490812941,34.538779710642
Canon,EOS 5DS,1008,100,77.0,26.905238067638,10.5510737520149,34.700320901853
Canon,EOS 5DS,1008,100,77.0,27.928084533702,10.95219001321647,34.854923726878
Canon,EOS 5DS,1008,100,77.0,28.950930999766,11.35330627441804,35.00311417985
Canon,EOS 5DS,1008,100,77.0,29.973777465831,11.754422535619998,35.145361260174
Canon,EOS 5DS,1008,100,77.0,30.996623931895,12.155538796821569,35.282084889559
Canon,EOS 5DS,1008,100,77.0,32.01947039796,12.55665505802353,35.413662503988
Canon,EOS 5DS,1008,100,77.0,33.042316864024,12.957771319225097,35.540434577572
Canon,EOS 5DS,1008,100,77.0,34.065163330088,13.358887580426664,35.662709279056
Canon,EOS 5DS,1008,100,77.0,35.088009796153,13.76000384162863,35.780766419101
Canon,EOS 5DS,1008,100,77.0,36.110856262217,14.161120102830196,35.894860813902
Canon,EOS 5DS,1008,100,77.0,37.133702728282,14.562236364032158,36.005225165532
Canon,EOS 5DS,1008,100,77.0,38.156549194346,14.963352625233725,36.112072539883
Canon,EOS 5DS,1008,100,77.0,39.17939566041,15.364468886435295,36.215598507689
Canon,EOS 5DS,1008,100,77.0,40.202242126475,15.765585147637253,36.315983002082
Canon,EOS 5DS,1008,100,77.0,41.225088592539,16.166701408838826,36.413391936471
Canon,EOS 5DS,1008,100,77.0,42.247935058604,16.567817670040785,36.507978618863
Canon,EOS 5DS,1008,100,77.0,43.270781524668,16.968933931242354,36.599884992566
Canon,EOS 5DS,1008,100,77.0,44.293627990732,17.37005019244392,36.689242728187
Canon,EOS 5DS,1008,100,77.0,45.316474456797,17.771166453645883,36.776174187801
Canon,EOS 5DS,1008,100,77.0,46.339320922861,18.17228271484745,36.860793278783
Canon,EOS 5DS,1008,100,77.0,47.362167388926,18.57339897604941,36.943206212127
Canon,EOS 5DS,1008,100,77.0,48.38501385499,18.97451523725098,37.023512177751
Canon,EOS 5DS,1008,100,77.0,49.407860321054,19.37563149845255,37.101803947458
Canon,EOS 5DS,1008,100,77.0,50.430706787119,19.77674775965451,37.178168414644
Canon,EOS 5DS,1008,100,77.0,51.453553253183,20.177864020856077,37.252687078542
Canon,EOS 5DS,1008,100,77.0,52.476399719248,20.57898028205804,37.325436479689
Canon,EOS 5DS,1008,100,77.0,53.499246185312,20.98009654325961,37.396488592405
Canon,EOS 5DS,1008,100,77.0,54.522092651377,21.38121280446157,37.46591117925
Canon,EOS 5DS,1008,100,77.0,55.544939117441,21.782329065663138,37.533768111814
Canon,EOS 5DS,1008,100,77.0,56.567785583505,22.183445326864707,37.600119661573
Canon,EOS 5DS,1008,100,77.0,57.59063204957,22.584561588066666,37.66502276413
Canon,EOS 5DS,1008,100,77.0,58.613478515634,22.985677849268235,37.728531259683
Canon,EOS 5DS,1008,100,77.0,59.636324981699,23.386794110470195,37.790696112246
Canon,EOS 5DS,1008,100,77.0,60.659171447763,23.787910371671764,37.851565609836
Canon,EOS 5DS,1008,100,77.0,61.682017913827,24.189026632873333,37.911185547579
Canon,EOS 5DS,1008,100,77.0,62.704864379892,24.590142894075296,37.969599395438
Canon,EOS 5DS,1008,100,77.0,63.727710845956,24.99125915527686,38.026848452097
Canon,EOS 5DS,1008,100,77.0,64.750557312021,25.392375416478824,38.082971986344
Canon,EOS 5DS,1008,100,77.0,65.773403778085,25.793491677680393,38.138007367157
Canon,EOS 5DS,1008,100,77.0,66.796250244149,26.19460793888196,38.191990183546
Canon,EOS 5DS,1008,100,77.0,67.819096710214,26.59572420008392,38.24495435512
Canon,EOS 5DS,1008,100,77.0,68.841943176278,26.996840461285487,38.296932234204
Canon,EOS 5DS,1008,100,77.0,69.864789642343,27.39795672248745,38.347954700295
Canon,EOS 5DS,1008,100,77.0,70.887636108407,27.799072983689015,38.398051247513
Canon,EOS 5DS,1008,100,77.0,71.910482574471,28.200189244890588,38.447250065672
Canon,EOS 5DS,1008,100,77.0,72.933329040536,28.601305506092544,38.495578115522
Canon,EOS 5DS,1008,100,77.0,73.9561755066,29.002421767294116,38.543061198649
Canon,EOS 5DS,1008,100,77.0,74.979021972665,29.40353802849608,38.589724022492
Canon,EOS 5DS,1008,100,77.0,76.001868438729,29.804654289697645,38.635590260869
Canon,EOS 5DS,1008,100,77.0,77.024714904793,30.205770550899214,38.680682610388
Canon,EOS 5DS,1008,100,77.0,78.047561370858,30.60688681210118,38.72502284307
Canon,EOS 5DS,1008,100,77.0,79.070407836922,31.00800307330275,38.768631855485
Canon,EOS 5DS,1008,100,77.0,80.093254302987,31.40911933450471,38.811529714676
Canon,EOS 5DS,1008,100,77.0,81.116100769051,31.810235595706278,38.853735701114
Canon,EOS 5DS,1008,100,77.0,82.138947235116,32.21135185690824,38.895268348917
Canon,EOS 5DS,1008,100,77.0,83.16179370118,32.6124681181098,38.936145483544
Canon,EOS 5DS,1008,100,77.0,84.184640167244,33.013584379311375,38.976384257134
Canon,EOS 5DS,1008,100,77.0,85.207486633309,33.41470064051333,39.016001181683
Canon,EOS 5DS,1008,100,77.0,86.230333099373,33.8158169017149,39.055012160208
Canon,EOS 5DS,1008,100,77.0,87.253179565438,34.21693316291686,39.093432516038
Canon,EOS 5DS,1008,100,77.0,88.276026031502,34.61804942411843,39.131277020372
Canon,EOS 5DS,1008,100,77.0,89.298872497566,35.01916568532,39.168559918228
Canon,EOS 5DS,1008,100,77.0,90.321718963631,35.42028194652196,39.205294952883
Canon,EOS 5DS,1008,100,77.0,91.344565429695,35.821398207723526,39.241495388918
Canon,EOS 5DS,1008,100,77.0,92.36741189576,36.222514468925496,39.27717403396
Canon,EOS 5DS,1008,100,77.0,93.390258361824,36.623630730127054,39.312343259204
Canon,EOS 5DS,1008,100,77.0,94.413104827888,37.02474699132863,39.347015018804
Canon,EOS 5DS,1008,100,77.0,95.435951293953,37.42586325253059,39.381200868198
Canon,EOS 5DS,1008,100,77.0,96.458797760017,37.82697951373216,39.414911981446
Canon,EOS 5DS,1008,100,77.0,97.481644226082,38.22809577493412,39.448159167633
Canon,EOS 5DS,1008,100,77.0,98.504490692146,38.62921203613569,39.480952886406
Canon,EOS 5DS,1008,100,77.0,99.52733715821,39.030328297337256,39.513303262697
Canon,EOS 5DS,1008,100,77.0,100.55018362427,39.43144455853725,39.545220100681
Canon,EOS 5DS,1008,100,77.0,101.57303009034,39.832560819741175,39.576712897012
Canon,EOS 5DS,1008,100,77.0,102.5958765564,40.23367708094118,39.607790853393
Canon,EOS 5DS,1008,100,77.0,103.61872302247,40.634793342145095,39.638462888509
Canon,EOS 5DS,1008,100,77.0,104.64156948853,41.0359096033451,39.668737649365
Canon,EOS 5DS,1008,100,77.0,105.6644159546,41.43702586454902,39.698623522063
Canon,EOS 5DS,1008,100,77.0,106.68726242066,41.83814212574902,39.728128642057
Canon,EOS 5DS,1008,100,77.0,107.71010888673,42.23925838695294,39.757260903906
Canon,EOS 5DS,1008,100,77.0,108.73295535279,42.64037464815294,39.786027970561
Canon,EOS 5DS,1008,100,77.0,109.75580181885,43.041490909352945,39.81443728221
Canon,EOS 5DS,1008,100,77.0,110.77864828492,43.44260717055686,39.842496064711
Canon,EOS 5DS,1008,100,77.0,111.80149475098,43.843723431756864,39.870211337624
Canon,EOS 5DS,1008,100,77.0,112.82434121705,44.24483969296079,39.897589921879
Canon,EOS 5DS,1008,100,77.0,113.84718768311,44.64595595416078,39.924638447088
Canon,EOS 5DS,1008,100,77.0,114.87003414918,45.04707221536471,39.951363358527
Canon,EOS 5DS,1008,100,77.0,115.89288061524,45.4481884765647,39.977770923805
Canon,EOS 5DS,1008,100,77.0,116.91572708131,45.84930473776863,40.003867239234
Canon,EOS 5DS,1008,100,77.0,117.93857354737,46.25042099896863,40.029658235917
Canon,EOS 5DS,1008,100,77.0,118.96142001343,46.65153726016863,40.055149685571
Canon,EOS 5DS,1008,100,77.0,119.9842664795,47.05265352137255,40.080347206098
Canon,EOS 5DS,1008,100,77.0,121.00711294556,47.45376978257255,40.105256266913
Canon,EOS 5DS,1008,100,77.0,122.02995941163,47.854886043776474,40.129882194043
Canon,EOS 5DS,1008,100,77.0,123.05280587769,48.25600230497648,40.154230175018
Canon,EOS 5DS,1008,100,77.0,124.07565234376,48.657118566180394,40.17830526355
Canon,EOS 5DS,1008,100,77.0,125.09849880982,49.058234827380396,40.202112384017
Canon,EOS 5DS,1008,100,77.0,126.12134527589,49.45935108858431,40.225656335765
Canon,EOS 5DS,1008,100,77.0,127.14419174195,49.86046734978431,40.248941797232
Canon,EOS 5DS,1008,100,77.0,128.16703820801,50.26158361098432,40.271973329903
Canon,EOS 5DS,1008,100,77.0,129.18988467408,50.662699872188234,40.29475538211
Canon,EOS 5DS,1008,100,77.0,130.21273114014,51.06381613338823,40.317292292676
Canon,EOS 5DS,1008,100,77.0,131.23557760621,51.464932394592154,40.339588294411
Canon,EOS 5DS,1008,100,77.0,132.25842407227,51.86604865579216,40.361647517484
Canon,EOS 5DS,1008,100,77.0,133.28127053834,52.26716491699608,40.383473992645
Canon,EOS 5DS,1008,100,77.0,134.3041170044,52.66828117819608,40.405071654336
Canon,EOS 5DS,1008,100,77.0,135.32696347046,53.06939743939607,40.426444343674
Canon,EOS 5DS,1008,100,77.0,136.34980993653,53.470513700599994,40.447595811327
Canon,EOS 5DS,1008,100,77.0,137.37265640259,53.8716299618,40.468529720274
Canon,EOS 5DS,1008,100,77.0,138.39550286866,54.27274622300392,40.489249648466
Canon,EOS 5DS,1008,100,77.0,139.41834933472,54.67386248420393,40.509759091386
Canon,EOS 5DS,1008,100,77.0,140.44119580079,55.07497874540784,40.530061464512
Canon,EOS 5DS,1008,100,77.0,141.46404226685,55.47609500660784,40.550160105694
Canon,EOS 5DS,1008,100,77.0,142.48688873292,55.87721126781177,40.570058277441
Canon,EOS 5DS,1008,100,77.0,143.50973519898,56.27832752901176,40.589759169124
Canon,EOS 5DS,1008,100,77.0,144.53258166504,56.67944379021176,40.609265899101
Canon,EOS 5DS,1008,100,77.0,145.55542813111,57.08056005141569,40.628581516768
Canon,EOS 5DS,1008,100,77.0,146.57827459717,57.48167631261569,40.647709004533
Canon,EOS 5DS,1008,100,77.0,147.60112106324,57.88279257381961,40.666651279725
Canon,EOS 5DS,1008,100,77.0,148.6239675293,58.2839088350196,40.685411196429
Canon,EOS 5DS,1008,100,77.0,149.64681399537,58.685025096223534,40.703991547269
Canon,EOS 5DS,1008,100,77.0,150.66966046143,59.08614135742353,40.722395065115
Canon,EOS 5DS,1008,100,77.0,151.6925069275,59.48725761862745,40.740624424741
Canon,EOS 5DS,1008,100,77.0,152.71535339356,59.88837387982745,40.758682244425
Canon,EOS 5DS,1008,100,77.0,153.73819985962,60.28949014102746,40.776571087494
Canon,EOS 5DS,1008,100,77.0,154.76104632569,60.690606402231374,40.794293463815
Canon,EOS 5DS,1008,100,77.0,155.78389279175,61.09172266343137,40.811851831237
Canon,EOS 5DS,1008,100,77.0,156.80673925782,61.49283892463529,40.829248596989
Canon,EOS 5DS,1008,100,77.0,157.82958572388,61.893955185835296,40.846486119027
Canon,EOS 5DS,1008,100,77.0,158.85243218995,62.29507144703922,40.86356670734
Canon,EOS 5DS,1008,100,77.0,159.87527865601,62.696187708239215,40.880492625208
Canon,EOS 5DS,1008,100,77.0,160.89812512207,63.097303969439224,40.89726609043
Canon,EOS 5DS,1008,100,77.0,161.92097158814,63.498420230643134,40.9138892765
Canon,EOS 5DS,1008,100,77.0,162.9438180542,63.899536491843136,40.930364313753
Canon,EOS 5DS,1008,100,77.0,163.96666452027,64.30065275304706,40.946693290476
Canon,EOS 5DS,1008,100,77.0,164.98951098633,64.70176901424706,40.962878253975
Canon,EOS 5DS,1008,100,77.0,166.0123574524,65.10288527545099,40.978921211619
Canon,EOS 5DS,1008,100,77.0,167.03520391846,65.50400153665099,40.994824131846
Canon,EOS 5DS,1008,100,77.0,168.05805038453,65.9051177978549,41.010588945134
Canon,EOS 5DS,1008,100,77.0,169.08089685059,66.3062340590549,41.026217544954
Canon,EOS 5DS,1008,100,77.0,170.10374331665,66.7073503202549,41.04171178868
Canon,EOS 5DS,1008,100,77.0,171.12658978272,67.10846658145883,41.057073498482
Canon,EOS 5DS,1008,100,77.0,172.14943624878,67.50958284265882,41.072304462183
Canon,EOS 5DS,1008,100,77.0,173.17228271485,67.91069910386275,41.0874064341
Canon,EOS 5DS,1008,100,77.0,174.19512918091,68.31181536506274,41.102381135853
Canon,EOS 5DS,1008,100,77.0,175.21797564698,68.71293162626667,41.117230257147
Canon,EOS 5DS,1008,100,77.0,176.24082211304,69.11404788746667,41.131955456544
Canon,EOS 5DS,1008,100,77.0,177.26366857911,69.51516414867059,41.146558362196
Canon,EOS 5DS,1008,100,77.0,178.28651504517,69.9162804098706,41.161040572568
Canon,EOS 5DS,1008,100,77.0,179.30936151123,70.31739667107058,41.175403657138
Canon,EOS 5DS,1008,100,77.0,180.3322079773,70.7185129322745,41.18964915707
Canon,EOS 5DS,1008,100,77.0,181.35505444336,71.11962919347451,41.203778585877
Canon,EOS 5DS,1008,100,77.0,182.37790090943,71.52074545467842,41.21779343006
Canon,EOS 5DS,1008,100,77.0,183.40074737549,71.92186171587844,41.231695149727
Canon,EOS 5DS,1008,100,77.0,184.42359384156,72.32297797708236,41.245485179201
Canon,EOS 5DS,1008,100,77.0,185.44644030762,72.72409423828236,41.259164927606
Canon,EOS 5DS,1008,100,77.0,186.46928677369,73.12521049948627,41.272735779433
Canon,EOS 5DS,1008,100,77.0,187.49213323975,73.52632676068626,41.286199095103
Canon,EOS 5DS,1008,100,77.0,188.51497970581,73.92744302188628,41.299556211498
Canon,EOS 5DS,1008,100,77.0,189.53782617188,74.3285592830902,41.312808442493
Canon,EOS 5DS,1008,100,77.0,190.56067263794,74.7296755442902,41.325957079461
Canon,EOS 5DS,1008,100,77.0,191.58351910401,75.13079180549413,41.33900339177
Canon,EOS 5DS,1008,100,77.0,192.60636557007,75.53190806669411,41.351948627269
Canon,EOS 5DS,1008,100,77.0,193.62921203614,75.93302432789804,41.364794012755
Canon,EOS 5DS,1008,100,77.0,194.6520585022,76.33414058909803,41.377540754432
Canon,EOS 5DS,1008,100,77.0,195.67490496826,76.73525685029804,41.390190038352
Canon,EOS 5DS,1008,100,77.0,196.69775143433,77.13637311150197,41.402743030854
Canon,EOS 5DS,1008,100,77.0,197.72059790039,77.53748937270196,41.415200878983
Canon,EOS 5DS,1008,100,77.0,198.74344436646,77.9386056339059,41.427564710901
Canon,EOS 5DS,1008,100,77.0,199.76629083252,78.33972189510588,41.439835636286
Canon,EOS 5DS,1008,100,77.0,200.78913729859,78.7408381563098,41.452014746722
Canon,EOS 5DS,1008,100,77.0,201.81198376465,79.1419544175098,41.46410311608
Canon,EOS 5DS,1008,100,77.0,202.83483023072,79.54307067871372,41.476101800888
Canon,EOS 5DS,1008,100,77.0,203.85767669678,79.94418693991373,41.488011840688
Canon,EOS 5DS,1008,100,77.0,204.88052316284,80.34530320111372,41.49983425839
Canon,EOS 5DS,1008,100,77.0,205.90336962891,80.74641946231765,41.511570060613
Canon,EOS 5DS,1008,100,77.0,206.92621609497,81.14753572351763,41.523220238019
Canon,EOS 5DS,1008,100,77.0,207.94906256104,81.54865198472156,41.534785765639
Canon,EOS 5DS,1008,100,77.0,208.9719090271,81.94976824592158,41.546267603187
Canon,EOS 5DS,1008,100,77.0,209.99475549317,82.35088450712549,41.557666695374
Canon,EOS 5DS,1008,100,77.0,211.01760195923,82.7520007683255,41.568983972204
Canon,EOS 5DS,1008,100,77.0,212.0404484253,83.15311702952943,41.580220349273
Canon,EOS 5DS,1008,100,77.0,213.06329489136,83.55423329072941,41.591376728052
Canon,EOS 5DS,1008,100,77.0,214.08614135742,83.9553495519294,41.602453996171
Canon,EOS 5DS,1008,100,77.0,215.10898782349,84.35646581313333,41.613453027687
Canon,EOS 5DS,1008,100,77.0,216.13183428955,84.75758207433334,41.624374683354
Canon,EOS 5DS,1008,100,77.0,217.15468075562,85.15869833553725,41.635219810883
Canon,EOS 5DS,1008,100,77.0,218.17752722168,85.55981459673725,41.645989245193
Canon,EOS 5DS,1008,100,77.0,219.20037368775,85.96093085794118,41.656683808663
Canon,EOS 5DS,1008,100,77.0,220.22322015381,86.36204711914117,41.667304311369
Canon,EOS 5DS,1008,100,77.0,221.24606661987,86.76316338034117,41.677851551324
Canon,EOS 5DS,1008,100,77.0,222.26891308594,87.1642796415451,41.688326314708
Canon,EOS 5DS,1008,100,77.0,223.291759552,87.56539590274511,41.698729376091
Canon,EOS 5DS,1008,100,77.0,224.31460601807,87.96651216394902,41.709061498656
Canon,EOS 5DS,1008,100,77.0,225.33745248413,88.36762842514902,41.71932343441
Canon,EOS 5DS,1008,100,77.0,226.3602989502,88.76874468635295,41.729515924397
Canon,EOS 5DS,1008,100,77.0,227.38314541626,89.16986094755293,41.739639698904
Canon,EOS 5DS,1008,100,77.0,228.40599188233,89.57097720875686,41.749695477656
Canon,EOS 5DS,1008,100,77.0,229.42883834839,89.97209346995686,41.759683970018
Canon,EOS 5DS,1008,100,77.0,230.45168481445,90.37320973115686,41.769605875183
Canon,EOS 5DS,1008,100,77.0,231.47453128052,90.77432599236079,41.779461882359
Canon,EOS 5DS,1008,100,77.0,232.49737774658,91.17544225356079,41.789252670951
Canon,EOS 5DS,1008,100,77.0,233.52022421265,91.5765585147647,41.798978910745
Canon,EOS 5DS,1008,100,77.0,234.54307067871,91.9776747759647,41.808641262074
Canon,EOS 5DS,1008,100,77.0,235.56591714478,92.37879103716863,41.818240375996
Canon,EOS 5DS,1008,100,77.0,236.58876361084,92.77990729836863,41.82777689446
Canon,EOS 5DS,1008,100,77.0,237.61161007691,93.18102355957255,41.837251450464
Canon,EOS 5DS,1008,100,77.0,238.63445654297,93.58213982077255,41.846664668222
Canon,EOS 5DS,1008,100,77.0,239.65730300903,93.98325608197254,41.856017163315
Canon,EOS 5DS,1008,100,77.0,240.6801494751,94.38437234317647,41.865309542847
Canon,EOS 5DS,1008,100,77.0,241.70299594116,94.78548860437647,41.874542405593
Canon,EOS 5DS,1008,100,77.0,242.72584240723,95.18660486558039,41.883716342145
Canon,EOS 5DS,1008,100,77.0,243.74868887329,95.5877211267804,41.892831935056
Canon,EOS 5DS,1008,100,77.0,244.77153533936,95.98883738798432,41.901889758981
Canon,EOS 5DS,1008,100,77.0,245.79438180542,96.3899536491843,41.910890380812
Canon,EOS 5DS,1008,100,77.0,246.81722827149,96.79106991038825,41.919834359814
Canon,EOS 5DS,1008,100,77.0,247.84007473755,97.19218617158823,41.928722247755
Canon,EOS 5DS,1008,100,77.0,248.86292120361,97.59330243278824,41.937554589036
Canon,EOS 5DS,1008,100,77.0,249.88576766968,97.99441869399216,41.946331920814
Canon,EOS 5DS,1008,100,77.0,250.90861413574,98.39553495519216,41.955054773132
Canon,EOS 5DS,1008,100,77.0,251.93146060181,98.79665121639607,41.96372366903
Canon,EOS 5DS,1008,100,77.0,252.95430706787,99.19776747759607,41.972339124671
Canon,EOS 5DS,1008,100,77.0,253.97715353394,99.5988837388,41.980901649454
Canon,EOS 5DS,1008,100,77.0,255,100.0,41.989411746127
Canon,EOS 5DS,1008,200,147.0,0.12232853321137,0.04797197380838039,0
Canon,EOS 5DS,1008,200,147.0,0.15348761164151,0.06019122025157256,1.8448688138959
Canon,EOS 5DS,1008,200,147.0,0.22200045142478,0.08705900055873725,4.7854784535175
Canon,EOS 5DS,1008,200,147.0,0.37595795135291,0.14743449072663137,8.8184329039033
Canon,EOS 5DS,1008,200,147.0,0.66957148659487,0.26257705356661565,12.952393147126
Canon,EOS 5DS,1008,200,147.0,1.1601323411628,0.4549538592795294,16.563806191179
Canon,EOS 5DS,1008,200,147.0,2.3569228820918,0.9242834831732549,20.744047434094
Canon,EOS 5DS,1008,200,147.0,3.3797693481562,1.3253997443749803,22.686207765838
Canon,EOS 5DS,1008,200,147.0,4.4026158142206,1.726516005576706,24.044674055311
Canon,EOS 5DS,1008,200,147.0,5.425462280285,2.1276322667784315,25.083425790061
Canon,EOS 5DS,1008,200,147.0,6.4483087463494,2.5287485279801567,25.921509321385
Canon,EOS 5DS,1008,200,147.0,7.4711552124138,2.9298647891818823,26.622351546635
Canon,EOS 5DS,1008,200,147.0,8.4940016784782,3.330981050383608,27.223604380481
Canon,EOS 5DS,1008,200,147.0,9.5168481445426,3.7320973115853335,27.749389079685
Canon,EOS 5DS,1008,200,147.0,10.539694610607,4.133213572787059,28.216060812378
Canon,EOS 5DS,1008,200,147.0,11.562541076671,4.534329833988628,28.635207016974
Canon,EOS 5DS,1008,200,147.0,12.585387542736,4.935446095190588,29.015329910613
Canon,EOS 5DS,1008,200,147.0,13.6082340088,5.336562356392157,29.36284886559
Canon,EOS 5DS,1008,200,147.0,14.631080474865,5.737678617594118,29.682727271724
Canon,EOS 5DS,1008,200,147.0,15.653926940929,6.138794878795687,29.978880618094
Canon,EOS 5DS,1008,200,147.0,16.676773406993,6.539911139997255,30.254451279774
Canon,EOS 5DS,1008,200,147.0,17.699619873058,6.941027401199216,30.511998963092
Canon,EOS 5DS,1008,200,147.0,18.722466339122,7.342143662400785,30.753636026384
Canon,EOS 5DS,1008,200,147.0,19.745312805187,7.7432599236027455,30.981125745401
Canon,EOS 5DS,1008,200,147.0,20.768159271251,8.144376184804313,31.195955049253
Canon,EOS 5DS,1008,200,147.0,21.791005737315,8.545492446005882,31.399389281489
Canon,EOS 5DS,1008,200,147.0,22.81385220338,8.946608707207844,31.592514058432
Canon,EOS 5DS,1008,200,147.0,23.836698669444,9.347724968409413,31.776267704019
Canon,EOS 5DS,1008,200,147.0,24.859545135509,9.748841229611372,31.951466694105
Canon,EOS 5DS,1008,200,147.0,25.882391601573,10.149957490812941,32.11882584133
Canon,EOS 5DS,1008,200,147.0,26.905238067638,10.5510737520149,32.278974471898
Canon,EOS 5DS,1008,200,147.0,27.928084533702,10.95219001321647,32.432469511779
Canon,EOS 5DS,1008,200,147.0,28.950930999766,11.35330627441804,32.579806164119
Canon,EOS 5DS,1008,200,147.0,29.973777465831,11.754422535619998,32.721426690468
Canon,EOS 5DS,1008,200,147.0,30.996623931895,12.155538796821569,32.85772768571
Canon,EOS 5DS,1008,200,147.0,32.01947039796,12.55665505802353,32.98906614617
Canon,EOS 5DS,1008,200,147.0,33.042316864024,12.957771319225097,33.115764563222
Canon,EOS 5DS,1008,200,147.0,34.065163330088,13.358887580426664,33.238115224198
Canon,EOS 5DS,1008,200,147.0,35.088009796153,13.76000384162863,33.356383864048
Canon,EOS 5DS,1008,200,147.0,36.110856262217,14.161120102830196,33.47081278182
Canon,EOS 5DS,1008,200,147.0,37.133702728282,14.562236364032158,33.581623513341
Canon,EOS 5DS,1008,200,147.0,38.156549194346,14.963352625233725,33.689019133778
Canon,EOS 5DS,1008,200,147.0,39.17939566041,15.364468886435295,33.793186249889
Canon,EOS 5DS,1008,200,147.0,40.202242126475,15.765585147637253,33.894296730792
Canon,EOS 5DS,1008,200,147.0,41.225088592539,16.166701408838826,33.992509217369
Canon,EOS 5DS,1008,200,147.0,42.247935058604,16.567817670040785,34.08797044339
Canon,EOS 5DS,1008,200,147.0,43.270781524668,16.968933931242354,34.180816395863
Canon,EOS 5DS,1008,200,147.0,44.293627990732,17.37005019244392,34.271173337495
Canon,EOS 5DS,1008,200,147.0,45.316474456797,17.771166453645883,34.359158710475
Canon,EOS 5DS,1008,200,147.0,46.339320922861,18.17228271484745,34.444881937716
Canon,EOS 5DS,1008,200,147.0,47.362167388926,18.57339897604941,34.528445135203
Canon,EOS 5DS,1008,200,147.0,48.38501385499,18.97451523725098,34.609943747021
Canon,EOS 5DS,1008,200,147.0,49.407860321054,19.37563149845255,34.689467112911
Canon,EOS 5DS,1008,200,147.0,50.430706787119,19.77674775965451,34.767098976776
Canon,EOS 5DS,1008,200,147.0,51.453553253183,20.177864020856077,34.842917943356
Canon,EOS 5DS,1008,200,147.0,52.476399719248,20.57898028205804,34.916997889281
Canon,EOS 5DS,1008,200,147.0,53.499246185312,20.98009654325961,34.98940833386
Canon,EOS 5DS,1008,200,147.0,54.522092651377,21.38121280446157,35.060214774251
Canon,EOS 5DS,1008,200,147.0,55.544939117441,21.782329065663138,35.129478989034
Canon,EOS 5DS,1008,200,147.0,56.567785583505,22.183445326864707,35.197259313695
Canon,EOS 5DS,1008,200,147.0,57.59063204957,22.584561588066666,35.263610891081
Canon,EOS 5DS,1008,200,147.0,58.613478515634,22.985677849268235,35.328585899507
Canon,EOS 5DS,1008,200,147.0,59.636324981699,23.386794110470195,35.392233760868
Canon,EOS 5DS,1008,200,147.0,60.659171447763,23.787910371671764,35.45460133081
Canon,EOS 5DS,1008,200,147.0,61.682017913827,24.189026632873333,35.515733072801
Canon,EOS 5DS,1008,200,147.0,62.704864379892,24.590142894075296,35.575671217693
Canon,EOS 5DS,1008,200,147.0,63.727710845956,24.99125915527686,35.634455910217
Canon,EOS 5DS,1008,200,147.0,64.750557312021,25.392375416478824,35.692125343657
Canon,EOS 5DS,1008,200,147.0,65.773403778085,25.793491677680393,35.748715883851
Canon,EOS 5DS,1008,200,147.0,66.796250244149,26.19460793888196,35.804262183496
Canon,EOS 5DS,1008,200,147.0,67.819096710214,26.59572420008392,35.858797287661
Canon,EOS 5DS,1008,200,147.0,68.841943176278,26.996840461285487,35.912352731319
Canon,EOS 5DS,1008,200,147.0,69.864789642343,27.39795672248745,35.964958629585
Canon,EOS 5DS,1008,200,147.0,70.887636108407,27.799072983689015,36.016643761331
Canon,EOS 5DS,1008,200,147.0,71.910482574471,28.200189244890588,36.067435646737
Canon,EOS 5DS,1008,200,147.0,72.933329040536,28.601305506092544,36.117360619302
Canon,EOS 5DS,1008,200,147.0,73.9561755066,29.002421767294116,36.166443892786
Canon,EOS 5DS,1008,200,147.0,74.979021972665,29.40353802849608,36.214709623497
Canon,EOS 5DS,1008,200,147.0,76.001868438729,29.804654289697645,36.262180968319
Canon,EOS 5DS,1008,200,147.0,77.024714904793,30.205770550899214,36.308880138814
Canon,EOS 5DS,1008,200,147.0,78.047561370858,30.60688681210118,36.354828451714
Canon,EOS 5DS,1008,200,147.0,79.070407836922,31.00800307330275,36.400046376095
Canon,EOS 5DS,1008,200,147.0,80.093254302987,31.40911933450471,36.444553577483
Canon,EOS 5DS,1008,200,147.0,81.116100769051,31.810235595706278,36.488368959137
Canon,EOS 5DS,1008,200,147.0,82.138947235116,32.21135185690824,36.531510700712
Canon,EOS 5DS,1008,200,147.0,83.16179370118,32.6124681181098,36.573996294508
Canon,EOS 5DS,1008,200,147.0,84.184640167244,33.013584379311375,36.61584257948
Canon,EOS 5DS,1008,200,147.0,85.207486633309,33.41470064051333,36.657065773172
Canon,EOS 5DS,1008,200,147.0,86.230333099373,33.8158169017149,36.697681501732
Canon,EOS 5DS,1008,200,147.0,87.253179565438,34.21693316291686,36.737704828128
Canon,EOS 5DS,1008,200,147.0,88.276026031502,34.61804942411843,36.777150278716
Canon,EOS 5DS,1008,200,147.0,89.298872497566,35.01916568532,36.816031868255
Canon,EOS 5DS,1008,200,147.0,90.321718963631,35.42028194652196,36.854363123483
Canon,EOS 5DS,1008,200,147.0,91.344565429695,35.821398207723526,36.89215710536
Canon,EOS 5DS,1008,200,147.0,92.36741189576,36.222514468925496,36.929426430049
Canon,EOS 5DS,1008,200,147.0,93.390258361824,36.623630730127054,36.966183288742
Canon,EOS 5DS,1008,200,147.0,94.413104827888,37.02474699132863,37.002439466388
Canon,EOS 5DS,1008,200,147.0,95.435951293953,37.42586325253059,37.038206359409
Canon,EOS 5DS,1008,200,147.0,96.458797760017,37.82697951373216,37.073494992452
Canon,EOS 5DS,1008,200,147.0,97.481644226082,38.22809577493412,37.108316034265
Canon,EOS 5DS,1008,200,147.0,98.504490692146,38.62921203613569,37.14267981272
Canon,EOS 5DS,1008,200,147.0,99.52733715821,39.030328297337256,37.176596329066
Canon,EOS 5DS,1008,200,147.0,100.55018362427,39.43144455853725,37.21007527144
Canon,EOS 5DS,1008,200,147.0,101.57303009034,39.832560819741175,37.243126027688
Canon,EOS 5DS,1008,200,147.0,102.5958765564,40.23367708094118,37.275757697541
Canon,EOS 5DS,1008,200,147.0,103.61872302247,40.634793342145095,37.307979104179
Canon,EOS 5DS,1008,200,147.0,104.64156948853,41.0359096033451,37.339798805223
Canon,EOS 5DS,1008,200,147.0,105.6644159546,41.43702586454902,37.371225103188
Canon,EOS 5DS,1008,200,147.0,106.68726242066,41.83814212574902,37.402266055424
Canon,EOS 5DS,1008,200,147.0,107.71010888673,42.23925838695294,37.432929483588
Canon,EOS 5DS,1008,200,147.0,108.73295535279,42.64037464815294,37.463222982653
Canon,EOS 5DS,1008,200,147.0,109.75580181885,43.041490909352945,37.4931539295
Canon,EOS 5DS,1008,200,147.0,110.77864828492,43.44260717055686,37.5227294911
Canon,EOS 5DS,1008,200,147.0,111.80149475098,43.843723431756864,37.551956632329
Canon,EOS 5DS,1008,200,147.0,112.82434121705,44.24483969296079,37.58084212341
Canon,EOS 5DS,1008,200,147.0,113.84718768311,44.64595595416078,37.609392547027
Canon,EOS 5DS,1008,200,147.0,114.87003414918,45.04707221536471,37.637614305109
Canon,EOS 5DS,1008,200,147.0,115.89288061524,45.4481884765647,37.665513625324
Canon,EOS 5DS,1008,200,147.0,116.91572708131,45.84930473776863,37.693096567267
Canon,EOS 5DS,1008,200,147.0,117.93857354737,46.25042099896863,37.720369028392
Canon,EOS 5DS,1008,200,147.0,118.96142001343,46.65153726016863,37.747336749679
Canon,EOS 5DS,1008,200,147.0,119.9842664795,47.05265352137255,37.774005321058
Canon,EOS 5DS,1008,200,147.0,121.00711294556,47.45376978257255,37.800380186594
Canon,EOS 5DS,1008,200,147.0,122.02995941163,47.854886043776474,37.826466649465
Canon,EOS 5DS,1008,200,147.0,123.05280587769,48.25600230497648,37.852269876721
Canon,EOS 5DS,1008,200,147.0,124.07565234376,48.657118566180394,37.877794903844
Canon,EOS 5DS,1008,200,147.0,125.09849880982,49.058234827380396,37.903046639125
Canon,EOS 5DS,1008,200,147.0,126.12134527589,49.45935108858431,37.928029867856
Canon,EOS 5DS,1008,200,147.0,127.14419174195,49.86046734978431,37.952749256356
Canon,EOS 5DS,1008,200,147.0,128.16703820801,50.26158361098432,37.977209355828
Canon,EOS 5DS,1008,200,147.0,129.18988467408,50.662699872188234,38.001414606069
Canon,EOS 5DS,1008,200,147.0,130.21273114014,51.06381613338823,38.025369339025
Canon,EOS 5DS,1008,200,147.0,131.23557760621,51.464932394592154,38.049077782214
Canon,EOS 5DS,1008,200,147.0,132.25842407227,51.86604865579216,38.072544062005
Canon,EOS 5DS,1008,200,147.0,133.28127053834,52.26716491699608,38.095772206779
Canon,EOS 5DS,1008,200,147.0,134.3041170044,52.66828117819608,38.118766149962
Canon,EOS 5DS,1008,200,147.0,135.32696347046,53.06939743939607,38.141529732946
Canon,EOS 5DS,1008,200,147.0,136.34980993653,53.470513700599994,38.164066707897
Canon,EOS 5DS,1008,200,147.0,137.37265640259,53.8716299618,38.186380740453
Canon,EOS 5DS,1008,200,147.0,138.39550286866,54.27274622300392,38.208475412332
Canon,EOS 5DS,1008,200,147.0,139.41834933472,54.67386248420393,38.230354223834
Canon,EOS 5DS,1008,200,147.0,140.44119580079,55.07497874540784,38.252020596252
Canon,EOS 5DS,1008,200,147.0,141.46404226685,55.47609500660784,38.273477874199
Canon,EOS 5DS,1008,200,147.0,142.48688873292,55.87721126781177,38.294729327843
Canon,EOS 5DS,1008,200,147.0,143.50973519898,56.27832752901176,38.315778155073
Canon,EOS 5DS,1008,200,147.0,144.53258166504,56.67944379021176,38.336627483574
Canon,EOS 5DS,1008,200,147.0,145.55542813111,57.08056005141569,38.357280372839
Canon,EOS 5DS,1008,200,147.0,146.57827459717,57.48167631261569,38.377739816105
Canon,EOS 5DS,1008,200,147.0,147.60112106324,57.88279257381961,38.398008742218
Canon,EOS 5DS,1008,200,147.0,148.6239675293,58.2839088350196,38.418090017443
Canon,EOS 5DS,1008,200,147.0,149.64681399537,58.685025096223534,38.4379864472
Canon,EOS 5DS,1008,200,147.0,150.66966046143,59.08614135742353,38.457700777748
Canon,EOS 5DS,1008,200,147.0,151.6925069275,59.48725761862745,38.477235697811
Canon,EOS 5DS,1008,200,147.0,152.71535339356,59.88837387982745,38.496593840141
Canon,EOS 5DS,1008,200,147.0,153.73819985962,60.28949014102746,38.515777783041
Canon,EOS 5DS,1008,200,147.0,154.76104632569,60.690606402231374,38.534790051827
Canon,EOS 5DS,1008,200,147.0,155.78389279175,61.09172266343137,38.553633120246
Canon,EOS 5DS,1008,200,147.0,156.80673925782,61.49283892463529,38.572309411845
Canon,EOS 5DS,1008,200,147.0,157.82958572388,61.893955185835296,38.590821301299
Canon,EOS 5DS,1008,200,147.0,158.85243218995,62.29507144703922,38.609171115687
Canon,EOS 5DS,1008,200,147.0,159.87527865601,62.696187708239215,38.627361135741
Canon,EOS 5DS,1008,200,147.0,160.89812512207,63.097303969439224,38.645393597039
Canon,EOS 5DS,1008,200,147.0,161.92097158814,63.498420230643134,38.663270691171
Canon,EOS 5DS,1008,200,147.0,162.9438180542,63.899536491843136,38.680994566864
Canon,EOS 5DS,1008,200,147.0,163.96666452027,64.30065275304706,38.698567331071
Canon,EOS 5DS,1008,200,147.0,164.98951098633,64.70176901424706,38.715991050027
Canon,EOS 5DS,1008,200,147.0,166.0123574524,65.10288527545099,38.733267750272
Canon,EOS 5DS,1008,200,147.0,167.03520391846,65.50400153665099,38.75039941964
Canon,EOS 5DS,1008,200,147.0,168.05805038453,65.9051177978549,38.767388008224
Canon,EOS 5DS,1008,200,147.0,169.08089685059,66.3062340590549,38.7842354293
Canon,EOS 5DS,1008,200,147.0,170.10374331665,66.7073503202549,38.800943560237
Canon,EOS 5DS,1008,200,147.0,171.12658978272,67.10846658145883,38.817514243368
Canon,EOS 5DS,1008,200,147.0,172.14943624878,67.50958284265882,38.83394928684
Canon,EOS 5DS,1008,200,147.0,173.17228271485,67.91069910386275,38.850250465438
Canon,EOS 5DS,1008,200,147.0,174.19512918091,68.31181536506274,38.866419521385
Canon,EOS 5DS,1008,200,147.0,175.21797564698,68.71293162626667,38.882458165115
Canon,EOS 5DS,1008,200,147.0,176.24082211304,69.11404788746667,38.89836807603
Canon,EOS 5DS,1008,200,147.0,177.26366857911,69.51516414867059,38.914150903225
Canon,EOS 5DS,1008,200,147.0,178.28651504517,69.9162804098706,38.929808266203
Canon,EOS 5DS,1008,200,147.0,179.30936151123,70.31739667107058,38.945341755564
Canon,EOS 5DS,1008,200,147.0,180.3322079773,70.7185129322745,38.960752933667
Canon,EOS 5DS,1008,200,147.0,181.35505444336,71.11962919347451,38.976043335291
Canon,EOS 5DS,1008,200,147.0,182.37790090943,71.52074545467842,38.991214468259
Canon,EOS 5DS,1008,200,147.0,183.40074737549,71.92186171587844,39.006267814053
Canon,EOS 5DS,1008,200,147.0,184.42359384156,72.32297797708236,39.021204828414
Canon,EOS 5DS,1008,200,147.0,185.44644030762,72.72409423828236,39.036026941919
Canon,EOS 5DS,1008,200,147.0,186.46928677369,73.12521049948627,39.050735560545
Canon,EOS 5DS,1008,200,147.0,187.49213323975,73.52632676068626,39.06533206622
Canon,EOS 5DS,1008,200,147.0,188.51497970581,73.92744302188628,39.079817817352
Canon,EOS 5DS,1008,200,147.0,189.53782617188,74.3285592830902,39.094194149352
Canon,EOS 5DS,1008,200,147.0,190.56067263794,74.7296755442902,39.108462375136
Canon,EOS 5DS,1008,200,147.0,191.58351910401,75.13079180549413,39.122623785616
Canon,EOS 5DS,1008,200,147.0,192.60636557007,75.53190806669411,39.136679650178
Canon,EOS 5DS,1008,200,147.0,193.62921203614,75.93302432789804,39.150631217149
Canon,EOS 5DS,1008,200,147.0,194.6520585022,76.33414058909803,39.164479714245
Canon,EOS 5DS,1008,200,147.0,195.67490496826,76.73525685029804,39.178226349017
Canon,EOS 5DS,1008,200,147.0,196.69775143433,77.13637311150197,39.191872309275
Canon,EOS 5DS,1008,200,147.0,197.72059790039,77.53748937270196,39.205418763511
Canon,EOS 5DS,1008,200,147.0,198.74344436646,77.9386056339059,39.2188668613
Canon,EOS 5DS,1008,200,147.0,199.76629083252,78.33972189510588,39.232217733701
Canon,EOS 5DS,1008,200,147.0,200.78913729859,78.7408381563098,39.24547249364
Canon,EOS 5DS,1008,200,147.0,201.81198376465,79.1419544175098,39.258632236288
Canon,EOS 5DS,1008,200,147.0,202.83483023072,79.54307067871372,39.271698039428
Canon,EOS 5DS,1008,200,147.0,203.85767669678,79.94418693991373,39.284670963809
Canon,EOS 5DS,1008,200,147.0,204.88052316284,80.34530320111372,39.297552053498
Canon,EOS 5DS,1008,200,147.0,205.90336962891,80.74641946231765,39.310342336219
Canon,EOS 5DS,1008,200,147.0,206.92621609497,81.14753572351763,39.323042823678
Canon,EOS 5DS,1008,200,147.0,207.94906256104,81.54865198472156,39.335654511896
Canon,EOS 5DS,1008,200,147.0,208.9719090271,81.94976824592158,39.348178381514
Canon,EOS 5DS,1008,200,147.0,209.99475549317,82.35088450712549,39.360615398106
Canon,EOS 5DS,1008,200,147.0,211.01760195923,82.7520007683255,39.372966512475
Canon,EOS 5DS,1008,200,147.0,212.0404484253,83.15311702952943,39.385232660947
Canon,EOS 5DS,1008,200,147.0,213.06329489136,83.55423329072941,39.397414765654
Canon,EOS 5DS,1008,200,147.0,214.08614135742,83.9553495519294,39.409513734816
Canon,EOS 5DS,1008,200,147.0,215.10898782349,84.35646581313333,39.421530463006
Canon,EOS 5DS,1008,200,147.0,216.13183428955,84.75758207433334,39.433465831421
Canon,EOS 5DS,1008,200,147.0,217.15468075562,85.15869833553725,39.445320708136
Canon,EOS 5DS,1008,200,147.0,218.17752722168,85.55981459673725,39.45709594836
Canon,EOS 5DS,1008,200,147.0,219.20037368775,85.96093085794118,39.468792394677
Canon,EOS 5DS,1008,200,147.0,220.22322015381,86.36204711914117,39.480410877294
Canon,EOS 5DS,1008,200,147.0,221.24606661987,86.76316338034117,39.49195221427
Canon,EOS 5DS,1008,200,147.0,222.26891308594,87.1642796415451,39.503417211747
Canon,EOS 5DS,1008,200,147.0,223.291759552,87.56539590274511,39.514806664176
Canon,EOS 5DS,1008,200,147.0,224.31460601807,87.96651216394902,39.526121354533
Canon,EOS 5DS,1008,200,147.0,225.33745248413,88.36762842514902,39.537362054534
Canon,EOS 5DS,1008,200,147.0,226.3602989502,88.76874468635295,39.548529524845
Canon,EOS 5DS,1008,200,147.0,227.38314541626,89.16986094755293,39.559624515285
Canon,EOS 5DS,1008,200,147.0,228.40599188233,89.57097720875686,39.570647765028
Canon,EOS 5DS,1008,200,147.0,229.42883834839,89.97209346995686,39.581600002791
Canon,EOS 5DS,1008,200,147.0,230.45168481445,90.37320973115686,39.592481947036
Canon,EOS 5DS,1008,200,147.0,231.47453128052,90.77432599236079,39.603294306145
Canon,EOS 5DS,1008,200,147.0,232.49737774658,91.17544225356079,39.614037778609
Canon,EOS 5DS,1008,200,147.0,233.52022421265,91.5765585147647,39.624713053204
Canon,EOS 5DS,1008,200,147.0,234.54307067871,91.9776747759647,39.635320809168
Canon,EOS 5DS,1008,200,147.0,235.56591714478,92.37879103716863,39.645861716364
Canon,EOS 5DS,1008,200,147.0,236.58876361084,92.77990729836863,39.656336435457
Canon,EOS 5DS,1008,200,147.0,237.61161007691,93.18102355957255,39.666745618068
Canon,EOS 5DS,1008,200,147.0,238.63445654297,93.58213982077255,39.677089906937
Canon,EOS 5DS,1008,200,147.0,239.65730300903,93.98325608197254,39.687369936082
Canon,EOS 5DS,1008,200,147.0,240.6801494751,94.38437234317647,39.697586330945
Canon,EOS 5DS,1008,200,147.0,241.70299594116,94.78548860437647,39.707739708548
Canon,EOS 5DS,1008,200,147.0,242.72584240723,95.18660486558039,39.717830677633
Canon,EOS 5DS,1008,200,147.0,243.74868887329,95.5877211267804,39.727859838811
Canon,EOS 5DS,1008,200,147.0,244.77153533936,95.98883738798432,39.737827784697
Canon,EOS 5DS,1008,200,147.0,245.79438180542,96.3899536491843,39.74773510005
Canon,EOS 5DS,1008,200,147.0,246.81722827149,96.79106991038825,39.757582361907
Canon,EOS 5DS,1008,200,147.0,247.84007473755,97.19218617158823,39.767370139711
Canon,EOS 5DS,1008,200,147.0,248.86292120361,97.59330243278824,39.777098995446
Canon,EOS 5DS,1008,200,147.0,249.88576766968,97.99441869399216,39.786769483755
Canon,EOS 5DS,1008,200,147.0,250.90861413574,98.39553495519216,39.796382152069
Canon,EOS 5DS,1008,200,147.0,251.93146060181,98.79665121639607,39.805937540729
Canon,EOS 5DS,1008,200,147.0,252.95430706787,99.19776747759607,39.815436183096
Canon,EOS 5DS,1008,200,147.0,253.97715353394,99.5988837388,39.824878605677
Canon,EOS 5DS,1008,200,147.0,255,100.0,39.83426532823
Canon,EOS 5DS,1008,400,293.0,0.15348761164151,0.06019122025157256,0
Canon,EOS 5DS,1008,400,293.0,0.22200045142478,0.08705900055873725,2.8765927340522
Canon,EOS 5DS,1008,400,293.0,0.37595795135291,0.14743449072663137,6.7925761059641
Canon,EOS 5DS,1008,400,293.0,0.66957148659487,0.26257705356661565,10.77076117868
Canon,EOS 5DS,1008,400,293.0,1.1601323411628,0.4549538592795294,14.225467393381
Canon,EOS 5DS,1008,400,293.0,2.3569228820918,0.9242834831732549,18.228056431099
Canon,EOS 5DS,1008,400,293.0,3.3797693481562,1.3253997443749803,20.100069554376
Canon,EOS 5DS,1008,400,293.0,4.4026158142206,1.726516005576706,21.416960796863
Canon,EOS 5DS,1008,400,293.0,5.425462280285,2.1276322667784315,22.428675853735
Canon,EOS 5DS,1008,400,293.0,6.4483087463494,2.5287485279801567,23.248121332541
Canon,EOS 5DS,1008,400,293.0,7.4711552124138,2.9298647891818823,23.93561198345
Canon,EOS 5DS,1008,400,293.0,8.4940016784782,3.330981050383608,24.527053754493
Canon,EOS 5DS,1008,400,293.0,9.5168481445426,3.7320973115853335,25.045512594824
Canon,EOS 5DS,1008,400,293.0,10.539694610607,4.133213572787059,25.506668264444
Canon,EOS 5DS,1008,400,293.0,11.562541076671,4.534329833988628,25.921655874691
Canon,EOS 5DS,1008,400,293.0,12.585387542736,4.935446095190588,26.298663335108
Canon,EOS 5DS,1008,400,293.0,13.6082340088,5.336562356392157,26.643884832019
Canon,EOS 5DS,1008,400,293.0,14.631080474865,5.737678617594118,26.962118205986
Canon,EOS 5DS,1008,400,293.0,15.653926940929,6.138794878795687,27.257154527828
Canon,EOS 5DS,1008,400,293.0,16.676773406993,6.539911139997255,27.532040867843
Canon,EOS 5DS,1008,400,293.0,17.699619873058,6.941027401199216,27.789262704295
Canon,EOS 5DS,1008,400,293.0,18.722466339122,7.342143662400785,28.030873730264
Canon,EOS 5DS,1008,400,293.0,19.745312805187,7.7432599236027455,28.25859024998
Canon,EOS 5DS,1008,400,293.0,20.768159271251,8.144376184804313,28.473861145184
Canon,EOS 5DS,1008,400,293.0,21.791005737315,8.545492446005882,28.677920618093
Canon,EOS 5DS,1008,400,293.0,22.81385220338,8.946608707207844,28.871828555494
Canon,EOS 5DS,1008,400,293.0,23.836698669444,9.347724968409413,29.056501841147
Canon,EOS 5DS,1008,400,293.0,24.859545135509,9.748841229611372,29.232738945804
Canon,EOS 5DS,1008,400,293.0,25.882391601573,10.149957490812941,29.401239454104
Canon,EOS 5DS,1008,400,293.0,26.905238067638,10.5510737520149,29.562619728958
Canon,EOS 5DS,1008,400,293.0,27.928084533702,10.95219001321647,29.717425594735
Canon,EOS 5DS,1008,400,293.0,28.950930999766,11.35330627441804,29.866142694698
Canon,EOS 5DS,1008,400,293.0,29.973777465831,11.754422535619998,30.009205016036
Canon,EOS 5DS,1008,400,293.0,30.996623931895,12.155538796821569,30.147001957983
Canon,EOS 5DS,1008,400,293.0,32.01947039796,12.55665505802353,30.279884231772
Canon,EOS 5DS,1008,400,293.0,33.042316864024,12.957771319225097,30.408168816556
Canon,EOS 5DS,1008,400,293.0,34.065163330088,13.358887580426664,30.532143146851
Canon,EOS 5DS,1008,400,293.0,35.088009796153,13.76000384162863,30.652068670118
Canon,EOS 5DS,1008,400,293.0,36.110856262217,14.161120102830196,30.768183884801
Canon,EOS 5DS,1008,400,293.0,37.133702728282,14.562236364032158,30.880706947253
Canon,EOS 5DS,1008,400,293.0,38.156549194346,14.963352625233725,30.989837918885
Canon,EOS 5DS,1008,400,293.0,39.17939566041,15.364468886435295,31.095760711523
Canon,EOS 5DS,1008,400,293.0,40.202242126475,15.765585147637253,31.198644778287
Canon,EOS 5DS,1008,400,293.0,41.225088592539,16.166701408838826,31.298646588929
Canon,EOS 5DS,1008,400,293.0,42.247935058604,16.567817670040785,31.395910921761
Canon,EOS 5DS,1008,400,293.0,43.270781524668,16.968933931242354,31.490571998856
Canon,EOS 5DS,1008,400,293.0,44.293627990732,17.37005019244392,31.582754486794
Canon,EOS 5DS,1008,400,293.0,45.316474456797,17.771166453645883,31.672574381616
Canon,EOS 5DS,1008,400,293.0,46.339320922861,18.17228271484745,31.760139793687
Canon,EOS 5DS,1008,400,293.0,47.362167388926,18.57339897604941,31.845551645761
Canon,EOS 5DS,1008,400,293.0,48.38501385499,18.97451523725098,31.928904295498
Canon,EOS 5DS,1008,400,293.0,49.407860321054,19.37563149845255,32.010286092045
Canon,EOS 5DS,1008,400,293.0,50.430706787119,19.77674775965451,32.089779874885
Canon,EOS 5DS,1008,400,293.0,51.453553253183,20.177864020856077,32.167463421982
Canon,EOS 5DS,1008,400,293.0,52.476399719248,20.57898028205804,32.243409853298
Canon,EOS 5DS,1008,400,293.0,53.499246185312,20.98009654325961,32.317687994892
Canon,EOS 5DS,1008,400,293.0,54.522092651377,21.38121280446157,32.390362708141
Canon,EOS 5DS,1008,400,293.0,55.544939117441,21.782329065663138,32.46149518802
Canon,EOS 5DS,1008,400,293.0,56.567785583505,22.183445326864707,32.531143233856
Canon,EOS 5DS,1008,400,293.0,57.59063204957,22.584561588066666,32.599361495553
Canon,EOS 5DS,1008,400,293.0,58.613478515634,22.985677849268235,32.666201697906
Canon,EOS 5DS,1008,400,293.0,59.636324981699,23.386794110470195,32.731712845303
Canon,EOS 5DS,1008,400,293.0,60.659171447763,23.787910371671764,32.795941408837
Canon,EOS 5DS,1008,400,293.0,61.682017913827,24.189026632873333,32.858931497604
Canon,EOS 5DS,1008,400,293.0,62.704864379892,24.590142894075296,32.92072501578
Canon,EOS 5DS,1008,400,293.0,63.727710845956,24.99125915527686,32.98136180685
Canon,EOS 5DS,1008,400,293.0,64.750557312021,25.392375416478824,33.040879786244
Canon,EOS 5DS,1008,400,293.0,65.773403778085,25.793491677680393,33.099315063478
Canon,EOS 5DS,1008,400,293.0,66.796250244149,26.19460793888196,33.15670205477
Canon,EOS 5DS,1008,400,293.0,67.819096710214,26.59572420008392,33.213073587029
Canon,EOS 5DS,1008,400,293.0,68.841943176278,26.996840461285487,33.268460993977
Canon,EOS 5DS,1008,400,293.0,69.864789642343,27.39795672248745,33.322894205117
Canon,EOS 5DS,1008,400,293.0,70.887636108407,27.799072983689015,33.37640182818
Canon,EOS 5DS,1008,400,293.0,71.910482574471,28.200189244890588,33.429011225608
Canon,EOS 5DS,1008,400,293.0,72.933329040536,28.601305506092544,33.480748585589
Canon,EOS 5DS,1008,400,293.0,73.9561755066,29.002421767294116,33.531638988101
Canon,EOS 5DS,1008,400,293.0,74.979021972665,29.40353802849608,33.581706466379
Canon,EOS 5DS,1008,400,293.0,76.001868438729,29.804654289697645,33.630974064181
Canon,EOS 5DS,1008,400,293.0,77.024714904793,30.205770550899214,33.679463889197
Canon,EOS 5DS,1008,400,293.0,78.047561370858,30.60688681210118,33.727197162899
Canon,EOS 5DS,1008,400,293.0,79.070407836922,31.00800307330275,33.774194267121
Canon,EOS 5DS,1008,400,293.0,80.093254302987,31.40911933450471,33.820474787623
Canon,EOS 5DS,1008,400,293.0,81.116100769051,31.810235595706278,33.866057554866
Canon,EOS 5DS,1008,400,293.0,82.138947235116,32.21135185690824,33.910960682207
Canon,EOS 5DS,1008,400,293.0,83.16179370118,32.6124681181098,33.955201601718
Canon,EOS 5DS,1008,400,293.0,84.184640167244,33.013584379311375,33.998797097799
Canon,EOS 5DS,1008,400,293.0,85.207486633309,33.41470064051333,34.041763338733
Canon,EOS 5DS,1008,400,293.0,86.230333099373,33.8158169017149,34.08411590636
Canon,EOS 5DS,1008,400,293.0,87.253179565438,34.21693316291686,34.125869823977
Canon,EOS 5DS,1008,400,293.0,88.276026031502,34.61804942411843,34.167039582602
Canon,EOS 5DS,1008,400,293.0,89.298872497566,35.01916568532,34.207639165712
Canon,EOS 5DS,1008,400,293.0,90.321718963631,35.42028194652196,34.24768207257
Canon,EOS 5DS,1008,400,293.0,91.344565429695,35.821398207723526,34.287181340215
Canon,EOS 5DS,1008,400,293.0,92.36741189576,36.222514468925496,34.326149564231
Canon,EOS 5DS,1008,400,293.0,93.390258361824,36.623630730127054,34.364598918356
Canon,EOS 5DS,1008,400,293.0,94.413104827888,37.02474699132863,34.402541173021
Canon,EOS 5DS,1008,400,293.0,95.435951293953,37.42586325253059,34.439987712874
Canon,EOS 5DS,1008,400,293.0,96.458797760017,37.82697951373216,34.476949553375
Canon,EOS 5DS,1008,400,293.0,97.481644226082,38.22809577493412,34.513437356503
Canon,EOS 5DS,1008,400,293.0,98.504490692146,38.62921203613569,34.549461445632
Canon,EOS 5DS,1008,400,293.0,99.52733715821,39.030328297337256,34.585031819646
Canon,EOS 5DS,1008,400,293.0,100.55018362427,39.43144455853725,34.620158166318
Canon,EOS 5DS,1008,400,293.0,101.57303009034,39.832560819741175,34.654849875008
Canon,EOS 5DS,1008,400,293.0,102.5958765564,40.23367708094118,34.689116048725
Canon,EOS 5DS,1008,400,293.0,103.61872302247,40.634793342145095,34.722965515584
Canon,EOS 5DS,1008,400,293.0,104.64156948853,41.0359096033451,34.756406839691
Canon,EOS 5DS,1008,400,293.0,105.6644159546,41.43702586454902,34.789448331507
Canon,EOS 5DS,1008,400,293.0,106.68726242066,41.83814212574902,34.822098057699
Canon,EOS 5DS,1008,400,293.0,107.71010888673,42.23925838695294,34.854363850523
Canon,EOS 5DS,1008,400,293.0,108.73295535279,42.64037464815294,34.886253316758
Canon,EOS 5DS,1008,400,293.0,109.75580181885,43.041490909352945,34.917773846222
Canon,EOS 5DS,1008,400,293.0,110.77864828492,43.44260717055686,34.948932619886
Canon,EOS 5DS,1008,400,293.0,111.80149475098,43.843723431756864,34.979736617617
Canon,EOS 5DS,1008,400,293.0,112.82434121705,44.24483969296079,35.010192625566
Canon,EOS 5DS,1008,400,293.0,113.84718768311,44.64595595416078,35.040307243215
Canon,EOS 5DS,1008,400,293.0,114.87003414918,45.04707221536471,35.070086890116
Canon,EOS 5DS,1008,400,293.0,115.89288061524,45.4481884765647,35.099537812318
Canon,EOS 5DS,1008,400,293.0,116.91572708131,45.84930473776863,35.128666088522
Canon,EOS 5DS,1008,400,293.0,117.93857354737,46.25042099896863,35.157477635955
Canon,EOS 5DS,1008,400,293.0,118.96142001343,46.65153726016863,35.185978215997
Canon,EOS 5DS,1008,400,293.0,119.9842664795,47.05265352137255,35.214173439563
Canon,EOS 5DS,1008,400,293.0,121.00711294556,47.45376978257255,35.242068772252
Canon,EOS 5DS,1008,400,293.0,122.02995941163,47.854886043776474,35.269669539285
Canon,EOS 5DS,1008,400,293.0,123.05280587769,48.25600230497648,35.296980930224
Canon,EOS 5DS,1008,400,293.0,124.07565234376,48.657118566180394,35.324008003512
Canon,EOS 5DS,1008,400,293.0,125.09849880982,49.058234827380396,35.350755690805
Canon,EOS 5DS,1008,400,293.0,126.12134527589,49.45935108858431,35.377228801144
Canon,EOS 5DS,1008,400,293.0,127.14419174195,49.86046734978431,35.403432024948
Canon,EOS 5DS,1008,400,293.0,128.16703820801,50.26158361098432,35.429369937845
Canon,EOS 5DS,1008,400,293.0,129.18988467408,50.662699872188234,35.455047004361
Canon,EOS 5DS,1008,400,293.0,130.21273114014,51.06381613338823,35.480467581445
Canon,EOS 5DS,1008,400,293.0,131.23557760621,51.464932394592154,35.505635921874
Canon,EOS 5DS,1008,400,293.0,132.25842407227,51.86604865579216,35.530556177511
Canon,EOS 5DS,1008,400,293.0,133.28127053834,52.26716491699608,35.555232402442
Canon,EOS 5DS,1008,400,293.0,134.3041170044,52.66828117819608,35.579668555993
Canon,EOS 5DS,1008,400,293.0,135.32696347046,53.06939743939607,35.603868505634
Canon,EOS 5DS,1008,400,293.0,136.34980993653,53.470513700599994,35.627836029763
Canon,EOS 5DS,1008,400,293.0,137.37265640259,53.8716299618,35.6515748204
Canon,EOS 5DS,1008,400,293.0,138.39550286866,54.27274622300392,35.675088485768
Canon,EOS 5DS,1008,400,293.0,139.41834933472,54.67386248420393,35.698380552785
Canon,EOS 5DS,1008,400,293.0,140.44119580079,55.07497874540784,35.721454469464
Canon,EOS 5DS,1008,400,293.0,141.46404226685,55.47609500660784,35.744313607219
Canon,EOS 5DS,1008,400,293.0,142.48688873292,55.87721126781177,35.766961263099
Canon,EOS 5DS,1008,400,293.0,143.50973519898,56.27832752901176,35.789400661931
Canon,EOS 5DS,1008,400,293.0,144.53258166504,56.67944379021176,35.811634958393
Canon,EOS 5DS,1008,400,293.0,145.55542813111,57.08056005141569,35.833667239007
Canon,EOS 5DS,1008,400,293.0,146.57827459717,57.48167631261569,35.855500524071
Canon,EOS 5DS,1008,400,293.0,147.60112106324,57.88279257381961,35.877137769516
Canon,EOS 5DS,1008,400,293.0,148.6239675293,58.2839088350196,35.898581868698
Canon,EOS 5DS,1008,400,293.0,149.64681399537,58.685025096223534,35.919835654136
Canon,EOS 5DS,1008,400,293.0,150.66966046143,59.08614135742353,35.940901899183
Canon,EOS 5DS,1008,400,293.0,151.6925069275,59.48725761862745,35.961783319641
Canon,EOS 5DS,1008,400,293.0,152.71535339356,59.88837387982745,35.982482575325
Canon,EOS 5DS,1008,400,293.0,153.73819985962,60.28949014102746,36.003002271572
Canon,EOS 5DS,1008,400,293.0,154.76104632569,60.690606402231374,36.0233449607
Canon,EOS 5DS,1008,400,293.0,155.78389279175,61.09172266343137,36.04351314342
Canon,EOS 5DS,1008,400,293.0,156.80673925782,61.49283892463529,36.063509270196
Canon,EOS 5DS,1008,400,293.0,157.82958572388,61.893955185835296,36.083335742572
Canon,EOS 5DS,1008,400,293.0,158.85243218995,62.29507144703922,36.10299491444
Canon,EOS 5DS,1008,400,293.0,159.87527865601,62.696187708239215,36.122489093284
Canon,EOS 5DS,1008,400,293.0,160.89812512207,63.097303969439224,36.141820541369
Canon,EOS 5DS,1008,400,293.0,161.92097158814,63.498420230643134,36.160991476906
Canon,EOS 5DS,1008,400,293.0,162.9438180542,63.899536491843136,36.180004075165
Canon,EOS 5DS,1008,400,293.0,163.96666452027,64.30065275304706,36.198860469567
Canon,EOS 5DS,1008,400,293.0,164.98951098633,64.70176901424706,36.217562752735
Canon,EOS 5DS,1008,400,293.0,166.0123574524,65.10288527545099,36.23611297751
Canon,EOS 5DS,1008,400,293.0,167.03520391846,65.50400153665099,36.254513157943
Canon,EOS 5DS,1008,400,293.0,168.05805038453,65.9051177978549,36.272765270248
Canon,EOS 5DS,1008,400,293.0,169.08089685059,66.3062340590549,36.290871253735
Canon,EOS 5DS,1008,400,293.0,170.10374331665,66.7073503202549,36.308833011705
Canon,EOS 5DS,1008,400,293.0,171.12658978272,67.10846658145883,36.326652412327
Canon,EOS 5DS,1008,400,293.0,172.14943624878,67.50958284265882,36.344331289482
Canon,EOS 5DS,1008,400,293.0,173.17228271485,67.91069910386275,36.361871443585
Canon,EOS 5DS,1008,400,293.0,174.19512918091,68.31181536506274,36.379274642385
Canon,EOS 5DS,1008,400,293.0,175.21797564698,68.71293162626667,36.396542621733
Canon,EOS 5DS,1008,400,293.0,176.24082211304,69.11404788746667,36.413677086337
Canon,EOS 5DS,1008,400,293.0,177.26366857911,69.51516414867059,36.430679710492
Canon,EOS 5DS,1008,400,293.0,178.28651504517,69.9162804098706,36.447552138785
Canon,EOS 5DS,1008,400,293.0,179.30936151123,70.31739667107058,36.464295986783
Canon,EOS 5DS,1008,400,293.0,180.3322079773,70.7185129322745,36.480912841703
Canon,EOS 5DS,1008,400,293.0,181.35505444336,71.11962919347451,36.497404263059
Canon,EOS 5DS,1008,400,293.0,182.37790090943,71.52074545467842,36.513771783294
Canon,EOS 5DS,1008,400,293.0,183.40074737549,71.92186171587844,36.530016908391
Canon,EOS 5DS,1008,400,293.0,184.42359384156,72.32297797708236,36.546141118472
Canon,EOS 5DS,1008,400,293.0,185.44644030762,72.72409423828236,36.562145868372
Canon,EOS 5DS,1008,400,293.0,186.46928677369,73.12521049948627,36.578032588208
Canon,EOS 5DS,1008,400,293.0,187.49213323975,73.52632676068626,36.59380268392
Canon,EOS 5DS,1008,400,293.0,188.51497970581,73.92744302188628,36.60945753781
Canon,EOS 5DS,1008,400,293.0,189.53782617188,74.3285592830902,36.624998509056
Canon,EOS 5DS,1008,400,293.0,190.56067263794,74.7296755442902,36.640426934217
Canon,EOS 5DS,1008,400,293.0,191.58351910401,75.13079180549413,36.655744127725
Canon,EOS 5DS,1008,400,293.0,192.60636557007,75.53190806669411,36.670951382359
Canon,EOS 5DS,1008,400,293.0,193.62921203614,75.93302432789804,36.686049969712
Canon,EOS 5DS,1008,400,293.0,194.6520585022,76.33414058909803,36.701041140644
Canon,EOS 5DS,1008,400,293.0,195.67490496826,76.73525685029804,36.71592612572
Canon,EOS 5DS,1008,400,293.0,196.69775143433,77.13637311150197,36.73070613564
Canon,EOS 5DS,1008,400,293.0,197.72059790039,77.53748937270196,36.745382361657
Canon,EOS 5DS,1008,400,293.0,198.74344436646,77.9386056339059,36.759955975983
Canon,EOS 5DS,1008,400,293.0,199.76629083252,78.33972189510588,36.774428132184
Canon,EOS 5DS,1008,400,293.0,200.78913729859,78.7408381563098,36.78879996557
Canon,EOS 5DS,1008,400,293.0,201.81198376465,79.1419544175098,36.803072593567
Canon,EOS 5DS,1008,400,293.0,202.83483023072,79.54307067871372,36.817247116085
Canon,EOS 5DS,1008,400,293.0,203.85767669678,79.94418693991373,36.831324615876
Canon,EOS 5DS,1008,400,293.0,204.88052316284,80.34530320111372,36.845306158883
Canon,EOS 5DS,1008,400,293.0,205.90336962891,80.74641946231765,36.859192794576
Canon,EOS 5DS,1008,400,293.0,206.92621609497,81.14753572351763,36.872985556286
Canon,EOS 5DS,1008,400,293.0,207.94906256104,81.54865198472156,36.886685461528
Canon,EOS 5DS,1008,400,293.0,208.9719090271,81.94976824592158,36.900293512316
Canon,EOS 5DS,1008,400,293.0,209.99475549317,82.35088450712549,36.913810695467
Canon,EOS 5DS,1008,400,293.0,211.01760195923,82.7520007683255,36.927237982905
Canon,EOS 5DS,1008,400,293.0,212.0404484253,83.15311702952943,36.94057633195
Canon,EOS 5DS,1008,400,293.0,213.06329489136,83.55423329072941,36.953826685606
Canon,EOS 5DS,1008,400,293.0,214.08614135742,83.9553495519294,36.966989972834
Canon,EOS 5DS,1008,400,293.0,215.10898782349,84.35646581313333,36.980067108834
Canon,EOS 5DS,1008,400,293.0,216.13183428955,84.75758207433334,36.993058995297
Canon,EOS 5DS,1008,400,293.0,217.15468075562,85.15869833553725,37.005966520675
Canon,EOS 5DS,1008,400,293.0,218.17752722168,85.55981459673725,37.018790560429
Canon,EOS 5DS,1008,400,293.0,219.20037368775,85.96093085794118,37.031531977273
Canon,EOS 5DS,1008,400,293.0,220.22322015381,86.36204711914117,37.044191621422
Canon,EOS 5DS,1008,400,293.0,221.24606661987,86.76316338034117,37.056770330821
Canon,EOS 5DS,1008,400,293.0,222.26891308594,87.1642796415451,37.06926893138
Canon,EOS 5DS,1008,400,293.0,223.291759552,87.56539590274511,37.081688237192
Canon,EOS 5DS,1008,400,293.0,224.31460601807,87.96651216394902,37.09402905076
Canon,EOS 5DS,1008,400,293.0,225.33745248413,88.36762842514902,37.106292163206
Canon,EOS 5DS,1008,400,293.0,226.3602989502,88.76874468635295,37.118478354484
Canon,EOS 5DS,1008,400,293.0,227.38314541626,89.16986094755293,37.130588393582
Canon,EOS 5DS,1008,400,293.0,228.40599188233,89.57097720875686,37.142623038722
Canon,EOS 5DS,1008,400,293.0,229.42883834839,89.97209346995686,37.154583037558
Canon,EOS 5DS,1008,400,293.0,230.45168481445,90.37320973115686,37.166469127367
Canon,EOS 5DS,1008,400,293.0,231.47453128052,90.77432599236079,37.178282035232
Canon,EOS 5DS,1008,400,293.0,232.49737774658,91.17544225356079,37.190022478231
Canon,EOS 5DS,1008,400,293.0,233.52022421265,91.5765585147647,37.20169116361
Canon,EOS 5DS,1008,400,293.0,234.54307067871,91.9776747759647,37.213288788961
Canon,EOS 5DS,1008,400,293.0,235.56591714478,92.37879103716863,37.224816042392
Canon,EOS 5DS,1008,400,293.0,236.58876361084,92.77990729836863,37.236273602695
Canon,EOS 5DS,1008,400,293.0,237.61161007691,93.18102355957255,37.247662139508
Canon,EOS 5DS,1008,400,293.0,238.63445654297,93.58213982077255,37.258982313477
Canon,EOS 5DS,1008,400,293.0,239.65730300903,93.98325608197254,37.270234776411
Canon,EOS 5DS,1008,400,293.0,240.6801494751,94.38437234317647,37.281420171436
Canon,EOS 5DS,1008,400,293.0,241.70299594116,94.78548860437647,37.292539133145
Canon,EOS 5DS,1008,400,293.0,242.72584240723,95.18660486558039,37.303592287745
Canon,EOS 5DS,1008,400,293.0,243.74868887329,95.5877211267804,37.314580253198
Canon,EOS 5DS,1008,400,293.0,244.77153533936,95.98883738798432,37.325503639367
Canon,EOS 5DS,1008,400,293.0,245.79438180542,96.3899536491843,37.336363048148
Canon,EOS 5DS,1008,400,293.0,246.81722827149,96.79106991038825,37.347159073609
Canon,EOS 5DS,1008,400,293.0,247.84007473755,97.19218617158823,37.357892302119
Canon,EOS 5DS,1008,400,293.0,248.86292120361,97.59330243278824,37.368563312479
Canon,EOS 5DS,1008,400,293.0,249.88576766968,97.99441869399216,37.379172676047
Canon,EOS 5DS,1008,400,293.0,250.90861413574,98.39553495519216,37.389720956865
Canon,EOS 5DS,1008,400,293.0,251.93146060181,98.79665121639607,37.400208711776
Canon,EOS 5DS,1008,400,293.0,252.95430706787,99.19776747759607,37.410636490547
Canon,EOS 5DS,1008,400,293.0,253.97715353394,99.5988837388,37.421004835982
Canon,EOS 5DS,1008,400,293.0,255,100.0,37.431314284039
Canon,EOS 5DS,1008,800,572.0,0.22200045142478,0.08705900055873725,0
Canon,EOS 5DS,1008,800,572.0,0.37595795135291,0.14743449072663137,3.9043918086157
Canon,EOS 5DS,1008,800,572.0,0.66957148659487,0.26257705356661565,7.8681925694695
Canon,EOS 5DS,1008,800,572.0,1.1601323411628,0.4549538592795294,11.310127430957
Canon,EOS 5DS,1008,800,572.0,2.3569228820918,0.9242834831732549,15.302473376518
Canon,EOS 5DS,1008,800,572.0,3.3797693481562,1.3253997443749803,17.17364509406
Canon,EOS 5DS,1008,800,572.0,4.4026158142206,1.726516005576706,18.4923467566
Canon,EOS 5DS,1008,800,572.0,5.425462280285,2.1276322667784315,19.507185542885
Canon,EOS 5DS,1008,800,572.0,6.4483087463494,2.5287485279801567,20.330494693528
Canon,EOS 5DS,1008,800,572.0,7.4711552124138,2.9298647891818823,21.022302416772
Canon,EOS 5DS,1008,800,572.0,8.4940016784782,3.330981050383608,21.618355564697
Canon,EOS 5DS,1008,800,572.0,9.5168481445426,3.7320973115853335,22.141624701658
Canon,EOS 5DS,1008,800,572.0,10.539694610607,4.133213572787059,22.607728949179
Canon,EOS 5DS,1008,800,572.0,11.562541076671,4.534329833988628,23.027763046141
Canon,EOS 5DS,1008,800,572.0,12.585387542736,4.935446095190588,23.409886999473
Canon,EOS 5DS,1008,800,572.0,13.6082340088,5.336562356392157,23.760275108192
Canon,EOS 5DS,1008,800,572.0,14.631080474865,5.737678617594118,24.083710668345
Canon,EOS 5DS,1008,800,572.0,15.653926940929,6.138794878795687,24.383973878827
Canon,EOS 5DS,1008,800,572.0,16.676773406993,6.539911139997255,24.66410352995
Canon,EOS 5DS,1008,800,572.0,17.699619873058,6.941027401199216,24.926578691529
Canon,EOS 5DS,1008,800,572.0,18.722466339122,7.342143662400785,25.173448026857
Canon,EOS 5DS,1008,800,572.0,19.745312805187,7.7432599236027455,25.406423844037
Canon,EOS 5DS,1008,800,572.0,20.768159271251,8.144376184804313,25.626951815934
Canon,EOS 5DS,1008,800,572.0,21.791005737315,8.545492446005882,25.836263543933
Canon,EOS 5DS,1008,800,572.0,22.81385220338,8.946608707207844,26.035416789588
Canon,EOS 5DS,1008,800,572.0,23.836698669444,9.347724968409413,26.225326687696
Canon,EOS 5DS,1008,800,572.0,24.859545135509,9.748841229611372,26.40679026083
Canon,EOS 5DS,1008,800,572.0,25.882391601573,10.149957490812941,26.580505888173
Canon,EOS 5DS,1008,800,572.0,26.905238067638,10.5510737520149,26.747088924742
Canon,EOS 5DS,1008,800,572.0,27.928084533702,10.95219001321647,26.907084349107
Canon,EOS 5DS,1008,800,572.0,28.950930999766,11.35330627441804,27.060977092687
Canon,EOS 5DS,1008,800,572.0,29.973777465831,11.754422535619998,27.209200542275
Canon,EOS 5DS,1008,800,572.0,30.996623931895,12.155538796821569,27.352143590022
Canon,EOS 5DS,1008,800,572.0,32.01947039796,12.55665505802353,27.490156518638
Canon,EOS 5DS,1008,800,572.0,33.042316864024,12.957771319225097,27.62355594526
Canon,EOS 5DS,1008,800,572.0,34.065163330088,13.358887580426664,27.752628998967
Canon,EOS 5DS,1008,800,572.0,35.088009796153,13.76000384162863,27.877636870132
Canon,EOS 5DS,1008,800,572.0,36.110856262217,14.161120102830196,27.998817841615
Canon,EOS 5DS,1008,800,572.0,37.133702728282,14.562236364032158,28.116389889941
Canon,EOS 5DS,1008,800,572.0,38.156549194346,14.963352625233725,28.230552927628
Canon,EOS 5DS,1008,800,572.0,39.17939566041,15.364468886435295,28.341490744445
Canon,EOS 5DS,1008,800,572.0,40.202242126475,15.765585147637253,28.44937269483
Canon,EOS 5DS,1008,800,572.0,41.225088592539,16.166701408838826,28.554355170264
Canon,EOS 5DS,1008,800,572.0,42.247935058604,16.567817670040785,28.656582888653
Canon,EOS 5DS,1008,800,572.0,43.270781524668,16.968933931242354,28.756190027354
Canon,EOS 5DS,1008,800,572.0,44.293627990732,17.37005019244392,28.853301222037
Canon,EOS 5DS,1008,800,572.0,45.316474456797,17.771166453645883,28.948032450005
Canon,EOS 5DS,1008,800,572.0,46.339320922861,18.17228271484745,29.040491813644
Canon,EOS 5DS,1008,800,572.0,47.362167388926,18.57339897604941,29.130780237245
Canon,EOS 5DS,1008,800,572.0,48.38501385499,18.97451523725098,29.21899208845
Canon,EOS 5DS,1008,800,572.0,49.407860321054,19.37563149845255,29.305215733886
Canon,EOS 5DS,1008,800,572.0,50.430706787119,19.77674775965451,29.389534037173
Canon,EOS 5DS,1008,800,572.0,51.453553253183,20.177864020856077,29.47202480635
Canon,EOS 5DS,1008,800,572.0,52.476399719248,20.57898028205804,29.552761196733
Canon,EOS 5DS,1008,800,572.0,53.499246185312,20.98009654325961,29.631812074443
Canon,EOS 5DS,1008,800,572.0,54.522092651377,21.38121280446157,29.709242345127
Canon,EOS 5DS,1008,800,572.0,55.544939117441,21.782329065663138,29.785113251776
Canon,EOS 5DS,1008,800,572.0,56.567785583505,22.183445326864707,29.859482645078
Canon,EOS 5DS,1008,800,572.0,57.59063204957,22.584561588066666,29.932405229288
Canon,EOS 5DS,1008,800,572.0,58.613478515634,22.985677849268235,30.003932786215
Canon,EOS 5DS,1008,800,572.0,59.636324981699,23.386794110470195,30.07411437964
Canon,EOS 5DS,1008,800,572.0,60.659171447763,23.787910371671764,30.142996542165
Canon,EOS 5DS,1008,800,572.0,61.682017913827,24.189026632873333,30.210623446283
Canon,EOS 5DS,1008,800,572.0,62.704864379892,24.590142894075296,30.277037061242
Canon,EOS 5DS,1008,800,572.0,63.727710845956,24.99125915527686,30.342277297088
Canon,EOS 5DS,1008,800,572.0,64.750557312021,25.392375416478824,30.40638213713
Canon,EOS 5DS,1008,800,572.0,65.773403778085,25.793491677680393,30.469387759924
Canon,EOS 5DS,1008,800,572.0,66.796250244149,26.19460793888196,30.531328651758
Canon,EOS 5DS,1008,800,572.0,67.819096710214,26.59572420008392,30.592237710503
Canon,EOS 5DS,1008,800,572.0,68.841943176278,26.996840461285487,30.652146341628
Canon,EOS 5DS,1008,800,572.0,69.864789642343,27.39795672248745,30.711084547065
Canon,EOS 5DS,1008,800,572.0,70.887636108407,27.799072983689015,30.769081007557
Canon,EOS 5DS,1008,800,572.0,71.910482574471,28.200189244890588,30.826163159057
Canon,EOS 5DS,1008,800,572.0,72.933329040536,28.601305506092544,30.882357263685
Canon,EOS 5DS,1008,800,572.0,73.9561755066,29.002421767294116,30.937688475699
Canon,EOS 5DS,1008,800,572.0,74.979021972665,29.40353802849608,30.992180902901
Canon,EOS 5DS,1008,800,572.0,76.001868438729,29.804654289697645,31.045857663837
Canon,EOS 5DS,1008,800,572.0,77.024714904793,30.205770550899214,31.098740941158
Canon,EOS 5DS,1008,800,572.0,78.047561370858,30.60688681210118,31.150852031416
Canon,EOS 5DS,1008,800,572.0,79.070407836922,31.00800307330275,31.202211391602
Canon,EOS 5DS,1008,800,572.0,80.093254302987,31.40911933450471,31.252838682668
Canon,EOS 5DS,1008,800,572.0,81.116100769051,31.810235595706278,31.302752810259
Canon,EOS 5DS,1008,800,572.0,82.138947235116,32.21135185690824,31.351971962881
Canon,EOS 5DS,1008,800,572.0,83.16179370118,32.6124681181098,31.400513647686
Canon,EOS 5DS,1008,800,572.0,84.184640167244,33.013584379311375,31.448394724048
Canon,EOS 5DS,1008,800,572.0,85.207486633309,33.41470064051333,31.495631435105
Canon,EOS 5DS,1008,800,572.0,86.230333099373,33.8158169017149,31.542239437399
Canon,EOS 5DS,1008,800,572.0,87.253179565438,34.21693316291686,31.588233828755
Canon,EOS 5DS,1008,800,572.0,88.276026031502,34.61804942411843,31.633629174526
Canon,EOS 5DS,1008,800,572.0,89.298872497566,35.01916568532,31.678439532316
Canon,EOS 5DS,1008,800,572.0,90.321718963631,35.42028194652196,31.722678475279
Canon,EOS 5DS,1008,800,572.0,91.344565429695,35.821398207723526,31.766359114108
Canon,EOS 5DS,1008,800,572.0,92.36741189576,36.222514468925496,31.809494117777
Canon,EOS 5DS,1008,800,572.0,93.390258361824,36.623630730127054,31.852095733143
Canon,EOS 5DS,1008,800,572.0,94.413104827888,37.02474699132863,31.894175803472
Canon,EOS 5DS,1008,800,572.0,95.435951293953,37.42586325253059,31.935745785955
Canon,EOS 5DS,1008,800,572.0,96.458797760017,37.82697951373216,31.976816768288
Canon,EOS 5DS,1008,800,572.0,97.481644226082,38.22809577493412,32.01739948437
Canon,EOS 5DS,1008,800,572.0,98.504490692146,38.62921203613569,32.057504329179
Canon,EOS 5DS,1008,800,572.0,99.52733715821,39.030328297337256,32.09714137287
Canon,EOS 5DS,1008,800,572.0,100.55018362427,39.43144455853725,32.136320374152
Canon,EOS 5DS,1008,800,572.0,101.57303009034,39.832560819741175,32.17505079298
Canon,EOS 5DS,1008,800,572.0,102.5958765564,40.23367708094118,32.213341802609
Canon,EOS 5DS,1008,800,572.0,103.61872302247,40.634793342145095,32.25120230105
Canon,EOS 5DS,1008,800,572.0,104.64156948853,41.0359096033451,32.288640921947
Canon,EOS 5DS,1008,800,572.0,105.6644159546,41.43702586454902,32.325666044941
Canon,EOS 5DS,1008,800,572.0,106.68726242066,41.83814212574902,32.362285805514
Canon,EOS 5DS,1008,800,572.0,107.71010888673,42.23925838695294,32.398508104369
Canon,EOS 5DS,1008,800,572.0,108.73295535279,42.64037464815294,32.434340616364
Canon,EOS 5DS,1008,800,572.0,109.75580181885,43.041490909352945,32.469790799026
Canon,EOS 5DS,1008,800,572.0,110.77864828492,43.44260717055686,32.50486590066
Canon,EOS 5DS,1008,800,572.0,111.80149475098,43.843723431756864,32.539572968093
Canon,EOS 5DS,1008,800,572.0,112.82434121705,44.24483969296079,32.573918854058
Canon,EOS 5DS,1008,800,572.0,113.84718768311,44.64595595416078,32.607910224246
Canon,EOS 5DS,1008,800,572.0,114.87003414918,45.04707221536471,32.641553564033
Canon,EOS 5DS,1008,800,572.0,115.89288061524,45.4481884765647,32.67485518492
Canon,EOS 5DS,1008,800,572.0,116.91572708131,45.84930473776863,32.707821230678
Canon,EOS 5DS,1008,800,572.0,117.93857354737,46.25042099896863,32.740457683224
Canon,EOS 5DS,1008,800,572.0,118.96142001343,46.65153726016863,32.772770368251
Canon,EOS 5DS,1008,800,572.0,119.9842664795,47.05265352137255,32.804764960607
Canon,EOS 5DS,1008,800,572.0,121.00711294556,47.45376978257255,32.836446989446
Canon,EOS 5DS,1008,800,572.0,122.02995941163,47.854886043776474,32.867821843164
Canon,EOS 5DS,1008,800,572.0,123.05280587769,48.25600230497648,32.898894774123
Canon,EOS 5DS,1008,800,572.0,124.07565234376,48.657118566180394,32.929670903187
Canon,EOS 5DS,1008,800,572.0,125.09849880982,49.058234827380396,32.96015522406
Canon,EOS 5DS,1008,800,572.0,126.12134527589,49.45935108858431,32.990352607453
Canon,EOS 5DS,1008,800,572.0,127.14419174195,49.86046734978431,33.020267805083
Canon,EOS 5DS,1008,800,572.0,128.16703820801,50.26158361098432,33.049905453505
Canon,EOS 5DS,1008,800,572.0,129.18988467408,50.662699872188234,33.079270077796
Canon,EOS 5DS,1008,800,572.0,130.21273114014,51.06381613338823,33.108366095092
Canon,EOS 5DS,1008,800,572.0,131.23557760621,51.464932394592154,33.137197817984
Canon,EOS 5DS,1008,800,572.0,132.25842407227,51.86604865579216,33.165769457781
Canon,EOS 5DS,1008,800,572.0,133.28127053834,52.26716491699608,33.194085127656
Canon,EOS 5DS,1008,800,572.0,134.3041170044,52.66828117819608,33.222148845651
Canon,EOS 5DS,1008,800,572.0,135.32696347046,53.06939743939607,33.249964537594
Canon,EOS 5DS,1008,800,572.0,136.34980993653,53.470513700599994,33.277536039879
Canon,EOS 5DS,1008,800,572.0,137.37265640259,53.8716299618,33.304867102164
Canon,EOS 5DS,1008,800,572.0,138.39550286866,54.27274622300392,33.331961389952
Canon,EOS 5DS,1008,800,572.0,139.41834933472,54.67386248420393,33.358822487087
Canon,EOS 5DS,1008,800,572.0,140.44119580079,55.07497874540784,33.385453898152
Canon,EOS 5DS,1008,800,572.0,141.46404226685,55.47609500660784,33.411859050785
Canon,EOS 5DS,1008,800,572.0,142.48688873292,55.87721126781177,33.438041297905
Canon,EOS 5DS,1008,800,572.0,143.50973519898,56.27832752901176,33.464003919863
Canon,EOS 5DS,1008,800,572.0,144.53258166504,56.67944379021176,33.489750126516
Canon,EOS 5DS,1008,800,572.0,145.55542813111,57.08056005141569,33.515283059221
Canon,EOS 5DS,1008,800,572.0,146.57827459717,57.48167631261569,33.540605792769
Canon,EOS 5DS,1008,800,572.0,147.60112106324,57.88279257381961,33.565721337244
Canon,EOS 5DS,1008,800,572.0,148.6239675293,58.2839088350196,33.590632639822
Canon,EOS 5DS,1008,800,572.0,149.64681399537,58.685025096223534,33.615342586502
Canon,EOS 5DS,1008,800,572.0,150.66966046143,59.08614135742353,33.639854003785
Canon,EOS 5DS,1008,800,572.0,151.6925069275,59.48725761862745,33.664169660289
Canon,EOS 5DS,1008,800,572.0,152.71535339356,59.88837387982745,33.68829226832
Canon,EOS 5DS,1008,800,572.0,153.73819985962,60.28949014102746,33.712224485374
Canon,EOS 5DS,1008,800,572.0,154.76104632569,60.690606402231374,33.735968915605
Canon,EOS 5DS,1008,800,572.0,155.78389279175,61.09172266343137,33.759528111239
Canon,EOS 5DS,1008,800,572.0,156.80673925782,61.49283892463529,33.782904573932
Canon,EOS 5DS,1008,800,572.0,157.82958572388,61.893955185835296,33.8061007561
Canon,EOS 5DS,1008,800,572.0,158.85243218995,62.29507144703922,33.829119062197
Canon,EOS 5DS,1008,800,572.0,159.87527865601,62.696187708239215,33.851961849947
Canon,EOS 5DS,1008,800,572.0,160.89812512207,63.097303969439224,33.874631431549
Canon,EOS 5DS,1008,800,572.0,161.92097158814,63.498420230643134,33.897130074833
Canon,EOS 5DS,1008,800,572.0,162.9438180542,63.899536491843136,33.919460004382
Canon,EOS 5DS,1008,800,572.0,163.96666452027,64.30065275304706,33.941623402626
Canon,EOS 5DS,1008,800,572.0,164.98951098633,64.70176901424706,33.963622410889
Canon,EOS 5DS,1008,800,572.0,166.0123574524,65.10288527545099,33.985459130415
Canon,EOS 5DS,1008,800,572.0,167.03520391846,65.50400153665099,34.007135623356
Canon,EOS 5DS,1008,800,572.0,168.05805038453,65.9051177978549,34.028653913731
Canon,EOS 5DS,1008,800,572.0,169.08089685059,66.3062340590549,34.050015988358
Canon,EOS 5DS,1008,800,572.0,170.10374331665,66.7073503202549,34.071223797753
Canon,EOS 5DS,1008,800,572.0,171.12658978272,67.10846658145883,34.092279257009
Canon,EOS 5DS,1008,800,572.0,172.14943624878,67.50958284265882,34.113184246642
Canon,EOS 5DS,1008,800,572.0,173.17228271485,67.91069910386275,34.133940613414
Canon,EOS 5DS,1008,800,572.0,174.19512918091,68.31181536506274,34.154550171134
Canon,EOS 5DS,1008,800,572.0,175.21797564698,68.71293162626667,34.175014701433
Canon,EOS 5DS,1008,800,572.0,176.24082211304,69.11404788746667,34.195335954516
Canon,EOS 5DS,1008,800,572.0,177.26366857911,69.51516414867059,34.215515649895
Canon,EOS 5DS,1008,800,572.0,178.28651504517,69.9162804098706,34.235555477098
Canon,EOS 5DS,1008,800,572.0,179.30936151123,70.31739667107058,34.255457096356
Canon,EOS 5DS,1008,800,572.0,180.3322079773,70.7185129322745,34.275222139279
Canon,EOS 5DS,1008,800,572.0,181.35505444336,71.11962919347451,34.294852209501
Canon,EOS 5DS,1008,800,572.0,182.37790090943,71.52074545467842,34.314348883314
Canon,EOS 5DS,1008,800,572.0,183.40074737549,71.92186171587844,34.333713710287
Canon,EOS 5DS,1008,800,572.0,184.42359384156,72.32297797708236,34.352948213858
Canon,EOS 5DS,1008,800,572.0,185.44644030762,72.72409423828236,34.372053891915
Canon,EOS 5DS,1008,800,572.0,186.46928677369,73.12521049948627,34.391032217368
Canon,EOS 5DS,1008,800,572.0,187.49213323975,73.52632676068626,34.409884638689
Canon,EOS 5DS,1008,800,572.0,188.51497970581,73.92744302188628,34.428612580453
Canon,EOS 5DS,1008,800,572.0,189.53782617188,74.3285592830902,34.447217443857
Canon,EOS 5DS,1008,800,572.0,190.56067263794,74.7296755442902,34.465700607223
Canon,EOS 5DS,1008,800,572.0,191.58351910401,75.13079180549413,34.484063426492
Canon,EOS 5DS,1008,800,572.0,192.60636557007,75.53190806669411,34.502307235705
Canon,EOS 5DS,1008,800,572.0,193.62921203614,75.93302432789804,34.520433347466
Canon,EOS 5DS,1008,800,572.0,194.6520585022,76.33414058909803,34.538443053397
Canon,EOS 5DS,1008,800,572.0,195.67490496826,76.73525685029804,34.556337624584
Canon,EOS 5DS,1008,800,572.0,196.69775143433,77.13637311150197,34.574118312002
Canon,EOS 5DS,1008,800,572.0,197.72059790039,77.53748937270196,34.591786346935
Canon,EOS 5DS,1008,800,572.0,198.74344436646,77.9386056339059,34.60934294139
Canon,EOS 5DS,1008,800,572.0,199.76629083252,78.33972189510588,34.626789288488
Canon,EOS 5DS,1008,800,572.0,200.78913729859,78.7408381563098,34.644126562857
Canon,EOS 5DS,1008,800,572.0,201.81198376465,79.1419544175098,34.661355921006
Canon,EOS 5DS,1008,800,572.0,202.83483023072,79.54307067871372,34.678478501696
Canon,EOS 5DS,1008,800,572.0,203.85767669678,79.94418693991373,34.695495426298
Canon,EOS 5DS,1008,800,572.0,204.88052316284,80.34530320111372,34.712407799143
Canon,EOS 5DS,1008,800,572.0,205.90336962891,80.74641946231765,34.729216707862
Canon,EOS 5DS,1008,800,572.0,206.92621609497,81.14753572351763,34.745923223722
Canon,EOS 5DS,1008,800,572.0,207.94906256104,81.54865198472156,34.762528401946
Canon,EOS 5DS,1008,800,572.0,208.9719090271,81.94976824592158,34.779033282033
Canon,EOS 5DS,1008,800,572.0,209.99475549317,82.35088450712549,34.795438888066
Canon,EOS 5DS,1008,800,572.0,211.01760195923,82.7520007683255,34.811746229014
Canon,EOS 5DS,1008,800,572.0,212.0404484253,83.15311702952943,34.827956299022
Canon,EOS 5DS,1008,800,572.0,213.06329489136,83.55423329072941,34.844070077702
Canon,EOS 5DS,1008,800,572.0,214.08614135742,83.9553495519294,34.860088530413
Canon,EOS 5DS,1008,800,572.0,215.10898782349,84.35646581313333,34.87601260853
Canon,EOS 5DS,1008,800,572.0,216.13183428955,84.75758207433334,34.891843249715
Canon,EOS 5DS,1008,800,572.0,217.15468075562,85.15869833553725,34.907581378176
Canon,EOS 5DS,1008,800,572.0,218.17752722168,85.55981459673725,34.923227904922
Canon,EOS 5DS,1008,800,572.0,219.20037368775,85.96093085794118,34.938783728008
Canon,EOS 5DS,1008,800,572.0,220.22322015381,86.36204711914117,34.954249732783
Canon,EOS 5DS,1008,800,572.0,221.24606661987,86.76316338034117,34.96962679212
Canon,EOS 5DS,1008,800,572.0,222.26891308594,87.1642796415451,34.984915766655
Canon,EOS 5DS,1008,800,572.0,223.291759552,87.56539590274511,35.000117505007
Canon,EOS 5DS,1008,800,572.0,224.31460601807,87.96651216394902,35.015232844002
Canon,EOS 5DS,1008,800,572.0,225.33745248413,88.36762842514902,35.030262608888
Canon,EOS 5DS,1008,800,572.0,226.3602989502,88.76874468635295,35.045207613544
Canon,EOS 5DS,1008,800,572.0,227.38314541626,89.16986094755293,35.060068660691
Canon,EOS 5DS,1008,800,572.0,228.40599188233,89.57097720875686,35.074846542089
Canon,EOS 5DS,1008,800,572.0,229.42883834839,89.97209346995686,35.089542038733
Canon,EOS 5DS,1008,800,572.0,230.45168481445,90.37320973115686,35.104155921053
Canon,EOS 5DS,1008,800,572.0,231.47453128052,90.77432599236079,35.118688949093
Canon,EOS 5DS,1008,800,572.0,232.49737774658,91.17544225356079,35.133141872702
Canon,EOS 5DS,1008,800,572.0,233.52022421265,91.5765585147647,35.14751543171
Canon,EOS 5DS,1008,800,572.0,234.54307067871,91.9776747759647,35.161810356107
Canon,EOS 5DS,1008,800,572.0,235.56591714478,92.37879103716863,35.176027366213
Canon,EOS 5DS,1008,800,572.0,236.58876361084,92.77990729836863,35.190167172848
Canon,EOS 5DS,1008,800,572.0,237.61161007691,93.18102355957255,35.204230477495
Canon,EOS 5DS,1008,800,572.0,238.63445654297,93.58213982077255,35.218217972466
Canon,EOS 5DS,1008,800,572.0,239.65730300903,93.98325608197254,35.232130341053
Canon,EOS 5DS,1008,800,572.0,240.6801494751,94.38437234317647,35.245968257688
Canon,EOS 5DS,1008,800,572.0,241.70299594116,94.78548860437647,35.259732388093
Canon,EOS 5DS,1008,800,572.0,242.72584240723,95.18660486558039,35.273423389425
Canon,EOS 5DS,1008,800,572.0,243.74868887329,95.5877211267804,35.287041910425
Canon,EOS 5DS,1008,800,572.0,244.77153533936,95.98883738798432,35.300588591558
Canon,EOS 5DS,1008,800,572.0,245.79438180542,96.3899536491843,35.314064065151
Canon,EOS 5DS,1008,800,572.0,246.81722827149,96.79106991038825,35.32746895553
Canon,EOS 5DS,1008,800,572.0,247.84007473755,97.19218617158823,35.340803879155
Canon,EOS 5DS,1008,800,572.0,248.86292120361,97.59330243278824,35.354069444745
Canon,EOS 5DS,1008,800,572.0,249.88576766968,97.99441869399216,35.367266253413
Canon,EOS 5DS,1008,800,572.0,250.90861413574,98.39553495519216,35.380394898785
Canon,EOS 5DS,1008,800,572.0,251.93146060181,98.79665121639607,35.393455967124
Canon,EOS 5DS,1008,800,572.0,252.95430706787,99.19776747759607,35.406450037454
Canon,EOS 5DS,1008,800,572.0,253.97715353394,99.5988837388,35.419377681673
Canon,EOS 5DS,1008,800,572.0,255,100.0,35.432239464667
Canon,EOS 5DS,1008,1600,1126.0,0.37595795135291,0.14743449072663137,0
Canon,EOS 5DS,1008,1600,1126.0,0.66957148659487,0.26257705356661565,4.1640671877099
Canon,EOS 5DS,1008,1600,1126.0,1.1601323411628,0.4549538592795294,7.8089520424748
Canon,EOS 5DS,1008,1600,1126.0,2.3569228820918,0.9242834831732549,12.035197941761
Canon,EOS 5DS,1008,1600,1126.0,3.3797693481562,1.3253997443749803,14.001577280967
Canon,EOS 5DS,1008,1600,1126.0,4.4026158142206,1.726516005576706,15.378728747773
Canon,EOS 5DS,1008,1600,1126.0,5.425462280285,2.1276322667784315,16.433268218551
Canon,EOS 5DS,1008,1600,1126.0,6.4483087463494,2.5287485279801567,17.285423197735
Canon,EOS 5DS,1008,1600,1126.0,7.4711552124138,2.9298647891818823,17.999228920984
Canon,EOS 5DS,1008,1600,1126.0,8.4940016784782,3.330981050383608,18.612682597668
Canon,EOS 5DS,1008,1600,1126.0,9.5168481445426,3.7320973115853335,19.150116101272
Canon,EOS 5DS,1008,1600,1126.0,10.539694610607,4.133213572787059,19.628020416624
Canon,EOS 5DS,1008,1600,1126.0,11.562541076671,4.534329833988628,20.058074538612
Canon,EOS 5DS,1008,1600,1126.0,12.585387542736,4.935446095190588,20.448844686674
Canon,EOS 5DS,1008,1600,1126.0,13.6082340088,5.336562356392157,20.806796351084
Canon,EOS 5DS,1008,1600,1126.0,14.631080474865,5.737678617594118,21.136927019606
Canon,EOS 5DS,1008,1600,1126.0,15.653926940929,6.138794878795687,21.443177957686
Canon,EOS 5DS,1008,1600,1126.0,16.676773406993,6.539911139997255,21.728711406946
Canon,EOS 5DS,1008,1600,1126.0,17.699619873058,6.941027401199216,21.996102649096
Canon,EOS 5DS,1008,1600,1126.0,18.722466339122,7.342143662400785,22.247476440758
Canon,EOS 5DS,1008,1600,1126.0,19.745312805187,7.7432599236027455,22.48460606277
Canon,EOS 5DS,1008,1600,1126.0,20.768159271251,8.144376184804313,22.708986618673
Canon,EOS 5DS,1008,1600,1126.0,21.791005737315,8.545492446005882,22.921890206606
Canon,EOS 5DS,1008,1600,1126.0,22.81385220338,8.946608707207844,23.12440808244
Canon,EOS 5DS,1008,1600,1126.0,23.836698669444,9.347724968409413,23.317483323999
Canon,EOS 5DS,1008,1600,1126.0,24.859545135509,9.748841229611372,23.501936450226
Canon,EOS 5DS,1008,1600,1126.0,25.882391601573,10.149957490812941,23.678485740963
Canon,EOS 5DS,1008,1600,1126.0,26.905238067638,10.5510737520149,23.847763518921
Canon,EOS 5DS,1008,1600,1126.0,27.928084533702,10.95219001321647,24.010329318761
Canon,EOS 5DS,1008,1600,1126.0,28.950930999766,11.35330627441804,24.166680630351
Canon,EOS 5DS,1008,1600,1126.0,29.973777465831,11.754422535619998,24.317261732824
Canon,EOS 5DS,1008,1600,1126.0,30.996623931895,12.155538796821569,24.462471012171
Canon,EOS 5DS,1008,1600,1126.0,32.01947039796,12.55665505802353,24.602667064089
Canon,EOS 5DS,1008,1600,1126.0,33.042316864024,12.957771319225097,24.738173816071
Canon,EOS 5DS,1008,1600,1126.0,34.065163330088,13.358887580426664,24.869284851798
Canon,EOS 5DS,1008,1600,1126.0,35.088009796153,13.76000384162863,24.996267082305
Canon,EOS 5DS,1008,1600,1126.0,36.110856262217,14.161120102830196,25.119363878731
Canon,EOS 5DS,1008,1600,1126.0,37.133702728282,14.562236364032158,25.238797758663
Canon,EOS 5DS,1008,1600,1126.0,38.156549194346,14.963352625233725,25.35477270021
Canon,EOS 5DS,1008,1600,1126.0,39.17939566041,15.364468886435295,25.467476144025
Canon,EOS 5DS,1008,1600,1126.0,40.202242126475,15.765585147637253,25.57708073238
Canon,EOS 5DS,1008,1600,1126.0,41.225088592539,16.166701408838826,25.683745825674
Canon,EOS 5DS,1008,1600,1126.0,42.247935058604,16.567817670040785,25.787618829668
Canon,EOS 5DS,1008,1600,1126.0,43.270781524668,16.968933931242354,25.888836361081
Canon,EOS 5DS,1008,1600,1126.0,44.293627990732,17.37005019244392,25.987525274608
Canon,EOS 5DS,1008,1600,1126.0,45.316474456797,17.771166453645883,26.083803570645
Canon,EOS 5DS,1008,1600,1126.0,46.339320922861,18.17228271484745,26.177781199977
Canon,EOS 5DS,1008,1600,1126.0,47.362167388926,18.57339897604941,26.269560779124
Canon,EOS 5DS,1008,1600,1126.0,48.38501385499,18.97451523725098,26.359238228012
Canon,EOS 5DS,1008,1600,1126.0,49.407860321054,19.37563149845255,26.446903339837
Canon,EOS 5DS,1008,1600,1126.0,50.430706787119,19.77674775965451,26.532640291621
Canon,EOS 5DS,1008,1600,1126.0,51.453553253183,20.177864020856077,26.616528102691
Canon,EOS 5DS,1008,1600,1126.0,52.476399719248,20.57898028205804,26.698641047328
Canon,EOS 5DS,1008,1600,1126.0,53.499246185312,20.98009654325961,26.779049026988
Canon,EOS 5DS,1008,1600,1126.0,54.522092651377,21.38121280446157,26.857817906735
Canon,EOS 5DS,1008,1600,1126.0,55.544939117441,21.782329065663138,26.935009819944
Canon,EOS 5DS,1008,1600,1126.0,56.567785583505,22.183445326864707,27.010683444807
Canon,EOS 5DS,1008,1600,1126.0,57.59063204957,22.584561588066666,27.084894255689
Canon,EOS 5DS,1008,1600,1126.0,58.613478515634,22.985677849268235,27.157694752062
Canon,EOS 5DS,1008,1600,1126.0,59.636324981699,23.386794110470195,27.229134667346
Canon,EOS 5DS,1008,1600,1126.0,60.659171447763,23.787910371671764,27.299261159752
Canon,EOS 5DS,1008,1600,1126.0,61.682017913827,24.189026632873333,27.368118986951
Canon,EOS 5DS,1008,1600,1126.0,62.704864379892,24.590142894075296,27.435750666185
Canon,EOS 5DS,1008,1600,1126.0,63.727710845956,24.99125915527686,27.502196621256
Canon,EOS 5DS,1008,1600,1126.0,64.750557312021,25.392375416478824,27.567495317654
Canon,EOS 5DS,1008,1600,1126.0,65.773403778085,25.793491677680393,27.631683386969
Canon,EOS 5DS,1008,1600,1126.0,66.796250244149,26.19460793888196,27.694795741564
Canon,EOS 5DS,1008,1600,1126.0,67.819096710214,26.59572420008392,27.756865680448
Canon,EOS 5DS,1008,1600,1126.0,68.841943176278,26.996840461285487,27.817924987106
Canon,EOS 5DS,1008,1600,1126.0,69.864789642343,27.39795672248745,27.878004020036
Canon,EOS 5DS,1008,1600,1126.0,70.887636108407,27.799072983689015,27.937131796627
Canon,EOS 5DS,1008,1600,1126.0,71.910482574471,28.200189244890588,27.995336070956
Canon,EOS 5DS,1008,1600,1126.0,72.933329040536,28.601305506092544,28.052643406024
Canon,EOS 5DS,1008,1600,1126.0,73.9561755066,29.002421767294116,28.109079240902
Canon,EOS 5DS,1008,1600,1126.0,74.979021972665,29.40353802849608,28.164667953223
Canon,EOS 5DS,1008,1600,1126.0,76.001868438729,29.804654289697645,28.219432917374
Canon,EOS 5DS,1008,1600,1126.0,77.024714904793,30.205770550899214,28.273396558772
Canon,EOS 5DS,1008,1600,1126.0,78.047561370858,30.60688681210118,28.326580404512
Canon,EOS 5DS,1008,1600,1126.0,79.070407836922,31.00800307330275,28.379005130677
Canon,EOS 5DS,1008,1600,1126.0,80.093254302987,31.40911933450471,28.430690606585
Canon,EOS 5DS,1008,1600,1126.0,81.116100769051,31.810235595706278,28.481655936189
Canon,EOS 5DS,1008,1600,1126.0,82.138947235116,32.21135185690824,28.531919496864
Canon,EOS 5DS,1008,1600,1126.0,83.16179370118,32.6124681181098,28.581498975759
Canon,EOS 5DS,1008,1600,1126.0,84.184640167244,33.013584379311375,28.630411403911
Canon,EOS 5DS,1008,1600,1126.0,85.207486633309,33.41470064051333,28.678673188276
Canon,EOS 5DS,1008,1600,1126.0,86.230333099373,33.8158169017149,28.726300141831
Canon,EOS 5DS,1008,1600,1126.0,87.253179565438,34.21693316291686,28.773307511877
Canon,EOS 5DS,1008,1600,1126.0,88.276026031502,34.61804942411843,28.819710006685
Canon,EOS 5DS,1008,1600,1126.0,89.298872497566,35.01916568532,28.865521820584
Canon,EOS 5DS,1008,1600,1126.0,90.321718963631,35.42028194652196,28.910756657612
Canon,EOS 5DS,1008,1600,1126.0,91.344565429695,35.821398207723526,28.955427753821
Canon,EOS 5DS,1008,1600,1126.0,92.36741189576,36.222514468925496,28.999547898326
Canon,EOS 5DS,1008,1600,1126.0,93.390258361824,36.623630730127054,29.043129453187
Canon,EOS 5DS,1008,1600,1126.0,94.413104827888,37.02474699132863,29.086184372193
Canon,EOS 5DS,1008,1600,1126.0,95.435951293953,37.42586325253059,29.128724218634
Canon,EOS 5DS,1008,1600,1126.0,96.458797760017,37.82697951373216,29.170760182105
Canon,EOS 5DS,1008,1600,1126.0,97.481644226082,38.22809577493412,29.212303094425
Canon,EOS 5DS,1008,1600,1126.0,98.504490692146,38.62921203613569,29.253363444714
Canon,EOS 5DS,1008,1600,1126.0,99.52733715821,39.030328297337256,29.293951393683
Canon,EOS 5DS,1008,1600,1126.0,100.55018362427,39.43144455853725,29.334076787189
Canon,EOS 5DS,1008,1600,1126.0,101.57303009034,39.832560819741175,29.373749169098
Canon,EOS 5DS,1008,1600,1126.0,102.5958765564,40.23367708094118,29.412977793498
Canon,EOS 5DS,1008,1600,1126.0,103.61872302247,40.634793342145095,29.451771636298
Canon,EOS 5DS,1008,1600,1126.0,104.64156948853,41.0359096033451,29.490139406256
Canon,EOS 5DS,1008,1600,1126.0,105.6644159546,41.43702586454902,29.528089555466
Canon,EOS 5DS,1008,1600,1126.0,106.68726242066,41.83814212574902,29.565630289334
Canon,EOS 5DS,1008,1600,1126.0,107.71010888673,42.23925838695294,29.602769576072
Canon,EOS 5DS,1008,1600,1126.0,108.73295535279,42.64037464815294,29.639515155745
Canon,EOS 5DS,1008,1600,1126.0,109.75580181885,43.041490909352945,29.675874548889
Canon,EOS 5DS,1008,1600,1126.0,110.77864828492,43.44260717055686,29.71185506472
Canon,EOS 5DS,1008,1600,1126.0,111.80149475098,43.843723431756864,29.747463808973
Canon,EOS 5DS,1008,1600,1126.0,112.82434121705,44.24483969296079,29.782707691375
Canon,EOS 5DS,1008,1600,1126.0,113.84718768311,44.64595595416078,29.817593432777
Canon,EOS 5DS,1008,1600,1126.0,114.87003414918,45.04707221536471,29.852127571968
Canon,EOS 5DS,1008,1600,1126.0,115.89288061524,45.4481884765647,29.886316472184
Canon,EOS 5DS,1008,1600,1126.0,116.91572708131,45.84930473776863,29.920166327328
Canon,EOS 5DS,1008,1600,1126.0,117.93857354737,46.25042099896863,29.953683167913
Canon,EOS 5DS,1008,1600,1126.0,118.96142001343,46.65153726016863,29.986872866759
Canon,EOS 5DS,1008,1600,1126.0,119.9842664795,47.05265352137255,30.019741144426
Canon,EOS 5DS,1008,1600,1126.0,121.00711294556,47.45376978257255,30.052293574433
Canon,EOS 5DS,1008,1600,1126.0,122.02995941163,47.854886043776474,30.084535588239
Canon,EOS 5DS,1008,1600,1126.0,123.05280587769,48.25600230497648,30.116472480032
Canon,EOS 5DS,1008,1600,1126.0,124.07565234376,48.657118566180394,30.1481094113
Canon,EOS 5DS,1008,1600,1126.0,125.09849880982,49.058234827380396,30.179451415228
Canon,EOS 5DS,1008,1600,1126.0,126.12134527589,49.45935108858431,30.210503400907
Canon,EOS 5DS,1008,1600,1126.0,127.14419174195,49.86046734978431,30.241270157373
Canon,EOS 5DS,1008,1600,1126.0,128.16703820801,50.26158361098432,30.271756357483
Canon,EOS 5DS,1008,1600,1126.0,129.18988467408,50.662699872188234,30.30196656164
Canon,EOS 5DS,1008,1600,1126.0,130.21273114014,51.06381613338823,30.331905221361
Canon,EOS 5DS,1008,1600,1126.0,131.23557760621,51.464932394592154,30.361576682715
Canon,EOS 5DS,1008,1600,1126.0,132.25842407227,51.86604865579216,30.390985189617
Canon,EOS 5DS,1008,1600,1126.0,133.28127053834,52.26716491699608,30.420134887002
Canon,EOS 5DS,1008,1600,1126.0,134.3041170044,52.66828117819608,30.449029823874
Canon,EOS 5DS,1008,1600,1126.0,135.32696347046,53.06939743939607,30.477673956236
Canon,EOS 5DS,1008,1600,1126.0,136.34980993653,53.470513700599994,30.50607114991
Canon,EOS 5DS,1008,1600,1126.0,137.37265640259,53.8716299618,30.534225183257
Canon,EOS 5DS,1008,1600,1126.0,138.39550286866,54.27274622300392,30.562139749785
Canon,EOS 5DS,1008,1600,1126.0,139.41834933472,54.67386248420393,30.589818460669
Canon,EOS 5DS,1008,1600,1126.0,140.44119580079,55.07497874540784,30.617264847175
Canon,EOS 5DS,1008,1600,1126.0,141.46404226685,55.47609500660784,30.644482362994
Canon,EOS 5DS,1008,1600,1126.0,142.48688873292,55.87721126781177,30.671474386493
Canon,EOS 5DS,1008,1600,1126.0,143.50973519898,56.27832752901176,30.698244222887
Canon,EOS 5DS,1008,1600,1126.0,144.53258166504,56.67944379021176,30.724795106329
Canon,EOS 5DS,1008,1600,1126.0,145.55542813111,57.08056005141569,30.751130201929
Canon,EOS 5DS,1008,1600,1126.0,146.57827459717,57.48167631261569,30.777252607703
Canon,EOS 5DS,1008,1600,1126.0,147.60112106324,57.88279257381961,30.803165356446
Canon,EOS 5DS,1008,1600,1126.0,148.6239675293,58.2839088350196,30.828871417552
Canon,EOS 5DS,1008,1600,1126.0,149.64681399537,58.685025096223534,30.854373698764
Canon,EOS 5DS,1008,1600,1126.0,150.66966046143,59.08614135742353,30.879675047859
Canon,EOS 5DS,1008,1600,1126.0,151.6925069275,59.48725761862745,30.904778254289
Canon,EOS 5DS,1008,1600,1126.0,152.71535339356,59.88837387982745,30.929686050755
Canon,EOS 5DS,1008,1600,1126.0,153.73819985962,60.28949014102746,30.954401114734
Canon,EOS 5DS,1008,1600,1126.0,154.76104632569,60.690606402231374,30.978926069951
Canon,EOS 5DS,1008,1600,1126.0,155.78389279175,61.09172266343137,31.003263487809
Canon,EOS 5DS,1008,1600,1126.0,156.80673925782,61.49283892463529,31.027415888761
Canon,EOS 5DS,1008,1600,1126.0,157.82958572388,61.893955185835296,31.051385743649
Canon,EOS 5DS,1008,1600,1126.0,158.85243218995,62.29507144703922,31.075175474992
Canon,EOS 5DS,1008,1600,1126.0,159.87527865601,62.696187708239215,31.098787458236
Canon,EOS 5DS,1008,1600,1126.0,160.89812512207,63.097303969439224,31.122224022959
Canon,EOS 5DS,1008,1600,1126.0,161.92097158814,63.498420230643134,31.145487454044
Canon,EOS 5DS,1008,1600,1126.0,162.9438180542,63.899536491843136,31.168579992812
Canon,EOS 5DS,1008,1600,1126.0,163.96666452027,64.30065275304706,31.191503838118
Canon,EOS 5DS,1008,1600,1126.0,164.98951098633,64.70176901424706,31.214261147412
Canon,EOS 5DS,1008,1600,1126.0,166.0123574524,65.10288527545099,31.236854037776
Canon,EOS 5DS,1008,1600,1126.0,167.03520391846,65.50400153665099,31.259284586912
Canon,EOS 5DS,1008,1600,1126.0,168.05805038453,65.9051177978549,31.281554834118
Canon,EOS 5DS,1008,1600,1126.0,169.08089685059,66.3062340590549,31.303666781221
Canon,EOS 5DS,1008,1600,1126.0,170.10374331665,66.7073503202549,31.325622393491
Canon,EOS 5DS,1008,1600,1126.0,171.12658978272,67.10846658145883,31.347423600516
Canon,EOS 5DS,1008,1600,1126.0,172.14943624878,67.50958284265882,31.369072297065
Canon,EOS 5DS,1008,1600,1126.0,173.17228271485,67.91069910386275,31.390570343915
Canon,EOS 5DS,1008,1600,1126.0,174.19512918091,68.31181536506274,31.411919568654
Canon,EOS 5DS,1008,1600,1126.0,175.21797564698,68.71293162626667,31.43312176647
Canon,EOS 5DS,1008,1600,1126.0,176.24082211304,69.11404788746667,31.454178700901
Canon,EOS 5DS,1008,1600,1126.0,177.26366857911,69.51516414867059,31.475092104579
Canon,EOS 5DS,1008,1600,1126.0,178.28651504517,69.9162804098706,31.495863679944
Canon,EOS 5DS,1008,1600,1126.0,179.30936151123,70.31739667107058,31.516495099935
Canon,EOS 5DS,1008,1600,1126.0,180.3322079773,70.7185129322745,31.536988008672
Canon,EOS 5DS,1008,1600,1126.0,181.35505444336,71.11962919347451,31.557344022105
Canon,EOS 5DS,1008,1600,1126.0,182.37790090943,71.52074545467842,31.577564728657
Canon,EOS 5DS,1008,1600,1126.0,183.40074737549,71.92186171587844,31.597651689841
Canon,EOS 5DS,1008,1600,1126.0,184.42359384156,72.32297797708236,31.61760644086
Canon,EOS 5DS,1008,1600,1126.0,185.44644030762,72.72409423828236,31.637430491198
Canon,EOS 5DS,1008,1600,1126.0,186.46928677369,73.12521049948627,31.657125325185
Canon,EOS 5DS,1008,1600,1126.0,187.49213323975,73.52632676068626,31.676692402551
Canon,EOS 5DS,1008,1600,1126.0,188.51497970581,73.92744302188628,31.696133158966
Canon,EOS 5DS,1008,1600,1126.0,189.53782617188,74.3285592830902,31.715449006563
Canon,EOS 5DS,1008,1600,1126.0,190.56067263794,74.7296755442902,31.734641334447
Canon,EOS 5DS,1008,1600,1126.0,191.58351910401,75.13079180549413,31.753711509193
Canon,EOS 5DS,1008,1600,1126.0,192.60636557007,75.53190806669411,31.772660875327
Canon,EOS 5DS,1008,1600,1126.0,193.62921203614,75.93302432789804,31.791490755794
Canon,EOS 5DS,1008,1600,1126.0,194.6520585022,76.33414058909803,31.810202452422
Canon,EOS 5DS,1008,1600,1126.0,195.67490496826,76.73525685029804,31.828797246359
Canon,EOS 5DS,1008,1600,1126.0,196.69775143433,77.13637311150197,31.847276398513
Canon,EOS 5DS,1008,1600,1126.0,197.72059790039,77.53748937270196,31.86564114997
Canon,EOS 5DS,1008,1600,1126.0,198.74344436646,77.9386056339059,31.883892722409
Canon,EOS 5DS,1008,1600,1126.0,199.76629083252,78.33972189510588,31.902032318502
Canon,EOS 5DS,1008,1600,1126.0,200.78913729859,78.7408381563098,31.920061122301
Canon,EOS 5DS,1008,1600,1126.0,201.81198376465,79.1419544175098,31.937980299625
Canon,EOS 5DS,1008,1600,1126.0,202.83483023072,79.54307067871372,31.955790998425
Canon,EOS 5DS,1008,1600,1126.0,203.85767669678,79.94418693991373,31.973494349148
Canon,EOS 5DS,1008,1600,1126.0,204.88052316284,80.34530320111372,31.99109146509
Canon,EOS 5DS,1008,1600,1126.0,205.90336962891,80.74641946231765,32.008583442738
Canon,EOS 5DS,1008,1600,1126.0,206.92621609497,81.14753572351763,32.025971362107
Canon,EOS 5DS,1008,1600,1126.0,207.94906256104,81.54865198472156,32.043256287065
Canon,EOS 5DS,1008,1600,1126.0,208.9719090271,81.94976824592158,32.060439265654
Canon,EOS 5DS,1008,1600,1126.0,209.99475549317,82.35088450712549,32.077521330396
Canon,EOS 5DS,1008,1600,1126.0,211.01760195923,82.7520007683255,32.094503498603
Canon,EOS 5DS,1008,1600,1126.0,212.0404484253,83.15311702952943,32.111386772667
Canon,EOS 5DS,1008,1600,1126.0,213.06329489136,83.55423329072941,32.128172140355
Canon,EOS 5DS,1008,1600,1126.0,214.08614135742,83.9553495519294,32.144860575082
Canon,EOS 5DS,1008,1600,1126.0,215.10898782349,84.35646581313333,32.161453036197
Canon,EOS 5DS,1008,1600,1126.0,216.13183428955,84.75758207433334,32.17795046924
Canon,EOS 5DS,1008,1600,1126.0,217.15468075562,85.15869833553725,32.194353806215
Canon,EOS 5DS,1008,1600,1126.0,218.17752722168,85.55981459673725,32.210663965838
Canon,EOS 5DS,1008,1600,1126.0,219.20037368775,85.96093085794118,32.226881853792
Canon,EOS 5DS,1008,1600,1126.0,220.22322015381,86.36204711914117,32.243008362966
Canon,EOS 5DS,1008,1600,1126.0,221.24606661987,86.76316338034117,32.2590443737
Canon,EOS 5DS,1008,1600,1126.0,222.26891308594,87.1642796415451,32.274990754011
Canon,EOS 5DS,1008,1600,1126.0,223.291759552,87.56539590274511,32.290848359828
Canon,EOS 5DS,1008,1600,1126.0,224.31460601807,87.96651216394902,32.306618035206
Canon,EOS 5DS,1008,1600,1126.0,225.33745248413,88.36762842514902,32.322300612551
Canon,EOS 5DS,1008,1600,1126.0,226.3602989502,88.76874468635295,32.337896912826
Canon,EOS 5DS,1008,1600,1126.0,227.38314541626,89.16986094755293,32.353407745763
Canon,EOS 5DS,1008,1600,1126.0,228.40599188233,89.57097720875686,32.368833910064
Canon,EOS 5DS,1008,1600,1126.0,229.42883834839,89.97209346995686,32.384176193599
Canon,EOS 5DS,1008,1600,1126.0,230.45168481445,90.37320973115686,32.3994353736
Canon,EOS 5DS,1008,1600,1126.0,231.47453128052,90.77432599236079,32.41461221685
Canon,EOS 5DS,1008,1600,1126.0,232.49737774658,91.17544225356079,32.429707479872
Canon,EOS 5DS,1008,1600,1126.0,233.52022421265,91.5765585147647,32.444721909103
Canon,EOS 5DS,1008,1600,1126.0,234.54307067871,91.9776747759647,32.45965624108
Canon,EOS 5DS,1008,1600,1126.0,235.56591714478,92.37879103716863,32.474511202605
Canon,EOS 5DS,1008,1600,1126.0,236.58876361084,92.77990729836863,32.489287510921
Canon,EOS 5DS,1008,1600,1126.0,237.61161007691,93.18102355957255,32.503985873875
Canon,EOS 5DS,1008,1600,1126.0,238.63445654297,93.58213982077255,32.51860699008
Canon,EOS 5DS,1008,1600,1126.0,239.65730300903,93.98325608197254,32.533151549076
Canon,EOS 5DS,1008,1600,1126.0,240.6801494751,94.38437234317647,32.547620231484
Canon,EOS 5DS,1008,1600,1126.0,241.70299594116,94.78548860437647,32.562013709157
Canon,EOS 5DS,1008,1600,1126.0,242.72584240723,95.18660486558039,32.576332645331
Canon,EOS 5DS,1008,1600,1126.0,243.74868887329,95.5877211267804,32.590577694771
Canon,EOS 5DS,1008,1600,1126.0,244.77153533936,95.98883738798432,32.604749503913
Canon,EOS 5DS,1008,1600,1126.0,245.79438180542,96.3899536491843,32.618848711001
Canon,EOS 5DS,1008,1600,1126.0,246.81722827149,96.79106991038825,32.632875946229
Canon,EOS 5DS,1008,1600,1126.0,247.84007473755,97.19218617158823,32.646831831872
Canon,EOS 5DS,1008,1600,1126.0,248.86292120361,97.59330243278824,32.660716982416
Canon,EOS 5DS,1008,1600,1126.0,249.88576766968,97.99441869399216,32.67453200469
Canon,EOS 5DS,1008,1600,1126.0,250.90861413574,98.39553495519216,32.68827749799
Canon,EOS 5DS,1008,1600,1126.0,251.93146060181,98.79665121639607,32.7019540542
Canon,EOS 5DS,1008,1600,1126.0,252.95430706787,99.19776747759607,32.715562257917
Canon,EOS 5DS,1008,1600,1126.0,253.97715353394,99.5988837388,32.729102686568
Canon,EOS 5DS,1008,1600,1126.0,255,100.0,32.742575910524
Canon,EOS 5DS,1008,3200,2201.0,0.66957148659487,0.26257705356661565,0
Canon,EOS 5DS,1008,3200,2201.0,1.1601323411628,0.4549538592795294,3.8715154169286
Canon,EOS 5DS,1008,3200,2201.0,2.3569228820918,0.9242834831732549,8.3904719630329
Canon,EOS 5DS,1008,3200,2201.0,3.3797693481562,1.3253997443749803,10.487811787245
Canon,EOS 5DS,1008,3200,2201.0,4.4026158142206,1.726516005576706,11.949629076864
Canon,EOS 5DS,1008,3200,2201.0,5.425462280285,2.1276322667784315,13.063959261619
Canon,EOS 5DS,1008,3200,2201.0,6.4483087463494,2.5287485279801567,13.960996367159
Canon,EOS 5DS,1008,3200,2201.0,7.4711552124138,2.9298647891818823,14.710043053259
Canon,EOS 5DS,1008,3200,2201.0,8.4940016784782,3.330981050383608,15.352142778475
Canon,EOS 5DS,1008,3200,2201.0,9.5168481445426,3.7320973115853335,15.913511792256
Canon,EOS 5DS,1008,3200,2201.0,10.539694610607,4.133213572787059,16.411869368817
Canon,EOS 5DS,1008,3200,2201.0,11.562541076671,4.534329833988628,16.859729411702
Canon,EOS 5DS,1008,3200,2201.0,12.585387542736,4.935446095190588,17.266245493045
Canon,EOS 5DS,1008,3200,2201.0,13.6082340088,5.336562356392157,17.638308328876
Canon,EOS 5DS,1008,3200,2201.0,14.631080474865,5.737678617594118,17.98123083957
Canon,EOS 5DS,1008,3200,2201.0,15.653926940929,6.138794878795687,18.299193220248
Canon,EOS 5DS,1008,3200,2201.0,16.676773406993,6.539911139997255,18.595542008698
Canon,EOS 5DS,1008,3200,2201.0,17.699619873058,6.941027401199216,18.872996922066
Canon,EOS 5DS,1008,3200,2201.0,18.722466339122,7.342143662400785,19.13379751672
Canon,EOS 5DS,1008,3200,2201.0,19.745312805187,7.7432599236027455,19.379809468582
Canon,EOS 5DS,1008,3200,2201.0,20.768159271251,8.144376184804313,19.612603083836
Canon,EOS 5DS,1008,3200,2201.0,21.791005737315,8.545492446005882,19.833512292613
Canon,EOS 5DS,1008,3200,2201.0,22.81385220338,8.946608707207844,20.043679657795
Canon,EOS 5DS,1008,3200,2201.0,23.836698669444,9.347724968409413,20.244091187783
Canon,EOS 5DS,1008,3200,2201.0,24.859545135509,9.748841229611372,20.435603598521
Canon,EOS 5DS,1008,3200,2201.0,25.882391601573,10.149957490812941,20.618965904068
Canon,EOS 5DS,1008,3200,2201.0,26.905238067638,10.5510737520149,20.794836692017
Canon,EOS 5DS,1008,3200,2201.0,27.928084533702,10.95219001321647,20.963798076826
Canon,EOS 5DS,1008,3200,2201.0,28.950930999766,11.35330627441804,21.126367067795
Canon,EOS 5DS,1008,3200,2201.0,29.973777465831,11.754422535619998,21.283004904903
Canon,EOS 5DS,1008,3200,2201.0,30.996623931895,12.155538796821569,21.434124782593
Canon,EOS 5DS,1008,3200,2201.0,32.01947039796,12.55665505802353,21.580098283811
Canon,EOS 5DS,1008,3200,2201.0,33.042316864024,12.957771319225097,21.721260773948
Canon,EOS 5DS,1008,3200,2201.0,34.065163330088,13.358887580426664,21.857915949813
Canon,EOS 5DS,1008,3200,2201.0,35.088009796153,13.76000384162863,21.990339697399
Canon,EOS 5DS,1008,3200,2201.0,36.110856262217,14.161120102830196,22.118783380567
Canon,EOS 5DS,1008,3200,2201.0,37.133702728282,14.562236364032158,22.243476658365
Canon,EOS 5DS,1008,3200,2201.0,38.156549194346,14.963352625233725,22.364629909665
Canon,EOS 5DS,1008,3200,2201.0,39.17939566041,15.364468886435295,22.482436328947
Canon,EOS 5DS,1008,3200,2201.0,40.202242126475,15.765585147637253,22.59707374525
Canon,EOS 5DS,1008,3200,2201.0,41.225088592539,16.166701408838826,22.708706207003
Canon,EOS 5DS,1008,3200,2201.0,42.247935058604,16.567817670040785,22.817485367932
Canon,EOS 5DS,1008,3200,2201.0,43.270781524668,16.968933931242354,22.923551703242
Canon,EOS 5DS,1008,3200,2201.0,44.293627990732,17.37005019244392,23.027035580396
Canon,EOS 5DS,1008,3200,2201.0,45.316474456797,17.771166453645883,23.12805820483
Canon,EOS 5DS,1008,3200,2201.0,46.339320922861,18.17228271484745,23.226732457724
Canon,EOS 5DS,1008,3200,2201.0,47.362167388926,18.57339897604941,23.323163640264
Canon,EOS 5DS,1008,3200,2201.0,48.38501385499,18.97451523725098,23.417450136636
Canon,EOS 5DS,1008,3200,2201.0,49.407860321054,19.37563149845255,23.509684006158
Canon,EOS 5DS,1008,3200,2201.0,50.430706787119,19.77674775965451,23.599951513444
Canon,EOS 5DS,1008,3200,2201.0,51.453553253183,20.177864020856077,23.688333604216
Canon,EOS 5DS,1008,3200,2201.0,52.476399719248,20.57898028205804,23.774906333307
Canon,EOS 5DS,1008,3200,2201.0,53.499246185312,20.98009654325961,23.859741250499
Canon,EOS 5DS,1008,3200,2201.0,54.522092651377,21.38121280446157,23.942905749095
Canon,EOS 5DS,1008,3200,2201.0,55.544939117441,21.782329065663138,24.02446338143
Canon,EOS 5DS,1008,3200,2201.0,56.567785583505,22.183445326864707,24.104474145046
Canon,EOS 5DS,1008,3200,2201.0,57.59063204957,22.584561588066666,24.182994742712
Canon,EOS 5DS,1008,3200,2201.0,58.613478515634,22.985677849268235,24.26007881912
Canon,EOS 5DS,1008,3200,2201.0,59.636324981699,23.386794110470195,24.335777176718
Canon,EOS 5DS,1008,3200,2201.0,60.659171447763,23.787910371671764,24.410137972849
Canon,EOS 5DS,1008,3200,2201.0,61.682017913827,24.189026632873333,24.483206900094
Canon,EOS 5DS,1008,3200,2201.0,62.704864379892,24.590142894075296,24.555027351522
Canon,EOS 5DS,1008,3200,2201.0,63.727710845956,24.99125915527686,24.625640572325
Canon,EOS 5DS,1008,3200,2201.0,64.750557312021,25.392375416478824,24.69508579917
Canon,EOS 5DS,1008,3200,2201.0,65.773403778085,25.793491677680393,24.763400388428
Canon,EOS 5DS,1008,3200,2201.0,66.796250244149,26.19460793888196,24.830619934352
Canon,EOS 5DS,1008,3200,2201.0,67.819096710214,26.59572420008392,24.896778378102
Canon,EOS 5DS,1008,3200,2201.0,68.841943176278,26.996840461285487,24.961908108492
Canon,EOS 5DS,1008,3200,2201.0,69.864789642343,27.39795672248745,25.026040055163
Canon,EOS 5DS,1008,3200,2201.0,70.887636108407,27.799072983689015,25.089203774886
Canon,EOS 5DS,1008,3200,2201.0,71.910482574471,28.200189244890588,25.151427531576
Canon,EOS 5DS,1008,3200,2201.0,72.933329040536,28.601305506092544,25.212738370564
Canon,EOS 5DS,1008,3200,2201.0,73.9561755066,29.002421767294116,25.273162187616
Canon,EOS 5DS,1008,3200,2201.0,74.979021972665,29.40353802849608,25.332723793131
Canon,EOS 5DS,1008,3200,2201.0,76.001868438729,29.804654289697645,25.391446971932
Canon,EOS 5DS,1008,3200,2201.0,77.024714904793,30.205770550899214,25.449354538984
Canon,EOS 5DS,1008,3200,2201.0,78.047561370858,30.60688681210118,25.506468391393
Canon,EOS 5DS,1008,3200,2201.0,79.070407836922,31.00800307330275,25.562809556965
Canon,EOS 5DS,1008,3200,2201.0,80.093254302987,31.40911933450471,25.618398239587
Canon,EOS 5DS,1008,3200,2201.0,81.116100769051,31.810235595706278,25.673253861702
Canon,EOS 5DS,1008,3200,2201.0,82.138947235116,32.21135185690824,25.727395104075
Canon,EOS 5DS,1008,3200,2201.0,83.16179370118,32.6124681181098,25.780839943059
Canon,EOS 5DS,1008,3200,2201.0,84.184640167244,33.013584379311375,25.833605685556
Canon,EOS 5DS,1008,3200,2201.0,85.207486633309,33.41470064051333,25.885709001836
Canon,EOS 5DS,1008,3200,2201.0,86.230333099373,33.8158169017149,25.937165956368
Canon,EOS 5DS,1008,3200,2201.0,87.253179565438,34.21693316291686,25.987992036811
Canon,EOS 5DS,1008,3200,2201.0,88.276026031502,34.61804942411843,26.038202181285
Canon,EOS 5DS,1008,3200,2201.0,89.298872497566,35.01916568532,26.08781080406
Canon,EOS 5DS,1008,3200,2201.0,90.321718963631,35.42028194652196,26.136831819752
Canon,EOS 5DS,1008,3200,2201.0,91.344565429695,35.821398207723526,26.185278666147
Canon,EOS 5DS,1008,3200,2201.0,92.36741189576,36.222514468925496,26.233164325727
Canon,EOS 5DS,1008,3200,2201.0,93.390258361824,36.623630730127054,26.280501346009
Canon,EOS 5DS,1008,3200,2201.0,94.413104827888,37.02474699132863,26.327301858745
Canon,EOS 5DS,1008,3200,2201.0,95.435951293953,37.42586325253059,26.373577598091
Canon,EOS 5DS,1008,3200,2201.0,96.458797760017,37.82697951373216,26.419339917779
Canon,EOS 5DS,1008,3200,2201.0,97.481644226082,38.22809577493412,26.464599807386
Canon,EOS 5DS,1008,3200,2201.0,98.504490692146,38.62921203613569,26.509367907732
Canon,EOS 5DS,1008,3200,2201.0,99.52733715821,39.030328297337256,26.553654525481
Canon,EOS 5DS,1008,3200,2201.0,100.55018362427,39.43144455853725,26.597469646978
Canon,EOS 5DS,1008,3200,2201.0,101.57303009034,39.832560819741175,26.640822951388
Canon,EOS 5DS,1008,3200,2201.0,102.5958765564,40.23367708094118,26.683723823155
Canon,EOS 5DS,1008,3200,2201.0,103.61872302247,40.634793342145095,26.72618136385
Canon,EOS 5DS,1008,3200,2201.0,104.64156948853,41.0359096033451,26.768204403417
Canon,EOS 5DS,1008,3200,2201.0,105.6644159546,41.43702586454902,26.809801510876
Canon,EOS 5DS,1008,3200,2201.0,106.68726242066,41.83814212574902,26.850981004496
Canon,EOS 5DS,1008,3200,2201.0,107.71010888673,42.23925838695294,26.891750961485
Canon,EOS 5DS,1008,3200,2201.0,108.73295535279,42.64037464815294,26.932119227207
Canon,EOS 5DS,1008,3200,2201.0,109.75580181885,43.041490909352945,26.972093423976
Canon,EOS 5DS,1008,3200,2201.0,110.77864828492,43.44260717055686,27.011680959419
Canon,EOS 5DS,1008,3200,2201.0,111.80149475098,43.843723431756864,27.050889034471
Canon,EOS 5DS,1008,3200,2201.0,112.82434121705,44.24483969296079,27.089724650985
Canon,EOS 5DS,1008,3200,2201.0,113.84718768311,44.64595595416078,27.128194619004
Canon,EOS 5DS,1008,3200,2201.0,114.87003414918,45.04707221536471,27.1663055637
Canon,EOS 5DS,1008,3200,2201.0,115.89288061524,45.4481884765647,27.204063932007
Canon,EOS 5DS,1008,3200,2201.0,116.91572708131,45.84930473776863,27.241475998951
Canon,EOS 5DS,1008,3200,2201.0,117.93857354737,46.25042099896863,27.27854787371
Canon,EOS 5DS,1008,3200,2201.0,118.96142001343,46.65153726016863,27.315285505405
Canon,EOS 5DS,1008,3200,2201.0,119.9842664795,47.05265352137255,27.35169468864
Canon,EOS 5DS,1008,3200,2201.0,121.00711294556,47.45376978257255,27.387781068808
Canon,EOS 5DS,1008,3200,2201.0,122.02995941163,47.854886043776474,27.423550147166
Canon,EOS 5DS,1008,3200,2201.0,123.05280587769,48.25600230497648,27.459007285702
Canon,EOS 5DS,1008,3200,2201.0,124.07565234376,48.657118566180394,27.494157711792
Canon,EOS 5DS,1008,3200,2201.0,125.09849880982,49.058234827380396,27.529006522672
Canon,EOS 5DS,1008,3200,2201.0,126.12134527589,49.45935108858431,27.563558689715
Canon,EOS 5DS,1008,3200,2201.0,127.14419174195,49.86046734978431,27.597819062547
Canon,EOS 5DS,1008,3200,2201.0,128.16703820801,50.26158361098432,27.631792372982
Canon,EOS 5DS,1008,3200,2201.0,129.18988467408,50.662699872188234,27.665483238814
Canon,EOS 5DS,1008,3200,2201.0,130.21273114014,51.06381613338823,27.698896167442
Canon,EOS 5DS,1008,3200,2201.0,131.23557760621,51.464932394592154,27.732035559368
Canon,EOS 5DS,1008,3200,2201.0,132.25842407227,51.86604865579216,27.764905711544
Canon,EOS 5DS,1008,3200,2201.0,133.28127053834,52.26716491699608,27.797510820598
Canon,EOS 5DS,1008,3200,2201.0,134.3041170044,52.66828117819608,27.829854985932
Canon,EOS 5DS,1008,3200,2201.0,135.32696347046,53.06939743939607,27.861942212699
Canon,EOS 5DS,1008,3200,2201.0,136.34980993653,53.470513700599994,27.893776414673
Canon,EOS 5DS,1008,3200,2201.0,137.37265640259,53.8716299618,27.925361417005
Canon,EOS 5DS,1008,3200,2201.0,138.39550286866,54.27274622300392,27.956700958879
Canon,EOS 5DS,1008,3200,2201.0,139.41834933472,54.67386248420393,27.987798696068
Canon,EOS 5DS,1008,3200,2201.0,140.44119580079,55.07497874540784,28.018658203396
Canon,EOS 5DS,1008,3200,2201.0,141.46404226685,55.47609500660784,28.049282977108
Canon,EOS 5DS,1008,3200,2201.0,142.48688873292,55.87721126781177,28.079676437161
Canon,EOS 5DS,1008,3200,2201.0,143.50973519898,56.27832752901176,28.109841929421
Canon,EOS 5DS,1008,3200,2201.0,144.53258166504,56.67944379021176,28.13978272779
Canon,EOS 5DS,1008,3200,2201.0,145.55542813111,57.08056005141569,28.169502036254
Canon,EOS 5DS,1008,3200,2201.0,146.57827459717,57.48167631261569,28.199002990863
Canon,EOS 5DS,1008,3200,2201.0,147.60112106324,57.88279257381961,28.22828866163
Canon,EOS 5DS,1008,3200,2201.0,148.6239675293,58.2839088350196,28.257362054379
Canon,EOS 5DS,1008,3200,2201.0,149.64681399537,58.685025096223534,28.286226112518
Canon,EOS 5DS,1008,3200,2201.0,150.66966046143,59.08614135742353,28.314883718756
Canon,EOS 5DS,1008,3200,2201.0,151.6925069275,59.48725761862745,28.343337696761
Canon,EOS 5DS,1008,3200,2201.0,152.71535339356,59.88837387982745,28.371590812758
Canon,EOS 5DS,1008,3200,2201.0,153.73819985962,60.28949014102746,28.399645777079
Canon,EOS 5DS,1008,3200,2201.0,154.76104632569,60.690606402231374,28.427505245659
Canon,EOS 5DS,1008,3200,2201.0,155.78389279175,61.09172266343137,28.455171821478
Canon,EOS 5DS,1008,3200,2201.0,156.80673925782,61.49283892463529,28.482648055963
Canon,EOS 5DS,1008,3200,2201.0,157.82958572388,61.893955185835296,28.50993645034
Canon,EOS 5DS,1008,3200,2201.0,158.85243218995,62.29507144703922,28.537039456938
Canon,EOS 5DS,1008,3200,2201.0,159.87527865601,62.696187708239215,28.56395948046
Canon,EOS 5DS,1008,3200,2201.0,160.89812512207,63.097303969439224,28.590698879205
Canon,EOS 5DS,1008,3200,2201.0,161.92097158814,63.498420230643134,28.617259966254
Canon,EOS 5DS,1008,3200,2201.0,162.9438180542,63.899536491843136,28.643645010622
Canon,EOS 5DS,1008,3200,2201.0,163.96666452027,64.30065275304706,28.669856238366
Canon,EOS 5DS,1008,3200,2201.0,164.98951098633,64.70176901424706,28.695895833662
Canon,EOS 5DS,1008,3200,2201.0,166.0123574524,65.10288527545099,28.721765939854
Canon,EOS 5DS,1008,3200,2201.0,167.03520391846,65.50400153665099,28.747468660459
Canon,EOS 5DS,1008,3200,2201.0,168.05805038453,65.9051177978549,28.773006060153
Canon,EOS 5DS,1008,3200,2201.0,169.08089685059,66.3062340590549,28.798380165716
Canon,EOS 5DS,1008,3200,2201.0,170.10374331665,66.7073503202549,28.823592966957
Canon,EOS 5DS,1008,3200,2201.0,171.12658978272,67.10846658145883,28.848646417608
Canon,EOS 5DS,1008,3200,2201.0,172.14943624878,67.50958284265882,28.873542436188
Canon,EOS 5DS,1008,3200,2201.0,173.17228271485,67.91069910386275,28.898282906845
Canon,EOS 5DS,1008,3200,2201.0,174.19512918091,68.31181536506274,28.922869680174
Canon,EOS 5DS,1008,3200,2201.0,175.21797564698,68.71293162626667,28.947304574006
Canon,EOS 5DS,1008,3200,2201.0,176.24082211304,69.11404788746667,28.971589374178
Canon,EOS 5DS,1008,3200,2201.0,177.26366857911,69.51516414867059,28.99572583528
Canon,EOS 5DS,1008,3200,2201.0,178.28651504517,69.9162804098706,29.019715681379
Canon,EOS 5DS,1008,3200,2201.0,179.30936151123,70.31739667107058,29.04356060672
Canon,EOS 5DS,1008,3200,2201.0,180.3322079773,70.7185129322745,29.067262276415
Canon,EOS 5DS,1008,3200,2201.0,181.35505444336,71.11962919347451,29.090822327103
Canon,EOS 5DS,1008,3200,2201.0,182.37790090943,71.52074545467842,29.114242367597
Canon,EOS 5DS,1008,3200,2201.0,183.40074737549,71.92186171587844,29.137523979511
Canon,EOS 5DS,1008,3200,2201.0,184.42359384156,72.32297797708236,29.160668717868
Canon,EOS 5DS,1008,3200,2201.0,185.44644030762,72.72409423828236,29.183678111696
Canon,EOS 5DS,1008,3200,2201.0,186.46928677369,73.12521049948627,29.206553664599
Canon,EOS 5DS,1008,3200,2201.0,187.49213323975,73.52632676068626,29.229296855323
Canon,EOS 5DS,1008,3200,2201.0,188.51497970581,73.92744302188628,29.251909138297
Canon,EOS 5DS,1008,3200,2201.0,189.53782617188,74.3285592830902,29.274391944164
Canon,EOS 5DS,1008,3200,2201.0,190.56067263794,74.7296755442902,29.296746680298
Canon,EOS 5DS,1008,3200,2201.0,191.58351910401,75.13079180549413,29.318974731305
Canon,EOS 5DS,1008,3200,2201.0,192.60636557007,75.53190806669411,29.341077459509
Canon,EOS 5DS,1008,3200,2201.0,193.62921203614,75.93302432789804,29.363056205434
Canon,EOS 5DS,1008,3200,2201.0,194.6520585022,76.33414058909803,29.384912288258
Canon,EOS 5DS,1008,3200,2201.0,195.67490496826,76.73525685029804,29.40664700627
Canon,EOS 5DS,1008,3200,2201.0,196.69775143433,77.13637311150197,29.428261637306
Canon,EOS 5DS,1008,3200,2201.0,197.72059790039,77.53748937270196,29.449757439177
Canon,EOS 5DS,1008,3200,2201.0,198.74344436646,77.9386056339059,29.471135650086
Canon,EOS 5DS,1008,3200,2201.0,199.76629083252,78.33972189510588,29.49239748903
Canon,EOS 5DS,1008,3200,2201.0,200.78913729859,78.7408381563098,29.513544156201
Canon,EOS 5DS,1008,3200,2201.0,201.81198376465,79.1419544175098,29.534576833363
Canon,EOS 5DS,1008,3200,2201.0,202.83483023072,79.54307067871372,29.555496684235
Canon,EOS 5DS,1008,3200,2201.0,203.85767669678,79.94418693991373,29.57630485485
Canon,EOS 5DS,1008,3200,2201.0,204.88052316284,80.34530320111372,29.597002473918
Canon,EOS 5DS,1008,3200,2201.0,205.90336962891,80.74641946231765,29.617590653166
Canon,EOS 5DS,1008,3200,2201.0,206.92621609497,81.14753572351763,29.638070487682
Canon,EOS 5DS,1008,3200,2201.0,207.94906256104,81.54865198472156,29.658443056245
Canon,EOS 5DS,1008,3200,2201.0,208.9719090271,81.94976824592158,29.678709421644
Canon,EOS 5DS,1008,3200,2201.0,209.99475549317,82.35088450712549,29.698870630997
Canon,EOS 5DS,1008,3200,2201.0,211.01760195923,82.7520007683255,29.718927716052
Canon,EOS 5DS,1008,3200,2201.0,212.0404484253,83.15311702952943,29.738881693493
Canon,EOS 5DS,1008,3200,2201.0,213.06329489136,83.55423329072941,29.758733565225
Canon,EOS 5DS,1008,3200,2201.0,214.08614135742,83.9553495519294,29.778484318662
Canon,EOS 5DS,1008,3200,2201.0,215.10898782349,84.35646581313333,29.798134927008
Canon,EOS 5DS,1008,3200,2201.0,216.13183428955,84.75758207433334,29.817686349522
Canon,EOS 5DS,1008,3200,2201.0,217.15468075562,85.15869833553725,29.83713953179
Canon,EOS 5DS,1008,3200,2201.0,218.17752722168,85.55981459673725,29.856495405975
Canon,EOS 5DS,1008,3200,2201.0,219.20037368775,85.96093085794118,29.875754891081
Canon,EOS 5DS,1008,3200,2201.0,220.22322015381,86.36204711914117,29.894918893188
Canon,EOS 5DS,1008,3200,2201.0,221.24606661987,86.76316338034117,29.913988305702
Canon,EOS 5DS,1008,3200,2201.0,222.26891308594,87.1642796415451,29.932964009585
Canon,EOS 5DS,1008,3200,2201.0,223.291759552,87.56539590274511,29.951846873586
Canon,EOS 5DS,1008,3200,2201.0,224.31460601807,87.96651216394902,29.970637754469
Canon,EOS 5DS,1008,3200,2201.0,225.33745248413,88.36762842514902,29.989337497226
Canon,EOS 5DS,1008,3200,2201.0,226.3602989502,88.76874468635295,30.007946935299
Canon,EOS 5DS,1008,3200,2201.0,227.38314541626,89.16986094755293,30.026466890783
Canon,EOS 5DS,1008,3200,2201.0,228.40599188233,89.57097720875686,30.044898174635
Canon,EOS 5DS,1008,3200,2201.0,229.42883834839,89.97209346995686,30.063241586873
Canon,EOS 5DS,1008,3200,2201.0,230.45168481445,90.37320973115686,30.081497916772
Canon,EOS 5DS,1008,3200,2201.0,231.47453128052,90.77432599236079,30.099667943055
Canon,EOS 5DS,1008,3200,2201.0,232.49737774658,91.17544225356079,30.117752434081
Canon,EOS 5DS,1008,3200,2201.0,233.52022421265,91.5765585147647,30.135752148026
Canon,EOS 5DS,1008,3200,2201.0,234.54307067871,91.9776747759647,30.153667833066
Canon,EOS 5DS,1008,3200,2201.0,235.56591714478,92.37879103716863,30.171500227548
Canon,EOS 5DS,1008,3200,2201.0,236.58876361084,92.77990729836863,30.189250060163
Canon,EOS 5DS,1008,3200,2201.0,237.61161007691,93.18102355957255,30.206918050115
Canon,EOS 5DS,1008,3200,2201.0,238.63445654297,93.58213982077255,30.224504907283
Canon,EOS 5DS,1008,3200,2201.0,239.65730300903,93.98325608197254,30.242011332381
Canon,EOS 5DS,1008,3200,2201.0,240.6801494751,94.38437234317647,30.259438017118
Canon,EOS 5DS,1008,3200,2201.0,241.70299594116,94.78548860437647,30.276785644349
Canon,EOS 5DS,1008,3200,2201.0,242.72584240723,95.18660486558039,30.294054888224
Canon,EOS 5DS,1008,3200,2201.0,243.74868887329,95.5877211267804,30.311246414341
Canon,EOS 5DS,1008,3200,2201.0,244.77153533936,95.98883738798432,30.328360879884
Canon,EOS 5DS,1008,3200,2201.0,245.79438180542,96.3899536491843,30.345398933767
Canon,EOS 5DS,1008,3200,2201.0,246.81722827149,96.79106991038825,30.362361216774
Canon,EOS 5DS,1008,3200,2201.0,247.84007473755,97.19218617158823,30.379248361687
Canon,EOS 5DS,1008,3200,2201.0,248.86292120361,97.59330243278824,30.396060993429
Canon,EOS 5DS,1008,3200,2201.0,249.88576766968,97.99441869399216,30.412799729186
Canon,EOS 5DS,1008,3200,2201.0,250.90861413574,98.39553495519216,30.429465178534
Canon,EOS 5DS,1008,3200,2201.0,251.93146060181,98.79665121639607,30.44605794357
Canon,EOS 5DS,1008,3200,2201.0,252.95430706787,99.19776747759607,30.462578619026
Canon,EOS 5DS,1008,3200,2201.0,253.97715353394,99.5988837388,30.479027792396
Canon,EOS 5DS,1008,3200,2201.0,255,100.0,30.495406044046
Canon,EOS 5DS,1008,6400,4480.0,1.1601323411628,0.4549538592795294,0
Canon,EOS 5DS,1008,6400,4480.0,2.3569228820918,0.9242834831732549,4.7699333840005
Canon,EOS 5DS,1008,6400,4480.0,3.3797693481562,1.3253997443749803,6.9889122482218
Canon,EOS 5DS,1008,6400,4480.0,4.4026158142206,1.726516005576706,8.532161319222
Canon,EOS 5DS,1008,6400,4480.0,5.425462280285,2.1276322667784315,9.704986180335
Canon,EOS 5DS,1008,6400,4480.0,6.4483087463494,2.5287485279801567,10.646195573675
Canon,EOS 5DS,1008,6400,4480.0,7.4711552124138,2.9298647891818823,11.429871594022
Canon,EOS 5DS,1008,6400,4480.0,8.4940016784782,3.330981050383608,12.09992291881
Canon,EOS 5DS,1008,6400,4480.0,9.5168481445426,3.7320973115853335,12.684388091543
Canon,EOS 5DS,1008,6400,4480.0,10.539694610607,4.133213572787059,13.202200777062
Canon,EOS 5DS,1008,6400,4480.0,11.562541076671,4.534329833988628,13.666715378069
Canon,EOS 5DS,1008,6400,4480.0,12.585387542736,4.935446095190588,14.087685701659
Canon,EOS 5DS,1008,6400,4480.0,13.6082340088,5.336562356392157,14.47244256962
Canon,EOS 5DS,1008,6400,4480.0,14.631080474865,5.737678617594118,14.826628943752
Canon,EOS 5DS,1008,6400,4480.0,15.653926940929,6.138794878795687,15.15467738149
Canon,EOS 5DS,1008,6400,4480.0,16.676773406993,6.539911139997255,15.460130688921
Canon,EOS 5DS,1008,6400,4480.0,17.699619873058,6.941027401199216,15.745863523474
Canon,EOS 5DS,1008,6400,4480.0,18.722466339122,7.342143662400785,16.014239388448
Canon,EOS 5DS,1008,6400,4480.0,19.745312805187,7.7432599236027455,16.267224294348
Canon,EOS 5DS,1008,6400,4480.0,20.768159271251,8.144376184804313,16.50647063707
Canon,EOS 5DS,1008,6400,4480.0,21.791005737315,8.545492446005882,16.733380158519
Canon,EOS 5DS,1008,6400,4480.0,22.81385220338,8.946608707207844,16.949151930416
Canon,EOS 5DS,1008,6400,4480.0,23.836698669444,9.347724968409413,17.15481942794
Canon,EOS 5DS,1008,6400,4480.0,24.859545135509,9.748841229611372,17.351279530801
Canon,EOS 5DS,1008,6400,4480.0,25.882391601573,10.149957490812941,17.539315466349
Canon,EOS 5DS,1008,6400,4480.0,26.905238067638,10.5510737520149,17.719615147669
Canon,EOS 5DS,1008,6400,4480.0,27.928084533702,10.95219001321647,17.892785969698
Canon,EOS 5DS,1008,6400,4480.0,28.950930999766,11.35330627441804,18.059366851411
Canon,EOS 5DS,1008,6400,4480.0,29.973777465831,11.754422535619998,18.219838115369
Canon,EOS 5DS,1008,6400,4480.0,30.996623931895,12.155538796821569,18.374629653255
Canon,EOS 5DS,1008,6400,4480.0,32.01947039796,12.55665505802353,18.524127721348
Canon,EOS 5DS,1008,6400,4480.0,33.042316864024,12.957771319225097,18.668680632104
Canon,EOS 5DS,1008,6400,4480.0,34.065163330088,13.358887580426664,18.808603549747
Canon,EOS 5DS,1008,6400,4480.0,35.088009796153,13.76000384162863,18.94418255355
Canon,EOS 5DS,1008,6400,4480.0,36.110856262217,14.161120102830196,19.0756780987
Canon,EOS 5DS,1008,6400,4480.0,37.133702728282,14.562236364032158,19.203327978612
Canon,EOS 5DS,1008,6400,4480.0,38.156549194346,14.963352625233725,19.327349872262
Canon,EOS 5DS,1008,6400,4480.0,39.17939566041,15.364468886435295,19.447943544244
Canon,EOS 5DS,1008,6400,4480.0,40.202242126475,15.765585147637253,19.565292752756
Canon,EOS 5DS,1008,6400,4480.0,41.225088592539,16.166701408838826,19.679566910725
Canon,EOS 5DS,1008,6400,4480.0,42.247935058604,16.567817670040785,19.790922537381
Canon,EOS 5DS,1008,6400,4480.0,43.270781524668,16.968933931242354,19.899504531139
Canon,EOS 5DS,1008,6400,4480.0,44.293627990732,17.37005019244392,20.005447289521
Canon,EOS 5DS,1008,6400,4480.0,45.316474456797,17.771166453645883,20.108875697606
Canon,EOS 5DS,1008,6400,4480.0,46.339320922861,18.17228271484745,20.209906003079
Canon,EOS 5DS,1008,6400,4480.0,47.362167388926,18.57339897604941,20.308646593112
Canon,EOS 5DS,1008,6400,4480.0,48.38501385499,18.97451523725098,20.405198685979
Canon,EOS 5DS,1008,6400,4480.0,49.407860321054,19.37563149845255,20.499656948382
Canon,EOS 5DS,1008,6400,4480.0,50.430706787119,19.77674775965451,20.592110047837
Canon,EOS 5DS,1008,6400,4480.0,51.453553253183,20.177864020856077,20.682641148149
Canon,EOS 5DS,1008,6400,4480.0,52.476399719248,20.57898028205804,20.771328354851
Canon,EOS 5DS,1008,6400,4480.0,53.499246185312,20.98009654325961,20.858245116542
Canon,EOS 5DS,1008,6400,4480.0,54.522092651377,21.38121280446157,20.943460587258
Canon,EOS 5DS,1008,6400,4480.0,55.544939117441,21.782329065663138,21.027039954324
Canon,EOS 5DS,1008,6400,4480.0,56.567785583505,22.183445326864707,21.109044735549
Canon,EOS 5DS,1008,6400,4480.0,57.59063204957,22.584561588066666,21.189533049139
Canon,EOS 5DS,1008,6400,4480.0,58.613478515634,22.985677849268235,21.268559859281
Canon,EOS 5DS,1008,6400,4480.0,59.636324981699,23.386794110470195,21.346177199964
Canon,EOS 5DS,1008,6400,4480.0,60.659171447763,23.787910371671764,21.422434379329
Canon,EOS 5DS,1008,6400,4480.0,61.682017913827,24.189026632873333,21.497378166528
Canon,EOS 5DS,1008,6400,4480.0,62.704864379892,24.590142894075296,21.571052962861
Canon,EOS 5DS,1008,6400,4480.0,63.727710845956,24.99125915527686,21.64350095875
Canon,EOS 5DS,1008,6400,4480.0,64.750557312021,25.392375416478824,21.714762277935
Canon,EOS 5DS,1008,6400,4480.0,65.773403778085,25.793491677680393,21.784875110118
Canon,EOS 5DS,1008,6400,4480.0,66.796250244149,26.19460793888196,21.853875833138
Canon,EOS 5DS,1008,6400,4480.0,67.819096710214,26.59572420008392,21.921799125666
Canon,EOS 5DS,1008,6400,4480.0,68.841943176278,26.996840461285487,21.988678071281
Canon,EOS 5DS,1008,6400,4480.0,69.864789642343,27.39795672248745,22.054544254704
Canon,EOS 5DS,1008,6400,4480.0,70.887636108407,27.799072983689015,22.11942785089
Canon,EOS 5DS,1008,6400,4480.0,71.910482574471,28.200189244890588,22.183357707607
Canon,EOS 5DS,1008,6400,4480.0,72.933329040536,28.601305506092544,22.246361422059
Canon,EOS 5DS,1008,6400,4480.0,73.9561755066,29.002421767294116,22.308465412065
Canon,EOS 5DS,1008,6400,4480.0,74.979021972665,29.40353802849608,22.369694982246
Canon,EOS 5DS,1008,6400,4480.0,76.001868438729,29.804654289697645,22.430074385645
Canon,EOS 5DS,1008,6400,4480.0,77.024714904793,30.205770550899214,22.489626881136
Canon,EOS 5DS,1008,6400,4480.0,78.047561370858,30.60688681210118,22.54837478698
Canon,EOS 5DS,1008,6400,4480.0,79.070407836922,31.00800307330275,22.606339530823
Canon,EOS 5DS,1008,6400,4480.0,80.093254302987,31.40911933450471,22.663541696412
Canon,EOS 5DS,1008,6400,4480.0,81.116100769051,31.810235595706278,22.720001067302
Canon,EOS 5DS,1008,6400,4480.0,82.138947235116,32.21135185690824,22.77573666776
Canon,EOS 5DS,1008,6400,4480.0,83.16179370118,32.6124681181098,22.830766801103
Canon,EOS 5DS,1008,6400,4480.0,84.184640167244,33.013584379311375,22.885109085633
Canon,EOS 5DS,1008,6400,4480.0,85.207486633309,33.41470064051333,22.938780488376
Canon,EOS 5DS,1008,6400,4480.0,86.230333099373,33.8158169017149,22.991797356767
Canon,EOS 5DS,1008,6400,4480.0,87.253179565438,34.21693316291686,23.044175448424
Canon,EOS 5DS,1008,6400,4480.0,88.276026031502,34.61804942411843,23.09592995917
Canon,EOS 5DS,1008,6400,4480.0,89.298872497566,35.01916568532,23.147075549402
Canon,EOS 5DS,1008,6400,4480.0,90.321718963631,35.42028194652196,23.197626368934
Canon,EOS 5DS,1008,6400,4480.0,91.344565429695,35.821398207723526,23.247596080418
Canon,EOS 5DS,1008,6400,4480.0,92.36741189576,36.222514468925496,23.29699788144
Canon,EOS 5DS,1008,6400,4480.0,93.390258361824,36.623630730127054,23.34584452537
Canon,EOS 5DS,1008,6400,4480.0,94.413104827888,37.02474699132863,23.394148341067
Canon,EOS 5DS,1008,6400,4480.0,95.435951293953,37.42586325253059,23.441921251501
Canon,EOS 5DS,1008,6400,4480.0,96.458797760017,37.82697951373216,23.48917479136
Canon,EOS 5DS,1008,6400,4480.0,97.481644226082,38.22809577493412,23.535920123721
Canon,EOS 5DS,1008,6400,4480.0,98.504490692146,38.62921203613569,23.582168055834
Canon,EOS 5DS,1008,6400,4480.0,99.52733715821,39.030328297337256,23.627929054072
Canon,EOS 5DS,1008,6400,4480.0,100.55018362427,39.43144455853725,23.673213258113
Canon,EOS 5DS,1008,6400,4480.0,101.57303009034,39.832560819741175,23.718030494385
Canon,EOS 5DS,1008,6400,4480.0,102.5958765564,40.23367708094118,23.762390288834
Canon,EOS 5DS,1008,6400,4480.0,103.61872302247,40.634793342145095,23.806301879038
Canon,EOS 5DS,1008,6400,4480.0,104.64156948853,41.0359096033451,23.849774225732
Canon,EOS 5DS,1008,6400,4480.0,105.6644159546,41.43702586454902,23.892816023745
Canon,EOS 5DS,1008,6400,4480.0,106.68726242066,41.83814212574902,23.93543571242
Canon,EOS 5DS,1008,6400,4480.0,107.71010888673,42.23925838695294,23.977641485517
Canon,EOS 5DS,1008,6400,4480.0,108.73295535279,42.64037464815294,24.019441300645
Canon,EOS 5DS,1008,6400,4480.0,109.75580181885,43.041490909352945,24.060842888246
Canon,EOS 5DS,1008,6400,4480.0,110.77864828492,43.44260717055686,24.101853760157
Canon,EOS 5DS,1008,6400,4480.0,111.80149475098,43.843723431756864,24.142481217769
Canon,EOS 5DS,1008,6400,4480.0,112.82434121705,44.24483969296079,24.182732359813
Canon,EOS 5DS,1008,6400,4480.0,113.84718768311,44.64595595416078,24.222614089787
Canon,EOS 5DS,1008,6400,4480.0,114.87003414918,45.04707221536471,24.262133123045
Canon,EOS 5DS,1008,6400,4480.0,115.89288061524,45.4481884765647,24.301295993571
Canon,EOS 5DS,1008,6400,4480.0,116.91572708131,45.84930473776863,24.340109060451
Canon,EOS 5DS,1008,6400,4480.0,117.93857354737,46.25042099896863,24.378578514052
Canon,EOS 5DS,1008,6400,4480.0,118.96142001343,46.65153726016863,24.416710381937
Canon,EOS 5DS,1008,6400,4480.0,119.9842664795,47.05265352137255,24.454510534526
Canon,EOS 5DS,1008,6400,4480.0,121.00711294556,47.45376978257255,24.491984690503
Canon,EOS 5DS,1008,6400,4480.0,122.02995941163,47.854886043776474,24.529138422002
Canon,EOS 5DS,1008,6400,4480.0,123.05280587769,48.25600230497648,24.565977159568
Canon,EOS 5DS,1008,6400,4480.0,124.07565234376,48.657118566180394,24.602506196914
Canon,EOS 5DS,1008,6400,4480.0,125.09849880982,49.058234827380396,24.638730695476
Canon,EOS 5DS,1008,6400,4480.0,126.12134527589,49.45935108858431,24.67465568878
Canon,EOS 5DS,1008,6400,4480.0,127.14419174195,49.86046734978431,24.710286086638
Canon,EOS 5DS,1008,6400,4480.0,128.16703820801,50.26158361098432,24.745626679161
Canon,EOS 5DS,1008,6400,4480.0,129.18988467408,50.662699872188234,24.78068214062
Canon,EOS 5DS,1008,6400,4480.0,130.21273114014,51.06381613338823,24.815457033153
Canon,EOS 5DS,1008,6400,4480.0,131.23557760621,51.464932394592154,24.849955810314
Canon,EOS 5DS,1008,6400,4480.0,132.25842407227,51.86604865579216,24.8841828205
Canon,EOS 5DS,1008,6400,4480.0,133.28127053834,52.26716491699608,24.918142310226
Canon,EOS 5DS,1008,6400,4480.0,134.3041170044,52.66828117819608,24.951838427288
Canon,EOS 5DS,1008,6400,4480.0,135.32696347046,53.06939743939607,24.985275223794
Canon,EOS 5DS,1008,6400,4480.0,136.34980993653,53.470513700599994,25.018456659088
Canon,EOS 5DS,1008,6400,4480.0,137.37265640259,53.8716299618,25.051386602554
Canon,EOS 5DS,1008,6400,4480.0,138.39550286866,54.27274622300392,25.084068836325
Canon,EOS 5DS,1008,6400,4480.0,139.41834933472,54.67386248420393,25.116507057883
Canon,EOS 5DS,1008,6400,4480.0,140.44119580079,55.07497874540784,25.148704882564
Canon,EOS 5DS,1008,6400,4480.0,141.46404226685,55.47609500660784,25.180665845977
Canon,EOS 5DS,1008,6400,4480.0,142.48688873292,55.87721126781177,25.212393406327
Canon,EOS 5DS,1008,6400,4480.0,143.50973519898,56.27832752901176,25.243890946658
Canon,EOS 5DS,1008,6400,4480.0,144.53258166504,56.67944379021176,25.275161777015
Canon,EOS 5DS,1008,6400,4480.0,145.55542813111,57.08056005141569,25.306209136531
Canon,EOS 5DS,1008,6400,4480.0,146.57827459717,57.48167631261569,25.337036195431
Canon,EOS 5DS,1008,6400,4480.0,147.60112106324,57.88279257381961,25.367646056979
Canon,EOS 5DS,1008,6400,4480.0,148.6239675293,58.2839088350196,25.398041759348
Canon,EOS 5DS,1008,6400,4480.0,149.64681399537,58.685025096223534,25.428226277425
Canon,EOS 5DS,1008,6400,4480.0,150.66966046143,59.08614135742353,25.458202524558
Canon,EOS 5DS,1008,6400,4480.0,151.6925069275,59.48725761862745,25.48797335424
Canon,EOS 5DS,1008,6400,4480.0,152.71535339356,59.88837387982745,25.517541561739
Canon,EOS 5DS,1008,6400,4480.0,153.73819985962,60.28949014102746,25.54690988567
Canon,EOS 5DS,1008,6400,4480.0,154.76104632569,60.690606402231374,25.576081009514
Canon,EOS 5DS,1008,6400,4480.0,155.78389279175,61.09172266343137,25.605057563089
Canon,EOS 5DS,1008,6400,4480.0,156.80673925782,61.49283892463529,25.633842123971
Canon,EOS 5DS,1008,6400,4480.0,157.82958572388,61.893955185835296,25.662437218868
Canon,EOS 5DS,1008,6400,4480.0,158.85243218995,62.29507144703922,25.690845324947
Canon,EOS 5DS,1008,6400,4480.0,159.87527865601,62.696187708239215,25.719068871126
Canon,EOS 5DS,1008,6400,4480.0,160.89812512207,63.097303969439224,25.747110239312
Canon,EOS 5DS,1008,6400,4480.0,161.92097158814,63.498420230643134,25.774971765613
Canon,EOS 5DS,1008,6400,4480.0,162.9438180542,63.899536491843136,25.802655741497
Canon,EOS 5DS,1008,6400,4480.0,163.96666452027,64.30065275304706,25.830164414929
Canon,EOS 5DS,1008,6400,4480.0,164.98951098633,64.70176901424706,25.857499991458
Canon,EOS 5DS,1008,6400,4480.0,166.0123574524,65.10288527545099,25.884664635283
Canon,EOS 5DS,1008,6400,4480.0,167.03520391846,65.50400153665099,25.911660470277
Canon,EOS 5DS,1008,6400,4480.0,168.05805038453,65.9051177978549,25.938489580984
Canon,EOS 5DS,1008,6400,4480.0,169.08089685059,66.3062340590549,25.965154013581
Canon,EOS 5DS,1008,6400,4480.0,170.10374331665,66.7073503202549,25.991655776818
Canon,EOS 5DS,1008,6400,4480.0,171.12658978272,67.10846658145883,26.017996842921
Canon,EOS 5DS,1008,6400,4480.0,172.14943624878,67.50958284265882,26.044179148474
Canon,EOS 5DS,1008,6400,4480.0,173.17228271485,67.91069910386275,26.070204595271
Canon,EOS 5DS,1008,6400,4480.0,174.19512918091,68.31181536506274,26.096075051148
Canon,EOS 5DS,1008,6400,4480.0,175.21797564698,68.71293162626667,26.12179235078
Canon,EOS 5DS,1008,6400,4480.0,176.24082211304,69.11404788746667,26.147358296467
Canon,EOS 5DS,1008,6400,4480.0,177.26366857911,69.51516414867059,26.172774658888
Canon,EOS 5DS,1008,6400,4480.0,178.28651504517,69.9162804098706,26.198043177839
Canon,EOS 5DS,1008,6400,4480.0,179.30936151123,70.31739667107058,26.223165562942
Canon,EOS 5DS,1008,6400,4480.0,180.3322079773,70.7185129322745,26.248143494346
Canon,EOS 5DS,1008,6400,4480.0,181.35505444336,71.11962919347451,26.272978623391
Canon,EOS 5DS,1008,6400,4480.0,182.37790090943,71.52074545467842,26.297672573271
Canon,EOS 5DS,1008,6400,4480.0,183.40074737549,71.92186171587844,26.322226939667
Canon,EOS 5DS,1008,6400,4480.0,184.42359384156,72.32297797708236,26.346643291363
Canon,EOS 5DS,1008,6400,4480.0,185.44644030762,72.72409423828236,26.370923170852
Canon,EOS 5DS,1008,6400,4480.0,186.46928677369,73.12521049948627,26.395068094913
Canon,EOS 5DS,1008,6400,4480.0,187.49213323975,73.52632676068626,26.419079555186
Canon,EOS 5DS,1008,6400,4480.0,188.51497970581,73.92744302188628,26.442959018722
Canon,EOS 5DS,1008,6400,4480.0,189.53782617188,74.3285592830902,26.466707928518
Canon,EOS 5DS,1008,6400,4480.0,190.56067263794,74.7296755442902,26.490327704044
Canon,EOS 5DS,1008,6400,4480.0,191.58351910401,75.13079180549413,26.513819741748
Canon,EOS 5DS,1008,6400,4480.0,192.60636557007,75.53190806669411,26.537185415554
Canon,EOS 5DS,1008,6400,4480.0,193.62921203614,75.93302432789804,26.560426077342
Canon,EOS 5DS,1008,6400,4480.0,194.6520585022,76.33414058909803,26.583543057416
Canon,EOS 5DS,1008,6400,4480.0,195.67490496826,76.73525685029804,26.606537664965
Canon,EOS 5DS,1008,6400,4480.0,196.69775143433,77.13637311150197,26.6294111885
Canon,EOS 5DS,1008,6400,4480.0,197.72059790039,77.53748937270196,26.652164896295
Canon,EOS 5DS,1008,6400,4480.0,198.74344436646,77.9386056339059,26.674800036805
Canon,EOS 5DS,1008,6400,4480.0,199.76629083252,78.33972189510588,26.697317839075
Canon,EOS 5DS,1008,6400,4480.0,200.78913729859,78.7408381563098,26.719719513142
Canon,EOS 5DS,1008,6400,4480.0,201.81198376465,79.1419544175098,26.742006250426
Canon,EOS 5DS,1008,6400,4480.0,202.83483023072,79.54307067871372,26.764179224108
Canon,EOS 5DS,1008,6400,4480.0,203.85767669678,79.94418693991373,26.786239589502
Canon,EOS 5DS,1008,6400,4480.0,204.88052316284,80.34530320111372,26.808188484414
Canon,EOS 5DS,1008,6400,4480.0,205.90336962891,80.74641946231765,26.830027029495
Canon,EOS 5DS,1008,6400,4480.0,206.92621609497,81.14753572351763,26.851756328584
Canon,EOS 5DS,1008,6400,4480.0,207.94906256104,81.54865198472156,26.873377469042
Canon,EOS 5DS,1008,6400,4480.0,208.9719090271,81.94976824592158,26.894891522081
Canon,EOS 5DS,1008,6400,4480.0,209.99475549317,82.35088450712549,26.916299543078
Canon,EOS 5DS,1008,6400,4480.0,211.01760195923,82.7520007683255,26.937602571888
Canon,EOS 5DS,1008,6400,4480.0,212.0404484253,83.15311702952943,26.958801633146
Canon,EOS 5DS,1008,6400,4480.0,213.06329489136,83.55423329072941,26.979897736563
Canon,EOS 5DS,1008,6400,4480.0,214.08614135742,83.9553495519294,27.000891877216
Canon,EOS 5DS,1008,6400,4480.0,215.10898782349,84.35646581313333,27.021785035825
Canon,EOS 5DS,1008,6400,4480.0,216.13183428955,84.75758207433334,27.042578179032
Canon,EOS 5DS,1008,6400,4480.0,217.15468075562,85.15869833553725,27.063272259668
Canon,EOS 5DS,1008,6400,4480.0,218.17752722168,85.55981459673725,27.083868217013
Canon,EOS 5DS,1008,6400,4480.0,219.20037368775,85.96093085794118,27.104366977056
Canon,EOS 5DS,1008,6400,4480.0,220.22322015381,86.36204711914117,27.124769452737
Canon,EOS 5DS,1008,6400,4480.0,221.24606661987,86.76316338034117,27.1450765442
Canon,EOS 5DS,1008,6400,4480.0,222.26891308594,87.1642796415451,27.165289139025
Canon,EOS 5DS,1008,6400,4480.0,223.291759552,87.56539590274511,27.185408112462
Canon,EOS 5DS,1008,6400,4480.0,224.31460601807,87.96651216394902,27.20543432766
Canon,EOS 5DS,1008,6400,4480.0,225.33745248413,88.36762842514902,27.225368635886
Canon,EOS 5DS,1008,6400,4480.0,226.3602989502,88.76874468635295,27.245211876746
Canon,EOS 5DS,1008,6400,4480.0,227.38314541626,89.16986094755293,27.264964878392
Canon,EOS 5DS,1008,6400,4480.0,228.40599188233,89.57097720875686,27.284628457734
Canon,EOS 5DS,1008,6400,4480.0,229.42883834839,89.97209346995686,27.304203420641
Canon,EOS 5DS,1008,6400,4480.0,230.45168481445,90.37320973115686,27.323690562137
Canon,EOS 5DS,1008,6400,4480.0,231.47453128052,90.77432599236079,27.343090666597
Canon,EOS 5DS,1008,6400,4480.0,232.49737774658,91.17544225356079,27.362404507938
Canon,EOS 5DS,1008,6400,4480.0,233.52022421265,91.5765585147647,27.381632849798
Canon,EOS 5DS,1008,6400,4480.0,234.54307067871,91.9776747759647,27.400776445723
Canon,EOS 5DS,1008,6400,4480.0,235.56591714478,92.37879103716863,27.419836039342
Canon,EOS 5DS,1008,6400,4480.0,236.58876361084,92.77990729836863,27.438812364541
Canon,EOS 5DS,1008,6400,4480.0,237.61161007691,93.18102355957255,27.45770614563
Canon,EOS 5DS,1008,6400,4480.0,238.63445654297,93.58213982077255,27.476518097511
Canon,EOS 5DS,1008,6400,4480.0,239.65730300903,93.98325608197254,27.495248925841
Canon,EOS 5DS,1008,6400,4480.0,240.6801494751,94.38437234317647,27.513899327188
Canon,EOS 5DS,1008,6400,4480.0,241.70299594116,94.78548860437647,27.532469989189
Canon,EOS 5DS,1008,6400,4480.0,242.72584240723,95.18660486558039,27.550961590699
Canon,EOS 5DS,1008,6400,4480.0,243.74868887329,95.5877211267804,27.569374801945
Canon,EOS 5DS,1008,6400,4480.0,244.77153533936,95.98883738798432,27.587710284665
Canon,EOS 5DS,1008,6400,4480.0,245.79438180542,96.3899536491843,27.605968692256
Canon,EOS 5DS,1008,6400,4480.0,246.81722827149,96.79106991038825,27.624150669911
Canon,EOS 5DS,1008,6400,4480.0,247.84007473755,97.19218617158823,27.642256854757
Canon,EOS 5DS,1008,6400,4480.0,248.86292120361,97.59330243278824,27.660287875987
Canon,EOS 5DS,1008,6400,4480.0,249.88576766968,97.99441869399216,27.678244354995
Canon,EOS 5DS,1008,6400,4480.0,250.90861413574,98.39553495519216,27.696126905499
Canon,EOS 5DS,1008,6400,4480.0,251.93146060181,98.79665121639607,27.713936133671
Canon,EOS 5DS,1008,6400,4480.0,252.95430706787,99.19776747759607,27.731672638259
Canon,EOS 5DS,1008,6400,4480.0,253.97715353394,99.5988837388,27.749337010708
Canon,EOS 5DS,1008,6400,4480.0,255,100.0,27.766929835276
Canon,EOS 5DS,1008,12800,8723.0,2.3569228820918,0.9242834831732549,0
Canon,EOS 5DS,1008,12800,8723.0,3.3797693481562,1.3253997443749803,2.5017082124677
Canon,EOS 5DS,1008,12800,8723.0,4.4026158142206,1.726516005576706,4.2487678446029
Canon,EOS 5DS,1008,12800,8723.0,5.425462280285,2.1276322667784315,5.575636609484
Canon,EOS 5DS,1008,12800,8723.0,6.4483087463494,2.5287485279801567,6.6374379984242
Canon,EOS 5DS,1008,12800,8723.0,7.4711552124138,2.9298647891818823,7.5181180376608
Canon,EOS 5DS,1008,12800,8723.0,8.4940016784782,3.330981050383608,8.2679081248029
Canon,EOS 5DS,1008,12800,8723.0,9.5168481445426,3.7320973115853335,8.9190900633623
Canon,EOS 5DS,1008,12800,8723.0,10.539694610607,4.133213572787059,9.4935528824042
Canon,EOS 5DS,1008,12800,8723.0,11.562541076671,4.534329833988628,10.006773428554
Canon,EOS 5DS,1008,12800,8723.0,12.585387542736,4.935446095190588,10.470069581982
Canon,EOS 5DS,1008,12800,8723.0,13.6082340088,5.336562356392157,10.891950395369
Canon,EOS 5DS,1008,12800,8723.0,14.631080474865,5.737678617594118,11.278963426469
Canon,EOS 5DS,1008,12800,8723.0,15.653926940929,6.138794878795687,11.636247355193
Canon,EOS 5DS,1008,12800,8723.0,16.676773406993,6.539911139997255,11.967904290658
Canon,EOS 5DS,1008,12800,8723.0,17.699619873058,6.941027401199216,12.277257680291
Canon,EOS 5DS,1008,12800,8723.0,18.722466339122,7.342143662400785,12.567035336395
Canon,EOS 5DS,1008,12800,8723.0,19.745312805187,7.7432599236027455,12.839502096913
Canon,EOS 5DS,1008,12800,8723.0,20.768159271251,8.144376184804313,13.0965577929
Canon,EOS 5DS,1008,12800,8723.0,21.791005737315,8.545492446005882,13.339810808494
Canon,EOS 5DS,1008,12800,8723.0,22.81385220338,8.946608707207844,13.570634143261
Canon,EOS 5DS,1008,12800,8723.0,23.836698669444,9.347724968409413,13.790208716687
Canon,EOS 5DS,1008,12800,8723.0,24.859545135509,9.748841229611372,13.999557227581
Canon,EOS 5DS,1008,12800,8723.0,25.882391601573,10.149957490812941,14.199570923384
Canon,EOS 5DS,1008,12800,8723.0,26.905238067638,10.5510737520149,14.391030979511
Canon,EOS 5DS,1008,12800,8723.0,27.928084533702,10.95219001321647,14.5746257335
Canon,EOS 5DS,1008,12800,8723.0,28.950930999766,11.35330627441804,14.75096469718
Canon,EOS 5DS,1008,12800,8723.0,29.973777465831,11.754422535619998,14.920590039772
Canon,EOS 5DS,1008,12800,8723.0,30.996623931895,12.155538796821569,15.08398606771
Canon,EOS 5DS,1008,12800,8723.0,32.01947039796,12.55665505802353,15.241587104232
Canon,EOS 5DS,1008,12800,8723.0,33.042316864024,12.957771319225097,15.393784080643
Canon,EOS 5DS,1008,12800,8723.0,34.065163330088,13.358887580426664,15.540930082739
Canon,EOS 5DS,1008,12800,8723.0,35.088009796153,13.76000384162863,15.683345044044
Canon,EOS 5DS,1008,12800,8723.0,36.110856262217,14.161120102830196,15.821319737888
Canon,EOS 5DS,1008,12800,8723.0,37.133702728282,14.562236364032158,15.955119189761
Canon,EOS 5DS,1008,12800,8723.0,38.156549194346,14.963352625233725,16.084985607656
Canon,EOS 5DS,1008,12800,8723.0,39.17939566041,15.364468886435295,16.211140909461
Canon,EOS 5DS,1008,12800,8723.0,40.202242126475,15.765585147637253,16.333788911822
Canon,EOS 5DS,1008,12800,8723.0,41.225088592539,16.166701408838826,16.453117233218
Canon,EOS 5DS,1008,12800,8723.0,42.247935058604,16.567817670040785,16.569298954691
Canon,EOS 5DS,1008,12800,8723.0,43.270781524668,16.968933931242354,16.682494074187
Canon,EOS 5DS,1008,12800,8723.0,44.293627990732,17.37005019244392,16.792850784396
Canon,EOS 5DS,1008,12800,8723.0,45.316474456797,17.771166453645883,16.900506599102
Canon,EOS 5DS,1008,12800,8723.0,46.339320922861,18.17228271484745,17.005589348983
Canon,EOS 5DS,1008,12800,8723.0,47.362167388926,18.57339897604941,17.108218064553
Canon,EOS 5DS,1008,12800,8723.0,48.38501385499,18.97451523725098,17.208503761182
Canon,EOS 5DS,1008,12800,8723.0,49.407860321054,19.37563149845255,17.306550138896
Canon,EOS 5DS,1008,12800,8723.0,50.430706787119,19.77674775965451,17.402454207786
Canon,EOS 5DS,1008,12800,8723.0,51.453553253183,20.177864020856077,17.49630684827
Canon,EOS 5DS,1008,12800,8723.0,52.476399719248,20.57898028205804,17.588193314171
Canon,EOS 5DS,1008,12800,8723.0,53.499246185312,20.98009654325961,17.678193685438
Canon,EOS 5DS,1008,12800,8723.0,54.522092651377,21.38121280446157,17.766383276419
Canon,EOS 5DS,1008,12800,8723.0,55.544939117441,21.782329065663138,17.852833004811
Canon,EOS 5DS,1008,12800,8723.0,56.567785583505,22.183445326864707,17.937609725727
Canon,EOS 5DS,1008,12800,8723.0,57.59063204957,22.584561588066666,18.020776534745
Canon,EOS 5DS,1008,12800,8723.0,58.613478515634,22.985677849268235,18.10239304333
Canon,EOS 5DS,1008,12800,8723.0,59.636324981699,23.386794110470195,18.182515629582
Canon,EOS 5DS,1008,12800,8723.0,60.659171447763,23.787910371671764,18.26119766691
Canon,EOS 5DS,1008,12800,8723.0,61.682017913827,24.189026632873333,18.338489732911
Canon,EOS 5DS,1008,12800,8723.0,62.704864379892,24.590142894075296,18.414439800477
Canon,EOS 5DS,1008,12800,8723.0,63.727710845956,24.99125915527686,18.489093412901
Canon,EOS 5DS,1008,12800,8723.0,64.750557312021,25.392375416478824,18.562493844567
Canon,EOS 5DS,1008,12800,8723.0,65.773403778085,25.793491677680393,18.634682248609
Canon,EOS 5DS,1008,12800,8723.0,66.796250244149,26.19460793888196,18.705697792794
Canon,EOS 5DS,1008,12800,8723.0,67.819096710214,26.59572420008392,18.775577784735
Canon,EOS 5DS,1008,12800,8723.0,68.841943176278,26.996840461285487,18.844357787407
Canon,EOS 5DS,1008,12800,8723.0,69.864789642343,27.39795672248745,18.912071725871
Canon,EOS 5DS,1008,12800,8723.0,70.887636108407,27.799072983689015,18.978751985982
Canon,EOS 5DS,1008,12800,8723.0,71.910482574471,28.200189244890588,19.044429505791
Canon,EOS 5DS,1008,12800,8723.0,72.933329040536,28.601305506092544,19.109133860286
Canon,EOS 5DS,1008,12800,8723.0,73.9561755066,29.002421767294116,19.172893340038
Canon,EOS 5DS,1008,12800,8723.0,74.979021972665,29.40353802849608,19.235735024273
Canon,EOS 5DS,1008,12800,8723.0,76.001868438729,29.804654289697645,19.297684848833
Canon,EOS 5DS,1008,12800,8723.0,77.024714904793,30.205770550899214,19.358767669452
Canon,EOS 5DS,1008,12800,8723.0,78.047561370858,30.60688681210118,19.419007320726
Canon,EOS 5DS,1008,12800,8723.0,79.070407836922,31.00800307330275,19.478426671122
Canon,EOS 5DS,1008,12800,8723.0,80.093254302987,31.40911933450471,19.537047674343
Canon,EOS 5DS,1008,12800,8723.0,81.116100769051,31.810235595706278,19.594891417334
Canon,EOS 5DS,1008,12800,8723.0,82.138947235116,32.21135185690824,19.651978165184
Canon,EOS 5DS,1008,12800,8723.0,83.16179370118,32.6124681181098,19.708327403171
Canon,EOS 5DS,1008,12800,8723.0,84.184640167244,33.013584379311375,19.763957876151
Canon,EOS 5DS,1008,12800,8723.0,85.207486633309,33.41470064051333,19.8188876255
Canon,EOS 5DS,1008,12800,8723.0,86.230333099373,33.8158169017149,19.873134023793
Canon,EOS 5DS,1008,12800,8723.0,87.253179565438,34.21693316291686,19.926713807364
Canon,EOS 5DS,1008,12800,8723.0,88.276026031502,34.61804942411843,19.979643106924
Canon,EOS 5DS,1008,12800,8723.0,89.298872497566,35.01916568532,20.031937476357
Canon,EOS 5DS,1008,12800,8723.0,90.321718963631,35.42028194652196,20.083611919832
Canon,EOS 5DS,1008,12800,8723.0,91.344565429695,35.821398207723526,20.134680917341
Canon,EOS 5DS,1008,12800,8723.0,92.36741189576,36.222514468925496,20.185158448775
Canon,EOS 5DS,1008,12800,8723.0,93.390258361824,36.623630730127054,20.235058016641
Canon,EOS 5DS,1008,12800,8723.0,94.413104827888,37.02474699132863,20.284392667498
Canon,EOS 5DS,1008,12800,8723.0,95.435951293953,37.42586325253059,20.333175012211
Canon,EOS 5DS,1008,12800,8723.0,96.458797760017,37.82697951373216,20.381417245096
Canon,EOS 5DS,1008,12800,8723.0,97.481644226082,38.22809577493412,20.429131162022
Canon,EOS 5DS,1008,12800,8723.0,98.504490692146,38.62921203613569,20.476328177548
Canon,EOS 5DS,1008,12800,8723.0,99.52733715821,39.030328297337256,20.523019341144
Canon,EOS 5DS,1008,12800,8723.0,100.55018362427,39.43144455853725,20.569215352566
Canon,EOS 5DS,1008,12800,8723.0,101.57303009034,39.832560819741175,20.614926576429
Canon,EOS 5DS,1008,12800,8723.0,102.5958765564,40.23367708094118,20.660163056028
Canon,EOS 5DS,1008,12800,8723.0,103.61872302247,40.634793342145095,20.704934526459
Canon,EOS 5DS,1008,12800,8723.0,104.64156948853,41.0359096033451,20.749250427078
Canon,EOS 5DS,1008,12800,8723.0,105.6644159546,41.43702586454902,20.793119913332
Canon,EOS 5DS,1008,12800,8723.0,106.68726242066,41.83814212574902,20.836551868014
Canon,EOS 5DS,1008,12800,8723.0,107.71010888673,42.23925838695294,20.879554911961
Canon,EOS 5DS,1008,12800,8723.0,108.73295535279,42.64037464815294,20.922137414233
Canon,EOS 5DS,1008,12800,8723.0,109.75580181885,43.041490909352945,20.964307501807
Canon,EOS 5DS,1008,12800,8723.0,110.77864828492,43.44260717055686,21.006073068806
Canon,EOS 5DS,1008,12800,8723.0,111.80149475098,43.843723431756864,21.047441785295
Canon,EOS 5DS,1008,12800,8723.0,112.82434121705,44.24483969296079,21.088421105669
Canon,EOS 5DS,1008,12800,8723.0,113.84718768311,44.64595595416078,21.129018276641
Canon,EOS 5DS,1008,12800,8723.0,114.87003414918,45.04707221536471,21.169240344883
Canon,EOS 5DS,1008,12800,8723.0,115.89288061524,45.4481884765647,21.209094164302
Canon,EOS 5DS,1008,12800,8723.0,116.91572708131,45.84930473776863,21.248586402998
Canon,EOS 5DS,1008,12800,8723.0,117.93857354737,46.25042099896863,21.287723549908
Canon,EOS 5DS,1008,12800,8723.0,118.96142001343,46.65153726016863,21.32651192116
Canon,EOS 5DS,1008,12800,8723.0,119.9842664795,47.05265352137255,21.36495766614
Canon,EOS 5DS,1008,12800,8723.0,121.00711294556,47.45376978257255,21.403066773308
Canon,EOS 5DS,1008,12800,8723.0,122.02995941163,47.854886043776474,21.440845075749
Canon,EOS 5DS,1008,12800,8723.0,123.05280587769,48.25600230497648,21.478298256497
Canon,EOS 5DS,1008,12800,8723.0,124.07565234376,48.657118566180394,21.51543185363
Canon,EOS 5DS,1008,12800,8723.0,125.09849880982,49.058234827380396,21.552251265151
Canon,EOS 5DS,1008,12800,8723.0,126.12134527589,49.45935108858431,21.588761753663
Canon,EOS 5DS,1008,12800,8723.0,127.14419174195,49.86046734978431,21.624968450856
Canon,EOS 5DS,1008,12800,8723.0,128.16703820801,50.26158361098432,21.660876361807
Canon,EOS 5DS,1008,12800,8723.0,129.18988467408,50.662699872188234,21.696490369103
Canon,EOS 5DS,1008,12800,8723.0,130.21273114014,51.06381613338823,21.731815236804
Canon,EOS 5DS,1008,12800,8723.0,131.23557760621,51.464932394592154,21.766855614237
Canon,EOS 5DS,1008,12800,8723.0,132.25842407227,51.86604865579216,21.801616039654
Canon,EOS 5DS,1008,12800,8723.0,133.28127053834,52.26716491699608,21.83610094373
Canon,EOS 5DS,1008,12800,8723.0,134.3041170044,52.66828117819608,21.870314652936
Canon,EOS 5DS,1008,12800,8723.0,135.32696347046,53.06939743939607,21.904261392776
Canon,EOS 5DS,1008,12800,8723.0,136.34980993653,53.470513700599994,21.9379452909
Canon,EOS 5DS,1008,12800,8723.0,137.37265640259,53.8716299618,21.971370380098
Canon,EOS 5DS,1008,12800,8723.0,138.39550286866,54.27274622300392,22.004540601183
Canon,EOS 5DS,1008,12800,8723.0,139.41834933472,54.67386248420393,22.037459805761
Canon,EOS 5DS,1008,12800,8723.0,140.44119580079,55.07497874540784,22.070131758902
Canon,EOS 5DS,1008,12800,8723.0,141.46404226685,55.47609500660784,22.102560141707
Canon,EOS 5DS,1008,12800,8723.0,142.48688873292,55.87721126781177,22.134748553787
Canon,EOS 5DS,1008,12800,8723.0,143.50973519898,56.27832752901176,22.166700515645
Canon,EOS 5DS,1008,12800,8723.0,144.53258166504,56.67944379021176,22.198419470978
Canon,EOS 5DS,1008,12800,8723.0,145.55542813111,57.08056005141569,22.229908788886
Canon,EOS 5DS,1008,12800,8723.0,146.57827459717,57.48167631261569,22.261171766016
Canon,EOS 5DS,1008,12800,8723.0,147.60112106324,57.88279257381961,22.292211628618
Canon,EOS 5DS,1008,12800,8723.0,148.6239675293,58.2839088350196,22.323031534534
Canon,EOS 5DS,1008,12800,8723.0,149.64681399537,58.685025096223534,22.353634575115
Canon,EOS 5DS,1008,12800,8723.0,150.66966046143,59.08614135742353,22.384023777076
Canon,EOS 5DS,1008,12800,8723.0,151.6925069275,59.48725761862745,22.414202104279
Canon,EOS 5DS,1008,12800,8723.0,152.71535339356,59.88837387982745,22.444172459463
Canon,EOS 5DS,1008,12800,8723.0,153.73819985962,60.28949014102746,22.473937685912
Canon,EOS 5DS,1008,12800,8723.0,154.76104632569,60.690606402231374,22.50350056906
Canon,EOS 5DS,1008,12800,8723.0,155.78389279175,61.09172266343137,22.532863838055
Canon,EOS 5DS,1008,12800,8723.0,156.80673925782,61.49283892463529,22.562030167262
Canon,EOS 5DS,1008,12800,8723.0,157.82958572388,61.893955185835296,22.591002177715
Canon,EOS 5DS,1008,12800,8723.0,158.85243218995,62.29507144703922,22.619782438528
Canon,EOS 5DS,1008,12800,8723.0,159.87527865601,62.696187708239215,22.648373468253
Canon,EOS 5DS,1008,12800,8723.0,160.89812512207,63.097303969439224,22.676777736198
Canon,EOS 5DS,1008,12800,8723.0,161.92097158814,63.498420230643134,22.704997663704
Canon,EOS 5DS,1008,12800,8723.0,162.9438180542,63.899536491843136,22.733035625372
Canon,EOS 5DS,1008,12800,8723.0,163.96666452027,64.30065275304706,22.760893950262
Canon,EOS 5DS,1008,12800,8723.0,164.98951098633,64.70176901424706,22.78857492305
Canon,EOS 5DS,1008,12800,8723.0,166.0123574524,65.10288527545099,22.816080785141
Canon,EOS 5DS,1008,12800,8723.0,167.03520391846,65.50400153665099,22.843413735762
Canon,EOS 5DS,1008,12800,8723.0,168.05805038453,65.9051177978549,22.870575933007
Canon,EOS 5DS,1008,12800,8723.0,169.08089685059,66.3062340590549,22.897569494856
Canon,EOS 5DS,1008,12800,8723.0,170.10374331665,66.7073503202549,22.924396500167
Canon,EOS 5DS,1008,12800,8723.0,171.12658978272,67.10846658145883,22.951058989627
Canon,EOS 5DS,1008,12800,8723.0,172.14943624878,67.50958284265882,22.977558966681
Canon,EOS 5DS,1008,12800,8723.0,173.17228271485,67.91069910386275,23.003898398436
Canon,EOS 5DS,1008,12800,8723.0,174.19512918091,68.31181536506274,23.030079216529
Canon,EOS 5DS,1008,12800,8723.0,175.21797564698,68.71293162626667,23.056103317976
Canon,EOS 5DS,1008,12800,8723.0,176.24082211304,69.11404788746667,23.081972565995
Canon,EOS 5DS,1008,12800,8723.0,177.26366857911,69.51516414867059,23.1076887908
Canon,EOS 5DS,1008,12800,8723.0,178.28651504517,69.9162804098706,23.13325379038
Canon,EOS 5DS,1008,12800,8723.0,179.30936151123,70.31739667107058,23.158669331244
Canon,EOS 5DS,1008,12800,8723.0,180.3322079773,70.7185129322745,23.183937149158
Canon,EOS 5DS,1008,12800,8723.0,181.35505444336,71.11962919347451,23.209058949851
Canon,EOS 5DS,1008,12800,8723.0,182.37790090943,71.52074545467842,23.2340364097
Canon,EOS 5DS,1008,12800,8723.0,183.40074737549,71.92186171587844,23.258871176404
Canon,EOS 5DS,1008,12800,8723.0,184.42359384156,72.32297797708236,23.283564869632
Canon,EOS 5DS,1008,12800,8723.0,185.44644030762,72.72409423828236,23.308119081655
Canon,EOS 5DS,1008,12800,8723.0,186.46928677369,73.12521049948627,23.332535377959
Canon,EOS 5DS,1008,12800,8723.0,187.49213323975,73.52632676068626,23.356815297843
Canon,EOS 5DS,1008,12800,8723.0,188.51497970581,73.92744302188628,23.380960354999
Canon,EOS 5DS,1008,12800,8723.0,189.53782617188,74.3285592830902,23.404972038076
Canon,EOS 5DS,1008,12800,8723.0,190.56067263794,74.7296755442902,23.428851811232
Canon,EOS 5DS,1008,12800,8723.0,191.58351910401,75.13079180549413,23.452601114662
Canon,EOS 5DS,1008,12800,8723.0,192.60636557007,75.53190806669411,23.476221365124
Canon,EOS 5DS,1008,12800,8723.0,193.62921203614,75.93302432789804,23.499713956439
Canon,EOS 5DS,1008,12800,8723.0,194.6520585022,76.33414058909803,23.523080259987
Canon,EOS 5DS,1008,12800,8723.0,195.67490496826,76.73525685029804,23.546321625185
Canon,EOS 5DS,1008,12800,8723.0,196.69775143433,77.13637311150197,23.569439379952
Canon,EOS 5DS,1008,12800,8723.0,197.72059790039,77.53748937270196,23.592434831163
Canon,EOS 5DS,1008,12800,8723.0,198.74344436646,77.9386056339059,23.615309265092
Canon,EOS 5DS,1008,12800,8723.0,199.76629083252,78.33972189510588,23.638063947844
Canon,EOS 5DS,1008,12800,8723.0,200.78913729859,78.7408381563098,23.660700125769
Canon,EOS 5DS,1008,12800,8723.0,201.81198376465,79.1419544175098,23.683219025875
Canon,EOS 5DS,1008,12800,8723.0,202.83483023072,79.54307067871372,23.705621856227
Canon,EOS 5DS,1008,12800,8723.0,203.85767669678,79.94418693991373,23.727909806329
Canon,EOS 5DS,1008,12800,8723.0,204.88052316284,80.34530320111372,23.750084047507
Canon,EOS 5DS,1008,12800,8723.0,205.90336962891,80.74641946231765,23.772145733275
Canon,EOS 5DS,1008,12800,8723.0,206.92621609497,81.14753572351763,23.794095999697
Canon,EOS 5DS,1008,12800,8723.0,207.94906256104,81.54865198472156,23.815935965733
Canon,EOS 5DS,1008,12800,8723.0,208.9719090271,81.94976824592158,23.837666733581
Canon,EOS 5DS,1008,12800,8723.0,209.99475549317,82.35088450712549,23.859289389014
Canon,EOS 5DS,1008,12800,8723.0,211.01760195923,82.7520007683255,23.880805001699
Canon,EOS 5DS,1008,12800,8723.0,212.0404484253,83.15311702952943,23.902214625519
Canon,EOS 5DS,1008,12800,8723.0,213.06329489136,83.55423329072941,23.923519298878
Canon,EOS 5DS,1008,12800,8723.0,214.08614135742,83.9553495519294,23.944720045003
Canon,EOS 5DS,1008,12800,8723.0,215.10898782349,84.35646581313333,23.96581787224
Canon,EOS 5DS,1008,12800,8723.0,216.13183428955,84.75758207433334,23.98681377434
Canon,EOS 5DS,1008,12800,8723.0,217.15468075562,85.15869833553725,24.007708730739
Canon,EOS 5DS,1008,12800,8723.0,218.17752722168,85.55981459673725,24.02850370683
Canon,EOS 5DS,1008,12800,8723.0,219.20037368775,85.96093085794118,24.049199654234
Canon,EOS 5DS,1008,12800,8723.0,220.22322015381,86.36204711914117,24.069797511056
Canon,EOS 5DS,1008,12800,8723.0,221.24606661987,86.76316338034117,24.090298202144
Canon,EOS 5DS,1008,12800,8723.0,222.26891308594,87.1642796415451,24.110702639333
Canon,EOS 5DS,1008,12800,8723.0,223.291759552,87.56539590274511,24.131011721691
Canon,EOS 5DS,1008,12800,8723.0,224.31460601807,87.96651216394902,24.151226335756
Canon,EOS 5DS,1008,12800,8723.0,225.33745248413,88.36762842514902,24.171347355765
Canon,EOS 5DS,1008,12800,8723.0,226.3602989502,88.76874468635295,24.191375643884
Canon,EOS 5DS,1008,12800,8723.0,227.38314541626,89.16986094755293,24.211312050426
Canon,EOS 5DS,1008,12800,8723.0,228.40599188233,89.57097720875686,24.231157414069
Canon,EOS 5DS,1008,12800,8723.0,229.42883834839,89.97209346995686,24.250912562068
Canon,EOS 5DS,1008,12800,8723.0,230.45168481445,90.37320973115686,24.270578310456
Canon,EOS 5DS,1008,12800,8723.0,231.47453128052,90.77432599236079,24.290155464255
Canon,EOS 5DS,1008,12800,8723.0,232.49737774658,91.17544225356079,24.309644817665
Canon,EOS 5DS,1008,12800,8723.0,233.52022421265,91.5765585147647,24.329047154262
Canon,EOS 5DS,1008,12800,8723.0,234.54307067871,91.9776747759647,24.348363247182
Canon,EOS 5DS,1008,12800,8723.0,235.56591714478,92.37879103716863,24.36759385931
Canon,EOS 5DS,1008,12800,8723.0,236.58876361084,92.77990729836863,24.38673974346
Canon,EOS 5DS,1008,12800,8723.0,237.61161007691,93.18102355957255,24.405801642547
Canon,EOS 5DS,1008,12800,8723.0,238.63445654297,93.58213982077255,24.424780289765
Canon,EOS 5DS,1008,12800,8723.0,239.65730300903,93.98325608197254,24.443676408753
Canon,EOS 5DS,1008,12800,8723.0,240.6801494751,94.38437234317647,24.462490713758
Canon,EOS 5DS,1008,12800,8723.0,241.70299594116,94.78548860437647,24.481223909804
Canon,EOS 5DS,1008,12800,8723.0,242.72584240723,95.18660486558039,24.499876692842
Canon,EOS 5DS,1008,12800,8723.0,243.74868887329,95.5877211267804,24.51844974991
Canon,EOS 5DS,1008,12800,8723.0,244.77153533936,95.98883738798432,24.536943759283
Canon,EOS 5DS,1008,12800,8723.0,245.79438180542,96.3899536491843,24.555359390619
Canon,EOS 5DS,1008,12800,8723.0,246.81722827149,96.79106991038825,24.57369730511
Canon,EOS 5DS,1008,12800,8723.0,247.84007473755,97.19218617158823,24.591958155618
Canon,EOS 5DS,1008,12800,8723.0,248.86292120361,97.59330243278824,24.610142586817
Canon,EOS 5DS,1008,12800,8723.0,249.88576766968,97.99441869399216,24.628251235331
Canon,EOS 5DS,1008,12800,8723.0,250.90861413574,98.39553495519216,24.646284729863
Canon,EOS 5DS,1008,12800,8723.0,251.93146060181,98.79665121639607,24.664243691329
Canon,EOS 5DS,1008,12800,8723.0,252.95430706787,99.19776747759607,24.682128732988
Canon,EOS 5DS,1008,12800,8723.0,253.97715353394,99.5988837388,24.69994046056
Canon,EOS 5DS,1008,12800,8723.0,255,100.0,24.717679472358
