brand,model,sensor_id,iso_manufacturer,iso_measured,gray_level_255,gray_pct,snr_db
Canon,EOS M10,1048,100,78.0,0.14094182027573,0.055271302068913716,0
Canon,EOS M10,1048,100,78.0,0.16856260800059,0.06610298352964314,1.4902513342304
Canon,EOS M10,1048,100,78.0,0.21350942396024,0.08372918586676079,3.4408906080114
Canon,EOS M10,1048,100,78.0,0.28542102010444,0.11192981180566274,5.8031073616826
Canon,EOS M10,1048,100,78.0,0.50468027979883,0.19791383521522743,10.301075916192
Canon,EOS M10,1048,100,78.0,0.9079936078835,0.35607592466019605,14.674302645466
Canon,EOS M10,1048,100,78.0,1.7157919616704,0.6728595928119215,19.026973094774
Canon,EOS M10,1048,100,78.0,3.3655511088803,1.3198239642667844,23.150061217764
Canon,EOS M10,1048,100,78.0,6.9542248648333,2.7271470058169807,27.075073688987
Canon,EOS M10,1048,100,78.0,7.9584587722631,3.1209642244169022,27.75389955906
Canon,EOS M10,1048,100,78.0,8.962692679693,3.5147814430168625,28.340303707092
Canon,EOS M10,1048,100,78.0,9.9669265871228,3.908598661616784,28.855526223966
Canon,EOS M10,1048,100,78.0,10.971160494553,4.302415880216863,29.31432482344
Canon,EOS M10,1048,100,78.0,11.975394401982,4.696233098816471,29.727350273629
Canon,EOS M10,1048,100,78.0,12.979628309412,5.090050317416471,30.102530314226
Canon,EOS M10,1048,100,78.0,13.983862216842,5.48386753601647,30.445918744749
Canon,EOS M10,1048,100,78.0,14.988096124272,5.87768475461647,30.762239062702
Canon,EOS M10,1048,100,78.0,15.992330031702,6.27150197321647,31.055245205434
Canon,EOS M10,1048,100,78.0,16.996563939132,6.66531919181647,31.327968326276
Canon,EOS M10,1048,100,78.0,18.000797846561,7.0591364104160785,31.582890096726
Canon,EOS M10,1048,100,78.0,19.005031753991,7.452953629016077,31.822067223647
Canon,EOS M10,1048,100,78.0,20.009265661421,7.846770847616079,32.047222729769
Canon,EOS M10,1048,100,78.0,21.013499568851,8.240588066216079,32.259814070591
Canon,EOS M10,1048,100,78.0,22.017733476281,8.634405284816077,32.461084779195
Canon,EOS M10,1048,100,78.0,23.021967383711,9.02822250341608,32.652104184288
Canon,EOS M10,1048,100,78.0,24.02620129114,9.422039722015686,32.833798351322
Canon,EOS M10,1048,100,78.0,25.03043519857,9.815856940615685,33.006974469183
Canon,EOS M10,1048,100,78.0,26.034669106,10.209674159215686,33.172340276408
Canon,EOS M10,1048,100,78.0,27.03890301343,10.603491377815686,33.330519687284
Canon,EOS M10,1048,100,78.0,28.04313692086,10.997308596415687,33.482065474037
Canon,EOS M10,1048,100,78.0,29.047370828289,11.391125815015295,33.627469644903
Canon,EOS M10,1048,100,78.0,30.051604735719,11.784943033615294,33.767172001616
Canon,EOS M10,1048,100,78.0,31.055838643149,12.178760252215294,33.901567245711
Canon,EOS M10,1048,100,78.0,32.060072550579,12.572577470815293,34.031010918625
Canon,EOS M10,1048,100,78.0,33.064306458009,12.966394689415296,34.155824397466
Canon,EOS M10,1048,100,78.0,34.068540365439,13.360211908015293,34.276299120685
Canon,EOS M10,1048,100,78.0,35.072774272868,13.754029126614903,34.392700181555
Canon,EOS M10,1048,100,78.0,36.077008180298,14.147846345214903,34.505269399442
Canon,EOS M10,1048,100,78.0,37.081242087728,14.541663563814902,34.614227957197
Canon,EOS M10,1048,100,78.0,38.085475995158,14.935480782414901,34.719778676051
Canon,EOS M10,1048,100,78.0,39.089709902588,15.329298001014902,34.822107986121
Canon,EOS M10,1048,100,78.0,40.093943810017,15.723115219614511,34.921387640022
Canon,EOS M10,1048,100,78.0,41.098177717447,16.11693243821451,35.017776208704
Canon,EOS M10,1048,100,78.0,42.102411624877,16.51074965681451,35.111420391833
Canon,EOS M10,1048,100,78.0,43.106645532307,16.90456687541451,35.202456169614
Canon,EOS M10,1048,100,78.0,44.110879439737,17.29838409401451,35.291009818483
Canon,EOS M10,1048,100,78.0,45.115113347167,17.692201312614507,35.377198809512
Canon,EOS M10,1048,100,78.0,46.119347254596,18.08601853121412,35.461132605392
Canon,EOS M10,1048,100,78.0,47.123581162026,18.479835749814118,35.542913369389
Canon,EOS M10,1048,100,78.0,48.127815069456,18.873652968414117,35.622636597706
Canon,EOS M10,1048,100,78.0,49.132048976886,19.267470187014116,35.700391684927
Canon,EOS M10,1048,100,78.0,50.136282884316,19.661287405614118,35.776262430869
Canon,EOS M10,1048,100,78.0,51.140516791746,20.055104624214117,35.850327495969
Canon,EOS M10,1048,100,78.0,52.144750699175,20.448921842813725,35.922660811345
Canon,EOS M10,1048,100,78.0,53.148984606605,20.842739061413727,35.993331948821
Canon,EOS M10,1048,100,78.0,54.153218514035,21.236556280013723,36.06240645553
Canon,EOS M10,1048,100,78.0,55.157452421465,21.630373498613725,36.129946157067
Canon,EOS M10,1048,100,78.0,56.161686328895,22.024190717213727,36.196009432678
Canon,EOS M10,1048,100,78.0,57.165920236324,22.418007935813332,36.26065146552
Canon,EOS M10,1048,100,78.0,58.170154143754,22.81182515441333,36.323924470644
Canon,EOS M10,1048,100,78.0,59.174388051184,23.205642373013337,36.385877903049
Canon,EOS M10,1048,100,78.0,60.178621958614,23.599459591613332,36.446558647842
Canon,EOS M10,1048,100,78.0,61.182855866044,23.993276810213334,36.506011194341
Canon,EOS M10,1048,100,78.0,62.187089773474,24.387094028813333,36.564277795692
Canon,EOS M10,1048,100,78.0,63.191323680903,24.78091124741294,36.621398615445
Canon,EOS M10,1048,100,78.0,64.195557588333,25.17472846601294,36.677411862328
Canon,EOS M10,1048,100,78.0,65.199791495763,25.568545684612936,36.732353914354
Canon,EOS M10,1048,100,78.0,66.204025403193,25.96236290321294,36.78625943325
Canon,EOS M10,1048,100,78.0,67.208259310623,26.356180121812944,36.839161470093
Canon,EOS M10,1048,100,78.0,68.212493218052,26.749997340412552,36.891091562968
Canon,EOS M10,1048,100,78.0,69.216727125482,27.143814559012547,36.94207982734
Canon,EOS M10,1048,100,78.0,70.220961032912,27.537631777612546,36.992155039797
Canon,EOS M10,1048,100,78.0,71.225194940342,27.931448996212556,37.041344715731
Canon,EOS M10,1048,100,78.0,72.229428847772,28.32526621481255,37.089675181477
Canon,EOS M10,1048,100,78.0,73.233662755202,28.71908343341255,37.137171641373
Canon,EOS M10,1048,100,78.0,74.237896662631,29.112900652012158,37.183858240181
Canon,EOS M10,1048,100,78.0,75.242130570061,29.506717870612153,37.229758121217
Canon,EOS M10,1048,100,78.0,76.246364477491,29.900535089212156,37.274893480579
Canon,EOS M10,1048,100,78.0,77.250598384921,30.29435230781216,37.31928561774
Canon,EOS M10,1048,100,78.0,78.254832292351,30.688169526412157,37.362954982833
Canon,EOS M10,1048,100,78.0,79.259066199781,31.08198674501216,37.405921220854
Canon,EOS M10,1048,100,78.0,80.26330010721,31.475803963611764,37.448203213043
Canon,EOS M10,1048,100,78.0,81.26753401464,31.869621182211766,37.489819115639
Canon,EOS M10,1048,100,78.0,82.27176792207,32.263438400811765,37.530786396217
Canon,EOS M10,1048,100,78.0,83.2760018295,32.65725561941177,37.571121867783
Canon,EOS M10,1048,100,78.0,84.28023573693,33.05107283801176,37.610841720787
Canon,EOS M10,1048,100,78.0,85.284469644359,33.44489005661138,37.649961553214
Canon,EOS M10,1048,100,78.0,86.288703551789,33.83870727521137,37.688496398872
Canon,EOS M10,1048,100,78.0,87.292937459219,34.232524493811376,37.726460754032
Canon,EOS M10,1048,100,78.0,88.297171366649,34.626341712411374,37.763868602503
Canon,EOS M10,1048,100,78.0,89.301405274079,35.02015893101137,37.800733439275
Canon,EOS M10,1048,100,78.0,90.305639181509,35.41397614961137,37.837068292818
Canon,EOS M10,1048,100,78.0,91.309873088938,35.80779336821098,37.872885746119
Canon,EOS M10,1048,100,78.0,92.314106996368,36.20161058681098,37.908197956562
Canon,EOS M10,1048,100,78.0,93.318340903798,36.59542780541098,37.943016674706
Canon,EOS M10,1048,100,78.0,94.322574811228,36.989245024010984,37.977353262045
Canon,EOS M10,1048,100,78.0,95.326808718658,37.38306224261098,38.011218707812
Canon,EOS M10,1048,100,78.0,96.331042626087,37.77687946121059,38.044623644888
Canon,EOS M10,1048,100,78.0,97.335276533517,38.17069667981059,38.077578364876
Canon,EOS M10,1048,100,78.0,98.339510440947,38.56451389841059,38.110092832381
Canon,EOS M10,1048,100,78.0,99.343744348377,38.95833111701059,38.142176698566
Canon,EOS M10,1048,100,78.0,100.34797825581,39.35214833561177,38.173839314
Canon,EOS M10,1048,100,78.0,101.35221216324,39.745965554211764,38.205089740874
Canon,EOS M10,1048,100,78.0,102.35644607067,40.13978277281176,38.235936764586
Canon,EOS M10,1048,100,78.0,103.3606799781,40.53359999141176,38.266388904769
Canon,EOS M10,1048,100,78.0,104.36491388553,40.92741721001176,38.296454425767
Canon,EOS M10,1048,100,78.0,105.36914779296,41.32123442861177,38.326141346607
Canon,EOS M10,1048,100,78.0,106.37338170039,41.715051647211766,38.355457450487
Canon,EOS M10,1048,100,78.0,107.37761560782,42.108868865811765,38.384410293813
Canon,EOS M10,1048,100,78.0,108.38184951525,42.50268608441176,38.413007214812
Canon,EOS M10,1048,100,78.0,109.38608342268,42.89650330301177,38.441255341736
Canon,EOS M10,1048,100,78.0,110.3903173301,43.290320521607846,38.469161600691
Canon,EOS M10,1048,100,78.0,111.39455123753,43.68413774020784,38.496732723102
Canon,EOS M10,1048,100,78.0,112.39878514496,44.077954958807844,38.523975252839
Canon,EOS M10,1048,100,78.0,113.40301905239,44.47177217740784,38.550895553027
Canon,EOS M10,1048,100,78.0,114.40725295982,44.86558939600784,38.577499812541
Canon,EOS M10,1048,100,78.0,115.41148686725,45.25940661460785,38.603794052219
Canon,EOS M10,1048,100,78.0,116.41572077468,45.65322383320784,38.629784130804
Canon,EOS M10,1048,100,78.0,117.41995468211,46.047041051807845,38.655475750624
Canon,EOS M10,1048,100,78.0,118.42418858954,46.440858270407844,38.680874463023
Canon,EOS M10,1048,100,78.0,119.42842249697,46.83467548900784,38.705985673569
Canon,EOS M10,1048,100,78.0,120.4326564044,47.22849270760784,38.730814647028
Canon,EOS M10,1048,100,78.0,121.43689031183,47.62230992620784,38.755366512144
Canon,EOS M10,1048,100,78.0,122.44112421926,48.01612714480785,38.779646266201
Canon,EOS M10,1048,100,78.0,123.44535812669,48.409944363407845,38.803658779414
Canon,EOS M10,1048,100,78.0,124.44959203412,48.803761582007844,38.827408799127
Canon,EOS M10,1048,100,78.0,125.45382594155,49.197578800607836,38.850900953843
Canon,EOS M10,1048,100,78.0,126.45805984898,49.59139601920784,38.874139757095
Canon,EOS M10,1048,100,78.0,127.46229375641,49.98521323780785,38.897129611158
Canon,EOS M10,1048,100,78.0,128.46652766384,50.37903045640785,38.91987481061
Canon,EOS M10,1048,100,78.0,129.47076157127,50.772847675007846,38.942379545764
Canon,EOS M10,1048,100,78.0,130.4749954787,51.16666489360785,38.964647905948
Canon,EOS M10,1048,100,78.0,131.47922938613,51.560482112207836,38.986683882675
Canon,EOS M10,1048,100,78.0,132.48346329356,51.95429933080784,39.008491372681
Canon,EOS M10,1048,100,78.0,133.48769720099,52.34811654940784,39.030074180844
Canon,EOS M10,1048,100,78.0,134.49193110842,52.74193376800784,39.051436023001
Canon,EOS M10,1048,100,78.0,135.49616501585,53.135750986607846,39.072580528654
Canon,EOS M10,1048,100,78.0,136.50039892328,53.52956820520783,39.093511243572
Canon,EOS M10,1048,100,78.0,137.50463283071,53.923385423807844,39.114231632302
Canon,EOS M10,1048,100,78.0,138.50886673814,54.31720264240785,39.13474508058
Canon,EOS M10,1048,100,78.0,139.51310064557,54.71101986100785,39.155054897664
Canon,EOS M10,1048,100,78.0,140.517334553,55.10483707960785,39.175164318571
Canon,EOS M10,1048,100,78.0,141.52156846043,55.49865429820784,39.195076506239
Canon,EOS M10,1048,100,78.0,142.52580236786,55.89247151680784,39.214794553614
Canon,EOS M10,1048,100,78.0,143.53003627529,56.286288735407844,39.234321485656
Canon,EOS M10,1048,100,78.0,144.53427018272,56.68010595400784,39.253660261278
Canon,EOS M10,1048,100,78.0,145.53850409015,57.07392317260784,39.272813775216
Canon,EOS M10,1048,100,78.0,146.54273799758,57.46774039120785,39.291784859837
Canon,EOS M10,1048,100,78.0,147.54697190501,57.861557609807846,39.310576286877
Canon,EOS M10,1048,100,78.0,148.55120581244,58.255374828407845,39.329190769125
Canon,EOS M10,1048,100,78.0,149.55543971987,58.649192047007844,39.347630962052
Canon,EOS M10,1048,100,78.0,150.5596736273,59.043009265607836,39.365899465373
Canon,EOS M10,1048,100,78.0,151.56390753473,59.43682648420784,39.383998824572
Canon,EOS M10,1048,100,78.0,152.56814144216,59.83064370280784,39.401931532362
Canon,EOS M10,1048,100,78.0,153.57237534959,60.22446092140784,39.419700030105
Canon,EOS M10,1048,100,78.0,154.57660925702,60.618278140007845,39.437306709181
Canon,EOS M10,1048,100,78.0,155.58084316445,61.012095358607844,39.454753912316
Canon,EOS M10,1048,100,78.0,156.58507707188,61.40591257720784,39.47204393486
Canon,EOS M10,1048,100,78.0,157.58931097931,61.79972979580784,39.48917902603
Canon,EOS M10,1048,100,78.0,158.59354488674,62.19354701440785,39.506161390112
Canon,EOS M10,1048,100,78.0,159.59777879417,62.58736423300785,39.522993187617
Canon,EOS M10,1048,100,78.0,160.6020127016,62.98118145160784,39.539676536414
Canon,EOS M10,1048,100,78.0,161.60624660903,63.37499867020784,39.556213512813
Canon,EOS M10,1048,100,78.0,162.61048051646,63.768815888807836,39.572606152622
Canon,EOS M10,1048,100,78.0,163.61471442389,64.16263310740784,39.588856452171
Canon,EOS M10,1048,100,78.0,164.61894833132,64.55645032600785,39.604966369301
Canon,EOS M10,1048,100,78.0,165.62318223875,64.95026754460784,39.620937824322
Canon,EOS M10,1048,100,78.0,166.62741614618,65.34408476320785,39.636772700947
Canon,EOS M10,1048,100,78.0,167.63165005361,65.73790198180785,39.652472847191
Canon,EOS M10,1048,100,78.0,168.63588396104,66.13171920040784,39.668040076247
Canon,EOS M10,1048,100,78.0,169.64011786847,66.52553641900785,39.683476167336
Canon,EOS M10,1048,100,78.0,170.64435177589,66.91935363760392,39.698782866523
Canon,EOS M10,1048,100,78.0,171.64858568332,67.31317085620393,39.713961887525
Canon,EOS M10,1048,100,78.0,172.65281959075,67.70698807480392,39.729014912479
Canon,EOS M10,1048,100,78.0,173.65705349818,68.10080529340392,39.743943592695
Canon,EOS M10,1048,100,78.0,174.66128740561,68.49462251200393,39.758749549387
Canon,EOS M10,1048,100,78.0,175.66552131304,68.8884397306039,39.77343437438
Canon,EOS M10,1048,100,78.0,176.66975522047,69.28225694920393,39.787999630801
Canon,EOS M10,1048,100,78.0,177.6739891279,69.67607416780393,39.802446853744
Canon,EOS M10,1048,100,78.0,178.67822303533,70.06989138640392,39.81677755092
Canon,EOS M10,1048,100,78.0,179.68245694276,70.46370860500393,39.830993203289
Canon,EOS M10,1048,100,78.0,180.68669085019,70.85752582360392,39.845095265672
Canon,EOS M10,1048,100,78.0,181.69092475762,71.25134304220391,39.859085167343
Canon,EOS M10,1048,100,78.0,182.69515866505,71.64516026080392,39.872964312616
Canon,EOS M10,1048,100,78.0,183.69939257248,72.03897747940393,39.886734081398
Canon,EOS M10,1048,100,78.0,184.70362647991,72.43279469800392,39.900395829744
Canon,EOS M10,1048,100,78.0,185.70786038734,72.82661191660392,39.913950890385
Canon,EOS M10,1048,100,78.0,186.71209429477,73.22042913520393,39.927400573245
Canon,EOS M10,1048,100,78.0,187.7163282022,73.61424635380392,39.940746165948
Canon,EOS M10,1048,100,78.0,188.72056210963,74.00806357240393,39.953988934302
Canon,EOS M10,1048,100,78.0,189.72479601706,74.40188079100392,39.967130122781
Canon,EOS M10,1048,100,78.0,190.72902992449,74.79569800960391,39.980170954986
Canon,EOS M10,1048,100,78.0,191.73326383192,75.18951522820392,39.993112634097
Canon,EOS M10,1048,100,78.0,192.73749773935,75.58333244680392,40.005956343311
Canon,EOS M10,1048,100,78.0,193.74173164678,75.97714966540391,40.01870324627
Canon,EOS M10,1048,100,78.0,194.74596555421,76.37096688400392,40.03135448748
Canon,EOS M10,1048,100,78.0,195.75019946164,76.76478410260393,40.043911192714
Canon,EOS M10,1048,100,78.0,196.75443336907,77.15860132120392,40.056374469406
Canon,EOS M10,1048,100,78.0,197.7586672765,77.55241853980392,40.068745407039
Canon,EOS M10,1048,100,78.0,198.76290118393,77.94623575840393,40.081025077518
Canon,EOS M10,1048,100,78.0,199.76713509136,78.34005297700392,40.093214535535
Canon,EOS M10,1048,100,78.0,200.77136899879,78.73387019560391,40.105314818925
Canon,EOS M10,1048,100,78.0,201.77560290622,79.12768741420392,40.117326949014
Canon,EOS M10,1048,100,78.0,202.77983681365,79.52150463280393,40.129251930955
Canon,EOS M10,1048,100,78.0,203.78407072108,79.91532185140393,40.141090754061
Canon,EOS M10,1048,100,78.0,204.78830462851,80.30913907000392,40.152844392121
Canon,EOS M10,1048,100,78.0,205.79253853594,80.70295628860393,40.164513803719
Canon,EOS M10,1048,100,78.0,206.79677244337,81.09677350720392,40.176099932538
Canon,EOS M10,1048,100,78.0,207.8010063508,81.49059072580393,40.187603707654
Canon,EOS M10,1048,100,78.0,208.80524025823,81.88440794440392,40.199026043832
Canon,EOS M10,1048,100,78.0,209.80947416566,82.27822516300391,40.210367841808
Canon,EOS M10,1048,100,78.0,210.81370807309,82.67204238160392,40.221629988564
Canon,EOS M10,1048,100,78.0,211.81794198052,83.06585960020392,40.232813357599
Canon,EOS M10,1048,100,78.0,212.82217588795,83.45967681880393,40.243918809196
Canon,EOS M10,1048,100,78.0,213.82640979538,83.85349403740392,40.254947190671
Canon,EOS M10,1048,100,78.0,214.83064370281,84.24731125600393,40.265899336634
Canon,EOS M10,1048,100,78.0,215.83487761024,84.64112847460392,40.276776069225
Canon,EOS M10,1048,100,78.0,216.83911151767,85.03494569320392,40.287578198361
Canon,EOS M10,1048,100,78.0,217.8433454251,85.42876291180393,40.298306521963
Canon,EOS M10,1048,100,78.0,218.84757933253,85.8225801304039,40.30896182619
Canon,EOS M10,1048,100,78.0,219.85181323996,86.21639734900391,40.319544885658
Canon,EOS M10,1048,100,78.0,220.85604714739,86.61021456760393,40.330056463659
Canon,EOS M10,1048,100,78.0,221.86028105482,87.00403178620392,40.340497312372
Canon,EOS M10,1048,100,78.0,222.86451496225,87.39784900480393,40.350868173076
Canon,EOS M10,1048,100,78.0,223.86874886968,87.79166622340392,40.361169776345
Canon,EOS M10,1048,100,78.0,224.87298277711,88.18548344200391,40.371402842254
Canon,EOS M10,1048,100,78.0,225.87721668454,88.57930066060392,40.381568080567
Canon,EOS M10,1048,100,78.0,226.88145059197,88.97311787920393,40.39166619093
Canon,EOS M10,1048,100,78.0,227.8856844994,89.36693509780392,40.401697863055
Canon,EOS M10,1048,100,78.0,228.88991840683,89.76075231640391,40.411663776901
Canon,EOS M10,1048,100,78.0,229.89415231426,90.15456953500393,40.421564602851
Canon,EOS M10,1048,100,78.0,230.89838622168,90.5483867536,40.431401001886
Canon,EOS M10,1048,100,78.0,231.90262012911,90.94220397219999,40.441173625753
Canon,EOS M10,1048,100,78.0,232.90685403654,91.33602119080001,40.450883117129
Canon,EOS M10,1048,100,78.0,233.91108794397,91.7298384094,40.460530109788
Canon,EOS M10,1048,100,78.0,234.9153218514,92.123655628,40.470115228753
Canon,EOS M10,1048,100,78.0,235.91955575883,92.5174728466,40.479639090456
Canon,EOS M10,1048,100,78.0,236.92378966626,92.9112900652,40.489102302887
Canon,EOS M10,1048,100,78.0,237.92802357369,93.3051072838,40.498505465742
Canon,EOS M10,1048,100,78.0,238.93225748112,93.69892450239999,40.507849170568
Canon,EOS M10,1048,100,78.0,239.93649138855,94.092741721,40.517134000908
Canon,EOS M10,1048,100,78.0,240.94072529598,94.4865589396,40.526360532435
Canon,EOS M10,1048,100,78.0,241.94495920341,94.88037615820001,40.535529333093
Canon,EOS M10,1048,100,78.0,242.94919311084,95.27419337680001,40.544640963225
Canon,EOS M10,1048,100,78.0,243.95342701827,95.6680105954,40.553695975707
Canon,EOS M10,1048,100,78.0,244.9576609257,96.061827814,40.562694916075
Canon,EOS M10,1048,100,78.0,245.96189483313,96.4556450326,40.571638322649
Canon,EOS M10,1048,100,78.0,246.96612874056,96.84946225120001,40.580526726654
Canon,EOS M10,1048,100,78.0,247.97036264799,97.24327946979999,40.589360652344
Canon,EOS M10,1048,100,78.0,248.97459655542,97.63709668839999,40.598140617113
Canon,EOS M10,1048,100,78.0,249.97883046285,98.030913907,40.606867131617
Canon,EOS M10,1048,100,78.0,250.98306437028,98.4247311256,40.61554069988
Canon,EOS M10,1048,100,78.0,251.98729827771,98.81854834420001,40.624161819409
Canon,EOS M10,1048,100,78.0,252.99153218514,99.2123655628,40.632730981299
Canon,EOS M10,1048,100,78.0,253.99576609257,99.6061827814,40.64124867034
Canon,EOS M10,1048,100,78.0,255,100.0,40.649715365121
Canon,EOS M10,1048,200,148.0,0.16856260800059,0.06610298352964314,0
Canon,EOS M10,1048,200,148.0,0.21350942396024,0.08372918586676079,1.9337544946011
Canon,EOS M10,1048,200,148.0,0.28542102010444,0.11192981180566274,4.2706265958183
Canon,EOS M10,1048,200,148.0,0.50468027979883,0.19791383521522743,8.7019598377391
Canon,EOS M10,1048,200,148.0,0.9079936078835,0.35607592466019605,12.982793089238
Canon,EOS M10,1048,200,148.0,1.7157919616704,0.6728595928119215,17.217017955524
Canon,EOS M10,1048,200,148.0,3.3655511088803,1.3198239642667844,21.21477836013
Canon,EOS M10,1048,200,148.0,6.9542248648333,2.7271470058169807,25.025328833396
Canon,EOS M10,1048,200,148.0,7.9584587722631,3.1209642244169022,25.685611867333
Canon,EOS M10,1048,200,148.0,8.962692679693,3.5147814430168625,26.256261950265
Canon,EOS M10,1048,200,148.0,9.9669265871228,3.908598661616784,26.757801271621
Canon,EOS M10,1048,200,148.0,10.971160494553,4.302415880216863,27.204499061575
Canon,EOS M10,1048,200,148.0,11.975394401982,4.696233098816471,27.60666210908
Canon,EOS M10,1048,200,148.0,12.979628309412,5.090050317416471,27.971968882726
Canon,EOS M10,1048,200,148.0,13.983862216842,5.48386753601647,28.306288088191
Canon,EOS M10,1048,200,148.0,14.988096124272,5.87768475461647,28.614202871864
Canon,EOS M10,1048,200,148.0,15.992330031702,6.27150197321647,28.899358788002
Canon,EOS M10,1048,200,148.0,16.996563939132,6.66531919181647,29.164701941249
Canon,EOS M10,1048,200,148.0,18.000797846561,7.0591364104160785,29.412646310384
Canon,EOS M10,1048,200,148.0,19.005031753991,7.452953629016077,29.645194036037
Canon,EOS M10,1048,200,148.0,20.009265661421,7.846770847616079,29.864023651459
Canon,EOS M10,1048,200,148.0,21.013499568851,8.240588066216079,30.070555962571
Canon,EOS M10,1048,200,148.0,22.017733476281,8.634405284816077,30.266004026765
Canon,EOS M10,1048,200,148.0,23.021967383711,9.02822250341608,30.45141161274
Canon,EOS M10,1048,200,148.0,24.02620129114,9.422039722015686,30.62768317932
Canon,EOS M10,1048,200,148.0,25.03043519857,9.815856940615685,30.795607517606
Canon,EOS M10,1048,200,148.0,26.034669106,10.209674159215686,30.955876595019
Canon,EOS M10,1048,200,148.0,27.03890301343,10.603491377815686,31.109100721715
Canon,EOS M10,1048,200,148.0,28.04313692086,10.997308596415687,31.255820866535
Canon,EOS M10,1048,200,148.0,29.047370828289,11.391125815015295,31.396518740834
Canon,EOS M10,1048,200,148.0,30.051604735719,11.784943033615294,31.53162511773
Canon,EOS M10,1048,200,148.0,31.055838643149,12.178760252215294,31.661526744131
Canon,EOS M10,1048,200,148.0,32.060072550579,12.572577470815293,31.786572121309
Canon,EOS M10,1048,200,148.0,33.064306458009,12.966394689415296,31.907076368873
Canon,EOS M10,1048,200,148.0,34.068540365439,13.360211908015293,32.023325340894
Canon,EOS M10,1048,200,148.0,35.072774272868,13.754029126614903,32.135579127818
Canon,EOS M10,1048,200,148.0,36.077008180298,14.147846345214903,32.244075050818
Canon,EOS M10,1048,200,148.0,37.081242087728,14.541663563814902,32.349030234214
Canon,EOS M10,1048,200,148.0,38.085475995158,14.935480782414901,32.450643825278
Canon,EOS M10,1048,200,148.0,39.089709902588,15.329298001014902,32.54909891777
Canon,EOS M10,1048,200,148.0,40.093943810017,15.723115219614511,32.644564225376
Canon,EOS M10,1048,200,148.0,41.098177717447,16.11693243821451,32.737195543019
Canon,EOS M10,1048,200,148.0,42.102411624877,16.51074965681451,32.827137027476
Canon,EOS M10,1048,200,148.0,43.106645532307,16.90456687541451,32.914522323421
Canon,EOS M10,1048,200,148.0,44.110879439737,17.29838409401451,32.999475556747
Canon,EOS M10,1048,200,148.0,45.115113347167,17.692201312614507,33.082112213464
Canon,EOS M10,1048,200,148.0,46.119347254596,18.08601853121412,33.162539919631
Canon,EOS M10,1048,200,148.0,47.123581162026,18.479835749814118,33.240859135369
Canon,EOS M10,1048,200,148.0,48.127815069456,18.873652968414117,33.317163774074
Canon,EOS M10,1048,200,148.0,49.132048976886,19.267470187014116,33.391541756273
Canon,EOS M10,1048,200,148.0,50.136282884316,19.661287405614118,33.464075506227
Canon,EOS M10,1048,200,148.0,51.140516791746,20.055104624214117,33.534842398237
Canon,EOS M10,1048,200,148.0,52.144750699175,20.448921842813725,33.603915158627
Canon,EOS M10,1048,200,148.0,53.148984606605,20.842739061413727,33.671362228587
Canon,EOS M10,1048,200,148.0,54.153218514035,21.236556280013723,33.737248092352
Canon,EOS M10,1048,200,148.0,55.157452421465,21.630373498613725,33.801633574616
Canon,EOS M10,1048,200,148.0,56.161686328895,22.024190717213727,33.864576110569
Canon,EOS M10,1048,200,148.0,57.165920236324,22.418007935813332,33.926129991531
Canon,EOS M10,1048,200,148.0,58.170154143754,22.81182515441333,33.986346588775
Canon,EOS M10,1048,200,148.0,59.174388051184,23.205642373013337,34.045274557815
Canon,EOS M10,1048,200,148.0,60.178621958614,23.599459591613332,34.102960025182
Canon,EOS M10,1048,200,148.0,61.182855866044,23.993276810213334,34.159446759444
Canon,EOS M10,1048,200,148.0,62.187089773474,24.387094028813333,34.214776328041
Canon,EOS M10,1048,200,148.0,63.191323680903,24.78091124741294,34.268988241326
Canon,EOS M10,1048,200,148.0,64.195557588333,25.17472846601294,34.322120085039
Canon,EOS M10,1048,200,148.0,65.199791495763,25.568545684612936,34.374207642309
Canon,EOS M10,1048,200,148.0,66.204025403193,25.96236290321294,34.425285006167
Canon,EOS M10,1048,200,148.0,67.208259310623,26.356180121812944,34.475384683433
Canon,EOS M10,1048,200,148.0,68.212493218052,26.749997340412552,34.524537690765
Canon,EOS M10,1048,200,148.0,69.216727125482,27.143814559012547,34.572773643562
Canon,EOS M10,1048,200,148.0,70.220961032912,27.537631777612546,34.620120838356
Canon,EOS M10,1048,200,148.0,71.225194940342,27.931448996212556,34.666606329248
Canon,EOS M10,1048,200,148.0,72.229428847772,28.32526621481255,34.712255998906
Canon,EOS M10,1048,200,148.0,73.233662755202,28.71908343341255,34.757094624574
Canon,EOS M10,1048,200,148.0,74.237896662631,29.112900652012158,34.80114593951
Canon,EOS M10,1048,200,148.0,75.242130570061,29.506717870612153,34.84443269023
Canon,EOS M10,1048,200,148.0,76.246364477491,29.900535089212156,34.886976689891
Canon,EOS M10,1048,200,148.0,77.250598384921,30.29435230781216,34.92879886812
Canon,EOS M10,1048,200,148.0,78.254832292351,30.688169526412157,34.969919317585
Canon,EOS M10,1048,200,148.0,79.259066199781,31.08198674501216,35.010357337529
Canon,EOS M10,1048,200,148.0,80.26330010721,31.475803963611764,35.050131474538
Canon,EOS M10,1048,200,148.0,81.26753401464,31.869621182211766,35.089259560719
Canon,EOS M10,1048,200,148.0,82.27176792207,32.263438400811765,35.127758749504
Canon,EOS M10,1048,200,148.0,83.2760018295,32.65725561941177,35.165645549244
Canon,EOS M10,1048,200,148.0,84.28023573693,33.05107283801176,35.20293585476
Canon,EOS M10,1048,200,148.0,85.284469644359,33.44489005661138,35.239644976991
Canon,EOS M10,1048,200,148.0,86.288703551789,33.83870727521137,35.275787670886
Canon,EOS M10,1048,200,148.0,87.292937459219,34.232524493811376,35.311378161652
Canon,EOS M10,1048,200,148.0,88.297171366649,34.626341712411374,35.346430169479
Canon,EOS M10,1048,200,148.0,89.301405274079,35.02015893101137,35.380956932845
Canon,EOS M10,1048,200,148.0,90.305639181509,35.41397614961137,35.4149712305
Canon,EOS M10,1048,200,148.0,91.309873088938,35.80779336821098,35.448485402211
Canon,EOS M10,1048,200,148.0,92.314106996368,36.20161058681098,35.481511368358
Canon,EOS M10,1048,200,148.0,93.318340903798,36.59542780541098,35.514060648455
Canon,EOS M10,1048,200,148.0,94.322574811228,36.989245024010984,35.546144378662
Canon,EOS M10,1048,200,148.0,95.326808718658,37.38306224261098,35.577773328358
Canon,EOS M10,1048,200,148.0,96.331042626087,37.77687946121059,35.608957915826
Canon,EOS M10,1048,200,148.0,97.335276533517,38.17069667981059,35.639708223125
Canon,EOS M10,1048,200,148.0,98.339510440947,38.56451389841059,35.670034010171
Canon,EOS M10,1048,200,148.0,99.343744348377,38.95833111701059,35.699944728109
Canon,EOS M10,1048,200,148.0,100.34797825581,39.35214833561177,35.729449531987
Canon,EOS M10,1048,200,148.0,101.35221216324,39.745965554211764,35.758557292801
Canon,EOS M10,1048,200,148.0,102.35644607067,40.13978277281176,35.787276608928
Canon,EOS M10,1048,200,148.0,103.3606799781,40.53359999141176,35.815615817001
Canon,EOS M10,1048,200,148.0,104.36491388553,40.92741721001176,35.843583002246
Canon,EOS M10,1048,200,148.0,105.36914779296,41.32123442861177,35.871186008315
Canon,EOS M10,1048,200,148.0,106.37338170039,41.715051647211766,35.898432446651
Canon,EOS M10,1048,200,148.0,107.37761560782,42.108868865811765,35.925329705398
Canon,EOS M10,1048,200,148.0,108.38184951525,42.50268608441176,35.951884957903
Canon,EOS M10,1048,200,148.0,109.38608342268,42.89650330301177,35.978105170805
Canon,EOS M10,1048,200,148.0,110.3903173301,43.290320521607846,36.00399711176
Canon,EOS M10,1048,200,148.0,111.39455123753,43.68413774020784,36.029567356808
Canon,EOS M10,1048,200,148.0,112.39878514496,44.077954958807844,36.0548222974
Canon,EOS M10,1048,200,148.0,113.40301905239,44.47177217740784,36.079768147117
Canon,EOS M10,1048,200,148.0,114.40725295982,44.86558939600784,36.104410948077
Canon,EOS M10,1048,200,148.0,115.41148686725,45.25940661460785,36.128756577068
Canon,EOS M10,1048,200,148.0,116.41572077468,45.65322383320784,36.152810751405
Canon,EOS M10,1048,200,148.0,117.41995468211,46.047041051807845,36.176579034533
Canon,EOS M10,1048,200,148.0,118.42418858954,46.440858270407844,36.200066841393
Canon,EOS M10,1048,200,148.0,119.42842249697,46.83467548900784,36.223279443548
Canon,EOS M10,1048,200,148.0,120.4326564044,47.22849270760784,36.246221974098
Canon,EOS M10,1048,200,148.0,121.43689031183,47.62230992620784,36.268899432391
Canon,EOS M10,1048,200,148.0,122.44112421926,48.01612714480785,36.291316688526
Canon,EOS M10,1048,200,148.0,123.44535812669,48.409944363407845,36.313478487682
Canon,EOS M10,1048,200,148.0,124.44959203412,48.803761582007844,36.335389454257
Canon,EOS M10,1048,200,148.0,125.45382594155,49.197578800607836,36.35705409585
Canon,EOS M10,1048,200,148.0,126.45805984898,49.59139601920784,36.378476807071
Canon,EOS M10,1048,200,148.0,127.46229375641,49.98521323780785,36.399661873205
Canon,EOS M10,1048,200,148.0,128.46652766384,50.37903045640785,36.420613473727
Canon,EOS M10,1048,200,148.0,129.47076157127,50.772847675007846,36.441335685681
Canon,EOS M10,1048,200,148.0,130.4749954787,51.16666489360785,36.461832486921
Canon,EOS M10,1048,200,148.0,131.47922938613,51.560482112207836,36.482107759231
Canon,EOS M10,1048,200,148.0,132.48346329356,51.95429933080784,36.502165291323
Canon,EOS M10,1048,200,148.0,133.48769720099,52.34811654940784,36.522008781717
Canon,EOS M10,1048,200,148.0,134.49193110842,52.74193376800784,36.541641841517
Canon,EOS M10,1048,200,148.0,135.49616501585,53.135750986607846,36.561067997079
Canon,EOS M10,1048,200,148.0,136.50039892328,53.52956820520783,36.580290692576
Canon,EOS M10,1048,200,148.0,137.50463283071,53.923385423807844,36.599313292472
Canon,EOS M10,1048,200,148.0,138.50886673814,54.31720264240785,36.618139083904
Canon,EOS M10,1048,200,148.0,139.51310064557,54.71101986100785,36.636771278977
Canon,EOS M10,1048,200,148.0,140.517334553,55.10483707960785,36.655213016967
Canon,EOS M10,1048,200,148.0,141.52156846043,55.49865429820784,36.67346736646
Canon,EOS M10,1048,200,148.0,142.52580236786,55.89247151680784,36.691537327401
Canon,EOS M10,1048,200,148.0,143.53003627529,56.286288735407844,36.709425833073
Canon,EOS M10,1048,200,148.0,144.53427018272,56.68010595400784,36.727135752011
Canon,EOS M10,1048,200,148.0,145.53850409015,57.07392317260784,36.744669889841
Canon,EOS M10,1048,200,148.0,146.54273799758,57.46774039120785,36.762030991062
Canon,EOS M10,1048,200,148.0,147.54697190501,57.861557609807846,36.779221740759
Canon,EOS M10,1048,200,148.0,148.55120581244,58.255374828407845,36.796244766265
Canon,EOS M10,1048,200,148.0,149.55543971987,58.649192047007844,36.813102638756
Canon,EOS M10,1048,200,148.0,150.5596736273,59.043009265607836,36.829797874804
Canon,EOS M10,1048,200,148.0,151.56390753473,59.43682648420784,36.846332937864
Canon,EOS M10,1048,200,148.0,152.56814144216,59.83064370280784,36.862710239725
Canon,EOS M10,1048,200,148.0,153.57237534959,60.22446092140784,36.878932141899
Canon,EOS M10,1048,200,148.0,154.57660925702,60.618278140007845,36.895000956975
Canon,EOS M10,1048,200,148.0,155.58084316445,61.012095358607844,36.910918949922
Canon,EOS M10,1048,200,148.0,156.58507707188,61.40591257720784,36.92668833935
Canon,EOS M10,1048,200,148.0,157.58931097931,61.79972979580784,36.942311298735
Canon,EOS M10,1048,200,148.0,158.59354488674,62.19354701440785,36.957789957597
Canon,EOS M10,1048,200,148.0,159.59777879417,62.58736423300785,36.973126402645
Canon,EOS M10,1048,200,148.0,160.6020127016,62.98118145160784,36.988322678885
Canon,EOS M10,1048,200,148.0,161.60624660903,63.37499867020784,37.00338079069
Canon,EOS M10,1048,200,148.0,162.61048051646,63.768815888807836,37.018302702842
Canon,EOS M10,1048,200,148.0,163.61471442389,64.16263310740784,37.033090341534
Canon,EOS M10,1048,200,148.0,164.61894833132,64.55645032600785,37.047745595344
Canon,EOS M10,1048,200,148.0,165.62318223875,64.95026754460784,37.062270316185
Canon,EOS M10,1048,200,148.0,166.62741614618,65.34408476320785,37.076666320212
Canon,EOS M10,1048,200,148.0,167.63165005361,65.73790198180785,37.090935388717
Canon,EOS M10,1048,200,148.0,168.63588396104,66.13171920040784,37.105079268982
Canon,EOS M10,1048,200,148.0,169.64011786847,66.52553641900785,37.11909967512
Canon,EOS M10,1048,200,148.0,170.64435177589,66.91935363760392,37.132998288878
Canon,EOS M10,1048,200,148.0,171.64858568332,67.31317085620393,37.146776760426
Canon,EOS M10,1048,200,148.0,172.65281959075,67.70698807480392,37.160436709117
Canon,EOS M10,1048,200,148.0,173.65705349818,68.10080529340392,37.173979724225
Canon,EOS M10,1048,200,148.0,174.66128740561,68.49462251200393,37.187407365665
Canon,EOS M10,1048,200,148.0,175.66552131304,68.8884397306039,37.200721164687
Canon,EOS M10,1048,200,148.0,176.66975522047,69.28225694920393,37.213922624553
Canon,EOS M10,1048,200,148.0,177.6739891279,69.67607416780393,37.227013221193
Canon,EOS M10,1048,200,148.0,178.67822303533,70.06989138640392,37.239994403843
Canon,EOS M10,1048,200,148.0,179.68245694276,70.46370860500393,37.252867595667
Canon,EOS M10,1048,200,148.0,180.68669085019,70.85752582360392,37.265634194352
Canon,EOS M10,1048,200,148.0,181.69092475762,71.25134304220391,37.278295572702
Canon,EOS M10,1048,200,148.0,182.69515866505,71.64516026080392,37.290853079199
Canon,EOS M10,1048,200,148.0,183.69939257248,72.03897747940393,37.303308038559
Canon,EOS M10,1048,200,148.0,184.70362647991,72.43279469800392,37.315661752268
Canon,EOS M10,1048,200,148.0,185.70786038734,72.82661191660392,37.327915499104
Canon,EOS M10,1048,200,148.0,186.71209429477,73.22042913520393,37.340070535647
Canon,EOS M10,1048,200,148.0,187.7163282022,73.61424635380392,37.352128096771
Canon,EOS M10,1048,200,148.0,188.72056210963,74.00806357240393,37.364089396123
Canon,EOS M10,1048,200,148.0,189.72479601706,74.40188079100392,37.375955626596
Canon,EOS M10,1048,200,148.0,190.72902992449,74.79569800960391,37.387727960777
Canon,EOS M10,1048,200,148.0,191.73326383192,75.18951522820392,37.399407551395
Canon,EOS M10,1048,200,148.0,192.73749773935,75.58333244680392,37.410995531749
Canon,EOS M10,1048,200,148.0,193.74173164678,75.97714966540391,37.422493016129
Canon,EOS M10,1048,200,148.0,194.74596555421,76.37096688400392,37.433901100223
Canon,EOS M10,1048,200,148.0,195.75019946164,76.76478410260393,37.445220861516
Canon,EOS M10,1048,200,148.0,196.75443336907,77.15860132120392,37.456453359676
Canon,EOS M10,1048,200,148.0,197.7586672765,77.55241853980392,37.467599636931
Canon,EOS M10,1048,200,148.0,198.76290118393,77.94623575840393,37.478660718439
Canon,EOS M10,1048,200,148.0,199.76713509136,78.34005297700392,37.489637612642
Canon,EOS M10,1048,200,148.0,200.77136899879,78.73387019560391,37.500531311618
Canon,EOS M10,1048,200,148.0,201.77560290622,79.12768741420392,37.511342791419
Canon,EOS M10,1048,200,148.0,202.77983681365,79.52150463280393,37.522073012402
Canon,EOS M10,1048,200,148.0,203.78407072108,79.91532185140393,37.532722919555
Canon,EOS M10,1048,200,148.0,204.78830462851,80.30913907000392,37.543293442805
Canon,EOS M10,1048,200,148.0,205.79253853594,80.70295628860393,37.553785497334
Canon,EOS M10,1048,200,148.0,206.79677244337,81.09677350720392,37.56419998387
Canon,EOS M10,1048,200,148.0,207.8010063508,81.49059072580393,37.574537788983
Canon,EOS M10,1048,200,148.0,208.80524025823,81.88440794440392,37.584799785368
Canon,EOS M10,1048,200,148.0,209.80947416566,82.27822516300391,37.594986832124
Canon,EOS M10,1048,200,148.0,210.81370807309,82.67204238160392,37.605099775024
Canon,EOS M10,1048,200,148.0,211.81794198052,83.06585960020392,37.615139446779
Canon,EOS M10,1048,200,148.0,212.82217588795,83.45967681880393,37.625106667296
Canon,EOS M10,1048,200,148.0,213.82640979538,83.85349403740392,37.635002243929
Canon,EOS M10,1048,200,148.0,214.83064370281,84.24731125600393,37.644826971726
Canon,EOS M10,1048,200,148.0,215.83487761024,84.64112847460392,37.654581633666
Canon,EOS M10,1048,200,148.0,216.83911151767,85.03494569320392,37.664267000897
Canon,EOS M10,1048,200,148.0,217.8433454251,85.42876291180393,37.673883832961
Canon,EOS M10,1048,200,148.0,218.84757933253,85.8225801304039,37.683432878018
Canon,EOS M10,1048,200,148.0,219.85181323996,86.21639734900391,37.692914873065
Canon,EOS M10,1048,200,148.0,220.85604714739,86.61021456760393,37.702330544146
Canon,EOS M10,1048,200,148.0,221.86028105482,87.00403178620392,37.711680606562
Canon,EOS M10,1048,200,148.0,222.86451496225,87.39784900480393,37.720965765075
Canon,EOS M10,1048,200,148.0,223.86874886968,87.79166622340392,37.730186714103
Canon,EOS M10,1048,200,148.0,224.87298277711,88.18548344200391,37.739344137916
Canon,EOS M10,1048,200,148.0,225.87721668454,88.57930066060392,37.748438710825
Canon,EOS M10,1048,200,148.0,226.88145059197,88.97311787920393,37.757471097364
Canon,EOS M10,1048,200,148.0,227.8856844994,89.36693509780392,37.766441952478
Canon,EOS M10,1048,200,148.0,228.88991840683,89.76075231640391,37.775351921692
Canon,EOS M10,1048,200,148.0,229.89415231426,90.15456953500393,37.784201641287
Canon,EOS M10,1048,200,148.0,230.89838622168,90.5483867536,37.792991738469
Canon,EOS M10,1048,200,148.0,231.90262012911,90.94220397219999,37.801722831535
Canon,EOS M10,1048,200,148.0,232.90685403654,91.33602119080001,37.810395530032
Canon,EOS M10,1048,200,148.0,233.91108794397,91.7298384094,37.819010434916
Canon,EOS M10,1048,200,148.0,234.9153218514,92.123655628,37.827568138706
Canon,EOS M10,1048,200,148.0,235.91955575883,92.5174728466,37.836069225638
Canon,EOS M10,1048,200,148.0,236.92378966626,92.9112900652,37.844514271806
Canon,EOS M10,1048,200,148.0,237.92802357369,93.3051072838,37.852903845315
Canon,EOS M10,1048,200,148.0,238.93225748112,93.69892450239999,37.861238506415
Canon,EOS M10,1048,200,148.0,239.93649138855,94.092741721,37.869518807644
Canon,EOS M10,1048,200,148.0,240.94072529598,94.4865589396,37.877745293961
Canon,EOS M10,1048,200,148.0,241.94495920341,94.88037615820001,37.885918502878
Canon,EOS M10,1048,200,148.0,242.94919311084,95.27419337680001,37.894038964592
Canon,EOS M10,1048,200,148.0,243.95342701827,95.6680105954,37.902107202111
Canon,EOS M10,1048,200,148.0,244.9576609257,96.061827814,37.910123731377
Canon,EOS M10,1048,200,148.0,245.96189483313,96.4556450326,37.918089061389
Canon,EOS M10,1048,200,148.0,246.96612874056,96.84946225120001,37.926003694319
Canon,EOS M10,1048,200,148.0,247.97036264799,97.24327946979999,37.933868125634
Canon,EOS M10,1048,200,148.0,248.97459655542,97.63709668839999,37.941682844206
Canon,EOS M10,1048,200,148.0,249.97883046285,98.030913907,37.949448332424
Canon,EOS M10,1048,200,148.0,250.98306437028,98.4247311256,37.957165066304
Canon,EOS M10,1048,200,148.0,251.98729827771,98.81854834420001,37.964833515597
Canon,EOS M10,1048,200,148.0,252.99153218514,99.2123655628,37.972454143894
Canon,EOS M10,1048,200,148.0,253.99576609257,99.6061827814,37.980027408727
Canon,EOS M10,1048,200,148.0,255,100.0,37.987553761671
Canon,EOS M10,1048,400,303.0,0.21350942396024,0.08372918586676079,0
Canon,EOS M10,1048,400,303.0,0.28542102010444,0.11192981180566274,2.2947263228461
Canon,EOS M10,1048,400,303.0,0.50468027979883,0.19791383521522743,6.6186315233331
Canon,EOS M10,1048,400,303.0,0.9079936078835,0.35607592466019605,10.758409601619
Canon,EOS M10,1048,400,303.0,1.7157919616704,0.6728595928119215,14.825268799807
Canon,EOS M10,1048,400,303.0,3.3655511088803,1.3198239642667844,18.664780139021
Canon,EOS M10,1048,400,303.0,6.9542248648333,2.7271470058169807,22.357636132891
Canon,EOS M10,1048,400,303.0,7.9584587722631,3.1209642244169022,23.003003638005
Canon,EOS M10,1048,400,303.0,8.962692679693,3.5147814430168625,23.562300852338
Canon,EOS M10,1048,400,303.0,9.9669265871228,3.908598661616784,24.055088900867
Canon,EOS M10,1048,400,303.0,10.971160494553,4.302415880216863,24.49499085362
Canon,EOS M10,1048,400,303.0,11.975394401982,4.696233098816471,24.891863068734
Canon,EOS M10,1048,400,303.0,12.979628309412,5.090050317416471,25.25306045309
Canon,EOS M10,1048,400,303.0,13.983862216842,5.48386753601647,25.584213319801
Canon,EOS M10,1048,400,303.0,14.988096124272,5.87768475461647,25.889725324498
Canon,EOS M10,1048,400,303.0,15.992330031702,6.27150197321647,26.17310432145
Canon,EOS M10,1048,400,303.0,16.996563939132,6.66531919181647,26.437189032042
Canon,EOS M10,1048,400,303.0,18.000797846561,7.0591364104160785,26.684308477677
Canon,EOS M10,1048,400,303.0,19.005031753991,7.452953629016077,26.916396718936
Canon,EOS M10,1048,400,303.0,20.009265661421,7.846770847616079,27.135077107154
Canon,EOS M10,1048,400,303.0,21.013499568851,8.240588066216079,27.341725260103
Canon,EOS M10,1048,400,303.0,22.017733476281,8.634405284816077,27.537516887116
Canon,EOS M10,1048,400,303.0,23.021967383711,9.02822250341608,27.723464628949
Canon,EOS M10,1048,400,303.0,24.02620129114,9.422039722015686,27.90044680213
Canon,EOS M10,1048,400,303.0,25.03043519857,9.815856940615685,28.069230089218
Canon,EOS M10,1048,400,303.0,26.034669106,10.209674159215686,28.230487640841
Canon,EOS M10,1048,400,303.0,27.03890301343,10.603491377815686,28.384813657917
Canon,EOS M10,1048,400,303.0,28.04313692086,10.997308596415687,28.532735243417
Canon,EOS M10,1048,400,303.0,29.047370828289,11.391125815015295,28.674722114194
Canon,EOS M10,1048,400,303.0,30.051604735719,11.784943033615294,28.811194619766
Canon,EOS M10,1048,400,303.0,31.055838643149,12.178760252215294,28.942530409842
Canon,EOS M10,1048,400,303.0,32.060072550579,12.572577470815293,29.069070014593
Canon,EOS M10,1048,400,303.0,33.064306458009,12.966394689415296,29.191121543453
Canon,EOS M10,1048,400,303.0,34.068540365439,13.360211908015293,29.30896466423
Canon,EOS M10,1048,400,303.0,35.072774272868,13.754029126614903,29.422853990725
Canon,EOS M10,1048,400,303.0,36.077008180298,14.147846345214903,29.533021981216
Canon,EOS M10,1048,400,303.0,37.081242087728,14.541663563814902,29.639681430096
Canon,EOS M10,1048,400,303.0,38.085475995158,14.935480782414901,29.743027619241
Canon,EOS M10,1048,400,303.0,39.089709902588,15.329298001014902,29.843240183355
Canon,EOS M10,1048,400,303.0,40.093943810017,15.723115219614511,29.940484733682
Canon,EOS M10,1048,400,303.0,41.098177717447,16.11693243821451,30.034914276678
Canon,EOS M10,1048,400,303.0,42.102411624877,16.51074965681451,30.126670457906
Canon,EOS M10,1048,400,303.0,43.106645532307,16.90456687541451,30.215884656371
Canon,EOS M10,1048,400,303.0,44.110879439737,17.29838409401451,30.302678950326
Canon,EOS M10,1048,400,303.0,45.115113347167,17.692201312614507,30.38716697225
Canon,EOS M10,1048,400,303.0,46.119347254596,18.08601853121412,30.4694546679
Canon,EOS M10,1048,400,303.0,47.123581162026,18.479835749814118,30.549640972055
Canon,EOS M10,1048,400,303.0,48.127815069456,18.873652968414117,30.627818411691
Canon,EOS M10,1048,400,303.0,49.132048976886,19.267470187014116,30.70407364572
Canon,EOS M10,1048,400,303.0,50.136282884316,19.661287405614118,30.77848794914
Canon,EOS M10,1048,400,303.0,51.140516791746,20.055104624214117,30.851137648326
Canon,EOS M10,1048,400,303.0,52.144750699175,20.448921842813725,30.922094513239
Canon,EOS M10,1048,400,303.0,53.148984606605,20.842739061413727,30.991426111589
Canon,EOS M10,1048,400,303.0,54.153218514035,21.236556280013723,31.059196129283
Canon,EOS M10,1048,400,303.0,55.157452421465,21.630373498613725,31.125464660928
Canon,EOS M10,1048,400,303.0,56.161686328895,22.024190717213727,31.190288473704
Canon,EOS M10,1048,400,303.0,57.165920236324,22.418007935813332,31.253721247453
Canon,EOS M10,1048,400,303.0,58.170154143754,22.81182515441333,31.315813793541
Canon,EOS M10,1048,400,303.0,59.174388051184,23.205642373013337,31.376614254677
Canon,EOS M10,1048,400,303.0,60.178621958614,23.599459591613332,31.436168287658
Canon,EOS M10,1048,400,303.0,61.182855866044,23.993276810213334,31.494519230758
Canon,EOS M10,1048,400,303.0,62.187089773474,24.387094028813333,31.551708257274
Canon,EOS M10,1048,400,303.0,63.191323680903,24.78091124741294,31.607774516596
Canon,EOS M10,1048,400,303.0,64.195557588333,25.17472846601294,31.662755263977
Canon,EOS M10,1048,400,303.0,65.199791495763,25.568545684612936,31.716685980089
Canon,EOS M10,1048,400,303.0,66.204025403193,25.96236290321294,31.769600481306
Canon,EOS M10,1048,400,303.0,67.208259310623,26.356180121812944,31.821531021564
Canon,EOS M10,1048,400,303.0,68.212493218052,26.749997340412552,31.872508386552
Canon,EOS M10,1048,400,303.0,69.216727125482,27.143814559012547,31.922561980938
Canon,EOS M10,1048,400,303.0,70.220961032912,27.537631777612546,31.971719909203
Canon,EOS M10,1048,400,303.0,71.225194940342,27.931448996212556,32.020009050674
Canon,EOS M10,1048,400,303.0,72.229428847772,28.32526621481255,32.067455129221
Canon,EOS M10,1048,400,303.0,73.233662755202,28.71908343341255,32.114082778078
Canon,EOS M10,1048,400,303.0,74.237896662631,29.112900652012158,32.159915600194
Canon,EOS M10,1048,400,303.0,75.242130570061,29.506717870612153,32.20497622447
Canon,EOS M10,1048,400,303.0,76.246364477491,29.900535089212156,32.24928635822
Canon,EOS M10,1048,400,303.0,77.250598384921,30.29435230781216,32.292866836155
Canon,EOS M10,1048,400,303.0,78.254832292351,30.688169526412157,32.335737666158
Canon,EOS M10,1048,400,303.0,79.259066199781,31.08198674501216,32.377918072113
Canon,EOS M10,1048,400,303.0,80.26330010721,31.475803963611764,32.419426533987
Canon,EOS M10,1048,400,303.0,81.26753401464,31.869621182211766,32.460280825406
Canon,EOS M10,1048,400,303.0,82.27176792207,32.263438400811765,32.500498048877
Canon,EOS M10,1048,400,303.0,83.2760018295,32.65725561941177,32.540094668859
Canon,EOS M10,1048,400,303.0,84.28023573693,33.05107283801176,32.579086542821
Canon,EOS M10,1048,400,303.0,85.284469644359,33.44489005661138,32.617488950442
Canon,EOS M10,1048,400,303.0,86.288703551789,33.83870727521137,32.655316621072
Canon,EOS M10,1048,400,303.0,87.292937459219,34.232524493811376,32.692583759597
Canon,EOS M10,1048,400,303.0,88.297171366649,34.626341712411374,32.729304070795
Canon,EOS M10,1048,400,303.0,89.301405274079,35.02015893101137,32.765490782309
Canon,EOS M10,1048,400,303.0,90.305639181509,35.41397614961137,32.801156666306
Canon,EOS M10,1048,400,303.0,91.309873088938,35.80779336821098,32.836314059942
Canon,EOS M10,1048,400,303.0,92.314106996368,36.20161058681098,32.870974884675
Canon,EOS M10,1048,400,303.0,93.318340903798,36.59542780541098,32.905150664538
Canon,EOS M10,1048,400,303.0,94.322574811228,36.989245024010984,32.93885254341
Canon,EOS M10,1048,400,303.0,95.326808718658,37.38306224261098,32.972091301369
Canon,EOS M10,1048,400,303.0,96.331042626087,37.77687946121059,33.004877370173
Canon,EOS M10,1048,400,303.0,97.335276533517,38.17069667981059,33.037220847935
Canon,EOS M10,1048,400,303.0,98.339510440947,38.56451389841059,33.069131513028
Canon,EOS M10,1048,400,303.0,99.343744348377,38.95833111701059,33.100618837284
Canon,EOS M10,1048,400,303.0,100.34797825581,39.35214833561177,33.131691998516
Canon,EOS M10,1048,400,303.0,101.35221216324,39.745965554211764,33.162359892408
Canon,EOS M10,1048,400,303.0,102.35644607067,40.13978277281176,33.192631143819
Canon,EOS M10,1048,400,303.0,103.3606799781,40.53359999141176,33.222514117524
Canon,EOS M10,1048,400,303.0,104.36491388553,40.92741721001176,33.252016928428
Canon,EOS M10,1048,400,303.0,105.36914779296,41.32123442861177,33.281147451291
Canon,EOS M10,1048,400,303.0,106.37338170039,41.715051647211766,33.30991332998
Canon,EOS M10,1048,400,303.0,107.37761560782,42.108868865811765,33.338321986289
Canon,EOS M10,1048,400,303.0,108.38184951525,42.50268608441176,33.366380628337
Canon,EOS M10,1048,400,303.0,109.38608342268,42.89650330301177,33.394096258576
Canon,EOS M10,1048,400,303.0,110.3903173301,43.290320521607846,33.421475681434
Canon,EOS M10,1048,400,303.0,111.39455123753,43.68413774020784,33.4485255106
Canon,EOS M10,1048,400,303.0,112.39878514496,44.077954958807844,33.475252175983
Canon,EOS M10,1048,400,303.0,113.40301905239,44.47177217740784,33.50166193036
Canon,EOS M10,1048,400,303.0,114.40725295982,44.86558939600784,33.527760855723
Canon,EOS M10,1048,400,303.0,115.41148686725,45.25940661460785,33.553554869348
Canon,EOS M10,1048,400,303.0,116.41572077468,45.65322383320784,33.579049729597
Canon,EOS M10,1048,400,303.0,117.41995468211,46.047041051807845,33.60425104147
Canon,EOS M10,1048,400,303.0,118.42418858954,46.440858270407844,33.629164261916
Canon,EOS M10,1048,400,303.0,119.42842249697,46.83467548900784,33.653794704918
Canon,EOS M10,1048,400,303.0,120.4326564044,47.22849270760784,33.678147546365
Canon,EOS M10,1048,400,303.0,121.43689031183,47.62230992620784,33.702227828711
Canon,EOS M10,1048,400,303.0,122.44112421926,48.01612714480785,33.726040465454
Canon,EOS M10,1048,400,303.0,123.44535812669,48.409944363407845,33.749590245415
Canon,EOS M10,1048,400,303.0,124.44959203412,48.803761582007844,33.772881836853
Canon,EOS M10,1048,400,303.0,125.45382594155,49.197578800607836,33.795919791409
Canon,EOS M10,1048,400,303.0,126.45805984898,49.59139601920784,33.818708547887
Canon,EOS M10,1048,400,303.0,127.46229375641,49.98521323780785,33.841252435891
Canon,EOS M10,1048,400,303.0,128.46652766384,50.37903045640785,33.863555679312
Canon,EOS M10,1048,400,303.0,129.47076157127,50.772847675007846,33.885622399679
Canon,EOS M10,1048,400,303.0,130.4749954787,51.16666489360785,33.907456619382
Canon,EOS M10,1048,400,303.0,131.47922938613,51.560482112207836,33.929062264768
Canon,EOS M10,1048,400,303.0,132.48346329356,51.95429933080784,33.950443169115
Canon,EOS M10,1048,400,303.0,133.48769720099,52.34811654940784,33.971603075496
Canon,EOS M10,1048,400,303.0,134.49193110842,52.74193376800784,33.992545639535
Canon,EOS M10,1048,400,303.0,135.49616501585,53.135750986607846,34.013274432057
Canon,EOS M10,1048,400,303.0,136.50039892328,53.52956820520783,34.03379294164
Canon,EOS M10,1048,400,303.0,137.50463283071,53.923385423807844,34.054104577071
Canon,EOS M10,1048,400,303.0,138.50886673814,54.31720264240785,34.074212669715
Canon,EOS M10,1048,400,303.0,139.51310064557,54.71101986100785,34.094120475795
Canon,EOS M10,1048,400,303.0,140.517334553,55.10483707960785,34.113831178586
Canon,EOS M10,1048,400,303.0,141.52156846043,55.49865429820784,34.13334789054
Canon,EOS M10,1048,400,303.0,142.52580236786,55.89247151680784,34.152673655321
Canon,EOS M10,1048,400,303.0,143.53003627529,56.286288735407844,34.171811449782
Canon,EOS M10,1048,400,303.0,144.53427018272,56.68010595400784,34.190764185862
Canon,EOS M10,1048,400,303.0,145.53850409015,57.07392317260784,34.209534712421
Canon,EOS M10,1048,400,303.0,146.54273799758,57.46774039120785,34.228125817008
Canon,EOS M10,1048,400,303.0,147.54697190501,57.861557609807846,34.246540227573
Canon,EOS M10,1048,400,303.0,148.55120581244,58.255374828407845,34.264780614117
Canon,EOS M10,1048,400,303.0,149.55543971987,58.649192047007844,34.282849590285
Canon,EOS M10,1048,400,303.0,150.5596736273,59.043009265607836,34.300749714907
Canon,EOS M10,1048,400,303.0,151.56390753473,59.43682648420784,34.318483493483
Canon,EOS M10,1048,400,303.0,152.56814144216,59.83064370280784,34.336053379628
Canon,EOS M10,1048,400,303.0,153.57237534959,60.22446092140784,34.353461776457
Canon,EOS M10,1048,400,303.0,154.57660925702,60.618278140007845,34.370711037932
Canon,EOS M10,1048,400,303.0,155.58084316445,61.012095358607844,34.387803470164
Canon,EOS M10,1048,400,303.0,156.58507707188,61.40591257720784,34.404741332668
Canon,EOS M10,1048,400,303.0,157.58931097931,61.79972979580784,34.421526839586
Canon,EOS M10,1048,400,303.0,158.59354488674,62.19354701440785,34.43816216086
Canon,EOS M10,1048,400,303.0,159.59777879417,62.58736423300785,34.454649423376
Canon,EOS M10,1048,400,303.0,160.6020127016,62.98118145160784,34.470990712068
Canon,EOS M10,1048,400,303.0,161.60624660903,63.37499867020784,34.487188070988
Canon,EOS M10,1048,400,303.0,162.61048051646,63.768815888807836,34.503243504341
Canon,EOS M10,1048,400,303.0,163.61471442389,64.16263310740784,34.519158977491
Canon,EOS M10,1048,400,303.0,164.61894833132,64.55645032600785,34.53493641793
Canon,EOS M10,1048,400,303.0,165.62318223875,64.95026754460784,34.550577716228
Canon,EOS M10,1048,400,303.0,166.62741614618,65.34408476320785,34.566084726938
Canon,EOS M10,1048,400,303.0,167.63165005361,65.73790198180785,34.581459269487
Canon,EOS M10,1048,400,303.0,168.63588396104,66.13171920040784,34.596703129037
Canon,EOS M10,1048,400,303.0,169.64011786847,66.52553641900785,34.611818057313
Canon,EOS M10,1048,400,303.0,170.64435177589,66.91935363760392,34.626805773418
Canon,EOS M10,1048,400,303.0,171.64858568332,67.31317085620393,34.641667964611
Canon,EOS M10,1048,400,303.0,172.65281959075,67.70698807480392,34.656406287073
Canon,EOS M10,1048,400,303.0,173.65705349818,68.10080529340392,34.671022366644
Canon,EOS M10,1048,400,303.0,174.66128740561,68.49462251200393,34.68551779954
Canon,EOS M10,1048,400,303.0,175.66552131304,68.8884397306039,34.699894153051
Canon,EOS M10,1048,400,303.0,176.66975522047,69.28225694920393,34.714152966215
Canon,EOS M10,1048,400,303.0,177.6739891279,69.67607416780393,34.728295750477
Canon,EOS M10,1048,400,303.0,178.67822303533,70.06989138640392,34.742323990327
Canon,EOS M10,1048,400,303.0,179.68245694276,70.46370860500393,34.756239143918
Canon,EOS M10,1048,400,303.0,180.68669085019,70.85752582360392,34.770042643669
Canon,EOS M10,1048,400,303.0,181.69092475762,71.25134304220391,34.783735896855
Canon,EOS M10,1048,400,303.0,182.69515866505,71.64516026080392,34.797320286168
Canon,EOS M10,1048,400,303.0,183.69939257248,72.03897747940393,34.810797170277
Canon,EOS M10,1048,400,303.0,184.70362647991,72.43279469800392,34.824167884363
Canon,EOS M10,1048,400,303.0,185.70786038734,72.82661191660392,34.837433740645
Canon,EOS M10,1048,400,303.0,186.71209429477,73.22042913520393,34.850596028883
Canon,EOS M10,1048,400,303.0,187.7163282022,73.61424635380392,34.86365601688
Canon,EOS M10,1048,400,303.0,188.72056210963,74.00806357240393,34.87661495096
Canon,EOS M10,1048,400,303.0,189.72479601706,74.40188079100392,34.889474056435
Canon,EOS M10,1048,400,303.0,190.72902992449,74.79569800960391,34.902234538067
Canon,EOS M10,1048,400,303.0,191.73326383192,75.18951522820392,34.914897580505
Canon,EOS M10,1048,400,303.0,192.73749773935,75.58333244680392,34.927464348722
Canon,EOS M10,1048,400,303.0,193.74173164678,75.97714966540391,34.939935988433
Canon,EOS M10,1048,400,303.0,194.74596555421,76.37096688400392,34.952313626507
Canon,EOS M10,1048,400,303.0,195.75019946164,76.76478410260393,34.964598371365
Canon,EOS M10,1048,400,303.0,196.75443336907,77.15860132120392,34.976791313367
Canon,EOS M10,1048,400,303.0,197.7586672765,77.55241853980392,34.988893525194
Canon,EOS M10,1048,400,303.0,198.76290118393,77.94623575840393,35.000906062214
Canon,EOS M10,1048,400,303.0,199.76713509136,78.34005297700392,35.012829962841
Canon,EOS M10,1048,400,303.0,200.77136899879,78.73387019560391,35.02466624889
Canon,EOS M10,1048,400,303.0,201.77560290622,79.12768741420392,35.036415925912
Canon,EOS M10,1048,400,303.0,202.77983681365,79.52150463280393,35.048079983531
Canon,EOS M10,1048,400,303.0,203.78407072108,79.91532185140393,35.059659395767
Canon,EOS M10,1048,400,303.0,204.78830462851,80.30913907000392,35.071155121353
Canon,EOS M10,1048,400,303.0,205.79253853594,80.70295628860393,35.082568104041
Canon,EOS M10,1048,400,303.0,206.79677244337,81.09677350720392,35.093899272906
Canon,EOS M10,1048,400,303.0,207.8010063508,81.49059072580393,35.105149542639
Canon,EOS M10,1048,400,303.0,208.80524025823,81.88440794440392,35.116319813831
Canon,EOS M10,1048,400,303.0,209.80947416566,82.27822516300391,35.127410973253
Canon,EOS M10,1048,400,303.0,210.81370807309,82.67204238160392,35.13842389413
Canon,EOS M10,1048,400,303.0,211.81794198052,83.06585960020392,35.149359436405
Canon,EOS M10,1048,400,303.0,212.82217588795,83.45967681880393,35.160218447
Canon,EOS M10,1048,400,303.0,213.82640979538,83.85349403740392,35.171001760067
Canon,EOS M10,1048,400,303.0,214.83064370281,84.24731125600393,35.181710197238
Canon,EOS M10,1048,400,303.0,215.83487761024,84.64112847460392,35.192344567863
Canon,EOS M10,1048,400,303.0,216.83911151767,85.03494569320392,35.20290566925
Canon,EOS M10,1048,400,303.0,217.8433454251,85.42876291180393,35.213394286891
Canon,EOS M10,1048,400,303.0,218.84757933253,85.8225801304039,35.223811194688
Canon,EOS M10,1048,400,303.0,219.85181323996,86.21639734900391,35.234157155175
Canon,EOS M10,1048,400,303.0,220.85604714739,86.61021456760393,35.244432919726
Canon,EOS M10,1048,400,303.0,221.86028105482,87.00403178620392,35.254639228773
Canon,EOS M10,1048,400,303.0,222.86451496225,87.39784900480393,35.264776812004
Canon,EOS M10,1048,400,303.0,223.86874886968,87.79166622340392,35.274846388563
Canon,EOS M10,1048,400,303.0,224.87298277711,88.18548344200391,35.284848667252
Canon,EOS M10,1048,400,303.0,225.87721668454,88.57930066060392,35.294784346713
Canon,EOS M10,1048,400,303.0,226.88145059197,88.97311787920393,35.304654115622
Canon,EOS M10,1048,400,303.0,227.8856844994,89.36693509780392,35.314458652865
Canon,EOS M10,1048,400,303.0,228.88991840683,89.76075231640391,35.324198627723
Canon,EOS M10,1048,400,303.0,229.89415231426,90.15456953500393,35.33387470004
Canon,EOS M10,1048,400,303.0,230.89838622168,90.5483867536,35.343487520398
Canon,EOS M10,1048,400,303.0,231.90262012911,90.94220397219999,35.353037730282
Canon,EOS M10,1048,400,303.0,232.90685403654,91.33602119080001,35.362525962242
Canon,EOS M10,1048,400,303.0,233.91108794397,91.7298384094,35.371952840055
Canon,EOS M10,1048,400,303.0,234.9153218514,92.123655628,35.381318978878
Canon,EOS M10,1048,400,303.0,235.91955575883,92.5174728466,35.390624985403
Canon,EOS M10,1048,400,303.0,236.92378966626,92.9112900652,35.399871458004
Canon,EOS M10,1048,400,303.0,237.92802357369,93.3051072838,35.409058986885
Canon,EOS M10,1048,400,303.0,238.93225748112,93.69892450239999,35.418188154223
Canon,EOS M10,1048,400,303.0,239.93649138855,94.092741721,35.427259534305
Canon,EOS M10,1048,400,303.0,240.94072529598,94.4865589396,35.43627369367
Canon,EOS M10,1048,400,303.0,241.94495920341,94.88037615820001,35.445231191236
Canon,EOS M10,1048,400,303.0,242.94919311084,95.27419337680001,35.454132578436
Canon,EOS M10,1048,400,303.0,243.95342701827,95.6680105954,35.462978399348
Canon,EOS M10,1048,400,303.0,244.9576609257,96.061827814,35.471769190815
Canon,EOS M10,1048,400,303.0,245.96189483313,96.4556450326,35.48050548257
Canon,EOS M10,1048,400,303.0,246.96612874056,96.84946225120001,35.489187797362
Canon,EOS M10,1048,400,303.0,247.97036264799,97.24327946979999,35.497816651064
Canon,EOS M10,1048,400,303.0,248.97459655542,97.63709668839999,35.506392552797
Canon,EOS M10,1048,400,303.0,249.97883046285,98.030913907,35.514916005039
Canon,EOS M10,1048,400,303.0,250.98306437028,98.4247311256,35.523387503738
Canon,EOS M10,1048,400,303.0,251.98729827771,98.81854834420001,35.531807538419
Canon,EOS M10,1048,400,303.0,252.99153218514,99.2123655628,35.54017659229
Canon,EOS M10,1048,400,303.0,253.99576609257,99.6061827814,35.548495142348
Canon,EOS M10,1048,400,303.0,255,100.0,35.556763659479
Canon,EOS M10,1048,800,592.0,0.28542102010444,0.11192981180566274,0
Canon,EOS M10,1048,800,592.0,0.50468027979883,0.19791383521522743,4.2323111612202
Canon,EOS M10,1048,800,592.0,0.9079936078835,0.35607592466019605,8.2585740924186
Canon,EOS M10,1048,800,592.0,1.7157919616704,0.6728595928119215,12.200669060219
Canon,EOS M10,1048,800,592.0,3.3655511088803,1.3198239642667844,15.93388204706
Canon,EOS M10,1048,800,592.0,6.9542248648333,2.7271470058169807,19.562560928115
Canon,EOS M10,1048,800,592.0,7.9584587722631,3.1209642244169022,20.20243412343
Canon,EOS M10,1048,800,592.0,8.962692679693,3.5147814430168625,20.758611897391
Canon,EOS M10,1048,800,592.0,9.9669265871228,3.908598661616784,21.249993383893
Canon,EOS M10,1048,800,592.0,10.971160494553,4.302415880216863,21.689761275356
Canon,EOS M10,1048,800,592.0,11.975394401982,4.696233098816471,22.08746763991
Canon,EOS M10,1048,800,592.0,12.979628309412,5.090050317416471,22.450250425569
Canon,EOS M10,1048,800,592.0,13.983862216842,5.48386753601647,22.783581120925
Canon,EOS M10,1048,800,592.0,14.988096124272,5.87768475461647,23.091744473392
Canon,EOS M10,1048,800,592.0,15.992330031702,6.27150197321647,23.378157573696
Canon,EOS M10,1048,800,592.0,16.996563939132,6.66531919181647,23.645588686097
Canon,EOS M10,1048,800,592.0,18.000797846561,7.0591364104160785,23.896311323956
Canon,EOS M10,1048,800,592.0,19.005031753991,7.452953629016077,24.132215242262
Canon,EOS M10,1048,800,592.0,20.009265661421,7.846770847616079,24.354888015265
Canon,EOS M10,1048,800,592.0,21.013499568851,8.240588066216079,24.565676068926
Canon,EOS M10,1048,800,592.0,22.017733476281,8.634405284816077,24.765731070715
Canon,EOS M10,1048,800,592.0,23.021967383711,9.02822250341608,24.956045693635
Canon,EOS M10,1048,800,592.0,24.02620129114,9.422039722015686,25.137481543396
Canon,EOS M10,1048,800,592.0,25.03043519857,9.815856940615685,25.310791220417
Canon,EOS M10,1048,800,592.0,26.034669106,10.209674159215686,25.476635933448
Canon,EOS M10,1048,800,592.0,27.03890301343,10.603491377815686,25.635599698216
Canon,EOS M10,1048,800,592.0,28.04313692086,10.997308596415687,25.788200885107
Canon,EOS M10,1048,800,592.0,29.047370828289,11.391125815015295,25.934901687829
Canon,EOS M10,1048,800,592.0,30.051604735719,11.784943033615294,26.076115946174
Canon,EOS M10,1048,800,592.0,31.055838643149,12.178760252215294,26.212215654334
Canon,EOS M10,1048,800,592.0,32.060072550579,12.572577470815293,26.343536410971
Canon,EOS M10,1048,800,592.0,33.064306458009,12.966394689415296,26.470382010816
Canon,EOS M10,1048,800,592.0,34.068540365439,13.360211908015293,26.593028335007
Canon,EOS M10,1048,800,592.0,35.072774272868,13.754029126614903,26.711726664744
Canon,EOS M10,1048,800,592.0,36.077008180298,14.147846345214903,26.82670651784
Canon,EOS M10,1048,800,592.0,37.081242087728,14.541663563814902,26.938178088214
Canon,EOS M10,1048,800,592.0,38.085475995158,14.935480782414901,27.046334353159
Canon,EOS M10,1048,800,592.0,39.089709902588,15.329298001014902,27.151352901222
Canon,EOS M10,1048,800,592.0,40.093943810017,15.723115219614511,27.253397523938
Canon,EOS M10,1048,800,592.0,41.098177717447,16.11693243821451,27.352619607111
Canon,EOS M10,1048,800,592.0,42.102411624877,16.51074965681451,27.449159351155
Canon,EOS M10,1048,800,592.0,43.106645532307,16.90456687541451,27.543146845087
Canon,EOS M10,1048,800,592.0,44.110879439737,17.29838409401451,27.634703014721
Canon,EOS M10,1048,800,592.0,45.115113347167,17.692201312614507,27.723940462335
Canon,EOS M10,1048,800,592.0,46.119347254596,18.08601853121412,27.810964212381
Canon,EOS M10,1048,800,592.0,47.123581162026,18.479835749814118,27.895872375553
Canon,EOS M10,1048,800,592.0,48.127815069456,18.873652968414117,27.978756741731
Canon,EOS M10,1048,800,592.0,49.132048976886,19.267470187014116,28.059703310717
Canon,EOS M10,1048,800,592.0,50.136282884316,19.661287405614118,28.138792768457
Canon,EOS M10,1048,800,592.0,51.140516791746,20.055104624214117,28.216100915308
Canon,EOS M10,1048,800,592.0,52.144750699175,20.448921842813725,28.291699052045
Canon,EOS M10,1048,800,592.0,53.148984606605,20.842739061413727,28.365654328496
Canon,EOS M10,1048,800,592.0,54.153218514035,21.236556280013723,28.438030059081
Canon,EOS M10,1048,800,592.0,55.157452421465,21.630373498613725,28.508886008941
Canon,EOS M10,1048,800,592.0,56.161686328895,22.024190717213727,28.578278653885
Canon,EOS M10,1048,800,592.0,57.165920236324,22.418007935813332,28.646261416987
Canon,EOS M10,1048,800,592.0,58.170154143754,22.81182515441333,28.712884884291
Canon,EOS M10,1048,800,592.0,59.174388051184,23.205642373013337,28.778197001809
Canon,EOS M10,1048,800,592.0,60.178621958614,23.599459591613332,28.842243255723
Canon,EOS M10,1048,800,592.0,61.182855866044,23.993276810213334,28.905066837475
Canon,EOS M10,1048,800,592.0,62.187089773474,24.387094028813333,28.966708795244
Canon,EOS M10,1048,800,592.0,63.191323680903,24.78091124741294,29.027208173138
Canon,EOS M10,1048,800,592.0,64.195557588333,25.17472846601294,29.086602139267
Canon,EOS M10,1048,800,592.0,65.199791495763,25.568545684612936,29.144926103758
Canon,EOS M10,1048,800,592.0,66.204025403193,25.96236290321294,29.202213827635
Canon,EOS M10,1048,800,592.0,67.208259310623,26.356180121812944,29.258497523406
Canon,EOS M10,1048,800,592.0,68.212493218052,26.749997340412552,29.3138079481
Canon,EOS M10,1048,800,592.0,69.216727125482,27.143814559012547,29.368174489421
Canon,EOS M10,1048,800,592.0,70.220961032912,27.537631777612546,29.42162524563
Canon,EOS M10,1048,800,592.0,71.225194940342,27.931448996212556,29.474187099685
Canon,EOS M10,1048,800,592.0,72.229428847772,28.32526621481255,29.525885788136
Canon,EOS M10,1048,800,592.0,73.233662755202,28.71908343341255,29.5767459652
Canon,EOS M10,1048,800,592.0,74.237896662631,29.112900652012158,29.626791262437
Canon,EOS M10,1048,800,592.0,75.242130570061,29.506717870612153,29.676044344362
Canon,EOS M10,1048,800,592.0,76.246364477491,29.900535089212156,29.724526960331
Canon,EOS M10,1048,800,592.0,77.250598384921,30.29435230781216,29.772259993003
Canon,EOS M10,1048,800,592.0,78.254832292351,30.688169526412157,29.819263503629
Canon,EOS M10,1048,800,592.0,79.259066199781,31.08198674501216,29.865556774432
Canon,EOS M10,1048,800,592.0,80.26330010721,31.475803963611764,29.911158348279
Canon,EOS M10,1048,800,592.0,81.26753401464,31.869621182211766,29.956086065876
Canon,EOS M10,1048,800,592.0,82.27176792207,32.263438400811765,30.000357100643
Canon,EOS M10,1048,800,592.0,83.2760018295,32.65725561941177,30.043987991456
Canon,EOS M10,1048,800,592.0,84.28023573693,33.05107283801176,30.086994673411
Canon,EOS M10,1048,800,592.0,85.284469644359,33.44489005661138,30.129392506739
Canon,EOS M10,1048,800,592.0,86.288703551789,33.83870727521137,30.17119630402
Canon,EOS M10,1048,800,592.0,87.292937459219,34.232524493811376,30.212420355804
Canon,EOS M10,1048,800,592.0,88.297171366649,34.626341712411374,30.253078454751
Canon,EOS M10,1048,800,592.0,89.301405274079,35.02015893101137,30.293183918391
Canon,EOS M10,1048,800,592.0,90.305639181509,35.41397614961137,30.33274961061
Canon,EOS M10,1048,800,592.0,91.309873088938,35.80779336821098,30.371787961921
Canon,EOS M10,1048,800,592.0,92.314106996368,36.20161058681098,30.410310988627
Canon,EOS M10,1048,800,592.0,93.318340903798,36.59542780541098,30.448330310937
Canon,EOS M10,1048,800,592.0,94.322574811228,36.989245024010984,30.485857170095
Canon,EOS M10,1048,800,592.0,95.326808718658,37.38306224261098,30.522902444608
Canon,EOS M10,1048,800,592.0,96.331042626087,37.77687946121059,30.559476665598
Canon,EOS M10,1048,800,592.0,97.335276533517,38.17069667981059,30.595590031368
Canon,EOS M10,1048,800,592.0,98.339510440947,38.56451389841059,30.631252421203
Canon,EOS M10,1048,800,592.0,99.343744348377,38.95833111701059,30.666473408467
Canon,EOS M10,1048,800,592.0,100.34797825581,39.35214833561177,30.701262273035
Canon,EOS M10,1048,800,592.0,101.35221216324,39.745965554211764,30.735628013103
Canon,EOS M10,1048,800,592.0,102.35644607067,40.13978277281176,30.769579356405
Canon,EOS M10,1048,800,592.0,103.3606799781,40.53359999141176,30.803124770886
Canon,EOS M10,1048,800,592.0,104.36491388553,40.92741721001176,30.836272474846
Canon,EOS M10,1048,800,592.0,105.36914779296,41.32123442861177,30.869030446599
Canon,EOS M10,1048,800,592.0,106.37338170039,41.715051647211766,30.901406433674
Canon,EOS M10,1048,800,592.0,107.37761560782,42.108868865811765,30.933407961566
Canon,EOS M10,1048,800,592.0,108.38184951525,42.50268608441176,30.965042342094
Canon,EOS M10,1048,800,592.0,109.38608342268,42.89650330301177,30.99631668136
Canon,EOS M10,1048,800,592.0,110.3903173301,43.290320521607846,31.027237887338
Canon,EOS M10,1048,800,592.0,111.39455123753,43.68413774020784,31.057812677128
Canon,EOS M10,1048,800,592.0,112.39878514496,44.077954958807844,31.088047583876
Canon,EOS M10,1048,800,592.0,113.40301905239,44.47177217740784,31.117948963377
Canon,EOS M10,1048,800,592.0,114.40725295982,44.86558939600784,31.147523000398
Canon,EOS M10,1048,800,592.0,115.41148686725,45.25940661460785,31.17677571471
Canon,EOS M10,1048,800,592.0,116.41572077468,45.65322383320784,31.205712966868
Canon,EOS M10,1048,800,592.0,117.41995468211,46.047041051807845,31.234340463727
Canon,EOS M10,1048,800,592.0,118.42418858954,46.440858270407844,31.262663763739
Canon,EOS M10,1048,800,592.0,119.42842249697,46.83467548900784,31.290688282005
Canon,EOS M10,1048,800,592.0,120.4326564044,47.22849270760784,31.318419295131
Canon,EOS M10,1048,800,592.0,121.43689031183,47.62230992620784,31.34586194587
Canon,EOS M10,1048,800,592.0,122.44112421926,48.01612714480785,31.373021247576
Canon,EOS M10,1048,800,592.0,123.44535812669,48.409944363407845,31.399902088471
Canon,EOS M10,1048,800,592.0,124.44959203412,48.803761582007844,31.426509235744
Canon,EOS M10,1048,800,592.0,125.45382594155,49.197578800607836,31.45284733948
Canon,EOS M10,1048,800,592.0,126.45805984898,49.59139601920784,31.478920936428
Canon,EOS M10,1048,800,592.0,127.46229375641,49.98521323780785,31.504734453625
Canon,EOS M10,1048,800,592.0,128.46652766384,50.37903045640785,31.530292211875
Canon,EOS M10,1048,800,592.0,129.47076157127,50.772847675007846,31.555598429089
Canon,EOS M10,1048,800,592.0,130.4749954787,51.16666489360785,31.580657223496
Canon,EOS M10,1048,800,592.0,131.47922938613,51.560482112207836,31.605472616733
Canon,EOS M10,1048,800,592.0,132.48346329356,51.95429933080784,31.630048536813
Canon,EOS M10,1048,800,592.0,133.48769720099,52.34811654940784,31.65438882098
Canon,EOS M10,1048,800,592.0,134.49193110842,52.74193376800784,31.678497218461
Canon,EOS M10,1048,800,592.0,135.49616501585,53.135750986607846,31.702377393106
Canon,EOS M10,1048,800,592.0,136.50039892328,53.52956820520783,31.726032925942
Canon,EOS M10,1048,800,592.0,137.50463283071,53.923385423807844,31.74946731762
Canon,EOS M10,1048,800,592.0,138.50886673814,54.31720264240785,31.772683990781
Canon,EOS M10,1048,800,592.0,139.51310064557,54.71101986100785,31.795686292334
Canon,EOS M10,1048,800,592.0,140.517334553,55.10483707960785,31.818477495648
Canon,EOS M10,1048,800,592.0,141.52156846043,55.49865429820784,31.841060802671
Canon,EOS M10,1048,800,592.0,142.52580236786,55.89247151680784,31.86343934597
Canon,EOS M10,1048,800,592.0,143.53003627529,56.286288735407844,31.885616190698
Canon,EOS M10,1048,800,592.0,144.53427018272,56.68010595400784,31.907594336496
Canon,EOS M10,1048,800,592.0,145.53850409015,57.07392317260784,31.929376719326
Canon,EOS M10,1048,800,592.0,146.54273799758,57.46774039120785,31.950966213239
Canon,EOS M10,1048,800,592.0,147.54697190501,57.861557609807846,31.972365632085
Canon,EOS M10,1048,800,592.0,148.55120581244,58.255374828407845,31.993577731165
Canon,EOS M10,1048,800,592.0,149.55543971987,58.649192047007844,32.014605208824
Canon,EOS M10,1048,800,592.0,150.5596736273,59.043009265607836,32.03545070799
Canon,EOS M10,1048,800,592.0,151.56390753473,59.43682648420784,32.056116817667
Canon,EOS M10,1048,800,592.0,152.56814144216,59.83064370280784,32.076606074375
Canon,EOS M10,1048,800,592.0,153.57237534959,60.22446092140784,32.096920963536
Canon,EOS M10,1048,800,592.0,154.57660925702,60.618278140007845,32.117063920829
Canon,EOS M10,1048,800,592.0,155.58084316445,61.012095358607844,32.137037333485
Canon,EOS M10,1048,800,592.0,156.58507707188,61.40591257720784,32.156843541553
Canon,EOS M10,1048,800,592.0,157.58931097931,61.79972979580784,32.176484839115
Canon,EOS M10,1048,800,592.0,158.59354488674,62.19354701440785,32.195963475473
Canon,EOS M10,1048,800,592.0,159.59777879417,62.58736423300785,32.215281656284
Canon,EOS M10,1048,800,592.0,160.6020127016,62.98118145160784,32.234441544674
Canon,EOS M10,1048,800,592.0,161.60624660903,63.37499867020784,32.253445262309
Canon,EOS M10,1048,800,592.0,162.61048051646,63.768815888807836,32.272294890432
Canon,EOS M10,1048,800,592.0,163.61471442389,64.16263310740784,32.290992470868
Canon,EOS M10,1048,800,592.0,164.61894833132,64.55645032600785,32.309540007006
Canon,EOS M10,1048,800,592.0,165.62318223875,64.95026754460784,32.32793946474
Canon,EOS M10,1048,800,592.0,166.62741614618,65.34408476320785,32.346192773385
Canon,EOS M10,1048,800,592.0,167.63165005361,65.73790198180785,32.364301826572
Canon,EOS M10,1048,800,592.0,168.63588396104,66.13171920040784,32.382268483104
Canon,EOS M10,1048,800,592.0,169.64011786847,66.52553641900785,32.400094567798
Canon,EOS M10,1048,800,592.0,170.64435177589,66.91935363760392,32.417781872292
Canon,EOS M10,1048,800,592.0,171.64858568332,67.31317085620393,32.435332155836
Canon,EOS M10,1048,800,592.0,172.65281959075,67.70698807480392,32.452747146058
Canon,EOS M10,1048,800,592.0,173.65705349818,68.10080529340392,32.470028539703
Canon,EOS M10,1048,800,592.0,174.66128740561,68.49462251200393,32.487178003355
Canon,EOS M10,1048,800,592.0,175.66552131304,68.8884397306039,32.504197174138
Canon,EOS M10,1048,800,592.0,176.66975522047,69.28225694920393,32.521087660395
Canon,EOS M10,1048,800,592.0,177.6739891279,69.67607416780393,32.53785104235
Canon,EOS M10,1048,800,592.0,178.67822303533,70.06989138640392,32.554488872745
Canon,EOS M10,1048,800,592.0,179.68245694276,70.46370860500393,32.571002677472
Canon,EOS M10,1048,800,592.0,180.68669085019,70.85752582360392,32.587393956172
Canon,EOS M10,1048,800,592.0,181.69092475762,71.25134304220391,32.603664182824
Canon,EOS M10,1048,800,592.0,182.69515866505,71.64516026080392,32.619814806326
Canon,EOS M10,1048,800,592.0,183.69939257248,72.03897747940393,32.635847251041
Canon,EOS M10,1048,800,592.0,184.70362647991,72.43279469800392,32.651762917348
Canon,EOS M10,1048,800,592.0,185.70786038734,72.82661191660392,32.667563182164
Canon,EOS M10,1048,800,592.0,186.71209429477,73.22042913520393,32.683249399456
Canon,EOS M10,1048,800,592.0,187.7163282022,73.61424635380392,32.698822900745
Canon,EOS M10,1048,800,592.0,188.72056210963,74.00806357240393,32.714284995585
Canon,EOS M10,1048,800,592.0,189.72479601706,74.40188079100392,32.72963697204
Canon,EOS M10,1048,800,592.0,190.72902992449,74.79569800960391,32.744880097142
Canon,EOS M10,1048,800,592.0,191.73326383192,75.18951522820392,32.760015617338
Canon,EOS M10,1048,800,592.0,192.73749773935,75.58333244680392,32.775044758928
Canon,EOS M10,1048,800,592.0,193.74173164678,75.97714966540391,32.789968728488
Canon,EOS M10,1048,800,592.0,194.74596555421,76.37096688400392,32.804788713283
Canon,EOS M10,1048,800,592.0,195.75019946164,76.76478410260393,32.819505881671
Canon,EOS M10,1048,800,592.0,196.75443336907,77.15860132120392,32.834121383496
Canon,EOS M10,1048,800,592.0,197.7586672765,77.55241853980392,32.848636350466
Canon,EOS M10,1048,800,592.0,198.76290118393,77.94623575840393,32.863051896531
Canon,EOS M10,1048,800,592.0,199.76713509136,78.34005297700392,32.877369118242
Canon,EOS M10,1048,800,592.0,200.77136899879,78.73387019560391,32.89158909511
Canon,EOS M10,1048,800,592.0,201.77560290622,79.12768741420392,32.905712889942
Canon,EOS M10,1048,800,592.0,202.77983681365,79.52150463280393,32.919741549187
Canon,EOS M10,1048,800,592.0,203.78407072108,79.91532185140393,32.933676103258
Canon,EOS M10,1048,800,592.0,204.78830462851,80.30913907000392,32.947517566855
Canon,EOS M10,1048,800,592.0,205.79253853594,80.70295628860393,32.961266939274
Canon,EOS M10,1048,800,592.0,206.79677244337,81.09677350720392,32.974925204713
Canon,EOS M10,1048,800,592.0,207.8010063508,81.49059072580393,32.988493332572
Canon,EOS M10,1048,800,592.0,208.80524025823,81.88440794440392,33.001972277735
Canon,EOS M10,1048,800,592.0,209.80947416566,82.27822516300391,33.01536298086
Canon,EOS M10,1048,800,592.0,210.81370807309,82.67204238160392,33.028666368651
Canon,EOS M10,1048,800,592.0,211.81794198052,83.06585960020392,33.04188335413
Canon,EOS M10,1048,800,592.0,212.82217588795,83.45967681880393,33.055014836894
Canon,EOS M10,1048,800,592.0,213.82640979538,83.85349403740392,33.068061703382
Canon,EOS M10,1048,800,592.0,214.83064370281,84.24731125600393,33.081024827113
Canon,EOS M10,1048,800,592.0,215.83487761024,84.64112847460392,33.093905068941
Canon,EOS M10,1048,800,592.0,216.83911151767,85.03494569320392,33.106703277288
Canon,EOS M10,1048,800,592.0,217.8433454251,85.42876291180393,33.119420288381
Canon,EOS M10,1048,800,592.0,218.84757933253,85.8225801304039,33.132056926476
Canon,EOS M10,1048,800,592.0,219.85181323996,86.21639734900391,33.144614004085
Canon,EOS M10,1048,800,592.0,220.85604714739,86.61021456760393,33.157092322189
Canon,EOS M10,1048,800,592.0,221.86028105482,87.00403178620392,33.169492670455
Canon,EOS M10,1048,800,592.0,222.86451496225,87.39784900480393,33.181815827441
Canon,EOS M10,1048,800,592.0,223.86874886968,87.79166622340392,33.1940625608
Canon,EOS M10,1048,800,592.0,224.87298277711,88.18548344200391,33.206233627478
Canon,EOS M10,1048,800,592.0,225.87721668454,88.57930066060392,33.218329773909
Canon,EOS M10,1048,800,592.0,226.88145059197,88.97311787920393,33.230351736204
Canon,EOS M10,1048,800,592.0,227.8856844994,89.36693509780392,33.242300240334
Canon,EOS M10,1048,800,592.0,228.88991840683,89.76075231640391,33.254176002317
Canon,EOS M10,1048,800,592.0,229.89415231426,90.15456953500393,33.26597972839
Canon,EOS M10,1048,800,592.0,230.89838622168,90.5483867536,33.277712115185
Canon,EOS M10,1048,800,592.0,231.90262012911,90.94220397219999,33.289373849898
Canon,EOS M10,1048,800,592.0,232.90685403654,91.33602119080001,33.300965610455
Canon,EOS M10,1048,800,592.0,233.91108794397,91.7298384094,33.312488065674
Canon,EOS M10,1048,800,592.0,234.9153218514,92.123655628,33.323941875425
Canon,EOS M10,1048,800,592.0,235.91955575883,92.5174728466,33.335327690784
Canon,EOS M10,1048,800,592.0,236.92378966626,92.9112900652,33.346646154185
Canon,EOS M10,1048,800,592.0,237.92802357369,93.3051072838,33.357897899569
Canon,EOS M10,1048,800,592.0,238.93225748112,93.69892450239999,33.369083552533
Canon,EOS M10,1048,800,592.0,239.93649138855,94.092741721,33.380203730467
Canon,EOS M10,1048,800,592.0,240.94072529598,94.4865589396,33.391259042695
Canon,EOS M10,1048,800,592.0,241.94495920341,94.88037615820001,33.402250090617
Canon,EOS M10,1048,800,592.0,242.94919311084,95.27419337680001,33.413177467836
Canon,EOS M10,1048,800,592.0,243.95342701827,95.6680105954,33.424041760291
Canon,EOS M10,1048,800,592.0,244.9576609257,96.061827814,33.434843546387
Canon,EOS M10,1048,800,592.0,245.96189483313,96.4556450326,33.445583397121
Canon,EOS M10,1048,800,592.0,246.96612874056,96.84946225120001,33.4562618762
Canon,EOS M10,1048,800,592.0,247.97036264799,97.24327946979999,33.466879540168
Canon,EOS M10,1048,800,592.0,248.97459655542,97.63709668839999,33.477436938521
Canon,EOS M10,1048,800,592.0,249.97883046285,98.030913907,33.487934613822
Canon,EOS M10,1048,800,592.0,250.98306437028,98.4247311256,33.498373101815
Canon,EOS M10,1048,800,592.0,251.98729827771,98.81854834420001,33.508752931537
Canon,EOS M10,1048,800,592.0,252.99153218514,99.2123655628,33.519074625426
Canon,EOS M10,1048,800,592.0,253.99576609257,99.6061827814,33.529338699428
Canon,EOS M10,1048,800,592.0,255,100.0,33.5395456631
Canon,EOS M10,1048,1600,1213.0,0.50468027979883,0.19791383521522743,0
Canon,EOS M10,1048,1600,1213.0,0.9079936078835,0.35607592466019605,4.2553748686716
Canon,EOS M10,1048,1600,1213.0,1.7157919616704,0.6728595928119215,8.4630735495109
Canon,EOS M10,1048,1600,1213.0,3.3655511088803,1.3198239642667844,12.447276164724
Canon,EOS M10,1048,1600,1213.0,6.9542248648333,2.7271470058169807,16.279976434693
Canon,EOS M10,1048,1600,1213.0,7.9584587722631,3.1209642244169022,16.950544532924
Canon,EOS M10,1048,1600,1213.0,8.962692679693,3.5147814430168625,17.532252316096
Canon,EOS M10,1048,1600,1213.0,9.9669265871228,3.908598661616784,18.045393126011
Canon,EOS M10,1048,1600,1213.0,10.971160494553,4.302415880216863,18.504081860751
Canon,EOS M10,1048,1600,1213.0,11.975394401982,4.696233098816471,18.918517550605
Canon,EOS M10,1048,1600,1213.0,12.979628309412,5.090050317416471,19.296301231088
Canon,EOS M10,1048,1600,1213.0,13.983862216842,5.48386753601647,19.643244609201
Canon,EOS M10,1048,1600,1213.0,14.988096124272,5.87768475461647,19.963888008736
Canon,EOS M10,1048,1600,1213.0,15.992330031702,6.27150197321647,20.261844245167
Canon,EOS M10,1048,1600,1213.0,16.996563939132,6.66531919181647,20.540034015022
Canon,EOS M10,1048,1600,1213.0,18.000797846561,7.0591364104160785,20.800851320842
Canon,EOS M10,1048,1600,1213.0,19.005031753991,7.452953629016077,21.046282420393
Canon,EOS M10,1048,1600,1213.0,20.009265661421,7.846770847616079,21.27799309539
Canon,EOS M10,1048,1600,1213.0,21.013499568851,8.240588066216079,21.497393827984
Canon,EOS M10,1048,1600,1213.0,22.017733476281,8.634405284816077,21.705689256944
Canon,EOS M10,1048,1600,1213.0,23.021967383711,9.02822250341608,21.903916243782
Canon,EOS M10,1048,1600,1213.0,24.02620129114,9.422039722015686,22.092973551134
Canon,EOS M10,1048,1600,1213.0,25.03043519857,9.815856940615685,22.273645252973
Canon,EOS M10,1048,1600,1213.0,26.034669106,10.209674159215686,22.446619397666
Canon,EOS M10,1048,1600,1213.0,27.03890301343,10.603491377815686,22.612503031753
Canon,EOS M10,1048,1600,1213.0,28.04313692086,10.997308596415687,22.771834402488
Canon,EOS M10,1048,1600,1213.0,29.047370828289,11.391125815015295,22.925092950711
Canon,EOS M10,1048,1600,1213.0,30.051604735719,11.784943033615294,23.072707556598
Canon,EOS M10,1048,1600,1213.0,31.055838643149,12.178760252215294,23.21506339185
Canon,EOS M10,1048,1600,1213.0,32.060072550579,12.572577470815293,23.352507651241
Canon,EOS M10,1048,1600,1213.0,33.064306458009,12.966394689415296,23.485354376148
Canon,EOS M10,1048,1600,1213.0,34.068540365439,13.360211908015293,23.613888537134
Canon,EOS M10,1048,1600,1213.0,35.072774272868,13.754029126614903,23.738369507884
Canon,EOS M10,1048,1600,1213.0,36.077008180298,14.147846345214903,23.85903403609
Canon,EOS M10,1048,1600,1213.0,37.081242087728,14.541663563814902,23.976098796117
Canon,EOS M10,1048,1600,1213.0,38.085475995158,14.935480782414901,24.089762592073
Canon,EOS M10,1048,1600,1213.0,39.089709902588,15.329298001014902,24.200208267127
Canon,EOS M10,1048,1600,1213.0,40.093943810017,15.723115219614511,24.307604364816
Canon,EOS M10,1048,1600,1213.0,41.098177717447,16.11693243821451,24.412106579953
Canon,EOS M10,1048,1600,1213.0,42.102411624877,16.51074965681451,24.513859030307
Canon,EOS M10,1048,1600,1213.0,43.106645532307,16.90456687541451,24.61299537494
Canon,EOS M10,1048,1600,1213.0,44.110879439737,17.29838409401451,24.709639800844
Canon,EOS M10,1048,1600,1213.0,45.115113347167,17.692201312614507,24.803907896047
Canon,EOS M10,1048,1600,1213.0,46.119347254596,18.08601853121412,24.895907424501
Canon,EOS M10,1048,1600,1213.0,47.123581162026,18.479835749814118,24.985739015689
Canon,EOS M10,1048,1600,1213.0,48.127815069456,18.873652968414117,25.073496779981
Canon,EOS M10,1048,1600,1213.0,49.132048976886,19.267470187014116,25.159268859104
Canon,EOS M10,1048,1600,1213.0,50.136282884316,19.661287405614118,25.243137919777
Canon,EOS M10,1048,1600,1213.0,51.140516791746,20.055104624214117,25.325181597384
Canon,EOS M10,1048,1600,1213.0,52.144750699175,20.448921842813725,25.405472895652
Canon,EOS M10,1048,1600,1213.0,53.148984606605,20.842739061413727,25.484080547435
Canon,EOS M10,1048,1600,1213.0,54.153218514035,21.236556280013723,25.561069341082
Canon,EOS M10,1048,1600,1213.0,55.157452421465,21.630373498613725,25.636500416237
Canon,EOS M10,1048,1600,1213.0,56.161686328895,22.024190717213727,25.710431532439
Canon,EOS M10,1048,1600,1213.0,57.165920236324,22.418007935813332,25.782917313482
Canon,EOS M10,1048,1600,1213.0,58.170154143754,22.81182515441333,25.854009470091
Canon,EOS M10,1048,1600,1213.0,59.174388051184,23.205642373013337,25.923757003203
Canon,EOS M10,1048,1600,1213.0,60.178621958614,23.599459591613332,25.992206389824
Canon,EOS M10,1048,1600,1213.0,61.182855866044,23.993276810213334,26.059401753235
Canon,EOS M10,1048,1600,1213.0,62.187089773474,24.387094028813333,26.125385019105
Canon,EOS M10,1048,1600,1213.0,63.191323680903,24.78091124741294,26.190196058868
Canon,EOS M10,1048,1600,1213.0,64.195557588333,25.17472846601294,26.253872821614
Canon,EOS M10,1048,1600,1213.0,65.199791495763,25.568545684612936,26.316451455565
Canon,EOS M10,1048,1600,1213.0,66.204025403193,25.96236290321294,26.377966420112
Canon,EOS M10,1048,1600,1213.0,67.208259310623,26.356180121812944,26.438450589274
Canon,EOS M10,1048,1600,1213.0,68.212493218052,26.749997340412552,26.49793534737
Canon,EOS M10,1048,1600,1213.0,69.216727125482,27.143814559012547,26.55645067757
Canon,EOS M10,1048,1600,1213.0,70.220961032912,27.537631777612546,26.614025243984
Canon,EOS M10,1048,1600,1213.0,71.225194940342,27.931448996212556,26.670686467815
Canon,EOS M10,1048,1600,1213.0,72.229428847772,28.32526621481255,26.726460598105
Canon,EOS M10,1048,1600,1213.0,73.233662755202,28.71908343341255,26.781372777524
Canon,EOS M10,1048,1600,1213.0,74.237896662631,29.112900652012158,26.835447103599
Canon,EOS M10,1048,1600,1213.0,75.242130570061,29.506717870612153,26.888706685781
Canon,EOS M10,1048,1600,1213.0,76.246364477491,29.900535089212156,26.941173698662
Canon,EOS M10,1048,1600,1213.0,77.250598384921,30.29435230781216,26.992869431658
Canon,EOS M10,1048,1600,1213.0,78.254832292351,30.688169526412157,27.043814335448
Canon,EOS M10,1048,1600,1213.0,79.259066199781,31.08198674501216,27.094028065396
Canon,EOS M10,1048,1600,1213.0,80.26330010721,31.475803963611764,27.143529522204
Canon,EOS M10,1048,1600,1213.0,81.26753401464,31.869621182211766,27.192336890008
Canon,EOS M10,1048,1600,1213.0,82.27176792207,32.263438400811765,27.240467672092
Canon,EOS M10,1048,1600,1213.0,83.2760018295,32.65725561941177,27.287938724413
Canon,EOS M10,1048,1600,1213.0,84.28023573693,33.05107283801176,27.334766287083
Canon,EOS M10,1048,1600,1213.0,85.284469644359,33.44489005661138,27.380966013964
Canon,EOS M10,1048,1600,1213.0,86.288703551789,33.83870727521137,27.426553000508
Canon,EOS M10,1048,1600,1213.0,87.292937459219,34.232524493811376,27.471541809965
Canon,EOS M10,1048,1600,1213.0,88.297171366649,34.626341712411374,27.515946498067
Canon,EOS M10,1048,1600,1213.0,89.301405274079,35.02015893101137,27.559780636303
Canon,EOS M10,1048,1600,1213.0,90.305639181509,35.41397614961137,27.603057333875
Canon,EOS M10,1048,1600,1213.0,91.309873088938,35.80779336821098,27.645789258425
Canon,EOS M10,1048,1600,1213.0,92.314106996368,36.20161058681098,27.687988655607
Canon,EOS M10,1048,1600,1213.0,93.318340903798,36.59542780541098,27.729667367598
Canon,EOS M10,1048,1600,1213.0,94.322574811228,36.989245024010984,27.770836850595
Canon,EOS M10,1048,1600,1213.0,95.326808718658,37.38306224261098,27.811508191383
Canon,EOS M10,1048,1600,1213.0,96.331042626087,37.77687946121059,27.851692123017
Canon,EOS M10,1048,1600,1213.0,97.335276533517,38.17069667981059,27.891399039685
Canon,EOS M10,1048,1600,1213.0,98.339510440947,38.56451389841059,27.930639010797
Canon,EOS M10,1048,1600,1213.0,99.343744348377,38.95833111701059,27.969421794352
Canon,EOS M10,1048,1600,1213.0,100.34797825581,39.35214833561177,28.00775684962
Canon,EOS M10,1048,1600,1213.0,101.35221216324,39.745965554211764,28.045653349193
Canon,EOS M10,1048,1600,1213.0,102.35644607067,40.13978277281176,28.083120190425
Canon,EOS M10,1048,1600,1213.0,103.3606799781,40.53359999141176,28.120166006314
Canon,EOS M10,1048,1600,1213.0,104.36491388553,40.92741721001176,28.156799175854
Canon,EOS M10,1048,1600,1213.0,105.36914779296,41.32123442861177,28.193027833874
Canon,EOS M10,1048,1600,1213.0,106.37338170039,41.715051647211766,28.22885988042
Canon,EOS M10,1048,1600,1213.0,107.37761560782,42.108868865811765,28.264302989678
Canon,EOS M10,1048,1600,1213.0,108.38184951525,42.50268608441176,28.299364618488
Canon,EOS M10,1048,1600,1213.0,109.38608342268,42.89650330301177,28.334052014453
Canon,EOS M10,1048,1600,1213.0,110.3903173301,43.290320521607846,28.368372223678
Canon,EOS M10,1048,1600,1213.0,111.39455123753,43.68413774020784,28.40233209815
Canon,EOS M10,1048,1600,1213.0,112.39878514496,44.077954958807844,28.43593830279
Canon,EOS M10,1048,1600,1213.0,113.40301905239,44.47177217740784,28.469197322184
Canon,EOS M10,1048,1600,1213.0,114.40725295982,44.86558939600784,28.502115467012
Canon,EOS M10,1048,1600,1213.0,115.41148686725,45.25940661460785,28.534698880197
Canon,EOS M10,1048,1600,1213.0,116.41572077468,45.65322383320784,28.566953542784
Canon,EOS M10,1048,1600,1213.0,117.41995468211,46.047041051807845,28.598885279563
Canon,EOS M10,1048,1600,1213.0,118.42418858954,46.440858270407844,28.630499764448
Canon,EOS M10,1048,1600,1213.0,119.42842249697,46.83467548900784,28.661802525633
Canon,EOS M10,1048,1600,1213.0,120.4326564044,47.22849270760784,28.692798950523
Canon,EOS M10,1048,1600,1213.0,121.43689031183,47.62230992620784,28.723494290461
Canon,EOS M10,1048,1600,1213.0,122.44112421926,48.01612714480785,28.75389366526
Canon,EOS M10,1048,1600,1213.0,123.44535812669,48.409944363407845,28.784002067545
Canon,EOS M10,1048,1600,1213.0,124.44959203412,48.803761582007844,28.813824366919
Canon,EOS M10,1048,1600,1213.0,125.45382594155,49.197578800607836,28.84336531396
Canon,EOS M10,1048,1600,1213.0,126.45805984898,49.59139601920784,28.872629544057
Canon,EOS M10,1048,1600,1213.0,127.46229375641,49.98521323780785,28.901621581093
Canon,EOS M10,1048,1600,1213.0,128.46652766384,50.37903045640785,28.93034584098
Canon,EOS M10,1048,1600,1213.0,129.47076157127,50.772847675007846,28.958806635058
Canon,EOS M10,1048,1600,1213.0,130.4749954787,51.16666489360785,28.98700817336
Canon,EOS M10,1048,1600,1213.0,131.47922938613,51.560482112207836,29.014954567753
Canon,EOS M10,1048,1600,1213.0,132.48346329356,51.95429933080784,29.042649834951
Canon,EOS M10,1048,1600,1213.0,133.48769720099,52.34811654940784,29.070097899422
Canon,EOS M10,1048,1600,1213.0,134.49193110842,52.74193376800784,29.097302596183
Canon,EOS M10,1048,1600,1213.0,135.49616501585,53.135750986607846,29.124267673483
Canon,EOS M10,1048,1600,1213.0,136.50039892328,53.52956820520783,29.150996795398
Canon,EOS M10,1048,1600,1213.0,137.50463283071,53.923385423807844,29.177493544318
Canon,EOS M10,1048,1600,1213.0,138.50886673814,54.31720264240785,29.203761423351
Canon,EOS M10,1048,1600,1213.0,139.51310064557,54.71101986100785,29.229803858637
Canon,EOS M10,1048,1600,1213.0,140.517334553,55.10483707960785,29.255624201576
Canon,EOS M10,1048,1600,1213.0,141.52156846043,55.49865429820784,29.28122573098
Canon,EOS M10,1048,1600,1213.0,142.52580236786,55.89247151680784,29.306611655144
Canon,EOS M10,1048,1600,1213.0,143.53003627529,56.286288735407844,29.331785113846
Canon,EOS M10,1048,1600,1213.0,144.53427018272,56.68010595400784,29.356749180278
Canon,EOS M10,1048,1600,1213.0,145.53850409015,57.07392317260784,29.381506862907
Canon,EOS M10,1048,1600,1213.0,146.54273799758,57.46774039120785,29.406061107273
Canon,EOS M10,1048,1600,1213.0,147.54697190501,57.861557609807846,29.430414797721
Canon,EOS M10,1048,1600,1213.0,148.55120581244,58.255374828407845,29.454570759083
Canon,EOS M10,1048,1600,1213.0,149.55543971987,58.649192047007844,29.478531758293
Canon,EOS M10,1048,1600,1213.0,150.5596736273,59.043009265607836,29.502300505952
Canon,EOS M10,1048,1600,1213.0,151.56390753473,59.43682648420784,29.525879657843
Canon,EOS M10,1048,1600,1213.0,152.56814144216,59.83064370280784,29.549271816389
Canon,EOS M10,1048,1600,1213.0,153.57237534959,60.22446092140784,29.572479532067
Canon,EOS M10,1048,1600,1213.0,154.57660925702,60.618278140007845,29.595505304778
Canon,EOS M10,1048,1600,1213.0,155.58084316445,61.012095358607844,29.618351585166
Canon,EOS M10,1048,1600,1213.0,156.58507707188,61.40591257720784,29.641020775899
Canon,EOS M10,1048,1600,1213.0,157.58931097931,61.79972979580784,29.663515232907
Canon,EOS M10,1048,1600,1213.0,158.59354488674,62.19354701440785,29.68583726658
Canon,EOS M10,1048,1600,1213.0,159.59777879417,62.58736423300785,29.707989142929
Canon,EOS M10,1048,1600,1213.0,160.6020127016,62.98118145160784,29.72997308471
Canon,EOS M10,1048,1600,1213.0,161.60624660903,63.37499867020784,29.751791272513
Canon,EOS M10,1048,1600,1213.0,162.61048051646,63.768815888807836,29.773445845813
Canon,EOS M10,1048,1600,1213.0,163.61471442389,64.16263310740784,29.794938903995
Canon,EOS M10,1048,1600,1213.0,164.61894833132,64.55645032600785,29.816272507345
Canon,EOS M10,1048,1600,1213.0,165.62318223875,64.95026754460784,29.837448678006
Canon,EOS M10,1048,1600,1213.0,166.62741614618,65.34408476320785,29.858469400914
Canon,EOS M10,1048,1600,1213.0,167.63165005361,65.73790198180785,29.879336624693
Canon,EOS M10,1048,1600,1213.0,168.63588396104,66.13171920040784,29.900052262539
Canon,EOS M10,1048,1600,1213.0,169.64011786847,66.52553641900785,29.920618193062
Canon,EOS M10,1048,1600,1213.0,170.64435177589,66.91935363760392,29.941036261113
Canon,EOS M10,1048,1600,1213.0,171.64858568332,67.31317085620393,29.961308278584
Canon,EOS M10,1048,1600,1213.0,172.65281959075,67.70698807480392,29.981436025183
Canon,EOS M10,1048,1600,1213.0,173.65705349818,68.10080529340392,30.001421249186
Canon,EOS M10,1048,1600,1213.0,174.66128740561,68.49462251200393,30.021265668171
Canon,EOS M10,1048,1600,1213.0,175.66552131304,68.8884397306039,30.040970969728
Canon,EOS M10,1048,1600,1213.0,176.66975522047,69.28225694920393,30.060538812146
Canon,EOS M10,1048,1600,1213.0,177.6739891279,69.67607416780393,30.079970825087
Canon,EOS M10,1048,1600,1213.0,178.67822303533,70.06989138640392,30.099268610235
Canon,EOS M10,1048,1600,1213.0,179.68245694276,70.46370860500393,30.118433741928
Canon,EOS M10,1048,1600,1213.0,180.68669085019,70.85752582360392,30.137467767776
Canon,EOS M10,1048,1600,1213.0,181.69092475762,71.25134304220391,30.156372209257
Canon,EOS M10,1048,1600,1213.0,182.69515866505,71.64516026080392,30.175148562297
Canon,EOS M10,1048,1600,1213.0,183.69939257248,72.03897747940393,30.193798297839
Canon,EOS M10,1048,1600,1213.0,184.70362647991,72.43279469800392,30.212322862388
Canon,EOS M10,1048,1600,1213.0,185.70786038734,72.82661191660392,30.230723678549
Canon,EOS M10,1048,1600,1213.0,186.71209429477,73.22042913520393,30.249002145548
Canon,EOS M10,1048,1600,1213.0,187.7163282022,73.61424635380392,30.267159639732
Canon,EOS M10,1048,1600,1213.0,188.72056210963,74.00806357240393,30.285197515071
Canon,EOS M10,1048,1600,1213.0,189.72479601706,74.40188079100392,30.303117103628
Canon,EOS M10,1048,1600,1213.0,190.72902992449,74.79569800960391,30.320919716032
Canon,EOS M10,1048,1600,1213.0,191.73326383192,75.18951522820392,30.33860664193
Canon,EOS M10,1048,1600,1213.0,192.73749773935,75.58333244680392,30.356179150428
Canon,EOS M10,1048,1600,1213.0,193.74173164678,75.97714966540391,30.373638490525
Canon,EOS M10,1048,1600,1213.0,194.74596555421,76.37096688400392,30.390985891529
Canon,EOS M10,1048,1600,1213.0,195.75019946164,76.76478410260393,30.408222563468
Canon,EOS M10,1048,1600,1213.0,196.75443336907,77.15860132120392,30.425349697487
Canon,EOS M10,1048,1600,1213.0,197.7586672765,77.55241853980392,30.442368466238
Canon,EOS M10,1048,1600,1213.0,198.76290118393,77.94623575840393,30.459280024256
Canon,EOS M10,1048,1600,1213.0,199.76713509136,78.34005297700392,30.476085508325
Canon,EOS M10,1048,1600,1213.0,200.77136899879,78.73387019560391,30.492786037843
Canon,EOS M10,1048,1600,1213.0,201.77560290622,79.12768741420392,30.509382715169
Canon,EOS M10,1048,1600,1213.0,202.77983681365,79.52150463280393,30.525876625962
Canon,EOS M10,1048,1600,1213.0,203.78407072108,79.91532185140393,30.542268839521
Canon,EOS M10,1048,1600,1213.0,204.78830462851,80.30913907000392,30.5585604091
Canon,EOS M10,1048,1600,1213.0,205.79253853594,80.70295628860393,30.574752372232
Canon,EOS M10,1048,1600,1213.0,206.79677244337,81.09677350720392,30.590845751036
Canon,EOS M10,1048,1600,1213.0,207.8010063508,81.49059072580393,30.606841552518
Canon,EOS M10,1048,1600,1213.0,208.80524025823,81.88440794440392,30.622740768862
Canon,EOS M10,1048,1600,1213.0,209.80947416566,82.27822516300391,30.638544377725
Canon,EOS M10,1048,1600,1213.0,210.81370807309,82.67204238160392,30.654253342507
Canon,EOS M10,1048,1600,1213.0,211.81794198052,83.06585960020392,30.669868612632
Canon,EOS M10,1048,1600,1213.0,212.82217588795,83.45967681880393,30.685391123812
Canon,EOS M10,1048,1600,1213.0,213.82640979538,83.85349403740392,30.700821798306
Canon,EOS M10,1048,1600,1213.0,214.83064370281,84.24731125600393,30.716161545178
Canon,EOS M10,1048,1600,1213.0,215.83487761024,84.64112847460392,30.731411260542
Canon,EOS M10,1048,1600,1213.0,216.83911151767,85.03494569320392,30.746571827806
Canon,EOS M10,1048,1600,1213.0,217.8433454251,85.42876291180393,30.76164411791
Canon,EOS M10,1048,1600,1213.0,218.84757933253,85.8225801304039,30.776628989556
Canon,EOS M10,1048,1600,1213.0,219.85181323996,86.21639734900391,30.791527289433
Canon,EOS M10,1048,1600,1213.0,220.85604714739,86.61021456760393,30.806339852441
Canon,EOS M10,1048,1600,1213.0,221.86028105482,87.00403178620392,30.821067501906
Canon,EOS M10,1048,1600,1213.0,222.86451496225,87.39784900480393,30.835711049789
Canon,EOS M10,1048,1600,1213.0,223.86874886968,87.79166622340392,30.850271296893
Canon,EOS M10,1048,1600,1213.0,224.87298277711,88.18548344200391,30.864749033068
Canon,EOS M10,1048,1600,1213.0,225.87721668454,88.57930066060392,30.879145037401
Canon,EOS M10,1048,1600,1213.0,226.88145059197,88.97311787920393,30.893460078417
Canon,EOS M10,1048,1600,1213.0,227.8856844994,89.36693509780392,30.907694914261
Canon,EOS M10,1048,1600,1213.0,228.88991840683,89.76075231640391,30.921850292884
Canon,EOS M10,1048,1600,1213.0,229.89415231426,90.15456953500393,30.935926952225
Canon,EOS M10,1048,1600,1213.0,230.89838622168,90.5483867536,30.949925620385
Canon,EOS M10,1048,1600,1213.0,231.90262012911,90.94220397219999,30.9638470158
Canon,EOS M10,1048,1600,1213.0,232.90685403654,91.33602119080001,30.977691847411
Canon,EOS M10,1048,1600,1213.0,233.91108794397,91.7298384094,30.991460814825
Canon,EOS M10,1048,1600,1213.0,234.9153218514,92.123655628,31.005154608481
Canon,EOS M10,1048,1600,1213.0,235.91955575883,92.5174728466,31.018773909807
Canon,EOS M10,1048,1600,1213.0,236.92378966626,92.9112900652,31.03231939137
Canon,EOS M10,1048,1600,1213.0,237.92802357369,93.3051072838,31.045791717034
Canon,EOS M10,1048,1600,1213.0,238.93225748112,93.69892450239999,31.059191542103
Canon,EOS M10,1048,1600,1213.0,239.93649138855,94.092741721,31.072519513468
Canon,EOS M10,1048,1600,1213.0,240.94072529598,94.4865589396,31.085776269751
Canon,EOS M10,1048,1600,1213.0,241.94495920341,94.88037615820001,31.098962441438
Canon,EOS M10,1048,1600,1213.0,242.94919311084,95.27419337680001,31.11207865102
Canon,EOS M10,1048,1600,1213.0,243.95342701827,95.6680105954,31.125125513125
Canon,EOS M10,1048,1600,1213.0,244.9576609257,96.061827814,31.138103634649
Canon,EOS M10,1048,1600,1213.0,245.96189483313,96.4556450326,31.151013614881
Canon,EOS M10,1048,1600,1213.0,246.96612874056,96.84946225120001,31.163856045631
Canon,EOS M10,1048,1600,1213.0,247.97036264799,97.24327946979999,31.176631511353
Canon,EOS M10,1048,1600,1213.0,248.97459655542,97.63709668839999,31.189340589261
Canon,EOS M10,1048,1600,1213.0,249.97883046285,98.030913907,31.201983849452
Canon,EOS M10,1048,1600,1213.0,250.98306437028,98.4247311256,31.214561855016
Canon,EOS M10,1048,1600,1213.0,251.98729827771,98.81854834420001,31.227075162156
Canon,EOS M10,1048,1600,1213.0,252.99153218514,99.2123655628,31.239524320289
Canon,EOS M10,1048,1600,1213.0,253.99576609257,99.6061827814,31.251909872164
Canon,EOS M10,1048,1600,1213.0,255,100.0,31.264232353961
Canon,EOS M10,1048,3200,2384.0,0.9079936078835,0.35607592466019605,0
Canon,EOS M10,1048,3200,2384.0,1.7157919616704,0.6728595928119215,4.4906369516866
Canon,EOS M10,1048,3200,2384.0,3.3655511088803,1.3198239642667844,8.7770295974396
Canon,EOS M10,1048,3200,2384.0,6.9542248648333,2.7271470058169807,12.882663504583
Canon,EOS M10,1048,3200,2384.0,7.9584587722631,3.1209642244169022,13.596214084038
Canon,EOS M10,1048,3200,2384.0,8.962692679693,3.5147814430168625,14.213952868054
Canon,EOS M10,1048,3200,2384.0,9.9669265871228,3.908598661616784,14.757963035199
Canon,EOS M10,1048,3200,2384.0,10.971160494553,4.302415880216863,15.243582519343
Canon,EOS M10,1048,3200,2384.0,11.975394401982,4.696233098816471,15.681874542125
Canon,EOS M10,1048,3200,2384.0,12.979628309412,5.090050317416471,16.08106812717
Canon,EOS M10,1048,3200,2384.0,13.983862216842,5.48386753601647,16.44744231992
Canon,EOS M10,1048,3200,2384.0,14.988096124272,5.87768475461647,16.785892425612
Canon,EOS M10,1048,3200,2384.0,15.992330031702,6.27150197321647,17.100305741946
Canon,EOS M10,1048,3200,2384.0,16.996563939132,6.66531919181647,17.393818547132
Canon,EOS M10,1048,3200,2384.0,18.000797846561,7.0591364104160785,17.668996522819
Canon,EOS M10,1048,3200,2384.0,19.005031753991,7.452953629016077,17.927964340159
Canon,EOS M10,1048,3200,2384.0,20.009265661421,7.846770847616079,18.172500615476
Canon,EOS M10,1048,3200,2384.0,21.013499568851,8.240588066216079,18.40410873616
Canon,EOS M10,1048,3200,2384.0,22.017733476281,8.634405284816077,18.624070532182
Canon,EOS M10,1048,3200,2384.0,23.021967383711,9.02822250341608,18.833487530981
Canon,EOS M10,1048,3200,2384.0,24.02620129114,9.422039722015686,19.033313078344
Canon,EOS M10,1048,3200,2384.0,25.03043519857,9.815856940615685,19.224377640974
Canon,EOS M10,1048,3200,2384.0,26.034669106,10.209674159215686,19.407408951096
Canon,EOS M10,1048,3200,2384.0,27.03890301343,10.603491377815686,19.583048201411
Canon,EOS M10,1048,3200,2384.0,28.04313692086,10.997308596415687,19.751863181713
Canon,EOS M10,1048,3200,2384.0,29.047370828289,11.391125815015295,19.914359022939
Canon,EOS M10,1048,3200,2384.0,30.051604735719,11.784943033615294,20.070987051648
Canon,EOS M10,1048,3200,2384.0,31.055838643149,12.178760252215294,20.222152139044
Canon,EOS M10,1048,3200,2384.0,32.060072550579,12.572577470815293,20.368218840744
Canon,EOS M10,1048,3200,2384.0,33.064306458009,12.966394689415296,20.509516557826
Canon,EOS M10,1048,3200,2384.0,34.068540365439,13.360211908015293,20.646343900113
Canon,EOS M10,1048,3200,2384.0,35.072774272868,13.754029126614903,20.778972394843
Canon,EOS M10,1048,3200,2384.0,36.077008180298,14.147846345214903,20.90764965488
Canon,EOS M10,1048,3200,2384.0,37.081242087728,14.541663563814902,21.032602098056
Canon,EOS M10,1048,3200,2384.0,38.085475995158,14.935480782414901,21.154037291697
Canon,EOS M10,1048,3200,2384.0,39.089709902588,15.329298001014902,21.272145982525
Canon,EOS M10,1048,3200,2384.0,40.093943810017,15.723115219614511,21.387103861148
Canon,EOS M10,1048,3200,2384.0,41.098177717447,16.11693243821451,21.499073101666
Canon,EOS M10,1048,3200,2384.0,42.102411624877,16.51074965681451,21.608203709829
Canon,EOS M10,1048,3200,2384.0,43.106645532307,16.90456687541451,21.714634707584
Canon,EOS M10,1048,3200,2384.0,44.110879439737,17.29838409401451,21.818495177223
Canon,EOS M10,1048,3200,2384.0,45.115113347167,17.692201312614507,21.919905184596
Canon,EOS M10,1048,3200,2384.0,46.119347254596,18.08601853121412,22.018976597796
Canon,EOS M10,1048,3200,2384.0,47.123581162026,18.479835749814118,22.115813815163
Canon,EOS M10,1048,3200,2384.0,48.127815069456,18.873652968414117,22.210514414396
Canon,EOS M10,1048,3200,2384.0,49.132048976886,19.267470187014116,22.303169732782
Canon,EOS M10,1048,3200,2384.0,50.136282884316,19.661287405614118,22.393865387126
Canon,EOS M10,1048,3200,2384.0,51.140516791746,20.055104624214117,22.482681740732
Canon,EOS M10,1048,3200,2384.0,52.144750699175,20.448921842813725,22.569694323774
Canon,EOS M10,1048,3200,2384.0,53.148984606605,20.842739061413727,22.654974212505
Canon,EOS M10,1048,3200,2384.0,54.153218514035,21.236556280013723,22.738588372062
Canon,EOS M10,1048,3200,2384.0,55.157452421465,21.630373498613725,22.820599966962
Canon,EOS M10,1048,3200,2384.0,56.161686328895,22.024190717213727,22.901068642871
Canon,EOS M10,1048,3200,2384.0,57.165920236324,22.418007935813332,22.98005078278
Canon,EOS M10,1048,3200,2384.0,58.170154143754,22.81182515441333,23.057599740317
Canon,EOS M10,1048,3200,2384.0,59.174388051184,23.205642373013337,23.133766052601
Canon,EOS M10,1048,3200,2384.0,60.178621958614,23.599459591613332,23.208597634752
Canon,EOS M10,1048,3200,2384.0,61.182855866044,23.993276810213334,23.282139957911
Canon,EOS M10,1048,3200,2384.0,62.187089773474,24.387094028813333,23.354436212436
Canon,EOS M10,1048,3200,2384.0,63.191323680903,24.78091124741294,23.425527457706
Canon,EOS M10,1048,3200,2384.0,64.195557588333,25.17472846601294,23.495452759848
Canon,EOS M10,1048,3200,2384.0,65.199791495763,25.568545684612936,23.564249318521
Canon,EOS M10,1048,3200,2384.0,66.204025403193,25.96236290321294,23.6319525838
Canon,EOS M10,1048,3200,2384.0,67.208259310623,26.356180121812944,23.698596364052
Canon,EOS M10,1048,3200,2384.0,68.212493218052,26.749997340412552,23.764212925636
Canon,EOS M10,1048,3200,2384.0,69.216727125482,27.143814559012547,23.828833085163
Canon,EOS M10,1048,3200,2384.0,70.220961032912,27.537631777612546,23.892486294959
Canon,EOS M10,1048,3200,2384.0,71.225194940342,27.931448996212556,23.955200722328
Canon,EOS M10,1048,3200,2384.0,72.229428847772,28.32526621481255,24.01700332315
Canon,EOS M10,1048,3200,2384.0,73.233662755202,28.71908343341255,24.077919910292
Canon,EOS M10,1048,3200,2384.0,74.237896662631,29.112900652012158,24.137975217255
Canon,EOS M10,1048,3200,2384.0,75.242130570061,29.506717870612153,24.197192957464
Canon,EOS M10,1048,3200,2384.0,76.246364477491,29.900535089212156,24.255595879541
Canon,EOS M10,1048,3200,2384.0,77.250598384921,30.29435230781216,24.313205818888
Canon,EOS M10,1048,3200,2384.0,78.254832292351,30.688169526412157,24.370043745874
Canon,EOS M10,1048,3200,2384.0,79.259066199781,31.08198674501216,24.426129810889
Canon,EOS M10,1048,3200,2384.0,80.26330010721,31.475803963611764,24.481483386497
Canon,EOS M10,1048,3200,2384.0,81.26753401464,31.869621182211766,24.536123106928
Canon,EOS M10,1048,3200,2384.0,82.27176792207,32.263438400811765,24.590066905089
Canon,EOS M10,1048,3200,2384.0,83.2760018295,32.65725561941177,24.643332047294
Canon,EOS M10,1048,3200,2384.0,84.28023573693,33.05107283801176,24.69593516586
Canon,EOS M10,1048,3200,2384.0,85.284469644359,33.44489005661138,24.747892289751
Canon,EOS M10,1048,3200,2384.0,86.288703551789,33.83870727521137,24.799218873386
Canon,EOS M10,1048,3200,2384.0,87.292937459219,34.232524493811376,24.849929823747
Canon,EOS M10,1048,3200,2384.0,88.297171366649,34.626341712411374,24.900039525917
Canon,EOS M10,1048,3200,2384.0,89.301405274079,35.02015893101137,24.949561867136
Canon,EOS M10,1048,3200,2384.0,90.305639181509,35.41397614961137,24.998510259497
Canon,EOS M10,1048,3200,2384.0,91.309873088938,35.80779336821098,25.046897661362
Canon,EOS M10,1048,3200,2384.0,92.314106996368,36.20161058681098,25.094736597581
Canon,EOS M10,1048,3200,2384.0,93.318340903798,36.59542780541098,25.142039178601
Canon,EOS M10,1048,3200,2384.0,94.322574811228,36.989245024010984,25.18881711854
Canon,EOS M10,1048,3200,2384.0,95.326808718658,37.38306224261098,25.235081752276
Canon,EOS M10,1048,3200,2384.0,96.331042626087,37.77687946121059,25.280844051633
Canon,EOS M10,1048,3200,2384.0,97.335276533517,38.17069667981059,25.326114640712
Canon,EOS M10,1048,3200,2384.0,98.339510440947,38.56451389841059,25.370903810419
Canon,EOS M10,1048,3200,2384.0,99.343744348377,38.95833111701059,25.415221532247
Canon,EOS M10,1048,3200,2384.0,100.34797825581,39.35214833561177,25.459077471347
Canon,EOS M10,1048,3200,2384.0,101.35221216324,39.745965554211764,25.502480998946
Canon,EOS M10,1048,3200,2384.0,102.35644607067,40.13978277281176,25.545441204132
Canon,EOS M10,1048,3200,2384.0,103.3606799781,40.53359999141176,25.587966905066
Canon,EOS M10,1048,3200,2384.0,104.36491388553,40.92741721001176,25.630066659631
Canon,EOS M10,1048,3200,2384.0,105.36914779296,41.32123442861177,25.671748775576
Canon,EOS M10,1048,3200,2384.0,106.37338170039,41.715051647211766,25.713021320157
Canon,EOS M10,1048,3200,2384.0,107.37761560782,42.108868865811765,25.753892129331
Canon,EOS M10,1048,3200,2384.0,108.38184951525,42.50268608441176,25.794368816506
Canon,EOS M10,1048,3200,2384.0,109.38608342268,42.89650330301177,25.834458780886
Canon,EOS M10,1048,3200,2384.0,110.3903173301,43.290320521607846,25.874169215428
Canon,EOS M10,1048,3200,2384.0,111.39455123753,43.68413774020784,25.913507114431
Canon,EOS M10,1048,3200,2384.0,112.39878514496,44.077954958807844,25.95247928078
Canon,EOS M10,1048,3200,2384.0,113.40301905239,44.47177217740784,25.991092332867
Canon,EOS M10,1048,3200,2384.0,114.40725295982,44.86558939600784,26.029352711196
Canon,EOS M10,1048,3200,2384.0,115.41148686725,45.25940661460785,26.0672666847
Canon,EOS M10,1048,3200,2384.0,116.41572077468,45.65322383320784,26.104840356776
Canon,EOS M10,1048,3200,2384.0,117.41995468211,46.047041051807845,26.142079671061
Canon,EOS M10,1048,3200,2384.0,118.42418858954,46.440858270407844,26.178990416959
Canon,EOS M10,1048,3200,2384.0,119.42842249697,46.83467548900784,26.215578234922
Canon,EOS M10,1048,3200,2384.0,120.4326564044,47.22849270760784,26.251848621522
Canon,EOS M10,1048,3200,2384.0,121.43689031183,47.62230992620784,26.287806934295
Canon,EOS M10,1048,3200,2384.0,122.44112421926,48.01612714480785,26.323458396391
Canon,EOS M10,1048,3200,2384.0,123.44535812669,48.409944363407845,26.358808101032
Canon,EOS M10,1048,3200,2384.0,124.44959203412,48.803761582007844,26.393861015777
Canon,EOS M10,1048,3200,2384.0,125.45382594155,49.197578800607836,26.428621986628
Canon,EOS M10,1048,3200,2384.0,126.45805984898,49.59139601920784,26.463095741955
Canon,EOS M10,1048,3200,2384.0,127.46229375641,49.98521323780785,26.497286896278
Canon,EOS M10,1048,3200,2384.0,128.46652766384,50.37903045640785,26.531199953886
Canon,EOS M10,1048,3200,2384.0,129.47076157127,50.772847675007846,26.564839312321
Canon,EOS M10,1048,3200,2384.0,130.4749954787,51.16666489360785,26.598209265723
Canon,EOS M10,1048,3200,2384.0,131.47922938613,51.560482112207836,26.631314008045
Canon,EOS M10,1048,3200,2384.0,132.48346329356,51.95429933080784,26.664157636144
Canon,EOS M10,1048,3200,2384.0,133.48769720099,52.34811654940784,26.696744152755
Canon,EOS M10,1048,3200,2384.0,134.49193110842,52.74193376800784,26.729077469349
Canon,EOS M10,1048,3200,2384.0,135.49616501585,53.135750986607846,26.76116140889
Canon,EOS M10,1048,3200,2384.0,136.50039892328,53.52956820520783,26.792999708478
Canon,EOS M10,1048,3200,2384.0,137.50463283071,53.923385423807844,26.824596021905
Canon,EOS M10,1048,3200,2384.0,138.50886673814,54.31720264240785,26.85595392211
Canon,EOS M10,1048,3200,2384.0,139.51310064557,54.71101986100785,26.887076903547
Canon,EOS M10,1048,3200,2384.0,140.517334553,55.10483707960785,26.917968384465
Canon,EOS M10,1048,3200,2384.0,141.52156846043,55.49865429820784,26.948631709108
Canon,EOS M10,1048,3200,2384.0,142.52580236786,55.89247151680784,26.979070149835
Canon,EOS M10,1048,3200,2384.0,143.53003627529,56.286288735407844,27.009286909165
Canon,EOS M10,1048,3200,2384.0,144.53427018272,56.68010595400784,27.039285121748
Canon,EOS M10,1048,3200,2384.0,145.53850409015,57.07392317260784,27.069067856272
Canon,EOS M10,1048,3200,2384.0,146.54273799758,57.46774039120785,27.098638117296
Canon,EOS M10,1048,3200,2384.0,147.54697190501,57.861557609807846,27.127998847029
Canon,EOS M10,1048,3200,2384.0,148.55120581244,58.255374828407845,27.157152927036
Canon,EOS M10,1048,3200,2384.0,149.55543971987,58.649192047007844,27.1861031799
Canon,EOS M10,1048,3200,2384.0,150.5596736273,59.043009265607836,27.214852370815
Canon,EOS M10,1048,3200,2384.0,151.56390753473,59.43682648420784,27.243403209133
Canon,EOS M10,1048,3200,2384.0,152.56814144216,59.83064370280784,27.271758349855
Canon,EOS M10,1048,3200,2384.0,153.57237534959,60.22446092140784,27.29992039508
Canon,EOS M10,1048,3200,2384.0,154.57660925702,60.618278140007845,27.327891895394
Canon,EOS M10,1048,3200,2384.0,155.58084316445,61.012095358607844,27.355675351224
Canon,EOS M10,1048,3200,2384.0,156.58507707188,61.40591257720784,27.383273214143
Canon,EOS M10,1048,3200,2384.0,157.58931097931,61.79972979580784,27.410687888137
Canon,EOS M10,1048,3200,2384.0,158.59354488674,62.19354701440785,27.437921730824
Canon,EOS M10,1048,3200,2384.0,159.59777879417,62.58736423300785,27.464977054641
Canon,EOS M10,1048,3200,2384.0,160.6020127016,62.98118145160784,27.49185612799
Canon,EOS M10,1048,3200,2384.0,161.60624660903,63.37499867020784,27.51856117635
Canon,EOS M10,1048,3200,2384.0,162.61048051646,63.768815888807836,27.54509438335
Canon,EOS M10,1048,3200,2384.0,163.61471442389,64.16263310740784,27.571457891815
Canon,EOS M10,1048,3200,2384.0,164.61894833132,64.55645032600785,27.597653804773
Canon,EOS M10,1048,3200,2384.0,165.62318223875,64.95026754460784,27.623684186436
Canon,EOS M10,1048,3200,2384.0,166.62741614618,65.34408476320785,27.649551063149
Canon,EOS M10,1048,3200,2384.0,167.63165005361,65.73790198180785,27.675256424309
Canon,EOS M10,1048,3200,2384.0,168.63588396104,66.13171920040784,27.70080222326
Canon,EOS M10,1048,3200,2384.0,169.64011786847,66.52553641900785,27.726190378154
Canon,EOS M10,1048,3200,2384.0,170.64435177589,66.91935363760392,27.751422772798
Canon,EOS M10,1048,3200,2384.0,171.64858568332,67.31317085620393,27.776501257464
Canon,EOS M10,1048,3200,2384.0,172.65281959075,67.70698807480392,27.801427649679
Canon,EOS M10,1048,3200,2384.0,173.65705349818,68.10080529340392,27.826203734997
Canon,EOS M10,1048,3200,2384.0,174.66128740561,68.49462251200393,27.850831267744
Canon,EOS M10,1048,3200,2384.0,175.66552131304,68.8884397306039,27.875311971737
Canon,EOS M10,1048,3200,2384.0,176.66975522047,69.28225694920393,27.899647540993
Canon,EOS M10,1048,3200,2384.0,177.6739891279,69.67607416780393,27.923839640408
Canon,EOS M10,1048,3200,2384.0,178.67822303533,70.06989138640392,27.947889906422
Canon,EOS M10,1048,3200,2384.0,179.68245694276,70.46370860500393,27.971799947664
Canon,EOS M10,1048,3200,2384.0,180.68669085019,70.85752582360392,27.995571345576
Canon,EOS M10,1048,3200,2384.0,181.69092475762,71.25134304220391,28.019205655027
Canon,EOS M10,1048,3200,2384.0,182.69515866505,71.64516026080392,28.042704404899
Canon,EOS M10,1048,3200,2384.0,183.69939257248,72.03897747940393,28.066069098666
Canon,EOS M10,1048,3200,2384.0,184.70362647991,72.43279469800392,28.089301214955
Canon,EOS M10,1048,3200,2384.0,185.70786038734,72.82661191660392,28.112402208087
Canon,EOS M10,1048,3200,2384.0,186.71209429477,73.22042913520393,28.135373508609
Canon,EOS M10,1048,3200,2384.0,187.7163282022,73.61424635380392,28.158216523809
Canon,EOS M10,1048,3200,2384.0,188.72056210963,74.00806357240393,28.180932638216
Canon,EOS M10,1048,3200,2384.0,189.72479601706,74.40188079100392,28.203523214091
Canon,EOS M10,1048,3200,2384.0,190.72902992449,74.79569800960391,28.225989591897
Canon,EOS M10,1048,3200,2384.0,191.73326383192,75.18951522820392,28.248333090766
Canon,EOS M10,1048,3200,2384.0,192.73749773935,75.58333244680392,28.270555008949
Canon,EOS M10,1048,3200,2384.0,193.74173164678,75.97714966540391,28.29265662425
Canon,EOS M10,1048,3200,2384.0,194.74596555421,76.37096688400392,28.314639194458
Canon,EOS M10,1048,3200,2384.0,195.75019946164,76.76478410260393,28.336503957758
Canon,EOS M10,1048,3200,2384.0,196.75443336907,77.15860132120392,28.358252133142
Canon,EOS M10,1048,3200,2384.0,197.7586672765,77.55241853980392,28.379884920798
Canon,EOS M10,1048,3200,2384.0,198.76290118393,77.94623575840393,28.401403502498
Canon,EOS M10,1048,3200,2384.0,199.76713509136,78.34005297700392,28.422809041972
Canon,EOS M10,1048,3200,2384.0,200.77136899879,78.73387019560391,28.444102685272
Canon,EOS M10,1048,3200,2384.0,201.77560290622,79.12768741420392,28.465285561129
Canon,EOS M10,1048,3200,2384.0,202.77983681365,79.52150463280393,28.486358781304
Canon,EOS M10,1048,3200,2384.0,203.78407072108,79.91532185140393,28.507323440918
Canon,EOS M10,1048,3200,2384.0,204.78830462851,80.30913907000392,28.528180618791
Canon,EOS M10,1048,3200,2384.0,205.79253853594,80.70295628860393,28.548931377758
Canon,EOS M10,1048,3200,2384.0,206.79677244337,81.09677350720392,28.569576764987
Canon,EOS M10,1048,3200,2384.0,207.8010063508,81.49059072580393,28.590117812282
Canon,EOS M10,1048,3200,2384.0,208.80524025823,81.88440794440392,28.610555536385
Canon,EOS M10,1048,3200,2384.0,209.80947416566,82.27822516300391,28.630890939265
Canon,EOS M10,1048,3200,2384.0,210.81370807309,82.67204238160392,28.651125008407
Canon,EOS M10,1048,3200,2384.0,211.81794198052,83.06585960020392,28.671258717083
Canon,EOS M10,1048,3200,2384.0,212.82217588795,83.45967681880393,28.69129302463
Canon,EOS M10,1048,3200,2384.0,213.82640979538,83.85349403740392,28.711228876711
Canon,EOS M10,1048,3200,2384.0,214.83064370281,84.24731125600393,28.731067205575
Canon,EOS M10,1048,3200,2384.0,215.83487761024,84.64112847460392,28.750808930309
Canon,EOS M10,1048,3200,2384.0,216.83911151767,85.03494569320392,28.770454957085
Canon,EOS M10,1048,3200,2384.0,217.8433454251,85.42876291180393,28.7900061794
Canon,EOS M10,1048,3200,2384.0,218.84757933253,85.8225801304039,28.809463478312
Canon,EOS M10,1048,3200,2384.0,219.85181323996,86.21639734900391,28.828827722668
Canon,EOS M10,1048,3200,2384.0,220.85604714739,86.61021456760393,28.848099769332
Canon,EOS M10,1048,3200,2384.0,221.86028105482,87.00403178620392,28.867280463401
Canon,EOS M10,1048,3200,2384.0,222.86451496225,87.39784900480393,28.886370638422
Canon,EOS M10,1048,3200,2384.0,223.86874886968,87.79166622340392,28.905371116599
Canon,EOS M10,1048,3200,2384.0,224.87298277711,88.18548344200391,28.924282709
Canon,EOS M10,1048,3200,2384.0,225.87721668454,88.57930066060392,28.943106215756
Canon,EOS M10,1048,3200,2384.0,226.88145059197,88.97311787920393,28.961842426256
Canon,EOS M10,1048,3200,2384.0,227.8856844994,89.36693509780392,28.980492119341
Canon,EOS M10,1048,3200,2384.0,228.88991840683,89.76075231640391,28.999056063488
Canon,EOS M10,1048,3200,2384.0,229.89415231426,90.15456953500393,29.017535016995
Canon,EOS M10,1048,3200,2384.0,230.89838622168,90.5483867536,29.035929728161
Canon,EOS M10,1048,3200,2384.0,231.90262012911,90.94220397219999,29.054240935456
Canon,EOS M10,1048,3200,2384.0,232.90685403654,91.33602119080001,29.072469367698
Canon,EOS M10,1048,3200,2384.0,233.91108794397,91.7298384094,29.090615744219
Canon,EOS M10,1048,3200,2384.0,234.9153218514,92.123655628,29.108680775025
Canon,EOS M10,1048,3200,2384.0,235.91955575883,92.5174728466,29.126665160963
Canon,EOS M10,1048,3200,2384.0,236.92378966626,92.9112900652,29.144569593871
Canon,EOS M10,1048,3200,2384.0,237.92802357369,93.3051072838,29.16239475674
Canon,EOS M10,1048,3200,2384.0,238.93225748112,93.69892450239999,29.180141323853
Canon,EOS M10,1048,3200,2384.0,239.93649138855,94.092741721,29.197809960944
Canon,EOS M10,1048,3200,2384.0,240.94072529598,94.4865589396,29.215401325334
Canon,EOS M10,1048,3200,2384.0,241.94495920341,94.88037615820001,29.232916066075
Canon,EOS M10,1048,3200,2384.0,242.94919311084,95.27419337680001,29.250354824087
Canon,EOS M10,1048,3200,2384.0,243.95342701827,95.6680105954,29.267718232297
Canon,EOS M10,1048,3200,2384.0,244.9576609257,96.061827814,29.285006915765
Canon,EOS M10,1048,3200,2384.0,245.96189483313,96.4556450326,29.302221491819
Canon,EOS M10,1048,3200,2384.0,246.96612874056,96.84946225120001,29.31936257018
Canon,EOS M10,1048,3200,2384.0,247.97036264799,97.24327946979999,29.336430753085
Canon,EOS M10,1048,3200,2384.0,248.97459655542,97.63709668839999,29.353426635414
Canon,EOS M10,1048,3200,2384.0,249.97883046285,98.030913907,29.370350804802
Canon,EOS M10,1048,3200,2384.0,250.98306437028,98.4247311256,29.387203841763
Canon,EOS M10,1048,3200,2384.0,251.98729827771,98.81854834420001,29.4039863198
Canon,EOS M10,1048,3200,2384.0,252.99153218514,99.2123655628,29.42069880552
Canon,EOS M10,1048,3200,2384.0,253.99576609257,99.6061827814,29.437341858743
Canon,EOS M10,1048,3200,2384.0,255,100.0,29.453916032609
Canon,EOS M10,1048,6400,4855.0,1.7157919616704,0.6728595928119215,0
Canon,EOS M10,1048,6400,4855.0,3.3655511088803,1.3198239642667844,4.7297163601945
Canon,EOS M10,1048,6400,4855.0,6.9542248648333,2.7271470058169807,9.2862847126798
Canon,EOS M10,1048,6400,4855.0,7.9584587722631,3.1209642244169022,10.072913208692
Canon,EOS M10,1048,6400,4855.0,8.962692679693,3.5147814430168625,10.751492022072
Canon,EOS M10,1048,6400,4855.0,9.9669265871228,3.908598661616784,11.346971859379
Canon,EOS M10,1048,6400,4855.0,10.971160494553,4.302415880216863,11.87672607227
Canon,EOS M10,1048,6400,4855.0,11.975394401982,4.696233098816471,12.353302936004
Canon,EOS M10,1048,6400,4855.0,12.979628309412,5.090050317416471,12.786040584208
Canon,EOS M10,1048,6400,4855.0,13.983862216842,5.48386753601647,13.182063213896
Canon,EOS M10,1048,6400,4855.0,14.988096124272,5.87768475461647,13.546921499189
Canon,EOS M10,1048,6400,4855.0,15.992330031702,6.27150197321647,13.885018800223
Canon,EOS M10,1048,6400,4855.0,16.996563939132,6.66531919181647,14.199903320894
Canon,EOS M10,1048,6400,4855.0,18.000797846561,7.0591364104160785,14.4944735527
Canon,EOS M10,1048,6400,4855.0,19.005031753991,7.452953629016077,14.771125994589
Canon,EOS M10,1048,6400,4855.0,20.009265661421,7.846770847616079,15.031863471025
Canon,EOS M10,1048,6400,4855.0,21.013499568851,8.240588066216079,15.278375952665
Canon,EOS M10,1048,6400,4855.0,22.017733476281,8.634405284816077,15.512101805719
Canon,EOS M10,1048,6400,4855.0,23.021967383711,9.02822250341608,15.734274863437
Canon,EOS M10,1048,6400,4855.0,24.02620129114,9.422039722015686,15.945961062295
Canon,EOS M10,1048,6400,4855.0,25.03043519857,9.815856940615685,16.148087286104
Canon,EOS M10,1048,6400,4855.0,26.034669106,10.209674159215686,16.341464314985
Canon,EOS M10,1048,6400,4855.0,27.03890301343,10.603491377815686,16.526805260565
Canon,EOS M10,1048,6400,4855.0,28.04313692086,10.997308596415687,16.704740506867
Canon,EOS M10,1048,6400,4855.0,29.047370828289,11.391125815015295,16.87582991854
Canon,EOS M10,1048,6400,4855.0,30.051604735719,11.784943033615294,17.040572891968
Canon,EOS M10,1048,6400,4855.0,31.055838643149,12.178760252215294,17.199416688729
Canon,EOS M10,1048,6400,4855.0,32.060072550579,12.572577470815293,17.352763390263
Canon,EOS M10,1048,6400,4855.0,33.064306458009,12.966394689415296,17.500975737396
Canon,EOS M10,1048,6400,4855.0,34.068540365439,13.360211908015293,17.6443820616
Canon,EOS M10,1048,6400,4855.0,35.072774272868,13.754029126614903,17.783280471594
Canon,EOS M10,1048,6400,4855.0,36.077008180298,14.147846345214903,17.91794242566
Canon,EOS M10,1048,6400,4855.0,37.081242087728,14.541663563814902,18.048615794252
Canon,EOS M10,1048,6400,4855.0,38.085475995158,14.935480782414901,18.175527497348
Canon,EOS M10,1048,6400,4855.0,39.089709902588,15.329298001014902,18.298885785213
Canon,EOS M10,1048,6400,4855.0,40.093943810017,15.723115219614511,18.418882218616
Canon,EOS M10,1048,6400,4855.0,41.098177717447,16.11693243821451,18.535693394644
Canon,EOS M10,1048,6400,4855.0,42.102411624877,16.51074965681451,18.649482456164
Canon,EOS M10,1048,6400,4855.0,43.106645532307,16.90456687541451,18.760400416565
Canon,EOS M10,1048,6400,4855.0,44.110879439737,17.29838409401451,18.868587326145
Canon,EOS M10,1048,6400,4855.0,45.115113347167,17.692201312614507,18.974173302246
Canon,EOS M10,1048,6400,4855.0,46.119347254596,18.08601853121412,19.077279441712
Canon,EOS M10,1048,6400,4855.0,47.123581162026,18.479835749814118,19.178018631408
Canon,EOS M10,1048,6400,4855.0,48.127815069456,18.873652968414117,19.276496270083
Canon,EOS M10,1048,6400,4855.0,49.132048976886,19.267470187014116,19.372810912958
Canon,EOS M10,1048,6400,4855.0,50.136282884316,19.661287405614118,19.467054848693
Canon,EOS M10,1048,6400,4855.0,51.140516791746,20.055104624214117,19.559314617057
Canon,EOS M10,1048,6400,4855.0,52.144750699175,20.448921842813725,19.649671474444
Canon,EOS M10,1048,6400,4855.0,53.148984606605,20.842739061413727,19.73820181338
Canon,EOS M10,1048,6400,4855.0,54.153218514035,21.236556280013723,19.824977541372
Canon,EOS M10,1048,6400,4855.0,55.157452421465,21.630373498613725,19.910066423708
Canon,EOS M10,1048,6400,4855.0,56.161686328895,22.024190717213727,19.993532394241
Canon,EOS M10,1048,6400,4855.0,57.165920236324,22.418007935813332,20.075435837673
Canon,EOS M10,1048,6400,4855.0,58.170154143754,22.81182515441333,20.155833846393
Canon,EOS M10,1048,6400,4855.0,59.174388051184,23.205642373013337,20.234780454587
Canon,EOS M10,1048,6400,4855.0,60.178621958614,23.599459591613332,20.312326851967
Canon,EOS M10,1048,6400,4855.0,61.182855866044,23.993276810213334,20.388521579209
Canon,EOS M10,1048,6400,4855.0,62.187089773474,24.387094028813333,20.463410706949
Canon,EOS M10,1048,6400,4855.0,63.191323680903,24.78091124741294,20.537037999958
Canon,EOS M10,1048,6400,4855.0,64.195557588333,25.17472846601294,20.609445067943
Canon,EOS M10,1048,6400,4855.0,65.199791495763,25.568545684612936,20.680671504251
Canon,EOS M10,1048,6400,4855.0,66.204025403193,25.96236290321294,20.750755013634
Canon,EOS M10,1048,6400,4855.0,67.208259310623,26.356180121812944,20.819731530074
Canon,EOS M10,1048,6400,4855.0,68.212493218052,26.749997340412552,20.887635325589
Canon,EOS M10,1048,6400,4855.0,69.216727125482,27.143814559012547,20.954499110836
Canon,EOS M10,1048,6400,4855.0,70.220961032912,27.537631777612546,21.020354128229
Canon,EOS M10,1048,6400,4855.0,71.225194940342,27.931448996212556,21.085230238245
Canon,EOS M10,1048,6400,4855.0,72.229428847772,28.32526621481255,21.14915599949
Canon,EOS M10,1048,6400,4855.0,73.233662755202,28.71908343341255,21.212158743069
Canon,EOS M10,1048,6400,4855.0,74.237896662631,29.112900652012158,21.27426464173
Canon,EOS M10,1048,6400,4855.0,75.242130570061,29.506717870612153,21.335498774226
Canon,EOS M10,1048,6400,4855.0,76.246364477491,29.900535089212156,21.395885185272
Canon,EOS M10,1048,6400,4855.0,77.250598384921,30.29435230781216,21.455446941464
Canon,EOS M10,1048,6400,4855.0,78.254832292351,30.688169526412157,21.514206183475
Canon,EOS M10,1048,6400,4855.0,79.259066199781,31.08198674501216,21.572184174831
Canon,EOS M10,1048,6400,4855.0,80.26330010721,31.475803963611764,21.629401347512
Canon,EOS M10,1048,6400,4855.0,81.26753401464,31.869621182211766,21.685877344645
Canon,EOS M10,1048,6400,4855.0,82.27176792207,32.263438400811765,21.741631060492
Canon,EOS M10,1048,6400,4855.0,83.2760018295,32.65725561941177,21.796680677945
Canon,EOS M10,1048,6400,4855.0,84.28023573693,33.05107283801176,21.851043703707
Canon,EOS M10,1048,6400,4855.0,85.284469644359,33.44489005661138,21.904737001327
Canon,EOS M10,1048,6400,4855.0,86.288703551789,33.83870727521137,21.957776822253
Canon,EOS M10,1048,6400,4855.0,87.292937459219,34.232524493811376,22.010178835027
Canon,EOS M10,1048,6400,4855.0,88.297171366649,34.626341712411374,22.061958152776
Canon,EOS M10,1048,6400,4855.0,89.301405274079,35.02015893101137,22.113129359091
Canon,EOS M10,1048,6400,4855.0,90.305639181509,35.41397614961137,22.163706532429
Canon,EOS M10,1048,6400,4855.0,91.309873088938,35.80779336821098,22.213703269124
Canon,EOS M10,1048,6400,4855.0,92.314106996368,36.20161058681098,22.263132705107
Canon,EOS M10,1048,6400,4855.0,93.318340903798,36.59542780541098,22.312007536416
Canon,EOS M10,1048,6400,4855.0,94.322574811228,36.989245024010984,22.360340038581
Canon,EOS M10,1048,6400,4855.0,95.326808718658,37.38306224261098,22.408142084953
Canon,EOS M10,1048,6400,4855.0,96.331042626087,37.77687946121059,22.455425164049
Canon,EOS M10,1048,6400,4855.0,97.335276533517,38.17069667981059,22.502200395971
Canon,EOS M10,1048,6400,4855.0,98.339510440947,38.56451389841059,22.548478547964
Canon,EOS M10,1048,6400,4855.0,99.343744348377,38.95833111701059,22.594270049157
Canon,EOS M10,1048,6400,4855.0,100.34797825581,39.35214833561177,22.639585004549
Canon,EOS M10,1048,6400,4855.0,101.35221216324,39.745965554211764,22.684433208277
Canon,EOS M10,1048,6400,4855.0,102.35644607067,40.13978277281176,22.728824156217
Canon,EOS M10,1048,6400,4855.0,103.3606799781,40.53359999141176,22.772767057946
Canon,EOS M10,1048,6400,4855.0,104.36491388553,40.92741721001176,22.816270848122
Canon,EOS M10,1048,6400,4855.0,105.36914779296,41.32123442861177,22.859344197296
Canon,EOS M10,1048,6400,4855.0,106.37338170039,41.715051647211766,22.901995522202
Canon,EOS M10,1048,6400,4855.0,107.37761560782,42.108868865811765,22.944232995556
Canon,EOS M10,1048,6400,4855.0,108.38184951525,42.50268608441176,22.986064555375
Canon,EOS M10,1048,6400,4855.0,109.38608342268,42.89650330301177,23.027497913872
Canon,EOS M10,1048,6400,4855.0,110.3903173301,43.290320521607846,23.068540565919
Canon,EOS M10,1048,6400,4855.0,111.39455123753,43.68413774020784,23.109199797129
Canon,EOS M10,1048,6400,4855.0,112.39878514496,44.077954958807844,23.149482691562
Canon,EOS M10,1048,6400,4855.0,113.40301905239,44.47177217740784,23.189396139078
Canon,EOS M10,1048,6400,4855.0,114.40725295982,44.86558939600784,23.228946842361
Canon,EOS M10,1048,6400,4855.0,115.41148686725,45.25940661460785,23.268141323628
Canon,EOS M10,1048,6400,4855.0,116.41572077468,45.65322383320784,23.306985931044
Canon,EOS M10,1048,6400,4855.0,117.41995468211,46.047041051807845,23.345486844843
Canon,EOS M10,1048,6400,4855.0,118.42418858954,46.440858270407844,23.3836500832
Canon,EOS M10,1048,6400,4855.0,119.42842249697,46.83467548900784,23.421481507835
Canon,EOS M10,1048,6400,4855.0,120.4326564044,47.22849270760784,23.458986829383
Canon,EOS M10,1048,6400,4855.0,121.43689031183,47.62230992620784,23.496171612533
Canon,EOS M10,1048,6400,4855.0,122.44112421926,48.01612714480785,23.533041280957
Canon,EOS M10,1048,6400,4855.0,123.44535812669,48.409944363407845,23.569601122025
Canon,EOS M10,1048,6400,4855.0,124.44959203412,48.803761582007844,23.605856291328
Canon,EOS M10,1048,6400,4855.0,125.45382594155,49.197578800607836,23.641811817017
Canon,EOS M10,1048,6400,4855.0,126.45805984898,49.59139601920784,23.677472603963
Canon,EOS M10,1048,6400,4855.0,127.46229375641,49.98521323780785,23.712843437749
Canon,EOS M10,1048,6400,4855.0,128.46652766384,50.37903045640785,23.747928988502
Canon,EOS M10,1048,6400,4855.0,129.47076157127,50.772847675007846,23.782733814575
Canon,EOS M10,1048,6400,4855.0,130.4749954787,51.16666489360785,23.817262366075
Canon,EOS M10,1048,6400,4855.0,131.47922938613,51.560482112207836,23.851518988269
Canon,EOS M10,1048,6400,4855.0,132.48346329356,51.95429933080784,23.885507924838
Canon,EOS M10,1048,6400,4855.0,133.48769720099,52.34811654940784,23.919233321022
Canon,EOS M10,1048,6400,4855.0,134.49193110842,52.74193376800784,23.952699226634
Canon,EOS M10,1048,6400,4855.0,135.49616501585,53.135750986607846,23.985909598967
Canon,EOS M10,1048,6400,4855.0,136.50039892328,53.52956820520783,24.018868305582
Canon,EOS M10,1048,6400,4855.0,137.50463283071,53.923385423807844,24.051579127005
Canon,EOS M10,1048,6400,4855.0,138.50886673814,54.31720264240785,24.084045759309
Canon,EOS M10,1048,6400,4855.0,139.51310064557,54.71101986100785,24.116271816614
Canon,EOS M10,1048,6400,4855.0,140.517334553,55.10483707960785,24.148260833485
Canon,EOS M10,1048,6400,4855.0,141.52156846043,55.49865429820784,24.18001626725
Canon,EOS M10,1048,6400,4855.0,142.52580236786,55.89247151680784,24.211541500231
Canon,EOS M10,1048,6400,4855.0,143.53003627529,56.286288735407844,24.242839841896
Canon,EOS M10,1048,6400,4855.0,144.53427018272,56.68010595400784,24.273914530932
Canon,EOS M10,1048,6400,4855.0,145.53850409015,57.07392317260784,24.304768737252
Canon,EOS M10,1048,6400,4855.0,146.54273799758,57.46774039120785,24.335405563921
Canon,EOS M10,1048,6400,4855.0,147.54697190501,57.861557609807846,24.365828049026
Canon,EOS M10,1048,6400,4855.0,148.55120581244,58.255374828407845,24.396039167471
Canon,EOS M10,1048,6400,4855.0,149.55543971987,58.649192047007844,24.426041832719
Canon,EOS M10,1048,6400,4855.0,150.5596736273,59.043009265607836,24.455838898467
Canon,EOS M10,1048,6400,4855.0,151.56390753473,59.43682648420784,24.485433160272
Canon,EOS M10,1048,6400,4855.0,152.56814144216,59.83064370280784,24.514827357116
Canon,EOS M10,1048,6400,4855.0,153.57237534959,60.22446092140784,24.54402417292
Canon,EOS M10,1048,6400,4855.0,154.57660925702,60.618278140007845,24.573026238012
Canon,EOS M10,1048,6400,4855.0,155.58084316445,61.012095358607844,24.601836130539
Canon,EOS M10,1048,6400,4855.0,156.58507707188,61.40591257720784,24.630456377841
Canon,EOS M10,1048,6400,4855.0,157.58931097931,61.79972979580784,24.658889457773
Canon,EOS M10,1048,6400,4855.0,158.59354488674,62.19354701440785,24.687137799988
Canon,EOS M10,1048,6400,4855.0,159.59777879417,62.58736423300785,24.71520378718
Canon,EOS M10,1048,6400,4855.0,160.6020127016,62.98118145160784,24.743089756283
Canon,EOS M10,1048,6400,4855.0,161.60624660903,63.37499867020784,24.770797999634
Canon,EOS M10,1048,6400,4855.0,162.61048051646,63.768815888807836,24.798330766103
Canon,EOS M10,1048,6400,4855.0,163.61471442389,64.16263310740784,24.825690262181
Canon,EOS M10,1048,6400,4855.0,164.61894833132,64.55645032600785,24.852878653039
Canon,EOS M10,1048,6400,4855.0,165.62318223875,64.95026754460784,24.87989806355
Canon,EOS M10,1048,6400,4855.0,166.62741614618,65.34408476320785,24.906750579285
Canon,EOS M10,1048,6400,4855.0,167.63165005361,65.73790198180785,24.933438247475
Canon,EOS M10,1048,6400,4855.0,168.63588396104,66.13171920040784,24.959963077942
Canon,EOS M10,1048,6400,4855.0,169.64011786847,66.52553641900785,24.986327044007
Canon,EOS M10,1048,6400,4855.0,170.64435177589,66.91935363760392,25.012532083366
Canon,EOS M10,1048,6400,4855.0,171.64858568332,67.31317085620393,25.038580098943
Canon,EOS M10,1048,6400,4855.0,172.65281959075,67.70698807480392,25.064472959715
Canon,EOS M10,1048,6400,4855.0,173.65705349818,68.10080529340392,25.090212501516
Canon,EOS M10,1048,6400,4855.0,174.66128740561,68.49462251200393,25.115800527814
Canon,EOS M10,1048,6400,4855.0,175.66552131304,68.8884397306039,25.141238810466
Canon,EOS M10,1048,6400,4855.0,176.66975522047,69.28225694920393,25.166529090455
Canon,EOS M10,1048,6400,4855.0,177.6739891279,69.67607416780393,25.191673078599
Canon,EOS M10,1048,6400,4855.0,178.67822303533,70.06989138640392,25.216672456246
Canon,EOS M10,1048,6400,4855.0,179.68245694276,70.46370860500393,25.241528875946
Canon,EOS M10,1048,6400,4855.0,180.68669085019,70.85752582360392,25.266243962103
Canon,EOS M10,1048,6400,4855.0,181.69092475762,71.25134304220391,25.290819311612
Canon,EOS M10,1048,6400,4855.0,182.69515866505,71.64516026080392,25.315256494476
Canon,EOS M10,1048,6400,4855.0,183.69939257248,72.03897747940393,25.339557054403
Canon,EOS M10,1048,6400,4855.0,184.70362647991,72.43279469800392,25.363722509394
Canon,EOS M10,1048,6400,4855.0,185.70786038734,72.82661191660392,25.387754352309
Canon,EOS M10,1048,6400,4855.0,186.71209429477,73.22042913520393,25.411654051417
Canon,EOS M10,1048,6400,4855.0,187.7163282022,73.61424635380392,25.435423050932
Canon,EOS M10,1048,6400,4855.0,188.72056210963,74.00806357240393,25.459062771541
Canon,EOS M10,1048,6400,4855.0,189.72479601706,74.40188079100392,25.482574610904
Canon,EOS M10,1048,6400,4855.0,190.72902992449,74.79569800960391,25.505959944156
Canon,EOS M10,1048,6400,4855.0,191.73326383192,75.18951522820392,25.529220124382
Canon,EOS M10,1048,6400,4855.0,192.73749773935,75.58333244680392,25.55235648309
Canon,EOS M10,1048,6400,4855.0,193.74173164678,75.97714966540391,25.575370330667
Canon,EOS M10,1048,6400,4855.0,194.74596555421,76.37096688400392,25.598262956817
Canon,EOS M10,1048,6400,4855.0,195.75019946164,76.76478410260393,25.621035631003
Canon,EOS M10,1048,6400,4855.0,196.75443336907,77.15860132120392,25.643689602861
Canon,EOS M10,1048,6400,4855.0,197.7586672765,77.55241853980392,25.666226102613
Canon,EOS M10,1048,6400,4855.0,198.76290118393,77.94623575840393,25.688646341467
Canon,EOS M10,1048,6400,4855.0,199.76713509136,78.34005297700392,25.710951512006
Canon,EOS M10,1048,6400,4855.0,200.77136899879,78.73387019560391,25.73314278857
Canon,EOS M10,1048,6400,4855.0,201.77560290622,79.12768741420392,25.755221327621
Canon,EOS M10,1048,6400,4855.0,202.77983681365,79.52150463280393,25.777188268109
Canon,EOS M10,1048,6400,4855.0,203.78407072108,79.91532185140393,25.79904473182
Canon,EOS M10,1048,6400,4855.0,204.78830462851,80.30913907000392,25.820791823721
Canon,EOS M10,1048,6400,4855.0,205.79253853594,80.70295628860393,25.842430632295
Canon,EOS M10,1048,6400,4855.0,206.79677244337,81.09677350720392,25.863962229864
Canon,EOS M10,1048,6400,4855.0,207.8010063508,81.49059072580393,25.885387672909
Canon,EOS M10,1048,6400,4855.0,208.80524025823,81.88440794440392,25.906708002383
Canon,EOS M10,1048,6400,4855.0,209.80947416566,82.27822516300391,25.927924244007
Canon,EOS M10,1048,6400,4855.0,210.81370807309,82.67204238160392,25.949037408574
Canon,EOS M10,1048,6400,4855.0,211.81794198052,83.06585960020392,25.970048492229
Canon,EOS M10,1048,6400,4855.0,212.82217588795,83.45967681880393,25.990958476755
Canon,EOS M10,1048,6400,4855.0,213.82640979538,83.85349403740392,26.011768329849
Canon,EOS M10,1048,6400,4855.0,214.83064370281,84.24731125600393,26.032479005386
Canon,EOS M10,1048,6400,4855.0,215.83487761024,84.64112847460392,26.053091443683
Canon,EOS M10,1048,6400,4855.0,216.83911151767,85.03494569320392,26.073606571754
Canon,EOS M10,1048,6400,4855.0,217.8433454251,85.42876291180393,26.094025303561
Canon,EOS M10,1048,6400,4855.0,218.84757933253,85.8225801304039,26.114348540256
Canon,EOS M10,1048,6400,4855.0,219.85181323996,86.21639734900391,26.13457717042
Canon,EOS M10,1048,6400,4855.0,220.85604714739,86.61021456760393,26.154712070296
Canon,EOS M10,1048,6400,4855.0,221.86028105482,87.00403178620392,26.174754104015
Canon,EOS M10,1048,6400,4855.0,222.86451496225,87.39784900480393,26.194704123819
Canon,EOS M10,1048,6400,4855.0,223.86874886968,87.79166622340392,26.214562970279
Canon,EOS M10,1048,6400,4855.0,224.87298277711,88.18548344200391,26.234331472504
Canon,EOS M10,1048,6400,4855.0,225.87721668454,88.57930066060392,26.254010448352
Canon,EOS M10,1048,6400,4855.0,226.88145059197,88.97311787920393,26.273600704629
Canon,EOS M10,1048,6400,4855.0,227.8856844994,89.36693509780392,26.293103037291
Canon,EOS M10,1048,6400,4855.0,228.88991840683,89.76075231640391,26.312518231633
Canon,EOS M10,1048,6400,4855.0,229.89415231426,90.15456953500393,26.331847062485
Canon,EOS M10,1048,6400,4855.0,230.89838622168,90.5483867536,26.351090294388
Canon,EOS M10,1048,6400,4855.0,231.90262012911,90.94220397219999,26.370248681784
Canon,EOS M10,1048,6400,4855.0,232.90685403654,91.33602119080001,26.389322969189
Canon,EOS M10,1048,6400,4855.0,233.91108794397,91.7298384094,26.408313891364
Canon,EOS M10,1048,6400,4855.0,234.9153218514,92.123655628,26.427222173489
Canon,EOS M10,1048,6400,4855.0,235.91955575883,92.5174728466,26.446048531329
Canon,EOS M10,1048,6400,4855.0,236.92378966626,92.9112900652,26.46479367139
Canon,EOS M10,1048,6400,4855.0,237.92802357369,93.3051072838,26.483458291086
Canon,EOS M10,1048,6400,4855.0,238.93225748112,93.69892450239999,26.502043078888
Canon,EOS M10,1048,6400,4855.0,239.93649138855,94.092741721,26.520548714479
Canon,EOS M10,1048,6400,4855.0,240.94072529598,94.4865589396,26.538975868903
Canon,EOS M10,1048,6400,4855.0,241.94495920341,94.88037615820001,26.557325204711
Canon,EOS M10,1048,6400,4855.0,242.94919311084,95.27419337680001,26.5755973761
Canon,EOS M10,1048,6400,4855.0,243.95342701827,95.6680105954,26.593793029059
Canon,EOS M10,1048,6400,4855.0,244.9576609257,96.061827814,26.611912801501
Canon,EOS M10,1048,6400,4855.0,245.96189483313,96.4556450326,26.629957323398
Canon,EOS M10,1048,6400,4855.0,246.96612874056,96.84946225120001,26.647927216912
Canon,EOS M10,1048,6400,4855.0,247.97036264799,97.24327946979999,26.665823096525
Canon,EOS M10,1048,6400,4855.0,248.97459655542,97.63709668839999,26.683645569165
Canon,EOS M10,1048,6400,4855.0,249.97883046285,98.030913907,26.701395234326
Canon,EOS M10,1048,6400,4855.0,250.98306437028,98.4247311256,26.719072684192
Canon,EOS M10,1048,6400,4855.0,251.98729827771,98.81854834420001,26.736678503755
Canon,EOS M10,1048,6400,4855.0,252.99153218514,99.2123655628,26.754213270928
Canon,EOS M10,1048,6400,4855.0,253.99576609257,99.6061827814,26.771677556664
Canon,EOS M10,1048,6400,4855.0,255,100.0,26.789071925063
Canon,EOS M10,1048,12800,9561.0,3.3655511088803,1.3198239642667844,0
Canon,EOS M10,1048,12800,9561.0,6.9542248648333,2.7271470058169807,4.9631985958766
Canon,EOS M10,1048,12800,9561.0,7.9584587722631,3.1209642244169022,5.8234547558818
Canon,EOS M10,1048,12800,9561.0,8.962692679693,3.5147814430168625,6.565132194446
Canon,EOS M10,1048,12800,9561.0,9.9669265871228,3.908598661616784,7.2152948903742
Canon,EOS M10,1048,12800,9561.0,10.971160494553,4.302415880216863,7.7928982016467
Canon,EOS M10,1048,12800,9561.0,11.975394401982,4.696233098816471,8.3116985282724
Canon,EOS M10,1048,12800,9561.0,12.979628309412,5.090050317416471,8.7819727203658
Canon,EOS M10,1048,12800,9561.0,13.983862216842,5.48386753601647,9.2115855272643
Canon,EOS M10,1048,12800,9561.0,14.988096124272,5.87768475461647,9.6066797522405
Canon,EOS M10,1048,12800,9561.0,15.992330031702,6.27150197321647,9.9721379176303
Canon,EOS M10,1048,12800,9561.0,16.996563939132,6.66531919181647,10.311900166809
Canon,EOS M10,1048,12800,9561.0,18.000797846561,7.0591364104160785,10.629188711573
Canon,EOS M10,1048,12800,9561.0,19.005031753991,7.452953629016077,10.926669789797
Canon,EOS M10,1048,12800,9561.0,20.009265661421,7.846770847616079,11.206572795185
Canon,EOS M10,1048,12800,9561.0,21.013499568851,8.240588066216079,11.47077940908
Canon,EOS M10,1048,12800,9561.0,22.017733476281,8.634405284816077,11.720891310577
Canon,EOS M10,1048,12800,9561.0,23.021967383711,9.02822250341608,11.958282322166
Canon,EOS M10,1048,12800,9561.0,24.02620129114,9.422039722015686,12.1841390689
Canon,EOS M10,1048,12800,9561.0,25.03043519857,9.815856940615685,12.399493040044
Canon,EOS M10,1048,12800,9561.0,26.034669106,10.209674159215686,12.605246132325
Canon,EOS M10,1048,12800,9561.0,27.03890301343,10.603491377815686,12.802191192658
Canon,EOS M10,1048,12800,9561.0,28.04313692086,10.997308596415687,12.991028683193
Canon,EOS M10,1048,12800,9561.0,29.047370828289,11.391125815015295,13.172380309328
Canon,EOS M10,1048,12800,9561.0,30.051604735719,11.784943033615294,13.346800247169
Canon,EOS M10,1048,12800,9561.0,31.055838643149,12.178760252215294,13.514784457251
Canon,EOS M10,1048,12800,9561.0,32.060072550579,12.572577470815293,13.676778460512
Canon,EOS M10,1048,12800,9561.0,33.064306458009,12.966394689415296,13.833183869458
Canon,EOS M10,1048,12800,9561.0,34.068540365439,13.360211908015293,13.984363904663
Canon,EOS M10,1048,12800,9561.0,35.072774272868,13.754029126614903,14.130648078868
Canon,EOS M10,1048,12800,9561.0,36.077008180298,14.147846345214903,14.272336193993
Canon,EOS M10,1048,12800,9561.0,37.081242087728,14.541663563814902,14.409701767798
Canon,EOS M10,1048,12800,9561.0,38.085475995158,14.935480782414901,14.542994984524
Canon,EOS M10,1048,12800,9561.0,39.089709902588,15.329298001014902,14.672445246222
Canon,EOS M10,1048,12800,9561.0,40.093943810017,15.723115219614511,14.7982633875
Canon,EOS M10,1048,12800,9561.0,41.098177717447,16.11693243821451,14.920643605279
Canon,EOS M10,1048,12800,9561.0,42.102411624877,16.51074965681451,15.039765146182
Canon,EOS M10,1048,12800,9561.0,43.106645532307,16.90456687541451,15.155793786977
Canon,EOS M10,1048,12800,9561.0,44.110879439737,17.29838409401451,15.268883137613
Canon,EOS M10,1048,12800,9561.0,45.115113347167,17.692201312614507,15.379175791605
Canon,EOS M10,1048,12800,9561.0,46.119347254596,18.08601853121412,15.48680434463
Canon,EOS M10,1048,12800,9561.0,47.123581162026,18.479835749814118,15.591892298916
Canon,EOS M10,1048,12800,9561.0,48.127815069456,18.873652968414117,15.694554868382
Canon,EOS M10,1048,12800,9561.0,49.132048976886,19.267470187014116,15.794899697235
Canon,EOS M10,1048,12800,9561.0,50.136282884316,19.661287405614118,15.893027502897
Canon,EOS M10,1048,12800,9561.0,51.140516791746,20.055104624214117,15.989032652565
Canon,EOS M10,1048,12800,9561.0,52.144750699175,20.448921842813725,16.083003681416
Canon,EOS M10,1048,12800,9561.0,53.148984606605,20.842739061413727,16.175023759374
Canon,EOS M10,1048,12800,9561.0,54.153218514035,21.236556280013723,16.265171112398
Canon,EOS M10,1048,12800,9561.0,55.157452421465,21.630373498613725,16.353519403496
Canon,EOS M10,1048,12800,9561.0,56.161686328895,22.024190717213727,16.440138077958
Canon,EOS M10,1048,12800,9561.0,57.165920236324,22.418007935813332,16.525092676756
Canon,EOS M10,1048,12800,9561.0,58.170154143754,22.81182515441333,16.608445121555
Canon,EOS M10,1048,12800,9561.0,59.174388051184,23.205642373013337,16.690253974329
Canon,EOS M10,1048,12800,9561.0,60.178621958614,23.599459591613332,16.770574674266
Canon,EOS M10,1048,12800,9561.0,61.182855866044,23.993276810213334,16.849459754269
Canon,EOS M10,1048,12800,9561.0,62.187089773474,24.387094028813333,16.926959039129
Canon,EOS M10,1048,12800,9561.0,63.191323680903,24.78091124741294,17.00311982719
Canon,EOS M10,1048,12800,9561.0,64.195557588333,25.17472846601294,17.077987057113
Canon,EOS M10,1048,12800,9561.0,65.199791495763,25.568545684612936,17.15160346119
Canon,EOS M10,1048,12800,9561.0,66.204025403193,25.96236290321294,17.224009706469
Canon,EOS M10,1048,12800,9561.0,67.208259310623,26.356180121812944,17.295244524838
Canon,EOS M10,1048,12800,9561.0,68.212493218052,26.749997340412552,17.365344833079
Canon,EOS M10,1048,12800,9561.0,69.216727125482,27.143814559012547,17.434345843807
Canon,EOS M10,1048,12800,9561.0,70.220961032912,27.537631777612546,17.502281168103
Canon,EOS M10,1048,12800,9561.0,71.225194940342,27.931448996212556,17.569182910576
Canon,EOS M10,1048,12800,9561.0,72.229428847772,28.32526621481255,17.635081757511
Canon,EOS M10,1048,12800,9561.0,73.233662755202,28.71908343341255,17.700007058693
Canon,EOS M10,1048,12800,9561.0,74.237896662631,29.112900652012158,17.763986903452
Canon,EOS M10,1048,12800,9561.0,75.242130570061,29.506717870612153,17.827048191388
Canon,EOS M10,1048,12800,9561.0,76.246364477491,29.900535089212156,17.88921669824
Canon,EOS M10,1048,12800,9561.0,77.250598384921,30.29435230781216,17.950517137275
Canon,EOS M10,1048,12800,9561.0,78.254832292351,30.688169526412157,18.010973216564
Canon,EOS M10,1048,12800,9561.0,79.259066199781,31.08198674501216,18.070607692462
Canon,EOS M10,1048,12800,9561.0,80.26330010721,31.475803963611764,18.129442419605
Canon,EOS M10,1048,12800,9561.0,81.26753401464,31.869621182211766,18.187498397666
Canon,EOS M10,1048,12800,9561.0,82.27176792207,32.263438400811765,18.244795815152
Canon,EOS M10,1048,12800,9561.0,83.2760018295,32.65725561941177,18.301354090423
Canon,EOS M10,1048,12800,9561.0,84.28023573693,33.05107283801176,18.357191910182
Canon,EOS M10,1048,12800,9561.0,85.284469644359,33.44489005661138,18.412327265583
Canon,EOS M10,1048,12800,9561.0,86.288703551789,33.83870727521137,18.466777486161
Canon,EOS M10,1048,12800,9561.0,87.292937459219,34.232524493811376,18.520559271721
Canon,EOS M10,1048,12800,9561.0,88.297171366649,34.626341712411374,18.573688722335
Canon,EOS M10,1048,12800,9561.0,89.301405274079,35.02015893101137,18.626181366583
Canon,EOS M10,1048,12800,9561.0,90.305639181509,35.41397614961137,18.678052188162
Canon,EOS M10,1048,12800,9561.0,91.309873088938,35.80779336821098,18.72931565096
Canon,EOS M10,1048,12800,9561.0,92.314106996368,36.20161058681098,18.779985722722
Canon,EOS M10,1048,12800,9561.0,93.318340903798,36.59542780541098,18.830075897377
Canon,EOS M10,1048,12800,9561.0,94.322574811228,36.989245024010984,18.879599216141
Canon,EOS M10,1048,12800,9561.0,95.326808718658,37.38306224261098,18.928568287449
Canon,EOS M10,1048,12800,9561.0,96.331042626087,37.77687946121059,18.976995305818
Canon,EOS M10,1048,12800,9561.0,97.335276533517,38.17069667981059,19.024892069689
Canon,EOS M10,1048,12800,9561.0,98.339510440947,38.56451389841059,19.072269998322
Canon,EOS M10,1048,12800,9561.0,99.343744348377,38.95833111701059,19.119140147812
Canon,EOS M10,1048,12800,9561.0,100.34797825581,39.35214833561177,19.165513226256
Canon,EOS M10,1048,12800,9561.0,101.35221216324,39.745965554211764,19.211399608154
Canon,EOS M10,1048,12800,9561.0,102.35644607067,40.13978277281176,19.256809348064
Canon,EOS M10,1048,12800,9561.0,103.3606799781,40.53359999141176,19.301752193576
Canon,EOS M10,1048,12800,9561.0,104.36491388553,40.92741721001176,19.34623759763
Canon,EOS M10,1048,12800,9561.0,105.36914779296,41.32123442861177,19.390274730231
Canon,EOS M10,1048,12800,9561.0,106.37338170039,41.715051647211766,19.433872489584
Canon,EOS M10,1048,12800,9561.0,107.37761560782,42.108868865811765,19.477039512693
Canon,EOS M10,1048,12800,9561.0,108.38184951525,42.50268608441176,19.519784185445
Canon,EOS M10,1048,12800,9561.0,109.38608342268,42.89650330301177,19.562114652217
Canon,EOS M10,1048,12800,9561.0,110.3903173301,43.290320521607846,19.604038825031
Canon,EOS M10,1048,12800,9561.0,111.39455123753,43.68413774020784,19.645564392274
Canon,EOS M10,1048,12800,9561.0,112.39878514496,44.077954958807844,19.686698827021
Canon,EOS M10,1048,12800,9561.0,113.40301905239,44.47177217740784,19.727449394972
Canon,EOS M10,1048,12800,9561.0,114.40725295982,44.86558939600784,19.767823162028
Canon,EOS M10,1048,12800,9561.0,115.41148686725,45.25940661460785,19.807827001526
Canon,EOS M10,1048,12800,9561.0,116.41572077468,45.65322383320784,19.84746760115
Canon,EOS M10,1048,12800,9561.0,117.41995468211,46.047041051807845,19.886751469535
Canon,EOS M10,1048,12800,9561.0,118.42418858954,46.440858270407844,19.925684942581
Canon,EOS M10,1048,12800,9561.0,119.42842249697,46.83467548900784,19.964274189493
Canon,EOS M10,1048,12800,9561.0,120.4326564044,47.22849270760784,20.002525218561
Canon,EOS M10,1048,12800,9561.0,121.43689031183,47.62230992620784,20.040443882687
Canon,EOS M10,1048,12800,9561.0,122.44112421926,48.01612714480785,20.078035884683
Canon,EOS M10,1048,12800,9561.0,123.44535812669,48.409944363407845,20.115306782344
Canon,EOS M10,1048,12800,9561.0,124.44959203412,48.803761582007844,20.152261993307
Canon,EOS M10,1048,12800,9561.0,125.45382594155,49.197578800607836,20.188906799713
Canon,EOS M10,1048,12800,9561.0,126.45805984898,49.59139601920784,20.225246352672
Canon,EOS M10,1048,12800,9561.0,127.46229375641,49.98521323780785,20.26128567655
Canon,EOS M10,1048,12800,9561.0,128.46652766384,50.37903045640785,20.297029673082
Canon,EOS M10,1048,12800,9561.0,129.47076157127,50.772847675007846,20.332483125317
Canon,EOS M10,1048,12800,9561.0,130.4749954787,51.16666489360785,20.367650701413
Canon,EOS M10,1048,12800,9561.0,131.47922938613,51.560482112207836,20.402536958269
Canon,EOS M10,1048,12800,9561.0,132.48346329356,51.95429933080784,20.437146345033
Canon,EOS M10,1048,12800,9561.0,133.48769720099,52.34811654940784,20.471483206454
Canon,EOS M10,1048,12800,9561.0,134.49193110842,52.74193376800784,20.50555178612
Canon,EOS M10,1048,12800,9561.0,135.49616501585,53.135750986607846,20.539356229566
Canon,EOS M10,1048,12800,9561.0,136.50039892328,53.52956820520783,20.57290058726
Canon,EOS M10,1048,12800,9561.0,137.50463283071,53.923385423807844,20.606188817483
Canon,EOS M10,1048,12800,9561.0,138.50886673814,54.31720264240785,20.639224789097
Canon,EOS M10,1048,12800,9561.0,139.51310064557,54.71101986100785,20.672012284214
Canon,EOS M10,1048,12800,9561.0,140.517334553,55.10483707960785,20.704555000759
Canon,EOS M10,1048,12800,9561.0,141.52156846043,55.49865429820784,20.736856554949
Canon,EOS M10,1048,12800,9561.0,142.52580236786,55.89247151680784,20.768920483674
Canon,EOS M10,1048,12800,9561.0,143.53003627529,56.286288735407844,20.800750246794
Canon,EOS M10,1048,12800,9561.0,144.53427018272,56.68010595400784,20.832349229356
Canon,EOS M10,1048,12800,9561.0,145.53850409015,57.07392317260784,20.86372074373
Canon,EOS M10,1048,12800,9561.0,146.54273799758,57.46774039120785,20.894868031669
Canon,EOS M10,1048,12800,9561.0,147.54697190501,57.861557609807846,20.925794266299
Canon,EOS M10,1048,12800,9561.0,148.55120581244,58.255374828407845,20.956502554037
Canon,EOS M10,1048,12800,9561.0,149.55543971987,58.649192047007844,20.986995936442
Canon,EOS M10,1048,12800,9561.0,150.5596736273,59.043009265607836,21.017277392007
Canon,EOS M10,1048,12800,9561.0,151.56390753473,59.43682648420784,21.047349837886
Canon,EOS M10,1048,12800,9561.0,152.56814144216,59.83064370280784,21.077216131561
Canon,EOS M10,1048,12800,9561.0,153.57237534959,60.22446092140784,21.106879072456
Canon,EOS M10,1048,12800,9561.0,154.57660925702,60.618278140007845,21.136341403498
Canon,EOS M10,1048,12800,9561.0,155.58084316445,61.012095358607844,21.16560581262
Canon,EOS M10,1048,12800,9561.0,156.58507707188,61.40591257720784,21.194674934221
Canon,EOS M10,1048,12800,9561.0,157.58931097931,61.79972979580784,21.223551350574
Canon,EOS M10,1048,12800,9561.0,158.59354488674,62.19354701440785,21.25223759319
Canon,EOS M10,1048,12800,9561.0,159.59777879417,62.58736423300785,21.280736144138
Canon,EOS M10,1048,12800,9561.0,160.6020127016,62.98118145160784,21.309049437317
Canon,EOS M10,1048,12800,9561.0,161.60624660903,63.37499867020784,21.337179859698
Canon,EOS M10,1048,12800,9561.0,162.61048051646,63.768815888807836,21.365129752516
Canon,EOS M10,1048,12800,9561.0,163.61471442389,64.16263310740784,21.392901412433
Canon,EOS M10,1048,12800,9561.0,164.61894833132,64.55645032600785,21.420497092653
Canon,EOS M10,1048,12800,9561.0,165.62318223875,64.95026754460784,21.447919004016
Canon,EOS M10,1048,12800,9561.0,166.62741614618,65.34408476320785,21.475169316051
Canon,EOS M10,1048,12800,9561.0,167.63165005361,65.73790198180785,21.502250157991
Canon,EOS M10,1048,12800,9561.0,168.63588396104,66.13171920040784,21.529163619769
Canon,EOS M10,1048,12800,9561.0,169.64011786847,66.52553641900785,21.555911752975
Canon,EOS M10,1048,12800,9561.0,170.64435177589,66.91935363760392,21.582496571788
Canon,EOS M10,1048,12800,9561.0,171.64858568332,67.31317085620393,21.608920053874
Canon,EOS M10,1048,12800,9561.0,172.65281959075,67.70698807480392,21.635184141268
Canon,EOS M10,1048,12800,9561.0,173.65705349818,68.10080529340392,21.661290741218
Canon,EOS M10,1048,12800,9561.0,174.66128740561,68.49462251200393,21.687241727013
Canon,EOS M10,1048,12800,9561.0,175.66552131304,68.8884397306039,21.71303893878
Canon,EOS M10,1048,12800,9561.0,176.66975522047,69.28225694920393,21.738684184264
Canon,EOS M10,1048,12800,9561.0,177.6739891279,69.67607416780393,21.764179239577
Canon,EOS M10,1048,12800,9561.0,178.67822303533,70.06989138640392,21.789525849939
Canon,EOS M10,1048,12800,9561.0,179.68245694276,70.46370860500393,21.814725730378
Canon,EOS M10,1048,12800,9561.0,180.68669085019,70.85752582360392,21.839780566432
Canon,EOS M10,1048,12800,9561.0,181.69092475762,71.25134304220391,21.864692014812
Canon,EOS M10,1048,12800,9561.0,182.69515866505,71.64516026080392,21.889461704059
Canon,EOS M10,1048,12800,9561.0,183.69939257248,72.03897747940393,21.914091235176
Canon,EOS M10,1048,12800,9561.0,184.70362647991,72.43279469800392,21.938582182245
Canon,EOS M10,1048,12800,9561.0,185.70786038734,72.82661191660392,21.962936093029
Canon,EOS M10,1048,12800,9561.0,186.71209429477,73.22042913520393,21.987154489547
Canon,EOS M10,1048,12800,9561.0,187.7163282022,73.61424635380392,22.01123886865
Canon,EOS M10,1048,12800,9561.0,188.72056210963,74.00806357240393,22.035190702565
Canon,EOS M10,1048,12800,9561.0,189.72479601706,74.40188079100392,22.059011439436
Canon,EOS M10,1048,12800,9561.0,190.72902992449,74.79569800960391,22.082702503841
Canon,EOS M10,1048,12800,9561.0,191.73326383192,75.18951522820392,22.106265297306
Canon,EOS M10,1048,12800,9561.0,192.73749773935,75.58333244680392,22.129701198791
Canon,EOS M10,1048,12800,9561.0,193.74173164678,75.97714966540391,22.153011565179
Canon,EOS M10,1048,12800,9561.0,194.74596555421,76.37096688400392,22.176197731739
Canon,EOS M10,1048,12800,9561.0,195.75019946164,76.76478410260393,22.199261012584
Canon,EOS M10,1048,12800,9561.0,196.75443336907,77.15860132120392,22.222202701112
Canon,EOS M10,1048,12800,9561.0,197.7586672765,77.55241853980392,22.245024070445
Canon,EOS M10,1048,12800,9561.0,198.76290118393,77.94623575840393,22.267726373842
Canon,EOS M10,1048,12800,9561.0,199.76713509136,78.34005297700392,22.290310845115
Canon,EOS M10,1048,12800,9561.0,200.77136899879,78.73387019560391,22.312778699027
Canon,EOS M10,1048,12800,9561.0,201.77560290622,79.12768741420392,22.335131131681
Canon,EOS M10,1048,12800,9561.0,202.77983681365,79.52150463280393,22.3573693209
Canon,EOS M10,1048,12800,9561.0,203.78407072108,79.91532185140393,22.379494426599
Canon,EOS M10,1048,12800,9561.0,204.78830462851,80.30913907000392,22.401507591141
Canon,EOS M10,1048,12800,9561.0,205.79253853594,80.70295628860393,22.423409939695
Canon,EOS M10,1048,12800,9561.0,206.79677244337,81.09677350720392,22.445202580574
Canon,EOS M10,1048,12800,9561.0,207.8010063508,81.49059072580393,22.466886605571
Canon,EOS M10,1048,12800,9561.0,208.80524025823,81.88440794440392,22.488463090286
Canon,EOS M10,1048,12800,9561.0,209.80947416566,82.27822516300391,22.509933094445
Canon,EOS M10,1048,12800,9561.0,210.81370807309,82.67204238160392,22.531297662208
Canon,EOS M10,1048,12800,9561.0,211.81794198052,83.06585960020392,22.552557822473
Canon,EOS M10,1048,12800,9561.0,212.82217588795,83.45967681880393,22.573714589171
Canon,EOS M10,1048,12800,9561.0,213.82640979538,83.85349403740392,22.594768961558
Canon,EOS M10,1048,12800,9561.0,214.83064370281,84.24731125600393,22.615721924491
Canon,EOS M10,1048,12800,9561.0,215.83487761024,84.64112847460392,22.636574448707
Canon,EOS M10,1048,12800,9561.0,216.83911151767,85.03494569320392,22.65732749109
Canon,EOS M10,1048,12800,9561.0,217.8433454251,85.42876291180393,22.677981994933
Canon,EOS M10,1048,12800,9561.0,218.84757933253,85.8225801304039,22.698538890194
Canon,EOS M10,1048,12800,9561.0,219.85181323996,86.21639734900391,22.718999093744
Canon,EOS M10,1048,12800,9561.0,220.85604714739,86.61021456760393,22.739363509616
Canon,EOS M10,1048,12800,9561.0,221.86028105482,87.00403178620392,22.759633029237
Canon,EOS M10,1048,12800,9561.0,222.86451496225,87.39784900480393,22.779808531666
Canon,EOS M10,1048,12800,9561.0,223.86874886968,87.79166622340392,22.79989088382
Canon,EOS M10,1048,12800,9561.0,224.87298277711,88.18548344200391,22.819880940694
Canon,EOS M10,1048,12800,9561.0,225.87721668454,88.57930066060392,22.839779545582
Canon,EOS M10,1048,12800,9561.0,226.88145059197,88.97311787920393,22.859587530286
Canon,EOS M10,1048,12800,9561.0,227.8856844994,89.36693509780392,22.879305715328
Canon,EOS M10,1048,12800,9561.0,228.88991840683,89.76075231640391,22.898934910145
Canon,EOS M10,1048,12800,9561.0,229.89415231426,90.15456953500393,22.918475913298
Canon,EOS M10,1048,12800,9561.0,230.89838622168,90.5483867536,22.937929512657
Canon,EOS M10,1048,12800,9561.0,231.90262012911,90.94220397219999,22.957296485596
Canon,EOS M10,1048,12800,9561.0,232.90685403654,91.33602119080001,22.976577599173
Canon,EOS M10,1048,12800,9561.0,233.91108794397,91.7298384094,22.99577361032
Canon,EOS M10,1048,12800,9561.0,234.9153218514,92.123655628,23.01488526601
Canon,EOS M10,1048,12800,9561.0,235.91955575883,92.5174728466,23.033913303441
Canon,EOS M10,1048,12800,9561.0,236.92378966626,92.9112900652,23.052858450197
Canon,EOS M10,1048,12800,9561.0,237.92802357369,93.3051072838,23.07172142442
Canon,EOS M10,1048,12800,9561.0,238.93225748112,93.69892450239999,23.090502934968
Canon,EOS M10,1048,12800,9561.0,239.93649138855,94.092741721,23.109203681579
Canon,EOS M10,1048,12800,9561.0,240.94072529598,94.4865589396,23.127824355024
Canon,EOS M10,1048,12800,9561.0,241.94495920341,94.88037615820001,23.146365637257
Canon,EOS M10,1048,12800,9561.0,242.94919311084,95.27419337680001,23.16482820157
Canon,EOS M10,1048,12800,9561.0,243.95342701827,95.6680105954,23.183212712734
Canon,EOS M10,1048,12800,9561.0,244.9576609257,96.061827814,23.201519827144
Canon,EOS M10,1048,12800,9561.0,245.96189483313,96.4556450326,23.219750192959
Canon,EOS M10,1048,12800,9561.0,246.96612874056,96.84946225120001,23.237904450239
Canon,EOS M10,1048,12800,9561.0,247.97036264799,97.24327946979999,23.255983231078
Canon,EOS M10,1048,12800,9561.0,248.97459655542,97.63709668839999,23.273987159739
Canon,EOS M10,1048,12800,9561.0,249.97883046285,98.030913907,23.291916852778
Canon,EOS M10,1048,12800,9561.0,250.98306437028,98.4247311256,23.309772919173
Canon,EOS M10,1048,12800,9561.0,251.98729827771,98.81854834420001,23.327555960447
Canon,EOS M10,1048,12800,9561.0,252.99153218514,99.2123655628,23.34526657079
Canon,EOS M10,1048,12800,9561.0,253.99576609257,99.6061827814,23.362905337177
Canon,EOS M10,1048,12800,9561.0,255,100.0,23.380472839482
Canon,EOS M10,1048,25600,20835.0,6.9542248648333,2.7271470058169807,0
Canon,EOS M10,1048,25600,20835.0,7.9584587722631,3.1209642244169022,0.98487223276293
Canon,EOS M10,1048,25600,20835.0,8.962692679693,3.5147814430168625,1.8380293301582
Canon,EOS M10,1048,25600,20835.0,9.9669265871228,3.908598661616784,2.5885400240424
Canon,EOS M10,1048,25600,20835.0,10.971160494553,4.302415880216863,3.2569709087431
Canon,EOS M10,1048,25600,20835.0,11.975394401982,4.696233098816471,3.8583892181793
Canon,EOS M10,1048,25600,20835.0,12.979628309412,5.090050317416471,4.4041498541827
Canon,EOS M10,1048,25600,20835.0,13.983862216842,5.48386753601647,4.903012814693
Canon,EOS M10,1048,25600,20835.0,14.988096124272,5.87768475461647,5.3618708727575
Canon,EOS M10,1048,25600,20835.0,15.992330031702,6.27150197321647,5.7862398139407
Canon,EOS M10,1048,25600,20835.0,16.996563939132,6.66531919181647,6.1805983720101
Canon,EOS M10,1048,25600,20835.0,18.000797846561,7.0591364104160785,6.5486298644389
Canon,EOS M10,1048,25600,20835.0,19.005031753991,7.452953629016077,6.8933976996193
Canon,EOS M10,1048,25600,20835.0,20.009265661421,7.846770847616079,7.217475290935
Canon,EOS M10,1048,25600,20835.0,21.013499568851,8.240588066216079,7.5230438481168
Canon,EOS M10,1048,25600,20835.0,22.017733476281,8.634405284816077,7.8119670976344
Canon,EOS M10,1048,25600,20835.0,23.021967383711,9.02822250341608,8.0858491464234
Canon,EOS M10,1048,25600,20835.0,24.02620129114,9.422039722015686,8.346079837909
Canon,EOS M10,1048,25600,20835.0,25.03043519857,9.815856940615685,8.59387069692
Canon,EOS M10,1048,25600,20835.0,26.034669106,10.209674159215686,8.8302837031387
Canon,EOS M10,1048,25600,20835.0,27.03890301343,10.603491377815686,9.0562545361677
Canon,EOS M10,1048,25600,20835.0,28.04313692086,10.997308596415687,9.2726115134217
Canon,EOS M10,1048,25600,20835.0,29.047370828289,11.391125815015295,9.4800911394013
Canon,EOS M10,1048,25600,20835.0,30.051604735719,11.784943033615294,9.6793509649053
Canon,EOS M10,1048,25600,20835.0,31.055838643149,12.178760252215294,9.8709802928477
Canon,EOS M10,1048,25600,20835.0,32.060072550579,12.572577470815293,10.05550914688
Canon,EOS M10,1048,25600,20835.0,33.064306458009,12.966394689415296,10.233415828435
Canon,EOS M10,1048,25600,20835.0,34.068540365439,13.360211908015293,10.405133319015
Canon,EOS M10,1048,25600,20835.0,35.072774272868,13.754029126614903,10.571054731865
Canon,EOS M10,1048,25600,20835.0,36.077008180298,14.147846345214903,10.731537976416
Canon,EOS M10,1048,25600,20835.0,37.081242087728,14.541663563814902,10.886909767192
Canon,EOS M10,1048,25600,20835.0,38.085475995158,14.935480782414901,11.037469083965
Canon,EOS M10,1048,25600,20835.0,39.089709902588,15.329298001014902,11.183490170285
Canon,EOS M10,1048,25600,20835.0,40.093943810017,15.723115219614511,11.325225141834
Canon,EOS M10,1048,25600,20835.0,41.098177717447,16.11693243821451,11.462906263583
Canon,EOS M10,1048,25600,20835.0,42.102411624877,16.51074965681451,11.596747944578
Canon,EOS M10,1048,25600,20835.0,43.106645532307,16.90456687541451,11.726948491074
Canon,EOS M10,1048,25600,20835.0,44.110879439737,17.29838409401451,11.853691652042
Canon,EOS M10,1048,25600,20835.0,45.115113347167,17.692201312614507,11.977147985667
Canon,EOS M10,1048,25600,20835.0,46.119347254596,18.08601853121412,12.097476070962
Canon,EOS M10,1048,25600,20835.0,47.123581162026,18.479835749814118,12.21482358495
Canon,EOS M10,1048,25600,20835.0,48.127815069456,18.873652968414117,12.329328262772
Canon,EOS M10,1048,25600,20835.0,49.132048976886,19.267470187014116,12.441118755564
Canon,EOS M10,1048,25600,20835.0,50.136282884316,19.661287405614118,12.550315398794
Canon,EOS M10,1048,25600,20835.0,51.140516791746,20.055104624214117,12.65703090194
Canon,EOS M10,1048,25600,20835.0,52.144750699175,20.448921842813725,12.761370968931
Canon,EOS M10,1048,25600,20835.0,53.148984606605,20.842739061413727,12.863434857442
Canon,EOS M10,1048,25600,20835.0,54.153218514035,21.236556280013723,12.963315884087
Canon,EOS M10,1048,25600,20835.0,55.157452421465,21.630373498613725,13.061101881623
Canon,EOS M10,1048,25600,20835.0,56.161686328895,22.024190717213727,13.156875613488
Canon,EOS M10,1048,25600,20835.0,57.165920236324,22.418007935813332,13.250715150328
Canon,EOS M10,1048,25600,20835.0,58.170154143754,22.81182515441333,13.342694212585
Canon,EOS M10,1048,25600,20835.0,59.174388051184,23.205642373013337,13.43288248273
Canon,EOS M10,1048,25600,20835.0,60.178621958614,23.599459591613332,13.521345890274
Canon,EOS M10,1048,25600,20835.0,61.182855866044,23.993276810213334,13.608146872353
Canon,EOS M10,1048,25600,20835.0,62.187089773474,24.387094028813333,13.693344612316
Canon,EOS M10,1048,25600,20835.0,63.191323680903,24.78091124741294,13.776995258511
Canon,EOS M10,1048,25600,20835.0,64.195557588333,25.17472846601294,13.859152125172
Canon,EOS M10,1048,25600,20835.0,65.199791495763,25.568545684612936,13.939865877142
Canon,EOS M10,1048,25600,20835.0,66.204025403193,25.96236290321294,14.019184699944
Canon,EOS M10,1048,25600,20835.0,67.208259310623,26.356180121812944,14.097154456567
Canon,EOS M10,1048,25600,20835.0,68.212493218052,26.749997340412552,14.173818832176
Canon,EOS M10,1048,25600,20835.0,69.216727125482,27.143814559012547,14.249219467852
Canon,EOS M10,1048,25600,20835.0,70.220961032912,27.537631777612546,14.32339608432
Canon,EOS M10,1048,25600,20835.0,71.225194940342,27.931448996212556,14.396386596555
Canon,EOS M10,1048,25600,20835.0,72.229428847772,28.32526621481255,14.468227220053
Canon,EOS M10,1048,25600,20835.0,73.233662755202,28.71908343341255,14.538952569475
Canon,EOS M10,1048,25600,20835.0,74.237896662631,29.112900652012158,14.608595750314
Canon,EOS M10,1048,25600,20835.0,75.242130570061,29.506717870612153,14.677188444154
Canon,EOS M10,1048,25600,20835.0,76.246364477491,29.900535089212156,14.744760988055
Canon,EOS M10,1048,25600,20835.0,77.250598384921,30.29435230781216,14.811342448541
Canon,EOS M10,1048,25600,20835.0,78.254832292351,30.688169526412157,14.87696069061
Canon,EOS M10,1048,25600,20835.0,79.259066199781,31.08198674501216,14.941642442178
Canon,EOS M10,1048,25600,20835.0,80.26330010721,31.475803963611764,15.005413354292
Canon,EOS M10,1048,25600,20835.0,81.26753401464,31.869621182211766,15.068298057456
Canon,EOS M10,1048,25600,20835.0,82.27176792207,32.263438400811765,15.130320214351
Canon,EOS M10,1048,25600,20835.0,83.2760018295,32.65725561941177,15.191502569234
Canon,EOS M10,1048,25600,20835.0,84.28023573693,33.05107283801176,15.251866994251
Canon,EOS M10,1048,25600,20835.0,85.284469644359,33.44489005661138,15.311434532895
Canon,EOS M10,1048,25600,20835.0,86.288703551789,33.83870727521137,15.370225440813
Canon,EOS M10,1048,25600,20835.0,87.292937459219,34.232524493811376,15.428259224166
Canon,EOS M10,1048,25600,20835.0,88.297171366649,34.626341712411374,15.485554675691
Canon,EOS M10,1048,25600,20835.0,89.301405274079,35.02015893101137,15.542129908647
Canon,EOS M10,1048,25600,20835.0,90.305639181509,35.41397614961137,15.598002388784
Canon,EOS M10,1048,25600,20835.0,91.309873088938,35.80779336821098,15.653188964472
Canon,EOS M10,1048,25600,20835.0,92.314106996368,36.20161058681098,15.707705895106
Canon,EOS M10,1048,25600,20835.0,93.318340903798,36.59542780541098,15.761568877924
Canon,EOS M10,1048,25600,20835.0,94.322574811228,36.989245024010984,15.814793073315
Canon,EOS M10,1048,25600,20835.0,95.326808718658,37.38306224261098,15.867393128743
Canon,EOS M10,1048,25600,20835.0,96.331042626087,37.77687946121059,15.919383201358
Canon,EOS M10,1048,25600,20835.0,97.335276533517,38.17069667981059,15.970776979388
Canon,EOS M10,1048,25600,20835.0,98.339510440947,38.56451389841059,16.021587702388
Canon,EOS M10,1048,25600,20835.0,99.343744348377,38.95833111701059,16.071828180413
Canon,EOS M10,1048,25600,20835.0,100.34797825581,39.35214833561177,16.121510812194
Canon,EOS M10,1048,25600,20835.0,101.35221216324,39.745965554211764,16.170647602362
Canon,EOS M10,1048,25600,20835.0,102.35644607067,40.13978277281176,16.219250177794
Canon,EOS M10,1048,25600,20835.0,103.3606799781,40.53359999141176,16.267329803125
Canon,EOS M10,1048,25600,20835.0,104.36491388553,40.92741721001176,16.314897395477
Canon,EOS M10,1048,25600,20835.0,105.36914779296,41.32123442861177,16.361963538457
Canon,EOS M10,1048,25600,20835.0,106.37338170039,41.715051647211766,16.40853849546
Canon,EOS M10,1048,25600,20835.0,107.37761560782,42.108868865811765,16.454632222321
Canon,EOS M10,1048,25600,20835.0,108.38184951525,42.50268608441176,16.500254379355
Canon,EOS M10,1048,25600,20835.0,109.38608342268,42.89650330301177,16.545414342814
Canon,EOS M10,1048,25600,20835.0,110.3903173301,43.290320521607846,16.590121215807
Canon,EOS M10,1048,25600,20835.0,111.39455123753,43.68413774020784,16.634383838696
Canon,EOS M10,1048,25600,20835.0,112.39878514496,44.077954958807844,16.678210799009
Canon,EOS M10,1048,25600,20835.0,113.40301905239,44.47177217740784,16.721610440893
Canon,EOS M10,1048,25600,20835.0,114.40725295982,44.86558939600784,16.764590874138
Canon,EOS M10,1048,25600,20835.0,115.41148686725,45.25940661460785,16.807159982779
Canon,EOS M10,1048,25600,20835.0,116.41572077468,45.65322383320784,16.849325433324
Canon,EOS M10,1048,25600,20835.0,117.41995468211,46.047041051807845,16.891094682596
Canon,EOS M10,1048,25600,20835.0,118.42418858954,46.440858270407844,16.932474985247
Canon,EOS M10,1048,25600,20835.0,119.42842249697,46.83467548900784,16.973473400923
Canon,EOS M10,1048,25600,20835.0,120.4326564044,47.22849270760784,17.014096801133
Canon,EOS M10,1048,25600,20835.0,121.43689031183,47.62230992620784,17.054351875804
Canon,EOS M10,1048,25600,20835.0,122.44112421926,48.01612714480785,17.094245139569
Canon,EOS M10,1048,25600,20835.0,123.44535812669,48.409944363407845,17.13378293778
Canon,EOS M10,1048,25600,20835.0,124.44959203412,48.803761582007844,17.17297145227
Canon,EOS M10,1048,25600,20835.0,125.45382594155,49.197578800607836,17.211816706869
Canon,EOS M10,1048,25600,20835.0,126.45805984898,49.59139601920784,17.250324572699
Canon,EOS M10,1048,25600,20835.0,127.46229375641,49.98521323780785,17.288500773243
Canon,EOS M10,1048,25600,20835.0,128.46652766384,50.37903045640785,17.326350889213
Canon,EOS M10,1048,25600,20835.0,129.47076157127,50.772847675007846,17.363880363214
Canon,EOS M10,1048,25600,20835.0,130.4749954787,51.16666489360785,17.401094504226
Canon,EOS M10,1048,25600,20835.0,131.47922938613,51.560482112207836,17.437998491907
Canon,EOS M10,1048,25600,20835.0,132.48346329356,51.95429933080784,17.474597380717
Canon,EOS M10,1048,25600,20835.0,133.48769720099,52.34811654940784,17.510896103894
Canon,EOS M10,1048,25600,20835.0,134.49193110842,52.74193376800784,17.546899477261
Canon,EOS M10,1048,25600,20835.0,135.49616501585,53.135750986607846,17.582612202893
Canon,EOS M10,1048,25600,20835.0,136.50039892328,53.52956820520783,17.618038872642
Canon,EOS M10,1048,25600,20835.0,137.50463283071,53.923385423807844,17.653183971527
Canon,EOS M10,1048,25600,20835.0,138.50886673814,54.31720264240785,17.688051880997
Canon,EOS M10,1048,25600,20835.0,139.51310064557,54.71101986100785,17.722646882063
Canon,EOS M10,1048,25600,20835.0,140.517334553,55.10483707960785,17.756973158328
Canon,EOS M10,1048,25600,20835.0,141.52156846043,55.49865429820784,17.791034798892
Canon,EOS M10,1048,25600,20835.0,142.52580236786,55.89247151680784,17.824835801154
Canon,EOS M10,1048,25600,20835.0,143.53003627529,56.286288735407844,17.858380073512
Canon,EOS M10,1048,25600,20835.0,144.53427018272,56.68010595400784,17.891671437967
Canon,EOS M10,1048,25600,20835.0,145.53850409015,57.07392317260784,17.924713632631
Canon,EOS M10,1048,25600,20835.0,146.54273799758,57.46774039120785,17.957510314141
Canon,EOS M10,1048,25600,20835.0,147.54697190501,57.861557609807846,17.990065059997
Canon,EOS M10,1048,25600,20835.0,148.55120581244,58.255374828407845,18.022381370807
Canon,EOS M10,1048,25600,20835.0,149.55543971987,58.649192047007844,18.054462672463
Canon,EOS M10,1048,25600,20835.0,150.5596736273,59.043009265607836,18.086312318233
Canon,EOS M10,1048,25600,20835.0,151.56390753473,59.43682648420784,18.117933590784
Canon,EOS M10,1048,25600,20835.0,152.56814144216,59.83064370280784,18.149329704137
Canon,EOS M10,1048,25600,20835.0,153.57237534959,60.22446092140784,18.180503805554
Canon,EOS M10,1048,25600,20835.0,154.57660925702,60.618278140007845,18.211458977357
Canon,EOS M10,1048,25600,20835.0,155.58084316445,61.012095358607844,18.242198238697
Canon,EOS M10,1048,25600,20835.0,156.58507707188,61.40591257720784,18.272724547246
Canon,EOS M10,1048,25600,20835.0,157.58931097931,61.79972979580784,18.303040800853
Canon,EOS M10,1048,25600,20835.0,158.59354488674,62.19354701440785,18.333149839128
Canon,EOS M10,1048,25600,20835.0,159.59777879417,62.58736423300785,18.363054444984
Canon,EOS M10,1048,25600,20835.0,160.6020127016,62.98118145160784,18.392757346127
Canon,EOS M10,1048,25600,20835.0,161.60624660903,63.37499867020784,18.422261216495
Canon,EOS M10,1048,25600,20835.0,162.61048051646,63.768815888807836,18.451568677652
Canon,EOS M10,1048,25600,20835.0,163.61471442389,64.16263310740784,18.480682300137
Canon,EOS M10,1048,25600,20835.0,164.61894833132,64.55645032600785,18.509604604774
Canon,EOS M10,1048,25600,20835.0,165.62318223875,64.95026754460784,18.538338063933
Canon,EOS M10,1048,25600,20835.0,166.62741614618,65.34408476320785,18.566885102759
Canon,EOS M10,1048,25600,20835.0,167.63165005361,65.73790198180785,18.595248100358
Canon,EOS M10,1048,25600,20835.0,168.63588396104,66.13171920040784,18.623429390944
Canon,EOS M10,1048,25600,20835.0,169.64011786847,66.52553641900785,18.65143126496
Canon,EOS M10,1048,25600,20835.0,170.64435177589,66.91935363760392,18.679255970154
Canon,EOS M10,1048,25600,20835.0,171.64858568332,67.31317085620393,18.70690571263
Canon,EOS M10,1048,25600,20835.0,172.65281959075,67.70698807480392,18.734382657859
Canon,EOS M10,1048,25600,20835.0,173.65705349818,68.10080529340392,18.761688931671
Canon,EOS M10,1048,25600,20835.0,174.66128740561,68.49462251200393,18.788826621204
Canon,EOS M10,1048,25600,20835.0,175.66552131304,68.8884397306039,18.815797775837
Canon,EOS M10,1048,25600,20835.0,176.66975522047,69.28225694920393,18.842604408084
Canon,EOS M10,1048,25600,20835.0,177.6739891279,69.67607416780393,18.869248494474
Canon,EOS M10,1048,25600,20835.0,178.67822303533,70.06989138640392,18.895731976393
Canon,EOS M10,1048,25600,20835.0,179.68245694276,70.46370860500393,18.92205676091
Canon,EOS M10,1048,25600,20835.0,180.68669085019,70.85752582360392,18.948224721575
Canon,EOS M10,1048,25600,20835.0,181.69092475762,71.25134304220391,18.974237699197
Canon,EOS M10,1048,25600,20835.0,182.69515866505,71.64516026080392,19.000097502593
Canon,EOS M10,1048,25600,20835.0,183.69939257248,72.03897747940393,19.025805909329
Canon,EOS M10,1048,25600,20835.0,184.70362647991,72.43279469800392,19.051364666423
Canon,EOS M10,1048,25600,20835.0,185.70786038734,72.82661191660392,19.076775491043
Canon,EOS M10,1048,25600,20835.0,186.71209429477,73.22042913520393,19.102040071175
Canon,EOS M10,1048,25600,20835.0,187.7163282022,73.61424635380392,19.12716006628
Canon,EOS M10,1048,25600,20835.0,188.72056210963,74.00806357240393,19.152137107926
Canon,EOS M10,1048,25600,20835.0,189.72479601706,74.40188079100392,19.176972800411
Canon,EOS M10,1048,25600,20835.0,190.72902992449,74.79569800960391,19.201668721358
Canon,EOS M10,1048,25600,20835.0,191.73326383192,75.18951522820392,19.226226422303
Canon,EOS M10,1048,25600,20835.0,192.73749773935,75.58333244680392,19.250647429266
Canon,EOS M10,1048,25600,20835.0,193.74173164678,75.97714966540391,19.274933243299
Canon,EOS M10,1048,25600,20835.0,194.74596555421,76.37096688400392,19.29908534103
Canon,EOS M10,1048,25600,20835.0,195.75019946164,76.76478410260393,19.323105175181
Canon,EOS M10,1048,25600,20835.0,196.75443336907,77.15860132120392,19.346994175085
Canon,EOS M10,1048,25600,20835.0,197.7586672765,77.55241853980392,19.37075374718
Canon,EOS M10,1048,25600,20835.0,198.76290118393,77.94623575840393,19.394385275492
Canon,EOS M10,1048,25600,20835.0,199.76713509136,78.34005297700392,19.417890122104
Canon,EOS M10,1048,25600,20835.0,200.77136899879,78.73387019560391,19.441269627621
Canon,EOS M10,1048,25600,20835.0,201.77560290622,79.12768741420392,19.464525111613
Canon,EOS M10,1048,25600,20835.0,202.77983681365,79.52150463280393,19.487657873049
Canon,EOS M10,1048,25600,20835.0,203.78407072108,79.91532185140393,19.510669190725
Canon,EOS M10,1048,25600,20835.0,204.78830462851,80.30913907000392,19.533560323675
Canon,EOS M10,1048,25600,20835.0,205.79253853594,80.70295628860393,19.556332511574
Canon,EOS M10,1048,25600,20835.0,206.79677244337,81.09677350720392,19.578986975132
Canon,EOS M10,1048,25600,20835.0,207.8010063508,81.49059072580393,19.601524916478
Canon,EOS M10,1048,25600,20835.0,208.80524025823,81.88440794440392,19.623947519528
Canon,EOS M10,1048,25600,20835.0,209.80947416566,82.27822516300391,19.646255950357
Canon,EOS M10,1048,25600,20835.0,210.81370807309,82.67204238160392,19.668451357548
Canon,EOS M10,1048,25600,20835.0,211.81794198052,83.06585960020392,19.690534872539
Canon,EOS M10,1048,25600,20835.0,212.82217588795,83.45967681880393,19.712507609963
Canon,EOS M10,1048,25600,20835.0,213.82640979538,83.85349403740392,19.734370667978
Canon,EOS M10,1048,25600,20835.0,214.83064370281,84.24731125600393,19.756125128586
Canon,EOS M10,1048,25600,20835.0,215.83487761024,84.64112847460392,19.777772057946
Canon,EOS M10,1048,25600,20835.0,216.83911151767,85.03494569320392,19.799312506685
Canon,EOS M10,1048,25600,20835.0,217.8433454251,85.42876291180393,19.820747510194
Canon,EOS M10,1048,25600,20835.0,218.84757933253,85.8225801304039,19.842078088917
Canon,EOS M10,1048,25600,20835.0,219.85181323996,86.21639734900391,19.863305248641
Canon,EOS M10,1048,25600,20835.0,220.85604714739,86.61021456760393,19.884429980772
Canon,EOS M10,1048,25600,20835.0,221.86028105482,87.00403178620392,19.905453262606
Canon,EOS M10,1048,25600,20835.0,222.86451496225,87.39784900480393,19.926376057593
Canon,EOS M10,1048,25600,20835.0,223.86874886968,87.79166622340392,19.947199315601
Canon,EOS M10,1048,25600,20835.0,224.87298277711,88.18548344200391,19.967923973162
Canon,EOS M10,1048,25600,20835.0,225.87721668454,88.57930066060392,19.988550953727
Canon,EOS M10,1048,25600,20835.0,226.88145059197,88.97311787920393,20.009081167899
Canon,EOS M10,1048,25600,20835.0,227.8856844994,89.36693509780392,20.029515513677
Canon,EOS M10,1048,25600,20835.0,228.88991840683,89.76075231640391,20.049854876683
Canon,EOS M10,1048,25600,20835.0,229.89415231426,90.15456953500393,20.070100130384
Canon,EOS M10,1048,25600,20835.0,230.89838622168,90.5483867536,20.09025213632
Canon,EOS M10,1048,25600,20835.0,231.90262012911,90.94220397219999,20.110311744313
Canon,EOS M10,1048,25600,20835.0,232.90685403654,91.33602119080001,20.130279792681
Canon,EOS M10,1048,25600,20835.0,233.91108794397,91.7298384094,20.15015710844
Canon,EOS M10,1048,25600,20835.0,234.9153218514,92.123655628,20.169944507511
Canon,EOS M10,1048,25600,20835.0,235.91955575883,92.5174728466,20.189642794911
Canon,EOS M10,1048,25600,20835.0,236.92378966626,92.9112900652,20.209252764951
Canon,EOS M10,1048,25600,20835.0,237.92802357369,93.3051072838,20.228775201418
Canon,EOS M10,1048,25600,20835.0,238.93225748112,93.69892450239999,20.248210877766
Canon,EOS M10,1048,25600,20835.0,239.93649138855,94.092741721,20.267560557292
Canon,EOS M10,1048,25600,20835.0,240.94072529598,94.4865589396,20.286824993311
Canon,EOS M10,1048,25600,20835.0,241.94495920341,94.88037615820001,20.306004929332
Canon,EOS M10,1048,25600,20835.0,242.94919311084,95.27419337680001,20.325101099228
Canon,EOS M10,1048,25600,20835.0,243.95342701827,95.6680105954,20.344114227394
Canon,EOS M10,1048,25600,20835.0,244.9576609257,96.061827814,20.363045028917
Canon,EOS M10,1048,25600,20835.0,245.96189483313,96.4556450326,20.381894209729
Canon,EOS M10,1048,25600,20835.0,246.96612874056,96.84946225120001,20.400662466764
Canon,EOS M10,1048,25600,20835.0,247.97036264799,97.24327946979999,20.419350488109
Canon,EOS M10,1048,25600,20835.0,248.97459655542,97.63709668839999,20.437958953152
Canon,EOS M10,1048,25600,20835.0,249.97883046285,98.030913907,20.45648853273
Canon,EOS M10,1048,25600,20835.0,250.98306437028,98.4247311256,20.474939889267
Canon,EOS M10,1048,25600,20835.0,251.98729827771,98.81854834420001,20.493313676919
Canon,EOS M10,1048,25600,20835.0,252.99153218514,99.2123655628,20.511610541705
Canon,EOS M10,1048,25600,20835.0,253.99576609257,99.6061827814,20.529831121645
Canon,EOS M10,1048,25600,20835.0,255,100.0,20.547976046887
