brand,model,sensor_id,iso_manufacturer,iso_measured,gray_level_255,gray_pct,snr_db
Fujifilm,XF1,835,100,106.0,0.1306738313128,0.05124463973050981,0
Fujifilm,XF1,835,100,106.0,0.19143287246171,0.07507171469086667,2.8544653031971
Fujifilm,XF1,835,100,106.0,0.3846139060732,0.15082898277380394,7.7055075964011
Fujifilm,XF1,835,100,106.0,0.61898356525767,0.2427386530422235,10.715902242555
Fujifilm,XF1,835,100,106.0,1.261491912523,0.4947027107933333,14.790882116855
Fujifilm,XF1,835,100,106.0,2.8692178316153,1.125183463378549,18.99371631542
Fujifilm,XF1,835,100,106.0,3.8777409602888,1.5206827295250196,20.439908083648
Fujifilm,XF1,835,100,106.0,4.8862640889624,1.9161819956715294,21.524822904978
Fujifilm,XF1,835,100,106.0,5.8947872176359,2.3116812618180003,22.391950276129
Fujifilm,XF1,835,100,106.0,6.9033103463094,2.707180527964471,23.113584343455
Fujifilm,XF1,835,100,106.0,7.911833474983,3.1026797941109803,23.731199063604
Fujifilm,XF1,835,100,106.0,8.9203566036565,3.498179060257451,24.27077130324
Fujifilm,XF1,835,100,106.0,9.92887973233,3.8936783264039216,24.749639602282
Fujifilm,XF1,835,100,106.0,10.937402861004,4.289177592550588,25.179948841582
Fujifilm,XF1,835,100,106.0,11.945925989677,4.6846768586968635,25.570534595857
Fujifilm,XF1,835,100,106.0,12.954449118351,5.080176124843529,25.928024460462
Fujifilm,XF1,835,100,106.0,13.962972247024,5.475675390989804,26.2575166743
Fujifilm,XF1,835,100,106.0,14.971495375698,5.8711746571364705,26.563016763409
Fujifilm,XF1,835,100,106.0,15.980018504371,6.266673923282745,26.847728810643
Fujifilm,XF1,835,100,106.0,16.988541633045,6.662173189429412,27.114255782956
Fujifilm,XF1,835,100,106.0,17.997064761718,7.057672455575687,27.364740974738
Fujifilm,XF1,835,100,106.0,19.005587890392,7.453171721722353,27.600970176661
Fujifilm,XF1,835,100,106.0,20.014111019065,7.848670987868626,27.824446963655
Fujifilm,XF1,835,100,106.0,21.022634147739,8.244170254015295,28.036449162019
Fujifilm,XF1,835,100,106.0,22.031157276413,8.639669520161961,28.23807187112
Fujifilm,XF1,835,100,106.0,23.039680405086,9.035168786308235,28.430260705767
Fujifilm,XF1,835,100,106.0,24.04820353376,9.430668052454902,28.613837810125
Fujifilm,XF1,835,100,106.0,25.056726662433,9.826167318601177,28.789522450255
Fujifilm,XF1,835,100,106.0,26.065249791107,10.221666584747844,28.957947486521
Fujifilm,XF1,835,100,106.0,27.07377291978,10.617165850894118,29.119672676809
Fujifilm,XF1,835,100,106.0,28.082296048454,11.012665117040784,29.275195514961
Fujifilm,XF1,835,100,106.0,29.090819177127,11.408164383187058,29.424960132755
Fujifilm,XF1,835,100,106.0,30.099342305801,11.803663649333725,29.569364666195
Fujifilm,XF1,835,100,106.0,31.107865434474,12.199162915479999,29.708767393353
Fujifilm,XF1,835,100,106.0,32.116388563148,12.594662181626667,29.843491881636
Fujifilm,XF1,835,100,106.0,33.124911691821,12.990161447772941,29.973831330282
Fujifilm,XF1,835,100,106.0,34.133434820495,13.385660713919606,30.100052254471
Fujifilm,XF1,835,100,106.0,35.141957949168,13.781159980065883,30.222397627304
Fujifilm,XF1,835,100,106.0,36.150481077842,14.17665924621255,30.341089572617
Fujifilm,XF1,835,100,106.0,37.159004206516,14.572158512359215,30.456331683545
Fujifilm,XF1,835,100,106.0,38.167527335189,14.967657778505492,30.568311027546
Fujifilm,XF1,835,100,106.0,39.176050463863,15.363157044652157,30.677199887429
Fujifilm,XF1,835,100,106.0,40.184573592536,15.75865631079843,30.783157279006
Fujifilm,XF1,835,100,106.0,41.19309672121,16.154155576945097,30.886330278919
Fujifilm,XF1,835,100,106.0,42.201619849883,16.549654843091375,30.986855190412
Fujifilm,XF1,835,100,106.0,43.210142978557,16.94515410923804,31.084858570228
Fujifilm,XF1,835,100,106.0,44.21866610723,17.340653375384314,31.180458136014
Fujifilm,XF1,835,100,106.0,45.227189235904,17.736152641530982,31.273763570536
Fujifilm,XF1,835,100,106.0,46.235712364577,18.131651907677256,31.364877236483
Fujifilm,XF1,835,100,106.0,47.244235493251,18.52715117382392,31.45389481351
Fujifilm,XF1,835,100,106.0,48.252758621924,18.922650439970194,31.540905867469
Fujifilm,XF1,835,100,106.0,49.261281750598,19.318149706116863,31.625994360303
Fujifilm,XF1,835,100,106.0,50.269804879272,19.71364897226353,31.70923910787
Fujifilm,XF1,835,100,106.0,51.278328007945,20.109148238409805,31.790714191964
Fujifilm,XF1,835,100,106.0,52.286851136619,20.50464750455647,31.870489331897
Fujifilm,XF1,835,100,106.0,53.295374265292,20.900146770702744,31.948630220343
Fujifilm,XF1,835,100,106.0,54.303897393966,21.295646036849412,32.025198827469
Fujifilm,XF1,835,100,106.0,55.312420522639,21.691145302995686,32.100253676889
Fujifilm,XF1,835,100,106.0,56.320943651313,22.08664456914235,32.173850096513
Fujifilm,XF1,835,100,106.0,57.329466779986,22.482143835288625,32.246040446986
Fujifilm,XF1,835,100,106.0,58.33798990866,22.877643101435293,32.316874330072
Fujifilm,XF1,835,100,106.0,59.346513037333,23.273142367581567,32.386398779067
Fujifilm,XF1,835,100,106.0,60.355036166007,23.668641633728235,32.454658433059
Fujifilm,XF1,835,100,106.0,61.36355929468,24.064140899874513,32.521695696662
Fujifilm,XF1,835,100,106.0,62.372082423354,24.459640166021178,32.587550886643
Fujifilm,XF1,835,100,106.0,63.380605552028,24.855139432167846,32.652262366723
Fujifilm,XF1,835,100,106.0,64.389128680701,25.25063869831412,32.715866671668
Fujifilm,XF1,835,100,106.0,65.397651809375,25.646137964460785,32.778398621681
Fujifilm,XF1,835,100,106.0,66.406174938048,26.041637230607055,32.839891427989
Fujifilm,XF1,835,100,106.0,67.414698066722,26.437136496753723,32.900376790425
Fujifilm,XF1,835,100,106.0,68.423221195395,26.832635762899997,32.959884987727
Fujifilm,XF1,835,100,106.0,69.431744324069,27.22813502904667,33.018444961185
Fujifilm,XF1,835,100,106.0,70.440267452742,27.623634295192943,33.076084392236
Fujifilm,XF1,835,100,106.0,71.448790581416,28.01913356133961,33.132829774497
Fujifilm,XF1,835,100,106.0,72.457313710089,28.41463282748588,33.188706480738
Fujifilm,XF1,835,100,106.0,73.465836838763,28.810132093632546,33.243738825189
Fujifilm,XF1,835,100,106.0,74.474359967437,29.205631359779215,33.297950121585
Fujifilm,XF1,835,100,106.0,75.48288309611,29.601130625925492,33.351362737281
Fujifilm,XF1,835,100,106.0,76.491406224784,29.996629892072157,33.403998143762
Fujifilm,XF1,835,100,106.0,77.499929353457,30.392129158218435,33.455876963826
Fujifilm,XF1,835,100,106.0,78.508452482131,30.7876284243651,33.507019015699
Fujifilm,XF1,835,100,106.0,79.516975610804,31.18312769051137,33.557443354325
Fujifilm,XF1,835,100,106.0,80.525498739478,31.57862695665804,33.607168310036
Fujifilm,XF1,835,100,106.0,81.534021868151,31.974126222804315,33.656211524813
Fujifilm,XF1,835,100,106.0,82.542544996825,32.36962548895098,33.704589986293
Fujifilm,XF1,835,100,106.0,83.551068125498,32.76512475509726,33.752320059715
Fujifilm,XF1,835,100,106.0,84.559591254172,33.160624021243926,33.799417517936
Fujifilm,XF1,835,100,106.0,85.568114382846,33.55612328739059,33.845897569651
Fujifilm,XF1,835,100,106.0,86.576637511519,33.95162255353686,33.891774885968
Fujifilm,XF1,835,100,106.0,87.585160640193,34.34712181968353,33.937063625422
Fujifilm,XF1,835,100,106.0,88.593683768866,34.7426210858298,33.981777457561
Fujifilm,XF1,835,100,106.0,89.60220689754,35.13812035197647,34.025929585186
Fujifilm,XF1,835,100,106.0,90.610730026213,35.53361961812275,34.06953276534
Fujifilm,XF1,835,100,106.0,91.619253154887,35.929118884269414,34.112599329136
Fujifilm,XF1,835,100,106.0,92.62777628356,36.32461815041568,34.155141200491
Fujifilm,XF1,835,100,106.0,93.636299412234,36.72011741656235,34.19716991384
Fujifilm,XF1,835,100,106.0,94.644822540907,37.11561668270863,34.238696630898
Fujifilm,XF1,835,100,106.0,95.653345669581,37.51111594885529,34.279732156534
Fujifilm,XF1,835,100,106.0,96.661868798255,37.90661521500196,34.320286953806
Fujifilm,XF1,835,100,106.0,97.670391926928,38.30211448114824,34.360371158208
Fujifilm,XF1,835,100,106.0,98.678915055602,38.6976137472949,34.399994591193
Fujifilm,XF1,835,100,106.0,99.687438184275,39.09311301344117,34.439166772992
Fujifilm,XF1,835,100,106.0,100.69596131295,39.48861227958824,34.477896934802
Fujifilm,XF1,835,100,106.0,101.70448444162,39.88411154573333,34.516194030347
Fujifilm,XF1,835,100,106.0,102.7130075703,40.27961081188235,34.554066746877
Fujifilm,XF1,835,100,106.0,103.72153069897,40.67511007802745,34.591523515626
Fujifilm,XF1,835,100,106.0,104.73005382764,41.07060934417255,34.62857252176
Fujifilm,XF1,835,100,106.0,105.73857695632,41.46610861032157,34.665221713849
Fujifilm,XF1,835,100,106.0,106.74710008499,41.861607876466664,34.701478812884
Fujifilm,XF1,835,100,106.0,107.75562321366,42.257107142611765,34.737351320871
Fujifilm,XF1,835,100,106.0,108.76414634234,42.65260640876078,34.772846529025
Fujifilm,XF1,835,100,106.0,109.77266947101,43.048105674905884,34.807971525582
Fujifilm,XF1,835,100,106.0,110.78119259968,43.44360494105098,34.842733203249
Fujifilm,XF1,835,100,106.0,111.78971572836,43.839104207199995,34.877138266325
Fujifilm,XF1,835,100,106.0,112.79823885703,44.234603473345096,34.911193237492
Fujifilm,XF1,835,100,106.0,113.8067619857,44.6301027394902,34.944904464303
Fujifilm,XF1,835,100,106.0,114.81528511438,45.025602005639215,34.978278125394
Fujifilm,XF1,835,100,106.0,115.82380824305,45.421101271784316,35.011320236405
Fujifilm,XF1,835,100,106.0,116.83233137173,45.81660053793334,35.044036655661
Fujifilm,XF1,835,100,106.0,117.8408545004,46.212099804078434,35.076433089598
Fujifilm,XF1,835,100,106.0,118.84937762907,46.60759907022353,35.108515097957
Fujifilm,XF1,835,100,106.0,119.85790075775,47.00309833637255,35.140288098766
Fujifilm,XF1,835,100,106.0,120.86642388642,47.39859760251765,35.171757373101
Fujifilm,XF1,835,100,106.0,121.87494701509,47.79409686866274,35.202928069659
Fujifilm,XF1,835,100,106.0,122.88347014377,48.189596134811765,35.233805209135
Fujifilm,XF1,835,100,106.0,123.89199327244,48.58509540095686,35.264393688421
Fujifilm,XF1,835,100,106.0,124.90051640111,48.98059466710196,35.294698284639
Fujifilm,XF1,835,100,106.0,125.90903952979,49.37609393325098,35.324723659003
Fujifilm,XF1,835,100,106.0,126.91756265846,49.77159319939608,35.354474360534
Fujifilm,XF1,835,100,106.0,127.92608578713,50.167092465541174,35.383954829625
Fujifilm,XF1,835,100,106.0,128.93460891581,50.5625917316902,35.413169401459
Fujifilm,XF1,835,100,106.0,129.94313204448,50.95809099783529,35.442122309309
Fujifilm,XF1,835,100,106.0,130.95165517316,51.35359026398431,35.470817687693
Fujifilm,XF1,835,100,106.0,131.96017830183,51.749089530129424,35.499259575416
Fujifilm,XF1,835,100,106.0,132.9687014305,52.14458879627452,35.527451918499
Fujifilm,XF1,835,100,106.0,133.97722455918,52.54008806242353,35.555398572989
Fujifilm,XF1,835,100,106.0,134.98574768785,52.93558732856862,35.583103307668
Fujifilm,XF1,835,100,106.0,135.99427081652,53.33108659471372,35.610569806662
Fujifilm,XF1,835,100,106.0,137.0027939452,53.726585860862755,35.63780167195
Fujifilm,XF1,835,100,106.0,138.01131707387,54.12208512700785,35.664802425779
Fujifilm,XF1,835,100,106.0,139.01984020254,54.51758439315294,35.691575513002
Fujifilm,XF1,835,100,106.0,140.02836333122,54.913083659301954,35.718124303314
Fujifilm,XF1,835,100,106.0,141.03688645989,55.308582925447055,35.744452093424
Fujifilm,XF1,835,100,106.0,142.04540958856,55.704082191592164,35.770562109139
Fujifilm,XF1,835,100,106.0,143.05393271724,56.09958145774117,35.796457507375
Fujifilm,XF1,835,100,106.0,144.06245584591,56.49508072388627,35.822141378104
Fujifilm,XF1,835,100,106.0,145.07097897458,56.89057999003136,35.847616746226
Fujifilm,XF1,835,100,106.0,146.07950210326,57.2860792561804,35.872886573377
Fujifilm,XF1,835,100,106.0,147.08802523193,57.681578522325495,35.897953759679
Fujifilm,XF1,835,100,106.0,148.09654836061,58.077077788474504,35.922821145424
Fujifilm,XF1,835,100,106.0,149.10507148928,58.4725770546196,35.947491512705
Fujifilm,XF1,835,100,106.0,150.11359461795,58.86807632076471,35.971967586988
Fujifilm,XF1,835,100,106.0,151.12211774663,59.26357558691373,35.99625203864
Fujifilm,XF1,835,100,106.0,152.1306408753,59.659074853058826,36.020347484392
Fujifilm,XF1,835,100,106.0,153.13916400397,60.05457411920392,36.044256488767
Fujifilm,XF1,835,100,106.0,154.14768713265,60.450073385352944,36.06798156545
Fujifilm,XF1,835,100,106.0,155.15621026132,60.845572651498046,36.091525178626
Fujifilm,XF1,835,100,106.0,156.16473338999,61.24107191764314,36.11488974426
Fujifilm,XF1,835,100,106.0,157.17325651867,61.63657118379216,36.138077631345
Fujifilm,XF1,835,100,106.0,158.18177964734,62.03207044993725,36.161091163109
Fujifilm,XF1,835,100,106.0,159.19030277601,62.427569716082346,36.18393261818
Fujifilm,XF1,835,100,106.0,160.19882590469,62.823068982231376,36.20660423172
Fujifilm,XF1,835,100,106.0,161.20734903336,63.21856824837647,36.229108196515
Fujifilm,XF1,835,100,106.0,162.21587216203,63.614067514521565,36.251446664039
Fujifilm,XF1,835,100,106.0,163.22439529071,64.0095667806706,36.27362174548
Fujifilm,XF1,835,100,106.0,164.23291841938,64.40506604681569,36.295635512735
Fujifilm,XF1,835,100,106.0,165.24144154806,64.80056531296471,36.31748999938
Fujifilm,XF1,835,100,106.0,166.24996467673,65.1960645791098,36.339187201599
Fujifilm,XF1,835,100,106.0,167.2584878054,65.5915638452549,36.360729079096
Fujifilm,XF1,835,100,106.0,168.26701093408,65.98706311140393,36.382117555975
Fujifilm,XF1,835,100,106.0,169.27553406275,66.38256237754902,36.403354521591
Fujifilm,XF1,835,100,106.0,170.28405719142,66.77806164369412,36.424441831381
Fujifilm,XF1,835,100,106.0,171.2925803201,67.17356090984313,36.445381307666
Fujifilm,XF1,835,100,106.0,172.30110344877,67.56906017598824,36.466174740435
Fujifilm,XF1,835,100,106.0,173.30962657744,67.96455944213335,36.486823888095
Fujifilm,XF1,835,100,106.0,174.31814970612,68.36005870828235,36.507330478213
Fujifilm,XF1,835,100,106.0,175.32667283479,68.75555797442745,36.527696208228
Fujifilm,XF1,835,100,106.0,176.33519596346,69.15105724057254,36.547922746145
Fujifilm,XF1,835,100,106.0,177.34371909214,69.54655650672157,36.568011731205
Fujifilm,XF1,835,100,106.0,178.35224222081,69.94205577286667,36.587964774545
Fujifilm,XF1,835,100,106.0,179.36076534949,70.33755503901568,36.607783459831
Fujifilm,XF1,835,100,106.0,180.36928847816,70.73305430516078,36.627469343877
Fujifilm,XF1,835,100,106.0,181.37781160683,71.12855357130587,36.647023957244
Fujifilm,XF1,835,100,106.0,182.38633473551,71.5240528374549,36.666448804828
Fujifilm,XF1,835,100,106.0,183.39485786418,71.9195521036,36.685745366425
Fujifilm,XF1,835,100,106.0,184.40338099285,72.31505136974509,36.704915097283
Fujifilm,XF1,835,100,106.0,185.41190412153,72.71055063589412,36.723959428644
Fujifilm,XF1,835,100,106.0,186.4204272502,73.10604990203922,36.742879768259
Fujifilm,XF1,835,100,106.0,187.42895037887,73.50154916818433,36.761677500905
Fujifilm,XF1,835,100,106.0,188.43747350755,73.89704843433333,36.780353988873
Fujifilm,XF1,835,100,106.0,189.44599663622,74.29254770047842,36.798910572454
Fujifilm,XF1,835,100,106.0,190.45451976489,74.68804696662352,36.817348570406
Fujifilm,XF1,835,100,106.0,191.46304289357,75.08354623277255,36.835669280411
Fujifilm,XF1,835,100,106.0,192.47156602224,75.47904549891766,36.853873979519
Fujifilm,XF1,835,100,106.0,193.48008915091,75.87454476506275,36.871963924581
Fujifilm,XF1,835,100,106.0,194.48861227959,76.27004403121177,36.889940352672
Fujifilm,XF1,835,100,106.0,195.49713540826,76.66554329735686,36.907804481497
Fujifilm,XF1,835,100,106.0,196.50565853694,77.06104256350588,36.925557509797
Fujifilm,XF1,835,100,106.0,197.51418166561,77.45654182965099,36.943200617735
Fujifilm,XF1,835,100,106.0,198.52270479428,77.85204109579608,36.960734967276
Fujifilm,XF1,835,100,106.0,199.53122792296,78.2475403619451,36.978161702559
Fujifilm,XF1,835,100,106.0,200.53975105163,78.6430396280902,36.995481950256
Fujifilm,XF1,835,100,106.0,201.5482741803,79.0385388942353,37.012696819923
Fujifilm,XF1,835,100,106.0,202.55679730898,79.43403816038432,37.029807404347
Fujifilm,XF1,835,100,106.0,203.56532043765,79.82953742652941,37.046814779875
Fujifilm,XF1,835,100,106.0,204.57384356632,80.22503669267451,37.063720006744
Fujifilm,XF1,835,100,106.0,205.582366695,80.62053595882352,37.080524129397
Fujifilm,XF1,835,100,106.0,206.59088982367,81.01603522496863,37.097228176795
Fujifilm,XF1,835,100,106.0,207.59941295234,81.41153449111373,37.113833162718
Fujifilm,XF1,835,100,106.0,208.60793608102,81.80703375726274,37.130340086061
Fujifilm,XF1,835,100,106.0,209.61645920969,82.20253302340784,37.146749931123
Fujifilm,XF1,835,100,106.0,210.62498233837,82.59803228955685,37.163063667886
Fujifilm,XF1,835,100,106.0,211.63350546704,82.99353155570196,37.179282252294
Fujifilm,XF1,835,100,106.0,212.64202859571,83.38903082184706,37.195406626514
Fujifilm,XF1,835,100,106.0,213.65055172439,83.78453008799607,37.211437719205
Fujifilm,XF1,835,100,106.0,214.65907485306,84.18002935414117,37.227376445769
Fujifilm,XF1,835,100,106.0,215.66759798173,84.57552862028628,37.243223708601
Fujifilm,XF1,835,100,106.0,216.67612111041,84.97102788643531,37.258980397335
Fujifilm,XF1,835,100,106.0,217.68464423908,85.3665271525804,37.274647389077
Fujifilm,XF1,835,100,106.0,218.69316736775,85.76202641872548,37.290225548644
Fujifilm,XF1,835,100,106.0,219.70169049643,86.1575256848745,37.305715728787
Fujifilm,XF1,835,100,106.0,220.7102136251,86.55302495101961,37.321118770412
Fujifilm,XF1,835,100,106.0,221.71873675377,86.9485242171647,37.3364355028
Fujifilm,XF1,835,100,106.0,222.72725988245,87.34402348331372,37.351666743817
Fujifilm,XF1,835,100,106.0,223.73578301112,87.73952274945881,37.366813300122
Fujifilm,XF1,835,100,106.0,224.74430613979,88.13502201560392,37.381875967366
Fujifilm,XF1,835,100,106.0,225.75282926847,88.53052128175295,37.396855530397
Fujifilm,XF1,835,100,106.0,226.76135239714,88.92602054789805,37.411752763446
Fujifilm,XF1,835,100,106.0,227.76987552582,89.32151981404705,37.42656843032
Fujifilm,XF1,835,100,106.0,228.77839865449,89.71701908019214,37.441303284587
Fujifilm,XF1,835,100,106.0,229.78692178316,90.11251834633725,37.455958069756
Fujifilm,XF1,835,100,106.0,230.79544491184,90.50801761248628,37.470533519452
Fujifilm,XF1,835,100,106.0,231.80396804051,90.90351687863138,37.485030357595
Fujifilm,XF1,835,100,106.0,232.81249116918,91.29901614477647,37.499449298561
Fujifilm,XF1,835,100,106.0,233.82101429786,91.69451541092548,37.513791047356
Fujifilm,XF1,835,100,106.0,234.82953742653,92.0900146770706,37.528056299771
Fujifilm,XF1,835,100,106.0,235.8380605552,92.4855139432157,37.542245742545
Fujifilm,XF1,835,100,106.0,236.84658368388,92.88101320936471,37.556360053519
Fujifilm,XF1,835,100,106.0,237.85510681255,93.2765124755098,37.570399901787
Fujifilm,XF1,835,100,106.0,238.86362994122,93.6720117416549,37.584365947846
Fujifilm,XF1,835,100,106.0,239.8721530699,94.06751100780393,37.59825884374
Fujifilm,XF1,835,100,106.0,240.88067619857,94.46301027394902,37.612079233204
Fujifilm,XF1,835,100,106.0,241.88919932724,94.85850954009412,37.625827751801
Fujifilm,XF1,835,100,106.0,242.89772245592,95.25400880624314,37.639505027064
Fujifilm,XF1,835,100,106.0,243.90624558459,95.64950807238823,37.653111678622
Fujifilm,XF1,835,100,106.0,244.91476871327,96.04500733853726,37.666648318337
Fujifilm,XF1,835,100,106.0,245.92329184194,96.44050660468235,37.680115550431
Fujifilm,XF1,835,100,106.0,246.93181497061,96.83600587082745,37.693513971608
Fujifilm,XF1,835,100,106.0,247.94033809929,97.23150513697647,37.706844171183
Fujifilm,XF1,835,100,106.0,248.94886122796,97.62700440312157,37.720106731198
Fujifilm,XF1,835,100,106.0,249.95738435663,98.02250366926667,37.733302226542
Fujifilm,XF1,835,100,106.0,250.96590748531,98.41800293541569,37.746431225065
Fujifilm,XF1,835,100,106.0,251.97443061398,98.81350220156078,37.759494287696
Fujifilm,XF1,835,100,106.0,252.98295374265,99.20900146770589,37.772491968548
Fujifilm,XF1,835,100,106.0,253.99147687133,99.6045007338549,37.785424815031
Fujifilm,XF1,835,100,106.0,255,100.0,37.798293367956
Fujifilm,XF1,835,200,191.0,0.19143287246171,0.07507171469086667,0
Fujifilm,XF1,835,200,191.0,0.3846139060732,0.15082898277380394,4.8458108814413
Fujifilm,XF1,835,200,191.0,0.61898356525767,0.2427386530422235,7.8527838339277
Fujifilm,XF1,835,200,191.0,1.261491912523,0.4947027107933333,11.924295691049
Fujifilm,XF1,835,200,191.0,2.8692178316153,1.125183463378549,16.127637460141
Fujifilm,XF1,835,200,191.0,3.8777409602888,1.5206827295250196,17.575748676448
Fujifilm,XF1,835,200,191.0,4.8862640889624,1.9161819956715294,18.662968364071
Fujifilm,XF1,835,200,191.0,5.8947872176359,2.3116812618180003,19.532598228558
Fujifilm,XF1,835,200,191.0,6.9033103463094,2.707180527964471,20.256848232333
Fujifilm,XF1,835,200,191.0,7.911833474983,3.1026797941109803,20.877148969298
Fujifilm,XF1,835,200,191.0,8.9203566036565,3.498179060257451,21.419452700968
Fujifilm,XF1,835,200,191.0,9.92887973233,3.8936783264039216,21.901082970361
Fujifilm,XF1,835,200,191.0,10.937402861004,4.289177592550588,22.334174999618
Fujifilm,XF1,835,200,191.0,11.945925989677,4.6846768586968635,22.727557864203
Fujifilm,XF1,835,200,191.0,12.954449118351,5.080176124843529,23.087854627464
Fujifilm,XF1,835,200,191.0,13.962972247024,5.475675390989804,23.420160273305
Fujifilm,XF1,835,200,191.0,14.971495375698,5.8711746571364705,23.728477931075
Fujifilm,XF1,835,200,191.0,15.980018504371,6.266673923282745,24.01600988114
Fujifilm,XF1,835,200,191.0,16.988541633045,6.662173189429412,24.285357709931
Fujifilm,XF1,835,200,191.0,17.997064761718,7.057672455575687,24.53866363765
Fujifilm,XF1,835,200,191.0,19.005587890392,7.453171721722353,24.77771260754
Fujifilm,XF1,835,200,191.0,20.014111019065,7.848670987868626,25.004007517847
Fujifilm,XF1,835,200,191.0,21.022634147739,8.244170254015295,25.218825648749
Fujifilm,XF1,835,200,191.0,22.031157276413,8.639669520161961,25.423261654695
Fujifilm,XF1,835,200,191.0,23.039680405086,9.035168786308235,25.618260785002
Fujifilm,XF1,835,200,191.0,24.04820353376,9.430668052454902,25.804644881378
Fujifilm,XF1,835,200,191.0,25.056726662433,9.826167318601177,25.983132957967
Fujifilm,XF1,835,200,191.0,26.065249791107,10.221666584747844,26.154357664117
Fujifilm,XF1,835,200,191.0,27.07377291978,10.617165850894118,26.318878580078
Fujifilm,XF1,835,200,191.0,28.082296048454,11.012665117040784,26.477193049522
Fujifilm,XF1,835,200,191.0,29.090819177127,11.408164383187058,26.629745076812
Fujifilm,XF1,835,200,191.0,30.099342305801,11.803663649333725,26.776932689522
Fujifilm,XF1,835,200,191.0,31.107865434474,12.199162915479999,26.919114073228
Fujifilm,XF1,835,200,191.0,32.116388563148,12.594662181626667,27.056612716299
Fujifilm,XF1,835,200,191.0,33.124911691821,12.990161447772941,27.189721750352
Fujifilm,XF1,835,200,191.0,34.133434820495,13.385660713919606,27.318707632698
Fujifilm,XF1,835,200,191.0,35.141957949168,13.781159980065883,27.443813286914
Fujifilm,XF1,835,200,191.0,36.150481077842,14.17665924621255,27.565260794511
Fujifilm,XF1,835,200,191.0,37.159004206516,14.572158512359215,27.683253712512
Fujifilm,XF1,835,200,191.0,38.167527335189,14.967657778505492,27.797979077664
Fujifilm,XF1,835,200,191.0,39.176050463863,15.363157044652157,27.909609146762
Fujifilm,XF1,835,200,191.0,40.184573592536,15.75865631079843,28.018302913717
Fujifilm,XF1,835,200,191.0,41.19309672121,16.154155576945097,28.124207436872
Fujifilm,XF1,835,200,191.0,42.201619849883,16.549654843091375,28.227459004341
Fujifilm,XF1,835,200,191.0,43.210142978557,16.94515410923804,28.328184160535
Fujifilm,XF1,835,200,191.0,44.21866610723,17.340653375384314,28.42650061324
Fujifilm,XF1,835,200,191.0,45.227189235904,17.736152641530982,28.522518037557
Fujifilm,XF1,835,200,191.0,46.235712364577,18.131651907677256,28.616338790456
Fujifilm,XF1,835,200,191.0,47.244235493251,18.52715117382392,28.708058547611
Fujifilm,XF1,835,200,191.0,48.252758621924,18.922650439970194,28.797766872444
Fujifilm,XF1,835,200,191.0,49.261281750598,19.318149706116863,28.885547725854
Fujifilm,XF1,835,200,191.0,50.269804879272,19.71364897226353,28.971479923901
Fujifilm,XF1,835,200,191.0,51.278328007945,20.109148238409805,29.055637549693
Fujifilm,XF1,835,200,191.0,52.286851136619,20.50464750455647,29.138090324861
Fujifilm,XF1,835,200,191.0,53.295374265292,20.900146770702744,29.218903945303
Fujifilm,XF1,835,200,191.0,54.303897393966,21.295646036849412,29.298140385223
Fujifilm,XF1,835,200,191.0,55.312420522639,21.691145302995686,29.375858173011
Fujifilm,XF1,835,200,191.0,56.320943651313,22.08664456914235,29.452112642015
Fujifilm,XF1,835,200,191.0,57.329466779986,22.482143835288625,29.526956158924
Fujifilm,XF1,835,200,191.0,58.33798990866,22.877643101435293,29.600438332091
Fujifilm,XF1,835,200,191.0,59.346513037333,23.273142367581567,29.672606201894
Fujifilm,XF1,835,200,191.0,60.355036166007,23.668641633728235,29.743504414955
Fujifilm,XF1,835,200,191.0,61.36355929468,24.064140899874513,29.813175383829
Fujifilm,XF1,835,200,191.0,62.372082423354,24.459640166021178,29.881659433595
Fujifilm,XF1,835,200,191.0,63.380605552028,24.855139432167846,29.948994936623
Fujifilm,XF1,835,200,191.0,64.389128680701,25.25063869831412,30.015218436636
Fujifilm,XF1,835,200,191.0,65.397651809375,25.646137964460785,30.080364763071
Fujifilm,XF1,835,200,191.0,66.406174938048,26.041637230607055,30.144467136644
Fujifilm,XF1,835,200,191.0,67.414698066722,26.437136496753723,30.20755726691
Fujifilm,XF1,835,200,191.0,68.423221195395,26.832635762899997,30.269665442535
Fujifilm,XF1,835,200,191.0,69.431744324069,27.22813502904667,30.330820614934
Fujifilm,XF1,835,200,191.0,70.440267452742,27.623634295192943,30.391050475836
Fujifilm,XF1,835,200,191.0,71.448790581416,28.01913356133961,30.450381529314
Fujifilm,XF1,835,200,191.0,72.457313710089,28.41463282748588,30.508839158734
Fujifilm,XF1,835,200,191.0,73.465836838763,28.810132093632546,30.566447689054
Fujifilm,XF1,835,200,191.0,74.474359967437,29.205631359779215,30.623230444854
Fujifilm,XF1,835,200,191.0,75.48288309611,29.601130625925492,30.67920980444
Fujifilm,XF1,835,200,191.0,76.491406224784,29.996629892072157,30.734407250348
Fujifilm,XF1,835,200,191.0,77.499929353457,30.392129158218435,30.788843416507
Fujifilm,XF1,835,200,191.0,78.508452482131,30.7876284243651,30.84253813236
Fujifilm,XF1,835,200,191.0,79.516975610804,31.18312769051137,30.895510464131
Fujifilm,XF1,835,200,191.0,80.525498739478,31.57862695665804,30.947778753502
Fujifilm,XF1,835,200,191.0,81.534021868151,31.974126222804315,30.999360653853
Fujifilm,XF1,835,200,191.0,82.542544996825,32.36962548895098,31.050273164272
Fujifilm,XF1,835,200,191.0,83.551068125498,32.76512475509726,31.100532661495
Fujifilm,XF1,835,200,191.0,84.559591254172,33.160624021243926,31.150154929908
Fujifilm,XF1,835,200,191.0,85.568114382846,33.55612328739059,31.199155189774
Fujifilm,XF1,835,200,191.0,86.576637511519,33.95162255353686,31.247548123793
Fujifilm,XF1,835,200,191.0,87.585160640193,34.34712181968353,31.29534790212
Fujifilm,XF1,835,200,191.0,88.593683768866,34.7426210858298,31.342568205939
Fujifilm,XF1,835,200,191.0,89.60220689754,35.13812035197647,31.389222249705
Fujifilm,XF1,835,200,191.0,90.610730026213,35.53361961812275,31.435322802128
Fujifilm,XF1,835,200,191.0,91.619253154887,35.929118884269414,31.480882205998
Fujifilm,XF1,835,200,191.0,92.62777628356,36.32461815041568,31.525912396913
Fujifilm,XF1,835,200,191.0,93.636299412234,36.72011741656235,31.570424920993
Fujifilm,XF1,835,200,191.0,94.644822540907,37.11561668270863,31.614430951643
Fujifilm,XF1,835,200,191.0,95.653345669581,37.51111594885529,31.657941305417
Fujifilm,XF1,835,200,191.0,96.661868798255,37.90661521500196,31.700966457054
Fujifilm,XF1,835,200,191.0,97.670391926928,38.30211448114824,31.743516553726
Fujifilm,XF1,835,200,191.0,98.678915055602,38.6976137472949,31.785601428552
Fujifilm,XF1,835,200,191.0,99.687438184275,39.09311301344117,31.827230613426
Fujifilm,XF1,835,200,191.0,100.69596131295,39.48861227958824,31.86841335119
Fujifilm,XF1,835,200,191.0,101.70448444162,39.88411154573333,31.909158607202
Fujifilm,XF1,835,200,191.0,102.7130075703,40.27961081188235,31.949475080335
Fujifilm,XF1,835,200,191.0,103.72153069897,40.67511007802745,31.989371213427
Fujifilm,XF1,835,200,191.0,104.73005382764,41.07060934417255,32.028855203232
Fujifilm,XF1,835,200,191.0,105.73857695632,41.46610861032157,32.067935009889
Fujifilm,XF1,835,200,191.0,106.74710008499,41.861607876466664,32.106618365938
Fujifilm,XF1,835,200,191.0,107.75562321366,42.257107142611765,32.144912784916
Fujifilm,XF1,835,200,191.0,108.76414634234,42.65260640876078,32.182825569546
Fujifilm,XF1,835,200,191.0,109.77266947101,43.048105674905884,32.220363819549
Fujifilm,XF1,835,200,191.0,110.78119259968,43.44360494105098,32.257534439095
Fujifilm,XF1,835,200,191.0,111.78971572836,43.839104207199995,32.29434414392
Fujifilm,XF1,835,200,191.0,112.79823885703,44.234603473345096,32.330799468121
Fujifilm,XF1,835,200,191.0,113.8067619857,44.6301027394902,32.366906770639
Fujifilm,XF1,835,200,191.0,114.81528511438,45.025602005639215,32.402672241471
Fujifilm,XF1,835,200,191.0,115.82380824305,45.421101271784316,32.438101907592
Fujifilm,XF1,835,200,191.0,116.83233137173,45.81660053793334,32.473201638636
Fujifilm,XF1,835,200,191.0,117.8408545004,46.212099804078434,32.507977152317
Fujifilm,XF1,835,200,191.0,118.84937762907,46.60759907022353,32.54243401963
Fujifilm,XF1,835,200,191.0,119.85790075775,47.00309833637255,32.576577669824
Fujifilm,XF1,835,200,191.0,120.86642388642,47.39859760251765,32.610413395169
Fujifilm,XF1,835,200,191.0,121.87494701509,47.79409686866274,32.643946355524
Fujifilm,XF1,835,200,191.0,122.88347014377,48.189596134811765,32.67718158272
Fujifilm,XF1,835,200,191.0,123.89199327244,48.58509540095686,32.710123984752
Fujifilm,XF1,835,200,191.0,124.90051640111,48.98059466710196,32.742778349814
Fujifilm,XF1,835,200,191.0,125.90903952979,49.37609393325098,32.775149350162
Fujifilm,XF1,835,200,191.0,126.91756265846,49.77159319939608,32.807241545829
Fujifilm,XF1,835,200,191.0,127.92608578713,50.167092465541174,32.839059388184
Fujifilm,XF1,835,200,191.0,128.93460891581,50.5625917316902,32.87060722336
Fujifilm,XF1,835,200,191.0,129.94313204448,50.95809099783529,32.901889295545
Fujifilm,XF1,835,200,191.0,130.95165517316,51.35359026398431,32.932909750139
Fujifilm,XF1,835,200,191.0,131.96017830183,51.749089530129424,32.963672636801
Fujifilm,XF1,835,200,191.0,132.9687014305,52.14458879627452,32.994181912368
Fujifilm,XF1,835,200,191.0,133.97722455918,52.54008806242353,33.024441443673
Fujifilm,XF1,835,200,191.0,134.98574768785,52.93558732856862,33.054455010254
Fujifilm,XF1,835,200,191.0,135.99427081652,53.33108659471372,33.084226306955
Fujifilm,XF1,835,200,191.0,137.0027939452,53.726585860862755,33.113758946443
Fujifilm,XF1,835,200,191.0,138.01131707387,54.12208512700785,33.143056461621
Fujifilm,XF1,835,200,191.0,139.01984020254,54.51758439315294,33.172122307962
Fujifilm,XF1,835,200,191.0,140.02836333122,54.913083659301954,33.200959865751
Fujifilm,XF1,835,200,191.0,141.03688645989,55.308582925447055,33.229572442251
Fujifilm,XF1,835,200,191.0,142.04540958856,55.704082191592164,33.25796327379
Fujifilm,XF1,835,200,191.0,143.05393271724,56.09958145774117,33.286135527774
Fujifilm,XF1,835,200,191.0,144.06245584591,56.49508072388627,33.314092304631
Fujifilm,XF1,835,200,191.0,145.07097897458,56.89057999003136,33.34183663968
Fujifilm,XF1,835,200,191.0,146.07950210326,57.2860792561804,33.369371504949
Fujifilm,XF1,835,200,191.0,147.08802523193,57.681578522325495,33.396699810912
Fujifilm,XF1,835,200,191.0,148.09654836061,58.077077788474504,33.423824408184
Fujifilm,XF1,835,200,191.0,149.10507148928,58.4725770546196,33.450748089145
Fujifilm,XF1,835,200,191.0,150.11359461795,58.86807632076471,33.477473589519
Fujifilm,XF1,835,200,191.0,151.12211774663,59.26357558691373,33.50400358989
Fujifilm,XF1,835,200,191.0,152.1306408753,59.659074853058826,33.530340717181
Fujifilm,XF1,835,200,191.0,153.13916400397,60.05457411920392,33.556487546067
Fujifilm,XF1,835,200,191.0,154.14768713265,60.450073385352944,33.582446600358
Fujifilm,XF1,835,200,191.0,155.15621026132,60.845572651498046,33.608220354323
Fujifilm,XF1,835,200,191.0,156.16473338999,61.24107191764314,33.633811233985
Fujifilm,XF1,835,200,191.0,157.17325651867,61.63657118379216,33.659221618357
Fujifilm,XF1,835,200,191.0,158.18177964734,62.03207044993725,33.684453840657
Fujifilm,XF1,835,200,191.0,159.19030277601,62.427569716082346,33.709510189469
Fujifilm,XF1,835,200,191.0,160.19882590469,62.823068982231376,33.734392909876
Fujifilm,XF1,835,200,191.0,161.20734903336,63.21856824837647,33.759104204555
Fujifilm,XF1,835,200,191.0,162.21587216203,63.614067514521565,33.783646234835
Fujifilm,XF1,835,200,191.0,163.22439529071,64.0095667806706,33.80802112173
Fujifilm,XF1,835,200,191.0,164.23291841938,64.40506604681569,33.832230946929
Fujifilm,XF1,835,200,191.0,165.24144154806,64.80056531296471,33.856277753763
Fujifilm,XF1,835,200,191.0,166.24996467673,65.1960645791098,33.880163548144
Fujifilm,XF1,835,200,191.0,167.2584878054,65.5915638452549,33.903890299469
Fujifilm,XF1,835,200,191.0,168.26701093408,65.98706311140393,33.927459941503
Fujifilm,XF1,835,200,191.0,169.27553406275,66.38256237754902,33.950874373229
Fujifilm,XF1,835,200,191.0,170.28405719142,66.77806164369412,33.97413545968
Fujifilm,XF1,835,200,191.0,171.2925803201,67.17356090984313,33.997245032743
Fujifilm,XF1,835,200,191.0,172.30110344877,67.56906017598824,34.020204891935
Fujifilm,XF1,835,200,191.0,173.30962657744,67.96455944213335,34.043016805165
Fujifilm,XF1,835,200,191.0,174.31814970612,68.36005870828235,34.065682509468
Fujifilm,XF1,835,200,191.0,175.32667283479,68.75555797442745,34.088203711719
Fujifilm,XF1,835,200,191.0,176.33519596346,69.15105724057254,34.110582089325
Fujifilm,XF1,835,200,191.0,177.34371909214,69.54655650672157,34.132819290902
Fujifilm,XF1,835,200,191.0,178.35224222081,69.94205577286667,34.154916936926
Fujifilm,XF1,835,200,191.0,179.36076534949,70.33755503901568,34.176876620373
Fujifilm,XF1,835,200,191.0,180.36928847816,70.73305430516078,34.198699907334
Fujifilm,XF1,835,200,191.0,181.37781160683,71.12855357130587,34.220388337618
Fujifilm,XF1,835,200,191.0,182.38633473551,71.5240528374549,34.241943425335
Fujifilm,XF1,835,200,191.0,183.39485786418,71.9195521036,34.263366659466
Fujifilm,XF1,835,200,191.0,184.40338099285,72.31505136974509,34.284659504414
Fujifilm,XF1,835,200,191.0,185.41190412153,72.71055063589412,34.305823400539
Fujifilm,XF1,835,200,191.0,186.4204272502,73.10604990203922,34.326859764688
Fujifilm,XF1,835,200,191.0,187.42895037887,73.50154916818433,34.347769990696
Fujifilm,XF1,835,200,191.0,188.43747350755,73.89704843433333,34.368555449885
Fujifilm,XF1,835,200,191.0,189.44599663622,74.29254770047842,34.389217491546
Fujifilm,XF1,835,200,191.0,190.45451976489,74.68804696662352,34.409757443406
Fujifilm,XF1,835,200,191.0,191.46304289357,75.08354623277255,34.430176612086
Fujifilm,XF1,835,200,191.0,192.47156602224,75.47904549891766,34.450476283545
Fujifilm,XF1,835,200,191.0,193.48008915091,75.87454476506275,34.470657723513
Fujifilm,XF1,835,200,191.0,194.48861227959,76.27004403121177,34.490722177913
Fujifilm,XF1,835,200,191.0,195.49713540826,76.66554329735686,34.51067087327
Fujifilm,XF1,835,200,191.0,196.50565853694,77.06104256350588,34.530505017113
Fujifilm,XF1,835,200,191.0,197.51418166561,77.45654182965099,34.550225798365
Fujifilm,XF1,835,200,191.0,198.52270479428,77.85204109579608,34.569834387722
Fujifilm,XF1,835,200,191.0,199.53122792296,78.2475403619451,34.589331938021
Fujifilm,XF1,835,200,191.0,200.53975105163,78.6430396280902,34.608719584607
Fujifilm,XF1,835,200,191.0,201.5482741803,79.0385388942353,34.627998445678
Fujifilm,XF1,835,200,191.0,202.55679730898,79.43403816038432,34.647169622632
Fujifilm,XF1,835,200,191.0,203.56532043765,79.82953742652941,34.666234200402
Fujifilm,XF1,835,200,191.0,204.57384356632,80.22503669267451,34.685193247779
Fujifilm,XF1,835,200,191.0,205.582366695,80.62053595882352,34.704047817732
Fujifilm,XF1,835,200,191.0,206.59088982367,81.01603522496863,34.722798947719
Fujifilm,XF1,835,200,191.0,207.59941295234,81.41153449111373,34.741447659989
Fujifilm,XF1,835,200,191.0,208.60793608102,81.80703375726274,34.759994961877
Fujifilm,XF1,835,200,191.0,209.61645920969,82.20253302340784,34.778441846095
Fujifilm,XF1,835,200,191.0,210.62498233837,82.59803228955685,34.796789291008
Fujifilm,XF1,835,200,191.0,211.63350546704,82.99353155570196,34.815038260915
Fujifilm,XF1,835,200,191.0,212.64202859571,83.38903082184706,34.833189706311
Fujifilm,XF1,835,200,191.0,213.65055172439,83.78453008799607,34.851244564154
Fujifilm,XF1,835,200,191.0,214.65907485306,84.18002935414117,34.869203758118
Fujifilm,XF1,835,200,191.0,215.66759798173,84.57552862028628,34.887068198842
Fujifilm,XF1,835,200,191.0,216.67612111041,84.97102788643531,34.904838784176
Fujifilm,XF1,835,200,191.0,217.68464423908,85.3665271525804,34.922516399415
Fujifilm,XF1,835,200,191.0,218.69316736775,85.76202641872548,34.940101917538
Fujifilm,XF1,835,200,191.0,219.70169049643,86.1575256848745,34.957596199429
Fujifilm,XF1,835,200,191.0,220.7102136251,86.55302495101961,34.975000094101
Fujifilm,XF1,835,200,191.0,221.71873675377,86.9485242171647,34.992314438915
Fujifilm,XF1,835,200,191.0,222.72725988245,87.34402348331372,35.00954005979
Fujifilm,XF1,835,200,191.0,223.73578301112,87.73952274945881,35.02667777141
Fujifilm,XF1,835,200,191.0,224.74430613979,88.13502201560392,35.043728377427
Fujifilm,XF1,835,200,191.0,225.75282926847,88.53052128175295,35.06069267066
Fujifilm,XF1,835,200,191.0,226.76135239714,88.92602054789805,35.077571433285
Fujifilm,XF1,835,200,191.0,227.76987552582,89.32151981404705,35.09436543703
Fujifilm,XF1,835,200,191.0,228.77839865449,89.71701908019214,35.111075443356
Fujifilm,XF1,835,200,191.0,229.78692178316,90.11251834633725,35.127702203637
Fujifilm,XF1,835,200,191.0,230.79544491184,90.50801761248628,35.144246459341
Fujifilm,XF1,835,200,191.0,231.80396804051,90.90351687863138,35.160708942201
Fujifilm,XF1,835,200,191.0,232.81249116918,91.29901614477647,35.177090374382
Fujifilm,XF1,835,200,191.0,233.82101429786,91.69451541092548,35.193391468653
Fujifilm,XF1,835,200,191.0,234.82953742653,92.0900146770706,35.209612928542
Fujifilm,XF1,835,200,191.0,235.8380605552,92.4855139432157,35.225755448499
Fujifilm,XF1,835,200,191.0,236.84658368388,92.88101320936471,35.241819714051
Fujifilm,XF1,835,200,191.0,237.85510681255,93.2765124755098,35.257806401953
Fujifilm,XF1,835,200,191.0,238.86362994122,93.6720117416549,35.273716180336
Fujifilm,XF1,835,200,191.0,239.8721530699,94.06751100780393,35.289549708855
Fujifilm,XF1,835,200,191.0,240.88067619857,94.46301027394902,35.305307638828
Fujifilm,XF1,835,200,191.0,241.88919932724,94.85850954009412,35.32099061338
Fujifilm,XF1,835,200,191.0,242.89772245592,95.25400880624314,35.336599267577
Fujifilm,XF1,835,200,191.0,243.90624558459,95.64950807238823,35.352134228558
Fujifilm,XF1,835,200,191.0,244.91476871327,96.04500733853726,35.367596115671
Fujifilm,XF1,835,200,191.0,245.92329184194,96.44050660468235,35.382985540598
Fujifilm,XF1,835,200,191.0,246.93181497061,96.83600587082745,35.398303107479
Fujifilm,XF1,835,200,191.0,247.94033809929,97.23150513697647,35.41354941304
Fujifilm,XF1,835,200,191.0,248.94886122796,97.62700440312157,35.428725046711
Fujifilm,XF1,835,200,191.0,249.95738435663,98.02250366926667,35.443830590743
Fujifilm,XF1,835,200,191.0,250.96590748531,98.41800293541569,35.458866620327
Fujifilm,XF1,835,200,191.0,251.97443061398,98.81350220156078,35.473833703704
Fujifilm,XF1,835,200,191.0,252.98295374265,99.20900146770589,35.488732402278
Fujifilm,XF1,835,200,191.0,253.99147687133,99.6045007338549,35.503563270727
Fujifilm,XF1,835,200,191.0,255,100.0,35.518326857105
Fujifilm,XF1,835,400,380.0,0.3846139060732,0.15082898277380394,0
Fujifilm,XF1,835,400,380.0,0.61898356525767,0.2427386530422235,3.380039544392
Fujifilm,XF1,835,400,380.0,1.261491912523,0.4947027107933333,7.9905123495157
Fujifilm,XF1,835,400,380.0,2.8692178316153,1.125183463378549,12.668550585597
Fujifilm,XF1,835,400,380.0,3.8777409602888,1.5206827295250196,14.240864161295
Fujifilm,XF1,835,400,380.0,4.8862640889624,1.9161819956715294,15.406706661278
Fujifilm,XF1,835,400,380.0,5.8947872176359,2.3116812618180003,16.330557223779
Fujifilm,XF1,835,400,380.0,6.9033103463094,2.707180527964471,17.094439939289
Fujifilm,XF1,835,400,380.0,7.911833474983,3.1026797941109803,17.744957879627
Fujifilm,XF1,835,400,380.0,8.9203566036565,3.498179060257451,18.311048545319
Fujifilm,XF1,835,400,380.0,9.92887973233,3.8936783264039216,18.811879222781
Fujifilm,XF1,835,400,380.0,10.937402861004,4.289177592550588,19.260785443656
Fujifilm,XF1,835,400,380.0,11.945925989677,4.6846768586968635,19.667411346519
Fujifilm,XF1,835,400,380.0,12.954449118351,5.080176124843529,20.038952902667
Fujifilm,XF1,835,400,380.0,13.962972247024,5.475675390989804,20.38091956785
Fujifilm,XF1,835,400,380.0,14.971495375698,5.8711746571364705,20.697621737764
Fujifilm,XF1,835,400,380.0,15.980018504371,6.266673923282745,20.992494311953
Fujifilm,XF1,835,400,380.0,16.988541633045,6.662173189429412,21.268318220471
Fujifilm,XF1,835,400,380.0,17.997064761718,7.057672455575687,21.527376178057
Fujifilm,XF1,835,400,380.0,19.005587890392,7.453171721722353,21.771564752675
Fujifilm,XF1,835,400,380.0,20.014111019065,7.848670987868626,22.00247665086
Fujifilm,XF1,835,400,380.0,21.022634147739,8.244170254015295,22.221462226386
Fujifilm,XF1,835,400,380.0,22.031157276413,8.639669520161961,22.42967619709
Fujifilm,XF1,835,400,380.0,23.039680405086,9.035168786308235,22.628113637607
Fujifilm,XF1,835,400,380.0,24.04820353376,9.430668052454902,22.817638069179
Fujifilm,XF1,835,400,380.0,25.056726662433,9.826167318601177,22.999003639015
Fujifilm,XF1,835,400,380.0,26.065249791107,10.221666584747844,23.172872819803
Fujifilm,XF1,835,400,380.0,27.07377291978,10.617165850894118,23.339830671979
Fujifilm,XF1,835,400,380.0,28.082296048454,11.012665117040784,23.500396439088
Fujifilm,XF1,835,400,380.0,29.090819177127,11.408164383187058,23.655033052567
Fujifilm,XF1,835,400,380.0,30.099342305801,11.803663649333725,23.804154982129
Fujifilm,XF1,835,400,380.0,31.107865434474,12.199162915479999,23.948134765403
Fujifilm,XF1,835,400,380.0,32.116388563148,12.594662181626667,24.087308474594
Fujifilm,XF1,835,400,380.0,33.124911691821,12.990161447772941,24.221980321115
Fujifilm,XF1,835,400,380.0,34.133434820495,13.385660713919606,24.352426556202
Fujifilm,XF1,835,400,380.0,35.141957949168,13.781159980065883,24.478898792774
Fujifilm,XF1,835,400,380.0,36.150481077842,14.17665924621255,24.601626848536
Fujifilm,XF1,835,400,380.0,37.159004206516,14.572158512359215,24.72082119076
Fujifilm,XF1,835,400,380.0,38.167527335189,14.967657778505492,24.836675047844
Fujifilm,XF1,835,400,380.0,39.176050463863,15.363157044652157,24.949366240681
Fujifilm,XF1,835,400,380.0,40.184573592536,15.75865631079843,25.059058777257
Fujifilm,XF1,835,400,380.0,41.19309672121,16.154155576945097,25.165904246288
Fujifilm,XF1,835,400,380.0,42.201619849883,16.549654843091375,25.270043039509
Fujifilm,XF1,835,400,380.0,43.210142978557,16.94515410923804,25.371605427283
Fujifilm,XF1,835,400,380.0,44.21866610723,17.340653375384314,25.470712508152
Fujifilm,XF1,835,400,380.0,45.227189235904,17.736152641530982,25.56747704963
Fujifilm,XF1,835,400,380.0,46.235712364577,18.131651907677256,25.662004234864
Fujifilm,XF1,835,400,380.0,47.244235493251,18.52715117382392,25.75439232751
Fujifilm,XF1,835,400,380.0,48.252758621924,18.922650439970194,25.844733265348
Fujifilm,XF1,835,400,380.0,49.261281750598,19.318149706116863,25.933113191606
Fujifilm,XF1,835,400,380.0,50.269804879272,19.71364897226353,26.019612931668
Fujifilm,XF1,835,400,380.0,51.278328007945,20.109148238409805,26.104308421764
Fujifilm,XF1,835,400,380.0,52.286851136619,20.50464750455647,26.187271095339
Fujifilm,XF1,835,400,380.0,53.295374265292,20.900146770702744,26.268568232002
Fujifilm,XF1,835,400,380.0,54.303897393966,21.295646036849412,26.348263273331
Fujifilm,XF1,835,400,380.0,55.312420522639,21.691145302995686,26.426416109232
Fujifilm,XF1,835,400,380.0,56.320943651313,22.08664456914235,26.503083338096
Fujifilm,XF1,835,400,380.0,57.329466779986,22.482143835288625,26.578318503565
Fujifilm,XF1,835,400,380.0,58.33798990866,22.877643101435293,26.652172310391
Fujifilm,XF1,835,400,380.0,59.346513037333,23.273142367581567,26.724692821577
Fujifilm,XF1,835,400,380.0,60.355036166007,23.668641633728235,26.795925638683
Fujifilm,XF1,835,400,380.0,61.36355929468,24.064140899874513,26.865914067032
Fujifilm,XF1,835,400,380.0,62.372082423354,24.459640166021178,26.934699267274
Fujifilm,XF1,835,400,380.0,63.380605552028,24.855139432167846,27.002320394657
Fujifilm,XF1,835,400,380.0,64.389128680701,25.25063869831412,27.068814727177
Fujifilm,XF1,835,400,380.0,65.397651809375,25.646137964460785,27.134217783651
Fujifilm,XF1,835,400,380.0,66.406174938048,26.041637230607055,27.198563432661
Fujifilm,XF1,835,400,380.0,67.414698066722,26.437136496753723,27.261883993186
Fujifilm,XF1,835,400,380.0,68.423221195395,26.832635762899997,27.324210327689
Fujifilm,XF1,835,400,380.0,69.431744324069,27.22813502904667,27.38557192831
Fujifilm,XF1,835,400,380.0,70.440267452742,27.623634295192943,27.445996996784
Fujifilm,XF1,835,400,380.0,71.448790581416,28.01913356133961,27.50551251862
Fujifilm,XF1,835,400,380.0,72.457313710089,28.41463282748588,27.564144332017
Fujifilm,XF1,835,400,380.0,73.465836838763,28.810132093632546,27.621917191979
Fujifilm,XF1,835,400,380.0,74.474359967437,29.205631359779215,27.678854830004
Fujifilm,XF1,835,400,380.0,75.48288309611,29.601130625925492,27.734980009726
Fujifilm,XF1,835,400,380.0,76.491406224784,29.996629892072157,27.790314578823
Fujifilm,XF1,835,400,380.0,77.499929353457,30.392129158218435,27.844879517495
Fujifilm,XF1,835,400,380.0,78.508452482131,30.7876284243651,27.898694983773
Fujifilm,XF1,835,400,380.0,79.516975610804,31.18312769051137,27.95178035591
Fujifilm,XF1,835,400,380.0,80.525498739478,31.57862695665804,28.004154272082
Fujifilm,XF1,835,400,380.0,81.534021868151,31.974126222804315,28.05583466758
Fujifilm,XF1,835,400,380.0,82.542544996825,32.36962548895098,28.106838809711
Fujifilm,XF1,835,400,380.0,83.551068125498,32.76512475509726,28.15718333055
Fujifilm,XF1,835,400,380.0,84.559591254172,33.160624021243926,28.206884257711
Fujifilm,XF1,835,400,380.0,85.568114382846,33.55612328739059,28.255957043277
Fujifilm,XF1,835,400,380.0,86.576637511519,33.95162255353686,28.304416591025
Fujifilm,XF1,835,400,380.0,87.585160640193,34.34712181968353,28.352277282054
Fujifilm,XF1,835,400,380.0,88.593683768866,34.7426210858298,28.399552998936
Fujifilm,XF1,835,400,380.0,89.60220689754,35.13812035197647,28.446257148485
Fujifilm,XF1,835,400,380.0,90.610730026213,35.53361961812275,28.492402683251
Fujifilm,XF1,835,400,380.0,91.619253154887,35.929118884269414,28.538002121799
Fujifilm,XF1,835,400,380.0,92.62777628356,36.32461815041568,28.583067567881
Fujifilm,XF1,835,400,380.0,93.636299412234,36.72011741656235,28.627610728556
Fujifilm,XF1,835,400,380.0,94.644822540907,37.11561668270863,28.671642931332
Fujifilm,XF1,835,400,380.0,95.653345669581,37.51111594885529,28.715175140391
Fujifilm,XF1,835,400,380.0,96.661868798255,37.90661521500196,28.758217971962
Fujifilm,XF1,835,400,380.0,97.670391926928,38.30211448114824,28.800781708879
Fujifilm,XF1,835,400,380.0,98.678915055602,38.6976137472949,28.842876314396
Fujifilm,XF1,835,400,380.0,99.687438184275,39.09311301344117,28.88451144529
Fujifilm,XF1,835,400,380.0,100.69596131295,39.48861227958824,28.925696464295
Fujifilm,XF1,835,400,380.0,101.70448444162,39.88411154573333,28.966440451922
Fujifilm,XF1,835,400,380.0,102.7130075703,40.27961081188235,29.006752217677
Fujifilm,XF1,835,400,380.0,103.72153069897,40.67511007802745,29.046640310742
Fujifilm,XF1,835,400,380.0,104.73005382764,41.07060934417255,29.086113030126
Fujifilm,XF1,835,400,380.0,105.73857695632,41.46610861032157,29.125178434327
Fujifilm,XF1,835,400,380.0,106.74710008499,41.861607876466664,29.163844350533
Fujifilm,XF1,835,400,380.0,107.75562321366,42.257107142611765,29.202118383389
Fujifilm,XF1,835,400,380.0,108.76414634234,42.65260640876078,29.240007923352
Fujifilm,XF1,835,400,380.0,109.77266947101,43.048105674905884,29.277520154651
Fujifilm,XF1,835,400,380.0,110.78119259968,43.44360494105098,29.314662062895
Fujifilm,XF1,835,400,380.0,111.78971572836,43.839104207199995,29.351440442316
Fujifilm,XF1,835,400,380.0,112.79823885703,44.234603473345096,29.3878619027
Fujifilm,XF1,835,400,380.0,113.8067619857,44.6301027394902,29.423932875997
Fujifilm,XF1,835,400,380.0,114.81528511438,45.025602005639215,29.459659622645
Fujifilm,XF1,835,400,380.0,115.82380824305,45.421101271784316,29.495048237604
Fujifilm,XF1,835,400,380.0,116.83233137173,45.81660053793334,29.530104656146
Fujifilm,XF1,835,400,380.0,117.8408545004,46.212099804078434,29.564834659371
Fujifilm,XF1,835,400,380.0,118.84937762907,46.60759907022353,29.599243879506
Fujifilm,XF1,835,400,380.0,119.85790075775,47.00309833637255,29.633337804969
Fujifilm,XF1,835,400,380.0,120.86642388642,47.39859760251765,29.667121785221
Fujifilm,XF1,835,400,380.0,121.87494701509,47.79409686866274,29.700601035414
Fujifilm,XF1,835,400,380.0,122.88347014377,48.189596134811765,29.733780640849
Fujifilm,XF1,835,400,380.0,123.89199327244,48.58509540095686,29.766665561252
Fujifilm,XF1,835,400,380.0,124.90051640111,48.98059466710196,29.799260634867
Fujifilm,XF1,835,400,380.0,125.90903952979,49.37609393325098,29.831570582394
Fujifilm,XF1,835,400,380.0,126.91756265846,49.77159319939608,29.863600010762
Fujifilm,XF1,835,400,380.0,127.92608578713,50.167092465541174,29.895353416755
Fujifilm,XF1,835,400,380.0,128.93460891581,50.5625917316902,29.926835190492
Fujifilm,XF1,835,400,380.0,129.94313204448,50.95809099783529,29.958049618776
Fujifilm,XF1,835,400,380.0,130.95165517316,51.35359026398431,29.989000888302
Fujifilm,XF1,835,400,380.0,131.96017830183,51.749089530129424,30.019693088756
Fujifilm,XF1,835,400,380.0,132.9687014305,52.14458879627452,30.050130215783
Fujifilm,XF1,835,400,380.0,133.97722455918,52.54008806242353,30.080316173847
Fujifilm,XF1,835,400,380.0,134.98574768785,52.93558732856862,30.110254778984
Fujifilm,XF1,835,400,380.0,135.99427081652,53.33108659471372,30.13994976145
Fujifilm,XF1,835,400,380.0,137.0027939452,53.726585860862755,30.169404768272
Fujifilm,XF1,835,400,380.0,138.01131707387,54.12208512700785,30.198623365703
Fujifilm,XF1,835,400,380.0,139.01984020254,54.51758439315294,30.22760904159
Fujifilm,XF1,835,400,380.0,140.02836333122,54.913083659301954,30.256365207652
Fujifilm,XF1,835,400,380.0,141.03688645989,55.308582925447055,30.284895201682
Fujifilm,XF1,835,400,380.0,142.04540958856,55.704082191592164,30.313202289661
Fujifilm,XF1,835,400,380.0,143.05393271724,56.09958145774117,30.341289667805
Fujifilm,XF1,835,400,380.0,144.06245584591,56.49508072388627,30.369160464539
Fujifilm,XF1,835,400,380.0,145.07097897458,56.89057999003136,30.396817742393
Fujifilm,XF1,835,400,380.0,146.07950210326,57.2860792561804,30.424264499845
Fujifilm,XF1,835,400,380.0,147.08802523193,57.681578522325495,30.451503673088
Fujifilm,XF1,835,400,380.0,148.09654836061,58.077077788474504,30.478538137749
Fujifilm,XF1,835,400,380.0,149.10507148928,58.4725770546196,30.505370710533
Fujifilm,XF1,835,400,380.0,150.11359461795,58.86807632076471,30.532004150829
Fujifilm,XF1,835,400,380.0,151.12211774663,59.26357558691373,30.558441162248
Fujifilm,XF1,835,400,380.0,152.1306408753,59.659074853058826,30.584684394119
Fujifilm,XF1,835,400,380.0,153.13916400397,60.05457411920392,30.610736442928
Fujifilm,XF1,835,400,380.0,154.14768713265,60.450073385352944,30.636599853716
Fujifilm,XF1,835,400,380.0,155.15621026132,60.845572651498046,30.662277121426
Fujifilm,XF1,835,400,380.0,156.16473338999,61.24107191764314,30.687770692208
Fujifilm,XF1,835,400,380.0,157.17325651867,61.63657118379216,30.713082964684
Fujifilm,XF1,835,400,380.0,158.18177964734,62.03207044993725,30.73821629117
Fujifilm,XF1,835,400,380.0,159.19030277601,62.427569716082346,30.763172978858
Fujifilm,XF1,835,400,380.0,160.19882590469,62.823068982231376,30.787955290961
Fujifilm,XF1,835,400,380.0,161.20734903336,63.21856824837647,30.812565447826
Fujifilm,XF1,835,400,380.0,162.21587216203,63.614067514521565,30.837005628007
Fujifilm,XF1,835,400,380.0,163.22439529071,64.0095667806706,30.861277969305
Fujifilm,XF1,835,400,380.0,164.23291841938,64.40506604681569,30.885384569781
Fujifilm,XF1,835,400,380.0,165.24144154806,64.80056531296471,30.90932748873
Fujifilm,XF1,835,400,380.0,166.24996467673,65.1960645791098,30.933108747632
Fujifilm,XF1,835,400,380.0,167.2584878054,65.5915638452549,30.95673033107
Fujifilm,XF1,835,400,380.0,168.26701093408,65.98706311140393,30.980194187622
Fujifilm,XF1,835,400,380.0,169.27553406275,66.38256237754902,31.003502230726
Fujifilm,XF1,835,400,380.0,170.28405719142,66.77806164369412,31.02665633952
Fujifilm,XF1,835,400,380.0,171.2925803201,67.17356090984313,31.049658359654
Fujifilm,XF1,835,400,380.0,172.30110344877,67.56906017598824,31.072510104083
Fujifilm,XF1,835,400,380.0,173.30962657744,67.96455944213335,31.09521335383
Fujifilm,XF1,835,400,380.0,174.31814970612,68.36005870828235,31.117769858736
Fujifilm,XF1,835,400,380.0,175.32667283479,68.75555797442745,31.140181338178
Fujifilm,XF1,835,400,380.0,176.33519596346,69.15105724057254,31.162449481775
Fujifilm,XF1,835,400,380.0,177.34371909214,69.54655650672157,31.184575950066
Fujifilm,XF1,835,400,380.0,178.35224222081,69.94205577286667,31.206562375179
Fujifilm,XF1,835,400,380.0,179.36076534949,70.33755503901568,31.228410361467
Fujifilm,XF1,835,400,380.0,180.36928847816,70.73305430516078,31.250121486142
Fujifilm,XF1,835,400,380.0,181.37781160683,71.12855357130587,31.271697299875
Fujifilm,XF1,835,400,380.0,182.38633473551,71.5240528374549,31.293139327395
Fujifilm,XF1,835,400,380.0,183.39485786418,71.9195521036,31.314449068059
Fujifilm,XF1,835,400,380.0,184.40338099285,72.31505136974509,31.335627996412
Fujifilm,XF1,835,400,380.0,185.41190412153,72.71055063589412,31.356677562732
Fujifilm,XF1,835,400,380.0,186.4204272502,73.10604990203922,31.377599193558
Fujifilm,XF1,835,400,380.0,187.42895037887,73.50154916818433,31.398394292206
Fujifilm,XF1,835,400,380.0,188.43747350755,73.89704843433333,31.419064239267
Fujifilm,XF1,835,400,380.0,189.44599663622,74.29254770047842,31.439610393098
Fujifilm,XF1,835,400,380.0,190.45451976489,74.68804696662352,31.460034090292
Fujifilm,XF1,835,400,380.0,191.46304289357,75.08354623277255,31.480336646146
Fujifilm,XF1,835,400,380.0,192.47156602224,75.47904549891766,31.500519355103
Fujifilm,XF1,835,400,380.0,193.48008915091,75.87454476506275,31.520583491195
Fujifilm,XF1,835,400,380.0,194.48861227959,76.27004403121177,31.54053030847
Fujifilm,XF1,835,400,380.0,195.49713540826,76.66554329735686,31.560361041402
Fujifilm,XF1,835,400,380.0,196.50565853694,77.06104256350588,31.580076905301
Fujifilm,XF1,835,400,380.0,197.51418166561,77.45654182965099,31.599679096704
Fujifilm,XF1,835,400,380.0,198.52270479428,77.85204109579608,31.619168793761
Fujifilm,XF1,835,400,380.0,199.53122792296,78.2475403619451,31.638547156609
Fujifilm,XF1,835,400,380.0,200.53975105163,78.6430396280902,31.657815327734
Fujifilm,XF1,835,400,380.0,201.5482741803,79.0385388942353,31.676974432331
Fujifilm,XF1,835,400,380.0,202.55679730898,79.43403816038432,31.696025578649
Fujifilm,XF1,835,400,380.0,203.56532043765,79.82953742652941,31.714969858327
Fujifilm,XF1,835,400,380.0,204.57384356632,80.22503669267451,31.733808346726
Fujifilm,XF1,835,400,380.0,205.582366695,80.62053595882352,31.752542103252
Fujifilm,XF1,835,400,380.0,206.59088982367,81.01603522496863,31.771172171666
Fujifilm,XF1,835,400,380.0,207.59941295234,81.41153449111373,31.789699580391
Fujifilm,XF1,835,400,380.0,208.60793608102,81.80703375726274,31.808125342813
Fujifilm,XF1,835,400,380.0,209.61645920969,82.20253302340784,31.826450457571
Fujifilm,XF1,835,400,380.0,210.62498233837,82.59803228955685,31.844675908839
Fujifilm,XF1,835,400,380.0,211.63350546704,82.99353155570196,31.862802666608
Fujifilm,XF1,835,400,380.0,212.64202859571,83.38903082184706,31.880831686951
Fujifilm,XF1,835,400,380.0,213.65055172439,83.78453008799607,31.898763912294
Fujifilm,XF1,835,400,380.0,214.65907485306,84.18002935414117,31.916600271669
Fujifilm,XF1,835,400,380.0,215.66759798173,84.57552862028628,31.934341680969
Fujifilm,XF1,835,400,380.0,216.67612111041,84.97102788643531,31.951989043193
Fujifilm,XF1,835,400,380.0,217.68464423908,85.3665271525804,31.969543248688
Fujifilm,XF1,835,400,380.0,218.69316736775,85.76202641872548,31.987005175379
Fujifilm,XF1,835,400,380.0,219.70169049643,86.1575256848745,32.004375689007
Fujifilm,XF1,835,400,380.0,220.7102136251,86.55302495101961,32.021655643345
Fujifilm,XF1,835,400,380.0,221.71873675377,86.9485242171647,32.038845880421
Fujifilm,XF1,835,400,380.0,222.72725988245,87.34402348331372,32.055947230732
Fujifilm,XF1,835,400,380.0,223.73578301112,87.73952274945881,32.072960513453
Fujifilm,XF1,835,400,380.0,224.74430613979,88.13502201560392,32.08988653664
Fujifilm,XF1,835,400,380.0,225.75282926847,88.53052128175295,32.106726097433
Fujifilm,XF1,835,400,380.0,226.76135239714,88.92602054789805,32.123479982247
Fujifilm,XF1,835,400,380.0,227.76987552582,89.32151981404705,32.140148966968
Fujifilm,XF1,835,400,380.0,228.77839865449,89.71701908019214,32.156733817136
Fujifilm,XF1,835,400,380.0,229.78692178316,90.11251834633725,32.173235288129
Fujifilm,XF1,835,400,380.0,230.79544491184,90.50801761248628,32.189654125344
Fujifilm,XF1,835,400,380.0,231.80396804051,90.90351687863138,32.205991064367
Fujifilm,XF1,835,400,380.0,232.81249116918,91.29901614477647,32.222246831147
Fujifilm,XF1,835,400,380.0,233.82101429786,91.69451541092548,32.238422142166
Fujifilm,XF1,835,400,380.0,234.82953742653,92.0900146770706,32.254517704596
Fujifilm,XF1,835,400,380.0,235.8380605552,92.4855139432157,32.270534216465
Fujifilm,XF1,835,400,380.0,236.84658368388,92.88101320936471,32.286472366809
Fujifilm,XF1,835,400,380.0,237.85510681255,93.2765124755098,32.302332835831
Fujifilm,XF1,835,400,380.0,238.86362994122,93.6720117416549,32.318116295046
Fujifilm,XF1,835,400,380.0,239.8721530699,94.06751100780393,32.333823407431
Fujifilm,XF1,835,400,380.0,240.88067619857,94.46301027394902,32.349454827566
Fujifilm,XF1,835,400,380.0,241.88919932724,94.85850954009412,32.365011201778
Fujifilm,XF1,835,400,380.0,242.89772245592,95.25400880624314,32.380493168278
Fujifilm,XF1,835,400,380.0,243.90624558459,95.64950807238823,32.395901357295
Fujifilm,XF1,835,400,380.0,244.91476871327,96.04500733853726,32.411236391207
Fujifilm,XF1,835,400,380.0,245.92329184194,96.44050660468235,32.426498884676
Fujifilm,XF1,835,400,380.0,246.93181497061,96.83600587082745,32.441689444767
Fujifilm,XF1,835,400,380.0,247.94033809929,97.23150513697647,32.456808671079
Fujifilm,XF1,835,400,380.0,248.94886122796,97.62700440312157,32.471857155865
Fujifilm,XF1,835,400,380.0,249.95738435663,98.02250366926667,32.486835484147
Fujifilm,XF1,835,400,380.0,250.96590748531,98.41800293541569,32.501744233839
Fujifilm,XF1,835,400,380.0,251.97443061398,98.81350220156078,32.516583975857
Fujifilm,XF1,835,400,380.0,252.98295374265,99.20900146770589,32.531355274235
Fujifilm,XF1,835,400,380.0,253.99147687133,99.6045007338549,32.546058686232
Fujifilm,XF1,835,400,380.0,255,100.0,32.560694762438
Fujifilm,XF1,835,800,759.0,0.61898356525767,0.2427386530422235,0
Fujifilm,XF1,835,800,759.0,1.261491912523,0.4947027107933333,4.8031153937497
Fujifilm,XF1,835,800,759.0,2.8692178316153,1.125183463378549,9.6825491443932
Fujifilm,XF1,835,800,759.0,3.8777409602888,1.5206827295250196,11.314138859243
Fujifilm,XF1,835,800,759.0,4.8862640889624,1.9161819956715294,12.519550461908
Fujifilm,XF1,835,800,759.0,5.8947872176359,2.3116812618180003,13.471944642482
Fujifilm,XF1,835,800,759.0,6.9033103463094,2.707180527964471,14.257579914129
Fujifilm,XF1,835,800,759.0,7.911833474983,3.1026797941109803,14.925371089071
Fujifilm,XF1,835,800,759.0,8.9203566036565,3.498179060257451,15.505624795706
Fujifilm,XF1,835,800,759.0,9.92887973233,3.8936783264039216,16.018370848316
Fujifilm,XF1,835,800,759.0,10.937402861004,4.289177592550588,16.477515187631
Fujifilm,XF1,835,800,759.0,11.945925989677,4.6846768586968635,16.893094260351
Fujifilm,XF1,835,800,759.0,12.954449118351,5.080176124843529,17.272582725219
Fujifilm,XF1,835,800,759.0,13.962972247024,5.475675390989804,17.621693462334
Fujifilm,XF1,835,800,759.0,14.971495375698,5.8711746571364705,17.944888829644
Fujifilm,XF1,835,800,759.0,15.980018504371,6.266673923282745,18.245719532866
Fujifilm,XF1,835,800,759.0,16.988541633045,6.662173189429412,18.527056301954
Fujifilm,XF1,835,800,759.0,17.997064761718,7.057672455575687,18.79125255767
Fujifilm,XF1,835,800,759.0,19.005587890392,7.453171721722353,19.040261299024
Fujifilm,XF1,835,800,759.0,20.014111019065,7.848670987868626,19.275720818207
Fujifilm,XF1,835,800,759.0,21.022634147739,8.244170254015295,19.499018695404
Fujifilm,XF1,835,800,759.0,22.031157276413,8.639669520161961,19.711340347841
Fujifilm,XF1,835,800,759.0,23.039680405086,9.035168786308235,19.913706393076
Fujifilm,XF1,835,800,759.0,24.04820353376,9.430668052454902,20.107001777908
Fujifilm,XF1,835,800,759.0,25.056726662433,9.826167318601177,20.291998755319
Fujifilm,XF1,835,800,759.0,26.065249791107,10.221666584747844,20.469375203064
Fujifilm,XF1,835,800,759.0,27.07377291978,10.617165850894118,20.639729371471
Fujifilm,XF1,835,800,759.0,28.082296048454,11.012665117040784,20.803591863223
Fujifilm,XF1,835,800,759.0,29.090819177127,11.408164383187058,20.961435445183
Fujifilm,XF1,835,800,759.0,30.099342305801,11.803663649333725,21.113683146039
Fujifilm,XF1,835,800,759.0,31.107865434474,12.199162915479999,21.260714986567
Fujifilm,XF1,835,800,759.0,32.116388563148,12.594662181626667,21.402873610224
Fujifilm,XF1,835,800,759.0,33.124911691821,12.990161447772941,21.54046902263
Fujifilm,XF1,835,800,759.0,34.133434820495,13.385660713919606,21.673782603785
Fujifilm,XF1,835,800,759.0,35.141957949168,13.781159980065883,21.803070522837
Fujifilm,XF1,835,800,759.0,36.150481077842,14.17665924621255,21.928566658945
Fujifilm,XF1,835,800,759.0,37.159004206516,14.572158512359215,22.050485111488
Fujifilm,XF1,835,800,759.0,38.167527335189,14.967657778505492,22.169022366934
Fujifilm,XF1,835,800,759.0,39.176050463863,15.363157044652157,22.284359177177
Fujifilm,XF1,835,800,759.0,40.184573592536,15.75865631079843,22.396662194214
Fujifilm,XF1,835,800,759.0,41.19309672121,16.154155576945097,22.506085398091
Fujifilm,XF1,835,800,759.0,42.201619849883,16.549654843091375,22.612771348708
Fujifilm,XF1,835,800,759.0,43.210142978557,16.94515410923804,22.716852286893
Fujifilm,XF1,835,800,759.0,44.21866610723,17.340653375384314,22.818451106008
Fujifilm,XF1,835,800,759.0,45.227189235904,17.736152641530982,22.917682211917
Fujifilm,XF1,835,800,759.0,46.235712364577,18.131651907677256,23.014652286355
Fujifilm,XF1,835,800,759.0,47.244235493251,18.52715117382392,23.10946096642
Fujifilm,XF1,835,800,759.0,48.252758621924,18.922650439970194,23.202201451008
Fujifilm,XF1,835,800,759.0,49.261281750598,19.318149706116863,23.292961043409
Fujifilm,XF1,835,800,759.0,50.269804879272,19.71364897226353,23.381821637957
Fujifilm,XF1,835,800,759.0,51.278328007945,20.109148238409805,23.468860157518
Fujifilm,XF1,835,800,759.0,52.286851136619,20.50464750455647,23.554148947646
Fujifilm,XF1,835,800,759.0,53.295374265292,20.900146770702744,23.637756132455
Fujifilm,XF1,835,800,759.0,54.303897393966,21.295646036849412,23.719745936596
Fujifilm,XF1,835,800,759.0,55.312420522639,21.691145302995686,23.800178977116
Fujifilm,XF1,835,800,759.0,56.320943651313,22.08664456914235,23.879112528536
Fujifilm,XF1,835,800,759.0,57.329466779986,22.482143835288625,23.956600764028
Fujifilm,XF1,835,800,759.0,58.33798990866,22.877643101435293,24.032694975241
Fujifilm,XF1,835,800,759.0,59.346513037333,23.273142367581567,24.107443772993
Fujifilm,XF1,835,800,759.0,60.355036166007,23.668641633728235,24.180893270806
Fujifilm,XF1,835,800,759.0,61.36355929468,24.064140899874513,24.253087252999
Fujifilm,XF1,835,800,759.0,62.372082423354,24.459640166021178,24.32406732888
Fujifilm,XF1,835,800,759.0,63.380605552028,24.855139432167846,24.393873074395
Fujifilm,XF1,835,800,759.0,64.389128680701,25.25063869831412,24.462542162433
Fujifilm,XF1,835,800,759.0,65.397651809375,25.646137964460785,24.53011048286
Fujifilm,XF1,835,800,759.0,66.406174938048,26.041637230607055,24.596612253247
Fujifilm,XF1,835,800,759.0,67.414698066722,26.437136496753723,24.662080121125
Fujifilm,XF1,835,800,759.0,68.423221195395,26.832635762899997,24.726545258562
Fujifilm,XF1,835,800,759.0,69.431744324069,27.22813502904667,24.790037449706
Fujifilm,XF1,835,800,759.0,70.440267452742,27.623634295192943,24.852585171956
Fujifilm,XF1,835,800,759.0,71.448790581416,28.01913356133961,24.914215671263
Fujifilm,XF1,835,800,759.0,72.457313710089,28.41463282748588,24.974955032105
Fujifilm,XF1,835,800,759.0,73.465836838763,28.810132093632546,25.034828242553
Fujifilm,XF1,835,800,759.0,74.474359967437,29.205631359779215,25.093859254846
Fujifilm,XF1,835,800,759.0,75.48288309611,29.601130625925492,25.152071041845
Fujifilm,XF1,835,800,759.0,76.491406224784,29.996629892072157,25.209485649689
Fujifilm,XF1,835,800,759.0,77.499929353457,30.392129158218435,25.266124246966
Fujifilm,XF1,835,800,759.0,78.508452482131,30.7876284243651,25.322007170658
Fujifilm,XF1,835,800,759.0,79.516975610804,31.18312769051137,25.377153969129
Fujifilm,XF1,835,800,759.0,80.525498739478,31.57862695665804,25.431583442363
Fujifilm,XF1,835,800,759.0,81.534021868151,31.974126222804315,25.485313679673
Fujifilm,XF1,835,800,759.0,82.542544996825,32.36962548895098,25.538362095066
Fujifilm,XF1,835,800,759.0,83.551068125498,32.76512475509726,25.590745460431
Fujifilm,XF1,835,800,759.0,84.559591254172,33.160624021243926,25.64247993672
Fujifilm,XF1,835,800,759.0,85.568114382846,33.55612328739059,25.693581103253
Fujifilm,XF1,835,800,759.0,86.576637511519,33.95162255353686,25.744063985291
Fujifilm,XF1,835,800,759.0,87.585160640193,34.34712181968353,25.793943079996
Fujifilm,XF1,835,800,759.0,88.593683768866,34.7426210858298,25.843232380882
Fujifilm,XF1,835,800,759.0,89.60220689754,35.13812035197647,25.891945400878
Fujifilm,XF1,835,800,759.0,90.610730026213,35.53361961812275,25.940095194073
Fujifilm,XF1,835,800,759.0,91.619253154887,35.929118884269414,25.987694376258
Fujifilm,XF1,835,800,759.0,92.62777628356,36.32461815041568,26.034755144321
Fujifilm,XF1,835,800,759.0,93.636299412234,36.72011741656235,26.081289294591
Fujifilm,XF1,835,800,759.0,94.644822540907,37.11561668270863,26.127308240176
Fujifilm,XF1,835,800,759.0,95.653345669581,37.51111594885529,26.172823027389
Fujifilm,XF1,835,800,759.0,96.661868798255,37.90661521500196,26.21784435129
Fujifilm,XF1,835,800,759.0,97.670391926928,38.30211448114824,26.26238257042
Fujifilm,XF1,835,800,759.0,98.678915055602,38.6976137472949,26.306447720771
Fujifilm,XF1,835,800,759.0,99.687438184275,39.09311301344117,26.350049529034
Fujifilm,XF1,835,800,759.0,100.69596131295,39.48861227958824,26.393197425181
Fujifilm,XF1,835,800,759.0,101.70448444162,39.88411154573333,26.435900554407
Fujifilm,XF1,835,800,759.0,102.7130075703,40.27961081188235,26.478167788481
Fujifilm,XF1,835,800,759.0,103.72153069897,40.67511007802745,26.520007736535
Fujifilm,XF1,835,800,759.0,104.73005382764,41.07060934417255,26.56142875533
Fujifilm,XF1,835,800,759.0,105.73857695632,41.46610861032157,26.60243895902
Fujifilm,XF1,835,800,759.0,106.74710008499,41.861607876466664,26.643046228453
Fujifilm,XF1,835,800,759.0,107.75562321366,42.257107142611765,26.683258220028
Fujifilm,XF1,835,800,759.0,108.76414634234,42.65260640876078,26.723082374137
Fujifilm,XF1,835,800,759.0,109.77266947101,43.048105674905884,26.762525923211
Fujifilm,XF1,835,800,759.0,110.78119259968,43.44360494105098,26.8015958994
Fujifilm,XF1,835,800,759.0,111.78971572836,43.839104207199995,26.840299141899
Fujifilm,XF1,835,800,759.0,112.79823885703,44.234603473345096,26.878642303939
Fujifilm,XF1,835,800,759.0,113.8067619857,44.6301027394902,26.91663185947
Fujifilm,XF1,835,800,759.0,114.81528511438,45.025602005639215,26.954274109544
Fujifilm,XF1,835,800,759.0,115.82380824305,45.421101271784316,26.991575188415
Fujifilm,XF1,835,800,759.0,116.83233137173,45.81660053793334,27.028541069373
Fujifilm,XF1,835,800,759.0,117.8408545004,46.212099804078434,27.065177570329
Fujifilm,XF1,835,800,759.0,118.84937762907,46.60759907022353,27.101490359154
Fujifilm,XF1,835,800,759.0,119.85790075775,47.00309833637255,27.137484958793
Fujifilm,XF1,835,800,759.0,120.86642388642,47.39859760251765,27.173166752168
Fujifilm,XF1,835,800,759.0,121.87494701509,47.79409686866274,27.208540986865
Fujifilm,XF1,835,800,759.0,122.88347014377,48.189596134811765,27.243612779635
Fujifilm,XF1,835,800,759.0,123.89199327244,48.58509540095686,27.278387120708
Fujifilm,XF1,835,800,759.0,124.90051640111,48.98059466710196,27.312868877929
Fujifilm,XF1,835,800,759.0,125.90903952979,49.37609393325098,27.347062800724
Fujifilm,XF1,835,800,759.0,126.91756265846,49.77159319939608,27.380973523913
Fujifilm,XF1,835,800,759.0,127.92608578713,50.167092465541174,27.414605571367
Fujifilm,XF1,835,800,759.0,128.93460891581,50.5625917316902,27.44796335952
Fujifilm,XF1,835,800,759.0,129.94313204448,50.95809099783529,27.481051200741
Fujifilm,XF1,835,800,759.0,130.95165517316,51.35359026398431,27.513873306583
Fujifilm,XF1,835,800,759.0,131.96017830183,51.749089530129424,27.546433790898
Fujifilm,XF1,835,800,759.0,132.9687014305,52.14458879627452,27.578736672832
Fujifilm,XF1,835,800,759.0,133.97722455918,52.54008806242353,27.610785879717
Fujifilm,XF1,835,800,759.0,134.98574768785,52.93558732856862,27.642585249839
Fujifilm,XF1,835,800,759.0,135.99427081652,53.33108659471372,27.674138535113
Fujifilm,XF1,835,800,759.0,137.0027939452,53.726585860862755,27.705449403654
Fujifilm,XF1,835,800,759.0,138.01131707387,54.12208512700785,27.736521442255
Fujifilm,XF1,835,800,759.0,139.01984020254,54.51758439315294,27.767358158769
Fujifilm,XF1,835,800,759.0,140.02836333122,54.913083659301954,27.797962984413
Fujifilm,XF1,835,800,759.0,141.03688645989,55.308582925447055,27.828339275982
Fujifilm,XF1,835,800,759.0,142.04540958856,55.704082191592164,27.858490317983
Fujifilm,XF1,835,800,759.0,143.05393271724,56.09958145774117,27.888419324701
Fujifilm,XF1,835,800,759.0,144.06245584591,56.49508072388627,27.918129442182
Fujifilm,XF1,835,800,759.0,145.07097897458,56.89057999003136,27.947623750151
Fujifilm,XF1,835,800,759.0,146.07950210326,57.2860792561804,27.976905263866
Fujifilm,XF1,835,800,759.0,147.08802523193,57.681578522325495,28.0059769359
Fujifilm,XF1,835,800,759.0,148.09654836061,58.077077788474504,28.034841657871
Fujifilm,XF1,835,800,759.0,149.10507148928,58.4725770546196,28.063502262105
Fujifilm,XF1,835,800,759.0,150.11359461795,58.86807632076471,28.091961523247
Fujifilm,XF1,835,800,759.0,151.12211774663,59.26357558691373,28.120222159817
Fujifilm,XF1,835,800,759.0,152.1306408753,59.659074853058826,28.148286835713
Fujifilm,XF1,835,800,759.0,153.13916400397,60.05457411920392,28.176158161661
Fujifilm,XF1,835,800,759.0,154.14768713265,60.450073385352944,28.203838696629
Fujifilm,XF1,835,800,759.0,155.15621026132,60.845572651498046,28.231330949176
Fujifilm,XF1,835,800,759.0,156.16473338999,61.24107191764314,28.258637378773
Fujifilm,XF1,835,800,759.0,157.17325651867,61.63657118379216,28.285760397077
Fujifilm,XF1,835,800,759.0,158.18177964734,62.03207044993725,28.312702369156
Fujifilm,XF1,835,800,759.0,159.19030277601,62.427569716082346,28.339465614686
Fujifilm,XF1,835,800,759.0,160.19882590469,62.823068982231376,28.366052409104
Fujifilm,XF1,835,800,759.0,161.20734903336,63.21856824837647,28.392464984724
Fujifilm,XF1,835,800,759.0,162.21587216203,63.614067514521565,28.418705531823
Fujifilm,XF1,835,800,759.0,163.22439529071,64.0095667806706,28.444776199687
Fujifilm,XF1,835,800,759.0,164.23291841938,64.40506604681569,28.470679097627
Fujifilm,XF1,835,800,759.0,165.24144154806,64.80056531296471,28.496416295967
Fujifilm,XF1,835,800,759.0,166.24996467673,65.1960645791098,28.521989826996
Fujifilm,XF1,835,800,759.0,167.2584878054,65.5915638452549,28.547401685895
Fujifilm,XF1,835,800,759.0,168.26701093408,65.98706311140393,28.572653831636
Fujifilm,XF1,835,800,759.0,169.27553406275,66.38256237754902,28.59774818785
Fujifilm,XF1,835,800,759.0,170.28405719142,66.77806164369412,28.622686643674
Fujifilm,XF1,835,800,759.0,171.2925803201,67.17356090984313,28.647471054572
Fujifilm,XF1,835,800,759.0,172.30110344877,67.56906017598824,28.672103243126
Fujifilm,XF1,835,800,759.0,173.30962657744,67.96455944213335,28.696584999813
Fujifilm,XF1,835,800,759.0,174.31814970612,68.36005870828235,28.720918083751
Fujifilm,XF1,835,800,759.0,175.32667283479,68.75555797442745,28.74510422343
Fujifilm,XF1,835,800,759.0,176.33519596346,69.15105724057254,28.769145117415
Fujifilm,XF1,835,800,759.0,177.34371909214,69.54655650672157,28.793042435038
Fujifilm,XF1,835,800,759.0,178.35224222081,69.94205577286667,28.81679781706
Fujifilm,XF1,835,800,759.0,179.36076534949,70.33755503901568,28.840412876322
Fujifilm,XF1,835,800,759.0,180.36928847816,70.73305430516078,28.863889198374
Fujifilm,XF1,835,800,759.0,181.37781160683,71.12855357130587,28.887228342086
Fujifilm,XF1,835,800,759.0,182.38633473551,71.5240528374549,28.910431840246
Fujifilm,XF1,835,800,759.0,183.39485786418,71.9195521036,28.933501200135
Fujifilm,XF1,835,800,759.0,184.40338099285,72.31505136974509,28.956437904094
Fujifilm,XF1,835,800,759.0,185.41190412153,72.71055063589412,28.979243410066
Fujifilm,XF1,835,800,759.0,186.4204272502,73.10604990203922,29.001919152135
Fujifilm,XF1,835,800,759.0,187.42895037887,73.50154916818433,29.024466541036
Fujifilm,XF1,835,800,759.0,188.43747350755,73.89704843433333,29.046886964665
Fujifilm,XF1,835,800,759.0,189.44599663622,74.29254770047842,29.069181788567
Fujifilm,XF1,835,800,759.0,190.45451976489,74.68804696662352,29.091352356413
Fujifilm,XF1,835,800,759.0,191.46304289357,75.08354623277255,29.113399990467
Fujifilm,XF1,835,800,759.0,192.47156602224,75.47904549891766,29.135325992033
Fujifilm,XF1,835,800,759.0,193.48008915091,75.87454476506275,29.157131641904
Fujifilm,XF1,835,800,759.0,194.48861227959,76.27004403121177,29.178818200782
Fujifilm,XF1,835,800,759.0,195.49713540826,76.66554329735686,29.2003869097
Fujifilm,XF1,835,800,759.0,196.50565853694,77.06104256350588,29.221838990431
Fujifilm,XF1,835,800,759.0,197.51418166561,77.45654182965099,29.243175645881
Fujifilm,XF1,835,800,759.0,198.52270479428,77.85204109579608,29.264398060476
Fujifilm,XF1,835,800,759.0,199.53122792296,78.2475403619451,29.28550740054
Fujifilm,XF1,835,800,759.0,200.53975105163,78.6430396280902,29.306504814661
Fujifilm,XF1,835,800,759.0,201.5482741803,79.0385388942353,29.32739143405
Fujifilm,XF1,835,800,759.0,202.55679730898,79.43403816038432,29.348168372886
Fujifilm,XF1,835,800,759.0,203.56532043765,79.82953742652941,29.368836728661
Fujifilm,XF1,835,800,759.0,204.57384356632,80.22503669267451,29.389397582509
Fujifilm,XF1,835,800,759.0,205.582366695,80.62053595882352,29.409851999529
Fujifilm,XF1,835,800,759.0,206.59088982367,81.01603522496863,29.430201029102
Fujifilm,XF1,835,800,759.0,207.59941295234,81.41153449111373,29.450445705198
Fujifilm,XF1,835,800,759.0,208.60793608102,81.80703375726274,29.470587046675
Fujifilm,XF1,835,800,759.0,209.61645920969,82.20253302340784,29.490626057575
Fujifilm,XF1,835,800,759.0,210.62498233837,82.59803228955685,29.510563727407
Fujifilm,XF1,835,800,759.0,211.63350546704,82.99353155570196,29.530401031427
Fujifilm,XF1,835,800,759.0,212.64202859571,83.38903082184706,29.550138930911
Fujifilm,XF1,835,800,759.0,213.65055172439,83.78453008799607,29.569778373421
Fujifilm,XF1,835,800,759.0,214.65907485306,84.18002935414117,29.589320293062
Fujifilm,XF1,835,800,759.0,215.66759798173,84.57552862028628,29.608765610741
Fujifilm,XF1,835,800,759.0,216.67612111041,84.97102788643531,29.628115234407
Fujifilm,XF1,835,800,759.0,217.68464423908,85.3665271525804,29.647370059301
Fujifilm,XF1,835,800,759.0,218.69316736775,85.76202641872548,29.666530968185
Fujifilm,XF1,835,800,759.0,219.70169049643,86.1575256848745,29.685598831576
Fujifilm,XF1,835,800,759.0,220.7102136251,86.55302495101961,29.704574507974
Fujifilm,XF1,835,800,759.0,221.71873675377,86.9485242171647,29.723458844076
Fujifilm,XF1,835,800,759.0,222.72725988245,87.34402348331372,29.742252674997
Fujifilm,XF1,835,800,759.0,223.73578301112,87.73952274945881,29.760956824476
Fujifilm,XF1,835,800,759.0,224.74430613979,88.13502201560392,29.779572105085
Fujifilm,XF1,835,800,759.0,225.75282926847,88.53052128175295,29.798099318429
Fujifilm,XF1,835,800,759.0,226.76135239714,88.92602054789805,29.81653925534
Fujifilm,XF1,835,800,759.0,227.76987552582,89.32151981404705,29.834892696073
Fujifilm,XF1,835,800,759.0,228.77839865449,89.71701908019214,29.85316041049
Fujifilm,XF1,835,800,759.0,229.78692178316,90.11251834633725,29.871343158247
Fujifilm,XF1,835,800,759.0,230.79544491184,90.50801761248628,29.889441688972
Fujifilm,XF1,835,800,759.0,231.80396804051,90.90351687863138,29.907456742441
Fujifilm,XF1,835,800,759.0,232.81249116918,91.29901614477647,29.925389048747
Fujifilm,XF1,835,800,759.0,233.82101429786,91.69451541092548,29.943239328476
Fujifilm,XF1,835,800,759.0,234.82953742653,92.0900146770706,29.961008292861
Fujifilm,XF1,835,800,759.0,235.8380605552,92.4855139432157,29.978696643953
Fujifilm,XF1,835,800,759.0,236.84658368388,92.88101320936471,29.996305074769
Fujifilm,XF1,835,800,759.0,237.85510681255,93.2765124755098,30.013834269456
Fujifilm,XF1,835,800,759.0,238.86362994122,93.6720117416549,30.031284903433
Fujifilm,XF1,835,800,759.0,239.8721530699,94.06751100780393,30.048657643543
Fujifilm,XF1,835,800,759.0,240.88067619857,94.46301027394902,30.0659531482
Fujifilm,XF1,835,800,759.0,241.88919932724,94.85850954009412,30.083172067525
Fujifilm,XF1,835,800,759.0,242.89772245592,95.25400880624314,30.100315043487
Fujifilm,XF1,835,800,759.0,243.90624558459,95.64950807238823,30.117382710039
Fujifilm,XF1,835,800,759.0,244.91476871327,96.04500733853726,30.134375693253
Fujifilm,XF1,835,800,759.0,245.92329184194,96.44050660468235,30.151294611445
Fujifilm,XF1,835,800,759.0,246.93181497061,96.83600587082745,30.168140075308
Fujifilm,XF1,835,800,759.0,247.94033809929,97.23150513697647,30.184912688031
Fujifilm,XF1,835,800,759.0,248.94886122796,97.62700440312157,30.201613045428
Fujifilm,XF1,835,800,759.0,249.95738435663,98.02250366926667,30.218241736052
Fujifilm,XF1,835,800,759.0,250.96590748531,98.41800293541569,30.234799341316
Fujifilm,XF1,835,800,759.0,251.97443061398,98.81350220156078,30.251286435606
Fujifilm,XF1,835,800,759.0,252.98295374265,99.20900146770589,30.267703586395
Fujifilm,XF1,835,800,759.0,253.99147687133,99.6045007338549,30.284051354353
Fujifilm,XF1,835,800,759.0,255,100.0,30.300330293455
Fujifilm,XF1,835,1600,1576.0,1.261491912523,0.4947027107933333,0
Fujifilm,XF1,835,1600,1576.0,2.8692178316153,1.125183463378549,5.4945374838375
Fujifilm,XF1,835,1600,1576.0,3.8777409602888,1.5206827295250196,7.3276849349938
Fujifilm,XF1,835,1600,1576.0,4.8862640889624,1.9161819956715294,8.6723308183974
Fujifilm,XF1,835,1600,1576.0,5.8947872176359,2.3116812618180003,9.726817985799
Fujifilm,XF1,835,1600,1576.0,6.9033103463094,2.707180527964471,10.590613473883
Fujifilm,XF1,835,1600,1576.0,7.911833474983,3.1026797941109803,11.320234729657
Fujifilm,XF1,835,1600,1576.0,8.9203566036565,3.498179060257451,11.950676404187
Fujifilm,XF1,835,1600,1576.0,9.92887973233,3.8936783264039216,12.505017286699
Fujifilm,XF1,835,1600,1576.0,10.937402861004,4.289177592550588,12.999232423533
Fujifilm,XF1,835,1600,1576.0,11.945925989677,4.6846768586968635,13.444812067391
Fujifilm,XF1,835,1600,1576.0,12.954449118351,5.080176124843529,13.850282381
Fujifilm,XF1,835,1600,1576.0,13.962972247024,5.475675390989804,14.222135657288
Fujifilm,XF1,835,1600,1576.0,14.971495375698,5.8711746571364705,14.565424269601
Fujifilm,XF1,835,1600,1576.0,15.980018504371,6.266673923282745,14.884153795057
Fujifilm,XF1,835,1600,1576.0,16.988541633045,6.662173189429412,15.1815513003
Fujifilm,XF1,835,1600,1576.0,17.997064761718,7.057672455575687,15.460253325285
Fujifilm,XF1,835,1600,1576.0,19.005587890392,7.453171721722353,15.722440661685
Fujifilm,XF1,835,1600,1576.0,20.014111019065,7.848670987868626,15.969936956007
Fujifilm,XF1,835,1600,1576.0,21.022634147739,8.244170254015295,16.204282149526
Fujifilm,XF1,835,1600,1576.0,22.031157276413,8.639669520161961,16.426788056955
Fujifilm,XF1,835,1600,1576.0,23.039680405086,9.035168786308235,16.638581035201
Fujifilm,XF1,835,1600,1576.0,24.04820353376,9.430668052454902,16.840635167675
Fujifilm,XF1,835,1600,1576.0,25.056726662433,9.826167318601177,17.033798377232
Fujifilm,XF1,835,1600,1576.0,26.065249791107,10.221666584747844,17.218813195746
Fujifilm,XF1,835,1600,1576.0,27.07377291978,10.617165850894118,17.396333446312
Fujifilm,XF1,835,1600,1576.0,28.082296048454,11.012665117040784,17.566937763588
Fujifilm,XF1,835,1600,1576.0,29.090819177127,11.408164383187058,17.731140642842
Fujifilm,XF1,835,1600,1576.0,30.099342305801,11.803663649333725,17.889401538923
Fujifilm,XF1,835,1600,1576.0,31.107865434474,12.199162915479999,18.042132412852
Fujifilm,XF1,835,1600,1576.0,32.116388563148,12.594662181626667,18.18970403241
Fujifilm,XF1,835,1600,1576.0,33.124911691821,12.990161447772941,18.332451265003
Fujifilm,XF1,835,1600,1576.0,34.133434820495,13.385660713919606,18.470677549676
Fujifilm,XF1,835,1600,1576.0,35.141957949168,13.781159980065883,18.604658696038
Fujifilm,XF1,835,1600,1576.0,36.150481077842,14.17665924621255,18.734646127775
Fujifilm,XF1,835,1600,1576.0,37.159004206516,14.572158512359215,18.860869665207
Fujifilm,XF1,835,1600,1576.0,38.167527335189,14.967657778505492,18.983539923095
Fujifilm,XF1,835,1600,1576.0,39.176050463863,15.363157044652157,19.102850385704
Fujifilm,XF1,835,1600,1576.0,40.184573592536,15.75865631079843,19.218979209729
Fujifilm,XF1,835,1600,1576.0,41.19309672121,16.154155576945097,19.332090796742
Fujifilm,XF1,835,1600,1576.0,42.201619849883,16.549654843091375,19.442337169545
Fujifilm,XF1,835,1600,1576.0,43.210142978557,16.94515410923804,19.549859181001
Fujifilm,XF1,835,1600,1576.0,44.21866610723,17.340653375384314,19.654787579175
Fujifilm,XF1,835,1600,1576.0,45.227189235904,17.736152641530982,19.757243948767
Fujifilm,XF1,835,1600,1576.0,46.235712364577,18.131651907677256,19.857341545645
Fujifilm,XF1,835,1600,1576.0,47.244235493251,18.52715117382392,19.955186038702
Fujifilm,XF1,835,1600,1576.0,48.252758621924,18.922650439970194,20.05087617109
Fujifilm,XF1,835,1600,1576.0,49.261281750598,19.318149706116863,20.144504351098
Fujifilm,XF1,835,1600,1576.0,50.269804879272,19.71364897226353,20.236157181468
Fujifilm,XF1,835,1600,1576.0,51.278328007945,20.109148238409805,20.325915934657
Fujifilm,XF1,835,1600,1576.0,52.286851136619,20.50464750455647,20.413856980541
Fujifilm,XF1,835,1600,1576.0,53.295374265292,20.900146770702744,20.500052172136
Fujifilm,XF1,835,1600,1576.0,54.303897393966,21.295646036849412,20.584569194193
Fujifilm,XF1,835,1600,1576.0,55.312420522639,21.691145302995686,20.667471878855
Fujifilm,XF1,835,1600,1576.0,56.320943651313,22.08664456914235,20.748820492041
Fujifilm,XF1,835,1600,1576.0,57.329466779986,22.482143835288625,20.82867199375
Fujifilm,XF1,835,1600,1576.0,58.33798990866,22.877643101435293,20.907080275078
Fujifilm,XF1,835,1600,1576.0,59.346513037333,23.273142367581567,20.984096374406
Fujifilm,XF1,835,1600,1576.0,60.355036166007,23.668641633728235,21.059768674904
Fujifilm,XF1,835,1600,1576.0,61.36355929468,24.064140899874513,21.134143085264
Fujifilm,XF1,835,1600,1576.0,62.372082423354,24.459640166021178,21.207263205336
Fujifilm,XF1,835,1600,1576.0,63.380605552028,24.855139432167846,21.279170478147
Fujifilm,XF1,835,1600,1576.0,64.389128680701,25.25063869831412,21.349904329638
Fujifilm,XF1,835,1600,1576.0,65.397651809375,25.646137964460785,21.419502297271
Fujifilm,XF1,835,1600,1576.0,66.406174938048,26.041637230607055,21.488000148566
Fujifilm,XF1,835,1600,1576.0,67.414698066722,26.437136496753723,21.555431990497
Fujifilm,XF1,835,1600,1576.0,68.423221195395,26.832635762899997,21.621830370562
Fujifilm,XF1,835,1600,1576.0,69.431744324069,27.22813502904667,21.687226370307
Fujifilm,XF1,835,1600,1576.0,70.440267452742,27.623634295192943,21.751649691935
Fujifilm,XF1,835,1600,1576.0,71.448790581416,28.01913356133961,21.81512873863
Fujifilm,XF1,835,1600,1576.0,72.457313710089,28.41463282748588,21.877690689118
Fujifilm,XF1,835,1600,1576.0,73.465836838763,28.810132093632546,21.939361566968
Fujifilm,XF1,835,1600,1576.0,74.474359967437,29.205631359779215,22.000166305055
Fujifilm,XF1,835,1600,1576.0,75.48288309611,29.601130625925492,22.0601288056
Fujifilm,XF1,835,1600,1576.0,76.491406224784,29.996629892072157,22.119271996137
Fujifilm,XF1,835,1600,1576.0,77.499929353457,30.392129158218435,22.177617881736
Fujifilm,XF1,835,1600,1576.0,78.508452482131,30.7876284243651,22.235187593778
Fujifilm,XF1,835,1600,1576.0,79.516975610804,31.18312769051137,22.292001435551
Fujifilm,XF1,835,1600,1576.0,80.525498739478,31.57862695665804,22.348078924916
Fujifilm,XF1,835,1600,1576.0,81.534021868151,31.974126222804315,22.403438834259
Fujifilm,XF1,835,1600,1576.0,82.542544996825,32.36962548895098,22.458099227936
Fujifilm,XF1,835,1600,1576.0,83.551068125498,32.76512475509726,22.512077497408
Fujifilm,XF1,835,1600,1576.0,84.559591254172,33.160624021243926,22.565390394211
Fujifilm,XF1,835,1600,1576.0,85.568114382846,33.55612328739059,22.618054060944
Fujifilm,XF1,835,1600,1576.0,86.576637511519,33.95162255353686,22.670084060399
Fujifilm,XF1,835,1600,1576.0,87.585160640193,34.34712181968353,22.721495402977
Fujifilm,XF1,835,1600,1576.0,88.593683768866,34.7426210858298,22.772302572497
Fujifilm,XF1,835,1600,1576.0,89.60220689754,35.13812035197647,22.822519550524
Fujifilm,XF1,835,1600,1576.0,90.610730026213,35.53361961812275,22.872159839302
Fujifilm,XF1,835,1600,1576.0,91.619253154887,35.929118884269414,22.921236483397
Fujifilm,XF1,835,1600,1576.0,92.62777628356,36.32461815041568,22.969762090136
Fujifilm,XF1,835,1600,1576.0,93.636299412234,36.72011741656235,23.017748848913
Fujifilm,XF1,835,1600,1576.0,94.644822540907,37.11561668270863,23.065208549447
Fujifilm,XF1,835,1600,1576.0,95.653345669581,37.51111594885529,23.112152599049
Fujifilm,XF1,835,1600,1576.0,96.661868798255,37.90661521500196,23.158592038975
Fujifilm,XF1,835,1600,1576.0,97.670391926928,38.30211448114824,23.204537559904
Fujifilm,XF1,835,1600,1576.0,98.678915055602,38.6976137472949,23.249999516618
Fujifilm,XF1,835,1600,1576.0,99.687438184275,39.09311301344117,23.294987941916
Fujifilm,XF1,835,1600,1576.0,100.69596131295,39.48861227958824,23.339512559815
Fujifilm,XF1,835,1600,1576.0,101.70448444162,39.88411154573333,23.383582798086
Fujifilm,XF1,835,1600,1576.0,102.7130075703,40.27961081188235,23.427207800155
Fujifilm,XF1,835,1600,1576.0,103.72153069897,40.67511007802745,23.470396436418
Fujifilm,XF1,835,1600,1576.0,104.73005382764,41.07060934417255,23.513157314999
Fujifilm,XF1,835,1600,1576.0,105.73857695632,41.46610861032157,23.555498791975
Fujifilm,XF1,835,1600,1576.0,106.74710008499,41.861607876466664,23.597428981121
Fujifilm,XF1,835,1600,1576.0,107.75562321366,42.257107142611765,23.638955763179
Fujifilm,XF1,835,1600,1576.0,108.76414634234,42.65260640876078,23.680086794692
Fujifilm,XF1,835,1600,1576.0,109.77266947101,43.048105674905884,23.720829516422
Fujifilm,XF1,835,1600,1576.0,110.78119259968,43.44360494105098,23.761191161382
Fujifilm,XF1,835,1600,1576.0,111.78971572836,43.839104207199995,23.801178762486
Fujifilm,XF1,835,1600,1576.0,112.79823885703,44.234603473345096,23.840799159866
Fujifilm,XF1,835,1600,1576.0,113.8067619857,44.6301027394902,23.880059007847
Fujifilm,XF1,835,1600,1576.0,114.81528511438,45.025602005639215,23.918964781609
Fujifilm,XF1,835,1600,1576.0,115.82380824305,45.421101271784316,23.957522783563
Fujifilm,XF1,835,1600,1576.0,116.83233137173,45.81660053793334,23.995739149434
Fujifilm,XF1,835,1600,1576.0,117.8408545004,46.212099804078434,24.033619854087
Fujifilm,XF1,835,1600,1576.0,118.84937762907,46.60759907022353,24.071170717099
Fujifilm,XF1,835,1600,1576.0,119.85790075775,47.00309833637255,24.108397408088
Fujifilm,XF1,835,1600,1576.0,120.86642388642,47.39859760251765,24.145305451822
Fujifilm,XF1,835,1600,1576.0,121.87494701509,47.79409686866274,24.181900233108
Fujifilm,XF1,835,1600,1576.0,122.88347014377,48.189596134811765,24.218187001475
Fujifilm,XF1,835,1600,1576.0,123.89199327244,48.58509540095686,24.254170875669
Fujifilm,XF1,835,1600,1576.0,124.90051640111,48.98059466710196,24.289856847958
Fujifilm,XF1,835,1600,1576.0,125.90903952979,49.37609393325098,24.32524978826
Fujifilm,XF1,835,1600,1576.0,126.91756265846,49.77159319939608,24.360354448113
Fujifilm,XF1,835,1600,1576.0,127.92608578713,50.167092465541174,24.395175464472
Fujifilm,XF1,835,1600,1576.0,128.93460891581,50.5625917316902,24.429717363367
Fujifilm,XF1,835,1600,1576.0,129.94313204448,50.95809099783529,24.463984563408
Fujifilm,XF1,835,1600,1576.0,130.95165517316,51.35359026398431,24.497981379161
Fujifilm,XF1,835,1600,1576.0,131.96017830183,51.749089530129424,24.531712024381
Fujifilm,XF1,835,1600,1576.0,132.9687014305,52.14458879627452,24.565180615132
Fujifilm,XF1,835,1600,1576.0,133.97722455918,52.54008806242353,24.598391172782
Fujifilm,XF1,835,1600,1576.0,134.98574768785,52.93558732856862,24.631347626879
Fujifilm,XF1,835,1600,1576.0,135.99427081652,53.33108659471372,24.664053817933
Fujifilm,XF1,835,1600,1576.0,137.0027939452,53.726585860862755,24.696513500076
Fujifilm,XF1,835,1600,1576.0,138.01131707387,54.12208512700785,24.728730343638
Fujifilm,XF1,835,1600,1576.0,139.01984020254,54.51758439315294,24.760707937618
Fujifilm,XF1,835,1600,1576.0,140.02836333122,54.913083659301954,24.792449792071
Fujifilm,XF1,835,1600,1576.0,141.03688645989,55.308582925447055,24.823959340405
Fujifilm,XF1,835,1600,1576.0,142.04540958856,55.704082191592164,24.855239941592
Fujifilm,XF1,835,1600,1576.0,143.05393271724,56.09958145774117,24.886294882309
Fujifilm,XF1,835,1600,1576.0,144.06245584591,56.49508072388627,24.917127378994
Fujifilm,XF1,835,1600,1576.0,145.07097897458,56.89057999003136,24.947740579832
Fujifilm,XF1,835,1600,1576.0,146.07950210326,57.2860792561804,24.978137566673
Fujifilm,XF1,835,1600,1576.0,147.08802523193,57.681578522325495,25.008321356882
Fujifilm,XF1,835,1600,1576.0,148.09654836061,58.077077788474504,25.038294905125
Fujifilm,XF1,835,1600,1576.0,149.10507148928,58.4725770546196,25.068061105092
Fujifilm,XF1,835,1600,1576.0,150.11359461795,58.86807632076471,25.097622791164
Fujifilm,XF1,835,1600,1576.0,151.12211774663,59.26357558691373,25.126982740024
Fujifilm,XF1,835,1600,1576.0,152.1306408753,59.659074853058826,25.156143672207
Fujifilm,XF1,835,1600,1576.0,153.13916400397,60.05457411920392,25.185108253608
Fujifilm,XF1,835,1600,1576.0,154.14768713265,60.450073385352944,25.213879096933
Fujifilm,XF1,835,1600,1576.0,155.15621026132,60.845572651498046,25.242458763104
Fujifilm,XF1,835,1600,1576.0,156.16473338999,61.24107191764314,25.270849762619
Fujifilm,XF1,835,1600,1576.0,157.17325651867,61.63657118379216,25.299054556865
Fujifilm,XF1,835,1600,1576.0,158.18177964734,62.03207044993725,25.327075559391
Fujifilm,XF1,835,1600,1576.0,159.19030277601,62.427569716082346,25.354915137142
Fujifilm,XF1,835,1600,1576.0,160.19882590469,62.823068982231376,25.382575611645
Fujifilm,XF1,835,1600,1576.0,161.20734903336,63.21856824837647,25.410059260169
Fujifilm,XF1,835,1600,1576.0,162.21587216203,63.614067514521565,25.437368316839
Fujifilm,XF1,835,1600,1576.0,163.22439529071,64.0095667806706,25.46450497372
Fujifilm,XF1,835,1600,1576.0,164.23291841938,64.40506604681569,25.491471381866
Fujifilm,XF1,835,1600,1576.0,165.24144154806,64.80056531296471,25.518269652336
Fujifilm,XF1,835,1600,1576.0,166.24996467673,65.1960645791098,25.544901857178
Fujifilm,XF1,835,1600,1576.0,167.2584878054,65.5915638452549,25.571370030387
Fujifilm,XF1,835,1600,1576.0,168.26701093408,65.98706311140393,25.597676168827
Fujifilm,XF1,835,1600,1576.0,169.27553406275,66.38256237754902,25.623822233133
Fujifilm,XF1,835,1600,1576.0,170.28405719142,66.77806164369412,25.649810148578
Fujifilm,XF1,835,1600,1576.0,171.2925803201,67.17356090984313,25.675641805922
Fujifilm,XF1,835,1600,1576.0,172.30110344877,67.56906017598824,25.701319062228
Fujifilm,XF1,835,1600,1576.0,173.30962657744,67.96455944213335,25.72684374166
Fujifilm,XF1,835,1600,1576.0,174.31814970612,68.36005870828235,25.752217636256
Fujifilm,XF1,835,1600,1576.0,175.32667283479,68.75555797442745,25.777442506675
Fujifilm,XF1,835,1600,1576.0,176.33519596346,69.15105724057254,25.802520082928
Fujifilm,XF1,835,1600,1576.0,177.34371909214,69.54655650672157,25.827452065083
Fujifilm,XF1,835,1600,1576.0,178.35224222081,69.94205577286667,25.852240123953
Fujifilm,XF1,835,1600,1576.0,179.36076534949,70.33755503901568,25.876885901763
Fujifilm,XF1,835,1600,1576.0,180.36928847816,70.73305430516078,25.901391012799
Fujifilm,XF1,835,1600,1576.0,181.37781160683,71.12855357130587,25.925757044035
Fujifilm,XF1,835,1600,1576.0,182.38633473551,71.5240528374549,25.949985555749
Fujifilm,XF1,835,1600,1576.0,183.39485786418,71.9195521036,25.974078082119
Fujifilm,XF1,835,1600,1576.0,184.40338099285,72.31505136974509,25.998036131797
Fujifilm,XF1,835,1600,1576.0,185.41190412153,72.71055063589412,26.021861188476
Fujifilm,XF1,835,1600,1576.0,186.4204272502,73.10604990203922,26.045554711436
Fujifilm,XF1,835,1600,1576.0,187.42895037887,73.50154916818433,26.069118136077
Fujifilm,XF1,835,1600,1576.0,188.43747350755,73.89704843433333,26.092552874436
Fujifilm,XF1,835,1600,1576.0,189.44599663622,74.29254770047842,26.115860315694
Fujifilm,XF1,835,1600,1576.0,190.45451976489,74.68804696662352,26.139041826662
Fujifilm,XF1,835,1600,1576.0,191.46304289357,75.08354623277255,26.162098752262
Fujifilm,XF1,835,1600,1576.0,192.47156602224,75.47904549891766,26.185032415993
Fujifilm,XF1,835,1600,1576.0,193.48008915091,75.87454476506275,26.207844120379
Fujifilm,XF1,835,1600,1576.0,194.48861227959,76.27004403121177,26.230535147413
Fujifilm,XF1,835,1600,1576.0,195.49713540826,76.66554329735686,26.253106758984
Fujifilm,XF1,835,1600,1576.0,196.50565853694,77.06104256350588,26.2755601973
Fujifilm,XF1,835,1600,1576.0,197.51418166561,77.45654182965099,26.297896685289
Fujifilm,XF1,835,1600,1576.0,198.52270479428,77.85204109579608,26.320117426997
Fujifilm,XF1,835,1600,1576.0,199.53122792296,78.2475403619451,26.342223607979
Fujifilm,XF1,835,1600,1576.0,200.53975105163,78.6430396280902,26.364216395671
Fujifilm,XF1,835,1600,1576.0,201.5482741803,79.0385388942353,26.38609693976
Fujifilm,XF1,835,1600,1576.0,202.55679730898,79.43403816038432,26.407866372538
Fujifilm,XF1,835,1600,1576.0,203.56532043765,79.82953742652941,26.429525809258
Fujifilm,XF1,835,1600,1576.0,204.57384356632,80.22503669267451,26.451076348467
Fujifilm,XF1,835,1600,1576.0,205.582366695,80.62053595882352,26.472519072341
Fujifilm,XF1,835,1600,1576.0,206.59088982367,81.01603522496863,26.493855047011
Fujifilm,XF1,835,1600,1576.0,207.59941295234,81.41153449111373,26.515085322873
Fujifilm,XF1,835,1600,1576.0,208.60793608102,81.80703375726274,26.536210934901
Fujifilm,XF1,835,1600,1576.0,209.61645920969,82.20253302340784,26.557232902945
Fujifilm,XF1,835,1600,1576.0,210.62498233837,82.59803228955685,26.578152232026
Fujifilm,XF1,835,1600,1576.0,211.63350546704,82.99353155570196,26.598969912618
Fujifilm,XF1,835,1600,1576.0,212.64202859571,83.38903082184706,26.619686920933
Fujifilm,XF1,835,1600,1576.0,213.65055172439,83.78453008799607,26.640304219188
Fujifilm,XF1,835,1600,1576.0,214.65907485306,84.18002935414117,26.660822755877
Fujifilm,XF1,835,1600,1576.0,215.66759798173,84.57552862028628,26.681243466024
Fujifilm,XF1,835,1600,1576.0,216.67612111041,84.97102788643531,26.701567271443
Fujifilm,XF1,835,1600,1576.0,217.68464423908,85.3665271525804,26.721795080981
Fujifilm,XF1,835,1600,1576.0,218.69316736775,85.76202641872548,26.741927790762
Fujifilm,XF1,835,1600,1576.0,219.70169049643,86.1575256848745,26.761966284425
Fujifilm,XF1,835,1600,1576.0,220.7102136251,86.55302495101961,26.781911433352
Fujifilm,XF1,835,1600,1576.0,221.71873675377,86.9485242171647,26.801764096893
Fujifilm,XF1,835,1600,1576.0,222.72725988245,87.34402348331372,26.821525122591
Fujifilm,XF1,835,1600,1576.0,223.73578301112,87.73952274945881,26.841195346392
Fujifilm,XF1,835,1600,1576.0,224.74430613979,88.13502201560392,26.86077559286
Fujifilm,XF1,835,1600,1576.0,225.75282926847,88.53052128175295,26.880266675379
Fujifilm,XF1,835,1600,1576.0,226.76135239714,88.92602054789805,26.899669396357
Fujifilm,XF1,835,1600,1576.0,227.76987552582,89.32151981404705,26.91898454742
Fujifilm,XF1,835,1600,1576.0,228.77839865449,89.71701908019214,26.938212909607
Fujifilm,XF1,835,1600,1576.0,229.78692178316,90.11251834633725,26.957355253557
Fujifilm,XF1,835,1600,1576.0,230.79544491184,90.50801761248628,26.976412339689
Fujifilm,XF1,835,1600,1576.0,231.80396804051,90.90351687863138,26.995384918389
Fujifilm,XF1,835,1600,1576.0,232.81249116918,91.29901614477647,27.014273730181
Fujifilm,XF1,835,1600,1576.0,233.82101429786,91.69451541092548,27.033079505898
Fujifilm,XF1,835,1600,1576.0,234.82953742653,92.0900146770706,27.051802966856
Fujifilm,XF1,835,1600,1576.0,235.8380605552,92.4855139432157,27.070444825011
Fujifilm,XF1,835,1600,1576.0,236.84658368388,92.88101320936471,27.089005783126
Fujifilm,XF1,835,1600,1576.0,237.85510681255,93.2765124755098,27.107486534927
Fujifilm,XF1,835,1600,1576.0,238.86362994122,93.6720117416549,27.125887765255
Fujifilm,XF1,835,1600,1576.0,239.8721530699,94.06751100780393,27.144210150221
Fujifilm,XF1,835,1600,1576.0,240.88067619857,94.46301027394902,27.162454357351
Fujifilm,XF1,835,1600,1576.0,241.88919932724,94.85850954009412,27.18062104573
Fujifilm,XF1,835,1600,1576.0,242.89772245592,95.25400880624314,27.198710866148
Fujifilm,XF1,835,1600,1576.0,243.90624558459,95.64950807238823,27.216724461232
Fujifilm,XF1,835,1600,1576.0,244.91476871327,96.04500733853726,27.234662465588
Fujifilm,XF1,835,1600,1576.0,245.92329184194,96.44050660468235,27.252525505932
Fujifilm,XF1,835,1600,1576.0,246.93181497061,96.83600587082745,27.270314201217
Fujifilm,XF1,835,1600,1576.0,247.94033809929,97.23150513697647,27.288029162766
Fujifilm,XF1,835,1600,1576.0,248.94886122796,97.62700440312157,27.305670994394
Fujifilm,XF1,835,1600,1576.0,249.95738435663,98.02250366926667,27.323240292529
Fujifilm,XF1,835,1600,1576.0,250.96590748531,98.41800293541569,27.340737646335
Fujifilm,XF1,835,1600,1576.0,251.97443061398,98.81350220156078,27.358163637828
Fujifilm,XF1,835,1600,1576.0,252.98295374265,99.20900146770589,27.375518841992
Fujifilm,XF1,835,1600,1576.0,253.99147687133,99.6045007338549,27.39280382689
Fujifilm,XF1,835,1600,1576.0,255,100.0,27.410019153776
Fujifilm,XF1,835,3200,3165.0,2.8692178316153,1.125183463378549,0
Fujifilm,XF1,835,3200,3165.0,3.8777409602888,1.5206827295250196,2.157258214751
Fujifilm,XF1,835,3200,3165.0,4.8862640889624,1.9161819956715294,3.7499125381425
Fujifilm,XF1,835,3200,3165.0,5.8947872176359,2.3116812618180003,5.0005372766836
Fujifilm,XF1,835,3200,3165.0,6.9033103463094,2.707180527964471,6.0234403056106
Fujifilm,XF1,835,3200,3165.0,7.911833474983,3.1026797941109803,6.8847682705549
Fujifilm,XF1,835,3200,3165.0,8.9203566036565,3.498179060257451,7.6260506163746
Fujifilm,XF1,835,3200,3165.0,9.92887973233,3.8936783264039216,8.2749639281197
Fujifilm,XF1,835,3200,3165.0,10.937402861004,4.289177592550588,8.8508157414732
Fujifilm,XF1,835,3200,3165.0,11.945925989677,4.6846768586968635,9.3675726447109
Fujifilm,XF1,835,3200,3165.0,12.954449118351,5.080176124843529,9.835640416379
Fujifilm,XF1,835,3200,3165.0,13.962972247024,5.475675390989804,10.262964410402
Fujifilm,XF1,835,3200,3165.0,14.971495375698,5.8711746571364705,10.655738401251
Fujifilm,XF1,835,3200,3165.0,15.980018504371,6.266673923282745,11.018877257797
Fujifilm,XF1,835,3200,3165.0,16.988541633045,6.662173189429412,11.356341533347
Fujifilm,XF1,835,3200,3165.0,17.997064761718,7.057672455575687,11.671366083059
Fujifilm,XF1,835,3200,3165.0,19.005587890392,7.453171721722353,11.966624679062
Fujifilm,XF1,835,3200,3165.0,20.014111019065,7.848670987868626,12.244350865157
Fujifilm,XF1,835,3200,3165.0,21.022634147739,8.244170254015295,12.50642822562
Fujifilm,XF1,835,3200,3165.0,22.031157276413,8.639669520161961,12.754458854272
Fujifilm,XF1,835,3200,3165.0,23.039680405086,9.035168786308235,12.98981601188
Fujifilm,XF1,835,3200,3165.0,24.04820353376,9.430668052454902,13.213685133023
Fujifilm,XF1,835,3200,3165.0,25.056726662433,9.826167318601177,13.427096125186
Fujifilm,XF1,835,3200,3165.0,26.065249791107,10.221666584747844,13.630949074506
Fujifilm,XF1,835,3200,3165.0,27.07377291978,10.617165850894118,13.826034899634
Fujifilm,XF1,835,3200,3165.0,28.082296048454,11.012665117040784,14.0130520924
Fujifilm,XF1,835,3200,3165.0,29.090819177127,11.408164383187058,14.192620396777
Fujifilm,XF1,835,3200,3165.0,30.099342305801,11.803663649333725,14.365292070064
Fujifilm,XF1,835,3200,3165.0,31.107865434474,12.199162915479999,14.531561218294
Fujifilm,XF1,835,3200,3165.0,32.116388563148,12.594662181626667,14.691871585463
Fujifilm,XF1,835,3200,3165.0,33.124911691821,12.990161447772941,14.846623092067
Fujifilm,XF1,835,3200,3165.0,34.133434820495,13.385660713919606,14.996177354903
Fujifilm,XF1,835,3200,3165.0,35.141957949168,13.781159980065883,15.140862371654
Fujifilm,XF1,835,3200,3165.0,36.150481077842,14.17665924621255,15.280976516492
Fujifilm,XF1,835,3200,3165.0,37.159004206516,14.572158512359215,15.416791964089
Fujifilm,XF1,835,3200,3165.0,38.167527335189,14.967657778505492,15.548557636805
Fujifilm,XF1,835,3200,3165.0,39.176050463863,15.363157044652157,15.6765017521
Fujifilm,XF1,835,3200,3165.0,40.184573592536,15.75865631079843,15.800834033131
Fujifilm,XF1,835,3200,3165.0,41.19309672121,16.154155576945097,15.921747634281
Fujifilm,XF1,835,3200,3165.0,42.201619849883,16.549654843091375,16.039420824347
Fujifilm,XF1,835,3200,3165.0,43.210142978557,16.94515410923804,16.154018462898
Fujifilm,XF1,835,3200,3165.0,44.21866610723,17.340653375384314,16.265693299376
Fujifilm,XF1,835,3200,3165.0,45.227189235904,17.736152641530982,16.374587119737
Fujifilm,XF1,835,3200,3165.0,46.235712364577,18.131651907677256,16.48083176149
Fujifilm,XF1,835,3200,3165.0,47.244235493251,18.52715117382392,16.584550014761
Fujifilm,XF1,835,3200,3165.0,48.252758621924,18.922650439970194,16.685856424296
Fujifilm,XF1,835,3200,3165.0,49.261281750598,19.318149706116863,16.784858005137
Fujifilm,XF1,835,3200,3165.0,50.269804879272,19.71364897226353,16.881654882822
Fujifilm,XF1,835,3200,3165.0,51.278328007945,20.109148238409805,16.976340867411
Fujifilm,XF1,835,3200,3165.0,52.286851136619,20.50464750455647,17.069003969334
Fujifilm,XF1,835,3200,3165.0,53.295374265292,20.900146770702744,17.159726863969
Fujifilm,XF1,835,3200,3165.0,54.303897393966,21.295646036849412,17.248587310899
Fujifilm,XF1,835,3200,3165.0,55.312420522639,21.691145302995686,17.335658533047
Fujifilm,XF1,835,3200,3165.0,56.320943651313,22.08664456914235,17.421009560161
Fujifilm,XF1,835,3200,3165.0,57.329466779986,22.482143835288625,17.5047055406
Fujifilm,XF1,835,3200,3165.0,58.33798990866,22.877643101435293,17.58680802484
Fujifilm,XF1,835,3200,3165.0,59.346513037333,23.273142367581567,17.667375223706
Fujifilm,XF1,835,3200,3165.0,60.355036166007,23.668641633728235,17.746462243985
Fujifilm,XF1,835,3200,3165.0,61.36355929468,24.064140899874513,17.82412130373
Fujifilm,XF1,835,3200,3165.0,62.372082423354,24.459640166021178,17.900401929326
Fujifilm,XF1,835,3200,3165.0,63.380605552028,24.855139432167846,17.975351136122
Fujifilm,XF1,835,3200,3165.0,64.389128680701,25.25063869831412,18.049013594243
Fujifilm,XF1,835,3200,3165.0,65.397651809375,25.646137964460785,18.121431781011
Fujifilm,XF1,835,3200,3165.0,66.406174938048,26.041637230607055,18.192646121245
Fujifilm,XF1,835,3200,3165.0,67.414698066722,26.437136496753723,18.262695116574
Fujifilm,XF1,835,3200,3165.0,68.423221195395,26.832635762899997,18.331615464783
Fujifilm,XF1,835,3200,3165.0,69.431744324069,27.22813502904667,18.399442170078
Fujifilm,XF1,835,3200,3165.0,70.440267452742,27.623634295192943,18.466208645101
Fujifilm,XF1,835,3200,3165.0,71.448790581416,28.01913356133961,18.531946805413
Fujifilm,XF1,835,3200,3165.0,72.457313710089,28.41463282748588,18.596687157105
Fujifilm,XF1,835,3200,3165.0,73.465836838763,28.810132093632546,18.660458878118
Fujifilm,XF1,835,3200,3165.0,74.474359967437,29.205631359779215,18.723289893809
Fujifilm,XF1,835,3200,3165.0,75.48288309611,29.601130625925492,18.78520694725
Fujifilm,XF1,835,3200,3165.0,76.491406224784,29.996629892072157,18.846235664675
Fujifilm,XF1,835,3200,3165.0,77.499929353457,30.392129158218435,18.90640061649
Fujifilm,XF1,835,3200,3165.0,78.508452482131,30.7876284243651,18.965725374185
Fujifilm,XF1,835,3200,3165.0,79.516975610804,31.18312769051137,19.024232563481
Fujifilm,XF1,835,3200,3165.0,80.525498739478,31.57862695665804,19.081943914006
Fujifilm,XF1,835,3200,3165.0,81.534021868151,31.974126222804315,19.138880305762
Fujifilm,XF1,835,3200,3165.0,82.542544996825,32.36962548895098,19.195061812631
Fujifilm,XF1,835,3200,3165.0,83.551068125498,32.76512475509726,19.250507743148
Fujifilm,XF1,835,3200,3165.0,84.559591254172,33.160624021243926,19.305236678733
Fujifilm,XF1,835,3200,3165.0,85.568114382846,33.55612328739059,19.359266509576
Fujifilm,XF1,835,3200,3165.0,86.576637511519,33.95162255353686,19.412614468348
Fujifilm,XF1,835,3200,3165.0,87.585160640193,34.34712181968353,19.465297161881
Fujifilm,XF1,835,3200,3165.0,88.593683768866,34.7426210858298,19.517330600982
Fujifilm,XF1,835,3200,3165.0,89.60220689754,35.13812035197647,19.568730228487
Fujifilm,XF1,835,3200,3165.0,90.610730026213,35.53361961812275,19.619510945696
Fujifilm,XF1,835,3200,3165.0,91.619253154887,35.929118884269414,19.669687137296
Fujifilm,XF1,835,3200,3165.0,92.62777628356,36.32461815041568,19.719272694865
Fujifilm,XF1,835,3200,3165.0,93.636299412234,36.72011741656235,19.768281039065
Fujifilm,XF1,835,3200,3165.0,94.644822540907,37.11561668270863,19.816725140599
Fujifilm,XF1,835,3200,3165.0,95.653345669581,37.51111594885529,19.864617540025
Fujifilm,XF1,835,3200,3165.0,96.661868798255,37.90661521500196,19.911970366492
Fujifilm,XF1,835,3200,3165.0,97.670391926928,38.30211448114824,19.958795355469
Fujifilm,XF1,835,3200,3165.0,98.678915055602,38.6976137472949,20.005103865536
Fujifilm,XF1,835,3200,3165.0,99.687438184275,39.09311301344117,20.050906894289
Fujifilm,XF1,835,3200,3165.0,100.69596131295,39.48861227958824,20.096215093417
Fujifilm,XF1,835,3200,3165.0,101.70448444162,39.88411154573333,20.141038783009
Fujifilm,XF1,835,3200,3165.0,102.7130075703,40.27961081188235,20.185387965121
Fujifilm,XF1,835,3200,3165.0,103.72153069897,40.67511007802745,20.229272336668
Fujifilm,XF1,835,3200,3165.0,104.73005382764,41.07060934417255,20.272701301663
Fujifilm,XF1,835,3200,3165.0,105.73857695632,41.46610861032157,20.315683982859
Fujifilm,XF1,835,3200,3165.0,106.74710008499,41.861607876466664,20.358229232813
Fujifilm,XF1,835,3200,3165.0,107.75562321366,42.257107142611765,20.400345644413
Fujifilm,XF1,835,3200,3165.0,108.76414634234,42.65260640876078,20.442041560906
Fujifilm,XF1,835,3200,3165.0,109.77266947101,43.048105674905884,20.483325085442
Fujifilm,XF1,835,3200,3165.0,110.78119259968,43.44360494105098,20.524204090163
Fujifilm,XF1,835,3200,3165.0,111.78971572836,43.839104207199995,20.564686224882
Fujifilm,XF1,835,3200,3165.0,112.79823885703,44.234603473345096,20.604778925342
Fujifilm,XF1,835,3200,3165.0,113.8067619857,44.6301027394902,20.64448942111
Fujifilm,XF1,835,3200,3165.0,114.81528511438,45.025602005639215,20.683824743101
Fujifilm,XF1,835,3200,3165.0,115.82380824305,45.421101271784316,20.722791730771
Fujifilm,XF1,835,3200,3165.0,116.83233137173,45.81660053793334,20.761397038984
Fujifilm,XF1,835,3200,3165.0,117.8408545004,46.212099804078434,20.799647144574
Fujifilm,XF1,835,3200,3165.0,118.84937762907,46.60759907022353,20.837548352622
Fujifilm,XF1,835,3200,3165.0,119.85790075775,47.00309833637255,20.875106802457
Fujifilm,XF1,835,3200,3165.0,120.86642388642,47.39859760251765,20.912328473396
Fujifilm,XF1,835,3200,3165.0,121.87494701509,47.79409686866274,20.949219190247
Fujifilm,XF1,835,3200,3165.0,122.88347014377,48.189596134811765,20.985784628563
Fujifilm,XF1,835,3200,3165.0,123.89199327244,48.58509540095686,21.022030319694
Fujifilm,XF1,835,3200,3165.0,124.90051640111,48.98059466710196,21.05796165561
Fujifilm,XF1,835,3200,3165.0,125.90903952979,49.37609393325098,21.093583893533
Fujifilm,XF1,835,3200,3165.0,126.91756265846,49.77159319939608,21.128902160381
Fujifilm,XF1,835,3200,3165.0,127.92608578713,50.167092465541174,21.163921457026
Fujifilm,XF1,835,3200,3165.0,128.93460891581,50.5625917316902,21.19864666238
Fujifilm,XF1,835,3200,3165.0,129.94313204448,50.95809099783529,21.233082537318
Fujifilm,XF1,835,3200,3165.0,130.95165517316,51.35359026398431,21.267233728449
Fujifilm,XF1,835,3200,3165.0,131.96017830183,51.749089530129424,21.301104771731
Fujifilm,XF1,835,3200,3165.0,132.9687014305,52.14458879627452,21.334700095946
Fujifilm,XF1,835,3200,3165.0,133.97722455918,52.54008806242353,21.368024026048
Fujifilm,XF1,835,3200,3165.0,134.98574768785,52.93558732856862,21.401080786371
Fujifilm,XF1,835,3200,3165.0,135.99427081652,53.33108659471372,21.433874503716
Fujifilm,XF1,835,3200,3165.0,137.0027939452,53.726585860862755,21.466409210329
Fujifilm,XF1,835,3200,3165.0,138.01131707387,54.12208512700785,21.498688846759
Fujifilm,XF1,835,3200,3165.0,139.01984020254,54.51758439315294,21.530717264608
Fujifilm,XF1,835,3200,3165.0,140.02836333122,54.913083659301954,21.562498229186
Fujifilm,XF1,835,3200,3165.0,141.03688645989,55.308582925447055,21.594035422059
Fujifilm,XF1,835,3200,3165.0,142.04540958856,55.704082191592164,21.625332443512
Fujifilm,XF1,835,3200,3165.0,143.05393271724,56.09958145774117,21.65639281492
Fujifilm,XF1,835,3200,3165.0,144.06245584591,56.49508072388627,21.687219981027
Fujifilm,XF1,835,3200,3165.0,145.07097897458,56.89057999003136,21.717817312151
Fujifilm,XF1,835,3200,3165.0,146.07950210326,57.2860792561804,21.748188106311
Fujifilm,XF1,835,3200,3165.0,147.08802523193,57.681578522325495,21.778335591271
Fujifilm,XF1,835,3200,3165.0,148.09654836061,58.077077788474504,21.80826292652
Fujifilm,XF1,835,3200,3165.0,149.10507148928,58.4725770546196,21.837973205179
Fujifilm,XF1,835,3200,3165.0,150.11359461795,58.86807632076471,21.867469455843
Fujifilm,XF1,835,3200,3165.0,151.12211774663,59.26357558691373,21.89675464436
Fujifilm,XF1,835,3200,3165.0,152.1306408753,59.659074853058826,21.925831675548
Fujifilm,XF1,835,3200,3165.0,153.13916400397,60.05457411920392,21.954703394857
Fujifilm,XF1,835,3200,3165.0,154.14768713265,60.450073385352944,21.983372589968
Fujifilm,XF1,835,3200,3165.0,155.15621026132,60.845572651498046,22.011841992348
Fujifilm,XF1,835,3200,3165.0,156.16473338999,61.24107191764314,22.040114278746
Fujifilm,XF1,835,3200,3165.0,157.17325651867,61.63657118379216,22.068192072642
Fujifilm,XF1,835,3200,3165.0,158.18177964734,62.03207044993725,22.096077945648
Fujifilm,XF1,835,3200,3165.0,159.19030277601,62.427569716082346,22.123774418865
Fujifilm,XF1,835,3200,3165.0,160.19882590469,62.823068982231376,22.151283964194
Fujifilm,XF1,835,3200,3165.0,161.20734903336,63.21856824837647,22.178609005605
Fujifilm,XF1,835,3200,3165.0,162.21587216203,63.614067514521565,22.205751920367
Fujifilm,XF1,835,3200,3165.0,163.22439529071,64.0095667806706,22.232715040236
Fujifilm,XF1,835,3200,3165.0,164.23291841938,64.40506604681569,22.25950065261
Fujifilm,XF1,835,3200,3165.0,165.24144154806,64.80056531296471,22.286111001642
Fujifilm,XF1,835,3200,3165.0,166.24996467673,65.1960645791098,22.312548289323
Fujifilm,XF1,835,3200,3165.0,167.2584878054,65.5915638452549,22.338814676531
Fujifilm,XF1,835,3200,3165.0,168.26701093408,65.98706311140393,22.364912284042
Fujifilm,XF1,835,3200,3165.0,169.27553406275,66.38256237754902,22.39084319352
Fujifilm,XF1,835,3200,3165.0,170.28405719142,66.77806164369412,22.416609448467
Fujifilm,XF1,835,3200,3165.0,171.2925803201,67.17356090984313,22.442213055148
Fujifilm,XF1,835,3200,3165.0,172.30110344877,67.56906017598824,22.467655983495
Fujifilm,XF1,835,3200,3165.0,173.30962657744,67.96455944213335,22.492940167969
Fujifilm,XF1,835,3200,3165.0,174.31814970612,68.36005870828235,22.518067508412
Fujifilm,XF1,835,3200,3165.0,175.32667283479,68.75555797442745,22.543039870862
Fujifilm,XF1,835,3200,3165.0,176.33519596346,69.15105724057254,22.567859088353
Fujifilm,XF1,835,3200,3165.0,177.34371909214,69.54655650672157,22.592526961683
Fujifilm,XF1,835,3200,3165.0,178.35224222081,69.94205577286667,22.617045260169
Fujifilm,XF1,835,3200,3165.0,179.36076534949,70.33755503901568,22.641415722371
Fujifilm,XF1,835,3200,3165.0,180.36928847816,70.73305430516078,22.665640056803
Fujifilm,XF1,835,3200,3165.0,181.37781160683,71.12855357130587,22.689719942617
Fujifilm,XF1,835,3200,3165.0,182.38633473551,71.5240528374549,22.713657030276
Fujifilm,XF1,835,3200,3165.0,183.39485786418,71.9195521036,22.737452942196
Fujifilm,XF1,835,3200,3165.0,184.40338099285,72.31505136974509,22.761109273384
Fujifilm,XF1,835,3200,3165.0,185.41190412153,72.71055063589412,22.784627592044
Fujifilm,XF1,835,3200,3165.0,186.4204272502,73.10604990203922,22.80800944018
Fujifilm,XF1,835,3200,3165.0,187.42895037887,73.50154916818433,22.831256334169
Fujifilm,XF1,835,3200,3165.0,188.43747350755,73.89704843433333,22.854369765333
Fujifilm,XF1,835,3200,3165.0,189.44599663622,74.29254770047842,22.877351200477
Fujifilm,XF1,835,3200,3165.0,190.45451976489,74.68804696662352,22.900202082431
Fujifilm,XF1,835,3200,3165.0,191.46304289357,75.08354623277255,22.922923830566
Fujifilm,XF1,835,3200,3165.0,192.47156602224,75.47904549891766,22.945517841298
Fujifilm,XF1,835,3200,3165.0,193.48008915091,75.87454476506275,22.967985488581
Fujifilm,XF1,835,3200,3165.0,194.48861227959,76.27004403121177,22.990328124385
Fujifilm,XF1,835,3200,3165.0,195.49713540826,76.66554329735686,23.012547079162
Fujifilm,XF1,835,3200,3165.0,196.50565853694,77.06104256350588,23.0346436623
Fujifilm,XF1,835,3200,3165.0,197.51418166561,77.45654182965099,23.056619162563
Fujifilm,XF1,835,3200,3165.0,198.52270479428,77.85204109579608,23.078474848524
Fujifilm,XF1,835,3200,3165.0,199.53122792296,78.2475403619451,23.100211968982
Fujifilm,XF1,835,3200,3165.0,200.53975105163,78.6430396280902,23.121831753369
Fujifilm,XF1,835,3200,3165.0,201.5482741803,79.0385388942353,23.143335412153
Fujifilm,XF1,835,3200,3165.0,202.55679730898,79.43403816038432,23.16472413722
Fujifilm,XF1,835,3200,3165.0,203.56532043765,79.82953742652941,23.185999102253
Fujifilm,XF1,835,3200,3165.0,204.57384356632,80.22503669267451,23.207161463104
Fujifilm,XF1,835,3200,3165.0,205.582366695,80.62053595882352,23.228212358149
Fujifilm,XF1,835,3200,3165.0,206.59088982367,81.01603522496863,23.249152908639
Fujifilm,XF1,835,3200,3165.0,207.59941295234,81.41153449111373,23.269984219042
Fujifilm,XF1,835,3200,3165.0,208.60793608102,81.80703375726274,23.290707377374
Fujifilm,XF1,835,3200,3165.0,209.61645920969,82.20253302340784,23.311323455529
Fujifilm,XF1,835,3200,3165.0,210.62498233837,82.59803228955685,23.331833509587
Fujifilm,XF1,835,3200,3165.0,211.63350546704,82.99353155570196,23.352238580132
Fujifilm,XF1,835,3200,3165.0,212.64202859571,83.38903082184706,23.372539692547
Fujifilm,XF1,835,3200,3165.0,213.65055172439,83.78453008799607,23.39273785731
Fujifilm,XF1,835,3200,3165.0,214.65907485306,84.18002935414117,23.412834070283
Fujifilm,XF1,835,3200,3165.0,215.66759798173,84.57552862028628,23.432829312992
Fujifilm,XF1,835,3200,3165.0,216.67612111041,84.97102788643531,23.452724552895
Fujifilm,XF1,835,3200,3165.0,217.68464423908,85.3665271525804,23.472520743658
Fujifilm,XF1,835,3200,3165.0,218.69316736775,85.76202641872548,23.492218825409
Fujifilm,XF1,835,3200,3165.0,219.70169049643,86.1575256848745,23.511819724995
Fujifilm,XF1,835,3200,3165.0,220.7102136251,86.55302495101961,23.531324356231
Fujifilm,XF1,835,3200,3165.0,221.71873675377,86.9485242171647,23.550733620143
Fujifilm,XF1,835,3200,3165.0,222.72725988245,87.34402348331372,23.570048405202
Fujifilm,XF1,835,3200,3165.0,223.73578301112,87.73952274945881,23.589269587563
Fujifilm,XF1,835,3200,3165.0,224.74430613979,88.13502201560392,23.608398031282
Fujifilm,XF1,835,3200,3165.0,225.75282926847,88.53052128175295,23.627434588547
Fujifilm,XF1,835,3200,3165.0,226.76135239714,88.92602054789805,23.646380099886
Fujifilm,XF1,835,3200,3165.0,227.76987552582,89.32151981404705,23.665235394384
Fujifilm,XF1,835,3200,3165.0,228.77839865449,89.71701908019214,23.684001289888
Fujifilm,XF1,835,3200,3165.0,229.78692178316,90.11251834633725,23.702678593205
Fujifilm,XF1,835,3200,3165.0,230.79544491184,90.50801761248628,23.721268100308
Fujifilm,XF1,835,3200,3165.0,231.80396804051,90.90351687863138,23.739770596521
Fujifilm,XF1,835,3200,3165.0,232.81249116918,91.29901614477647,23.758186856711
Fujifilm,XF1,835,3200,3165.0,233.82101429786,91.69451541092548,23.776517645473
Fujifilm,XF1,835,3200,3165.0,234.82953742653,92.0900146770706,23.794763717311
Fujifilm,XF1,835,3200,3165.0,235.8380605552,92.4855139432157,23.812925816812
Fujifilm,XF1,835,3200,3165.0,236.84658368388,92.88101320936471,23.831004678822
Fujifilm,XF1,835,3200,3165.0,237.85510681255,93.2765124755098,23.849001028613
Fujifilm,XF1,835,3200,3165.0,238.86362994122,93.6720117416549,23.866915582048
Fujifilm,XF1,835,3200,3165.0,239.8721530699,94.06751100780393,23.884749045746
Fujifilm,XF1,835,3200,3165.0,240.88067619857,94.46301027394902,23.902502117235
Fujifilm,XF1,835,3200,3165.0,241.88919932724,94.85850954009412,23.920175485114
Fujifilm,XF1,835,3200,3165.0,242.89772245592,95.25400880624314,23.937769829198
Fujifilm,XF1,835,3200,3165.0,243.90624558459,95.64950807238823,23.95528582067
Fujifilm,XF1,835,3200,3165.0,244.91476871327,96.04500733853726,23.972724122226
Fujifilm,XF1,835,3200,3165.0,245.92329184194,96.44050660468235,23.990085388218
Fujifilm,XF1,835,3200,3165.0,246.93181497061,96.83600587082745,24.007370264792
Fujifilm,XF1,835,3200,3165.0,247.94033809929,97.23150513697647,24.024579390024
Fujifilm,XF1,835,3200,3165.0,248.94886122796,97.62700440312157,24.041713394057
Fujifilm,XF1,835,3200,3165.0,249.95738435663,98.02250366926667,24.058772899226
Fujifilm,XF1,835,3200,3165.0,250.96590748531,98.41800293541569,24.075758520193
Fujifilm,XF1,835,3200,3165.0,251.97443061398,98.81350220156078,24.092670864068
Fujifilm,XF1,835,3200,3165.0,252.98295374265,99.20900146770589,24.109510530534
Fujifilm,XF1,835,3200,3165.0,253.99147687133,99.6045007338549,24.126278111966
Fujifilm,XF1,835,3200,3165.0,255,100.0,24.142974193552
