brand,model,sensor_id,iso_manufacturer,iso_measured,gray_level_255,gray_pct,snr_db
Nikon,D3X,485,100,78.0,0.035951954612156,0.014098805730257256,0
Nikon,D3X,485,100,78.0,0.04,0.01568627450980392,1.1394005512759
Nikon,D3X,485,100,78.0,0.057894590020471,0.022703760792341567,2.8944549658286
Nikon,D3X,485,100,78.0,0.06,0.023529411764705882,4.3023416216089
Nikon,D3X,485,100,78.0,0.07,0.02745098039215687,5.4723705668575
Nikon,D3X,485,100,78.0,0.08,0.03137254901960784,6.4696226264286
Nikon,D3X,485,100,78.0,0.09,0.03529411764705882,7.3359500823161
Nikon,D3X,485,100,78.0,0.19478482406872,0.0763862055171451,8.0998323619822
Nikon,D3X,485,100,78.0,0.2,0.07843137254901962,12.841749886414
Nikon,D3X,485,100,78.0,0.3,0.1176470588235294,15.376770498033
Nikon,D3X,485,100,78.0,0.40240616380805,0.15780633874825492,17.071785446458
Nikon,D3X,485,100,78.0,0.5,0.19607843137254902,18.331846401243
Nikon,D3X,485,100,78.0,0.71769352379351,0.28144844070333724,20.1510604765
Nikon,D3X,485,100,78.0,1.5767471383811,0.6183322111298432,21.988638527043
Nikon,D3X,485,100,78.0,2,0.7843137254901961,25.358537332204
Nikon,D3X,485,100,78.0,3,1.1764705882352942,27.242841850186
Nikon,D3X,485,100,78.0,4,1.5686274509803921,28.552672194263
Nikon,D3X,485,100,78.0,5,1.9607843137254901,29.556355144073
Nikon,D3X,485,100,78.0,6,2.3529411764705883,30.369625769579
Nikon,D3X,485,100,78.0,7,2.7450980392156863,31.052980484829
Nikon,D3X,485,100,78.0,8,3.1372549019607843,31.642024131395
Nikon,D3X,485,100,78.0,9,3.5294117647058822,32.159484157844
Nikon,D3X,485,100,78.0,10,3.9215686274509802,32.620754314411
Nikon,D3X,485,100,78.0,11,4.313725490196078,33.036744231624
Nikon,D3X,485,100,78.0,12,4.705882352941177,33.415467208735
Nikon,D3X,485,100,78.0,13,5.098039215686274,33.762982256423
Nikon,D3X,485,100,78.0,14,5.490196078431373,34.083981883219
Nikon,D3X,485,100,78.0,15,5.88235294117647,34.382174326308
Nikon,D3X,485,100,78.0,20,7.8431372549019605,35.618604372258
Nikon,D3X,485,100,78.0,25,9.803921568627452,36.569427425691
Nikon,D3X,485,100,78.0,30,11.76470588235294,37.340373923057
Nikon,D3X,485,100,78.0,35,13.725490196078432,37.987560491177
Nikon,D3X,485,100,78.0,42,16.470588235294116,38.746866062442
Nikon,D3X,485,100,78.0,43,16.862745098039216,38.844333873762
Nikon,D3X,485,100,78.0,44,17.254901960784313,38.939437550524
Nikon,D3X,485,100,78.0,45,17.647058823529413,39.032284073125
Nikon,D3X,485,100,78.0,46,18.03921568627451,39.122973337289
Nikon,D3X,485,100,78.0,47,18.43137254901961,39.211598766059
Nikon,D3X,485,100,78.0,48,18.823529411764707,39.298247857094
Nikon,D3X,485,100,78.0,49,19.215686274509807,39.383002673325
Nikon,D3X,485,100,78.0,50,19.607843137254903,39.465940283854
Nikon,D3X,485,100,78.0,51,20.0,39.547133161028
Nikon,D3X,485,100,78.0,52,20.392156862745097,39.626649538817
Nikon,D3X,485,100,78.0,53,20.784313725490197,39.704553736939
Nikon,D3X,485,100,78.0,54,21.176470588235293,39.780906454579
Nikon,D3X,485,100,78.0,55,21.568627450980394,39.855765037062
Nikon,D3X,485,100,78.0,56,21.96078431372549,39.929183718426
Nikon,D3X,485,100,78.0,57,22.35294117647059,40.001213842447
Nikon,D3X,485,100,78.0,58,22.745098039215687,40.071904064382
Nikon,D3X,485,100,78.0,59,23.137254901960784,40.141300535415
Nikon,D3X,485,100,78.0,60,23.52941176470588,40.209447071544
Nikon,D3X,485,100,78.0,61,23.92156862745098,40.276385308476
Nikon,D3X,485,100,78.0,62,24.313725490196077,40.342154843883
Nikon,D3X,485,100,78.0,63,24.705882352941178,40.406793368243
Nikon,D3X,485,100,78.0,64,25.098039215686274,40.470336785347
Nikon,D3X,485,100,78.0,65,25.49019607843137,40.532819323439
Nikon,D3X,485,100,78.0,66,25.882352941176475,40.594273637843
Nikon,D3X,485,100,78.0,67,26.27450980392157,40.654730905855
Nikon,D3X,485,100,78.0,68,26.666666666666668,40.71422091458
Nikon,D3X,485,100,78.0,69,27.058823529411764,40.772772142348
Nikon,D3X,485,100,78.0,70,27.450980392156865,40.830411834247
Nikon,D3X,485,100,78.0,71,27.84313725490196,40.88716607229
Nikon,D3X,485,100,78.0,72,28.235294117647058,40.943059840664
Nikon,D3X,485,100,78.0,73,28.627450980392155,40.99811708646
Nikon,D3X,485,100,78.0,74,29.01960784313726,41.052360776264
Nikon,D3X,485,100,78.0,75,29.411764705882355,41.105812948944
Nikon,D3X,485,100,78.0,76,29.80392156862745,41.158494764928
Nikon,D3X,485,100,78.0,77,30.19607843137255,41.21042655225
Nikon,D3X,485,100,78.0,78,30.58823529411765,41.261627849626
Nikon,D3X,485,100,78.0,79,30.980392156862745,41.312117446775
Nikon,D3X,485,100,78.0,80,31.372549019607842,41.361913422195
Nikon,D3X,485,100,78.0,81,31.76470588235294,41.411033178593
Nikon,D3X,485,100,78.0,82,32.15686274509804,41.459493476132
Nikon,D3X,485,100,78.0,83,32.549019607843135,41.507310463661
Nikon,D3X,485,100,78.0,84,32.94117647058823,41.554499708065
Nikon,D3X,485,100,78.0,85,33.33333333333333,41.601076221887
Nikon,D3X,485,100,78.0,86,33.72549019607843,41.647054489312
Nikon,D3X,485,100,78.0,87,34.11764705882353,41.692448490666
Nikon,D3X,485,100,78.0,88,34.509803921568626,41.737271725494
Nikon,D3X,485,100,78.0,89,34.90196078431372,41.781537234346
Nikon,D3X,485,100,78.0,90,35.294117647058826,41.825257619333
Nikon,D3X,485,100,78.0,91,35.68627450980392,41.868445063549
Nikon,D3X,485,100,78.0,92,36.07843137254902,41.91111134943
Nikon,D3X,485,100,78.0,93,36.470588235294116,41.953267876118
Nikon,D3X,485,100,78.0,94,36.86274509803922,41.994925675892
Nikon,D3X,485,100,78.0,95,37.254901960784316,42.036095429732
Nikon,D3X,485,100,78.0,96,37.64705882352941,42.076787482064
Nikon,D3X,485,100,78.0,97,38.03921568627451,42.117011854738
Nikon,D3X,485,100,78.0,98,38.43137254901961,42.156778260294
Nikon,D3X,485,100,78.0,99,38.82352941176471,42.196096114544
Nikon,D3X,485,100,78.0,100,39.21568627450981,42.234974548528
Nikon,D3X,485,100,78.0,101,39.6078431372549,42.273422419871
Nikon,D3X,485,100,78.0,102,40.0,42.31144832358
Nikon,D3X,485,100,78.0,103,40.3921568627451,42.349060602314
Nikon,D3X,485,100,78.0,104,40.78431372549019,42.386267356153
Nikon,D3X,485,100,78.0,105,41.17647058823529,42.423076451906
Nikon,D3X,485,100,78.0,106,41.568627450980394,42.459495531972
Nikon,D3X,485,100,78.0,107,41.96078431372549,42.49553202278
Nikon,D3X,485,100,78.0,108,42.35294117647059,42.531193142851
Nikon,D3X,485,100,78.0,109,42.745098039215684,42.566485910466
Nikon,D3X,485,100,78.0,110,43.13725490196079,42.601417151005
Nikon,D3X,485,100,78.0,111,43.529411764705884,42.635993503936
Nikon,D3X,485,100,78.0,112,43.92156862745098,42.670221429502
Nikon,D3X,485,100,78.0,113,44.31372549019608,42.704107215104
Nikon,D3X,485,100,78.0,114,44.70588235294118,42.737656981401
Nikon,D3X,485,100,78.0,115,45.09803921568628,42.770876688151
Nikon,D3X,485,100,78.0,116,45.490196078431374,42.803772139792
Nikon,D3X,485,100,78.0,117,45.88235294117647,42.836348990782
Nikon,D3X,485,100,78.0,118,46.27450980392157,42.86861275072
Nikon,D3X,485,100,78.0,119,46.666666666666664,42.900568789238
Nikon,D3X,485,100,78.0,120,47.05882352941176,42.9322223407
Nikon,D3X,485,100,78.0,121,47.45098039215686,42.963578508699
Nikon,D3X,485,100,78.0,122,47.84313725490196,42.994642270368
Nikon,D3X,485,100,78.0,123,48.23529411764706,43.02541848052
Nikon,D3X,485,100,78.0,124,48.627450980392155,43.055911875616
Nikon,D3X,485,100,78.0,125,49.01960784313725,43.086127077574
Nikon,D3X,485,100,78.0,126,49.411764705882355,43.116068597425
Nikon,D3X,485,100,78.0,127,49.80392156862745,43.145740838829
Nikon,D3X,485,100,78.0,128,50.19607843137255,43.175148101446
Nikon,D3X,485,100,78.0,129,50.588235294117645,43.204294584182
Nikon,D3X,485,100,78.0,130,50.98039215686274,43.233184388305
Nikon,D3X,485,100,78.0,131,51.37254901960784,43.261821520445
Nikon,D3X,485,100,78.0,132,51.76470588235295,43.290209895475
Nikon,D3X,485,100,78.0,133,52.156862745098046,43.318353339288
Nikon,D3X,485,100,78.0,134,52.54901960784314,43.346255591467
Nikon,D3X,485,100,78.0,135,52.94117647058824,43.373920307858
Nikon,D3X,485,100,78.0,136,53.333333333333336,43.401351063044
Nikon,D3X,485,100,78.0,137,53.72549019607843,43.428551352732
Nikon,D3X,485,100,78.0,138,54.11764705882353,43.455524596051
Nikon,D3X,485,100,78.0,139,54.509803921568626,43.48227413777
Nikon,D3X,485,100,78.0,140,54.90196078431373,43.508803250428
Nikon,D3X,485,100,78.0,141,55.294117647058826,43.535115136402
Nikon,D3X,485,100,78.0,142,55.68627450980392,43.561212929888
Nikon,D3X,485,100,78.0,143,56.07843137254902,43.58709969882
Nikon,D3X,485,100,78.0,144,56.470588235294116,43.612778446719
Nikon,D3X,485,100,78.0,145,56.86274509803921,43.638252114484
Nikon,D3X,485,100,78.0,146,57.25490196078431,43.663523582112
Nikon,D3X,485,100,78.0,147,57.647058823529406,43.688595670363
Nikon,D3X,485,100,78.0,148,58.03921568627452,43.713471142373
Nikon,D3X,485,100,78.0,149,58.43137254901961,43.738152705208
Nikon,D3X,485,100,78.0,150,58.82352941176471,43.762643011366
Nikon,D3X,485,100,78.0,151,59.21568627450981,43.786944660228
Nikon,D3X,485,100,78.0,152,59.6078431372549,43.811060199468
Nikon,D3X,485,100,78.0,153,60.0,43.834992126407
Nikon,D3X,485,100,78.0,154,60.3921568627451,43.858742889329
Nikon,D3X,485,100,78.0,155,60.78431372549019,43.882314888754
Nikon,D3X,485,100,78.0,156,61.1764705882353,43.905710478668
Nikon,D3X,485,100,78.0,157,61.568627450980394,43.928931967713
Nikon,D3X,485,100,78.0,158,61.96078431372549,43.951981620344
Nikon,D3X,485,100,78.0,159,62.35294117647059,43.974861657942
Nikon,D3X,485,100,78.0,160,62.745098039215684,43.997574259902
Nikon,D3X,485,100,78.0,161,63.13725490196078,44.020121564675
Nikon,D3X,485,100,78.0,162,63.52941176470588,44.042505670786
Nikon,D3X,485,100,78.0,163,63.921568627450974,44.064728637823
Nikon,D3X,485,100,78.0,164,64.31372549019608,44.086792487385
Nikon,D3X,485,100,78.0,165,64.70588235294117,44.108699204009
Nikon,D3X,485,100,78.0,166,65.09803921568627,44.130450736071
Nikon,D3X,485,100,78.0,167,65.49019607843137,44.152048996654
Nikon,D3X,485,100,78.0,168,65.88235294117646,44.173495864391
Nikon,D3X,485,100,78.0,169,66.27450980392156,44.194793184285
Nikon,D3X,485,100,78.0,170,66.66666666666666,44.215942768507
Nikon,D3X,485,100,78.0,171,67.05882352941175,44.236946397163
Nikon,D3X,485,100,78.0,172,67.45098039215686,44.257805819048
Nikon,D3X,485,100,78.0,173,67.84313725490196,44.27852275237
Nikon,D3X,485,100,78.0,174,68.23529411764706,44.299098885457
Nikon,D3X,485,100,78.0,175,68.62745098039215,44.319535877446
Nikon,D3X,485,100,78.0,176,69.01960784313725,44.339835358946
Nikon,D3X,485,100,78.0,177,69.41176470588235,44.359998932688
Nikon,D3X,485,100,78.0,178,69.80392156862744,44.380028174154
Nikon,D3X,485,100,78.0,179,70.19607843137254,44.399924632187
Nikon,D3X,485,100,78.0,180,70.58823529411765,44.419689829589
Nikon,D3X,485,100,78.0,181,70.98039215686275,44.439325263698
Nikon,D3X,485,100,78.0,182,71.37254901960785,44.458832406949
Nikon,D3X,485,100,78.0,183,71.76470588235294,44.478212707422
Nikon,D3X,485,100,78.0,184,72.15686274509804,44.497467589374
Nikon,D3X,485,100,78.0,185,72.54901960784314,44.516598453757
Nikon,D3X,485,100,78.0,186,72.94117647058823,44.535606678719
Nikon,D3X,485,100,78.0,187,73.33333333333333,44.554493620099
Nikon,D3X,485,100,78.0,188,73.72549019607844,44.573260611898
Nikon,D3X,485,100,78.0,189,74.11764705882354,44.591908966747
Nikon,D3X,485,100,78.0,190,74.50980392156863,44.61043997636
Nikon,D3X,485,100,78.0,191,74.90196078431373,44.628854911971
Nikon,D3X,485,100,78.0,192,75.29411764705883,44.647155024764
Nikon,D3X,485,100,78.0,193,75.68627450980392,44.665341546291
Nikon,D3X,485,100,78.0,194,76.07843137254902,44.683415688878
Nikon,D3X,485,100,78.0,195,76.47058823529412,44.701378646022
Nikon,D3X,485,100,78.0,196,76.86274509803923,44.719231592776
Nikon,D3X,485,100,78.0,197,77.25490196078432,44.736975686126
Nikon,D3X,485,100,78.0,198,77.64705882352942,44.754612065358
Nikon,D3X,485,100,78.0,199,78.03921568627452,44.772141852416
Nikon,D3X,485,100,78.0,200,78.43137254901961,44.789566152246
Nikon,D3X,485,100,78.0,201,78.82352941176471,44.806886053144
Nikon,D3X,485,100,78.0,202,79.2156862745098,44.824102627079
Nikon,D3X,485,100,78.0,203,79.6078431372549,44.841216930021
Nikon,D3X,485,100,78.0,204,80.0,44.858230002256
Nikon,D3X,485,100,78.0,205,80.3921568627451,44.875142868692
Nikon,D3X,485,100,78.0,206,80.7843137254902,44.891956539158
Nikon,D3X,485,100,78.0,207,81.17647058823529,44.908672008701
Nikon,D3X,485,100,78.0,208,81.56862745098039,44.925290257868
Nikon,D3X,485,100,78.0,209,81.96078431372548,44.941812252984
Nikon,D3X,485,100,78.0,210,82.35294117647058,44.958238946428
Nikon,D3X,485,100,78.0,211,82.74509803921568,44.974571276896
Nikon,D3X,485,100,78.0,212,83.13725490196079,44.99081016966
Nikon,D3X,485,100,78.0,213,83.52941176470588,45.006956536825
Nikon,D3X,485,100,78.0,214,83.92156862745098,45.02301127757
Nikon,D3X,485,100,78.0,215,84.31372549019608,45.038975278396
Nikon,D3X,485,100,78.0,216,84.70588235294117,45.054849413357
Nikon,D3X,485,100,78.0,217,85.09803921568627,45.070634544294
Nikon,D3X,485,100,78.0,218,85.49019607843137,45.086331521059
Nikon,D3X,485,100,78.0,219,85.88235294117646,45.101941181734
Nikon,D3X,485,100,78.0,220,86.27450980392157,45.117464352847
Nikon,D3X,485,100,78.0,221,86.66666666666667,45.132901849583
Nikon,D3X,485,100,78.0,222,87.05882352941177,45.148254475986
Nikon,D3X,485,100,78.0,223,87.45098039215686,45.163523025165
Nikon,D3X,485,100,78.0,224,87.84313725490196,45.178708279485
Nikon,D3X,485,100,78.0,225,88.23529411764706,45.193811010763
Nikon,D3X,485,100,78.0,226,88.62745098039215,45.208831980453
Nikon,D3X,485,100,78.0,227,89.01960784313725,45.223771939831
Nikon,D3X,485,100,78.0,228,89.41176470588236,45.238631630173
Nikon,D3X,485,100,78.0,229,89.80392156862746,45.253411782933
Nikon,D3X,485,100,78.0,230,90.19607843137256,45.268113119911
Nikon,D3X,485,100,78.0,231,90.58823529411765,45.282736353424
Nikon,D3X,485,100,78.0,232,90.98039215686275,45.297282186469
Nikon,D3X,485,100,78.0,233,91.37254901960785,45.311751312885
Nikon,D3X,485,100,78.0,234,91.76470588235294,45.32614441751
Nikon,D3X,485,100,78.0,235,92.15686274509804,45.340462176331
Nikon,D3X,485,100,78.0,236,92.54901960784314,45.354705256641
Nikon,D3X,485,100,78.0,237,92.94117647058823,45.368874317185
Nikon,D3X,485,100,78.0,238,93.33333333333333,45.382970008299
Nikon,D3X,485,100,78.0,239,93.72549019607843,45.396992972058
Nikon,D3X,485,100,78.0,240,94.11764705882352,45.410943842412
Nikon,D3X,485,100,78.0,241,94.50980392156862,45.42482324532
Nikon,D3X,485,100,78.0,242,94.90196078431372,45.438631798887
Nikon,D3X,485,100,78.0,243,95.29411764705881,45.452370113486
Nikon,D3X,485,100,78.0,244,95.68627450980392,45.466038791896
Nikon,D3X,485,100,78.0,245,96.07843137254902,45.479638429417
Nikon,D3X,485,100,78.0,246,96.47058823529412,45.493169614
Nikon,D3X,485,100,78.0,247,96.86274509803921,45.506632926358
Nikon,D3X,485,100,78.0,248,97.25490196078431,45.520028940093
Nikon,D3X,485,100,78.0,249,97.6470588235294,45.533358221804
Nikon,D3X,485,100,78.0,250,98.0392156862745,45.546621331203
Nikon,D3X,485,100,78.0,251,98.4313725490196,45.559818821221
Nikon,D3X,485,100,78.0,252,98.82352941176471,45.572951238122
Nikon,D3X,485,100,78.0,253,99.2156862745098,45.586019121607
Nikon,D3X,485,100,78.0,254,99.6078431372549,45.599023004914
Nikon,D3X,485,100,78.0,255,100.0,45.611963414926
Nikon,D3X,485,200,170.0,0.058122636675346,0.02279319085307686,0
Nikon,D3X,485,200,170.0,0.06,0.023529411764705882,0.30296763074659
Nikon,D3X,485,200,170.0,0.07,0.02745098039215687,1.5019339398772
Nikon,D3X,485,200,170.0,0.08,0.03137254901960784,2.5261719914297
Nikon,D3X,485,200,170.0,0.09,0.03529411764705882,3.4177256243723
Nikon,D3X,485,200,170.0,0.19478482406872,0.0763862055171451,4.2052414895533
Nikon,D3X,485,200,170.0,0.2,0.07843137254901962,9.1211716582878
Nikon,D3X,485,200,170.0,0.3,0.1176470588235294,11.762980185959
Nikon,D3X,485,200,170.0,0.40240616380805,0.15780633874825492,13.530261789871
Nikon,D3X,485,200,170.0,0.5,0.19607843137254902,14.842510456084
Nikon,D3X,485,200,170.0,0.71769352379351,0.28144844070333724,16.732127502005
Nikon,D3X,485,200,170.0,1.5767471383811,0.6183322111298432,18.632228729418
Nikon,D3X,485,200,170.0,2,0.7843137254901961,22.089678980101
Nikon,D3X,485,200,170.0,3,1.1764705882352942,24.008482094034
Nikon,D3X,485,200,170.0,4,1.5686274509803921,25.33748487495
Nikon,D3X,485,200,170.0,5,1.9607843137254901,26.353822230481
Nikon,D3X,485,200,170.0,6,2.3529411764705883,27.17637159969
Nikon,D3X,485,200,170.0,7,2.7450980392156863,27.867030501616
Nikon,D3X,485,200,170.0,8,3.1372549019607843,28.462122970732
Nikon,D3X,485,200,170.0,9,3.5294117647058822,28.984783593775
Nikon,D3X,485,200,170.0,10,3.9215686274509802,29.450653893756
Nikon,D3X,485,200,170.0,11,4.313725490196078,29.870802935627
Nikon,D3X,485,200,170.0,12,4.705882352941177,30.253351263654
Nikon,D3X,485,200,170.0,13,5.098039215686274,30.604432684892
Nikon,D3X,485,200,170.0,14,5.490196078431373,30.92879346615
Nikon,D3X,485,200,170.0,15,5.88235294117647,31.230181476711
Nikon,D3X,485,200,170.0,20,7.8431372549019605,32.480944005439
Nikon,D3X,485,200,170.0,25,9.803921568627452,33.444508856358
Nikon,D3X,485,200,170.0,30,11.76470588235294,34.227346153273
Nikon,D3X,485,200,170.0,35,13.725490196078432,34.885893003538
Nikon,D3X,485,200,170.0,42,16.470588235294116,35.66050536445
Nikon,D3X,485,200,170.0,43,16.862745098039216,35.760115506815
Nikon,D3X,485,200,170.0,44,17.254901960784313,35.857351922668
Nikon,D3X,485,200,170.0,45,17.647058823529413,35.952321983301
Nikon,D3X,485,200,170.0,46,18.03921568627451,36.045125942448
Nikon,D3X,485,200,170.0,47,18.43137254901961,36.13585755174
Nikon,D3X,485,200,170.0,48,18.823529411764707,36.224604611061
Nikon,D3X,485,200,170.0,49,19.215686274509807,36.311449461873
Nikon,D3X,485,200,170.0,50,19.607843137254903,36.396469430464
Nikon,D3X,485,200,170.0,51,20.0,36.479737227113
Nikon,D3X,485,200,170.0,52,20.392156862745097,36.561321306298
Nikon,D3X,485,200,170.0,53,20.784313725490197,36.641286192461
Nikon,D3X,485,200,170.0,54,21.176470588235293,36.719692775171
Nikon,D3X,485,200,170.0,55,21.568627450980394,36.796598577101
Nikon,D3X,485,200,170.0,56,21.96078431372549,36.872057997749
Nikon,D3X,485,200,170.0,57,22.35294117647059,36.946122535503
Nikon,D3X,485,200,170.0,58,22.745098039215687,37.018840990312
Nikon,D3X,485,200,170.0,59,23.137254901960784,37.090259648959
Nikon,D3X,485,200,170.0,60,23.52941176470588,37.160422454712
Nikon,D3X,485,200,170.0,61,23.92156862745098,37.229371162886
Nikon,D3X,485,200,170.0,62,24.313725490196077,37.297145483716
Nikon,D3X,485,200,170.0,63,24.705882352941178,37.363783213751
Nikon,D3X,485,200,170.0,64,25.098039215686274,37.429320356864
Nikon,D3X,485,200,170.0,65,25.49019607843137,37.493791235849
Nikon,D3X,485,200,170.0,66,25.882352941176475,37.557228595459
Nikon,D3X,485,200,170.0,67,26.27450980392157,37.619663697679
Nikon,D3X,485,200,170.0,68,26.666666666666668,37.68112640991
Nikon,D3X,485,200,170.0,69,27.058823529411764,37.741645286694
Nikon,D3X,485,200,170.0,70,27.450980392156865,37.801247645539
Nikon,D3X,485,200,170.0,71,27.84313725490196,37.859959637351
Nikon,D3X,485,200,170.0,72,28.235294117647058,37.917806311919
Nikon,D3X,485,200,170.0,73,28.627450980392155,37.97481167887
Nikon,D3X,485,200,170.0,74,29.01960784313726,38.03099876447
Nikon,D3X,485,200,170.0,75,29.411764705882355,38.086389664587
Nikon,D3X,485,200,170.0,76,29.80392156862745,38.141005594152
Nikon,D3X,485,200,170.0,77,30.19607843137255,38.194866933359
Nikon,D3X,485,200,170.0,78,30.58823529411765,38.247993270892
Nikon,D3X,485,200,170.0,79,30.980392156862745,38.300403444379
Nikon,D3X,485,200,170.0,80,31.372549019607842,38.352115578296
Nikon,D3X,485,200,170.0,81,31.76470588235294,38.403147119513
Nikon,D3X,485,200,170.0,82,32.15686274509804,38.453514870651
Nikon,D3X,485,200,170.0,83,32.549019607843135,38.503235021408
Nikon,D3X,485,200,170.0,84,32.94117647058823,38.55232317801
Nikon,D3X,485,200,170.0,85,33.33333333333333,38.600794390909
Nikon,D3X,485,200,170.0,86,33.72549019607843,38.648663180859
Nikon,D3X,485,200,170.0,87,34.11764705882353,38.69594356348
Nikon,D3X,485,200,170.0,88,34.509803921568626,38.742649072417
Nikon,D3X,485,200,170.0,89,34.90196078431372,38.788792781181
Nikon,D3X,485,200,170.0,90,35.294117647058826,38.834387323769
Nikon,D3X,485,200,170.0,91,35.68627450980392,38.879444914149
Nikon,D3X,485,200,170.0,92,36.07843137254902,38.923977364665
Nikon,D3X,485,200,170.0,93,36.470588235294116,38.967996103453
Nikon,D3X,485,200,170.0,94,36.86274509803922,39.011512190923
Nikon,D3X,485,200,170.0,95,37.254901960784316,39.054536335359
Nikon,D3X,485,200,170.0,96,37.64705882352941,39.09707890771
Nikon,D3X,485,200,170.0,97,38.03921568627451,39.13914995561
Nikon,D3X,485,200,170.0,98,38.43137254901961,39.18075921667
Nikon,D3X,485,200,170.0,99,38.82352941176471,39.221916131103
Nikon,D3X,485,200,170.0,100,39.21568627450981,39.262629853711
Nikon,D3X,485,200,170.0,101,39.6078431372549,39.302909265266
Nikon,D3X,485,200,170.0,102,40.0,39.342762983344
Nikon,D3X,485,200,170.0,103,40.3921568627451,39.382199372613
Nikon,D3X,485,200,170.0,104,40.78431372549019,39.421226554635
Nikon,D3X,485,200,170.0,105,41.17647058823529,39.459852417193
Nikon,D3X,485,200,170.0,106,41.568627450980394,39.498084623172
Nikon,D3X,485,200,170.0,107,41.96078431372549,39.535930619033
Nikon,D3X,485,200,170.0,108,42.35294117647059,39.573397642874
Nikon,D3X,485,200,170.0,109,42.745098039215684,39.610492732138
Nikon,D3X,485,200,170.0,110,43.13725490196079,39.647222730957
Nikon,D3X,485,200,170.0,111,43.529411764705884,39.683594297161
Nikon,D3X,485,200,170.0,112,43.92156862745098,39.719613908984
Nikon,D3X,485,200,170.0,113,44.31372549019608,39.755287871456
Nikon,D3X,485,200,170.0,114,44.70588235294118,39.790622322526
Nikon,D3X,485,200,170.0,115,45.09803921568628,39.82562323891
Nikon,D3X,485,200,170.0,116,45.490196078431374,39.860296441684
Nikon,D3X,485,200,170.0,117,45.88235294117647,39.894647601643
Nikon,D3X,485,200,170.0,118,46.27450980392157,39.928682244427
Nikon,D3X,485,200,170.0,119,46.666666666666664,39.96240575543
Nikon,D3X,485,200,170.0,120,47.05882352941176,39.995823384504
Nikon,D3X,485,200,170.0,121,47.45098039215686,40.02894025047
Nikon,D3X,485,200,170.0,122,47.84313725490196,40.061761345436
Nikon,D3X,485,200,170.0,123,48.23529411764706,40.094291538949
Nikon,D3X,485,200,170.0,124,48.627450980392155,40.126535581968
Nikon,D3X,485,200,170.0,125,49.01960784313725,40.158498110682
Nikon,D3X,485,200,170.0,126,49.411764705882355,40.19018365018
Nikon,D3X,485,200,170.0,127,49.80392156862745,40.221596617965
Nikon,D3X,485,200,170.0,128,50.19607843137255,40.252741327338
Nikon,D3X,485,200,170.0,129,50.588235294117645,40.28362199065
Nikon,D3X,485,200,170.0,130,50.98039215686274,40.314242722425
Nikon,D3X,485,200,170.0,131,51.37254901960784,40.344607542361
Nikon,D3X,485,200,170.0,132,51.76470588235295,40.374720378226
Nikon,D3X,485,200,170.0,133,52.156862745098046,40.404585068634
Nikon,D3X,485,200,170.0,134,52.54901960784314,40.434205365723
Nikon,D3X,485,200,170.0,135,52.94117647058824,40.463584937731
Nikon,D3X,485,200,170.0,136,53.333333333333336,40.492727371479
Nikon,D3X,485,200,170.0,137,53.72549019607843,40.521636174758
Nikon,D3X,485,200,170.0,138,54.11764705882353,40.550314778635
Nikon,D3X,485,200,170.0,139,54.509803921568626,40.578766539674
Nikon,D3X,485,200,170.0,140,54.90196078431373,40.606994742071
Nikon,D3X,485,200,170.0,141,55.294117647058826,40.635002599725
Nikon,D3X,485,200,170.0,142,55.68627450980392,40.662793258222
Nikon,D3X,485,200,170.0,143,56.07843137254902,40.690369796762
Nikon,D3X,485,200,170.0,144,56.470588235294116,40.717735230008
Nikon,D3X,485,200,170.0,145,56.86274509803921,40.744892509879
Nikon,D3X,485,200,170.0,146,57.25490196078431,40.771844527274
Nikon,D3X,485,200,170.0,147,57.647058823529406,40.798594113746
Nikon,D3X,485,200,170.0,148,58.03921568627452,40.825144043112
Nikon,D3X,485,200,170.0,149,58.43137254901961,40.851497033008
Nikon,D3X,485,200,170.0,150,58.82352941176471,40.877655746401
Nikon,D3X,485,200,170.0,151,59.21568627450981,40.903622793038
Nikon,D3X,485,200,170.0,152,59.6078431372549,40.929400730857
Nikon,D3X,485,200,170.0,153,60.0,40.954992067348
Nikon,D3X,485,200,170.0,154,60.3921568627451,40.98039926087
Nikon,D3X,485,200,170.0,155,60.78431372549019,41.005624721924
Nikon,D3X,485,200,170.0,156,61.1764705882353,41.030670814386
Nikon,D3X,485,200,170.0,157,61.568627450980394,41.055539856704
Nikon,D3X,485,200,170.0,158,61.96078431372549,41.080234123047
Nikon,D3X,485,200,170.0,159,62.35294117647059,41.104755844432
Nikon,D3X,485,200,170.0,160,62.745098039215684,41.129107209803
Nikon,D3X,485,200,170.0,161,63.13725490196078,41.153290367082
Nikon,D3X,485,200,170.0,162,63.52941176470588,41.177307424188
Nikon,D3X,485,200,170.0,163,63.921568627450974,41.201160450024
Nikon,D3X,485,200,170.0,164,64.31372549019608,41.224851475428
Nikon,D3X,485,200,170.0,165,64.70588235294117,41.248382494106
Nikon,D3X,485,200,170.0,166,65.09803921568627,41.27175546353
Nikon,D3X,485,200,170.0,167,65.49019607843137,41.294972305805
Nikon,D3X,485,200,170.0,168,65.88235294117646,41.318034908521
Nikon,D3X,485,200,170.0,169,66.27450980392156,41.34094512557
Nikon,D3X,485,200,170.0,170,66.66666666666666,41.363704777945
Nikon,D3X,485,200,170.0,171,67.05882352941175,41.38631565451
Nikon,D3X,485,200,170.0,172,67.45098039215686,41.408779512751
Nikon,D3X,485,200,170.0,173,67.84313725490196,41.43109807951
Nikon,D3X,485,200,170.0,174,68.23529411764706,41.453273051683
Nikon,D3X,485,200,170.0,175,68.62745098039215,41.475306096919
Nikon,D3X,485,200,170.0,176,69.01960784313725,41.497198854276
Nikon,D3X,485,200,170.0,177,69.41176470588235,41.51895293488
Nikon,D3X,485,200,170.0,178,69.80392156862744,41.540569922547
Nikon,D3X,485,200,170.0,179,70.19607843137254,41.562051374404
Nikon,D3X,485,200,170.0,180,70.58823529411765,41.583398821477
Nikon,D3X,485,200,170.0,181,70.98039215686275,41.604613769275
Nikon,D3X,485,200,170.0,182,71.37254901960785,41.625697698355
Nikon,D3X,485,200,170.0,183,71.76470588235294,41.646652064861
Nikon,D3X,485,200,170.0,184,72.15686274509804,41.667478301068
Nikon,D3X,485,200,170.0,185,72.54901960784314,41.688177815893
Nikon,D3X,485,200,170.0,186,72.94117647058823,41.7087519954
Nikon,D3X,485,200,170.0,187,73.33333333333333,41.729202203296
Nikon,D3X,485,200,170.0,188,73.72549019607844,41.749529781401
Nikon,D3X,485,200,170.0,189,74.11764705882354,41.76973605012
Nikon,D3X,485,200,170.0,190,74.50980392156863,41.789822308892
Nikon,D3X,485,200,170.0,191,74.90196078431373,41.809789836631
Nikon,D3X,485,200,170.0,192,75.29411764705883,41.829639892156
Nikon,D3X,485,200,170.0,193,75.68627450980392,41.849373714612
Nikon,D3X,485,200,170.0,194,76.07843137254902,41.868992523872
Nikon,D3X,485,200,170.0,195,76.47058823529412,41.888497520936
Nikon,D3X,485,200,170.0,196,76.86274509803923,41.907889888321
Nikon,D3X,485,200,170.0,197,77.25490196078432,41.927170790432
Nikon,D3X,485,200,170.0,198,77.64705882352942,41.946341373935
Nikon,D3X,485,200,170.0,199,78.03921568627452,41.96540276811
Nikon,D3X,485,200,170.0,200,78.43137254901961,41.984356085205
Nikon,D3X,485,200,170.0,201,78.82352941176471,42.003202420771
Nikon,D3X,485,200,170.0,202,79.2156862745098,42.021942853999
Nikon,D3X,485,200,170.0,203,79.6078431372549,42.04057844804
Nikon,D3X,485,200,170.0,204,80.0,42.059110250324
Nikon,D3X,485,200,170.0,205,80.3921568627451,42.077539292862
Nikon,D3X,485,200,170.0,206,80.7843137254902,42.095866592556
Nikon,D3X,485,200,170.0,207,81.17647058823529,42.114093151483
Nikon,D3X,485,200,170.0,208,81.56862745098039,42.132219957185
Nikon,D3X,485,200,170.0,209,81.96078431372548,42.15024798295
Nikon,D3X,485,200,170.0,210,82.35294117647058,42.168178188081
Nikon,D3X,485,200,170.0,211,82.74509803921568,42.186011518165
Nikon,D3X,485,200,170.0,212,83.13725490196079,42.203748905331
Nikon,D3X,485,200,170.0,213,83.52941176470588,42.221391268505
Nikon,D3X,485,200,170.0,214,83.92156862745098,42.238939513656
Nikon,D3X,485,200,170.0,215,84.31372549019608,42.256394534039
Nikon,D3X,485,200,170.0,216,84.70588235294117,42.273757210432
Nikon,D3X,485,200,170.0,217,85.09803921568627,42.291028411367
Nikon,D3X,485,200,170.0,218,85.49019607843137,42.308208993353
Nikon,D3X,485,200,170.0,219,85.88235294117646,42.325299801099
Nikon,D3X,485,200,170.0,220,86.27450980392157,42.342301667729
Nikon,D3X,485,200,170.0,221,86.66666666666667,42.35921541499
Nikon,D3X,485,200,170.0,222,87.05882352941177,42.376041853463
Nikon,D3X,485,200,170.0,223,87.45098039215686,42.392781782757
Nikon,D3X,485,200,170.0,224,87.84313725490196,42.409435991712
Nikon,D3X,485,200,170.0,225,88.23529411764706,42.426005258588
Nikon,D3X,485,200,170.0,226,88.62745098039215,42.442490351253
Nikon,D3X,485,200,170.0,227,89.01960784313725,42.458892027367
Nikon,D3X,485,200,170.0,228,89.41176470588236,42.475211034564
Nikon,D3X,485,200,170.0,229,89.80392156862746,42.491448110623
Nikon,D3X,485,200,170.0,230,90.19607843137256,42.507603983645
Nikon,D3X,485,200,170.0,231,90.58823529411765,42.523679372217
Nikon,D3X,485,200,170.0,232,90.98039215686275,42.539674985581
Nikon,D3X,485,200,170.0,233,91.37254901960785,42.555591523791
Nikon,D3X,485,200,170.0,234,91.76470588235294,42.571429677873
Nikon,D3X,485,200,170.0,235,92.15686274509804,42.587190129977
Nikon,D3X,485,200,170.0,236,92.54901960784314,42.602873553531
Nikon,D3X,485,200,170.0,237,92.94117647058823,42.618480613387
Nikon,D3X,485,200,170.0,238,93.33333333333333,42.634011965966
Nikon,D3X,485,200,170.0,239,93.72549019607843,42.649468259399
Nikon,D3X,485,200,170.0,240,94.11764705882352,42.664850133665
Nikon,D3X,485,200,170.0,241,94.50980392156862,42.68015822073
Nikon,D3X,485,200,170.0,242,94.90196078431372,42.695393144676
Nikon,D3X,485,200,170.0,243,95.29411764705881,42.710555521835
Nikon,D3X,485,200,170.0,244,95.68627450980392,42.725645960913
Nikon,D3X,485,200,170.0,245,96.07843137254902,42.740665063116
Nikon,D3X,485,200,170.0,246,96.47058823529412,42.755613422275
Nikon,D3X,485,200,170.0,247,96.86274509803921,42.770491624961
Nikon,D3X,485,200,170.0,248,97.25490196078431,42.785300250609
Nikon,D3X,485,200,170.0,249,97.6470588235294,42.800039871624
Nikon,D3X,485,200,170.0,250,98.0392156862745,42.814711053504
Nikon,D3X,485,200,170.0,251,98.4313725490196,42.829314354944
Nikon,D3X,485,200,170.0,252,98.82352941176471,42.843850327944
Nikon,D3X,485,200,170.0,253,99.2156862745098,42.85831951792
Nikon,D3X,485,200,170.0,254,99.6078431372549,42.872722463803
Nikon,D3X,485,200,170.0,255,100.0,42.887059698145
Nikon,D3X,485,400,337.0,0.11150326395234,0.043726770177388234,0
Nikon,D3X,485,400,337.0,0.2,0.07843137254901962,4.858501596897
Nikon,D3X,485,400,337.0,0.3,0.1176470588235294,7.6999396453161
Nikon,D3X,485,400,337.0,0.40240616380805,0.15780633874825492,9.6105946883758
Nikon,D3X,485,400,337.0,0.5,0.19607843137254902,11.030876926637
Nikon,D3X,485,400,337.0,0.71769352379351,0.28144844070333724,13.07259148882
Nikon,D3X,485,400,337.0,1.5767471383811,0.6183322111298432,15.114162917628
Nikon,D3X,485,400,337.0,2,0.7843137254901961,18.779425241244
Nikon,D3X,485,400,337.0,3,1.1764705882352942,20.781944977429
Nikon,D3X,485,400,337.0,4,1.5686274509803921,22.156853591366
Nikon,D3X,485,400,337.0,5,1.9607843137254901,23.202624518555
Nikon,D3X,485,400,337.0,6,2.3529411764705883,24.045958218643
Nikon,D3X,485,400,337.0,7,2.7450980392156863,24.752297894445
Nikon,D3X,485,400,337.0,8,3.1372549019607843,25.359807810294
Nikon,D3X,485,400,337.0,9,3.5294117647058822,25.892672673516
Nikon,D3X,485,400,337.0,10,3.9215686274509802,26.36717696636
Nikon,D3X,485,400,337.0,11,4.313725490196078,26.794805451758
Nikon,D3X,485,400,337.0,12,4.705882352941177,27.18395936992
Nikon,D3X,485,400,337.0,13,5.098039215686274,27.54096891134
Nikon,D3X,485,400,337.0,14,5.490196078431373,27.87072185938
Nikon,D3X,485,400,337.0,15,5.88235294117647,28.177070643769
Nikon,D3X,485,400,337.0,20,7.8431372549019605,29.448384800333
Nikon,D3X,485,400,337.0,25,9.803921568627452,30.42847087786
Nikon,D3X,485,400,337.0,30,11.76470588235294,31.225767624576
Nikon,D3X,485,400,337.0,35,13.725490196078432,31.897566180531
Nikon,D3X,485,400,337.0,42,16.470588235294116,32.689483030297
Nikon,D3X,485,400,337.0,43,16.862745098039216,32.791479666729
Nikon,D3X,485,400,337.0,44,17.254901960784313,32.891085125137
Nikon,D3X,485,400,337.0,45,17.647058823529413,32.988407801667
Nikon,D3X,485,400,337.0,46,18.03921568627451,33.083548886666
Nikon,D3X,485,400,337.0,47,18.43137254901961,33.176602989469
Nikon,D3X,485,400,337.0,48,18.823529411764707,33.267658696912
Nikon,D3X,485,400,337.0,49,19.215686274509807,33.356799073835
Nikon,D3X,485,400,337.0,50,19.607843137254903,33.444102112648
Nikon,D3X,485,400,337.0,51,20.0,33.529641138063
Nikon,D3X,485,400,337.0,52,20.392156862745097,33.613485172258
Nikon,D3X,485,400,337.0,53,20.784313725490197,33.695699265007
Nikon,D3X,485,400,337.0,54,21.176470588235293,33.776344792757
Nikon,D3X,485,400,337.0,55,21.568627450980394,33.85547973007
Nikon,D3X,485,400,337.0,56,21.96078431372549,33.933158896454
Nikon,D3X,485,400,337.0,57,22.35294117647059,34.009434181208
Nikon,D3X,485,400,337.0,58,22.745098039215687,34.084354748585
Nikon,D3X,485,400,337.0,59,23.137254901960784,34.157967225313
Nikon,D3X,485,400,337.0,60,23.52941176470588,34.230315872258
Nikon,D3X,485,400,337.0,61,23.92156862745098,34.301442741811
Nikon,D3X,485,400,337.0,62,24.313725490196077,34.371387822407
Nikon,D3X,485,400,337.0,63,24.705882352941178,34.440189171409
Nikon,D3X,485,400,337.0,64,25.098039215686274,34.507883037468
Nikon,D3X,485,400,337.0,65,25.49019607843137,34.574503973347
Nikon,D3X,485,400,337.0,66,25.882352941176475,34.640084940078
Nikon,D3X,485,400,337.0,67,26.27450980392157,34.704657403248
Nikon,D3X,485,400,337.0,68,26.666666666666668,34.768251422111
Nikon,D3X,485,400,337.0,69,27.058823529411764,34.83089573216
Nikon,D3X,485,400,337.0,70,27.450980392156865,34.892617821729
Nikon,D3X,485,400,337.0,71,27.84313725490196,34.953444003131
Nikon,D3X,485,400,337.0,72,28.235294117647058,35.013399478796
Nikon,D3X,485,400,337.0,73,28.627450980392155,35.072508402823
Nikon,D3X,485,400,337.0,74,29.01960784313726,35.130793938329
Nikon,D3X,485,400,337.0,75,29.411764705882355,35.188278310921
Nikon,D3X,485,400,337.0,76,29.80392156862745,35.244982858615
Nikon,D3X,485,400,337.0,77,30.19607843137255,35.300928078476
Nikon,D3X,485,400,337.0,78,30.58823529411765,35.356133670233
Nikon,D3X,485,400,337.0,79,30.980392156862745,35.410618577104
Nikon,D3X,485,400,337.0,80,31.372549019607842,35.464401024039
Nikon,D3X,485,400,337.0,81,31.76470588235294,35.517498553578
Nikon,D3X,485,400,337.0,82,32.15686274509804,35.569928059502
Nikon,D3X,485,400,337.0,83,32.549019607843135,35.621705818427
Nikon,D3X,485,400,337.0,84,32.94117647058823,35.672847519508
Nikon,D3X,485,400,337.0,85,33.33333333333333,35.723368292371
Nikon,D3X,485,400,337.0,86,33.72549019607843,35.773282733401
Nikon,D3X,485,400,337.0,87,34.11764705882353,35.822604930518
Nikon,D3X,485,400,337.0,88,34.509803921568626,35.871348486512
Nikon,D3X,485,400,337.0,89,34.90196078431372,35.919526541072
Nikon,D3X,485,400,337.0,90,35.294117647058826,35.967151791564
Nikon,D3X,485,400,337.0,91,35.68627450980392,36.014236512668
Nikon,D3X,485,400,337.0,92,36.07843137254902,36.060792574932
Nikon,D3X,485,400,337.0,93,36.470588235294116,36.106831462317
Nikon,D3X,485,400,337.0,94,36.86274509803922,36.152364288806
Nikon,D3X,485,400,337.0,95,37.254901960784316,36.197401814124
Nikon,D3X,485,400,337.0,96,37.64705882352941,36.241954458639
Nikon,D3X,485,400,337.0,97,38.03921568627451,36.286032317481
Nikon,D3X,485,400,337.0,98,38.43137254901961,36.329645173938
Nikon,D3X,485,400,337.0,99,38.82352941176471,36.372802512169
Nikon,D3X,485,400,337.0,100,39.21568627450981,36.415513529275
Nikon,D3X,485,400,337.0,101,39.6078431372549,36.457787146768
Nikon,D3X,485,400,337.0,102,40.0,36.499632021469
Nikon,D3X,485,400,337.0,103,40.3921568627451,36.541056555882
Nikon,D3X,485,400,337.0,104,40.78431372549019,36.582068908053
Nikon,D3X,485,400,337.0,105,41.17647058823529,36.622677000964
Nikon,D3X,485,400,337.0,106,41.568627450980394,36.662888531479
Nikon,D3X,485,400,337.0,107,41.96078431372549,36.702710978863
Nikon,D3X,485,400,337.0,108,42.35294117647059,36.74215161291
Nikon,D3X,485,400,337.0,109,42.745098039215684,36.781217501695
Nikon,D3X,485,400,337.0,110,43.13725490196079,36.819915518961
Nikon,D3X,485,400,337.0,111,43.529411764705884,36.858252351188
Nikon,D3X,485,400,337.0,112,43.92156862745098,36.896234504323
Nikon,D3X,485,400,337.0,113,44.31372549019608,36.933868310231
Nikon,D3X,485,400,337.0,114,44.70588235294118,36.971159932844
Nikon,D3X,485,400,337.0,115,45.09803921568628,37.008115374047
Nikon,D3X,485,400,337.0,116,45.490196078431374,37.044740479314
Nikon,D3X,485,400,337.0,117,45.88235294117647,37.081040943092
Nikon,D3X,485,400,337.0,118,46.27450980392157,37.117022313958
Nikon,D3X,485,400,337.0,119,46.666666666666664,37.152689999561
Nikon,D3X,485,400,337.0,120,47.05882352941176,37.188049271356
Nikon,D3X,485,400,337.0,121,47.45098039215686,37.223105269133
Nikon,D3X,485,400,337.0,122,47.84313725490196,37.257863005374
Nikon,D3X,485,400,337.0,123,48.23529411764706,37.292327369414
Nikon,D3X,485,400,337.0,124,48.627450980392155,37.326503131448
Nikon,D3X,485,400,337.0,125,49.01960784313725,37.360394946371
Nikon,D3X,485,400,337.0,126,49.411764705882355,37.394007357457
Nikon,D3X,485,400,337.0,127,49.80392156862745,37.427344799909
Nikon,D3X,485,400,337.0,128,50.19607843137255,37.460411604252
Nikon,D3X,485,400,337.0,129,50.588235294117645,37.493211999604
Nikon,D3X,485,400,337.0,130,50.98039215686274,37.525750116817
Nikon,D3X,485,400,337.0,131,51.37254901960784,37.558029991499
Nikon,D3X,485,400,337.0,132,51.76470588235295,37.59005556692
Nikon,D3X,485,400,337.0,133,52.156862745098046,37.621830696804
Nikon,D3X,485,400,337.0,134,52.54901960784314,37.653359148023
Nikon,D3X,485,400,337.0,135,52.94117647058824,37.684644603187
Nikon,D3X,485,400,337.0,136,53.333333333333336,37.715690663137
Nikon,D3X,485,400,337.0,137,53.72549019607843,37.746500849349
Nikon,D3X,485,400,337.0,138,54.11764705882353,37.77707860625
Nikon,D3X,485,400,337.0,139,54.509803921568626,37.807427303447
Nikon,D3X,485,400,337.0,140,54.90196078431373,37.83755023788
Nikon,D3X,485,400,337.0,141,55.294117647058826,37.867450635897
Nikon,D3X,485,400,337.0,142,55.68627450980392,37.897131655253
Nikon,D3X,485,400,337.0,143,56.07843137254902,37.926596387042
Nikon,D3X,485,400,337.0,144,56.470588235294116,37.955847857561
Nikon,D3X,485,400,337.0,145,56.86274509803921,37.984889030104
Nikon,D3X,485,400,337.0,146,57.25490196078431,38.013722806705
Nikon,D3X,485,400,337.0,147,57.647058823529406,38.042352029812
Nikon,D3X,485,400,337.0,148,58.03921568627452,38.070779483903
Nikon,D3X,485,400,337.0,149,58.43137254901961,38.099007897061
Nikon,D3X,485,400,337.0,150,58.82352941176471,38.127039942476
Nikon,D3X,485,400,337.0,151,59.21568627450981,38.154878239916
Nikon,D3X,485,400,337.0,152,59.6078431372549,38.182525357137
Nikon,D3X,485,400,337.0,153,60.0,38.209983811253
Nikon,D3X,485,400,337.0,154,60.3921568627451,38.237256070055
Nikon,D3X,485,400,337.0,155,60.78431372549019,38.264344553295
Nikon,D3X,485,400,337.0,156,61.1764705882353,38.291251633924
Nikon,D3X,485,400,337.0,157,61.568627450980394,38.317979639291
Nikon,D3X,485,400,337.0,158,61.96078431372549,38.344530852302
Nikon,D3X,485,400,337.0,159,62.35294117647059,38.370907512546
Nikon,D3X,485,400,337.0,160,62.745098039215684,38.397111817386
Nikon,D3X,485,400,337.0,161,63.13725490196078,38.423145923009
Nikon,D3X,485,400,337.0,162,63.52941176470588,38.449011945454
Nikon,D3X,485,400,337.0,163,63.921568627450974,38.474711961597
Nikon,D3X,485,400,337.0,164,64.31372549019608,38.500248010114
Nikon,D3X,485,400,337.0,165,64.70588235294117,38.525622092414
Nikon,D3X,485,400,337.0,166,65.09803921568627,38.550836173539
Nikon,D3X,485,400,337.0,167,65.49019607843137,38.575892183039
Nikon,D3X,485,400,337.0,168,65.88235294117646,38.600792015825
Nikon,D3X,485,400,337.0,169,66.27450980392156,38.625537532991
Nikon,D3X,485,400,337.0,170,66.66666666666666,38.650130562612
Nikon,D3X,485,400,337.0,171,67.05882352941175,38.674572900525
Nikon,D3X,485,400,337.0,172,67.45098039215686,38.698866311078
Nikon,D3X,485,400,337.0,173,67.84313725490196,38.723012527867
Nikon,D3X,485,400,337.0,174,68.23529411764706,38.747013254439
Nikon,D3X,485,400,337.0,175,68.62745098039215,38.770870164989
Nikon,D3X,485,400,337.0,176,69.01960784313725,38.794584905029
Nikon,D3X,485,400,337.0,177,69.41176470588235,38.818159092038
Nikon,D3X,485,400,337.0,178,69.80392156862744,38.841594316094
Nikon,D3X,485,400,337.0,179,70.19607843137254,38.864892140494
Nikon,D3X,485,400,337.0,180,70.58823529411765,38.888054102346
Nikon,D3X,485,400,337.0,181,70.98039215686275,38.911081713157
Nikon,D3X,485,400,337.0,182,71.37254901960785,38.933976459393
Nikon,D3X,485,400,337.0,183,71.76470588235294,38.956739803032
Nikon,D3X,485,400,337.0,184,72.15686274509804,38.979373182098
Nikon,D3X,485,400,337.0,185,72.54901960784314,39.00187801118
Nikon,D3X,485,400,337.0,186,72.94117647058823,39.024255681943
Nikon,D3X,485,400,337.0,187,73.33333333333333,39.046507563614
Nikon,D3X,485,400,337.0,188,73.72549019607844,39.068635003469
Nikon,D3X,485,400,337.0,189,74.11764705882354,39.090639327293
Nikon,D3X,485,400,337.0,190,74.50980392156863,39.112521839838
Nikon,D3X,485,400,337.0,191,74.90196078431373,39.134283825267
Nikon,D3X,485,400,337.0,192,75.29411764705883,39.155926547581
Nikon,D3X,485,400,337.0,193,75.68627450980392,39.177451251041
Nikon,D3X,485,400,337.0,194,76.07843137254902,39.198859160577
Nikon,D3X,485,400,337.0,195,76.47058823529412,39.220151482187
Nikon,D3X,485,400,337.0,196,76.86274509803923,39.241329403323
Nikon,D3X,485,400,337.0,197,77.25490196078432,39.262394093271
Nikon,D3X,485,400,337.0,198,77.64705882352942,39.283346703518
Nikon,D3X,485,400,337.0,199,78.03921568627452,39.304188368113
Nikon,D3X,485,400,337.0,200,78.43137254901961,39.324920204017
Nikon,D3X,485,400,337.0,201,78.82352941176471,39.345543311444
Nikon,D3X,485,400,337.0,202,79.2156862745098,39.366058774195
Nikon,D3X,485,400,337.0,203,79.6078431372549,39.386467659981
Nikon,D3X,485,400,337.0,204,80.0,39.406771020742
Nikon,D3X,485,400,337.0,205,80.3921568627451,39.426969892955
Nikon,D3X,485,400,337.0,206,80.7843137254902,39.447065297935
Nikon,D3X,485,400,337.0,207,81.17647058823529,39.46705824213
Nikon,D3X,485,400,337.0,208,81.56862745098039,39.48694971741
Nikon,D3X,485,400,337.0,209,81.96078431372548,39.506740701342
Nikon,D3X,485,400,337.0,210,82.35294117647058,39.526432157469
Nikon,D3X,485,400,337.0,211,82.74509803921568,39.546025035575
Nikon,D3X,485,400,337.0,212,83.13725490196079,39.565520271943
Nikon,D3X,485,400,337.0,213,83.52941176470588,39.584918789616
Nikon,D3X,485,400,337.0,214,83.92156862745098,39.604221498638
Nikon,D3X,485,400,337.0,215,84.31372549019608,39.623429296302
Nikon,D3X,485,400,337.0,216,84.70588235294117,39.642543067386
Nikon,D3X,485,400,337.0,217,85.09803921568627,39.661563684383
Nikon,D3X,485,400,337.0,218,85.49019607843137,39.680492007729
Nikon,D3X,485,400,337.0,219,85.88235294117646,39.699328886025
Nikon,D3X,485,400,337.0,220,86.27450980392157,39.718075156249
Nikon,D3X,485,400,337.0,221,86.66666666666667,39.736731643971
Nikon,D3X,485,400,337.0,222,87.05882352941177,39.755299163561
Nikon,D3X,485,400,337.0,223,87.45098039215686,39.773778518383
Nikon,D3X,485,400,337.0,224,87.84313725490196,39.792170501001
Nikon,D3X,485,400,337.0,225,88.23529411764706,39.810475893367
Nikon,D3X,485,400,337.0,226,88.62745098039215,39.82869546701
Nikon,D3X,485,400,337.0,227,89.01960784313725,39.846829983222
Nikon,D3X,485,400,337.0,228,89.41176470588236,39.864880193236
Nikon,D3X,485,400,337.0,229,89.80392156862746,39.882846838405
Nikon,D3X,485,400,337.0,230,90.19607843137256,39.900730650373
Nikon,D3X,485,400,337.0,231,90.58823529411765,39.918532351243
Nikon,D3X,485,400,337.0,232,90.98039215686275,39.936252653744
Nikon,D3X,485,400,337.0,233,91.37254901960785,39.953892261391
Nikon,D3X,485,400,337.0,234,91.76470588235294,39.971451868644
Nikon,D3X,485,400,337.0,235,92.15686274509804,39.988932161063
Nikon,D3X,485,400,337.0,236,92.54901960784314,40.006333815457
Nikon,D3X,485,400,337.0,237,92.94117647058823,40.023657500036
Nikon,D3X,485,400,337.0,238,93.33333333333333,40.040903874554
Nikon,D3X,485,400,337.0,239,93.72549019607843,40.058073590451
Nikon,D3X,485,400,337.0,240,94.11764705882352,40.075167290991
Nikon,D3X,485,400,337.0,241,94.50980392156862,40.0921856114
Nikon,D3X,485,400,337.0,242,94.90196078431372,40.109129179001
Nikon,D3X,485,400,337.0,243,95.29411764705881,40.12599861334
Nikon,D3X,485,400,337.0,244,95.68627450980392,40.142794526316
Nikon,D3X,485,400,337.0,245,96.07843137254902,40.15951752231
Nikon,D3X,485,400,337.0,246,96.47058823529412,40.176168198301
Nikon,D3X,485,400,337.0,247,96.86274509803921,40.192747143991
Nikon,D3X,485,400,337.0,248,97.25490196078431,40.209254941921
Nikon,D3X,485,400,337.0,249,97.6470588235294,40.225692167587
Nikon,D3X,485,400,337.0,250,98.0392156862745,40.242059389554
Nikon,D3X,485,400,337.0,251,98.4313725490196,40.258357169564
Nikon,D3X,485,400,337.0,252,98.82352941176471,40.274586062649
Nikon,D3X,485,400,337.0,253,99.2156862745098,40.290746617232
Nikon,D3X,485,400,337.0,254,99.6078431372549,40.306839375238
Nikon,D3X,485,400,337.0,255,100.0,40.32286487219
Nikon,D3X,485,800,674.0,0.19467730574919,0.07634404147027059,0
Nikon,D3X,485,800,674.0,0.2,0.07843137254901962,0.3058752530993
Nikon,D3X,485,800,674.0,0.3,0.1176470588235294,3.3357600314631
Nikon,D3X,485,800,674.0,0.40240616380805,0.15780633874825492,5.3926917812064
Nikon,D3X,485,800,674.0,0.5,0.19607843137254902,6.929879492529
Nikon,D3X,485,800,674.0,0.71769352379351,0.28144844070333724,9.1468775103821
Nikon,D3X,485,800,674.0,1.5767471383811,0.6183322111298432,11.363815084247
Nikon,D3X,485,800,674.0,2,0.7843137254901961,15.310548268659
Nikon,D3X,485,800,674.0,3,1.1764705882352942,17.434585159246
Nikon,D3X,485,800,674.0,4,1.5686274509803921,18.87759887616
Nikon,D3X,485,800,674.0,5,1.9607843137254901,19.967162941066
Nikon,D3X,485,800,674.0,6,2.3529411764705883,20.841185542647
Nikon,D3X,485,800,674.0,7,2.7450980392156863,21.570345654602
Nikon,D3X,485,800,674.0,8,3.1372549019607843,22.195581659649
Nikon,D3X,485,800,674.0,9,3.5294117647058822,22.742685354693
Nikon,D3X,485,800,674.0,10,3.9215686274509802,23.228936596156
Nikon,D3X,485,800,674.0,11,4.313725490196078,23.66646957694
Nikon,D3X,485,800,674.0,12,4.705882352941177,24.06412730475
Nikon,D3X,485,800,674.0,13,5.098039215686274,24.428550936076
Nikon,D3X,485,800,674.0,14,5.490196078431373,24.76485349412
Nikon,D3X,485,800,674.0,15,5.88235294117647,25.077054559108
Nikon,D3X,485,800,674.0,20,7.8431372549019605,26.370738537029
Nikon,D3X,485,800,674.0,25,9.803921568627452,27.366657969375
Nikon,D3X,485,800,674.0,30,11.76470588235294,28.176461524346
Nikon,D3X,485,800,674.0,35,13.725490196078432,28.858842410906
Nikon,D3X,485,800,674.0,42,16.470588235294116,29.663629433515
Nikon,D3X,485,800,674.0,43,16.862745098039216,29.767334420193
Nikon,D3X,485,800,674.0,44,17.254901960784313,29.868622192775
Nikon,D3X,485,800,674.0,45,17.647058823529413,29.967602844641
Nikon,D3X,485,800,674.0,46,18.03921568627451,30.064379117417
Nikon,D3X,485,800,674.0,47,18.43137254901961,30.159047041128
Nikon,D3X,485,800,674.0,48,18.823529411764707,30.251696506172
Nikon,D3X,485,800,674.0,49,19.215686274509807,30.342411775643
Nikon,D3X,485,800,674.0,50,19.607843137254903,30.431271945329
Nikon,D3X,485,800,674.0,51,20.0,30.518351357654
Nikon,D3X,485,800,674.0,52,20.392156862745097,30.603719974991
Nikon,D3X,485,800,674.0,53,20.784313725490197,30.687443717043
Nikon,D3X,485,800,674.0,54,21.176470588235293,30.769584766361
Nikon,D3X,485,800,674.0,55,21.568627450980394,30.850201845535
Nikon,D3X,485,800,674.0,56,21.96078431372549,30.929350469167
Nikon,D3X,485,800,674.0,57,22.35294117647059,31.007083173312
Nikon,D3X,485,800,674.0,58,22.745098039215687,31.083449724778
Nikon,D3X,485,800,674.0,59,23.137254901960784,31.158497312355
Nikon,D3X,485,800,674.0,60,23.52941176470588,31.232270721829
Nikon,D3X,485,800,674.0,61,23.92156862745098,31.304812496385
Nikon,D3X,485,800,674.0,62,24.313725490196077,31.376163083855
Nikon,D3X,485,800,674.0,63,24.705882352941178,31.446360972075
Nikon,D3X,485,800,674.0,64,25.098039215686274,31.515442813489
Nikon,D3X,485,800,674.0,65,25.49019607843137,31.583443540005
Nikon,D3X,485,800,674.0,66,25.882352941176475,31.650396469007
Nikon,D3X,485,800,674.0,67,26.27450980392157,31.716333401331
Nikon,D3X,485,800,674.0,68,26.666666666666668,31.781284711913
Nikon,D3X,485,800,674.0,69,27.058823529411764,31.845279433772
Nikon,D3X,485,800,674.0,70,27.450980392156865,31.908345335897
Nikon,D3X,485,800,674.0,71,27.84313725490196,31.970508995567
Nikon,D3X,485,800,674.0,72,28.235294117647058,32.031795865568
Nikon,D3X,485,800,674.0,73,28.627450980392155,32.092230336741
Nikon,D3X,485,800,674.0,74,29.01960784313726,32.151835796244
Nikon,D3X,485,800,674.0,75,29.411764705882355,32.210634681863
Nikon,D3X,485,800,674.0,76,29.80392156862745,32.268648532711
Nikon,D3X,485,800,674.0,77,30.19607843137255,32.325898036578
Nikon,D3X,485,800,674.0,78,30.58823529411765,32.382403074207
Nikon,D3X,485,800,674.0,79,30.980392156862745,32.438182760734
Nikon,D3X,485,800,674.0,80,31.372549019607842,32.493255484489
Nikon,D3X,485,800,674.0,81,31.76470588235294,32.547638943386
Nikon,D3X,485,800,674.0,82,32.15686274509804,32.601350179051
Nikon,D3X,485,800,674.0,83,32.549019607843135,32.654405608873
Nikon,D3X,485,800,674.0,84,32.94117647058823,32.706821056122
Nikon,D3X,485,800,674.0,85,33.33333333333333,32.758611778271
Nikon,D3X,485,800,674.0,86,33.72549019607843,32.809792493654
Nikon,D3X,485,800,674.0,87,34.11764705882353,32.860377406564
Nikon,D3X,485,800,674.0,88,34.509803921568626,32.910380230917
Nikon,D3X,485,800,674.0,89,34.90196078431372,32.959814212566
Nikon,D3X,485,800,674.0,90,35.294117647058826,33.008692150356
Nikon,D3X,485,800,674.0,91,35.68627450980392,33.057026416018
Nikon,D3X,485,800,674.0,92,36.07843137254902,33.104828972958
Nikon,D3X,485,800,674.0,93,36.470588235294116,33.152111394032
Nikon,D3X,485,800,674.0,94,36.86274509803922,33.19888487836
Nikon,D3X,485,800,674.0,95,37.254901960784316,33.245160267245
Nikon,D3X,485,800,674.0,96,37.64705882352941,33.290948059257
Nikon,D3X,485,800,674.0,97,38.03921568627451,33.336258424528
Nikon,D3X,485,800,674.0,98,38.43137254901961,33.381101218306
Nikon,D3X,485,800,674.0,99,38.82352941176471,33.425485993825
Nikon,D3X,485,800,674.0,100,39.21568627450981,33.469422014515
Nikon,D3X,485,800,674.0,101,39.6078431372549,33.512918265612
Nikon,D3X,485,800,674.0,102,40.0,33.555983465179
Nikon,D3X,485,800,674.0,103,40.3921568627451,33.598626074599
Nikon,D3X,485,800,674.0,104,40.78431372549019,33.640854308553
Nikon,D3X,485,800,674.0,105,41.17647058823529,33.682676144512
Nikon,D3X,485,800,674.0,106,41.568627450980394,33.724099331789
Nikon,D3X,485,800,674.0,107,41.96078431372549,33.765131400154
Nikon,D3X,485,800,674.0,108,42.35294117647059,33.805779668049
Nikon,D3X,485,800,674.0,109,42.745098039215684,33.846051250421
Nikon,D3X,485,800,674.0,110,43.13725490196079,33.885953066199
Nikon,D3X,485,800,674.0,111,43.529411764705884,33.92549184543
Nikon,D3X,485,800,674.0,112,43.92156862745098,33.964674136087
Nikon,D3X,485,800,674.0,113,44.31372549019608,34.00350631058
Nikon,D3X,485,800,674.0,114,44.70588235294118,34.041994571978
Nikon,D3X,485,800,674.0,115,45.09803921568628,34.080144959955
Nikon,D3X,485,800,674.0,116,45.490196078431374,34.117963356476
Nikon,D3X,485,800,674.0,117,45.88235294117647,34.155455491244
Nikon,D3X,485,800,674.0,118,46.27450980392157,34.192626946908
Nikon,D3X,485,800,674.0,119,46.666666666666664,34.229483164052
Nikon,D3X,485,800,674.0,120,47.05882352941176,34.266029445977
Nikon,D3X,485,800,674.0,121,47.45098039215686,34.302270963277
Nikon,D3X,485,800,674.0,122,47.84313725490196,34.338212758234
Nikon,D3X,485,800,674.0,123,48.23529411764706,34.373859749025
Nikon,D3X,485,800,674.0,124,48.627450980392155,34.409216733765
Nikon,D3X,485,800,674.0,125,49.01960784313725,34.444288394379
Nikon,D3X,485,800,674.0,126,49.411764705882355,34.479079300329
Nikon,D3X,485,800,674.0,127,49.80392156862745,34.51359391218
Nikon,D3X,485,800,674.0,128,50.19607843137255,34.547836585039
Nikon,D3X,485,800,674.0,129,50.588235294117645,34.581811571851
Nikon,D3X,485,800,674.0,130,50.98039215686274,34.615523026567
Nikon,D3X,485,800,674.0,131,51.37254901960784,34.648975007197
Nikon,D3X,485,800,674.0,132,51.76470588235295,34.68217147874
Nikon,D3X,485,800,674.0,133,52.156862745098046,34.715116316002
Nikon,D3X,485,800,674.0,134,52.54901960784314,34.747813306316
Nikon,D3X,485,800,674.0,135,52.94117647058824,34.780266152151
Nikon,D3X,485,800,674.0,136,53.333333333333336,34.812478473629
Nikon,D3X,485,800,674.0,137,53.72549019607843,34.844453810953
Nikon,D3X,485,800,674.0,138,54.11764705882353,34.876195626736
Nikon,D3X,485,800,674.0,139,54.509803921568626,34.907707308257
Nikon,D3X,485,800,674.0,140,54.90196078431373,34.938992169627
Nikon,D3X,485,800,674.0,141,55.294117647058826,34.970053453883
Nikon,D3X,485,800,674.0,142,55.68627450980392,35.000894335006
Nikon,D3X,485,800,674.0,143,56.07843137254902,35.031517919867
Nikon,D3X,485,800,674.0,144,56.470588235294116,35.061927250106
Nikon,D3X,485,800,674.0,145,56.86274509803921,35.092125303945
Nikon,D3X,485,800,674.0,146,57.25490196078431,35.122114997937
Nikon,D3X,485,800,674.0,147,57.647058823529406,35.151899188663
Nikon,D3X,485,800,674.0,148,58.03921568627452,35.181480674358
Nikon,D3X,485,800,674.0,149,58.43137254901961,35.210862196491
Nikon,D3X,485,800,674.0,150,58.82352941176471,35.240046441294
Nikon,D3X,485,800,674.0,151,59.21568627450981,35.269036041232
Nikon,D3X,485,800,674.0,152,59.6078431372549,35.297833576428
Nikon,D3X,485,800,674.0,153,60.0,35.326441576045
Nikon,D3X,485,800,674.0,154,60.3921568627451,35.354862519615
Nikon,D3X,485,800,674.0,155,60.78431372549019,35.383098838334
Nikon,D3X,485,800,674.0,156,61.1764705882353,35.411152916305
Nikon,D3X,485,800,674.0,157,61.568627450980394,35.43902709175
Nikon,D3X,485,800,674.0,158,61.96078431372549,35.466723658178
Nikon,D3X,485,800,674.0,159,62.35294117647059,35.494244865519
Nikon,D3X,485,800,674.0,160,62.745098039215684,35.521592921219
Nikon,D3X,485,800,674.0,161,63.13725490196078,35.548769991307
Nikon,D3X,485,800,674.0,162,63.52941176470588,35.57577820142
Nikon,D3X,485,800,674.0,163,63.921568627450974,35.602619637803
Nikon,D3X,485,800,674.0,164,64.31372549019608,35.629296348277
Nikon,D3X,485,800,674.0,165,64.70588235294117,35.655810343177
Nikon,D3X,485,800,674.0,166,65.09803921568627,35.682163596259
Nikon,D3X,485,800,674.0,167,65.49019607843137,35.708358045584
Nikon,D3X,485,800,674.0,168,65.88235294117646,35.734395594375
Nikon,D3X,485,800,674.0,169,66.27450980392156,35.760278111843
Nikon,D3X,485,800,674.0,170,66.66666666666666,35.786007433994
Nikon,D3X,485,800,674.0,171,67.05882352941175,35.811585364415
Nikon,D3X,485,800,674.0,172,67.45098039215686,35.837013675027
Nikon,D3X,485,800,674.0,173,67.84313725490196,35.862294106823
Nikon,D3X,485,800,674.0,174,68.23529411764706,35.887428370589
Nikon,D3X,485,800,674.0,175,68.62745098039215,35.91241814759
Nikon,D3X,485,800,674.0,176,69.01960784313725,35.937265090254
Nikon,D3X,485,800,674.0,177,69.41176470588235,35.961970822821
Nikon,D3X,485,800,674.0,178,69.80392156862744,35.986536941984
Nikon,D3X,485,800,674.0,179,70.19607843137254,36.010965017508
Nikon,D3X,485,800,674.0,180,70.58823529411765,36.035256592832
Nikon,D3X,485,800,674.0,181,70.98039215686275,36.059413185652
Nikon,D3X,485,800,674.0,182,71.37254901960785,36.083436288496
Nikon,D3X,485,800,674.0,183,71.76470588235294,36.107327369271
Nikon,D3X,485,800,674.0,184,72.15686274509804,36.131087871806
Nikon,D3X,485,800,674.0,185,72.54901960784314,36.154719216372
Nikon,D3X,485,800,674.0,186,72.94117647058823,36.178222800196
Nikon,D3X,485,800,674.0,187,73.33333333333333,36.201599997954
Nikon,D3X,485,800,674.0,188,73.72549019607844,36.224852162254
Nikon,D3X,485,800,674.0,189,74.11764705882354,36.247980624106
Nikon,D3X,485,800,674.0,190,74.50980392156863,36.270986693382
Nikon,D3X,485,800,674.0,191,74.90196078431373,36.293871659255
Nikon,D3X,485,800,674.0,192,75.29411764705883,36.31663679064
Nikon,D3X,485,800,674.0,193,75.68627450980392,36.33928333661
Nikon,D3X,485,800,674.0,194,76.07843137254902,36.361812526812
Nikon,D3X,485,800,674.0,195,76.47058823529412,36.384225571867
Nikon,D3X,485,800,674.0,196,76.86274509803923,36.406523663757
Nikon,D3X,485,800,674.0,197,77.25490196078432,36.428707976212
Nikon,D3X,485,800,674.0,198,77.64705882352942,36.450779665073
Nikon,D3X,485,800,674.0,199,78.03921568627452,36.472739868661
Nikon,D3X,485,800,674.0,200,78.43137254901961,36.494589708124
Nikon,D3X,485,800,674.0,201,78.82352941176471,36.516330287783
Nikon,D3X,485,800,674.0,202,79.2156862745098,36.537962695468
Nikon,D3X,485,800,674.0,203,79.6078431372549,36.559488002843
Nikon,D3X,485,800,674.0,204,80.0,36.580907265724
Nikon,D3X,485,800,674.0,205,80.3921568627451,36.602221524392
Nikon,D3X,485,800,674.0,206,80.7843137254902,36.623431803897
Nikon,D3X,485,800,674.0,207,81.17647058823529,36.64453911435
Nikon,D3X,485,800,674.0,208,81.56862745098039,36.665544451215
Nikon,D3X,485,800,674.0,209,81.96078431372548,36.686448795591
Nikon,D3X,485,800,674.0,210,82.35294117647058,36.707253114484
Nikon,D3X,485,800,674.0,211,82.74509803921568,36.727958361081
Nikon,D3X,485,800,674.0,212,83.13725490196079,36.748565475006
Nikon,D3X,485,800,674.0,213,83.52941176470588,36.76907538258
Nikon,D3X,485,800,674.0,214,83.92156862745098,36.789488997069
Nikon,D3X,485,800,674.0,215,84.31372549019608,36.80980721893
Nikon,D3X,485,800,674.0,216,84.70588235294117,36.830030936048
Nikon,D3X,485,800,674.0,217,85.09803921568627,36.85016102397
Nikon,D3X,485,800,674.0,218,85.49019607843137,36.870198346131
Nikon,D3X,485,800,674.0,219,85.88235294117646,36.890143754078
Nikon,D3X,485,800,674.0,220,86.27450980392157,36.909998087685
Nikon,D3X,485,800,674.0,221,86.66666666666667,36.929762175369
Nikon,D3X,485,800,674.0,222,87.05882352941177,36.949436834295
Nikon,D3X,485,800,674.0,223,87.45098039215686,36.969022870578
Nikon,D3X,485,800,674.0,224,87.84313725490196,36.988521079482
Nikon,D3X,485,800,674.0,225,88.23529411764706,37.007932245617
Nikon,D3X,485,800,674.0,226,88.62745098039215,37.027257143125
Nikon,D3X,485,800,674.0,227,89.01960784313725,37.046496535864
Nikon,D3X,485,800,674.0,228,89.41176470588236,37.065651177594
Nikon,D3X,485,800,674.0,229,89.80392156862746,37.084721812151
Nikon,D3X,485,800,674.0,230,90.19607843137256,37.103709173622
Nikon,D3X,485,800,674.0,231,90.58823529411765,37.122613986512
Nikon,D3X,485,800,674.0,232,90.98039215686275,37.141436965914
Nikon,D3X,485,800,674.0,233,91.37254901960785,37.160178817668
Nikon,D3X,485,800,674.0,234,91.76470588235294,37.178840238522
Nikon,D3X,485,800,674.0,235,92.15686274509804,37.197421916286
Nikon,D3X,485,800,674.0,236,92.54901960784314,37.215924529984
Nikon,D3X,485,800,674.0,237,92.94117647058823,37.234348750007
Nikon,D3X,485,800,674.0,238,93.33333333333333,37.252695238253
Nikon,D3X,485,800,674.0,239,93.72549019607843,37.270964648273
Nikon,D3X,485,800,674.0,240,94.11764705882352,37.289157625411
Nikon,D3X,485,800,674.0,241,94.50980392156862,37.307274806938
Nikon,D3X,485,800,674.0,242,94.90196078431372,37.325316822191
Nikon,D3X,485,800,674.0,243,95.29411764705881,37.3432842927
Nikon,D3X,485,800,674.0,244,95.68627450980392,37.361177832317
Nikon,D3X,485,800,674.0,245,96.07843137254902,37.378998047345
Nikon,D3X,485,800,674.0,246,96.47058823529412,37.396745536658
Nikon,D3X,485,800,674.0,247,96.86274509803921,37.414420891822
Nikon,D3X,485,800,674.0,248,97.25490196078431,37.432024697216
Nikon,D3X,485,800,674.0,249,97.6470588235294,37.449557530147
Nikon,D3X,485,800,674.0,250,98.0392156862745,37.46701996096
Nikon,D3X,485,800,674.0,251,98.4313725490196,37.484412553155
Nikon,D3X,485,800,674.0,252,98.82352941176471,37.501735863494
Nikon,D3X,485,800,674.0,253,99.2156862745098,37.518990442106
Nikon,D3X,485,800,674.0,254,99.6078431372549,37.536176832595
Nikon,D3X,485,800,674.0,255,100.0,37.55329557214
Nikon,D3X,485,1600,1369.0,0.41588446588341,0.1630919474052588,0
Nikon,D3X,485,1600,1369.0,0.5,0.19607843137254902,1.668428017892
Nikon,D3X,485,1600,1369.0,0.71769352379351,0.28144844070333724,4.1669353141414
Nikon,D3X,485,1600,1369.0,1.5767471383811,0.6183322111298432,6.6976798849092
Nikon,D3X,485,1600,1369.0,2,0.7843137254901961,11.2317080684
Nikon,D3X,485,1600,1369.0,3,1.1764705882352942,13.648097080069
Nikon,D3X,485,1600,1369.0,4,1.5686274509803921,15.266486457723
Nikon,D3X,485,1600,1369.0,5,1.9607843137254901,16.473037666286
Nikon,D3X,485,1600,1369.0,6,2.3529411764705883,17.430682176793
Nikon,D3X,485,1600,1369.0,7,2.7450980392156863,18.222600131677
Nikon,D3X,485,1600,1369.0,8,3.1372549019607843,18.896675523811
Nikon,D3X,485,1600,1369.0,9,3.5294117647058822,19.482869260221
Nikon,D3X,485,1600,1369.0,10,3.9215686274509802,20.001115702079
Nikon,D3X,485,1600,1369.0,11,4.313725490196078,20.465319719584
Nikon,D3X,485,1600,1369.0,12,4.705882352941177,20.885550856877
Nikon,D3X,485,1600,1369.0,13,5.098039215686274,21.269326830251
Nikon,D3X,485,1600,1369.0,14,5.490196078431373,21.622403789783
Nikon,D3X,485,1600,1369.0,15,5.88235294117647,21.949283880541
Nikon,D3X,485,1600,1369.0,20,7.8431372549019605,23.2953952252
Nikon,D3X,485,1600,1369.0,25,9.803921568627452,24.323563714402
Nikon,D3X,485,1600,1369.0,30,11.76470588235294,25.155191699328
Nikon,D3X,485,1600,1369.0,35,13.725490196078432,25.853311914922
Nikon,D3X,485,1600,1369.0,42,16.470588235294116,26.673949371204
Nikon,D3X,485,1600,1369.0,43,16.862745098039216,26.779503577589
Nikon,D3X,485,1600,1369.0,44,17.254901960784313,26.882557527451
Nikon,D3X,485,1600,1369.0,45,17.647058823529413,26.983226725641
Nikon,D3X,485,1600,1369.0,46,18.03921568627451,27.081618865059
Nikon,D3X,485,1600,1369.0,47,18.43137254901961,27.177834514702
Nikon,D3X,485,1600,1369.0,48,18.823529411764707,27.271967733684
Nikon,D3X,485,1600,1369.0,49,19.215686274509807,27.36410662056
Nikon,D3X,485,1600,1369.0,50,19.607843137254903,27.454333805971
Nikon,D3X,485,1600,1369.0,51,20.0,27.54272689547
Nikon,D3X,485,1600,1369.0,52,20.392156862745097,27.629358868457
Nikon,D3X,485,1600,1369.0,53,20.784313725490197,27.714298438328
Nikon,D3X,485,1600,1369.0,54,21.176470588235293,27.797610378284
Nikon,D3X,485,1600,1369.0,55,21.568627450980394,27.879355816641
Nikon,D3X,485,1600,1369.0,56,21.96078431372549,27.959592505012
Nikon,D3X,485,1600,1369.0,57,22.35294117647059,28.038375062286
Nikon,D3X,485,1600,1369.0,58,22.745098039215687,28.115755196983
Nikon,D3X,485,1600,1369.0,59,23.137254901960784,28.191781910238
Nikon,D3X,485,1600,1369.0,60,23.52941176470588,28.26650168141
Nikon,D3X,485,1600,1369.0,61,23.92156862745098,28.339958638064
Nikon,D3X,485,1600,1369.0,62,24.313725490196077,28.412194711872
Nikon,D3X,485,1600,1369.0,63,24.705882352941178,28.483249781827
Nikon,D3X,485,1600,1369.0,64,25.098039215686274,28.553161805967
Nikon,D3X,485,1600,1369.0,65,25.49019607843137,28.621966942714
Nikon,D3X,485,1600,1369.0,66,25.882352941176475,28.689699662783
Nikon,D3X,485,1600,1369.0,67,26.27450980392157,28.756392852533
Nikon,D3X,485,1600,1369.0,68,26.666666666666668,28.822077909529
Nikon,D3X,485,1600,1369.0,69,27.058823529411764,28.886784831016
Nikon,D3X,485,1600,1369.0,70,27.450980392156865,28.950542295915
Nikon,D3X,485,1600,1369.0,71,27.84313725490196,29.013377740911
Nikon,D3X,485,1600,1369.0,72,28.235294117647058,29.075317431131
Nikon,D3X,485,1600,1369.0,73,28.627450980392155,29.136386525868
Nikon,D3X,485,1600,1369.0,74,29.01960784313726,29.196609139768
Nikon,D3X,485,1600,1369.0,75,29.411764705882355,29.256008399838
Nikon,D3X,485,1600,1369.0,76,29.80392156862745,29.314606498623
Nikon,D3X,485,1600,1369.0,77,30.19607843137255,29.372424743854
Nikon,D3X,485,1600,1369.0,78,30.58823529411765,29.429483604842
Nikon,D3X,485,1600,1369.0,79,30.980392156862745,29.485802755872
Nikon,D3X,485,1600,1369.0,80,31.372549019607842,29.541401116829
Nikon,D3X,485,1600,1369.0,81,31.76470588235294,29.596296891262
Nikon,D3X,485,1600,1369.0,82,32.15686274509804,29.650507602074
Nikon,D3X,485,1600,1369.0,83,32.549019607843135,29.704050125027
Nikon,D3X,485,1600,1369.0,84,32.94117647058823,29.756940720201
Nikon,D3X,485,1600,1369.0,85,33.33333333333333,29.809195061573
Nikon,D3X,485,1600,1369.0,86,33.72549019607843,29.860828264836
Nikon,D3X,485,1600,1369.0,87,34.11764705882353,29.911854913592
Nikon,D3X,485,1600,1369.0,88,34.509803921568626,29.962289084026
Nikon,D3X,485,1600,1369.0,89,34.90196078431372,30.012144368164
Nikon,D3X,485,1600,1369.0,90,35.294117647058826,30.061433895814
Nikon,D3X,485,1600,1369.0,91,35.68627450980392,30.110170355289
Nikon,D3X,485,1600,1369.0,92,36.07843137254902,30.158366012962
Nikon,D3X,485,1600,1369.0,93,36.470588235294116,30.206032731774
Nikon,D3X,485,1600,1369.0,94,36.86274509803922,30.253181988716
Nikon,D3X,485,1600,1369.0,95,37.254901960784316,30.299824891393
Nikon,D3X,485,1600,1369.0,96,37.64705882352941,30.345972193699
Nikon,D3X,485,1600,1369.0,97,38.03921568627451,30.391634310668
Nikon,D3X,485,1600,1369.0,98,38.43137254901961,30.436821332566
Nikon,D3X,485,1600,1369.0,99,38.82352941176471,30.481543038244
Nikon,D3X,485,1600,1369.0,100,39.21568627450981,30.525808907818
Nikon,D3X,485,1600,1369.0,101,39.6078431372549,30.569628134713
Nikon,D3X,485,1600,1369.0,102,40.0,30.613009637105
Nikon,D3X,485,1600,1369.0,103,40.3921568627451,30.655962068791
Nikon,D3X,485,1600,1369.0,104,40.78431372549019,30.69849382954
Nikon,D3X,485,1600,1369.0,105,41.17647058823529,30.740613074931
Nikon,D3X,485,1600,1369.0,106,41.568627450980394,30.782327725728
Nikon,D3X,485,1600,1369.0,107,41.96078431372549,30.823645476803
Nikon,D3X,485,1600,1369.0,108,42.35294117647059,30.864573805643
Nikon,D3X,485,1600,1369.0,109,42.745098039215684,30.905119980464
Nikon,D3X,485,1600,1369.0,110,43.13725490196079,30.945291067936
Nikon,D3X,485,1600,1369.0,111,43.529411764705884,30.985093940576
Nikon,D3X,485,1600,1369.0,112,43.92156862745098,31.024535283784
Nikon,D3X,485,1600,1369.0,113,44.31372549019608,31.063621602579
Nikon,D3X,485,1600,1369.0,114,44.70588235294118,31.102359228025
Nikon,D3X,485,1600,1369.0,115,45.09803921568628,31.140754323381
Nikon,D3X,485,1600,1369.0,116,45.490196078431374,31.178812889973
Nikon,D3X,485,1600,1369.0,117,45.88235294117647,31.21654077282
Nikon,D3X,485,1600,1369.0,118,46.27450980392157,31.253943666012
Nikon,D3X,485,1600,1369.0,119,46.666666666666664,31.29102711786
Nikon,D3X,485,1600,1369.0,120,47.05882352941176,31.327796535833
Nikon,D3X,485,1600,1369.0,121,47.45098039215686,31.364257191279
Nikon,D3X,485,1600,1369.0,122,47.84313725490196,31.400414223955
Nikon,D3X,485,1600,1369.0,123,48.23529411764706,31.436272646376
Nikon,D3X,485,1600,1369.0,124,48.627450980392155,31.471837347971
Nikon,D3X,485,1600,1369.0,125,49.01960784313725,31.507113099086
Nikon,D3X,485,1600,1369.0,126,49.411764705882355,31.542104554815
Nikon,D3X,485,1600,1369.0,127,49.80392156862745,31.576816258683
Nikon,D3X,485,1600,1369.0,128,50.19607843137255,31.611252646186
Nikon,D3X,485,1600,1369.0,129,50.588235294117645,31.645418048183
Nikon,D3X,485,1600,1369.0,130,50.98039215686274,31.679316694163
Nikon,D3X,485,1600,1369.0,131,51.37254901960784,31.712952715383
Nikon,D3X,485,1600,1369.0,132,51.76470588235295,31.746330147888
Nikon,D3X,485,1600,1369.0,133,52.156862745098046,31.779452935411
Nikon,D3X,485,1600,1369.0,134,52.54901960784314,31.812324932169
Nikon,D3X,485,1600,1369.0,135,52.94117647058824,31.844949905547
Nikon,D3X,485,1600,1369.0,136,53.333333333333336,31.877331538693
Nikon,D3X,485,1600,1369.0,137,53.72549019607843,31.909473433004
Nikon,D3X,485,1600,1369.0,138,54.11764705882353,31.94137911053
Nikon,D3X,485,1600,1369.0,139,54.509803921568626,31.973052016288
Nikon,D3X,485,1600,1369.0,140,54.90196078431373,32.004495520491
Nikon,D3X,485,1600,1369.0,141,55.294117647058826,32.035712920696
Nikon,D3X,485,1600,1369.0,142,55.68627450980392,32.06670744388
Nikon,D3X,485,1600,1369.0,143,56.07843137254902,32.09748224844
Nikon,D3X,485,1600,1369.0,144,56.470588235294116,32.128040426118
Nikon,D3X,485,1600,1369.0,145,56.86274509803921,32.158385003868
Nikon,D3X,485,1600,1369.0,146,57.25490196078431,32.18851894565
Nikon,D3X,485,1600,1369.0,147,57.647058823529406,32.218445154167
Nikon,D3X,485,1600,1369.0,148,58.03921568627452,32.248166472543
Nikon,D3X,485,1600,1369.0,149,58.43137254901961,32.277685685937
Nikon,D3X,485,1600,1369.0,150,58.82352941176471,32.307005523115
Nikon,D3X,485,1600,1369.0,151,59.21568627450981,32.336128657953
Nikon,D3X,485,1600,1369.0,152,59.6078431372549,32.365057710909
Nikon,D3X,485,1600,1369.0,153,60.0,32.393795250429
Nikon,D3X,485,1600,1369.0,154,60.3921568627451,32.422343794316
Nikon,D3X,485,1600,1369.0,155,60.78431372549019,32.450705811056
Nikon,D3X,485,1600,1369.0,156,61.1764705882353,32.478883721091
Nikon,D3X,485,1600,1369.0,157,61.568627450980394,32.506879898065
Nikon,D3X,485,1600,1369.0,158,61.96078431372549,32.534696670015
Nikon,D3X,485,1600,1369.0,159,62.35294117647059,32.562336320538
Nikon,D3X,485,1600,1369.0,160,62.745098039215684,32.589801089911
Nikon,D3X,485,1600,1369.0,161,63.13725490196078,32.61709317618
Nikon,D3X,485,1600,1369.0,162,63.52941176470588,32.644214736219
Nikon,D3X,485,1600,1369.0,163,63.921568627450974,32.671167886744
Nikon,D3X,485,1600,1369.0,164,64.31372549019608,32.697954705311
Nikon,D3X,485,1600,1369.0,165,64.70588235294117,32.724577231272
Nikon,D3X,485,1600,1369.0,166,65.09803921568627,32.751037466707
Nikon,D3X,485,1600,1369.0,167,65.49019607843137,32.777337377324
Nikon,D3X,485,1600,1369.0,168,65.88235294117646,32.80347889334
Nikon,D3X,485,1600,1369.0,169,66.27450980392156,32.829463910327
Nikon,D3X,485,1600,1369.0,170,66.66666666666666,32.855294290034
Nikon,D3X,485,1600,1369.0,171,67.05882352941175,32.880971861191
Nikon,D3X,485,1600,1369.0,172,67.45098039215686,32.906498420282
Nikon,D3X,485,1600,1369.0,173,67.84313725490196,32.931875732301
Nikon,D3X,485,1600,1369.0,174,68.23529411764706,32.957105531481
Nikon,D3X,485,1600,1369.0,175,68.62745098039215,32.982189522007
Nikon,D3X,485,1600,1369.0,176,69.01960784313725,33.007129378705
Nikon,D3X,485,1600,1369.0,177,69.41176470588235,33.031926747712
Nikon,D3X,485,1600,1369.0,178,69.80392156862744,33.056583247128
Nikon,D3X,485,1600,1369.0,179,70.19607843137254,33.08110046765
Nikon,D3X,485,1600,1369.0,180,70.58823529411765,33.105479973185
Nikon,D3X,485,1600,1369.0,181,70.98039215686275,33.12972330145
Nikon,D3X,485,1600,1369.0,182,71.37254901960785,33.153831964553
Nikon,D3X,485,1600,1369.0,183,71.76470588235294,33.177807449557
Nikon,D3X,485,1600,1369.0,184,72.15686274509804,33.201651219034
Nikon,D3X,485,1600,1369.0,185,72.54901960784314,33.225364711594
Nikon,D3X,485,1600,1369.0,186,72.94117647058823,33.248949342412
Nikon,D3X,485,1600,1369.0,187,73.33333333333333,33.272406503727
Nikon,D3X,485,1600,1369.0,188,73.72549019607844,33.295737565343
Nikon,D3X,485,1600,1369.0,189,74.11764705882354,33.3189438751
Nikon,D3X,485,1600,1369.0,190,74.50980392156863,33.342026759348
Nikon,D3X,485,1600,1369.0,191,74.90196078431373,33.364987523399
Nikon,D3X,485,1600,1369.0,192,75.29411764705883,33.387827451967
Nikon,D3X,485,1600,1369.0,193,75.68627450980392,33.410547809602
Nikon,D3X,485,1600,1369.0,194,76.07843137254902,33.43314984111
Nikon,D3X,485,1600,1369.0,195,76.47058823529412,33.455634771959
Nikon,D3X,485,1600,1369.0,196,76.86274509803923,33.478003808682
Nikon,D3X,485,1600,1369.0,197,77.25490196078432,33.50025813926
Nikon,D3X,485,1600,1369.0,198,77.64705882352942,33.522398933503
Nikon,D3X,485,1600,1369.0,199,78.03921568627452,33.544427343419
Nikon,D3X,485,1600,1369.0,200,78.43137254901961,33.566344503572
Nikon,D3X,485,1600,1369.0,201,78.82352941176471,33.588151531435
Nikon,D3X,485,1600,1369.0,202,79.2156862745098,33.609849527727
Nikon,D3X,485,1600,1369.0,203,79.6078431372549,33.631439576751
Nikon,D3X,485,1600,1369.0,204,80.0,33.652922746715
Nikon,D3X,485,1600,1369.0,205,80.3921568627451,33.674300090053
Nikon,D3X,485,1600,1369.0,206,80.7843137254902,33.695572643728
Nikon,D3X,485,1600,1369.0,207,81.17647058823529,33.716741429541
Nikon,D3X,485,1600,1369.0,208,81.56862745098039,33.737807454419
Nikon,D3X,485,1600,1369.0,209,81.96078431372548,33.758771710706
Nikon,D3X,485,1600,1369.0,210,82.35294117647058,33.779635176442
Nikon,D3X,485,1600,1369.0,211,82.74509803921568,33.800398815636
Nikon,D3X,485,1600,1369.0,212,83.13725490196079,33.821063578534
Nikon,D3X,485,1600,1369.0,213,83.52941176470588,33.84163040188
Nikon,D3X,485,1600,1369.0,214,83.92156862745098,33.862100209167
Nikon,D3X,485,1600,1369.0,215,84.31372549019608,33.882473910893
Nikon,D3X,485,1600,1369.0,216,84.70588235294117,33.902752404797
Nikon,D3X,485,1600,1369.0,217,85.09803921568627,33.922936576098
Nikon,D3X,485,1600,1369.0,218,85.49019607843137,33.943027297729
Nikon,D3X,485,1600,1369.0,219,85.88235294117646,33.96302543056
Nikon,D3X,485,1600,1369.0,220,86.27450980392157,33.982931823622
Nikon,D3X,485,1600,1369.0,221,86.66666666666667,34.002747314322
Nikon,D3X,485,1600,1369.0,222,87.05882352941177,34.022472728653
Nikon,D3X,485,1600,1369.0,223,87.45098039215686,34.042108881402
Nikon,D3X,485,1600,1369.0,224,87.84313725490196,34.061656576352
Nikon,D3X,485,1600,1369.0,225,88.23529411764706,34.081116606479
Nikon,D3X,485,1600,1369.0,226,88.62745098039215,34.100489754143
Nikon,D3X,485,1600,1369.0,227,89.01960784313725,34.119776791279
Nikon,D3X,485,1600,1369.0,228,89.41176470588236,34.13897847958
Nikon,D3X,485,1600,1369.0,229,89.80392156862746,34.158095570679
Nikon,D3X,485,1600,1369.0,230,90.19607843137256,34.177128806322
Nikon,D3X,485,1600,1369.0,231,90.58823529411765,34.196078918547
Nikon,D3X,485,1600,1369.0,232,90.98039215686275,34.214946629844
Nikon,D3X,485,1600,1369.0,233,91.37254901960785,34.233732653327
Nikon,D3X,485,1600,1369.0,234,91.76470588235294,34.252437692893
Nikon,D3X,485,1600,1369.0,235,92.15686274509804,34.271062443382
Nikon,D3X,485,1600,1369.0,236,92.54901960784314,34.289607590729
Nikon,D3X,485,1600,1369.0,237,92.94117647058823,34.308073812115
Nikon,D3X,485,1600,1369.0,238,93.33333333333333,34.32646177612
Nikon,D3X,485,1600,1369.0,239,93.72549019607843,34.344772142865
Nikon,D3X,485,1600,1369.0,240,94.11764705882352,34.363005564151
Nikon,D3X,485,1600,1369.0,241,94.50980392156862,34.381162683605
Nikon,D3X,485,1600,1369.0,242,94.90196078431372,34.399244136811
Nikon,D3X,485,1600,1369.0,243,95.29411764705881,34.417250551444
Nikon,D3X,485,1600,1369.0,244,95.68627450980392,34.435182547404
Nikon,D3X,485,1600,1369.0,245,96.07843137254902,34.45304073694
Nikon,D3X,485,1600,1369.0,246,96.47058823529412,34.470825724777
Nikon,D3X,485,1600,1369.0,247,96.86274509803921,34.488538108238
Nikon,D3X,485,1600,1369.0,248,97.25490196078431,34.506178477367
Nikon,D3X,485,1600,1369.0,249,97.6470588235294,34.523747415043
Nikon,D3X,485,1600,1369.0,250,98.0392156862745,34.541245497098
Nikon,D3X,485,1600,1369.0,251,98.4313725490196,34.558673292429
Nikon,D3X,485,1600,1369.0,252,98.82352941176471,34.57603136311
Nikon,D3X,485,1600,1369.0,253,99.2156862745098,34.593320264499
Nikon,D3X,485,1600,1369.0,254,99.6078431372549,34.610540545347
Nikon,D3X,485,1600,1369.0,255,100.0,34.6276927479
Nikon,D3X,485,3200,2504.0,1.0644407122576,0.41742773029709807,0
Nikon,D3X,485,3200,2504.0,1.5767471383811,0.6183322111298432,2.5176499667477
Nikon,D3X,485,3200,2504.0,2,0.7843137254901961,7.3689686906022
Nikon,D3X,485,3200,2504.0,3,1.1764705882352942,9.9709216950706
Nikon,D3X,485,3200,2504.0,4,1.5686274509803921,11.711389310862
Nikon,D3X,485,3200,2504.0,5,1.9607843137254901,13.004535651636
Nikon,D3X,485,3200,2504.0,6,2.3529411764705883,14.026925335386
Nikon,D3X,485,3200,2504.0,7,2.7450980392156863,14.869176511644
Nikon,D3X,485,3200,2504.0,8,3.1372549019607843,15.58357767507
Nikon,D3X,485,3200,2504.0,9,3.5294117647058822,16.202864720629
Nikon,D3X,485,3200,2504.0,10,3.9215686274509802,16.748807514508
Nikon,D3X,485,3200,2504.0,11,4.313725490196078,17.23657361917
Nikon,D3X,485,3200,2504.0,12,4.705882352941177,17.677129791542
Nikon,D3X,485,3200,2504.0,13,5.098039215686274,18.078648819491
Nikon,D3X,485,3200,2504.0,14,5.490196078431373,18.447376322742
Nikon,D3X,485,3200,2504.0,15,5.88235294117647,18.78818754243
Nikon,D3X,485,3200,2504.0,20,7.8431372549019605,20.186435260161
Nikon,D3X,485,3200,2504.0,25,9.803921568627452,21.249515336623
Nikon,D3X,485,3200,2504.0,30,11.76470588235294,22.10695044953
Nikon,D3X,485,3200,2504.0,35,13.725490196078432,22.825484186043
Nikon,D3X,485,3200,2504.0,42,16.470588235294116,23.669158607364
Nikon,D3X,485,3200,2504.0,43,16.862745098039216,23.777629409139
Nikon,D3X,485,3200,2504.0,44,17.254901960784313,23.88352479591
Nikon,D3X,485,3200,2504.0,45,17.647058823529413,23.98696510721
Nikon,D3X,485,3200,2504.0,46,18.03921568627451,24.088062466364
Nikon,D3X,485,3200,2504.0,47,18.43137254901961,24.186921509929
Nikon,D3X,485,3200,2504.0,48,18.823529411764707,24.283640038114
Nikon,D3X,485,3200,2504.0,49,19.215686274509807,24.378309596219
Nikon,D3X,485,3200,2504.0,50,19.607843137254903,24.471015995674
Nikon,D3X,485,3200,2504.0,51,20.0,24.56183978203
Nikon,D3X,485,3200,2504.0,52,20.392156862745097,24.650856656259
Nikon,D3X,485,3200,2504.0,53,20.784313725490197,24.73813785482
Nikon,D3X,485,3200,2504.0,54,21.176470588235293,24.823750493244
Nikon,D3X,485,3200,2504.0,55,21.568627450980394,24.907757877343
Nikon,D3X,485,3200,2504.0,56,21.96078431372549,24.990219785642
Nikon,D3X,485,3200,2504.0,57,22.35294117647059,25.071192726157
Nikon,D3X,485,3200,2504.0,58,22.745098039215687,25.150730170259
Nikon,D3X,485,3200,2504.0,59,23.137254901960784,25.228882766043
Nikon,D3X,485,3200,2504.0,60,23.52941176470588,25.305698533303
Nikon,D3X,485,3200,2504.0,61,23.92156862745098,25.381223041989
Nikon,D3X,485,3200,2504.0,62,24.313725490196077,25.455499575794
Nikon,D3X,485,3200,2504.0,63,24.705882352941178,25.528569282331
Nikon,D3X,485,3200,2504.0,64,25.098039215686274,25.600471311193
Nikon,D3X,485,3200,2504.0,65,25.49019607843137,25.671242941058
Nikon,D3X,485,3200,2504.0,66,25.882352941176475,25.740919696851
Nikon,D3X,485,3200,2504.0,67,26.27450980392157,25.809535457894
Nikon,D3X,485,3200,2504.0,68,26.666666666666668,25.877122557854
Nikon,D3X,485,3200,2504.0,69,27.058823529411764,25.943711877228
Nikon,D3X,485,3200,2504.0,70,27.450980392156865,26.009332929019
Nikon,D3X,485,3200,2504.0,71,27.84313725490196,26.074013938197
Nikon,D3X,485,3200,2504.0,72,28.235294117647058,26.137781915483
Nikon,D3X,485,3200,2504.0,73,28.627450980392155,26.200662725922
Nikon,D3X,485,3200,2504.0,74,29.01960784313726,26.262681152696
Nikon,D3X,485,3200,2504.0,75,29.411764705882355,26.323860956556
Nikon,D3X,485,3200,2504.0,76,29.80392156862745,26.384224931232
Nikon,D3X,485,3200,2504.0,77,30.19607843137255,26.443794955149
Nikon,D3X,485,3200,2504.0,78,30.58823529411765,26.502592039725
Nikon,D3X,485,3200,2504.0,79,30.980392156862745,26.560636374541
Nikon,D3X,485,3200,2504.0,80,31.372549019607842,26.617947369597
Nikon,D3X,485,3200,2504.0,81,31.76470588235294,26.674543694901
Nikon,D3X,485,3200,2504.0,82,32.15686274509804,26.73044331757
Nikon,D3X,485,3200,2504.0,83,32.549019607843135,26.785663536643
Nikon,D3X,485,3200,2504.0,84,32.94117647058823,26.84022101576
Nikon,D3X,485,3200,2504.0,85,33.33333333333333,26.89413181388
Nikon,D3X,485,3200,2504.0,86,33.72549019607843,26.947411414153
Nikon,D3X,485,3200,2504.0,87,34.11764705882353,27.000074751104
Nikon,D3X,485,3200,2504.0,88,34.509803921568626,27.052136236219
Nikon,D3X,485,3200,2504.0,89,34.90196078431372,27.103609782073
Nikon,D3X,485,3200,2504.0,90,35.294117647058826,27.15450882507
Nikon,D3X,485,3200,2504.0,91,35.68627450980392,27.204846346913
Nikon,D3X,485,3200,2504.0,92,36.07843137254902,27.254634894872
Nikon,D3X,485,3200,2504.0,93,36.470588235294116,27.303886600939
Nikon,D3X,485,3200,2504.0,94,36.86274509803922,27.352613199941
Nikon,D3X,485,3200,2504.0,95,37.254901960784316,27.400826046672
Nikon,D3X,485,3200,2504.0,96,37.64705882352941,27.448536132117
Nikon,D3X,485,3200,2504.0,97,38.03921568627451,27.495754098816
Nikon,D3X,485,3200,2504.0,98,38.43137254901961,27.542490255431
Nikon,D3X,485,3200,2504.0,99,38.82352941176471,27.588754590552
Nikon,D3X,485,3200,2504.0,100,39.21568627450981,27.634556785808
Nikon,D3X,485,3200,2504.0,101,39.6078431372549,27.679906228302
Nikon,D3X,485,3200,2504.0,102,40.0,27.724812022436
Nikon,D3X,485,3200,2504.0,103,40.3921568627451,27.769283001135
Nikon,D3X,485,3200,2504.0,104,40.78431372549019,27.813327736531
Nikon,D3X,485,3200,2504.0,105,41.17647058823529,27.856954550123
Nikon,D3X,485,3200,2504.0,106,41.568627450980394,27.900171522446
Nikon,D3X,485,3200,2504.0,107,41.96078431372549,27.942986502277
Nikon,D3X,485,3200,2504.0,108,42.35294117647059,27.985407115414
Nikon,D3X,485,3200,2504.0,109,42.745098039215684,28.027440773031
Nikon,D3X,485,3200,2504.0,110,43.13725490196079,28.069094679659
Nikon,D3X,485,3200,2504.0,111,43.529411764705884,28.110375840788
Nikon,D3X,485,3200,2504.0,112,43.92156862745098,28.151291070129
Nikon,D3X,485,3200,2504.0,113,44.31372549019608,28.191846996548
Nikon,D3X,485,3200,2504.0,114,44.70588235294118,28.232050070688
Nikon,D3X,485,3200,2504.0,115,45.09803921568628,28.271906571296
Nikon,D3X,485,3200,2504.0,116,45.490196078431374,28.311422611276
Nikon,D3X,485,3200,2504.0,117,45.88235294117647,28.350604143473
Nikon,D3X,485,3200,2504.0,118,46.27450980392157,28.389456966211
Nikon,D3X,485,3200,2504.0,119,46.666666666666664,28.427986728592
Nikon,D3X,485,3200,2504.0,120,47.05882352941176,28.466198935572
Nikon,D3X,485,3200,2504.0,121,47.45098039215686,28.504098952818
Nikon,D3X,485,3200,2504.0,122,47.84313725490196,28.541692011367
Nikon,D3X,485,3200,2504.0,123,48.23529411764706,28.578983212092
Nikon,D3X,485,3200,2504.0,124,48.627450980392155,28.615977529982
Nikon,D3X,485,3200,2504.0,125,49.01960784313725,28.652679818245
Nikon,D3X,485,3200,2504.0,126,49.411764705882355,28.689094812256
Nikon,D3X,485,3200,2504.0,127,49.80392156862745,28.725227133332
Nikon,D3X,485,3200,2504.0,128,50.19607843137255,28.76108129237
Nikon,D3X,485,3200,2504.0,129,50.588235294117645,28.79666169333
Nikon,D3X,485,3200,2504.0,130,50.98039215686274,28.831972636591
Nikon,D3X,485,3200,2504.0,131,51.37254901960784,28.867018322172
Nikon,D3X,485,3200,2504.0,132,51.76470588235295,28.90180285283
Nikon,D3X,485,3200,2504.0,133,52.156862745098046,28.936330237035
Nikon,D3X,485,3200,2504.0,134,52.54901960784314,28.970604391842
Nikon,D3X,485,3200,2504.0,135,52.94117647058824,29.004629145645
Nikon,D3X,485,3200,2504.0,136,53.333333333333336,29.03840824083
Nikon,D3X,485,3200,2504.0,137,53.72549019607843,29.071945336336
Nikon,D3X,485,3200,2504.0,138,54.11764705882353,29.105244010114
Nikon,D3X,485,3200,2504.0,139,54.509803921568626,29.138307761497
Nikon,D3X,485,3200,2504.0,140,54.90196078431373,29.171140013491
Nikon,D3X,485,3200,2504.0,141,55.294117647058826,29.203744114972
Nikon,D3X,485,3200,2504.0,142,55.68627450980392,29.236123342813
Nikon,D3X,485,3200,2504.0,143,56.07843137254902,29.268280903935
Nikon,D3X,485,3200,2504.0,144,56.470588235294116,29.300219937279
Nikon,D3X,485,3200,2504.0,145,56.86274509803921,29.331943515718
Nikon,D3X,485,3200,2504.0,146,57.25490196078431,29.363454647892
Nikon,D3X,485,3200,2504.0,147,57.647058823529406,29.39475627999
Nikon,D3X,485,3200,2504.0,148,58.03921568627452,29.425851297465
Nikon,D3X,485,3200,2504.0,149,58.43137254901961,29.45674252669
Nikon,D3X,485,3200,2504.0,150,58.82352941176471,29.487432736561
Nikon,D3X,485,3200,2504.0,151,59.21568627450981,29.517924640044
Nikon,D3X,485,3200,2504.0,152,59.6078431372549,29.548220895669
Nikon,D3X,485,3200,2504.0,153,60.0,29.57832410898
Nikon,D3X,485,3200,2504.0,154,60.3921568627451,29.608236833932
Nikon,D3X,485,3200,2504.0,155,60.78431372549019,29.637961574241
Nikon,D3X,485,3200,2504.0,156,61.1764705882353,29.667500784696
Nikon,D3X,485,3200,2504.0,157,61.568627450980394,29.696856872423
Nikon,D3X,485,3200,2504.0,158,61.96078431372549,29.726032198115
Nikon,D3X,485,3200,2504.0,159,62.35294117647059,29.75502907721
Nikon,D3X,485,3200,2504.0,160,62.745098039215684,29.78384978105
Nikon,D3X,485,3200,2504.0,161,63.13725490196078,29.812496537986
Nikon,D3X,485,3200,2504.0,162,63.52941176470588,29.840971534459
Nikon,D3X,485,3200,2504.0,163,63.921568627450974,29.869276916044
Nikon,D3X,485,3200,2504.0,164,64.31372549019608,29.897414788461
Nikon,D3X,485,3200,2504.0,165,64.70588235294117,29.925387218556
Nikon,D3X,485,3200,2504.0,166,65.09803921568627,29.953196235254
Nikon,D3X,485,3200,2504.0,167,65.49019607843137,29.980843830478
Nikon,D3X,485,3200,2504.0,168,65.88235294117646,30.008331960044
Nikon,D3X,485,3200,2504.0,169,66.27450980392156,30.035662544529
Nikon,D3X,485,3200,2504.0,170,66.66666666666666,30.062837470111
Nikon,D3X,485,3200,2504.0,171,67.05882352941175,30.089858589387
Nikon,D3X,485,3200,2504.0,172,67.45098039215686,30.116727722164
Nikon,D3X,485,3200,2504.0,173,67.84313725490196,30.14344665623
Nikon,D3X,485,3200,2504.0,174,68.23529411764706,30.170017148098
Nikon,D3X,485,3200,2504.0,175,68.62745098039215,30.196440923733
Nikon,D3X,485,3200,2504.0,176,69.01960784313725,30.222719679257
Nikon,D3X,485,3200,2504.0,177,69.41176470588235,30.248855081629
Nikon,D3X,485,3200,2504.0,178,69.80392156862744,30.274848769315
Nikon,D3X,485,3200,2504.0,179,70.19607843137254,30.300702352929
Nikon,D3X,485,3200,2504.0,180,70.58823529411765,30.326417415864
Nikon,D3X,485,3200,2504.0,181,70.98039215686275,30.3519955149
Nikon,D3X,485,3200,2504.0,182,71.37254901960785,30.377438180797
Nikon,D3X,485,3200,2504.0,183,71.76470588235294,30.402746918872
Nikon,D3X,485,3200,2504.0,184,72.15686274509804,30.427923209561
Nikon,D3X,485,3200,2504.0,185,72.54901960784314,30.452968508961
Nikon,D3X,485,3200,2504.0,186,72.94117647058823,30.477884249365
Nikon,D3X,485,3200,2504.0,187,73.33333333333333,30.502671839774
Nikon,D3X,485,3200,2504.0,188,73.72549019607844,30.527332666401
Nikon,D3X,485,3200,2504.0,189,74.11764705882354,30.55186809316
Nikon,D3X,485,3200,2504.0,190,74.50980392156863,30.576279462141
Nikon,D3X,485,3200,2504.0,191,74.90196078431373,30.600568094073
Nikon,D3X,485,3200,2504.0,192,75.29411764705883,30.624735288776
Nikon,D3X,485,3200,2504.0,193,75.68627450980392,30.648782325598
Nikon,D3X,485,3200,2504.0,194,76.07843137254902,30.672710463847
Nikon,D3X,485,3200,2504.0,195,76.47058823529412,30.6965209432
Nikon,D3X,485,3200,2504.0,196,76.86274509803923,30.720214984116
Nikon,D3X,485,3200,2504.0,197,77.25490196078432,30.743793788228
Nikon,D3X,485,3200,2504.0,198,77.64705882352942,30.767258538728
Nikon,D3X,485,3200,2504.0,199,78.03921568627452,30.790610400742
Nikon,D3X,485,3200,2504.0,200,78.43137254901961,30.813850521699
Nikon,D3X,485,3200,2504.0,201,78.82352941176471,30.836980031684
Nikon,D3X,485,3200,2504.0,202,79.2156862745098,30.860000043787
Nikon,D3X,485,3200,2504.0,203,79.6078431372549,30.882911654444
Nikon,D3X,485,3200,2504.0,204,80.0,30.905715943764
Nikon,D3X,485,3200,2504.0,205,80.3921568627451,30.928413975854
Nikon,D3X,485,3200,2504.0,206,80.7843137254902,30.951006799134
Nikon,D3X,485,3200,2504.0,207,81.17647058823529,30.973495446642
Nikon,D3X,485,3200,2504.0,208,81.56862745098039,30.995880936333
Nikon,D3X,485,3200,2504.0,209,81.96078431372548,31.018164271376
Nikon,D3X,485,3200,2504.0,210,82.35294117647058,31.040346440432
Nikon,D3X,485,3200,2504.0,211,82.74509803921568,31.062428417937
Nikon,D3X,485,3200,2504.0,212,83.13725490196079,31.084411164373
Nikon,D3X,485,3200,2504.0,213,83.52941176470588,31.106295626532
Nikon,D3X,485,3200,2504.0,214,83.92156862745098,31.128082737777
Nikon,D3X,485,3200,2504.0,215,84.31372549019608,31.149773418292
Nikon,D3X,485,3200,2504.0,216,84.70588235294117,31.17136857533
Nikon,D3X,485,3200,2504.0,217,85.09803921568627,31.192869103456
Nikon,D3X,485,3200,2504.0,218,85.49019607843137,31.21427588478
Nikon,D3X,485,3200,2504.0,219,85.88235294117646,31.235589789188
Nikon,D3X,485,3200,2504.0,220,86.27450980392157,31.256811674569
Nikon,D3X,485,3200,2504.0,221,86.66666666666667,31.277942387031
Nikon,D3X,485,3200,2504.0,222,87.05882352941177,31.298982761117
Nikon,D3X,485,3200,2504.0,223,87.45098039215686,31.319933620016
Nikon,D3X,485,3200,2504.0,224,87.84313725490196,31.340795775767
Nikon,D3X,485,3200,2504.0,225,88.23529411764706,31.36157002946
Nikon,D3X,485,3200,2504.0,226,88.62745098039215,31.382257171432
Nikon,D3X,485,3200,2504.0,227,89.01960784313725,31.402857981459
Nikon,D3X,485,3200,2504.0,228,89.41176470588236,31.42337322894
Nikon,D3X,485,3200,2504.0,229,89.80392156862746,31.443803673086
Nikon,D3X,485,3200,2504.0,230,90.19607843137256,31.464150063095
Nikon,D3X,485,3200,2504.0,231,90.58823529411765,31.484413138328
Nikon,D3X,485,3200,2504.0,232,90.98039215686275,31.504593628482
Nikon,D3X,485,3200,2504.0,233,91.37254901960785,31.524692253756
Nikon,D3X,485,3200,2504.0,234,91.76470588235294,31.544709725017
Nikon,D3X,485,3200,2504.0,235,92.15686274509804,31.564646743956
Nikon,D3X,485,3200,2504.0,236,92.54901960784314,31.584504003253
Nikon,D3X,485,3200,2504.0,237,92.94117647058823,31.604282186725
Nikon,D3X,485,3200,2504.0,238,93.33333333333333,31.623981969476
Nikon,D3X,485,3200,2504.0,239,93.72549019607843,31.643604018048
Nikon,D3X,485,3200,2504.0,240,94.11764705882352,31.663148990564
Nikon,D3X,485,3200,2504.0,241,94.50980392156862,31.682617536867
Nikon,D3X,485,3200,2504.0,242,94.90196078431372,31.702010298663
Nikon,D3X,485,3200,2504.0,243,95.29411764705881,31.72132790965
Nikon,D3X,485,3200,2504.0,244,95.68627450980392,31.740570995656
Nikon,D3X,485,3200,2504.0,245,96.07843137254902,31.759740174767
Nikon,D3X,485,3200,2504.0,246,96.47058823529412,31.778836057455
Nikon,D3X,485,3200,2504.0,247,96.86274509803921,31.7978592467
Nikon,D3X,485,3200,2504.0,248,97.25490196078431,31.816810338113
Nikon,D3X,485,3200,2504.0,249,97.6470588235294,31.835689920061
Nikon,D3X,485,3200,2504.0,250,98.0392156862745,31.854498573774
Nikon,D3X,485,3200,2504.0,251,98.4313725490196,31.873236873469
Nikon,D3X,485,3200,2504.0,252,98.82352941176471,31.891905386458
Nikon,D3X,485,3200,2504.0,253,99.2156862745098,31.91050467326
Nikon,D3X,485,3200,2504.0,254,99.6078431372549,31.929035287706
Nikon,D3X,485,3200,2504.0,255,100.0,31.94749777705
Nikon,D3X,485,6400,5015.0,1.742455501554,0.6833158829623529,0
Nikon,D3X,485,6400,5015.0,2,0.7843137254901961,2.2621002975344
Nikon,D3X,485,6400,5015.0,3,1.1764705882352942,5.1993685866063
Nikon,D3X,485,6400,5015.0,4,1.5686274509803921,7.1832678597093
Nikon,D3X,485,6400,5015.0,5,1.9607843137254901,8.6614426643434
Nikon,D3X,485,6400,5015.0,6,2.3529411764705883,9.8293437522274
Nikon,D3X,485,6400,5015.0,7,2.7450980392156863,10.789086699516
Nikon,D3X,485,6400,5015.0,8,3.1372549019607843,11.600373812945
Nikon,D3X,485,6400,5015.0,9,3.5294117647058822,12.300942314676
Nikon,D3X,485,6400,5015.0,10,3.9215686274509802,12.916061211865
Nikon,D3X,485,6400,5015.0,11,4.313725490196078,13.463421053781
Nikon,D3X,485,6400,5015.0,12,4.705882352941177,13.955854400589
Nikon,D3X,485,6400,5015.0,13,5.098039215686274,14.402943984617
Nikon,D3X,485,6400,5015.0,14,5.490196078431373,14.812020968523
Nikon,D3X,485,6400,5015.0,15,5.88235294117647,15.188810109761
Nikon,D3X,485,6400,5015.0,20,7.8431372549019605,16.720947414081
Nikon,D3X,485,6400,5015.0,25,9.803921568627452,17.870876122556
Nikon,D3X,485,6400,5015.0,30,11.76470588235294,18.789192887247
Nikon,D3X,485,6400,5015.0,35,13.725490196078432,19.552758315583
Nikon,D3X,485,6400,5015.0,42,16.470588235294116,20.442795235134
Nikon,D3X,485,6400,5015.0,43,16.862745098039216,20.556744457696
Nikon,D3X,485,6400,5015.0,44,17.254901960784313,20.667886261734
Nikon,D3X,485,6400,5015.0,45,17.647058823529413,20.776355327954
Nikon,D3X,485,6400,5015.0,46,18.03921568627451,20.882276962343
Nikon,D3X,485,6400,5015.0,47,18.43137254901961,20.985767940309
Nikon,D3X,485,6400,5015.0,48,18.823529411764707,21.086937258429
Nikon,D3X,485,6400,5015.0,49,19.215686274509807,21.185886805637
Nikon,D3X,485,6400,5015.0,50,19.607843137254903,21.282711963941
Nikon,D3X,485,6400,5015.0,51,20.0,21.377502147329
Nikon,D3X,485,6400,5015.0,52,20.392156862745097,21.47034128631
Nikon,D3X,485,6400,5015.0,53,20.784313725490197,21.561308264505
Nikon,D3X,485,6400,5015.0,54,21.176470588235293,21.650477312864
Nikon,D3X,485,6400,5015.0,55,21.568627450980394,21.73791836631
Nikon,D3X,485,6400,5015.0,56,21.96078431372549,21.823697387029
Nikon,D3X,485,6400,5015.0,57,22.35294117647059,21.907876658044
Nikon,D3X,485,6400,5015.0,58,22.745098039215687,21.990515050304
Nikon,D3X,485,6400,5015.0,59,23.137254901960784,22.07166826607
Nikon,D3X,485,6400,5015.0,60,23.52941176470588,22.15138906108
Nikon,D3X,485,6400,5015.0,61,23.92156862745098,22.22972744767
Nikon,D3X,485,6400,5015.0,62,24.313725490196077,22.306730880759
Nikon,D3X,485,6400,5015.0,63,24.705882352941178,22.382444428409
Nikon,D3X,485,6400,5015.0,64,25.098039215686274,22.456910928453
Nikon,D3X,485,6400,5015.0,65,25.49019607843137,22.530171132542
Nikon,D3X,485,6400,5015.0,66,25.882352941176475,22.602263838794
Nikon,D3X,485,6400,5015.0,67,26.27450980392157,22.673226014102
Nikon,D3X,485,6400,5015.0,68,26.666666666666668,22.743092907058
Nikon,D3X,485,6400,5015.0,69,27.058823529411764,22.811898152343
Nikon,D3X,485,6400,5015.0,70,27.450980392156865,22.87967386733
Nikon,D3X,485,6400,5015.0,71,27.84313725490196,22.9464507416
Nikon,D3X,485,6400,5015.0,72,28.235294117647058,23.012258119974
Nikon,D3X,485,6400,5015.0,73,28.627450980392155,23.077124079613
Nikon,D3X,485,6400,5015.0,74,29.01960784313726,23.141075501701
Nikon,D3X,485,6400,5015.0,75,29.411764705882355,23.204138138138
Nikon,D3X,485,6400,5015.0,76,29.80392156862745,23.266336673673
Nikon,D3X,485,6400,5015.0,77,30.19607843137255,23.327694783829
Nikon,D3X,485,6400,5015.0,78,30.58823529411765,23.38823518897
Nikon,D3X,485,6400,5015.0,79,30.980392156862745,23.447979704803
Nikon,D3X,485,6400,5015.0,80,31.372549019607842,23.506949289598
Nikon,D3X,485,6400,5015.0,81,31.76470588235294,23.565164088374
Nikon,D3X,485,6400,5015.0,82,32.15686274509804,23.622643474292
Nikon,D3X,485,6400,5015.0,83,32.549019607843135,23.679406087442
Nikon,D3X,485,6400,5015.0,84,32.94117647058823,23.735469871248
Nikon,D3X,485,6400,5015.0,85,33.33333333333333,23.79085210663
Nikon,D3X,485,6400,5015.0,86,33.72549019607843,23.845569444119
Nikon,D3X,485,6400,5015.0,87,34.11764705882353,23.899637934045
Nikon,D3X,485,6400,5015.0,88,34.509803921568626,23.953073054948
Nikon,D3X,485,6400,5015.0,89,34.90196078431372,24.005889740334
Nikon,D3X,485,6400,5015.0,90,35.294117647058826,24.058102403884
Nikon,D3X,485,6400,5015.0,91,35.68627450980392,24.109724963232
Nikon,D3X,485,6400,5015.0,92,36.07843137254902,24.160770862394
Nikon,D3X,485,6400,5015.0,93,36.470588235294116,24.211253092958
Nikon,D3X,485,6400,5015.0,94,36.86274509803922,24.261184214097
Nikon,D3X,485,6400,5015.0,95,37.254901960784316,24.310576371489
Nikon,D3X,485,6400,5015.0,96,37.64705882352941,24.359441315226
Nikon,D3X,485,6400,5015.0,97,38.03921568627451,24.407790416757
Nikon,D3X,485,6400,5015.0,98,38.43137254901961,24.455634684935
Nikon,D3X,485,6400,5015.0,99,38.82352941176471,24.502984781236
Nikon,D3X,485,6400,5015.0,100,39.21568627450981,24.549851034177
Nikon,D3X,485,6400,5015.0,101,39.6078431372549,24.596243453001
Nikon,D3X,485,6400,5015.0,102,40.0,24.642171740671
Nikon,D3X,485,6400,5015.0,103,40.3921568627451,24.687645306203
Nikon,D3X,485,6400,5015.0,104,40.78431372549019,24.732673276395
Nikon,D3X,485,6400,5015.0,105,41.17647058823529,24.777264506969
Nikon,D3X,485,6400,5015.0,106,41.568627450980394,24.821427593178
Nikon,D3X,485,6400,5015.0,107,41.96078431372549,24.865170879895
Nikon,D3X,485,6400,5015.0,108,42.35294117647059,24.908502471221
Nikon,D3X,485,6400,5015.0,109,42.745098039215684,24.951430239637
Nikon,D3X,485,6400,5015.0,110,43.13725490196079,24.993961834729
Nikon,D3X,485,6400,5015.0,111,43.529411764705884,25.0361046915
Nikon,D3X,485,6400,5015.0,112,43.92156862745098,25.077866038307
Nikon,D3X,485,6400,5015.0,113,44.31372549019608,25.119252904431
Nikon,D3X,485,6400,5015.0,114,44.70588235294118,25.160272127303
Nikon,D3X,485,6400,5015.0,115,45.09803921568628,25.200930359409
Nikon,D3X,485,6400,5015.0,116,45.490196078431374,25.241234074885
Nikon,D3X,485,6400,5015.0,117,45.88235294117647,25.281189575822
Nikon,D3X,485,6400,5015.0,118,46.27450980392157,25.3208029983
Nikon,D3X,485,6400,5015.0,119,46.666666666666664,25.36008031815
Nikon,D3X,485,6400,5015.0,120,47.05882352941176,25.399027356476
Nikon,D3X,485,6400,5015.0,121,47.45098039215686,25.437649784945
Nikon,D3X,485,6400,5015.0,122,47.84313725490196,25.475953130842
Nikon,D3X,485,6400,5015.0,123,48.23529411764706,25.513942781924
Nikon,D3X,485,6400,5015.0,124,48.627450980392155,25.551623991066
Nikon,D3X,485,6400,5015.0,125,49.01960784313725,25.58900188072
Nikon,D3X,485,6400,5015.0,126,49.411764705882355,25.626081447184
Nikon,D3X,485,6400,5015.0,127,49.80392156862745,25.662867564711
Nikon,D3X,485,6400,5015.0,128,50.19607843137255,25.699364989436
Nikon,D3X,485,6400,5015.0,129,50.588235294117645,25.735578363161
Nikon,D3X,485,6400,5015.0,130,50.98039215686274,25.771512216983
Nikon,D3X,485,6400,5015.0,131,51.37254901960784,25.807170974777
Nikon,D3X,485,6400,5015.0,132,51.76470588235295,25.84255895655
Nikon,D3X,485,6400,5015.0,133,52.156862745098046,25.877680381663
Nikon,D3X,485,6400,5015.0,134,52.54901960784314,25.912539371922
Nikon,D3X,485,6400,5015.0,135,52.94117647058824,25.947139954565
Nikon,D3X,485,6400,5015.0,136,53.333333333333336,25.981486065122
Nikon,D3X,485,6400,5015.0,137,53.72549019607843,26.015581550178
Nikon,D3X,485,6400,5015.0,138,54.11764705882353,26.049430170026
Nikon,D3X,485,6400,5015.0,139,54.509803921568626,26.083035601227
Nikon,D3X,485,6400,5015.0,140,54.90196078431373,26.116401439074
Nikon,D3X,485,6400,5015.0,141,55.294117647058826,26.149531199964
Nikon,D3X,485,6400,5015.0,142,55.68627450980392,26.182428323685
Nikon,D3X,485,6400,5015.0,143,56.07843137254902,26.215096175629
Nikon,D3X,485,6400,5015.0,144,56.470588235294116,26.247538048908
Nikon,D3X,485,6400,5015.0,145,56.86274509803921,26.279757166417
Nikon,D3X,485,6400,5015.0,146,57.25490196078431,26.311756682805
Nikon,D3X,485,6400,5015.0,147,57.647058823529406,26.343539686391
Nikon,D3X,485,6400,5015.0,148,58.03921568627452,26.375109201003
Nikon,D3X,485,6400,5015.0,149,58.43137254901961,26.406468187765
Nikon,D3X,485,6400,5015.0,150,58.82352941176471,26.437619546809
Nikon,D3X,485,6400,5015.0,151,59.21568627450981,26.468566118943
Nikon,D3X,485,6400,5015.0,152,59.6078431372549,26.499310687253
Nikon,D3X,485,6400,5015.0,153,60.0,26.529855978651
Nikon,D3X,485,6400,5015.0,154,60.3921568627451,26.560204665383
Nikon,D3X,485,6400,5015.0,155,60.78431372549019,26.590359366468
Nikon,D3X,485,6400,5015.0,156,61.1764705882353,26.62032264911
Nikon,D3X,485,6400,5015.0,157,61.568627450980394,26.650097030049
Nikon,D3X,485,6400,5015.0,158,61.96078431372549,26.679684976873
Nikon,D3X,485,6400,5015.0,159,62.35294117647059,26.70908890929
Nikon,D3X,485,6400,5015.0,160,62.745098039215684,26.738311200359
Nikon,D3X,485,6400,5015.0,161,63.13725490196078,26.767354177674
Nikon,D3X,485,6400,5015.0,162,63.52941176470588,26.796220124523
Nikon,D3X,485,6400,5015.0,163,63.921568627450974,26.824911281001
Nikon,D3X,485,6400,5015.0,164,64.31372549019608,26.853429845091
Nikon,D3X,485,6400,5015.0,165,64.70588235294117,26.881777973713
Nikon,D3X,485,6400,5015.0,166,65.09803921568627,26.909957783739
Nikon,D3X,485,6400,5015.0,167,65.49019607843137,26.937971352977
Nikon,D3X,485,6400,5015.0,168,65.88235294117646,26.965820721125
Nikon,D3X,485,6400,5015.0,169,66.27450980392156,26.993507890697
Nikon,D3X,485,6400,5015.0,170,66.66666666666666,27.02103482792
Nikon,D3X,485,6400,5015.0,171,67.05882352941175,27.048403463605
Nikon,D3X,485,6400,5015.0,172,67.45098039215686,27.075615693991
Nikon,D3X,485,6400,5015.0,173,67.84313725490196,27.102673381564
Nikon,D3X,485,6400,5015.0,174,68.23529411764706,27.129578355854
Nikon,D3X,485,6400,5015.0,175,68.62745098039215,27.156332414206
Nikon,D3X,485,6400,5015.0,176,69.01960784313725,27.182937322531
Nikon,D3X,485,6400,5015.0,177,69.41176470588235,27.209394816033
Nikon,D3X,485,6400,5015.0,178,69.80392156862744,27.235706599915
Nikon,D3X,485,6400,5015.0,179,70.19607843137254,27.261874350069
Nikon,D3X,485,6400,5015.0,180,70.58823529411765,27.287899713741
Nikon,D3X,485,6400,5015.0,181,70.98039215686275,27.313784310181
Nikon,D3X,485,6400,5015.0,182,71.37254901960785,27.339529731272
Nikon,D3X,485,6400,5015.0,183,71.76470588235294,27.365137542142
Nikon,D3X,485,6400,5015.0,184,72.15686274509804,27.390609281762
Nikon,D3X,485,6400,5015.0,185,72.54901960784314,27.415946463525
Nikon,D3X,485,6400,5015.0,186,72.94117647058823,27.441150575805
Nikon,D3X,485,6400,5015.0,187,73.33333333333333,27.466223082511
Nikon,D3X,485,6400,5015.0,188,73.72549019607844,27.491165423616
Nikon,D3X,485,6400,5015.0,189,74.11764705882354,27.515979015675
Nikon,D3X,485,6400,5015.0,190,74.50980392156863,27.540665252334
Nikon,D3X,485,6400,5015.0,191,74.90196078431373,27.565225504816
Nikon,D3X,485,6400,5015.0,192,75.29411764705883,27.589661122401
Nikon,D3X,485,6400,5015.0,193,75.68627450980392,27.613973432892
Nikon,D3X,485,6400,5015.0,194,76.07843137254902,27.638163743068
Nikon,D3X,485,6400,5015.0,195,76.47058823529412,27.662233339123
Nikon,D3X,485,6400,5015.0,196,76.86274509803923,27.686183487098
Nikon,D3X,485,6400,5015.0,197,77.25490196078432,27.710015433301
Nikon,D3X,485,6400,5015.0,198,77.64705882352942,27.733730404709
Nikon,D3X,485,6400,5015.0,199,78.03921568627452,27.757329609372
Nikon,D3X,485,6400,5015.0,200,78.43137254901961,27.780814236795
Nikon,D3X,485,6400,5015.0,201,78.82352941176471,27.804185458318
Nikon,D3X,485,6400,5015.0,202,79.2156862745098,27.827444427484
Nikon,D3X,485,6400,5015.0,203,79.6078431372549,27.850592280395
Nikon,D3X,485,6400,5015.0,204,80.0,27.873630136064
Nikon,D3X,485,6400,5015.0,205,80.3921568627451,27.896559096755
Nikon,D3X,485,6400,5015.0,206,80.7843137254902,27.919380248315
Nikon,D3X,485,6400,5015.0,207,81.17647058823529,27.942094660499
Nikon,D3X,485,6400,5015.0,208,81.56862745098039,27.964703387285
Nikon,D3X,485,6400,5015.0,209,81.96078431372548,27.987207467184
Nikon,D3X,485,6400,5015.0,210,82.35294117647058,28.00960792354
Nikon,D3X,485,6400,5015.0,211,82.74509803921568,28.031905764823
Nikon,D3X,485,6400,5015.0,212,83.13725490196079,28.054101984917
Nikon,D3X,485,6400,5015.0,213,83.52941176470588,28.076197563401
Nikon,D3X,485,6400,5015.0,214,83.92156862745098,28.098193465818
Nikon,D3X,485,6400,5015.0,215,84.31372549019608,28.120090643946
Nikon,D3X,485,6400,5015.0,216,84.70588235294117,28.141890036055
Nikon,D3X,485,6400,5015.0,217,85.09803921568627,28.163592567164
Nikon,D3X,485,6400,5015.0,218,85.49019607843137,28.185199149288
Nikon,D3X,485,6400,5015.0,219,85.88235294117646,28.206710681678
Nikon,D3X,485,6400,5015.0,220,86.27450980392157,28.228128051063
Nikon,D3X,485,6400,5015.0,221,86.66666666666667,28.249452131878
Nikon,D3X,485,6400,5015.0,222,87.05882352941177,28.270683786489
Nikon,D3X,485,6400,5015.0,223,87.45098039215686,28.291823865419
Nikon,D3X,485,6400,5015.0,224,87.84313725490196,28.312873207556
Nikon,D3X,485,6400,5015.0,225,88.23529411764706,28.333832640373
Nikon,D3X,485,6400,5015.0,226,88.62745098039215,28.354702980126
Nikon,D3X,485,6400,5015.0,227,89.01960784313725,28.375485032063
Nikon,D3X,485,6400,5015.0,228,89.41176470588236,28.396179590615
Nikon,D3X,485,6400,5015.0,229,89.80392156862746,28.416787439591
Nikon,D3X,485,6400,5015.0,230,90.19607843137256,28.437309352368
Nikon,D3X,485,6400,5015.0,231,90.58823529411765,28.457746092072
Nikon,D3X,485,6400,5015.0,232,90.98039215686275,28.478098411762
Nikon,D3X,485,6400,5015.0,233,91.37254901960785,28.498367054603
Nikon,D3X,485,6400,5015.0,234,91.76470588235294,28.518552754041
Nikon,D3X,485,6400,5015.0,235,92.15686274509804,28.538656233969
Nikon,D3X,485,6400,5015.0,236,92.54901960784314,28.558678208896
Nikon,D3X,485,6400,5015.0,237,92.94117647058823,28.578619384102
Nikon,D3X,485,6400,5015.0,238,93.33333333333333,28.598480455805
Nikon,D3X,485,6400,5015.0,239,93.72549019607843,28.618262111308
Nikon,D3X,485,6400,5015.0,240,94.11764705882352,28.637965029153
Nikon,D3X,485,6400,5015.0,241,94.50980392156862,28.65758987927
Nikon,D3X,485,6400,5015.0,242,94.90196078431372,28.677137323123
Nikon,D3X,485,6400,5015.0,243,95.29411764705881,28.69660801385
Nikon,D3X,485,6400,5015.0,244,95.68627450980392,28.716002596401
Nikon,D3X,485,6400,5015.0,245,96.07843137254902,28.735321707677
Nikon,D3X,485,6400,5015.0,246,96.47058823529412,28.754565976663
Nikon,D3X,485,6400,5015.0,247,96.86274509803921,28.773736024557
Nikon,D3X,485,6400,5015.0,248,97.25490196078431,28.792832464899
Nikon,D3X,485,6400,5015.0,249,97.6470588235294,28.811855903698
Nikon,D3X,485,6400,5015.0,250,98.0392156862745,28.830806939549
Nikon,D3X,485,6400,5015.0,251,98.4313725490196,28.84968616376
Nikon,D3X,485,6400,5015.0,252,98.82352941176471,28.868494160468
Nikon,D3X,485,6400,5015.0,253,99.2156862745098,28.887231506751
Nikon,D3X,485,6400,5015.0,254,99.6078431372549,28.905898772746
Nikon,D3X,485,6400,5015.0,255,100.0,28.924496521756
