brand,model,sensor_id,iso_manufacturer,iso_measured,gray_level_255,gray_pct,snr_db
Nikon,D7200,1020,100,72.0,0.018029151233106,0.007070255385531765,0
Nikon,D7200,1020,100,72.0,0.032272003495911,0.012655687645455296,3.8843265141182
Nikon,D7200,1020,100,72.0,0.060419816656616,0.023694045747692547,7.6650155848918
Nikon,D7200,1020,100,72.0,0.11656834217982,0.04571307536463529,11.235797078801
Nikon,D7200,1020,100,72.0,0.24853055599539,0.09746296313544706,14.992722442324
Nikon,D7200,1020,100,72.0,0.42471986475881,0.16655680970933728,17.504171847672
Nikon,D7200,1020,100,72.0,0.74444295109265,0.29193841219319605,20.055044969879
Nikon,D7200,1020,100,72.0,1.660396106444,0.6511357280172549,23.617671380814
Nikon,D7200,1020,100,72.0,4.9060581376548,1.923944367707765,28.340097472313
Nikon,D7200,1020,100,72.0,5.9185842180691,2.3210134188506273,29.149664722836
Nikon,D7200,1020,100,72.0,6.9311102984835,2.7180824699935293,29.829024431246
Nikon,D7200,1020,100,72.0,7.9436363788978,3.1151515211363923,30.413962038557
Nikon,D7200,1020,100,72.0,8.9561624593122,3.512220572279294,30.927279200896
Nikon,D7200,1020,100,72.0,9.9686885397265,3.909289623422157,31.384402418316
Nikon,D7200,1020,100,72.0,10.981214620141,4.306358674565098,31.796256309551
Nikon,D7200,1020,100,72.0,11.993740700555,4.703427725707843,32.170861025642
Nikon,D7200,1020,100,72.0,13.00626678097,5.100496776850981,32.514278528189
Nikon,D7200,1020,100,72.0,14.018792861384,5.497565827993726,32.831202356167
Nikon,D7200,1020,100,72.0,15.031318941798,5.89463487913647,33.125340825898
Nikon,D7200,1020,100,72.0,16.043845022213,6.291703930279607,33.399674829051
Nikon,D7200,1020,100,72.0,17.056371102627,6.688772981422353,33.656636462917
Nikon,D7200,1020,100,72.0,18.068897183041,7.085842032565097,33.898235986417
Nikon,D7200,1020,100,72.0,19.081423263456,7.4829110837082355,34.126154062913
Nikon,D7200,1020,100,72.0,20.09394934387,7.879980134850981,34.341810091455
Nikon,D7200,1020,100,72.0,21.106475424284,8.277049185993725,34.546413699376
Nikon,D7200,1020,100,72.0,22.119001504699,8.674118237136863,34.741004142601
Nikon,D7200,1020,100,72.0,23.131527585113,9.071187288279607,34.926480868974
Nikon,D7200,1020,100,72.0,24.144053665527,9.468256339422352,35.103627521254
Nikon,D7200,1020,100,72.0,25.156579745942,9.865325390565491,35.273131000243
Nikon,D7200,1020,100,72.0,26.169105826356,10.262394441708235,35.435596759917
Nikon,D7200,1020,100,72.0,27.181631906771,10.659463492851371,35.591561194429
Nikon,D7200,1020,100,72.0,28.194157987185,11.056532543994118,35.741501756237
Nikon,D7200,1020,100,72.0,29.206684067599,11.453601595136863,35.885845286512
Nikon,D7200,1020,100,72.0,30.219210148014,11.85067064628,36.024974923934
Nikon,D7200,1020,100,72.0,31.231736228428,12.247739697422745,36.159235873428
Nikon,D7200,1020,100,72.0,32.244262308842,12.644808748565492,36.288940253401
Nikon,D7200,1020,100,72.0,33.256788389257,13.041877799708626,36.414371192655
Nikon,D7200,1020,100,72.0,34.269314469671,13.438946850851375,36.535786312184
Nikon,D7200,1020,100,72.0,35.281840550085,13.836015901994116,36.653420699456
Nikon,D7200,1020,100,72.0,36.2943666305,14.233084953137254,36.76748946144
Nikon,D7200,1020,100,72.0,37.306892710914,14.63015400428,36.878189926002
Nikon,D7200,1020,100,72.0,38.319418791328,15.027223055422745,36.985703548248
Nikon,D7200,1020,100,72.0,39.331944871743,15.424292106565881,37.090197568009
Nikon,D7200,1020,100,72.0,40.344470952157,15.82136115770863,37.191826456487
Nikon,D7200,1020,100,72.0,41.356997032571,16.218430208851373,37.290733183425
Nikon,D7200,1020,100,72.0,42.369523112986,16.61549925999451,37.387050330893
Nikon,D7200,1020,100,72.0,43.3820491934,17.012568311137255,37.480901075438
Nikon,D7200,1020,100,72.0,44.394575273815,17.409637362280392,37.572400056828
Nikon,D7200,1020,100,72.0,45.407101354229,17.806706413423136,37.661654148766
Nikon,D7200,1020,100,72.0,46.419627434643,18.20377546456588,37.748763144544
Nikon,D7200,1020,100,72.0,47.432153515058,18.60084451570902,37.833820368661
Nikon,D7200,1020,100,72.0,48.444679595472,18.997913566851764,37.916913223797
Nikon,D7200,1020,100,72.0,49.457205675886,19.39498261799451,37.998123681176
Nikon,D7200,1020,100,72.0,50.469731756301,19.79205166913765,38.077528721203
Nikon,D7200,1020,100,72.0,51.482257836715,20.189120720280393,38.155200730298
Nikon,D7200,1020,100,72.0,52.494783917129,20.586189771423136,38.231207859071
Nikon,D7200,1020,100,72.0,53.507309997544,20.983258822566274,38.305614346248
Nikon,D7200,1020,100,72.0,54.519836077958,21.380327873709017,38.378480812222
Nikon,D7200,1020,100,72.0,55.532362158372,21.777396924851764,38.449864525575
Nikon,D7200,1020,100,72.0,56.544888238787,22.174465975994902,38.519819645501
Nikon,D7200,1020,100,72.0,57.557414319201,22.57153502713765,38.588397442711
Nikon,D7200,1020,100,72.0,58.569940399616,22.968604078280784,38.655646501057
Nikon,D7200,1020,100,72.0,59.58246648003,23.365673129423527,38.721612901873
Nikon,D7200,1020,100,72.0,60.594992560444,23.762742180566274,38.786340392768
Nikon,D7200,1020,100,72.0,61.607518640859,24.159811231709412,38.849870542431
Nikon,D7200,1020,100,72.0,62.620044721273,24.556880282852156,38.912242882808
Nikon,D7200,1020,100,72.0,63.632570801687,24.953949333994903,38.973495039868
Nikon,D7200,1020,100,72.0,64.645096882102,25.351018385138037,39.03366285405
Nikon,D7200,1020,100,72.0,65.657622962516,25.748087436280787,39.092780491329
Nikon,D7200,1020,100,72.0,66.67014904293,26.14515648742353,39.150880545797
Nikon,D7200,1020,100,72.0,67.682675123345,26.542225538566672,39.207994134499
Nikon,D7200,1020,100,72.0,68.695201203759,26.939294589709412,39.264150985221
Nikon,D7200,1020,100,72.0,69.707727284173,27.336363640852156,39.319379517862
Nikon,D7200,1020,100,72.0,70.720253364588,27.733432691995297,39.373706919927
Nikon,D7200,1020,100,72.0,71.732779445002,28.130501743138037,39.427159216659
Nikon,D7200,1020,100,72.0,72.745305525416,28.52757079428078,39.479761336244
Nikon,D7200,1020,100,72.0,73.757831605831,28.924639845423922,39.531537170516
Nikon,D7200,1020,100,72.0,74.770357686245,29.32170889656667,39.582509631517
Nikon,D7200,1020,100,72.0,75.782883766659,29.718777947709413,39.632700704251
Nikon,D7200,1020,100,72.0,76.795409847074,30.115846998852547,39.682131495941
Nikon,D7200,1020,100,72.0,77.807935927488,30.512916049995297,39.730822282046
Nikon,D7200,1020,100,72.0,78.820462007902,30.909985101138037,39.778792549321
Nikon,D7200,1020,100,72.0,79.832988088317,31.30705415228117,39.826061036107
Nikon,D7200,1020,100,72.0,80.845514168731,31.704123203423922,39.872645770093
Nikon,D7200,1020,100,72.0,81.858040249146,32.10119225456706,39.918564103729
Nikon,D7200,1020,100,72.0,82.87056632956,32.49826130570981,39.963832747449
Nikon,D7200,1020,100,72.0,83.883092409974,32.89533035685255,40.008467800889
Nikon,D7200,1020,100,72.0,84.895618490389,33.29239940799569,40.052484782223
Nikon,D7200,1020,100,72.0,85.908144570803,33.68946845913843,40.095898655764
Nikon,D7200,1020,100,72.0,86.920670651217,34.086537510281175,40.13872385794
Nikon,D7200,1020,100,72.0,87.933196731632,34.48360656142431,40.180974321777
Nikon,D7200,1020,100,72.0,88.945722812046,34.88067561256706,40.222663499967
Nikon,D7200,1020,100,72.0,89.95824889246,35.277744663709804,40.26380438664
Nikon,D7200,1020,100,72.0,90.970774972875,35.674813714852945,40.304409537909
Nikon,D7200,1020,100,72.0,91.983301053289,36.07188276599568,40.344491091285
Nikon,D7200,1020,100,72.0,92.995827133703,36.46895181713843,40.384060784022
Nikon,D7200,1020,100,72.0,94.008353214118,36.866020868281566,40.423129970474
Nikon,D7200,1020,100,72.0,95.020879294532,37.26308991942432,40.461709638515
Nikon,D7200,1020,100,72.0,96.033405374946,37.66015897056706,40.499810425099
Nikon,D7200,1020,100,72.0,97.045931455361,38.0572280217102,40.53744263099
Nikon,D7200,1020,100,72.0,98.058457535775,38.454297072852945,40.574616234741
Nikon,D7200,1020,100,72.0,99.070983616189,38.85136612399568,40.611340905941
Nikon,D7200,1020,100,72.0,100.0835096966,39.24843517513726,40.647626017803
Nikon,D7200,1020,100,72.0,101.09603577702,39.645504226282355,40.683480659105
Nikon,D7200,1020,100,72.0,102.10856185743,40.04257327742353,40.718913645541
Nikon,D7200,1020,100,72.0,103.12108793785,40.43964232856863,40.753933530516
Nikon,D7200,1020,100,72.0,104.13361401826,40.836711379709804,40.788548615406
Nikon,D7200,1020,100,72.0,105.14614009868,41.2337804308549,40.822766959325
Nikon,D7200,1020,100,72.0,106.15866617909,41.63084948199608,40.856596388424
Nikon,D7200,1020,100,72.0,107.1711922595,42.02791853313725,40.890044504746
Nikon,D7200,1020,100,72.0,108.18371833992,42.424987584282356,40.923118694671
Nikon,D7200,1020,100,72.0,109.19624442033,42.822056635423536,40.955826136957
Nikon,D7200,1020,100,72.0,110.20877050075,43.21912568656863,40.988173810418
Nikon,D7200,1020,100,72.0,111.22129658116,43.616194737709804,41.020168501249
Nikon,D7200,1020,100,72.0,112.23382266158,44.01326378885491,41.051816810016
Nikon,D7200,1020,100,72.0,113.24634874199,44.41033283999608,41.083125158336
Nikon,D7200,1020,100,72.0,114.2588748224,44.80740189113725,41.114099795257
Nikon,D7200,1020,100,72.0,115.27140090282,45.204470942282356,41.144746803356
Nikon,D7200,1020,100,72.0,116.28392698323,45.60153999342353,41.175072104574
Nikon,D7200,1020,100,72.0,117.29645306365,45.998609044568624,41.20508146579
Nikon,D7200,1020,100,72.0,118.30897914406,46.395678095709805,41.234780504167
Nikon,D7200,1020,100,72.0,119.32150522448,46.7927471468549,41.264174692258
Nikon,D7200,1020,100,72.0,120.33403130489,47.18981619799608,41.293269362906
Nikon,D7200,1020,100,72.0,121.34655738531,47.58688524914118,41.32206971393
Nikon,D7200,1020,100,72.0,122.35908346572,47.983954300282356,41.350580812624
Nikon,D7200,1020,100,72.0,123.37160954613,48.38102335142353,41.378807600068
Nikon,D7200,1020,100,72.0,124.38413562655,48.77809240256863,41.406754895257
Nikon,D7200,1020,100,72.0,125.39666170696,49.175161453709805,41.43442739907
Nikon,D7200,1020,100,72.0,126.40918778738,49.5722305048549,41.461829698079
Nikon,D7200,1020,100,72.0,127.42171386779,49.96929955599608,41.4889662682
Nikon,D7200,1020,100,72.0,128.43423994821,50.366368607141176,41.515841478203
Nikon,D7200,1020,100,72.0,129.44676602862,50.76343765828235,41.542459593088
Nikon,D7200,1020,100,72.0,130.45929210903,51.16050670942352,41.568824777319
Nikon,D7200,1020,100,72.0,131.47181818945,51.55757576056863,41.594941097948
Nikon,D7200,1020,100,72.0,132.48434426986,51.954644811709805,41.620812527603
Nikon,D7200,1020,100,72.0,133.49687035028,52.35171386285491,41.646442947372
Nikon,D7200,1020,100,72.0,134.50939643069,52.74878291399608,41.671836149577
Nikon,D7200,1020,100,72.0,135.52192251111,53.145851965141176,41.696995840443
Nikon,D7200,1020,100,72.0,136.53444859152,53.54292101628235,41.721925642663
Nikon,D7200,1020,100,72.0,137.54697467193,53.93999006742353,41.746629097878
Nikon,D7200,1020,100,72.0,138.55950075235,54.33705911856863,41.771109669056
Nikon,D7200,1020,100,72.0,139.57202683276,54.734128169709805,41.79537074279
Nikon,D7200,1020,100,72.0,140.58455291318,55.1311972208549,41.819415631513
Nikon,D7200,1020,100,72.0,141.59707899359,55.52826627199609,41.84324757563
Nikon,D7200,1020,100,72.0,142.60960507401,55.92533532314118,41.866869745577
Nikon,D7200,1020,100,72.0,143.62213115442,56.32240437428236,41.890285243806
Nikon,D7200,1020,100,72.0,144.63465723484,56.71947342542746,41.9134971067
Nikon,D7200,1020,100,72.0,145.64718331525,57.11654247656863,41.936508306421
Nikon,D7200,1020,100,72.0,146.65970939566,57.513611527709806,41.959321752697
Nikon,D7200,1020,100,72.0,147.67223547608,57.9106805788549,41.981940294541
Nikon,D7200,1020,100,72.0,148.68476155649,58.307749629996074,42.00436672192
Nikon,D7200,1020,100,72.0,149.69728763691,58.70481868114118,42.026603767356
Nikon,D7200,1020,100,72.0,150.70981371732,59.10188773228236,42.048654107486
Nikon,D7200,1020,100,72.0,151.72233979774,59.498956783427445,42.070520364559
Nikon,D7200,1020,100,72.0,152.73486587815,59.89602583456863,42.092205107889
Nikon,D7200,1020,100,72.0,153.74739195856,60.293094885709806,42.113710855256
Nikon,D7200,1020,100,72.0,154.75991803898,60.6901639368549,42.135040074269
Nikon,D7200,1020,100,72.0,155.77244411939,61.087232987996074,42.156195183671
Nikon,D7200,1020,100,72.0,156.78497019981,61.484302039141184,42.177178554614
Nikon,D7200,1020,100,72.0,157.79749628022,61.88137109028236,42.19799251189
Nikon,D7200,1020,100,72.0,158.81002236064,62.27844014142745,42.218639335117
Nikon,D7200,1020,100,72.0,159.82254844105,62.675509192568626,42.239121259892
Nikon,D7200,1020,100,72.0,160.83507452146,63.072578243709806,42.259440478911
Nikon,D7200,1020,100,72.0,161.84760060188,63.4696472948549,42.279599143042
Nikon,D7200,1020,100,72.0,162.86012668229,63.866716345996075,42.29959936238
Nikon,D7200,1020,100,72.0,163.87265276271,64.26378539714118,42.319443207256
Nikon,D7200,1020,100,72.0,164.88517884312,64.66085444828235,42.339132709223
Nikon,D7200,1020,100,72.0,165.89770492354,65.05792349942745,42.358669862009
Nikon,D7200,1020,100,72.0,166.91023100395,65.45499255056862,42.37805662244
Nikon,D7200,1020,100,72.0,167.92275708436,65.8520616017098,42.397294911334
Nikon,D7200,1020,100,72.0,168.93528316478,66.2491306528549,42.416386614377
Nikon,D7200,1020,100,72.0,169.94780924519,66.64619970399607,42.435333582958
Nikon,D7200,1020,100,72.0,170.96033532561,67.04326875514118,42.454137634993
Nikon,D7200,1020,100,72.0,171.97286140602,67.44033780628236,42.472800555716
Nikon,D7200,1020,100,72.0,172.98538748644,67.83740685742745,42.491324098451
Nikon,D7200,1020,100,72.0,173.99791356685,68.23447590856863,42.509709985357
Nikon,D7200,1020,100,72.0,175.01043964727,68.63154495971374,42.52795990816
Nikon,D7200,1020,100,72.0,176.02296572768,69.02861401085491,42.546075528853
Nikon,D7200,1020,100,72.0,177.03549180809,69.42568306199608,42.564058480383
Nikon,D7200,1020,100,72.0,178.04801788851,69.82275211314118,42.581910367316
Nikon,D7200,1020,100,72.0,179.06054396892,70.21982116428237,42.599632766487
Nikon,D7200,1020,100,72.0,180.07307004934,70.61689021542745,42.617227227622
Nikon,D7200,1020,100,72.0,181.08559612975,71.01395926656863,42.634695273955
Nikon,D7200,1020,100,72.0,182.09812221017,71.41102831771373,42.652038402817
Nikon,D7200,1020,100,72.0,183.11064829058,71.8080973688549,42.669258086217
Nikon,D7200,1020,100,72.0,184.12317437099,72.20516641999608,42.686355771401
Nikon,D7200,1020,100,72.0,185.13570045141,72.60223547114117,42.703332881395
Nikon,D7200,1020,100,72.0,186.14822653182,72.99930452228234,42.720190815545
Nikon,D7200,1020,100,72.0,187.16075261224,73.39637357342745,42.736930950023
Nikon,D7200,1020,100,72.0,188.17327869265,73.79344262456863,42.753554638336
Nikon,D7200,1020,100,72.0,189.18580477307,74.19051167571372,42.770063211814
Nikon,D7200,1020,100,72.0,190.19833085348,74.58758072685491,42.786457980083
Nikon,D7200,1020,100,72.0,191.21085693389,74.98464977799608,42.802740231534
Nikon,D7200,1020,100,72.0,192.22338301431,75.38171882914118,42.818911233767
Nikon,D7200,1020,100,72.0,193.23590909472,75.77878788028235,42.834972234037
Nikon,D7200,1020,100,72.0,194.24843517514,76.17585693142746,42.850924459677
Nikon,D7200,1020,100,72.0,195.26096125555,76.57292598256863,42.866769118516
Nikon,D7200,1020,100,72.0,196.27348733597,76.96999503371373,42.882507399285
Nikon,D7200,1020,100,72.0,197.28601341638,77.3670640848549,42.898140472013
Nikon,D7200,1020,100,72.0,198.2985394968,77.764133136,42.913669488411
Nikon,D7200,1020,100,72.0,199.31106557721,78.16120218714117,42.929095582248
Nikon,D7200,1020,100,72.0,200.32359165762,78.55827123828234,42.944419869716
Nikon,D7200,1020,100,72.0,201.33611773804,78.95534028942745,42.959643449787
Nikon,D7200,1020,100,72.0,202.34864381845,79.35240934056863,42.974767404562
Nikon,D7200,1020,100,72.0,203.36116989887,79.74947839171372,42.989792799607
Nikon,D7200,1020,100,72.0,204.37369597928,80.1465474428549,43.004720684288
Nikon,D7200,1020,100,72.0,205.3862220597,80.543616494,43.019552092087
Nikon,D7200,1020,100,72.0,206.39874814011,80.94068554514118,43.034288040923
Nikon,D7200,1020,100,72.0,207.41127422052,81.33775459628235,43.048929533453
Nikon,D7200,1020,100,72.0,208.42380030094,81.73482364742746,43.063477557376
Nikon,D7200,1020,100,72.0,209.43632638135,82.13189269856863,43.077933085721
Nikon,D7200,1020,100,72.0,210.44885246177,82.52896174971373,43.092297077136
Nikon,D7200,1020,100,72.0,211.46137854218,82.9260308008549,43.106570476159
Nikon,D7200,1020,100,72.0,212.4739046226,83.323099852,43.120754213499
Nikon,D7200,1020,100,72.0,213.48643070301,83.72016890314117,43.134849206293
Nikon,D7200,1020,100,72.0,214.49895678342,84.11723795428236,43.148856358367
Nikon,D7200,1020,100,72.0,215.51148286384,84.51430700542744,43.162776560491
Nikon,D7200,1020,100,72.0,216.52400894425,84.91137605656863,43.176610690622
Nikon,D7200,1020,100,72.0,217.53653502467,85.30844510771372,43.190359614146
Nikon,D7200,1020,100,72.0,218.54906110508,85.7055141588549,43.204024184115
Nikon,D7200,1020,100,72.0,219.5615871855,86.10258321,43.217605241475
Nikon,D7200,1020,100,72.0,220.57411326591,86.49965226114118,43.231103615289
Nikon,D7200,1020,100,72.0,221.58663934633,86.89672131228627,43.24452012296
Nikon,D7200,1020,100,72.0,222.59916542674,87.29379036342745,43.257855570442
Nikon,D7200,1020,100,72.0,223.61169150715,87.69085941456862,43.271110752452
Nikon,D7200,1020,100,72.0,224.62421758757,88.08792846571373,43.284286452673
Nikon,D7200,1020,100,72.0,225.63674366798,88.4849975168549,43.297383443953
Nikon,D7200,1020,100,72.0,226.6492697484,88.882066568,43.310402488504
Nikon,D7200,1020,100,72.0,227.66179582881,89.27913561914119,43.323344338092
Nikon,D7200,1020,100,72.0,228.67432190923,89.67620467028627,43.336209734219
Nikon,D7200,1020,100,72.0,229.68684798964,90.07327372142746,43.348999408315
Nikon,D7200,1020,100,72.0,230.69937407005,90.47034277256863,43.361714081909
Nikon,D7200,1020,100,72.0,231.71190015047,90.86741182371372,43.374354466807
Nikon,D7200,1020,100,72.0,232.72442623088,91.2644808748549,43.386921265262
Nikon,D7200,1020,100,72.0,233.7369523113,91.66154992599999,43.399415170145
Nikon,D7200,1020,100,72.0,234.74947839171,92.05861897714117,43.411836865102
Nikon,D7200,1020,100,72.0,235.76200447213,92.45568802828627,43.424187024719
Nikon,D7200,1020,100,72.0,236.77453055254,92.85275707942745,43.436466314679
Nikon,D7200,1020,100,72.0,237.78705663295,93.24982613056862,43.448675391911
Nikon,D7200,1020,100,72.0,238.79958271337,93.64689518171373,43.460814904745
Nikon,D7200,1020,100,72.0,239.81210879378,94.0439642328549,43.472885493057
Nikon,D7200,1020,100,72.0,240.8246348742,94.441033284,43.484887788411
Nikon,D7200,1020,100,72.0,241.83716095461,94.83810233514117,43.496822414203
Nikon,D7200,1020,100,72.0,242.84968703503,95.23517138628628,43.508689985795
Nikon,D7200,1020,100,72.0,243.86221311544,95.63224043742746,43.520491110655
Nikon,D7200,1020,100,72.0,244.87473919586,96.02930948857255,43.532226388483
Nikon,D7200,1020,100,72.0,245.88726527627,96.42637853971372,43.543896411346
Nikon,D7200,1020,100,72.0,246.89979135668,96.82344759085491,43.555501763803
Nikon,D7200,1020,100,72.0,247.9123174371,97.22051664199999,43.567043023025
Nikon,D7200,1020,100,72.0,248.92484351751,97.61758569314118,43.578520758923
Nikon,D7200,1020,100,72.0,249.93736959793,98.01465474428628,43.589935534263
Nikon,D7200,1020,100,72.0,250.94989567834,98.41172379542745,43.601287904785
Nikon,D7200,1020,100,72.0,251.96242175876,98.80879284657254,43.612578419315
Nikon,D7200,1020,100,72.0,252.97494783917,99.20586189771372,43.62380761988
Nikon,D7200,1020,100,72.0,253.98747391958,99.6029309488549,43.634976041812
Nikon,D7200,1020,100,72.0,255,100.0,43.646084213865
Nikon,D7200,1020,200,144.0,0.032272003495911,0.012655687645455296,0
Nikon,D7200,1020,200,144.0,0.060419816656616,0.023694045747692547,4.0685553199313
Nikon,D7200,1020,200,144.0,0.11656834217982,0.04571307536463529,7.8940784341469
Nikon,D7200,1020,200,144.0,0.24853055599539,0.09746296313544706,11.852916115325
Nikon,D7200,1020,200,144.0,0.42471986475881,0.16655680970933728,14.45371320075
Nikon,D7200,1020,200,144.0,0.74444295109265,0.29193841219319605,17.064234797354
Nikon,D7200,1020,200,144.0,1.660396106444,0.6511357280172549,20.675261757046
Nikon,D7200,1020,200,144.0,4.9060581376548,1.923944367707765,25.433014393273
Nikon,D7200,1020,200,144.0,5.9185842180691,2.3210134188506273,26.247887834356
Nikon,D7200,1020,200,144.0,6.9311102984835,2.7180824699935293,26.931883802645
Nikon,D7200,1020,200,144.0,7.9436363788978,3.1151515211363923,27.521038601018
Nikon,D7200,1020,200,144.0,8.9561624593122,3.512220572279294,28.038291779265
Nikon,D7200,1020,200,144.0,9.9686885397265,3.909289623422157,28.499151930415
Nikon,D7200,1020,200,144.0,10.981214620141,4.306358674565098,28.914595608
Nikon,D7200,1020,200,144.0,11.993740700555,4.703427725707843,29.292677431885
Nikon,D7200,1020,200,144.0,13.00626678097,5.100496776850981,29.639483146404
Nikon,D7200,1020,200,144.0,14.018792861384,5.497565827993726,29.959723236349
Nikon,D7200,1020,200,144.0,15.031318941798,5.89463487913647,30.257118424095
Nikon,D7200,1020,200,144.0,16.043845022213,6.291703930279607,30.53465889682
Nikon,D7200,1020,200,144.0,17.056371102627,6.688772981422353,30.794783858005
Nikon,D7200,1020,200,144.0,18.068897183041,7.085842032565097,31.039509095537
Nikon,D7200,1020,200,144.0,19.081423263456,7.4829110837082355,31.270519642098
Nikon,D7200,1020,200,144.0,20.09394934387,7.879980134850981,31.489238397966
Nikon,D7200,1020,200,144.0,21.106475424284,8.277049185993725,31.696877831391
Nikon,D7200,1020,200,144.0,22.119001504699,8.674118237136863,31.894479529697
Nikon,D7200,1020,200,144.0,23.131527585113,9.071187288279607,32.082944873874
Nikon,D7200,1020,200,144.0,24.144053665527,9.468256339422352,32.263059124873
Nikon,D7200,1020,200,144.0,25.156579745942,9.865325390565491,32.435510549952
Nikon,D7200,1020,200,144.0,26.169105826356,10.262394441708235,32.600905766372
Nikon,D7200,1020,200,144.0,27.181631906771,10.659463492851371,32.759782166115
Nikon,D7200,1020,200,144.0,28.194157987185,11.056532543994118,32.912618063625
Nikon,D7200,1020,200,144.0,29.206684067599,11.453601595136863,33.059841049667
Nikon,D7200,1020,200,144.0,30.219210148014,11.85067064628,33.201834918869
Nikon,D7200,1020,200,144.0,31.231736228428,12.247739697422745,33.338945453566
Nikon,D7200,1020,200,144.0,32.244262308842,12.644808748565492,33.471485283296
Nikon,D7200,1020,200,144.0,33.256788389257,13.041877799708626,33.599737991739
Nikon,D7200,1020,200,144.0,34.269314469671,13.438946850851375,33.723961606766
Nikon,D7200,1020,200,144.0,35.281840550085,13.836015901994116,33.844391581551
Nikon,D7200,1020,200,144.0,36.2943666305,14.233084953137254,33.961243353287
Nikon,D7200,1020,200,144.0,37.306892710914,14.63015400428,34.074714549352
Nikon,D7200,1020,200,144.0,38.319418791328,15.027223055422745,34.184986897656
Nikon,D7200,1020,200,144.0,39.331944871743,15.424292106565881,34.292227887523
Nikon,D7200,1020,200,144.0,40.344470952157,15.82136115770863,34.396592219214
Nikon,D7200,1020,200,144.0,41.356997032571,16.218430208851373,34.498223073561
Nikon,D7200,1020,200,144.0,42.369523112986,16.61549925999451,34.597253227862
Nikon,D7200,1020,200,144.0,43.3820491934,17.012568311137255,34.693806039835
Nikon,D7200,1020,200,144.0,44.394575273815,17.409637362280392,34.787996317939
Nikon,D7200,1020,200,144.0,45.407101354229,17.806706413423136,34.879931093438
Nikon,D7200,1020,200,144.0,46.419627434643,18.20377546456588,34.969710307234
Nikon,D7200,1020,200,144.0,47.432153515058,18.60084451570902,35.057427422518
Nikon,D7200,1020,200,144.0,48.444679595472,18.997913566851764,35.143169972643
Nikon,D7200,1020,200,144.0,49.457205675886,19.39498261799451,35.227020052274
Nikon,D7200,1020,200,144.0,50.469731756301,19.79205166913765,35.309054758723
Nikon,D7200,1020,200,144.0,51.482257836715,20.189120720280393,35.389346589399
Nikon,D7200,1020,200,144.0,52.494783917129,20.586189771423136,35.467963800519
Nikon,D7200,1020,200,144.0,53.507309997544,20.983258822566274,35.544970731526
Nikon,D7200,1020,200,144.0,54.519836077958,21.380327873709017,35.620428099058
Nikon,D7200,1020,200,144.0,55.532362158372,21.777396924851764,35.694393263856
Nikon,D7200,1020,200,144.0,56.544888238787,22.174465975994902,35.766920473532
Nikon,D7200,1020,200,144.0,57.557414319201,22.57153502713765,35.838061083771
Nikon,D7200,1020,200,144.0,58.569940399616,22.968604078280784,35.907863760239
Nikon,D7200,1020,200,144.0,59.58246648003,23.365673129423527,35.976374663158
Nikon,D7200,1020,200,144.0,60.594992560444,23.762742180566274,36.043637616332
Nikon,D7200,1020,200,144.0,61.607518640859,24.159811231709412,36.109694262148
Nikon,D7200,1020,200,144.0,62.620044721273,24.556880282852156,36.174584203929
Nikon,D7200,1020,200,144.0,63.632570801687,24.953949333994903,36.238345136874
Nikon,D7200,1020,200,144.0,64.645096882102,25.351018385138037,36.301012968642
Nikon,D7200,1020,200,144.0,65.657622962516,25.748087436280787,36.362621930566
Nikon,D7200,1020,200,144.0,66.67014904293,26.14515648742353,36.423204680347
Nikon,D7200,1020,200,144.0,67.682675123345,26.542225538566672,36.482792397002
Nikon,D7200,1020,200,144.0,68.695201203759,26.939294589709412,36.541414868764
Nikon,D7200,1020,200,144.0,69.707727284173,27.336363640852156,36.599100574538
Nikon,D7200,1020,200,144.0,70.720253364588,27.733432691995297,36.655876759486
Nikon,D7200,1020,200,144.0,71.732779445002,28.130501743138037,36.711769505232
Nikon,D7200,1020,200,144.0,72.745305525416,28.52757079428078,36.766803795144
Nikon,D7200,1020,200,144.0,73.757831605831,28.924639845423922,36.821003575105
Nikon,D7200,1020,200,144.0,74.770357686245,29.32170889656667,36.874391810131
Nikon,D7200,1020,200,144.0,75.782883766659,29.718777947709413,36.926990537188
Nikon,D7200,1020,200,144.0,76.795409847074,30.115846998852547,36.978820914491
Nikon,D7200,1020,200,144.0,77.807935927488,30.512916049995297,37.029903267583
Nikon,D7200,1020,200,144.0,78.820462007902,30.909985101138037,37.080257132425
Nikon,D7200,1020,200,144.0,79.832988088317,31.30705415228117,37.129901295737
Nikon,D7200,1020,200,144.0,80.845514168731,31.704123203423922,37.178853832799
Nikon,D7200,1020,200,144.0,81.858040249146,32.10119225456706,37.227132142891
Nikon,D7200,1020,200,144.0,82.87056632956,32.49826130570981,37.274752982559
Nikon,D7200,1020,200,144.0,83.883092409974,32.89533035685255,37.32173249686
Nikon,D7200,1020,200,144.0,84.895618490389,33.29239940799569,37.368086248725
Nikon,D7200,1020,200,144.0,85.908144570803,33.68946845913843,37.413829246588
Nikon,D7200,1020,200,144.0,86.920670651217,34.086537510281175,37.458975970391
Nikon,D7200,1020,200,144.0,87.933196731632,34.48360656142431,37.503540396085
Nikon,D7200,1020,200,144.0,88.945722812046,34.88067561256706,37.547536018723
Nikon,D7200,1020,200,144.0,89.95824889246,35.277744663709804,37.590975874253
Nikon,D7200,1020,200,144.0,90.970774972875,35.674813714852945,37.633872560081
Nikon,D7200,1020,200,144.0,91.983301053289,36.07188276599568,37.676238254504
Nikon,D7200,1020,200,144.0,92.995827133703,36.46895181713843,37.718084735076
Nikon,D7200,1020,200,144.0,94.008353214118,36.866020868281566,37.759423395974
Nikon,D7200,1020,200,144.0,95.020879294532,37.26308991942432,37.800265264442
Nikon,D7200,1020,200,144.0,96.033405374946,37.66015897056706,37.840621016356
Nikon,D7200,1020,200,144.0,97.045931455361,38.0572280217102,37.880500990975
Nikon,D7200,1020,200,144.0,98.058457535775,38.454297072852945,37.919915204929
Nikon,D7200,1020,200,144.0,99.070983616189,38.85136612399568,37.958873365481
Nikon,D7200,1020,200,144.0,100.0835096966,39.24843517513726,37.997384883122
Nikon,D7200,1020,200,144.0,101.09603577702,39.645504226282355,38.035458883525
Nikon,D7200,1020,200,144.0,102.10856185743,40.04257327742353,38.073104218911
Nikon,D7200,1020,200,144.0,103.12108793785,40.43964232856863,38.110329478844
Nikon,D7200,1020,200,144.0,104.13361401826,40.836711379709804,38.14714300051
Nikon,D7200,1020,200,144.0,105.14614009868,41.2337804308549,38.183552878484
Nikon,D7200,1020,200,144.0,106.15866617909,41.63084948199608,38.219566974047
Nikon,D7200,1020,200,144.0,107.1711922595,42.02791853313725,38.255192924042
Nikon,D7200,1020,200,144.0,108.18371833992,42.424987584282356,38.290438149326
Nikon,D7200,1020,200,144.0,109.19624442033,42.822056635423536,38.325309862822
Nikon,D7200,1020,200,144.0,110.20877050075,43.21912568656863,38.359815077206
Nikon,D7200,1020,200,144.0,111.22129658116,43.616194737709804,38.39396061223
Nikon,D7200,1020,200,144.0,112.23382266158,44.01326378885491,38.427753101728
Nikon,D7200,1020,200,144.0,113.24634874199,44.41033283999608,38.461199000295
Nikon,D7200,1020,200,144.0,114.2588748224,44.80740189113725,38.494304589677
Nikon,D7200,1020,200,144.0,115.27140090282,45.204470942282356,38.527075984873
Nikon,D7200,1020,200,144.0,116.28392698323,45.60153999342353,38.559519139973
Nikon,D7200,1020,200,144.0,117.29645306365,45.998609044568624,38.591639853743
Nikon,D7200,1020,200,144.0,118.30897914406,46.395678095709805,38.62344377497
Nikon,D7200,1020,200,144.0,119.32150522448,46.7927471468549,38.654936407576
Nikon,D7200,1020,200,144.0,120.33403130489,47.18981619799608,38.686123115522
Nikon,D7200,1020,200,144.0,121.34655738531,47.58688524914118,38.717009127498
Nikon,D7200,1020,200,144.0,122.35908346572,47.983954300282356,38.747599541426
Nikon,D7200,1020,200,144.0,123.37160954613,48.38102335142353,38.777899328775
Nikon,D7200,1020,200,144.0,124.38413562655,48.77809240256863,38.807913338693
Nikon,D7200,1020,200,144.0,125.39666170696,49.175161453709805,38.837646301986
Nikon,D7200,1020,200,144.0,126.40918778738,49.5722305048549,38.86710283492
Nikon,D7200,1020,200,144.0,127.42171386779,49.96929955599608,38.896287442884
Nikon,D7200,1020,200,144.0,128.43423994821,50.366368607141176,38.925204523901
Nikon,D7200,1020,200,144.0,129.44676602862,50.76343765828235,38.953858372004
Nikon,D7200,1020,200,144.0,130.45929210903,51.16050670942352,38.982253180482
Nikon,D7200,1020,200,144.0,131.47181818945,51.55757576056863,39.010393044994
Nikon,D7200,1020,200,144.0,132.48434426986,51.954644811709805,39.038281966572
Nikon,D7200,1020,200,144.0,133.49687035028,52.35171386285491,39.065923854502
Nikon,D7200,1020,200,144.0,134.50939643069,52.74878291399608,39.093322529103
Nikon,D7200,1020,200,144.0,135.52192251111,53.145851965141176,39.120481724393
Nikon,D7200,1020,200,144.0,136.53444859152,53.54292101628235,39.147405090669
Nikon,D7200,1020,200,144.0,137.54697467193,53.93999006742353,39.174096196974
Nikon,D7200,1020,200,144.0,138.55950075235,54.33705911856863,39.200558533493
Nikon,D7200,1020,200,144.0,139.57202683276,54.734128169709805,39.226795513843
Nikon,D7200,1020,200,144.0,140.58455291318,55.1311972208549,39.252810477296
Nikon,D7200,1020,200,144.0,141.59707899359,55.52826627199609,39.27860669091
Nikon,D7200,1020,200,144.0,142.60960507401,55.92533532314118,39.304187351593
Nikon,D7200,1020,200,144.0,143.62213115442,56.32240437428236,39.329555588088
Nikon,D7200,1020,200,144.0,144.63465723484,56.71947342542746,39.354714462894
Nikon,D7200,1020,200,144.0,145.64718331525,57.11654247656863,39.37966697411
Nikon,D7200,1020,200,144.0,146.65970939566,57.513611527709806,39.404416057229
Nikon,D7200,1020,200,144.0,147.67223547608,57.9106805788549,39.428964586858
Nikon,D7200,1020,200,144.0,148.68476155649,58.307749629996074,39.453315378385
Nikon,D7200,1020,200,144.0,149.69728763691,58.70481868114118,39.477471189589
Nikon,D7200,1020,200,144.0,150.70981371732,59.10188773228236,39.501434722196
Nikon,D7200,1020,200,144.0,151.72233979774,59.498956783427445,39.52520862338
Nikon,D7200,1020,200,144.0,152.73486587815,59.89602583456863,39.548795487217
Nikon,D7200,1020,200,144.0,153.74739195856,60.293094885709806,39.572197856092
Nikon,D7200,1020,200,144.0,154.75991803898,60.6901639368549,39.595418222054
Nikon,D7200,1020,200,144.0,155.77244411939,61.087232987996074,39.618459028133
Nikon,D7200,1020,200,144.0,156.78497019981,61.484302039141184,39.641322669613
Nikon,D7200,1020,200,144.0,157.79749628022,61.88137109028236,39.66401149526
Nikon,D7200,1020,200,144.0,158.81002236064,62.27844014142745,39.686527808516
Nikon,D7200,1020,200,144.0,159.82254844105,62.675509192568626,39.708873868653
Nikon,D7200,1020,200,144.0,160.83507452146,63.072578243709806,39.731051891888
Nikon,D7200,1020,200,144.0,161.84760060188,63.4696472948549,39.753064052466
Nikon,D7200,1020,200,144.0,162.86012668229,63.866716345996075,39.774912483711
Nikon,D7200,1020,200,144.0,163.87265276271,64.26378539714118,39.796599279037
Nikon,D7200,1020,200,144.0,164.88517884312,64.66085444828235,39.818126492938
Nikon,D7200,1020,200,144.0,165.89770492354,65.05792349942745,39.83949614194
Nikon,D7200,1020,200,144.0,166.91023100395,65.45499255056862,39.860710205524
Nikon,D7200,1020,200,144.0,167.92275708436,65.8520616017098,39.881770627029
Nikon,D7200,1020,200,144.0,168.93528316478,66.2491306528549,39.902679314518
Nikon,D7200,1020,200,144.0,169.94780924519,66.64619970399607,39.923438141622
Nikon,D7200,1020,200,144.0,170.96033532561,67.04326875514118,39.944048948364
Nikon,D7200,1020,200,144.0,171.97286140602,67.44033780628236,39.964513541948
Nikon,D7200,1020,200,144.0,172.98538748644,67.83740685742745,39.984833697539
Nikon,D7200,1020,200,144.0,173.99791356685,68.23447590856863,40.005011159001
Nikon,D7200,1020,200,144.0,175.01043964727,68.63154495971374,40.025047639635
Nikon,D7200,1020,200,144.0,176.02296572768,69.02861401085491,40.04494482288
Nikon,D7200,1020,200,144.0,177.03549180809,69.42568306199608,40.064704363
Nikon,D7200,1020,200,144.0,178.04801788851,69.82275211314118,40.084327885752
Nikon,D7200,1020,200,144.0,179.06054396892,70.21982116428237,40.103816989031
Nikon,D7200,1020,200,144.0,180.07307004934,70.61689021542745,40.123173243504
Nikon,D7200,1020,200,144.0,181.08559612975,71.01395926656863,40.142398193217
Nikon,D7200,1020,200,144.0,182.09812221017,71.41102831771373,40.161493356192
Nikon,D7200,1020,200,144.0,183.11064829058,71.8080973688549,40.180460225005
Nikon,D7200,1020,200,144.0,184.12317437099,72.20516641999608,40.199300267351
Nikon,D7200,1020,200,144.0,185.13570045141,72.60223547114117,40.218014926583
Nikon,D7200,1020,200,144.0,186.14822653182,72.99930452228234,40.236605622255
Nikon,D7200,1020,200,144.0,187.16075261224,73.39637357342745,40.255073750629
Nikon,D7200,1020,200,144.0,188.17327869265,73.79344262456863,40.273420685185
Nikon,D7200,1020,200,144.0,189.18580477307,74.19051167571372,40.291647777111
Nikon,D7200,1020,200,144.0,190.19833085348,74.58758072685491,40.309756355774
Nikon,D7200,1020,200,144.0,191.21085693389,74.98464977799608,40.327747729192
Nikon,D7200,1020,200,144.0,192.22338301431,75.38171882914118,40.34562318448
Nikon,D7200,1020,200,144.0,193.23590909472,75.77878788028235,40.363383988295
Nikon,D7200,1020,200,144.0,194.24843517514,76.17585693142746,40.38103138726
Nikon,D7200,1020,200,144.0,195.26096125555,76.57292598256863,40.398566608385
Nikon,D7200,1020,200,144.0,196.27348733597,76.96999503371373,40.41599085947
Nikon,D7200,1020,200,144.0,197.28601341638,77.3670640848549,40.433305329505
Nikon,D7200,1020,200,144.0,198.2985394968,77.764133136,40.450511189055
Nikon,D7200,1020,200,144.0,199.31106557721,78.16120218714117,40.467609590636
Nikon,D7200,1020,200,144.0,200.32359165762,78.55827123828234,40.484601669078
Nikon,D7200,1020,200,144.0,201.33611773804,78.95534028942745,40.501488541888
Nikon,D7200,1020,200,144.0,202.34864381845,79.35240934056863,40.518271309598
Nikon,D7200,1020,200,144.0,203.36116989887,79.74947839171372,40.5349510561
Nikon,D7200,1020,200,144.0,204.37369597928,80.1465474428549,40.55152884898
Nikon,D7200,1020,200,144.0,205.3862220597,80.543616494,40.568005739844
Nikon,D7200,1020,200,144.0,206.39874814011,80.94068554514118,40.584382764628
Nikon,D7200,1020,200,144.0,207.41127422052,81.33775459628235,40.600660943909
Nikon,D7200,1020,200,144.0,208.42380030094,81.73482364742746,40.616841283203
Nikon,D7200,1020,200,144.0,209.43632638135,82.13189269856863,40.63292477326
Nikon,D7200,1020,200,144.0,210.44885246177,82.52896174971373,40.648912390347
Nikon,D7200,1020,200,144.0,211.46137854218,82.9260308008549,40.664805096528
Nikon,D7200,1020,200,144.0,212.4739046226,83.323099852,40.680603839935
Nikon,D7200,1020,200,144.0,213.48643070301,83.72016890314117,40.696309555037
Nikon,D7200,1020,200,144.0,214.49895678342,84.11723795428236,40.711923162895
Nikon,D7200,1020,200,144.0,215.51148286384,84.51430700542744,40.727445571417
Nikon,D7200,1020,200,144.0,216.52400894425,84.91137605656863,40.742877675606
Nikon,D7200,1020,200,144.0,217.53653502467,85.30844510771372,40.758220357802
Nikon,D7200,1020,200,144.0,218.54906110508,85.7055141588549,40.773474487914
Nikon,D7200,1020,200,144.0,219.5615871855,86.10258321,40.788640923655
Nikon,D7200,1020,200,144.0,220.57411326591,86.49965226114118,40.803720510766
Nikon,D7200,1020,200,144.0,221.58663934633,86.89672131228627,40.818714083234
Nikon,D7200,1020,200,144.0,222.59916542674,87.29379036342745,40.833622463509
Nikon,D7200,1020,200,144.0,223.61169150715,87.69085941456862,40.848446462712
Nikon,D7200,1020,200,144.0,224.62421758757,88.08792846571373,40.863186880844
Nikon,D7200,1020,200,144.0,225.63674366798,88.4849975168549,40.877844506982
Nikon,D7200,1020,200,144.0,226.6492697484,88.882066568,40.892420119479
Nikon,D7200,1020,200,144.0,227.66179582881,89.27913561914119,40.906914486154
Nikon,D7200,1020,200,144.0,228.67432190923,89.67620467028627,40.921328364479
Nikon,D7200,1020,200,144.0,229.68684798964,90.07327372142746,40.935662501765
Nikon,D7200,1020,200,144.0,230.69937407005,90.47034277256863,40.949917635339
Nikon,D7200,1020,200,144.0,231.71190015047,90.86741182371372,40.964094492719
Nikon,D7200,1020,200,144.0,232.72442623088,91.2644808748549,40.978193791789
Nikon,D7200,1020,200,144.0,233.7369523113,91.66154992599999,40.992216240963
Nikon,D7200,1020,200,144.0,234.74947839171,92.05861897714117,41.006162539352
Nikon,D7200,1020,200,144.0,235.76200447213,92.45568802828627,41.020033376922
Nikon,D7200,1020,200,144.0,236.77453055254,92.85275707942745,41.033829434656
Nikon,D7200,1020,200,144.0,237.78705663295,93.24982613056862,41.047551384701
Nikon,D7200,1020,200,144.0,238.79958271337,93.64689518171373,41.061199890525
Nikon,D7200,1020,200,144.0,239.81210879378,94.0439642328549,41.074775607062
Nikon,D7200,1020,200,144.0,240.8246348742,94.441033284,41.088279180855
Nikon,D7200,1020,200,144.0,241.83716095461,94.83810233514117,41.101711250199
Nikon,D7200,1020,200,144.0,242.84968703503,95.23517138628628,41.11507244528
Nikon,D7200,1020,200,144.0,243.86221311544,95.63224043742746,41.128363388308
Nikon,D7200,1020,200,144.0,244.87473919586,96.02930948857255,41.141584693652
Nikon,D7200,1020,200,144.0,245.88726527627,96.42637853971372,41.154736967967
Nikon,D7200,1020,200,144.0,246.89979135668,96.82344759085491,41.167820810327
Nikon,D7200,1020,200,144.0,247.9123174371,97.22051664199999,41.180836812343
Nikon,D7200,1020,200,144.0,248.92484351751,97.61758569314118,41.193785558289
Nikon,D7200,1020,200,144.0,249.93736959793,98.01465474428628,41.20666762522
Nikon,D7200,1020,200,144.0,250.94989567834,98.41172379542745,41.219483583089
Nikon,D7200,1020,200,144.0,251.96242175876,98.80879284657254,41.232233994866
Nikon,D7200,1020,200,144.0,252.97494783917,99.20586189771372,41.244919416643
Nikon,D7200,1020,200,144.0,253.98747391958,99.6029309488549,41.257540397752
Nikon,D7200,1020,200,144.0,255,100.0,41.270097480868
Nikon,D7200,1020,400,286.0,0.060419816656616,0.023694045747692547,0
Nikon,D7200,1020,400,286.0,0.11656834217982,0.04571307536463529,4.1466542593231
Nikon,D7200,1020,400,286.0,0.24853055599539,0.09746296313544706,8.3930472909779
Nikon,D7200,1020,400,286.0,0.42471986475881,0.16655680970933728,11.131772547103
Nikon,D7200,1020,400,286.0,0.74444295109265,0.29193841219319605,13.83804120512
Nikon,D7200,1020,400,286.0,1.660396106444,0.6511357280172549,17.527724896017
Nikon,D7200,1020,400,286.0,4.9060581376548,1.923944367707765,22.337964285175
Nikon,D7200,1020,400,286.0,5.9185842180691,2.3210134188506273,23.159523852467
Nikon,D7200,1020,400,286.0,6.9311102984835,2.7180824699935293,23.849069220142
Nikon,D7200,1020,400,286.0,7.9436363788978,3.1151515211363923,24.443065875355
Nikon,D7200,1020,400,286.0,8.9561624593122,3.512220572279294,24.964689689303
Nikon,D7200,1020,400,286.0,9.9686885397265,3.909289623422157,25.429590110574
Nikon,D7200,1020,400,286.0,10.981214620141,4.306358674565098,25.848832870571
Nikon,D7200,1020,400,286.0,11.993740700555,4.703427725707843,26.230531801034
Nikon,D7200,1020,400,286.0,13.00626678097,5.100496776850981,26.580813506069
Nikon,D7200,1020,400,286.0,14.018792861384,5.497565827993726,26.904417579169
Nikon,D7200,1020,400,286.0,15.031318941798,5.89463487913647,27.205086043377
Nikon,D7200,1020,400,286.0,16.043845022213,6.291703930279607,27.485825033698
Nikon,D7200,1020,400,286.0,17.056371102627,6.688772981422353,27.749085932161
Nikon,D7200,1020,400,286.0,18.068897183041,7.085842032565097,27.996893988715
Nikon,D7200,1020,400,286.0,19.081423263456,7.4829110837082355,28.230941700207
Nikon,D7200,1020,400,286.0,20.09394934387,7.879980134850981,28.452657935114
Nikon,D7200,1020,400,286.0,21.106475424284,8.277049185993725,28.663259991764
Nikon,D7200,1020,400,286.0,22.119001504699,8.674118237136863,28.86379340926
Nikon,D7200,1020,400,286.0,23.131527585113,9.071187288279607,29.055162833798
Nikon,D7200,1020,400,286.0,24.144053665527,9.468256339422352,29.238156248579
Nikon,D7200,1020,400,286.0,25.156579745942,9.865325390565491,29.413464209154
Nikon,D7200,1020,400,286.0,26.169105826356,10.262394441708235,29.581695270876
Nikon,D7200,1020,400,286.0,27.181631906771,10.659463492851371,29.743388478689
Nikon,D7200,1020,400,286.0,28.194157987185,11.056532543994118,29.899023565951
Nikon,D7200,1020,400,286.0,29.206684067599,11.453601595136863,30.049029348762
Nikon,D7200,1020,400,286.0,30.219210148014,11.85067064628,30.193790685868
Nikon,D7200,1020,400,286.0,31.231736228428,12.247739697422745,30.333654288571
Nikon,D7200,1020,400,286.0,32.244262308842,12.644808748565492,30.468933601391
Nikon,D7200,1020,400,286.0,33.256788389257,13.041877799708626,30.599912926318
Nikon,D7200,1020,400,286.0,34.269314469671,13.438946850851375,30.726850927105
Nikon,D7200,1020,400,286.0,35.281840550085,13.836015901994116,30.849983622172
Nikon,D7200,1020,400,286.0,36.2943666305,14.233084953137254,30.969526953149
Nikon,D7200,1020,400,286.0,37.306892710914,14.63015400428,31.08567899927
Nikon,D7200,1020,400,286.0,38.319418791328,15.027223055422745,31.198621894641
Nikon,D7200,1020,400,286.0,39.331944871743,15.424292106565881,31.308523494985
Nikon,D7200,1020,400,286.0,40.344470952157,15.82136115770863,31.415538832135
Nikon,D7200,1020,400,286.0,41.356997032571,16.218430208851373,31.519811387919
Nikon,D7200,1020,400,286.0,42.369523112986,16.61549925999451,31.62147421369
Nikon,D7200,1020,400,286.0,43.3820491934,17.012568311137255,31.720650917413
Nikon,D7200,1020,400,286.0,44.394575273815,17.409637362280392,31.817456536685
Nikon,D7200,1020,400,286.0,45.407101354229,17.806706413423136,31.911998313138
Nikon,D7200,1020,400,286.0,46.419627434643,18.20377546456588,32.004376381315
Nikon,D7200,1020,400,286.0,47.432153515058,18.60084451570902,32.094684383087
Nikon,D7200,1020,400,286.0,48.444679595472,18.997913566851764,32.183010017081
Nikon,D7200,1020,400,286.0,49.457205675886,19.39498261799451,32.269435531198
Nikon,D7200,1020,400,286.0,50.469731756301,19.79205166913765,32.354038165136
Nikon,D7200,1020,400,286.0,51.482257836715,20.189120720280393,32.436890548906
Nikon,D7200,1020,400,286.0,52.494783917129,20.586189771423136,32.518061062474
Nikon,D7200,1020,400,286.0,53.507309997544,20.983258822566274,32.597614161007
Nikon,D7200,1020,400,286.0,54.519836077958,21.380327873709017,32.675610669582
Nikon,D7200,1020,400,286.0,55.532362158372,21.777396924851764,32.752108050749
Nikon,D7200,1020,400,286.0,56.544888238787,22.174465975994902,32.827160647883
Nikon,D7200,1020,400,286.0,57.557414319201,22.57153502713765,32.900819906913
Nikon,D7200,1020,400,286.0,58.569940399616,22.968604078280784,32.973134578696
Nikon,D7200,1020,400,286.0,59.58246648003,23.365673129423527,33.044150904022
Nikon,D7200,1020,400,286.0,60.594992560444,23.762742180566274,33.113912783011
Nikon,D7200,1020,400,286.0,61.607518640859,24.159811231709412,33.182461930458
Nikon,D7200,1020,400,286.0,62.620044721273,24.556880282852156,33.249838018504
Nikon,D7200,1020,400,286.0,63.632570801687,24.953949333994903,33.316078807842
Nikon,D7200,1020,400,286.0,64.645096882102,25.351018385138037,33.381220268568
Nikon,D7200,1020,400,286.0,65.657622962516,25.748087436280787,33.445296691613
Nikon,D7200,1020,400,286.0,66.67014904293,26.14515648742353,33.508340791658
Nikon,D7200,1020,400,286.0,67.682675123345,26.542225538566672,33.570383802264
Nikon,D7200,1020,400,286.0,68.695201203759,26.939294589709412,33.631455563949
Nikon,D7200,1020,400,286.0,69.707727284173,27.336363640852156,33.691584605804
Nikon,D7200,1020,400,286.0,70.720253364588,27.733432691995297,33.750798221219
Nikon,D7200,1020,400,286.0,71.732779445002,28.130501743138037,33.809122538224
Nikon,D7200,1020,400,286.0,72.745305525416,28.52757079428078,33.866582584894
Nikon,D7200,1020,400,286.0,73.757831605831,28.924639845423922,33.923202350228
Nikon,D7200,1020,400,286.0,74.770357686245,29.32170889656667,33.979004840872
Nikon,D7200,1020,400,286.0,75.782883766659,29.718777947709413,34.03401213403
Nikon,D7200,1020,400,286.0,76.795409847074,30.115846998852547,34.088245426852
Nikon,D7200,1020,400,286.0,77.807935927488,30.512916049995297,34.141725082589
Nikon,D7200,1020,400,286.0,78.820462007902,30.909985101138037,34.194470673761
Nikon,D7200,1020,400,286.0,79.832988088317,31.30705415228117,34.246501022566
Nikon,D7200,1020,400,286.0,80.845514168731,31.704123203423922,34.297834238744
Nikon,D7200,1020,400,286.0,81.858040249146,32.10119225456706,34.348487755075
Nikon,D7200,1020,400,286.0,82.87056632956,32.49826130570981,34.3984783607
Nikon,D7200,1020,400,286.0,83.883092409974,32.89533035685255,34.447822232417
Nikon,D7200,1020,400,286.0,84.895618490389,33.29239940799569,34.496534964091
Nikon,D7200,1020,400,286.0,85.908144570803,33.68946845913843,34.544631594326
Nikon,D7200,1020,400,286.0,86.920670651217,34.086537510281175,34.592126632511
Nikon,D7200,1020,400,286.0,87.933196731632,34.48360656142431,34.639034083359
Nikon,D7200,1020,400,286.0,88.945722812046,34.88067561256706,34.685367470038
Nikon,D7200,1020,400,286.0,89.95824889246,35.277744663709804,34.731139855988
Nikon,D7200,1020,400,286.0,90.970774972875,35.674813714852945,34.776363865528
Nikon,D7200,1020,400,286.0,91.983301053289,36.07188276599568,34.821051703307
Nikon,D7200,1020,400,286.0,92.995827133703,36.46895181713843,34.8652151727
Nikon,D7200,1020,400,286.0,94.008353214118,36.866020868281566,34.908865693203
Nikon,D7200,1020,400,286.0,95.020879294532,37.26308991942432,34.952014316896
Nikon,D7200,1020,400,286.0,96.033405374946,37.66015897056706,34.994671744031
Nikon,D7200,1020,400,286.0,97.045931455361,38.0572280217102,35.036848337807
Nikon,D7200,1020,400,286.0,98.058457535775,38.454297072852945,35.078554138371
Nikon,D7200,1020,400,286.0,99.070983616189,38.85136612399568,35.119798876107
Nikon,D7200,1020,400,286.0,100.0835096966,39.24843517513726,35.160591984239
Nikon,D7200,1020,400,286.0,101.09603577702,39.645504226282355,35.200942610811
Nikon,D7200,1020,400,286.0,102.10856185743,40.04257327742353,35.240859630058
Nikon,D7200,1020,400,286.0,103.12108793785,40.43964232856863,35.280351653224
Nikon,D7200,1020,400,286.0,104.13361401826,40.836711379709804,35.31942703885
Nikon,D7200,1020,400,286.0,105.14614009868,41.2337804308549,35.358093902555
Nikon,D7200,1020,400,286.0,106.15866617909,41.63084948199608,35.396360126365
Nikon,D7200,1020,400,286.0,107.1711922595,42.02791853313725,35.43423336758
Nikon,D7200,1020,400,286.0,108.18371833992,42.424987584282356,35.471721067239
Nikon,D7200,1020,400,286.0,109.19624442033,42.822056635423536,35.508830458178
Nikon,D7200,1020,400,286.0,110.20877050075,43.21912568656863,35.545568572731
Nikon,D7200,1020,400,286.0,111.22129658116,43.616194737709804,35.581942250061
Nikon,D7200,1020,400,286.0,112.23382266158,44.01326378885491,35.617958143171
Nikon,D7200,1020,400,286.0,113.24634874199,44.41033283999608,35.653622725598
Nikon,D7200,1020,400,286.0,114.2588748224,44.80740189113725,35.688942297805
Nikon,D7200,1020,400,286.0,115.27140090282,45.204470942282356,35.723922993292
Nikon,D7200,1020,400,286.0,116.28392698323,45.60153999342353,35.758570784443
Nikon,D7200,1020,400,286.0,117.29645306365,45.998609044568624,35.792891488116
Nikon,D7200,1020,400,286.0,118.30897914406,46.395678095709805,35.826890770995
Nikon,D7200,1020,400,286.0,119.32150522448,46.7927471468549,35.860574154708
Nikon,D7200,1020,400,286.0,120.33403130489,47.18981619799608,35.893947020739
Nikon,D7200,1020,400,286.0,121.34655738531,47.58688524914118,35.927014615126
Nikon,D7200,1020,400,286.0,122.35908346572,47.983954300282356,35.959782052961
Nikon,D7200,1020,400,286.0,123.37160954613,48.38102335142353,35.992254322719
Nikon,D7200,1020,400,286.0,124.38413562655,48.77809240256863,36.024436290391
Nikon,D7200,1020,400,286.0,125.39666170696,49.175161453709805,36.056332703465
Nikon,D7200,1020,400,286.0,126.40918778738,49.5722305048549,36.087948194736
Nikon,D7200,1020,400,286.0,127.42171386779,49.96929955599608,36.119287285973
Nikon,D7200,1020,400,286.0,128.43423994821,50.366368607141176,36.150354391431
Nikon,D7200,1020,400,286.0,129.44676602862,50.76343765828235,36.181153821236
Nikon,D7200,1020,400,286.0,130.45929210903,51.16050670942352,36.211689784627
Nikon,D7200,1020,400,286.0,131.47181818945,51.55757576056863,36.241966393081
Nikon,D7200,1020,400,286.0,132.48434426986,51.954644811709805,36.271987663314
Nikon,D7200,1020,400,286.0,133.49687035028,52.35171386285491,36.301757520169
Nikon,D7200,1020,400,286.0,134.50939643069,52.74878291399608,36.331279799395
Nikon,D7200,1020,400,286.0,135.52192251111,53.145851965141176,36.360558250321
Nikon,D7200,1020,400,286.0,136.53444859152,53.54292101628235,36.389596538428
Nikon,D7200,1020,400,286.0,137.54697467193,53.93999006742353,36.418398247834
Nikon,D7200,1020,400,286.0,138.55950075235,54.33705911856863,36.446966883676
Nikon,D7200,1020,400,286.0,139.57202683276,54.734128169709805,36.475305874418
Nikon,D7200,1020,400,286.0,140.58455291318,55.1311972208549,36.503418574065
Nikon,D7200,1020,400,286.0,141.59707899359,55.52826627199609,36.531308264302
Nikon,D7200,1020,400,286.0,142.60960507401,55.92533532314118,36.558978156559
Nikon,D7200,1020,400,286.0,143.62213115442,56.32240437428236,36.586431393998
Nikon,D7200,1020,400,286.0,144.63465723484,56.71947342542746,36.613671053434
Nikon,D7200,1020,400,286.0,145.64718331525,57.11654247656863,36.640700147185
Nikon,D7200,1020,400,286.0,146.65970939566,57.513611527709806,36.667521624865
Nikon,D7200,1020,400,286.0,147.67223547608,57.9106805788549,36.694138375105
Nikon,D7200,1020,400,286.0,148.68476155649,58.307749629996074,36.720553227226
Nikon,D7200,1020,400,286.0,149.69728763691,58.70481868114118,36.746768952848
Nikon,D7200,1020,400,286.0,150.70981371732,59.10188773228236,36.772788267444
Nikon,D7200,1020,400,286.0,151.72233979774,59.498956783427445,36.798613831852
Nikon,D7200,1020,400,286.0,152.73486587815,59.89602583456863,36.824248253719
Nikon,D7200,1020,400,286.0,153.74739195856,60.293094885709806,36.84969408892
Nikon,D7200,1020,400,286.0,154.75991803898,60.6901639368549,36.874953842906
Nikon,D7200,1020,400,286.0,155.77244411939,61.087232987996074,36.900029972029
Nikon,D7200,1020,400,286.0,156.78497019981,61.484302039141184,36.924924884811
Nikon,D7200,1020,400,286.0,157.79749628022,61.88137109028236,36.949640943179
Nikon,D7200,1020,400,286.0,158.81002236064,62.27844014142745,36.974180463654
Nikon,D7200,1020,400,286.0,159.82254844105,62.675509192568626,36.998545718509
Nikon,D7200,1020,400,286.0,160.83507452146,63.072578243709806,37.022738936887
Nikon,D7200,1020,400,286.0,161.84760060188,63.4696472948549,37.046762305884
Nikon,D7200,1020,400,286.0,162.86012668229,63.866716345996075,37.070617971599
Nikon,D7200,1020,400,286.0,163.87265276271,64.26378539714118,37.094308040148
Nikon,D7200,1020,400,286.0,164.88517884312,64.66085444828235,37.117834578656
Nikon,D7200,1020,400,286.0,165.89770492354,65.05792349942745,37.141199616205
Nikon,D7200,1020,400,286.0,166.91023100395,65.45499255056862,37.164405144768
Nikon,D7200,1020,400,286.0,167.92275708436,65.8520616017098,37.187453120101
Nikon,D7200,1020,400,286.0,168.93528316478,66.2491306528549,37.210345462617
Nikon,D7200,1020,400,286.0,169.94780924519,66.64619970399607,37.233084058233
Nikon,D7200,1020,400,286.0,170.96033532561,67.04326875514118,37.255670759185
Nikon,D7200,1020,400,286.0,171.97286140602,67.44033780628236,37.278107384831
Nikon,D7200,1020,400,286.0,172.98538748644,67.83740685742745,37.300395722417
Nikon,D7200,1020,400,286.0,173.99791356685,68.23447590856863,37.322537527834
Nikon,D7200,1020,400,286.0,175.01043964727,68.63154495971374,37.344534526338
Nikon,D7200,1020,400,286.0,176.02296572768,69.02861401085491,37.366388413263
Nikon,D7200,1020,400,286.0,177.03549180809,69.42568306199608,37.388100854709
Nikon,D7200,1020,400,286.0,178.04801788851,69.82275211314118,37.409673488202
Nikon,D7200,1020,400,286.0,179.06054396892,70.21982116428237,37.431107923353
Nikon,D7200,1020,400,286.0,180.07307004934,70.61689021542745,37.452405742477
Nikon,D7200,1020,400,286.0,181.08559612975,71.01395926656863,37.473568501215
Nikon,D7200,1020,400,286.0,182.09812221017,71.41102831771373,37.494597729125
Nikon,D7200,1020,400,286.0,183.11064829058,71.8080973688549,37.515494930258
Nikon,D7200,1020,400,286.0,184.12317437099,72.20516641999608,37.536261583727
Nikon,D7200,1020,400,286.0,185.13570045141,72.60223547114117,37.556899144252
Nikon,D7200,1020,400,286.0,186.14822653182,72.99930452228234,37.57740904269
Nikon,D7200,1020,400,286.0,187.16075261224,73.39637357342745,37.597792686557
Nikon,D7200,1020,400,286.0,188.17327869265,73.79344262456863,37.618051460529
Nikon,D7200,1020,400,286.0,189.18580477307,74.19051167571372,37.638186726935
Nikon,D7200,1020,400,286.0,190.19833085348,74.58758072685491,37.658199826233
Nikon,D7200,1020,400,286.0,191.21085693389,74.98464977799608,37.678092077474
Nikon,D7200,1020,400,286.0,192.22338301431,75.38171882914118,37.697864778759
Nikon,D7200,1020,400,286.0,193.23590909472,75.77878788028235,37.717519207672
Nikon,D7200,1020,400,286.0,194.24843517514,76.17585693142746,37.737056621717
Nikon,D7200,1020,400,286.0,195.26096125555,76.57292598256863,37.75647825873
Nikon,D7200,1020,400,286.0,196.27348733597,76.96999503371373,37.775785337289
Nikon,D7200,1020,400,286.0,197.28601341638,77.3670640848549,37.79497905711
Nikon,D7200,1020,400,286.0,198.2985394968,77.764133136,37.814060599436
Nikon,D7200,1020,400,286.0,199.31106557721,78.16120218714117,37.833031127408
Nikon,D7200,1020,400,286.0,200.32359165762,78.55827123828234,37.851891786436
Nikon,D7200,1020,400,286.0,201.33611773804,78.95534028942745,37.870643704558
Nikon,D7200,1020,400,286.0,202.34864381845,79.35240934056863,37.889287992785
Nikon,D7200,1020,400,286.0,203.36116989887,79.74947839171372,37.907825745445
Nikon,D7200,1020,400,286.0,204.37369597928,80.1465474428549,37.926258040511
Nikon,D7200,1020,400,286.0,205.3862220597,80.543616494,37.944585939929
Nikon,D7200,1020,400,286.0,206.39874814011,80.94068554514118,37.962810489929
Nikon,D7200,1020,400,286.0,207.41127422052,81.33775459628235,37.980932721334
Nikon,D7200,1020,400,286.0,208.42380030094,81.73482364742746,37.998953649865
Nikon,D7200,1020,400,286.0,209.43632638135,82.13189269856863,38.016874276425
Nikon,D7200,1020,400,286.0,210.44885246177,82.52896174971373,38.034695587394
Nikon,D7200,1020,400,286.0,211.46137854218,82.9260308008549,38.052418554903
Nikon,D7200,1020,400,286.0,212.4739046226,83.323099852,38.070044137108
Nikon,D7200,1020,400,286.0,213.48643070301,83.72016890314117,38.087573278455
Nikon,D7200,1020,400,286.0,214.49895678342,84.11723795428236,38.105006909941
Nikon,D7200,1020,400,286.0,215.51148286384,84.51430700542744,38.122345949366
Nikon,D7200,1020,400,286.0,216.52400894425,84.91137605656863,38.139591301582
Nikon,D7200,1020,400,286.0,217.53653502467,85.30844510771372,38.156743858736
Nikon,D7200,1020,400,286.0,218.54906110508,85.7055141588549,38.173804500501
Nikon,D7200,1020,400,286.0,219.5615871855,86.10258321,38.190774094313
Nikon,D7200,1020,400,286.0,220.57411326591,86.49965226114118,38.207653495593
Nikon,D7200,1020,400,286.0,221.58663934633,86.89672131228627,38.224443547968
Nikon,D7200,1020,400,286.0,222.59916542674,87.29379036342745,38.241145083485
Nikon,D7200,1020,400,286.0,223.61169150715,87.69085941456862,38.257758922825
Nikon,D7200,1020,400,286.0,224.62421758757,88.08792846571373,38.274285875504
Nikon,D7200,1020,400,286.0,225.63674366798,88.4849975168549,38.290726740078
Nikon,D7200,1020,400,286.0,226.6492697484,88.882066568,38.307082304336
Nikon,D7200,1020,400,286.0,227.66179582881,89.27913561914119,38.323353345495
Nikon,D7200,1020,400,286.0,228.67432190923,89.67620467028627,38.339540630386
Nikon,D7200,1020,400,286.0,229.68684798964,90.07327372142746,38.355644915638
Nikon,D7200,1020,400,286.0,230.69937407005,90.47034277256863,38.37166694786
Nikon,D7200,1020,400,286.0,231.71190015047,90.86741182371372,38.387607463811
Nikon,D7200,1020,400,286.0,232.72442623088,91.2644808748549,38.40346719058
Nikon,D7200,1020,400,286.0,233.7369523113,91.66154992599999,38.419246845745
Nikon,D7200,1020,400,286.0,234.74947839171,92.05861897714117,38.434947137546
Nikon,D7200,1020,400,286.0,235.76200447213,92.45568802828627,38.45056876504
Nikon,D7200,1020,400,286.0,236.77453055254,92.85275707942745,38.466112418263
Nikon,D7200,1020,400,286.0,237.78705663295,93.24982613056862,38.481578778378
Nikon,D7200,1020,400,286.0,238.79958271337,93.64689518171373,38.496968517833
Nikon,D7200,1020,400,286.0,239.81210879378,94.0439642328549,38.512282300505
Nikon,D7200,1020,400,286.0,240.8246348742,94.441033284,38.527520781843
Nikon,D7200,1020,400,286.0,241.83716095461,94.83810233514117,38.542684609015
Nikon,D7200,1020,400,286.0,242.84968703503,95.23517138628628,38.557774421039
Nikon,D7200,1020,400,286.0,243.86221311544,95.63224043742746,38.572790848926
Nikon,D7200,1020,400,286.0,244.87473919586,96.02930948857255,38.587734515809
Nikon,D7200,1020,400,286.0,245.88726527627,96.42637853971372,38.602606037072
Nikon,D7200,1020,400,286.0,246.89979135668,96.82344759085491,38.617406020481
Nikon,D7200,1020,400,286.0,247.9123174371,97.22051664199999,38.632135066308
Nikon,D7200,1020,400,286.0,248.92484351751,97.61758569314118,38.64679376745
Nikon,D7200,1020,400,286.0,249.93736959793,98.01465474428628,38.661382709554
Nikon,D7200,1020,400,286.0,250.94989567834,98.41172379542745,38.675902471129
Nikon,D7200,1020,400,286.0,251.96242175876,98.80879284657254,38.690353623667
Nikon,D7200,1020,400,286.0,252.97494783917,99.20586189771372,38.704736731749
Nikon,D7200,1020,400,286.0,253.98747391958,99.6029309488549,38.719052353161
Nikon,D7200,1020,400,286.0,255,100.0,38.733301039
Nikon,D7200,1020,800,572.0,0.11656834217982,0.04571307536463529,0
Nikon,D7200,1020,800,572.0,0.24853055599539,0.09746296313544706,4.6779193337255
Nikon,D7200,1020,800,572.0,0.42471986475881,0.16655680970933728,7.651034999817
Nikon,D7200,1020,800,572.0,0.74444295109265,0.29193841219319605,10.531879040047
Nikon,D7200,1020,800,572.0,1.660396106444,0.6511357280172549,14.371257671461
Nikon,D7200,1020,800,572.0,4.9060581376548,1.923944367707765,19.276692253814
Nikon,D7200,1020,800,572.0,5.9185842180691,2.3210134188506273,20.108525679062
Nikon,D7200,1020,800,572.0,6.9311102984835,2.7180824699935293,20.806033618119
Nikon,D7200,1020,800,572.0,7.9436363788978,3.1151515211363923,21.406553760123
Nikon,D7200,1020,800,572.0,8.9561624593122,3.512220572279294,21.933743967516
Nikon,D7200,1020,800,572.0,9.9686885397265,3.909289623422157,22.403541737534
Nikon,D7200,1020,800,572.0,10.981214620141,4.306358674565098,22.8271955405
Nikon,D7200,1020,800,572.0,11.993740700555,4.703427725707843,23.212940733922
Nikon,D7200,1020,800,572.0,13.00626678097,5.100496776850981,23.56698788571
Nikon,D7200,1020,800,572.0,14.018792861384,5.497565827993726,23.894136463113
Nikon,D7200,1020,800,572.0,15.031318941798,5.89463487913647,24.198172334687
Nikon,D7200,1020,800,572.0,16.043845022213,6.291703930279607,24.482134480111
Nikon,D7200,1020,800,572.0,17.056371102627,6.688772981422353,24.748499372088
Nikon,D7200,1020,800,572.0,18.068897183041,7.085842032565097,24.999311758221
Nikon,D7200,1020,800,572.0,19.081423263456,7.4829110837082355,25.236279516429
Nikon,D7200,1020,800,572.0,20.09394934387,7.879980134850981,25.460843811875
Nikon,D7200,1020,800,572.0,21.106475424284,8.277049185993725,25.674231891636
Nikon,D7200,1020,800,572.0,22.119001504699,8.674118237136863,25.877497430679
Nikon,D7200,1020,800,572.0,23.131527585113,9.071187288279607,26.0715517933
Nikon,D7200,1020,800,572.0,24.144053665527,9.468256339422352,26.257188559134
Nikon,D7200,1020,800,572.0,25.156579745942,9.865325390565491,26.435102983355
Nikon,D7200,1020,800,572.0,26.169105826356,10.262394441708235,26.605907596989
Nikon,D7200,1020,800,572.0,27.181631906771,10.659463492851371,26.770144831053
Nikon,D7200,1020,800,572.0,28.194157987185,11.056532543994118,26.92829732089
Nikon,D7200,1020,800,572.0,29.206684067599,11.453601595136863,27.080796384128
Nikon,D7200,1020,800,572.0,30.219210148014,11.85067064628,27.228029047453
Nikon,D7200,1020,800,572.0,31.231736228428,12.247739697422745,27.370343910428
Nikon,D7200,1020,800,572.0,32.244262308842,12.644808748565492,27.508056069933
Nikon,D7200,1020,800,572.0,33.256788389257,13.041877799708626,27.641451280221
Nikon,D7200,1020,800,572.0,34.269314469671,13.438946850851375,27.770789486686
Nikon,D7200,1020,800,572.0,35.281840550085,13.836015901994116,27.896307843182
Nikon,D7200,1020,800,572.0,36.2943666305,14.233084953137254,28.018223300908
Nikon,D7200,1020,800,572.0,37.306892710914,14.63015400428,28.136734839828
Nikon,D7200,1020,800,572.0,38.319418791328,15.027223055422745,28.25202540029
Nikon,D7200,1020,800,572.0,39.331944871743,15.424292106565881,28.364263561893
Nikon,D7200,1020,800,572.0,40.344470952157,15.82136115770863,28.473605008298
Nikon,D7200,1020,800,572.0,41.356997032571,16.218430208851373,28.580193809906
Nikon,D7200,1020,800,572.0,42.369523112986,16.61549925999451,28.684163550925
Nikon,D7200,1020,800,572.0,43.3820491934,17.012568311137255,28.785638322949
Nikon,D7200,1020,800,572.0,44.394575273815,17.409637362280392,28.884733603576
Nikon,D7200,1020,800,572.0,45.407101354229,17.806706413423136,28.981557035664
Nikon,D7200,1020,800,572.0,46.419627434643,18.20377546456588,29.076209120424
Nikon,D7200,1020,800,572.0,47.432153515058,18.60084451570902,29.168783835516
Nikon,D7200,1020,800,572.0,48.444679595472,18.997913566851764,29.259369187706
Nikon,D7200,1020,800,572.0,49.457205675886,19.39498261799451,29.348047708191
Nikon,D7200,1020,800,572.0,50.469731756301,19.79205166913765,29.434896897625
Nikon,D7200,1020,800,572.0,51.482257836715,20.189120720280393,29.519989626814
Nikon,D7200,1020,800,572.0,52.494783917129,20.586189771423136,29.603394498307
Nikon,D7200,1020,800,572.0,53.507309997544,20.983258822566274,29.685176173353
Nikon,D7200,1020,800,572.0,54.519836077958,21.380327873709017,29.765395668145
Nikon,D7200,1020,800,572.0,55.532362158372,21.777396924851764,29.84411062274
Nikon,D7200,1020,800,572.0,56.544888238787,22.174465975994902,29.921375545629
Nikon,D7200,1020,800,572.0,57.557414319201,22.57153502713765,29.997242036552
Nikon,D7200,1020,800,572.0,58.569940399616,22.968604078280784,30.071758989846
Nikon,D7200,1020,800,572.0,59.58246648003,23.365673129423527,30.144972780326
Nikon,D7200,1020,800,572.0,60.594992560444,23.762742180566274,30.21692743347
Nikon,D7200,1020,800,572.0,61.607518640859,24.159811231709412,30.287664781476
Nikon,D7200,1020,800,572.0,62.620044721273,24.556880282852156,30.357224606569
Nikon,D7200,1020,800,572.0,63.632570801687,24.953949333994903,30.425644772795
Nikon,D7200,1020,800,572.0,64.645096882102,25.351018385138037,30.49296134739
Nikon,D7200,1020,800,572.0,65.657622962516,25.748087436280787,30.559208712698
Nikon,D7200,1020,800,572.0,66.67014904293,26.14515648742353,30.624419669508
Nikon,D7200,1020,800,572.0,67.682675123345,26.542225538566672,30.688625532593
Nikon,D7200,1020,800,572.0,68.695201203759,26.939294589709412,30.751856219136
Nikon,D7200,1020,800,572.0,69.707727284173,27.336363640852156,30.814140330679
Nikon,D7200,1020,800,572.0,70.720253364588,27.733432691995297,30.87550522915
Nikon,D7200,1020,800,572.0,71.732779445002,28.130501743138037,30.935977107479
Nikon,D7200,1020,800,572.0,72.745305525416,28.52757079428078,30.995581055253
Nikon,D7200,1020,800,572.0,73.757831605831,28.924639845423922,31.054341119829
Nikon,D7200,1020,800,572.0,74.770357686245,29.32170889656667,31.11228036327
Nikon,D7200,1020,800,572.0,75.782883766659,29.718777947709413,31.169420915449
Nikon,D7200,1020,800,572.0,76.795409847074,30.115846998852547,31.225784023617
Nikon,D7200,1020,800,572.0,77.807935927488,30.512916049995297,31.281390098729
Nikon,D7200,1020,800,572.0,78.820462007902,30.909985101138037,31.33625875876
Nikon,D7200,1020,800,572.0,79.832988088317,31.30705415228117,31.390408869259
Nikon,D7200,1020,800,572.0,80.845514168731,31.704123203423922,31.443858581341
Nikon,D7200,1020,800,572.0,81.858040249146,32.10119225456706,31.496625367311
Nikon,D7200,1020,800,572.0,82.87056632956,32.49826130570981,31.548726054093
Nikon,D7200,1020,800,572.0,83.883092409974,32.89533035685255,31.60017685463
Nikon,D7200,1020,800,572.0,84.895618490389,33.29239940799569,31.650993397397
Nikon,D7200,1020,800,572.0,85.908144570803,33.68946845913843,31.701190754156
Nikon,D7200,1020,800,572.0,86.920670651217,34.086537510281175,31.75078346609
Nikon,D7200,1020,800,572.0,87.933196731632,34.48360656142431,31.79978556842
Nikon,D7200,1020,800,572.0,88.945722812046,34.88067561256706,31.848210613602
Nikon,D7200,1020,800,572.0,89.95824889246,35.277744663709804,31.896071693224
Nikon,D7200,1020,800,572.0,90.970774972875,35.674813714852945,31.943381458664
Nikon,D7200,1020,800,572.0,91.983301053289,36.07188276599568,31.99015214061
Nikon,D7200,1020,800,572.0,92.995827133703,36.46895181713843,32.036395567502
Nikon,D7200,1020,800,572.0,94.008353214118,36.866020868281566,32.082123182985
Nikon,D7200,1020,800,572.0,95.020879294532,37.26308991942432,32.127346062421
Nikon,D7200,1020,800,572.0,96.033405374946,37.66015897056706,32.172074928517
Nikon,D7200,1020,800,572.0,97.045931455361,38.0572280217102,32.216320166145
Nikon,D7200,1020,800,572.0,98.058457535775,38.454297072852945,32.260091836388
Nikon,D7200,1020,800,572.0,99.070983616189,38.85136612399568,32.303399689855
Nikon,D7200,1020,800,572.0,100.0835096966,39.24843517513726,32.346253179331
Nikon,D7200,1020,800,572.0,101.09603577702,39.645504226282355,32.388661471782
Nikon,D7200,1020,800,572.0,102.10856185743,40.04257327742353,32.430633459761
Nikon,D7200,1020,800,572.0,103.12108793785,40.43964232856863,32.472177772256
Nikon,D7200,1020,800,572.0,104.13361401826,40.836711379709804,32.513302784998
Nikon,D7200,1020,800,572.0,105.14614009868,41.2337804308549,32.554016630281
Nikon,D7200,1020,800,572.0,106.15866617909,41.63084948199608,32.594327206302
Nikon,D7200,1020,800,572.0,107.1711922595,42.02791853313725,32.634242186061
Nikon,D7200,1020,800,572.0,108.18371833992,42.424987584282356,32.673769025841
Nikon,D7200,1020,800,572.0,109.19624442033,42.822056635423536,32.712914973294
Nikon,D7200,1020,800,572.0,110.20877050075,43.21912568656863,32.751687075151
Nikon,D7200,1020,800,572.0,111.22129658116,43.616194737709804,32.790092184583
Nikon,D7200,1020,800,572.0,112.23382266158,44.01326378885491,32.828136968221
Nikon,D7200,1020,800,572.0,113.24634874199,44.41033283999608,32.865827912869
Nikon,D7200,1020,800,572.0,114.2588748224,44.80740189113725,32.903171331912
Nikon,D7200,1020,800,572.0,115.27140090282,45.204470942282356,32.940173371444
Nikon,D7200,1020,800,572.0,116.28392698323,45.60153999342353,32.976840016124
Nikon,D7200,1020,800,572.0,117.29645306365,45.998609044568624,33.013177094783
Nikon,D7200,1020,800,572.0,118.30897914406,46.395678095709805,33.049190285787
Nikon,D7200,1020,800,572.0,119.32150522448,46.7927471468549,33.084885122168
Nikon,D7200,1020,800,572.0,120.33403130489,47.18981619799608,33.120266996546
Nikon,D7200,1020,800,572.0,121.34655738531,47.58688524914118,33.155341165839
Nikon,D7200,1020,800,572.0,122.35908346572,47.983954300282356,33.190112755776
Nikon,D7200,1020,800,572.0,123.37160954613,48.38102335142353,33.224586765226
Nikon,D7200,1020,800,572.0,124.38413562655,48.77809240256863,33.258768070353
Nikon,D7200,1020,800,572.0,125.39666170696,49.175161453709805,33.292661428596
Nikon,D7200,1020,800,572.0,126.40918778738,49.5722305048549,33.326271482495
Nikon,D7200,1020,800,572.0,127.42171386779,49.96929955599608,33.359602763357
Nikon,D7200,1020,800,572.0,128.43423994821,50.366368607141176,33.392659694785
Nikon,D7200,1020,800,572.0,129.44676602862,50.76343765828235,33.425446596063
Nikon,D7200,1020,800,572.0,130.45929210903,51.16050670942352,33.457967685412
Nikon,D7200,1020,800,572.0,131.47181818945,51.55757576056863,33.490227083114
Nikon,D7200,1020,800,572.0,132.48434426986,51.954644811709805,33.522228814525
Nikon,D7200,1020,800,572.0,133.49687035028,52.35171386285491,33.553976812965
Nikon,D7200,1020,800,572.0,134.50939643069,52.74878291399608,33.585474922507
Nikon,D7200,1020,800,572.0,135.52192251111,53.145851965141176,33.616726900653
Nikon,D7200,1020,800,572.0,136.53444859152,53.54292101628235,33.647736420912
Nikon,D7200,1020,800,572.0,137.54697467193,53.93999006742353,33.67850707529
Nikon,D7200,1020,800,572.0,138.55950075235,54.33705911856863,33.709042376682
Nikon,D7200,1020,800,572.0,139.57202683276,54.734128169709805,33.739345761174
Nikon,D7200,1020,800,572.0,140.58455291318,55.1311972208549,33.769420590269
Nikon,D7200,1020,800,572.0,141.59707899359,55.52826627199609,33.799270153032
Nikon,D7200,1020,800,572.0,142.60960507401,55.92533532314118,33.828897668151
Nikon,D7200,1020,800,572.0,143.62213115442,56.32240437428236,33.858306285935
Nikon,D7200,1020,800,572.0,144.63465723484,56.71947342542746,33.887499090234
Nikon,D7200,1020,800,572.0,145.64718331525,57.11654247656863,33.916479100298
Nikon,D7200,1020,800,572.0,146.65970939566,57.513611527709806,33.945249272567
Nikon,D7200,1020,800,572.0,147.67223547608,57.9106805788549,33.973812502401
Nikon,D7200,1020,800,572.0,148.68476155649,58.307749629996074,34.002171625752
Nikon,D7200,1020,800,572.0,149.69728763691,58.70481868114118,34.030329420777
Nikon,D7200,1020,800,572.0,150.70981371732,59.10188773228236,34.058288609397
Nikon,D7200,1020,800,572.0,151.72233979774,59.498956783427445,34.086051858807
Nikon,D7200,1020,800,572.0,152.73486587815,59.89602583456863,34.113621782932
Nikon,D7200,1020,800,572.0,153.74739195856,60.293094885709806,34.141000943835
Nikon,D7200,1020,800,572.0,154.75991803898,60.6901639368549,34.16819185308
Nikon,D7200,1020,800,572.0,155.77244411939,61.087232987996074,34.195196973053
Nikon,D7200,1020,800,572.0,156.78497019981,61.484302039141184,34.222018718234
Nikon,D7200,1020,800,572.0,157.79749628022,61.88137109028236,34.248659456434
Nikon,D7200,1020,800,572.0,158.81002236064,62.27844014142745,34.275121509989
Nikon,D7200,1020,800,572.0,159.82254844105,62.675509192568626,34.301407156915
Nikon,D7200,1020,800,572.0,160.83507452146,63.072578243709806,34.327518632033
Nikon,D7200,1020,800,572.0,161.84760060188,63.4696472948549,34.353458128051
Nikon,D7200,1020,800,572.0,162.86012668229,63.866716345996075,34.379227796615
Nikon,D7200,1020,800,572.0,163.87265276271,64.26378539714118,34.40482974933
Nikon,D7200,1020,800,572.0,164.88517884312,64.66085444828235,34.430266058746
Nikon,D7200,1020,800,572.0,165.89770492354,65.05792349942745,34.455538759314
Nikon,D7200,1020,800,572.0,166.91023100395,65.45499255056862,34.480649848317
Nikon,D7200,1020,800,572.0,167.92275708436,65.8520616017098,34.505601286766
Nikon,D7200,1020,800,572.0,168.93528316478,66.2491306528549,34.530395000277
Nikon,D7200,1020,800,572.0,169.94780924519,66.64619970399607,34.555032879914
Nikon,D7200,1020,800,572.0,170.96033532561,67.04326875514118,34.579516783013
Nikon,D7200,1020,800,572.0,171.97286140602,67.44033780628236,34.603848533979
Nikon,D7200,1020,800,572.0,172.98538748644,67.83740685742745,34.628029925058
Nikon,D7200,1020,800,572.0,173.99791356685,68.23447590856863,34.65206271709
Nikon,D7200,1020,800,572.0,175.01043964727,68.63154495971374,34.675948640239
Nikon,D7200,1020,800,572.0,176.02296572768,69.02861401085491,34.699689394699
Nikon,D7200,1020,800,572.0,177.03549180809,69.42568306199608,34.723286651385
Nikon,D7200,1020,800,572.0,178.04801788851,69.82275211314118,34.746742052599
Nikon,D7200,1020,800,572.0,179.06054396892,70.21982116428237,34.770057212679
Nikon,D7200,1020,800,572.0,180.07307004934,70.61689021542745,34.793233718634
Nikon,D7200,1020,800,572.0,181.08559612975,71.01395926656863,34.816273130754
Nikon,D7200,1020,800,572.0,182.09812221017,71.41102831771373,34.839176983207
Nikon,D7200,1020,800,572.0,183.11064829058,71.8080973688549,34.861946784619
Nikon,D7200,1020,800,572.0,184.12317437099,72.20516641999608,34.884584018638
Nikon,D7200,1020,800,572.0,185.13570045141,72.60223547114117,34.907090144483
Nikon,D7200,1020,800,572.0,186.14822653182,72.99930452228234,34.929466597475
Nikon,D7200,1020,800,572.0,187.16075261224,73.39637357342745,34.951714789557
Nikon,D7200,1020,800,572.0,188.17327869265,73.79344262456863,34.973836109802
Nikon,D7200,1020,800,572.0,189.18580477307,74.19051167571372,34.995831924899
Nikon,D7200,1020,800,572.0,190.19833085348,74.58758072685491,35.017703579634
Nikon,D7200,1020,800,572.0,191.21085693389,74.98464977799608,35.039452397357
Nikon,D7200,1020,800,572.0,192.22338301431,75.38171882914118,35.06107968043
Nikon,D7200,1020,800,572.0,193.23590909472,75.77878788028235,35.082586710674
Nikon,D7200,1020,800,572.0,194.24843517514,76.17585693142746,35.103974749798
Nikon,D7200,1020,800,572.0,195.26096125555,76.57292598256863,35.125245039812
Nikon,D7200,1020,800,572.0,196.27348733597,76.96999503371373,35.146398803441
Nikon,D7200,1020,800,572.0,197.28601341638,77.3670640848549,35.16743724452
Nikon,D7200,1020,800,572.0,198.2985394968,77.764133136,35.18836154838
Nikon,D7200,1020,800,572.0,199.31106557721,78.16120218714117,35.209172882227
Nikon,D7200,1020,800,572.0,200.32359165762,78.55827123828234,35.229872395508
Nikon,D7200,1020,800,572.0,201.33611773804,78.95534028942745,35.25046122027
Nikon,D7200,1020,800,572.0,202.34864381845,79.35240934056863,35.270940471511
Nikon,D7200,1020,800,572.0,203.36116989887,79.74947839171372,35.291311247518
Nikon,D7200,1020,800,572.0,204.37369597928,80.1465474428549,35.3115746302
Nikon,D7200,1020,800,572.0,205.3862220597,80.543616494,35.331731685412
Nikon,D7200,1020,800,572.0,206.39874814011,80.94068554514118,35.351783463273
Nikon,D7200,1020,800,572.0,207.41127422052,81.33775459628235,35.371730998471
Nikon,D7200,1020,800,572.0,208.42380030094,81.73482364742746,35.391575310566
Nikon,D7200,1020,800,572.0,209.43632638135,82.13189269856863,35.411317404281
Nikon,D7200,1020,800,572.0,210.44885246177,82.52896174971373,35.430958269792
Nikon,D7200,1020,800,572.0,211.46137854218,82.9260308008549,35.450498883006
Nikon,D7200,1020,800,572.0,212.4739046226,83.323099852,35.469940205831
Nikon,D7200,1020,800,572.0,213.48643070301,83.72016890314117,35.489283186446
Nikon,D7200,1020,800,572.0,214.49895678342,84.11723795428236,35.50852875956
Nikon,D7200,1020,800,572.0,215.51148286384,84.51430700542744,35.527677846666
Nikon,D7200,1020,800,572.0,216.52400894425,84.91137605656863,35.546731356287
Nikon,D7200,1020,800,572.0,217.53653502467,85.30844510771372,35.565690184221
Nikon,D7200,1020,800,572.0,218.54906110508,85.7055141588549,35.584555213775
Nikon,D7200,1020,800,572.0,219.5615871855,86.10258321,35.603327316
Nikon,D7200,1020,800,572.0,220.57411326591,86.49965226114118,35.622007349909
Nikon,D7200,1020,800,572.0,221.58663934633,86.89672131228627,35.640596162709
Nikon,D7200,1020,800,572.0,222.59916542674,87.29379036342745,35.659094590005
Nikon,D7200,1020,800,572.0,223.61169150715,87.69085941456862,35.677503456018
Nikon,D7200,1020,800,572.0,224.62421758757,88.08792846571373,35.695823573788
Nikon,D7200,1020,800,572.0,225.63674366798,88.4849975168549,35.714055745377
Nikon,D7200,1020,800,572.0,226.6492697484,88.882066568,35.732200762064
Nikon,D7200,1020,800,572.0,227.66179582881,89.27913561914119,35.750259404537
Nikon,D7200,1020,800,572.0,228.67432190923,89.67620467028627,35.768232443084
Nikon,D7200,1020,800,572.0,229.68684798964,90.07327372142746,35.786120637772
Nikon,D7200,1020,800,572.0,230.69937407005,90.47034277256863,35.803924738635
Nikon,D7200,1020,800,572.0,231.71190015047,90.86741182371372,35.821645485839
Nikon,D7200,1020,800,572.0,232.72442623088,91.2644808748549,35.839283609865
Nikon,D7200,1020,800,572.0,233.7369523113,91.66154992599999,35.856839831668
Nikon,D7200,1020,800,572.0,234.74947839171,92.05861897714117,35.87431486285
Nikon,D7200,1020,800,572.0,235.76200447213,92.45568802828627,35.891709405814
Nikon,D7200,1020,800,572.0,236.77453055254,92.85275707942745,35.909024153926
Nikon,D7200,1020,800,572.0,237.78705663295,93.24982613056862,35.92625979167
Nikon,D7200,1020,800,572.0,238.79958271337,93.64689518171373,35.943416994794
Nikon,D7200,1020,800,572.0,239.81210879378,94.0439642328549,35.960496430465
Nikon,D7200,1020,800,572.0,240.8246348742,94.441033284,35.977498757406
Nikon,D7200,1020,800,572.0,241.83716095461,94.83810233514117,35.994424626046
Nikon,D7200,1020,800,572.0,242.84968703503,95.23517138628628,36.011274678651
Nikon,D7200,1020,800,572.0,243.86221311544,95.63224043742746,36.028049549465
Nikon,D7200,1020,800,572.0,244.87473919586,96.02930948857255,36.04474986484
Nikon,D7200,1020,800,572.0,245.88726527627,96.42637853971372,36.061376243371
Nikon,D7200,1020,800,572.0,246.89979135668,96.82344759085491,36.077929296016
Nikon,D7200,1020,800,572.0,247.9123174371,97.22051664199999,36.094409626228
Nikon,D7200,1020,800,572.0,248.92484351751,97.61758569314118,36.110817830074
Nikon,D7200,1020,800,572.0,249.93736959793,98.01465474428628,36.127154496357
Nikon,D7200,1020,800,572.0,250.94989567834,98.41172379542745,36.14342020673
Nikon,D7200,1020,800,572.0,251.96242175876,98.80879284657254,36.159615535816
Nikon,D7200,1020,800,572.0,252.97494783917,99.20586189771372,36.175741051317
Nikon,D7200,1020,800,572.0,253.98747391958,99.6029309488549,36.191797314126
Nikon,D7200,1020,800,572.0,255,100.0,36.207784878436
Nikon,D7200,1020,1600,1144.0,0.24853055599539,0.09746296313544706,0
Nikon,D7200,1020,1600,1144.0,0.42471986475881,0.16655680970933728,3.4300473751442
Nikon,D7200,1020,1600,1144.0,0.74444295109265,0.29193841219319605,6.7035011652086
Nikon,D7200,1020,1600,1144.0,1.660396106444,0.6511357280172549,10.921761373821
Nikon,D7200,1020,1600,1144.0,4.9060581376548,1.923944367707765,16.080070797873
Nikon,D7200,1020,1600,1144.0,5.9185842180691,2.3210134188506273,16.936921376574
Nikon,D7200,1020,1600,1144.0,6.9311102984835,2.7180824699935293,17.652746913314
Nikon,D7200,1020,1600,1144.0,7.9436363788978,3.1151515211363923,18.267381760016
Nikon,D7200,1020,1600,1144.0,8.9561624593122,3.512220572279294,18.805876873399
Nikon,D7200,1020,1600,1144.0,9.9686885397265,3.909289623422157,19.285008359957
Nikon,D7200,1020,1600,1144.0,10.981214620141,4.306358674565098,19.716559725303
Nikon,D7200,1020,1600,1144.0,11.993740700555,4.703427725707843,20.109123756512
Nikon,D7200,1020,1600,1144.0,13.00626678097,5.100496776850981,20.469158894686
Nikon,D7200,1020,1600,1144.0,14.018792861384,5.497565827993726,20.801641912218
Nikon,D7200,1020,1600,1144.0,15.031318941798,5.89463487913647,21.110488859299
Nikon,D7200,1020,1600,1144.0,16.043845022213,6.291703930279607,21.398836453883
Nikon,D7200,1020,1600,1144.0,17.056371102627,6.688772981422353,21.669235977678
Nikon,D7200,1020,1600,1144.0,18.068897183041,7.085842032565097,21.923790409547
Nikon,D7200,1020,1600,1144.0,19.081423263456,7.4829110837082355,22.164253631975
Nikon,D7200,1020,1600,1144.0,20.09394934387,7.879980134850981,22.392103636996
Nikon,D7200,1020,1600,1144.0,21.106475424284,8.277049185993725,22.608597500804
Nikon,D7200,1020,1600,1144.0,22.119001504699,8.674118237136863,22.814813316489
Nikon,D7200,1020,1600,1144.0,23.131527585113,9.071187288279607,23.011682629207
Nikon,D7200,1020,1600,1144.0,24.144053665527,9.468256339422352,23.200015843098
Nikon,D7200,1020,1600,1144.0,25.156579745942,9.865325390565491,23.380522351407
Nikon,D7200,1020,1600,1144.0,26.169105826356,10.262394441708235,23.553826652411
Nikon,D7200,1020,1600,1144.0,27.181631906771,10.659463492851371,23.720481374821
Nikon,D7200,1020,1600,1144.0,28.194157987185,11.056532543994118,23.880977897527
Nikon,D7200,1020,1600,1144.0,29.206684067599,11.453601595136863,24.035755077844
Nikon,D7200,1020,1600,1144.0,30.219210148014,11.85067064628,24.185206478587
Nikon,D7200,1020,1600,1144.0,31.231736228428,12.247739697422745,24.32968639349
Nikon,D7200,1020,1600,1144.0,32.244262308842,12.644808748565492,24.469514902995
Nikon,D7200,1020,1600,1144.0,33.256788389257,13.041877799708626,24.604982141812
Nikon,D7200,1020,1600,1144.0,34.269314469671,13.438946850851375,24.736351921244
Nikon,D7200,1020,1600,1144.0,35.281840550085,13.836015901994116,24.86386481991
Nikon,D7200,1020,1600,1144.0,36.2943666305,14.233084953137254,24.987740833808
Nikon,D7200,1020,1600,1144.0,37.306892710914,14.63015400428,25.10818165902
Nikon,D7200,1020,1600,1144.0,38.319418791328,15.027223055422745,25.225372666513
Nikon,D7200,1020,1600,1144.0,39.331944871743,15.424292106565881,25.339484617565
Nikon,D7200,1020,1600,1144.0,40.344470952157,15.82136115770863,25.450675159654
Nikon,D7200,1020,1600,1144.0,41.356997032571,16.218430208851373,25.559090135667
Nikon,D7200,1020,1600,1144.0,42.369523112986,16.61549925999451,25.664864733725
Nikon,D7200,1020,1600,1144.0,43.3820491934,17.012568311137255,25.768124500334
Nikon,D7200,1020,1600,1144.0,44.394575273815,17.409637362280392,25.868986235916
Nikon,D7200,1020,1600,1144.0,45.407101354229,17.806706413423136,25.96755878873
Nikon,D7200,1020,1600,1144.0,46.419627434643,18.20377546456588,26.063943760705
Nikon,D7200,1020,1600,1144.0,47.432153515058,18.60084451570902,26.158236136672
Nikon,D7200,1020,1600,1144.0,48.444679595472,18.997913566851764,26.250524846744
Nikon,D7200,1020,1600,1144.0,49.457205675886,19.39498261799451,26.340893270194
Nikon,D7200,1020,1600,1144.0,50.469731756301,19.79205166913765,26.429419687995
Nikon,D7200,1020,1600,1144.0,51.482257836715,20.189120720280393,26.516177690154
Nikon,D7200,1020,1600,1144.0,52.494783917129,20.586189771423136,26.601236543173
Nikon,D7200,1020,1600,1144.0,53.507309997544,20.983258822566274,26.684661522214
Nikon,D7200,1020,1600,1144.0,54.519836077958,21.380327873709017,26.766514211972
Nikon,D7200,1020,1600,1144.0,55.532362158372,21.777396924851764,26.846852779716
Nikon,D7200,1020,1600,1144.0,56.544888238787,22.174465975994902,26.925732223546
Nikon,D7200,1020,1600,1144.0,57.557414319201,22.57153502713765,27.003204598504
Nikon,D7200,1020,1600,1144.0,58.569940399616,22.968604078280784,27.079319222874
Nikon,D7200,1020,1600,1144.0,59.58246648003,23.365673129423527,27.154122866719
Nikon,D7200,1020,1600,1144.0,60.594992560444,23.762742180566274,27.227659924456
Nikon,D7200,1020,1600,1144.0,61.607518640859,24.159811231709412,27.299972573068
Nikon,D7200,1020,1600,1144.0,62.620044721273,24.556880282852156,27.371100917356
Nikon,D7200,1020,1600,1144.0,63.632570801687,24.953949333994903,27.441083123496
Nikon,D7200,1020,1600,1144.0,64.645096882102,25.351018385138037,27.509955542001
Nikon,D7200,1020,1600,1144.0,65.657622962516,25.748087436280787,27.577752821092
Nikon,D7200,1020,1600,1144.0,66.67014904293,26.14515648742353,27.64450801135
Nikon,D7200,1020,1600,1144.0,67.682675123345,26.542225538566672,27.710252662453
Nikon,D7200,1020,1600,1144.0,68.695201203759,26.939294589709412,27.775016912699
Nikon,D7200,1020,1600,1144.0,69.707727284173,27.336363640852156,27.83882957195
Nikon,D7200,1020,1600,1144.0,70.720253364588,27.733432691995297,27.901718198576
Nikon,D7200,1020,1600,1144.0,71.732779445002,28.130501743138037,27.963709170905
Nikon,D7200,1020,1600,1144.0,72.745305525416,28.52757079428078,28.024827753645
Nikon,D7200,1020,1600,1144.0,73.757831605831,28.924639845423922,28.085098159696
Nikon,D7200,1020,1600,1144.0,74.770357686245,29.32170889656667,28.144543607741
Nikon,D7200,1020,1600,1144.0,75.782883766659,29.718777947709413,28.203186375937
Nikon,D7200,1020,1600,1144.0,76.795409847074,30.115846998852547,28.261047852037
Nikon,D7200,1020,1600,1144.0,77.807935927488,30.512916049995297,28.318148580215
Nikon,D7200,1020,1600,1144.0,78.820462007902,30.909985101138037,28.374508304853
Nikon,D7200,1020,1600,1144.0,79.832988088317,31.30705415228117,28.430146011524
Nikon,D7200,1020,1600,1144.0,80.845514168731,31.704123203423922,28.485079965383
Nikon,D7200,1020,1600,1144.0,81.858040249146,32.10119225456706,28.539327747159
Nikon,D7200,1020,1600,1144.0,82.87056632956,32.49826130570981,28.592906286929
Nikon,D7200,1020,1600,1144.0,83.883092409974,32.89533035685255,28.645831895835
Nikon,D7200,1020,1600,1144.0,84.895618490389,33.29239940799569,28.698120295887
Nikon,D7200,1020,1600,1144.0,85.908144570803,33.68946845913843,28.749786647998
Nikon,D7200,1020,1600,1144.0,86.920670651217,34.086537510281175,28.800845578369
Nikon,D7200,1020,1600,1144.0,87.933196731632,34.48360656142431,28.851311203343
Nikon,D7200,1020,1600,1144.0,88.945722812046,34.88067561256706,28.901197152831
Nikon,D7200,1020,1600,1144.0,89.95824889246,35.277744663709804,28.950516592402
Nikon,D7200,1020,1600,1144.0,90.970774972875,35.674813714852945,28.999282244143
Nikon,D7200,1020,1600,1144.0,91.983301053289,36.07188276599568,29.047506406357
Nikon,D7200,1020,1600,1144.0,92.995827133703,36.46895181713843,29.095200972173
Nikon,D7200,1020,1600,1144.0,94.008353214118,36.866020868281566,29.142377447155
Nikon,D7200,1020,1600,1144.0,95.020879294532,37.26308991942432,29.189046965957
Nikon,D7200,1020,1600,1144.0,96.033405374946,37.66015897056706,29.235220308102
Nikon,D7200,1020,1600,1144.0,97.045931455361,38.0572280217102,29.280907912919
Nikon,D7200,1020,1600,1144.0,98.058457535775,38.454297072852945,29.326119893712
Nikon,D7200,1020,1600,1144.0,99.070983616189,38.85136612399568,29.370866051196
Nikon,D7200,1020,1600,1144.0,100.0835096966,39.24843517513726,29.415155886246
Nikon,D7200,1020,1600,1144.0,101.09603577702,39.645504226282355,29.458998612006
Nikon,D7200,1020,1600,1144.0,102.10856185743,40.04257327742353,29.502403165391
Nikon,D7200,1020,1600,1144.0,103.12108793785,40.43964232856863,29.545378218021
Nikon,D7200,1020,1600,1144.0,104.13361401826,40.836711379709804,29.587932186616
Nikon,D7200,1020,1600,1144.0,105.14614009868,41.2337804308549,29.630073242892
Nikon,D7200,1020,1600,1144.0,106.15866617909,41.63084948199608,29.671809322976
Nikon,D7200,1020,1600,1144.0,107.1711922595,42.02791853313725,29.713148136379
Nikon,D7200,1020,1600,1144.0,108.18371833992,42.424987584282356,29.75409717454
Nikon,D7200,1020,1600,1144.0,109.19624442033,42.822056635423536,29.794663718974
Nikon,D7200,1020,1600,1144.0,110.20877050075,43.21912568656863,29.834854849044
Nikon,D7200,1020,1600,1144.0,111.22129658116,43.616194737709804,29.874677449374
Nikon,D7200,1020,1600,1144.0,112.23382266158,44.01326378885491,29.914138216929
Nikon,D7200,1020,1600,1144.0,113.24634874199,44.41033283999608,29.953243667768
Nikon,D7200,1020,1600,1144.0,114.2588748224,44.80740189113725,29.992000143509
Nikon,D7200,1020,1600,1144.0,115.27140090282,45.204470942282356,30.030413817494
Nikon,D7200,1020,1600,1144.0,116.28392698323,45.60153999342353,30.068490700696
Nikon,D7200,1020,1600,1144.0,117.29645306365,45.998609044568624,30.106236647359
Nikon,D7200,1020,1600,1144.0,118.30897914406,46.395678095709805,30.143657360401
Nikon,D7200,1020,1600,1144.0,119.32150522448,46.7927471468549,30.180758396588
Nikon,D7200,1020,1600,1144.0,120.33403130489,47.18981619799608,30.217545171481
Nikon,D7200,1020,1600,1144.0,121.34655738531,47.58688524914118,30.254022964183
Nikon,D7200,1020,1600,1144.0,122.35908346572,47.983954300282356,30.290196921885
Nikon,D7200,1020,1600,1144.0,123.37160954613,48.38102335142353,30.326072064223
Nikon,D7200,1020,1600,1144.0,124.38413562655,48.77809240256863,30.361653287461
Nikon,D7200,1020,1600,1144.0,125.39666170696,49.175161453709805,30.396945368497
Nikon,D7200,1020,1600,1144.0,126.40918778738,49.5722305048549,30.431952968715
Nikon,D7200,1020,1600,1144.0,127.42171386779,49.96929955599608,30.46668063768
Nikon,D7200,1020,1600,1144.0,128.43423994821,50.366368607141176,30.501132816684
Nikon,D7200,1020,1600,1144.0,129.44676602862,50.76343765828235,30.535313842154
Nikon,D7200,1020,1600,1144.0,130.45929210903,51.16050670942352,30.56922794893
Nikon,D7200,1020,1600,1144.0,131.47181818945,51.55757576056863,30.602879273414
Nikon,D7200,1020,1600,1144.0,132.48434426986,51.954644811709805,30.636271856593
Nikon,D7200,1020,1600,1144.0,133.49687035028,52.35171386285491,30.669409646956
Nikon,D7200,1020,1600,1144.0,134.50939643069,52.74878291399608,30.702296503292
Nikon,D7200,1020,1600,1144.0,135.52192251111,53.145851965141176,30.734936197391
Nikon,D7200,1020,1600,1144.0,136.53444859152,53.54292101628235,30.767332416634
Nikon,D7200,1020,1600,1144.0,137.54697467193,53.93999006742353,30.799488766499
Nikon,D7200,1020,1600,1144.0,138.55950075235,54.33705911856863,30.831408772962
Nikon,D7200,1020,1600,1144.0,139.57202683276,54.734128169709805,30.863095884825
Nikon,D7200,1020,1600,1144.0,140.58455291318,55.1311972208549,30.894553475945
Nikon,D7200,1020,1600,1144.0,141.59707899359,55.52826627199609,30.925784847396
Nikon,D7200,1020,1600,1144.0,142.60960507401,55.92533532314118,30.95679322954
Nikon,D7200,1020,1600,1144.0,143.62213115442,56.32240437428236,30.987581784041
Nikon,D7200,1020,1600,1144.0,144.63465723484,56.71947342542746,31.018153605792
Nikon,D7200,1020,1600,1144.0,145.64718331525,57.11654247656863,31.048511724787
Nikon,D7200,1020,1600,1144.0,146.65970939566,57.513611527709806,31.078659107919
Nikon,D7200,1020,1600,1144.0,147.67223547608,57.9106805788549,31.108598660722
Nikon,D7200,1020,1600,1144.0,148.68476155649,58.307749629996074,31.138333229053
Nikon,D7200,1020,1600,1144.0,149.69728763691,58.70481868114118,31.167865600713
Nikon,D7200,1020,1600,1144.0,150.70981371732,59.10188773228236,31.197198507013
Nikon,D7200,1020,1600,1144.0,151.72233979774,59.498956783427445,31.226334624298
Nikon,D7200,1020,1600,1144.0,152.73486587815,59.89602583456863,31.255276575403
Nikon,D7200,1020,1600,1144.0,153.74739195856,60.293094885709806,31.284026931075
Nikon,D7200,1020,1600,1144.0,154.75991803898,60.6901639368549,31.312588211342
Nikon,D7200,1020,1600,1144.0,155.77244411939,61.087232987996074,31.34096288684
Nikon,D7200,1020,1600,1144.0,156.78497019981,61.484302039141184,31.369153380093
Nikon,D7200,1020,1600,1144.0,157.79749628022,61.88137109028236,31.397162066754
Nikon,D7200,1020,1600,1144.0,158.81002236064,62.27844014142745,31.42499127681
Nikon,D7200,1020,1600,1144.0,159.82254844105,62.675509192568626,31.452643295741
Nikon,D7200,1020,1600,1144.0,160.83507452146,63.072578243709806,31.480120365649
Nikon,D7200,1020,1600,1144.0,161.84760060188,63.4696472948549,31.507424686345
Nikon,D7200,1020,1600,1144.0,162.86012668229,63.866716345996075,31.534558416412
Nikon,D7200,1020,1600,1144.0,163.87265276271,64.26378539714118,31.561523674224
Nikon,D7200,1020,1600,1144.0,164.88517884312,64.66085444828235,31.588322538941
Nikon,D7200,1020,1600,1144.0,165.89770492354,65.05792349942745,31.614957051468
Nikon,D7200,1020,1600,1144.0,166.91023100395,65.45499255056862,31.641429215391
Nikon,D7200,1020,1600,1144.0,167.92275708436,65.8520616017098,31.667740997881
Nikon,D7200,1020,1600,1144.0,168.93528316478,66.2491306528549,31.693894330569
Nikon,D7200,1020,1600,1144.0,169.94780924519,66.64619970399607,31.719891110398
Nikon,D7200,1020,1600,1144.0,170.96033532561,67.04326875514118,31.74573320045
Nikon,D7200,1020,1600,1144.0,171.97286140602,67.44033780628236,31.771422430744
Nikon,D7200,1020,1600,1144.0,172.98538748644,67.83740685742745,31.796960599018
Nikon,D7200,1020,1600,1144.0,173.99791356685,68.23447590856863,31.822349471479
Nikon,D7200,1020,1600,1144.0,175.01043964727,68.63154495971374,31.847590783542
Nikon,D7200,1020,1600,1144.0,176.02296572768,69.02861401085491,31.872686240535
Nikon,D7200,1020,1600,1144.0,177.03549180809,69.42568306199608,31.897637518395
Nikon,D7200,1020,1600,1144.0,178.04801788851,69.82275211314118,31.922446264338
Nikon,D7200,1020,1600,1144.0,179.06054396892,70.21982116428237,31.947114097512
Nikon,D7200,1020,1600,1144.0,180.07307004934,70.61689021542745,31.97164260963
Nikon,D7200,1020,1600,1144.0,181.08559612975,71.01395926656863,31.996033365589
Nikon,D7200,1020,1600,1144.0,182.09812221017,71.41102831771373,32.020287904066
Nikon,D7200,1020,1600,1144.0,183.11064829058,71.8080973688549,32.044407738102
Nikon,D7200,1020,1600,1144.0,184.12317437099,72.20516641999608,32.068394355666
Nikon,D7200,1020,1600,1144.0,185.13570045141,72.60223547114117,32.092249220212
Nikon,D7200,1020,1600,1144.0,186.14822653182,72.99930452228234,32.115973771208
Nikon,D7200,1020,1600,1144.0,187.16075261224,73.39637357342745,32.139569424659
Nikon,D7200,1020,1600,1144.0,188.17327869265,73.79344262456863,32.163037573617
Nikon,D7200,1020,1600,1144.0,189.18580477307,74.19051167571372,32.186379588672
Nikon,D7200,1020,1600,1144.0,190.19833085348,74.58758072685491,32.209596818432
Nikon,D7200,1020,1600,1144.0,191.21085693389,74.98464977799608,32.232690589991
Nikon,D7200,1020,1600,1144.0,192.22338301431,75.38171882914118,32.255662209387
Nikon,D7200,1020,1600,1144.0,193.23590909472,75.77878788028235,32.27851296204
Nikon,D7200,1020,1600,1144.0,194.24843517514,76.17585693142746,32.301244113188
Nikon,D7200,1020,1600,1144.0,195.26096125555,76.57292598256863,32.323856908303
Nikon,D7200,1020,1600,1144.0,196.27348733597,76.96999503371373,32.346352573507
Nikon,D7200,1020,1600,1144.0,197.28601341638,77.3670640848549,32.368732315964
Nikon,D7200,1020,1600,1144.0,198.2985394968,77.764133136,32.390997324274
Nikon,D7200,1020,1600,1144.0,199.31106557721,78.16120218714117,32.413148768848
Nikon,D7200,1020,1600,1144.0,200.32359165762,78.55827123828234,32.435187802279
Nikon,D7200,1020,1600,1144.0,201.33611773804,78.95534028942745,32.457115559702
Nikon,D7200,1020,1600,1144.0,202.34864381845,79.35240934056863,32.478933159144
Nikon,D7200,1020,1600,1144.0,203.36116989887,79.74947839171372,32.500641701866
Nikon,D7200,1020,1600,1144.0,204.37369597928,80.1465474428549,32.5222422727
Nikon,D7200,1020,1600,1144.0,205.3862220597,80.543616494,32.543735940367
Nikon,D7200,1020,1600,1144.0,206.39874814011,80.94068554514118,32.565123757801
Nikon,D7200,1020,1600,1144.0,207.41127422052,81.33775459628235,32.586406762456
Nikon,D7200,1020,1600,1144.0,208.42380030094,81.73482364742746,32.607585976607
Nikon,D7200,1020,1600,1144.0,209.43632638135,82.13189269856863,32.628662407648
Nikon,D7200,1020,1600,1144.0,210.44885246177,82.52896174971373,32.649637048374
Nikon,D7200,1020,1600,1144.0,211.46137854218,82.9260308008549,32.670510877268
Nikon,D7200,1020,1600,1144.0,212.4739046226,83.323099852,32.691284858769
Nikon,D7200,1020,1600,1144.0,213.48643070301,83.72016890314117,32.711959943544
Nikon,D7200,1020,1600,1144.0,214.49895678342,84.11723795428236,32.732537068746
Nikon,D7200,1020,1600,1144.0,215.51148286384,84.51430700542744,32.75301715827
Nikon,D7200,1020,1600,1144.0,216.52400894425,84.91137605656863,32.773401123003
Nikon,D7200,1020,1600,1144.0,217.53653502467,85.30844510771372,32.793689861066
Nikon,D7200,1020,1600,1144.0,218.54906110508,85.7055141588549,32.81388425805
Nikon,D7200,1020,1600,1144.0,219.5615871855,86.10258321,32.83398518725
Nikon,D7200,1020,1600,1144.0,220.57411326591,86.49965226114118,32.853993509892
Nikon,D7200,1020,1600,1144.0,221.58663934633,86.89672131228627,32.873910075353
Nikon,D7200,1020,1600,1144.0,222.59916542674,87.29379036342745,32.893735721377
Nikon,D7200,1020,1600,1144.0,223.61169150715,87.69085941456862,32.913471274287
Nikon,D7200,1020,1600,1144.0,224.62421758757,88.08792846571373,32.933117549195
Nikon,D7200,1020,1600,1144.0,225.63674366798,88.4849975168549,32.952675350196
Nikon,D7200,1020,1600,1144.0,226.6492697484,88.882066568,32.972145470574
Nikon,D7200,1020,1600,1144.0,227.66179582881,89.27913561914119,32.991528692991
Nikon,D7200,1020,1600,1144.0,228.67432190923,89.67620467028627,33.010825789674
Nikon,D7200,1020,1600,1144.0,229.68684798964,90.07327372142746,33.030037522604
Nikon,D7200,1020,1600,1144.0,230.69937407005,90.47034277256863,33.049164643694
Nikon,D7200,1020,1600,1144.0,231.71190015047,90.86741182371372,33.068207894966
Nikon,D7200,1020,1600,1144.0,232.72442623088,91.2644808748549,33.087168008722
Nikon,D7200,1020,1600,1144.0,233.7369523113,91.66154992599999,33.106045707716
Nikon,D7200,1020,1600,1144.0,234.74947839171,92.05861897714117,33.124841705319
Nikon,D7200,1020,1600,1144.0,235.76200447213,92.45568802828627,33.143556705677
Nikon,D7200,1020,1600,1144.0,236.77453055254,92.85275707942745,33.162191403875
Nikon,D7200,1020,1600,1144.0,237.78705663295,93.24982613056862,33.180746486086
Nikon,D7200,1020,1600,1144.0,238.79958271337,93.64689518171373,33.199222629728
Nikon,D7200,1020,1600,1144.0,239.81210879378,94.0439642328549,33.217620503608
Nikon,D7200,1020,1600,1144.0,240.8246348742,94.441033284,33.23594076807
Nikon,D7200,1020,1600,1144.0,241.83716095461,94.83810233514117,33.254184075137
Nikon,D7200,1020,1600,1144.0,242.84968703503,95.23517138628628,33.272351068648
Nikon,D7200,1020,1600,1144.0,243.86221311544,95.63224043742746,33.290442384397
Nikon,D7200,1020,1600,1144.0,244.87473919586,96.02930948857255,33.308458650265
Nikon,D7200,1020,1600,1144.0,245.88726527627,96.42637853971372,33.326400486351
Nikon,D7200,1020,1600,1144.0,246.89979135668,96.82344759085491,33.344268505103
Nikon,D7200,1020,1600,1144.0,247.9123174371,97.22051664199999,33.362063311436
Nikon,D7200,1020,1600,1144.0,248.92484351751,97.61758569314118,33.379785502863
Nikon,D7200,1020,1600,1144.0,249.93736959793,98.01465474428628,33.397435669611
Nikon,D7200,1020,1600,1144.0,250.94989567834,98.41172379542745,33.41501439474
Nikon,D7200,1020,1600,1144.0,251.96242175876,98.80879284657254,33.432522254258
Nikon,D7200,1020,1600,1144.0,252.97494783917,99.20586189771372,33.449959817236
Nikon,D7200,1020,1600,1144.0,253.98747391958,99.6029309488549,33.467327645916
Nikon,D7200,1020,1600,1144.0,255,100.0,33.484626295824
Nikon,D7200,1020,3200,2267.0,0.42471986475881,0.16655680970933728,0
Nikon,D7200,1020,3200,2267.0,0.74444295109265,0.29193841219319605,3.4170686772635
Nikon,D7200,1020,3200,2267.0,1.660396106444,0.6511357280172549,7.7912144250307
Nikon,D7200,1020,3200,2267.0,4.9060581376548,1.923944367707765,13.06078884148
Nikon,D7200,1020,3200,2267.0,5.9185842180691,2.3210134188506273,13.92806884235
Nikon,D7200,1020,3200,2267.0,6.9311102984835,2.7180824699935293,14.65115374566
Nikon,D7200,1020,3200,2267.0,7.9436363788978,3.1151515211363923,15.271041202987
Nikon,D7200,1020,3200,2267.0,8.9561624593122,3.512220572279294,15.813438344938
Nikon,D7200,1020,3200,2267.0,9.9686885397265,3.909289623422157,16.29551951393
Nikon,D7200,1020,3200,2267.0,10.981214620141,4.306358674565098,16.729323915466
Nikon,D7200,1020,3200,2267.0,11.993740700555,4.703427725707843,17.123616033566
Nikon,D7200,1020,3200,2267.0,13.00626678097,5.100496776850981,17.484973881269
Nikon,D7200,1020,3200,2267.0,14.018792861384,5.497565827993726,17.818460063169
Nikon,D7200,1020,3200,2267.0,15.031318941798,5.89463487913647,18.128053838245
Nikon,D7200,1020,3200,2267.0,16.043845022213,6.291703930279607,18.416939502801
Nikon,D7200,1020,3200,2267.0,17.056371102627,6.688772981422353,18.687704836594
Nikon,D7200,1020,3200,2267.0,18.068897183041,7.085842032565097,18.942481284318
Nikon,D7200,1020,3200,2267.0,19.081423263456,7.4829110837082355,19.18304525643
Nikon,D7200,1020,3200,2267.0,20.09394934387,7.879980134850981,19.410892806608
Nikon,D7200,1020,3200,2267.0,21.106475424284,8.277049185993725,19.627295660933
Nikon,D7200,1020,3200,2267.0,22.119001504699,8.674118237136863,19.83334391988
Nikon,D7200,1020,3200,2267.0,23.131527585113,9.071187288279607,20.029979063588
Nikon,D7200,1020,3200,2267.0,24.144053665527,9.468256339422352,20.21801978738
Nikon,D7200,1020,3200,2267.0,25.156579745942,9.865325390565491,20.398182458353
Nikon,D7200,1020,3200,2267.0,26.169105826356,10.262394441708235,20.571097482935
Nikon,D7200,1020,3200,2267.0,27.181631906771,10.659463492851371,20.737322528356
Nikon,D7200,1020,3200,2267.0,28.194157987185,11.056532543994118,20.897353296722
Nikon,D7200,1020,3200,2267.0,29.206684067599,11.453601595136863,21.05163237584
Nikon,D7200,1020,3200,2267.0,30.219210148014,11.85067064628,21.200556564509
Nikon,D7200,1020,3200,2267.0,31.231736228428,12.247739697422745,21.344482977244
Nikon,D7200,1020,3200,2267.0,32.244262308842,12.644808748565492,21.483734164591
Nikon,D7200,1020,3200,2267.0,33.256788389257,13.041877799708626,21.618602433529
Nikon,D7200,1020,3200,2267.0,34.269314469671,13.438946850851375,21.749353513381
Nikon,D7200,1020,3200,2267.0,35.281840550085,13.836015901994116,21.876229682666
Nikon,D7200,1020,3200,2267.0,36.2943666305,14.233084953137254,21.999452449315
Nikon,D7200,1020,3200,2267.0,37.306892710914,14.63015400428,22.119224858655
Nikon,D7200,1020,3200,2267.0,38.319418791328,15.027223055422745,22.235733489517
Nikon,D7200,1020,3200,2267.0,39.331944871743,15.424292106565881,22.349150187709
Nikon,D7200,1020,3200,2267.0,40.344470952157,15.82136115770863,22.459633577248
Nikon,D7200,1020,3200,2267.0,41.356997032571,16.218430208851373,22.567330382693
Nikon,D7200,1020,3200,2267.0,42.369523112986,16.61549925999451,22.672376590206
Nikon,D7200,1020,3200,2267.0,43.3820491934,17.012568311137255,22.774898470392
Nikon,D7200,1020,3200,2267.0,44.394575273815,17.409637362280392,22.875013482202
Nikon,D7200,1020,3200,2267.0,45.407101354229,17.806706413423136,22.972831074104
Nikon,D7200,1020,3200,2267.0,46.419627434643,18.20377546456588,23.068453396242
Nikon,D7200,1020,3200,2267.0,47.432153515058,18.60084451570902,23.161975935165
Nikon,D7200,1020,3200,2267.0,48.444679595472,18.997913566851764,23.253488081044
Nikon,D7200,1020,3200,2267.0,49.457205675886,19.39498261799451,23.343073635782
Nikon,D7200,1020,3200,2267.0,50.469731756301,19.79205166913765,23.430811269279
Nikon,D7200,1020,3200,2267.0,51.482257836715,20.189120720280393,23.516774930069
Nikon,D7200,1020,3200,2267.0,52.494783917129,20.586189771423136,23.601034215683
Nikon,D7200,1020,3200,2267.0,53.507309997544,20.983258822566274,23.683654707409
Nikon,D7200,1020,3200,2267.0,54.519836077958,21.380327873709017,23.764698273456
Nikon,D7200,1020,3200,2267.0,55.532362158372,21.777396924851764,23.844223344049
Nikon,D7200,1020,3200,2267.0,56.544888238787,22.174465975994902,23.922285161515
Nikon,D7200,1020,3200,2267.0,57.557414319201,22.57153502713765,23.99893600803
Nikon,D7200,1020,3200,2267.0,58.569940399616,22.968604078280784,24.074225413388
Nikon,D7200,1020,3200,2267.0,59.58246648003,23.365673129423527,24.148200344861
Nikon,D7200,1020,3200,2267.0,60.594992560444,23.762742180566274,24.220905380961
Nikon,D7200,1020,3200,2267.0,61.607518640859,24.159811231709412,24.29238287072
Nikon,D7200,1020,3200,2267.0,62.620044721273,24.556880282852156,24.362673079917
Nikon,D7200,1020,3200,2267.0,63.632570801687,24.953949333994903,24.431814325508
Nikon,D7200,1020,3200,2267.0,64.645096882102,25.351018385138037,24.499843099381
Nikon,D7200,1020,3200,2267.0,65.657622962516,25.748087436280787,24.566794182452
Nikon,D7200,1020,3200,2267.0,66.67014904293,26.14515648742353,24.632700749971
Nikon,D7200,1020,3200,2267.0,67.682675123345,26.542225538566672,24.697594468854
Nikon,D7200,1020,3200,2267.0,68.695201203759,26.939294589709412,24.761505587757
Nikon,D7200,1020,3200,2267.0,69.707727284173,27.336363640852156,24.824463020513
Nikon,D7200,1020,3200,2267.0,70.720253364588,27.733432691995297,24.88649442353
Nikon,D7200,1020,3200,2267.0,71.732779445002,28.130501743138037,24.94762626766
Nikon,D7200,1020,3200,2267.0,72.745305525416,28.52757079428078,25.007883905004
Nikon,D7200,1020,3200,2267.0,73.757831605831,28.924639845423922,25.067291631074
Nikon,D7200,1020,3200,2267.0,74.770357686245,29.32170889656667,25.125872742702
Nikon,D7200,1020,3200,2267.0,75.782883766659,29.718777947709413,25.183649592034
Nikon,D7200,1020,3200,2267.0,76.795409847074,30.115846998852547,25.240643636921
Nikon,D7200,1020,3200,2267.0,77.807935927488,30.512916049995297,25.296875488
Nikon,D7200,1020,3200,2267.0,78.820462007902,30.909985101138037,25.352364952708
Nikon,D7200,1020,3200,2267.0,79.832988088317,31.30705415228117,25.407131076484
Nikon,D7200,1020,3200,2267.0,80.845514168731,31.704123203423922,25.46119218136
Nikon,D7200,1020,3200,2267.0,81.858040249146,32.10119225456706,25.514565902132
Nikon,D7200,1020,3200,2267.0,82.87056632956,32.49826130570981,25.567269220312
Nikon,D7200,1020,3200,2267.0,83.883092409974,32.89533035685255,25.619318495995
Nikon,D7200,1020,3200,2267.0,84.895618490389,33.29239940799569,25.670729497816
Nikon,D7200,1020,3200,2267.0,85.908144570803,33.68946845913843,25.72151743112
Nikon,D7200,1020,3200,2267.0,86.920670651217,34.086537510281175,25.771696964474
Nikon,D7200,1020,3200,2267.0,87.933196731632,34.48360656142431,25.821282254638
Nikon,D7200,1020,3200,2267.0,88.945722812046,34.88067561256706,25.870286970102
Nikon,D7200,1020,3200,2267.0,89.95824889246,35.277744663709804,25.918724313282
Nikon,D7200,1020,3200,2267.0,90.970774972875,35.674813714852945,25.966607041474
Nikon,D7200,1020,3200,2267.0,91.983301053289,36.07188276599568,26.013947486637
Nikon,D7200,1020,3200,2267.0,92.995827133703,36.46895181713843,26.060757574098
Nikon,D7200,1020,3200,2267.0,94.008353214118,36.866020868281566,26.107048840229
Nikon,D7200,1020,3200,2267.0,95.020879294532,37.26308991942432,26.152832449183
Nikon,D7200,1020,3200,2267.0,96.033405374946,37.66015897056706,26.198119208736
Nikon,D7200,1020,3200,2267.0,97.045931455361,38.0572280217102,26.242919585292
Nikon,D7200,1020,3200,2267.0,98.058457535775,38.454297072852945,26.287243718114
Nikon,D7200,1020,3200,2267.0,99.070983616189,38.85136612399568,26.331101432812
Nikon,D7200,1020,3200,2267.0,100.0835096966,39.24843517513726,26.374502254152
Nikon,D7200,1020,3200,2267.0,101.09603577702,39.645504226282355,26.41745541821
Nikon,D7200,1020,3200,2267.0,102.10856185743,40.04257327742353,26.459969883922
Nikon,D7200,1020,3200,2267.0,103.12108793785,40.43964232856863,26.502054344065
Nikon,D7200,1020,3200,2267.0,104.13361401826,40.836711379709804,26.543717235693
Nikon,D7200,1020,3200,2267.0,105.14614009868,41.2337804308549,26.58496675007
Nikon,D7200,1020,3200,2267.0,106.15866617909,41.63084948199608,26.625810842127
Nikon,D7200,1020,3200,2267.0,107.1711922595,42.02791853313725,26.666257239465
Nikon,D7200,1020,3200,2267.0,108.18371833992,42.424987584282356,26.706313450937
Nikon,D7200,1020,3200,2267.0,109.19624442033,42.822056635423536,26.745986774825
Nikon,D7200,1020,3200,2267.0,110.20877050075,43.21912568656863,26.785284306639
Nikon,D7200,1020,3200,2267.0,111.22129658116,43.616194737709804,26.824212946564
Nikon,D7200,1020,3200,2267.0,112.23382266158,44.01326378885491,26.86277940656
Nikon,D7200,1020,3200,2267.0,113.24634874199,44.41033283999608,26.900990217147
Nikon,D7200,1020,3200,2267.0,114.2588748224,44.80740189113725,26.938851733886
Nikon,D7200,1020,3200,2267.0,115.27140090282,45.204470942282356,26.976370143575
Nikon,D7200,1020,3200,2267.0,116.28392698323,45.60153999342353,27.013551470168
Nikon,D7200,1020,3200,2267.0,117.29645306365,45.998609044568624,27.050401580444
Nikon,D7200,1020,3200,2267.0,118.30897914406,46.395678095709805,27.086926189426
Nikon,D7200,1020,3200,2267.0,119.32150522448,46.7927471468549,27.123130865568
Nikon,D7200,1020,3200,2267.0,120.33403130489,47.18981619799608,27.159021035727
Nikon,D7200,1020,3200,2267.0,121.34655738531,47.58688524914118,27.194601989924
Nikon,D7200,1020,3200,2267.0,122.35908346572,47.983954300282356,27.229878885902
Nikon,D7200,1020,3200,2267.0,123.37160954613,48.38102335142353,27.264856753505
Nikon,D7200,1020,3200,2267.0,124.38413562655,48.77809240256863,27.299540498865
Nikon,D7200,1020,3200,2267.0,125.39666170696,49.175161453709805,27.333934908435
Nikon,D7200,1020,3200,2267.0,126.40918778738,49.5722305048549,27.36804465284
Nikon,D7200,1020,3200,2267.0,127.42171386779,49.96929955599608,27.401874290593
Nikon,D7200,1020,3200,2267.0,128.43423994821,50.366368607141176,27.435428271648
Nikon,D7200,1020,3200,2267.0,129.44676602862,50.76343765828235,27.468710940824
Nikon,D7200,1020,3200,2267.0,130.45929210903,51.16050670942352,27.501726541091
Nikon,D7200,1020,3200,2267.0,131.47181818945,51.55757576056863,27.534479216724
Nikon,D7200,1020,3200,2267.0,132.48434426986,51.954644811709805,27.566973016345
Nikon,D7200,1020,3200,2267.0,133.49687035028,52.35171386285491,27.599211895842
Nikon,D7200,1020,3200,2267.0,134.50939643069,52.74878291399608,27.631199721181
Nikon,D7200,1020,3200,2267.0,135.52192251111,53.145851965141176,27.662940271109
Nikon,D7200,1020,3200,2267.0,136.53444859152,53.54292101628235,27.69443723976
Nikon,D7200,1020,3200,2267.0,137.54697467193,53.93999006742353,27.725694239159
Nikon,D7200,1020,3200,2267.0,138.55950075235,54.33705911856863,27.756714801641
Nikon,D7200,1020,3200,2267.0,139.57202683276,54.734128169709805,27.787502382178
Nikon,D7200,1020,3200,2267.0,140.58455291318,55.1311972208549,27.818060360617
Nikon,D7200,1020,3200,2267.0,141.59707899359,55.52826627199609,27.848392043849
Nikon,D7200,1020,3200,2267.0,142.60960507401,55.92533532314118,27.878500667887
Nikon,D7200,1020,3200,2267.0,143.62213115442,56.32240437428236,27.908389399885
Nikon,D7200,1020,3200,2267.0,144.63465723484,56.71947342542746,27.938061340068
Nikon,D7200,1020,3200,2267.0,145.64718331525,57.11654247656863,27.967519523613
Nikon,D7200,1020,3200,2267.0,146.65970939566,57.513611527709806,27.996766922452
Nikon,D7200,1020,3200,2267.0,147.67223547608,57.9106805788549,28.025806447018
Nikon,D7200,1020,3200,2267.0,148.68476155649,58.307749629996074,28.054640947931
Nikon,D7200,1020,3200,2267.0,149.69728763691,58.70481868114118,28.083273217621
Nikon,D7200,1020,3200,2267.0,150.70981371732,59.10188773228236,28.11170599191
Nikon,D7200,1020,3200,2267.0,151.72233979774,59.498956783427445,28.139941951522
Nikon,D7200,1020,3200,2267.0,152.73486587815,59.89602583456863,28.167983723559
Nikon,D7200,1020,3200,2267.0,153.74739195856,60.293094885709806,28.195833882921
Nikon,D7200,1020,3200,2267.0,154.75991803898,60.6901639368549,28.223494953676
Nikon,D7200,1020,3200,2267.0,155.77244411939,61.087232987996074,28.250969410394
Nikon,D7200,1020,3200,2267.0,156.78497019981,61.484302039141184,28.278259679428
Nikon,D7200,1020,3200,2267.0,157.79749628022,61.88137109028236,28.305368140164
Nikon,D7200,1020,3200,2267.0,158.81002236064,62.27844014142745,28.332297126221
Nikon,D7200,1020,3200,2267.0,159.82254844105,62.675509192568626,28.359048926618
Nikon,D7200,1020,3200,2267.0,160.83507452146,63.072578243709806,28.385625786906
Nikon,D7200,1020,3200,2267.0,161.84760060188,63.4696472948549,28.412029910258
Nikon,D7200,1020,3200,2267.0,162.86012668229,63.866716345996075,28.438263458531
Nikon,D7200,1020,3200,2267.0,163.87265276271,64.26378539714118,28.464328553292
Nikon,D7200,1020,3200,2267.0,164.88517884312,64.66085444828235,28.490227276811
Nikon,D7200,1020,3200,2267.0,165.89770492354,65.05792349942745,28.51596167303
Nikon,D7200,1020,3200,2267.0,166.91023100395,65.45499255056862,28.541533748494
Nikon,D7200,1020,3200,2267.0,167.92275708436,65.8520616017098,28.566945473258
Nikon,D7200,1020,3200,2267.0,168.93528316478,66.2491306528549,28.59219878177
Nikon,D7200,1020,3200,2267.0,169.94780924519,66.64619970399607,28.617295573718
Nikon,D7200,1020,3200,2267.0,170.96033532561,67.04326875514118,28.642237714864
Nikon,D7200,1020,3200,2267.0,171.97286140602,67.44033780628236,28.667027037842
Nikon,D7200,1020,3200,2267.0,172.98538748644,67.83740685742745,28.691665342941
Nikon,D7200,1020,3200,2267.0,173.99791356685,68.23447590856863,28.71615439886
Nikon,D7200,1020,3200,2267.0,175.01043964727,68.63154495971374,28.740495943442
Nikon,D7200,1020,3200,2267.0,176.02296572768,69.02861401085491,28.764691684392
Nikon,D7200,1020,3200,2267.0,177.03549180809,69.42568306199608,28.788743299962
Nikon,D7200,1020,3200,2267.0,178.04801788851,69.82275211314118,28.812652439633
Nikon,D7200,1020,3200,2267.0,179.06054396892,70.21982116428237,28.836420724763
Nikon,D7200,1020,3200,2267.0,180.07307004934,70.61689021542745,28.860049749224
Nikon,D7200,1020,3200,2267.0,181.08559612975,71.01395926656863,28.883541080022
Nikon,D7200,1020,3200,2267.0,182.09812221017,71.41102831771373,28.906896257893
Nikon,D7200,1020,3200,2267.0,183.11064829058,71.8080973688549,28.930116797893
Nikon,D7200,1020,3200,2267.0,184.12317437099,72.20516641999608,28.953204189959
Nikon,D7200,1020,3200,2267.0,185.13570045141,72.60223547114117,28.976159899466
Nikon,D7200,1020,3200,2267.0,186.14822653182,72.99930452228234,28.998985367762
Nikon,D7200,1020,3200,2267.0,187.16075261224,73.39637357342745,29.021682012689
Nikon,D7200,1020,3200,2267.0,188.17327869265,73.79344262456863,29.044251229095
Nikon,D7200,1020,3200,2267.0,189.18580477307,74.19051167571372,29.066694389325
Nikon,D7200,1020,3200,2267.0,190.19833085348,74.58758072685491,29.089012843705
Nikon,D7200,1020,3200,2267.0,191.21085693389,74.98464977799608,29.111207921008
Nikon,D7200,1020,3200,2267.0,192.22338301431,75.38171882914118,29.133280928912
Nikon,D7200,1020,3200,2267.0,193.23590909472,75.77878788028235,29.155233154446
Nikon,D7200,1020,3200,2267.0,194.24843517514,76.17585693142746,29.177065864416
Nikon,D7200,1020,3200,2267.0,195.26096125555,76.57292598256863,29.198780305833
Nikon,D7200,1020,3200,2267.0,196.27348733597,76.96999503371373,29.220377706322
Nikon,D7200,1020,3200,2267.0,197.28601341638,77.3670640848549,29.241859274518
Nikon,D7200,1020,3200,2267.0,198.2985394968,77.764133136,29.263226200461
Nikon,D7200,1020,3200,2267.0,199.31106557721,78.16120218714117,29.28447965597
Nikon,D7200,1020,3200,2267.0,200.32359165762,78.55827123828234,29.305620795018
Nikon,D7200,1020,3200,2267.0,201.33611773804,78.95534028942745,29.326650754089
Nikon,D7200,1020,3200,2267.0,202.34864381845,79.35240934056863,29.347570652531
Nikon,D7200,1020,3200,2267.0,203.36116989887,79.74947839171372,29.3683815929
Nikon,D7200,1020,3200,2267.0,204.37369597928,80.1465474428549,29.389084661292
Nikon,D7200,1020,3200,2267.0,205.3862220597,80.543616494,29.409680927669
Nikon,D7200,1020,3200,2267.0,206.39874814011,80.94068554514118,29.430171446179
Nikon,D7200,1020,3200,2267.0,207.41127422052,81.33775459628235,29.450557255465
Nikon,D7200,1020,3200,2267.0,208.42380030094,81.73482364742746,29.470839378966
Nikon,D7200,1020,3200,2267.0,209.43632638135,82.13189269856863,29.491018825216
Nikon,D7200,1020,3200,2267.0,210.44885246177,82.52896174971373,29.511096588128
Nikon,D7200,1020,3200,2267.0,211.46137854218,82.9260308008549,29.531073647278
Nikon,D7200,1020,3200,2267.0,212.4739046226,83.323099852,29.550950968179
Nikon,D7200,1020,3200,2267.0,213.48643070301,83.72016890314117,29.570729502545
Nikon,D7200,1020,3200,2267.0,214.49895678342,84.11723795428236,29.590410188561
Nikon,D7200,1020,3200,2267.0,215.51148286384,84.51430700542744,29.609993951128
Nikon,D7200,1020,3200,2267.0,216.52400894425,84.91137605656863,29.629481702123
Nikon,D7200,1020,3200,2267.0,217.53653502467,85.30844510771372,29.648874340633
Nikon,D7200,1020,3200,2267.0,218.54906110508,85.7055141588549,29.6681727532
Nikon,D7200,1020,3200,2267.0,219.5615871855,86.10258321,29.687377814047
Nikon,D7200,1020,3200,2267.0,220.57411326591,86.49965226114118,29.706490385314
Nikon,D7200,1020,3200,2267.0,221.58663934633,86.89672131228627,29.725511317269
Nikon,D7200,1020,3200,2267.0,222.59916542674,87.29379036342745,29.744441448533
Nikon,D7200,1020,3200,2267.0,223.61169150715,87.69085941456862,29.763281606288
Nikon,D7200,1020,3200,2267.0,224.62421758757,88.08792846571373,29.782032606488
Nikon,D7200,1020,3200,2267.0,225.63674366798,88.4849975168549,29.800695254053
Nikon,D7200,1020,3200,2267.0,226.6492697484,88.882066568,29.819270343077
Nikon,D7200,1020,3200,2267.0,227.66179582881,89.27913561914119,29.837758657014
Nikon,D7200,1020,3200,2267.0,228.67432190923,89.67620467028627,29.856160968872
Nikon,D7200,1020,3200,2267.0,229.68684798964,90.07327372142746,29.874478041394
Nikon,D7200,1020,3200,2267.0,230.69937407005,90.47034277256863,29.892710627241
Nikon,D7200,1020,3200,2267.0,231.71190015047,90.86741182371372,29.910859469169
Nikon,D7200,1020,3200,2267.0,232.72442623088,91.2644808748549,29.928925300202
Nikon,D7200,1020,3200,2267.0,233.7369523113,91.66154992599999,29.9469088438
Nikon,D7200,1020,3200,2267.0,234.74947839171,92.05861897714117,29.964810814025
Nikon,D7200,1020,3200,2267.0,235.76200447213,92.45568802828627,29.982631915706
Nikon,D7200,1020,3200,2267.0,236.77453055254,92.85275707942745,30.000372844591
Nikon,D7200,1020,3200,2267.0,237.78705663295,93.24982613056862,30.018034287511
Nikon,D7200,1020,3200,2267.0,238.79958271337,93.64689518171373,30.035616922524
Nikon,D7200,1020,3200,2267.0,239.81210879378,94.0439642328549,30.053121419066
Nikon,D7200,1020,3200,2267.0,240.8246348742,94.441033284,30.070548438101
Nikon,D7200,1020,3200,2267.0,241.83716095461,94.83810233514117,30.087898632258
Nikon,D7200,1020,3200,2267.0,242.84968703503,95.23517138628628,30.10517264597
Nikon,D7200,1020,3200,2267.0,243.86221311544,95.63224043742746,30.122371115615
Nikon,D7200,1020,3200,2267.0,244.87473919586,96.02930948857255,30.139494669649
Nikon,D7200,1020,3200,2267.0,245.88726527627,96.42637853971372,30.156543928733
Nikon,D7200,1020,3200,2267.0,246.89979135668,96.82344759085491,30.173519505865
Nikon,D7200,1020,3200,2267.0,247.9123174371,97.22051664199999,30.190422006504
Nikon,D7200,1020,3200,2267.0,248.92484351751,97.61758569314118,30.207252028695
Nikon,D7200,1020,3200,2267.0,249.93736959793,98.01465474428628,30.224010163185
Nikon,D7200,1020,3200,2267.0,250.94989567834,98.41172379542745,30.240696993548
Nikon,D7200,1020,3200,2267.0,251.96242175876,98.80879284657254,30.257313096295
Nikon,D7200,1020,3200,2267.0,252.97494783917,99.20586189771372,30.27385904099
Nikon,D7200,1020,3200,2267.0,253.98747391958,99.6029309488549,30.290335390361
Nikon,D7200,1020,3200,2267.0,255,100.0,30.306742700407
Nikon,D7200,1020,6400,4647.0,0.74444295109265,0.29193841219319605,0
Nikon,D7200,1020,6400,4647.0,1.660396106444,0.6511357280172549,4.4965553875141
Nikon,D7200,1020,6400,4647.0,4.9060581376548,1.923944367707765,9.8629012954395
Nikon,D7200,1020,6400,4647.0,5.9185842180691,2.3210134188506273,10.740704416609
Nikon,D7200,1020,6400,4647.0,6.9311102984835,2.7180824699935293,11.471671456989
Nikon,D7200,1020,6400,4647.0,7.9436363788978,3.1151515211363923,12.097759899265
Nikon,D7200,1020,6400,4647.0,8.9561624593122,3.512220572279294,12.645221815128
Nikon,D7200,1020,6400,4647.0,9.9686885397265,3.909289623422157,13.131563908567
Nikon,D7200,1020,6400,4647.0,10.981214620141,4.306358674565098,13.569039614719
Nikon,D7200,1020,6400,4647.0,11.993740700555,4.703427725707843,13.966557717173
Nikon,D7200,1020,6400,4647.0,13.00626678097,5.100496776850981,14.330796979421
Nikon,D7200,1020,6400,4647.0,14.018792861384,5.497565827993726,14.666892483583
Nikon,D7200,1020,6400,4647.0,15.031318941798,5.89463487913647,14.978876960646
Nikon,D7200,1020,6400,4647.0,16.043845022213,6.291703930279607,15.269975019843
Nikon,D7200,1020,6400,4647.0,17.056371102627,6.688772981422353,15.542805408122
Nikon,D7200,1020,6400,4647.0,18.068897183041,7.085842032565097,15.799523751552
Nikon,D7200,1020,6400,4647.0,19.081423263456,7.4829110837082355,16.041925618331
Nikon,D7200,1020,6400,4647.0,20.09394934387,7.879980134850981,16.271522436402
Nikon,D7200,1020,6400,4647.0,21.106475424284,8.277049185993725,16.489598412698
Nikon,D7200,1020,6400,4647.0,22.119001504699,8.674118237136863,16.697253885224
Nikon,D7200,1020,6400,4647.0,23.131527585113,9.071187288279607,16.895438810671
Nikon,D7200,1020,6400,4647.0,24.144053665527,9.468256339422352,17.084978962969
Nikon,D7200,1020,6400,4647.0,25.156579745942,9.865325390565491,17.266596666654
Nikon,D7200,1020,6400,4647.0,26.169105826356,10.262394441708235,17.440927377946
Nikon,D7200,1020,6400,4647.0,27.181631906771,10.659463492851371,17.608533072734
Nikon,D7200,1020,6400,4647.0,28.194157987185,11.056532543994118,17.769913151811
Nikon,D7200,1020,6400,4647.0,29.206684067599,11.453601595136863,17.92551339595
Nikon,D7200,1020,6400,4647.0,30.219210148014,11.85067064628,18.075733374771
Nikon,D7200,1020,6400,4647.0,31.231736228428,12.247739697422745,18.220932619006
Nikon,D7200,1020,6400,4647.0,32.244262308842,12.644808748565492,18.361435795776
Nikon,D7200,1020,6400,4647.0,33.256788389257,13.041877799708626,18.497537074058
Nikon,D7200,1020,6400,4647.0,34.269314469671,13.438946850851375,18.629503827743
Nikon,D7200,1020,6400,4647.0,35.281840550085,13.836015901994116,18.757579793336
Nikon,D7200,1020,6400,4647.0,36.2943666305,14.233084953137254,18.8819877759
Nikon,D7200,1020,6400,4647.0,37.306892710914,14.63015400428,19.002931978627
Nikon,D7200,1020,6400,4647.0,38.319418791328,15.027223055422745,19.120600017154
Nikon,D7200,1020,6400,4647.0,39.331944871743,15.424292106565881,19.235164668451
Nikon,D7200,1020,6400,4647.0,40.344470952157,15.82136115770863,19.346785395179
Nikon,D7200,1020,6400,4647.0,41.356997032571,16.218430208851373,19.455609679232
Nikon,D7200,1020,6400,4647.0,42.369523112986,16.61549925999451,19.561774192425
Nikon,D7200,1020,6400,4647.0,43.3820491934,17.012568311137255,19.665405827615
Nikon,D7200,1020,6400,4647.0,44.394575273815,17.409637362280392,19.766622609769
Nikon,D7200,1020,6400,4647.0,45.407101354229,17.806706413423136,19.865534503351
Nikon,D7200,1020,6400,4647.0,46.419627434643,18.20377546456588,19.962244129882
Nikon,D7200,1020,6400,4647.0,47.432153515058,18.60084451570902,20.056847407398
Nikon,D7200,1020,6400,4647.0,48.444679595472,18.997913566851764,20.149434121792
Nikon,D7200,1020,6400,4647.0,49.457205675886,19.39498261799451,20.240088438563
Nikon,D7200,1020,6400,4647.0,50.469731756301,19.79205166913765,20.328889362271
Nikon,D7200,1020,6400,4647.0,51.482257836715,20.189120720280393,20.415911149999
Nikon,D7200,1020,6400,4647.0,52.494783917129,20.586189771423136,20.501223684215
Nikon,D7200,1020,6400,4647.0,53.507309997544,20.983258822566274,20.584892809748
Nikon,D7200,1020,6400,4647.0,54.519836077958,21.380327873709017,20.666980638925
Nikon,D7200,1020,6400,4647.0,55.532362158372,21.777396924851764,20.747545828423
Nikon,D7200,1020,6400,4647.0,56.544888238787,22.174465975994902,20.826643830923
Nikon,D7200,1020,6400,4647.0,57.557414319201,22.57153502713765,20.904327124266
Nikon,D7200,1020,6400,4647.0,58.569940399616,22.968604078280784,20.980645420484
Nikon,D7200,1020,6400,4647.0,59.58246648003,23.365673129423527,21.055645856786
Nikon,D7200,1020,6400,4647.0,60.594992560444,23.762742180566274,21.129373170349
Nikon,D7200,1020,6400,4647.0,61.607518640859,24.159811231709412,21.201869858514
Nikon,D7200,1020,6400,4647.0,62.620044721273,24.556880282852156,21.273176325844
Nikon,D7200,1020,6400,4647.0,63.632570801687,24.953949333994903,21.343331019308
Nikon,D7200,1020,6400,4647.0,64.645096882102,25.351018385138037,21.412370552721
Nikon,D7200,1020,6400,4647.0,65.657622962516,25.748087436280787,21.480329821454
Nikon,D7200,1020,6400,4647.0,66.67014904293,26.14515648742353,21.547242108308
Nikon,D7200,1020,6400,4647.0,67.682675123345,26.542225538566672,21.613139181362
Nikon,D7200,1020,6400,4647.0,68.695201203759,26.939294589709412,21.678051384505
Nikon,D7200,1020,6400,4647.0,69.707727284173,27.336363640852156,21.742007721313
Nikon,D7200,1020,6400,4647.0,70.720253364588,27.733432691995297,21.80503593283
Nikon,D7200,1020,6400,4647.0,71.732779445002,28.130501743138037,21.867162569797
Nikon,D7200,1020,6400,4647.0,72.745305525416,28.52757079428078,21.928413059786
Nikon,D7200,1020,6400,4647.0,73.757831605831,28.924639845423922,21.988811769665
Nikon,D7200,1020,6400,4647.0,74.770357686245,29.32170889656667,22.048382063782
Nikon,D7200,1020,6400,4647.0,75.782883766659,29.718777947709413,22.107146358215
Nikon,D7200,1020,6400,4647.0,76.795409847074,30.115846998852547,22.165126171398
Nikon,D7200,1020,6400,4647.0,77.807935927488,30.512916049995297,22.222342171416
Nikon,D7200,1020,6400,4647.0,78.820462007902,30.909985101138037,22.278814220225
Nikon,D7200,1020,6400,4647.0,79.832988088317,31.30705415228117,22.334561415035
Nikon,D7200,1020,6400,4647.0,80.845514168731,31.704123203423922,22.389602127072
Nikon,D7200,1020,6400,4647.0,81.858040249146,32.10119225456706,22.443954037909
Nikon,D7200,1020,6400,4647.0,82.87056632956,32.49826130570981,22.497634173564
Nikon,D7200,1020,6400,4647.0,83.883092409974,32.89533035685255,22.550658936503
Nikon,D7200,1020,6400,4647.0,84.895618490389,33.29239940799569,22.603044135728
Nikon,D7200,1020,6400,4647.0,85.908144570803,33.68946845913843,22.654805015056
Nikon,D7200,1020,6400,4647.0,86.920670651217,34.086537510281175,22.705956279748
Nikon,D7200,1020,6400,4647.0,87.933196731632,34.48360656142431,22.756512121581
Nikon,D7200,1020,6400,4647.0,88.945722812046,34.88067561256706,22.806486242476
Nikon,D7200,1020,6400,4647.0,89.95824889246,35.277744663709804,22.855891876788
Nikon,D7200,1020,6400,4647.0,90.970774972875,35.674813714852945,22.904741812339
Nikon,D7200,1020,6400,4647.0,91.983301053289,36.07188276599568,22.95304841028
Nikon,D7200,1020,6400,4647.0,92.995827133703,36.46895181713843,23.000823623866
Nikon,D7200,1020,6400,4647.0,94.008353214118,36.866020868281566,23.048079016206
Nikon,D7200,1020,6400,4647.0,95.020879294532,37.26308991942432,23.094825777057
Nikon,D7200,1020,6400,4647.0,96.033405374946,37.66015897056706,23.141074738727
Nikon,D7200,1020,6400,4647.0,97.045931455361,38.0572280217102,23.186836391136
Nikon,D7200,1020,6400,4647.0,98.058457535775,38.454297072852945,23.2321208961
Nikon,D7200,1020,6400,4647.0,99.070983616189,38.85136612399568,23.276938100868
Nikon,D7200,1020,6400,4647.0,100.0835096966,39.24843517513726,23.321297550974
Nikon,D7200,1020,6400,4647.0,101.09603577702,39.645504226282355,23.365208502438
Nikon,D7200,1020,6400,4647.0,102.10856185743,40.04257327742353,23.408679933356
Nikon,D7200,1020,6400,4647.0,103.12108793785,40.43964232856863,23.451720554917
Nikon,D7200,1020,6400,4647.0,104.13361401826,40.836711379709804,23.494338821878
Nikon,D7200,1020,6400,4647.0,105.14614009868,41.2337804308549,23.53654294253
Nikon,D7200,1020,6400,4647.0,106.15866617909,41.63084948199608,23.578340888188
Nikon,D7200,1020,6400,4647.0,107.1711922595,42.02791853313725,23.619740402222
Nikon,D7200,1020,6400,4647.0,108.18371833992,42.424987584282356,23.660749008669
Nikon,D7200,1020,6400,4647.0,109.19624442033,42.822056635423536,23.701374020436
Nikon,D7200,1020,6400,4647.0,110.20877050075,43.21912568656863,23.741622547129
Nikon,D7200,1020,6400,4647.0,111.22129658116,43.616194737709804,23.781501502517
Nikon,D7200,1020,6400,4647.0,112.23382266158,44.01326378885491,23.82101761166
Nikon,D7200,1020,6400,4647.0,113.24634874199,44.41033283999608,23.860177417714
Nikon,D7200,1020,6400,4647.0,114.2588748224,44.80740189113725,23.898987288434
Nikon,D7200,1020,6400,4647.0,115.27140090282,45.204470942282356,23.937453422386
Nikon,D7200,1020,6400,4647.0,116.28392698323,45.60153999342353,23.975581854887
Nikon,D7200,1020,6400,4647.0,117.29645306365,45.998609044568624,24.013378463692
Nikon,D7200,1020,6400,4647.0,118.30897914406,46.395678095709805,24.050848974424
Nikon,D7200,1020,6400,4647.0,119.32150522448,46.7927471468549,24.087998965788
Nikon,D7200,1020,6400,4647.0,120.33403130489,47.18981619799608,24.124833874547
Nikon,D7200,1020,6400,4647.0,121.34655738531,47.58688524914118,24.1613590003
Nikon,D7200,1020,6400,4647.0,122.35908346572,47.983954300282356,24.197579510058
Nikon,D7200,1020,6400,4647.0,123.37160954613,48.38102335142353,24.23350044263
Nikon,D7200,1020,6400,4647.0,124.38413562655,48.77809240256863,24.269126712826
Nikon,D7200,1020,6400,4647.0,125.39666170696,49.175161453709805,24.304463115499
Nikon,D7200,1020,6400,4647.0,126.40918778738,49.5722305048549,24.33951432941
Nikon,D7200,1020,6400,4647.0,127.42171386779,49.96929955599608,24.374284920951
Nikon,D7200,1020,6400,4647.0,128.43423994821,50.366368607141176,24.408779347712
Nikon,D7200,1020,6400,4647.0,129.44676602862,50.76343765828235,24.443001961911
Nikon,D7200,1020,6400,4647.0,130.45929210903,51.16050670942352,24.47695701369
Nikon,D7200,1020,6400,4647.0,131.47181818945,51.55757576056863,24.510648654279
Nikon,D7200,1020,6400,4647.0,132.48434426986,51.954644811709805,24.544080939046
Nikon,D7200,1020,6400,4647.0,133.49687035028,52.35171386285491,24.577257830423
Nikon,D7200,1020,6400,4647.0,134.50939643069,52.74878291399608,24.610183200726
Nikon,D7200,1020,6400,4647.0,135.52192251111,53.145851965141176,24.642860834864
Nikon,D7200,1020,6400,4647.0,136.53444859152,53.54292101628235,24.675294432955
Nikon,D7200,1020,6400,4647.0,137.54697467193,53.93999006742353,24.707487612834
Nikon,D7200,1020,6400,4647.0,138.55950075235,54.33705911856863,24.73944391248
Nikon,D7200,1020,6400,4647.0,139.57202683276,54.734128169709805,24.771166792344
Nikon,D7200,1020,6400,4647.0,140.58455291318,55.1311972208549,24.802659637604
Nikon,D7200,1020,6400,4647.0,141.59707899359,55.52826627199609,24.833925760325
Nikon,D7200,1020,6400,4647.0,142.60960507401,55.92533532314118,24.864968401555
Nikon,D7200,1020,6400,4647.0,143.62213115442,56.32240437428236,24.895790733339
Nikon,D7200,1020,6400,4647.0,144.63465723484,56.71947342542746,24.926395860665
Nikon,D7200,1020,6400,4647.0,145.64718331525,57.11654247656863,24.956786823337
Nikon,D7200,1020,6400,4647.0,146.65970939566,57.513611527709806,24.986966597792
Nikon,D7200,1020,6400,4647.0,147.67223547608,57.9106805788549,25.016938098847
Nikon,D7200,1020,6400,4647.0,148.68476155649,58.307749629996074,25.046704181385
Nikon,D7200,1020,6400,4647.0,149.69728763691,58.70481868114118,25.076267641994
Nikon,D7200,1020,6400,4647.0,150.70981371732,59.10188773228236,25.105631220537
Nikon,D7200,1020,6400,4647.0,151.72233979774,59.498956783427445,25.134797601678
Nikon,D7200,1020,6400,4647.0,152.73486587815,59.89602583456863,25.163769416356
Nikon,D7200,1020,6400,4647.0,153.74739195856,60.293094885709806,25.192549243207
Nikon,D7200,1020,6400,4647.0,154.75991803898,60.6901639368549,25.221139609944
Nikon,D7200,1020,6400,4647.0,155.77244411939,61.087232987996074,25.249542994684
Nikon,D7200,1020,6400,4647.0,156.78497019981,61.484302039141184,25.277761827244
Nikon,D7200,1020,6400,4647.0,157.79749628022,61.88137109028236,25.305798490382
Nikon,D7200,1020,6400,4647.0,158.81002236064,62.27844014142745,25.333655321008
Nikon,D7200,1020,6400,4647.0,159.82254844105,62.675509192568626,25.36133461135
Nikon,D7200,1020,6400,4647.0,160.83507452146,63.072578243709806,25.388838610089
Nikon,D7200,1020,6400,4647.0,161.84760060188,63.4696472948549,25.416169523453
Nikon,D7200,1020,6400,4647.0,162.86012668229,63.866716345996075,25.443329516278
Nikon,D7200,1020,6400,4647.0,163.87265276271,64.26378539714118,25.470320713042
Nikon,D7200,1020,6400,4647.0,164.88517884312,64.66085444828235,25.497145198854
Nikon,D7200,1020,6400,4647.0,165.89770492354,65.05792349942745,25.523805020428
Nikon,D7200,1020,6400,4647.0,166.91023100395,65.45499255056862,25.550302187017
Nikon,D7200,1020,6400,4647.0,167.92275708436,65.8520616017098,25.57663867132
Nikon,D7200,1020,6400,4647.0,168.93528316478,66.2491306528549,25.602816410366
Nikon,D7200,1020,6400,4647.0,169.94780924519,66.64619970399607,25.628837306368
Nikon,D7200,1020,6400,4647.0,170.96033532561,67.04326875514118,25.654703227551
Nikon,D7200,1020,6400,4647.0,171.97286140602,67.44033780628236,25.680416008961
Nikon,D7200,1020,6400,4647.0,172.98538748644,67.83740685742745,25.705977453241
Nikon,D7200,1020,6400,4647.0,173.99791356685,68.23447590856863,25.73138933139
Nikon,D7200,1020,6400,4647.0,175.01043964727,68.63154495971374,25.756653383505
Nikon,D7200,1020,6400,4647.0,176.02296572768,69.02861401085491,25.781771319489
Nikon,D7200,1020,6400,4647.0,177.03549180809,69.42568306199608,25.806744819748
Nikon,D7200,1020,6400,4647.0,178.04801788851,69.82275211314118,25.831575535867
Nikon,D7200,1020,6400,4647.0,179.06054396892,70.21982116428237,25.856265091264
Nikon,D7200,1020,6400,4647.0,180.07307004934,70.61689021542745,25.880815081826
Nikon,D7200,1020,6400,4647.0,181.08559612975,71.01395926656863,25.90522707653
Nikon,D7200,1020,6400,4647.0,182.09812221017,71.41102831771373,25.929502618044
Nikon,D7200,1020,6400,4647.0,183.11064829058,71.8080973688549,25.953643223311
Nikon,D7200,1020,6400,4647.0,184.12317437099,72.20516641999608,25.977650384117
Nikon,D7200,1020,6400,4647.0,185.13570045141,72.60223547114117,26.001525567649
Nikon,D7200,1020,6400,4647.0,186.14822653182,72.99930452228234,26.025270217026
Nikon,D7200,1020,6400,4647.0,187.16075261224,73.39637357342745,26.048885751828
Nikon,D7200,1020,6400,4647.0,188.17327869265,73.79344262456863,26.072373568603
Nikon,D7200,1020,6400,4647.0,189.18580477307,74.19051167571372,26.095735041361
Nikon,D7200,1020,6400,4647.0,190.19833085348,74.58758072685491,26.118971522062
Nikon,D7200,1020,6400,4647.0,191.21085693389,74.98464977799608,26.142084341077
Nikon,D7200,1020,6400,4647.0,192.22338301431,75.38171882914118,26.165074807652
Nikon,D7200,1020,6400,4647.0,193.23590909472,75.77878788028235,26.187944210351
Nikon,D7200,1020,6400,4647.0,194.24843517514,76.17585693142746,26.210693817488
Nikon,D7200,1020,6400,4647.0,195.26096125555,76.57292598256863,26.233324877549
Nikon,D7200,1020,6400,4647.0,196.27348733597,76.96999503371373,26.255838619606
Nikon,D7200,1020,6400,4647.0,197.28601341638,77.3670640848549,26.278236253714
Nikon,D7200,1020,6400,4647.0,198.2985394968,77.764133136,26.300518971305
Nikon,D7200,1020,6400,4647.0,199.31106557721,78.16120218714117,26.322687945563
Nikon,D7200,1020,6400,4647.0,200.32359165762,78.55827123828234,26.3447443318
Nikon,D7200,1020,6400,4647.0,201.33611773804,78.95534028942745,26.366689267815
Nikon,D7200,1020,6400,4647.0,202.34864381845,79.35240934056863,26.388523874246
Nikon,D7200,1020,6400,4647.0,203.36116989887,79.74947839171372,26.410249254912
Nikon,D7200,1020,6400,4647.0,204.37369597928,80.1465474428549,26.431866497151
Nikon,D7200,1020,6400,4647.0,205.3862220597,80.543616494,26.453376672145
Nikon,D7200,1020,6400,4647.0,206.39874814011,80.94068554514118,26.474780835238
Nikon,D7200,1020,6400,4647.0,207.41127422052,81.33775459628235,26.496080026247
Nikon,D7200,1020,6400,4647.0,208.42380030094,81.73482364742746,26.517275269765
Nikon,D7200,1020,6400,4647.0,209.43632638135,82.13189269856863,26.538367575458
Nikon,D7200,1020,6400,4647.0,210.44885246177,82.52896174971373,26.559357938351
Nikon,D7200,1020,6400,4647.0,211.46137854218,82.9260308008549,26.580247339113
Nikon,D7200,1020,6400,4647.0,212.4739046226,83.323099852,26.601036744329
Nikon,D7200,1020,6400,4647.0,213.48643070301,83.72016890314117,26.621727106768
Nikon,D7200,1020,6400,4647.0,214.49895678342,84.11723795428236,26.64231936565
Nikon,D7200,1020,6400,4647.0,215.51148286384,84.51430700542744,26.662814446896
Nikon,D7200,1020,6400,4647.0,216.52400894425,84.91137605656863,26.68321326338
Nikon,D7200,1020,6400,4647.0,217.53653502467,85.30844510771372,26.703516715174
Nikon,D7200,1020,6400,4647.0,218.54906110508,85.7055141588549,26.723725689784
Nikon,D7200,1020,6400,4647.0,219.5615871855,86.10258321,26.743841062387
Nikon,D7200,1020,6400,4647.0,220.57411326591,86.49965226114118,26.763863696051
Nikon,D7200,1020,6400,4647.0,221.58663934633,86.89672131228627,26.783794441967
Nikon,D7200,1020,6400,4647.0,222.59916542674,87.29379036342745,26.803634139657
Nikon,D7200,1020,6400,4647.0,223.61169150715,87.69085941456862,26.823383617191
Nikon,D7200,1020,6400,4647.0,224.62421758757,88.08792846571373,26.843043691394
Nikon,D7200,1020,6400,4647.0,225.63674366798,88.4849975168549,26.862615168049
Nikon,D7200,1020,6400,4647.0,226.6492697484,88.882066568,26.882098842092
Nikon,D7200,1020,6400,4647.0,227.66179582881,89.27913561914119,26.90149549781
Nikon,D7200,1020,6400,4647.0,228.67432190923,89.67620467028627,26.920805909028
Nikon,D7200,1020,6400,4647.0,229.68684798964,90.07327372142746,26.940030839293
Nikon,D7200,1020,6400,4647.0,230.69937407005,90.47034277256863,26.95917104206
Nikon,D7200,1020,6400,4647.0,231.71190015047,90.86741182371372,26.978227260864
Nikon,D7200,1020,6400,4647.0,232.72442623088,91.2644808748549,26.997200229495
Nikon,D7200,1020,6400,4647.0,233.7369523113,91.66154992599999,27.016090672169
Nikon,D7200,1020,6400,4647.0,234.74947839171,92.05861897714117,27.034899303692
Nikon,D7200,1020,6400,4647.0,235.76200447213,92.45568802828627,27.053626829624
Nikon,D7200,1020,6400,4647.0,236.77453055254,92.85275707942745,27.072273946436
Nikon,D7200,1020,6400,4647.0,237.78705663295,93.24982613056862,27.090841341667
Nikon,D7200,1020,6400,4647.0,238.79958271337,93.64689518171373,27.109329694075
Nikon,D7200,1020,6400,4647.0,239.81210879378,94.0439642328549,27.127739673785
Nikon,D7200,1020,6400,4647.0,240.8246348742,94.441033284,27.146071942439
Nikon,D7200,1020,6400,4647.0,241.83716095461,94.83810233514117,27.164327153332
Nikon,D7200,1020,6400,4647.0,242.84968703503,95.23517138628628,27.182505951559
Nikon,D7200,1020,6400,4647.0,243.86221311544,95.63224043742746,27.200608974146
Nikon,D7200,1020,6400,4647.0,244.87473919586,96.02930948857255,27.218636850186
Nikon,D7200,1020,6400,4647.0,245.88726527627,96.42637853971372,27.236590200971
Nikon,D7200,1020,6400,4647.0,246.89979135668,96.82344759085491,27.254469640119
Nikon,D7200,1020,6400,4647.0,247.9123174371,97.22051664199999,27.272275773703
Nikon,D7200,1020,6400,4647.0,248.92484351751,97.61758569314118,27.290009200369
Nikon,D7200,1020,6400,4647.0,249.93736959793,98.01465474428628,27.30767051146
Nikon,D7200,1020,6400,4647.0,250.94989567834,98.41172379542745,27.325260291135
Nikon,D7200,1020,6400,4647.0,251.96242175876,98.80879284657254,27.342779116483
Nikon,D7200,1020,6400,4647.0,252.97494783917,99.20586189771372,27.360227557639
Nikon,D7200,1020,6400,4647.0,253.98747391958,99.6029309488549,27.377606177892
Nikon,D7200,1020,6400,4647.0,255,100.0,27.394915533796
Nikon,D7200,1020,12800,8998.0,1.660396106444,0.6511357280172549,0
Nikon,D7200,1020,12800,8998.0,4.9060581376548,1.923944367707765,6.3072811522783
Nikon,D7200,1020,12800,8998.0,5.9185842180691,2.3210134188506273,7.2947200881037
Nikon,D7200,1020,12800,8998.0,6.9311102984835,2.7180824699935293,8.1068572502767
Nikon,D7200,1020,12800,8998.0,7.9436363788978,3.1151515211363923,8.7954211846082
Nikon,D7200,1020,12800,8998.0,8.9561624593122,3.512220572279294,9.3924187946601
Nikon,D7200,1020,12800,8998.0,9.9686885397265,3.909289623422157,9.9189679051847
Nikon,D7200,1020,12800,8998.0,10.981214620141,4.306358674565098,10.389703037638
Nikon,D7200,1020,12800,8998.0,11.993740700555,4.703427725707843,10.815166892684
Nikon,D7200,1020,12800,8998.0,13.00626678097,5.100496776850981,11.203196850324
Nikon,D7200,1020,12800,8998.0,14.018792861384,5.497565827993726,11.55977248086
Nikon,D7200,1020,12800,8998.0,15.031318941798,5.89463487913647,11.889556609371
Nikon,D7200,1020,12800,8998.0,16.043845022213,6.291703930279607,12.196253539631
Nikon,D7200,1020,12800,8998.0,17.056371102627,6.688772981422353,12.482853671786
Nikon,D7200,1020,12800,8998.0,18.068897183041,7.085842032565097,12.75180504659
Nikon,D7200,1020,12800,8998.0,19.081423263456,7.4829110837082355,13.005136461568
Nikon,D7200,1020,12800,8998.0,20.09394934387,7.879980134850981,13.244547644171
Nikon,D7200,1020,12800,8998.0,21.106475424284,8.277049185993725,13.471476494907
Nikon,D7200,1020,12800,8998.0,22.119001504699,8.674118237136863,13.687150041303
Nikon,D7200,1020,12800,8998.0,23.131527585113,9.071187288279607,13.892623607574
Nikon,D7200,1020,12800,8998.0,24.144053665527,9.468256339422352,14.088811318285
Nikon,D7200,1020,12800,8998.0,25.156579745942,9.865325390565491,14.27651013409
Nikon,D7200,1020,12800,8998.0,26.169105826356,10.262394441708235,14.456418994795
Nikon,D7200,1020,12800,8998.0,27.181631906771,10.659463492851371,14.629154215628
Nikon,D7200,1020,12800,8998.0,28.194157987185,11.056532543994118,14.795261981838
Nikon,D7200,1020,12800,8998.0,29.206684067599,11.453601595136863,14.955228572741
Nikon,D7200,1020,12800,8998.0,30.219210148014,11.85067064628,15.109488792081
Nikon,D7200,1020,12800,8998.0,31.231736228428,12.247739697422745,15.258432968837
Nikon,D7200,1020,12800,8998.0,32.244262308842,12.644808748565492,15.402412809336
Nikon,D7200,1020,12800,8998.0,33.256788389257,13.041877799708626,15.54174631928
Nikon,D7200,1020,12800,8998.0,34.269314469671,13.438946850851375,15.676721967322
Nikon,D7200,1020,12800,8998.0,35.281840550085,13.836015901994116,15.807602226033
Nikon,D7200,1020,12800,8998.0,36.2943666305,14.233084953137254,15.934626598569
Nikon,D7200,1020,12800,8998.0,37.306892710914,14.63015400428,16.058014218018
Nikon,D7200,1020,12800,8998.0,38.319418791328,15.027223055422745,16.177966089736
Nikon,D7200,1020,12800,8998.0,39.331944871743,15.424292106565881,16.294667033864
Nikon,D7200,1020,12800,8998.0,40.344470952157,15.82136115770863,16.408287374806
Nikon,D7200,1020,12800,8998.0,41.356997032571,16.218430208851373,16.51898441619
Nikon,D7200,1020,12800,8998.0,42.369523112986,16.61549925999451,16.626903733115
Nikon,D7200,1020,12800,8998.0,43.3820491934,17.012568311137255,16.732180308196
Nikon,D7200,1020,12800,8998.0,44.394575273815,17.409637362280392,16.834939533466
Nikon,D7200,1020,12800,8998.0,45.407101354229,17.806706413423136,16.93529809671
Nikon,D7200,1020,12800,8998.0,46.419627434643,18.20377546456588,17.033364767838
Nikon,D7200,1020,12800,8998.0,47.432153515058,18.60084451570902,17.129241098516
Nikon,D7200,1020,12800,8998.0,48.444679595472,18.997913566851764,17.22302204627
Nikon,D7200,1020,12800,8998.0,49.457205675886,19.39498261799451,17.314796532649
Nikon,D7200,1020,12800,8998.0,50.469731756301,19.79205166913765,17.404647943602
Nikon,D7200,1020,12800,8998.0,51.482257836715,20.189120720280393,17.492654579119
Nikon,D7200,1020,12800,8998.0,52.494783917129,20.586189771423136,17.578890058167
Nikon,D7200,1020,12800,8998.0,53.507309997544,20.983258822566274,17.663423684145
Nikon,D7200,1020,12800,8998.0,54.519836077958,21.380327873709017,17.746320775401
Nikon,D7200,1020,12800,8998.0,55.532362158372,21.777396924851764,17.827642964715
Nikon,D7200,1020,12800,8998.0,56.544888238787,22.174465975994902,17.907448471208
Nikon,D7200,1020,12800,8998.0,57.557414319201,22.57153502713765,17.985792347636
Nikon,D7200,1020,12800,8998.0,58.569940399616,22.968604078280784,18.062726705714
Nikon,D7200,1020,12800,8998.0,59.58246648003,23.365673129423527,18.138300921765
Nikon,D7200,1020,12800,8998.0,60.594992560444,23.762742180566274,18.212561824714
Nikon,D7200,1020,12800,8998.0,61.607518640859,24.159811231709412,18.285553868213
Nikon,D7200,1020,12800,8998.0,62.620044721273,24.556880282852156,18.35731928849
Nikon,D7200,1020,12800,8998.0,63.632570801687,24.953949333994903,18.427898249298
Nikon,D7200,1020,12800,8998.0,64.645096882102,25.351018385138037,18.497328975229
Nikon,D7200,1020,12800,8998.0,65.657622962516,25.748087436280787,18.565647874477
Nikon,D7200,1020,12800,8998.0,66.67014904293,26.14515648742353,18.63288965205
Nikon,D7200,1020,12800,8998.0,67.682675123345,26.542225538566672,18.699087414298
Nikon,D7200,1020,12800,8998.0,68.695201203759,26.939294589709412,18.764272765553
Nikon,D7200,1020,12800,8998.0,69.707727284173,27.336363640852156,18.828475897577
Nikon,D7200,1020,12800,8998.0,70.720253364588,27.733432691995297,18.891725672451
Nikon,D7200,1020,12800,8998.0,71.732779445002,28.130501743138037,18.954049699483
Nikon,D7200,1020,12800,8998.0,72.745305525416,28.52757079428078,19.015474406629
Nikon,D7200,1020,12800,8998.0,73.757831605831,28.924639845423922,19.076025106902
Nikon,D7200,1020,12800,8998.0,74.770357686245,29.32170889656667,19.135726060187
Nikon,D7200,1020,12800,8998.0,75.782883766659,29.718777947709413,19.194600530826
Nikon,D7200,1020,12800,8998.0,76.795409847074,30.115846998852547,19.252670841323
Nikon,D7200,1020,12800,8998.0,77.807935927488,30.512916049995297,19.309958422482
Nikon,D7200,1020,12800,8998.0,78.820462007902,30.909985101138037,19.366483860251
Nikon,D7200,1020,12800,8998.0,79.832988088317,31.30705415228117,19.422266939529
Nikon,D7200,1020,12800,8998.0,80.845514168731,31.704123203423922,19.477326685178
Nikon,D7200,1020,12800,8998.0,81.858040249146,32.10119225456706,19.531681400438
Nikon,D7200,1020,12800,8998.0,82.87056632956,32.49826130570981,19.585348702948
Nikon,D7200,1020,12800,8998.0,83.883092409974,32.89533035685255,19.638345558554
Nikon,D7200,1020,12800,8998.0,84.895618490389,33.29239940799569,19.69068831305
Nikon,D7200,1020,12800,8998.0,85.908144570803,33.68946845913843,19.742392722019
Nikon,D7200,1020,12800,8998.0,86.920670651217,34.086537510281175,19.793473978892
Nikon,D7200,1020,12800,8998.0,87.933196731632,34.48360656142431,19.843946741373
Nikon,D7200,1020,12800,8998.0,88.945722812046,34.88067561256706,19.893825156317
Nikon,D7200,1020,12800,8998.0,89.95824889246,35.277744663709804,19.943122883185
Nikon,D7200,1020,12800,8998.0,90.970774972875,35.674813714852945,19.991853116177
Nikon,D7200,1020,12800,8998.0,91.983301053289,36.07188276599568,20.040028605108
Nikon,D7200,1020,12800,8998.0,92.995827133703,36.46895181713843,20.087661675141
Nikon,D7200,1020,12800,8998.0,94.008353214118,36.866020868281566,20.134764245426
Nikon,D7200,1020,12800,8998.0,95.020879294532,37.26308991942432,20.181347846737
Nikon,D7200,1020,12800,8998.0,96.033405374946,37.66015897056706,20.227423638154
Nikon,D7200,1020,12800,8998.0,97.045931455361,38.0572280217102,20.273002422866
Nikon,D7200,1020,12800,8998.0,98.058457535775,38.454297072852945,20.318094663137
Nikon,D7200,1020,12800,8998.0,99.070983616189,38.85136612399568,20.3627104945
Nikon,D7200,1020,12800,8998.0,100.0835096966,39.24843517513726,20.406859739214
Nikon,D7200,1020,12800,8998.0,101.09603577702,39.645504226282355,20.45055191904
Nikon,D7200,1020,12800,8998.0,102.10856185743,40.04257327742353,20.493796267371
Nikon,D7200,1020,12800,8998.0,103.12108793785,40.43964232856863,20.536601740755
Nikon,D7200,1020,12800,8998.0,104.13361401826,40.836711379709804,20.57897702985
Nikon,D7200,1020,12800,8998.0,105.14614009868,41.2337804308549,20.620930569845
Nikon,D7200,1020,12800,8998.0,106.15866617909,41.63084948199608,20.662470550367
Nikon,D7200,1020,12800,8998.0,107.1711922595,42.02791853313725,20.703604924922
Nikon,D7200,1020,12800,8998.0,108.18371833992,42.424987584282356,20.744341419883
Nikon,D7200,1020,12800,8998.0,109.19624442033,42.822056635423536,20.784687543052
Nikon,D7200,1020,12800,8998.0,110.20877050075,43.21912568656863,20.824650591828
Nikon,D7200,1020,12800,8998.0,111.22129658116,43.616194737709804,20.864237660991
Nikon,D7200,1020,12800,8998.0,112.23382266158,44.01326378885491,20.903455650132
Nikon,D7200,1020,12800,8998.0,113.24634874199,44.41033283999608,20.942311270752
Nikon,D7200,1020,12800,8998.0,114.2588748224,44.80740189113725,20.980811053025
Nikon,D7200,1020,12800,8998.0,115.27140090282,45.204470942282356,21.018961352279
Nikon,D7200,1020,12800,8998.0,116.28392698323,45.60153999342353,21.056768355178
Nikon,D7200,1020,12800,8998.0,117.29645306365,45.998609044568624,21.094238085634
Nikon,D7200,1020,12800,8998.0,118.30897914406,46.395678095709805,21.131376410468
Nikon,D7200,1020,12800,8998.0,119.32150522448,46.7927471468549,21.168189044823
Nikon,D7200,1020,12800,8998.0,120.33403130489,47.18981619799608,21.204681557344
Nikon,D7200,1020,12800,8998.0,121.34655738531,47.58688524914118,21.240859375144
Nikon,D7200,1020,12800,8998.0,122.35908346572,47.983954300282356,21.27672778856
Nikon,D7200,1020,12800,8998.0,123.37160954613,48.38102335142353,21.312291955704
Nikon,D7200,1020,12800,8998.0,124.38413562655,48.77809240256863,21.34755690684
Nikon,D7200,1020,12800,8998.0,125.39666170696,49.175161453709805,21.382527548565
Nikon,D7200,1020,12800,8998.0,126.40918778738,49.5722305048549,21.417208667836
Nikon,D7200,1020,12800,8998.0,127.42171386779,49.96929955599608,21.451604935823
Nikon,D7200,1020,12800,8998.0,128.43423994821,50.366368607141176,21.485720911614
Nikon,D7200,1020,12800,8998.0,129.44676602862,50.76343765828235,21.519561045773
Nikon,D7200,1020,12800,8998.0,130.45929210903,51.16050670942352,21.553129683753
Nikon,D7200,1020,12800,8998.0,131.47181818945,51.55757576056863,21.586431069184
Nikon,D7200,1020,12800,8998.0,132.48434426986,51.954644811709805,21.619469347023
Nikon,D7200,1020,12800,8998.0,133.49687035028,52.35171386285491,21.652248566595
Nikon,D7200,1020,12800,8998.0,134.50939643069,52.74878291399608,21.684772684508
Nikon,D7200,1020,12800,8998.0,135.52192251111,53.145851965141176,21.717045567463
Nikon,D7200,1020,12800,8998.0,136.53444859152,53.54292101628235,21.749070994957
Nikon,D7200,1020,12800,8998.0,137.54697467193,53.93999006742353,21.780852661884
Nikon,D7200,1020,12800,8998.0,138.55950075235,54.33705911856863,21.812394181042
Nikon,D7200,1020,12800,8998.0,139.57202683276,54.734128169709805,21.843699085547
Nikon,D7200,1020,12800,8998.0,140.58455291318,55.1311972208549,21.874770831157
Nikon,D7200,1020,12800,8998.0,141.59707899359,55.52826627199609,21.905612798517
Nikon,D7200,1020,12800,8998.0,142.60960507401,55.92533532314118,21.936228295314
Nikon,D7200,1020,12800,8998.0,143.62213115442,56.32240437428236,21.966620558367
Nikon,D7200,1020,12800,8998.0,144.63465723484,56.71947342542746,21.996792755633
Nikon,D7200,1020,12800,8998.0,145.64718331525,57.11654247656863,22.026747988149
Nikon,D7200,1020,12800,8998.0,146.65970939566,57.513611527709806,22.0564892919
Nikon,D7200,1020,12800,8998.0,147.67223547608,57.9106805788549,22.086019639628
Nikon,D7200,1020,12800,8998.0,148.68476155649,58.307749629996074,22.115341942576
Nikon,D7200,1020,12800,8998.0,149.69728763691,58.70481868114118,22.14445905217
Nikon,D7200,1020,12800,8998.0,150.70981371732,59.10188773228236,22.173373761652
Nikon,D7200,1020,12800,8998.0,151.72233979774,59.498956783427445,22.202088807643
Nikon,D7200,1020,12800,8998.0,152.73486587815,59.89602583456863,22.230606871673
Nikon,D7200,1020,12800,8998.0,153.74739195856,60.293094885709806,22.258930581642
Nikon,D7200,1020,12800,8998.0,154.75991803898,60.6901639368549,22.287062513244
Nikon,D7200,1020,12800,8998.0,155.77244411939,61.087232987996074,22.315005191338
Nikon,D7200,1020,12800,8998.0,156.78497019981,61.484302039141184,22.342761091281
Nikon,D7200,1020,12800,8998.0,157.79749628022,61.88137109028236,22.37033264021
Nikon,D7200,1020,12800,8998.0,158.81002236064,62.27844014142745,22.397722218285
Nikon,D7200,1020,12800,8998.0,159.82254844105,62.675509192568626,22.424932159898
Nikon,D7200,1020,12800,8998.0,160.83507452146,63.072578243709806,22.451964754835
Nikon,D7200,1020,12800,8998.0,161.84760060188,63.4696472948549,22.478822249406
Nikon,D7200,1020,12800,8998.0,162.86012668229,63.866716345996075,22.505506847539
Nikon,D7200,1020,12800,8998.0,163.87265276271,64.26378539714118,22.53202071184
Nikon,D7200,1020,12800,8998.0,164.88517884312,64.66085444828235,22.558365964616
Nikon,D7200,1020,12800,8998.0,165.89770492354,65.05792349942745,22.584544688875
Nikon,D7200,1020,12800,8998.0,166.91023100395,65.45499255056862,22.610558929288
Nikon,D7200,1020,12800,8998.0,167.92275708436,65.8520616017098,22.636410693121
Nikon,D7200,1020,12800,8998.0,168.93528316478,66.2491306528549,22.662101951145
Nikon,D7200,1020,12800,8998.0,169.94780924519,66.64619970399607,22.687634638518
Nikon,D7200,1020,12800,8998.0,170.96033532561,67.04326875514118,22.713010655629
Nikon,D7200,1020,12800,8998.0,171.97286140602,67.44033780628236,22.738231868935
Nikon,D7200,1020,12800,8998.0,172.98538748644,67.83740685742745,22.763300111759
Nikon,D7200,1020,12800,8998.0,173.99791356685,68.23447590856863,22.788217185071
Nikon,D7200,1020,12800,8998.0,175.01043964727,68.63154495971374,22.812984858244
Nikon,D7200,1020,12800,8998.0,176.02296572768,69.02861401085491,22.837604869788
Nikon,D7200,1020,12800,8998.0,177.03549180809,69.42568306199608,22.862078928067
Nikon,D7200,1020,12800,8998.0,178.04801788851,69.82275211314118,22.886408711989
Nikon,D7200,1020,12800,8998.0,179.06054396892,70.21982116428237,22.910595871677
Nikon,D7200,1020,12800,8998.0,180.07307004934,70.61689021542745,22.934642029131
Nikon,D7200,1020,12800,8998.0,181.08559612975,71.01395926656863,22.958548778854
Nikon,D7200,1020,12800,8998.0,182.09812221017,71.41102831771373,22.982317688475
Nikon,D7200,1020,12800,8998.0,183.11064829058,71.8080973688549,23.005950299352
Nikon,D7200,1020,12800,8998.0,184.12317437099,72.20516641999608,23.029448127148
Nikon,D7200,1020,12800,8998.0,185.13570045141,72.60223547114117,23.052812662407
Nikon,D7200,1020,12800,8998.0,186.14822653182,72.99930452228234,23.0760453711
Nikon,D7200,1020,12800,8998.0,187.16075261224,73.39637357342745,23.099147695165
Nikon,D7200,1020,12800,8998.0,188.17327869265,73.79344262456863,23.122121053029
Nikon,D7200,1020,12800,8998.0,189.18580477307,74.19051167571372,23.144966840117
Nikon,D7200,1020,12800,8998.0,190.19833085348,74.58758072685491,23.167686429344
Nikon,D7200,1020,12800,8998.0,191.21085693389,74.98464977799608,23.190281171599
Nikon,D7200,1020,12800,8998.0,192.22338301431,75.38171882914118,23.212752396214
Nikon,D7200,1020,12800,8998.0,193.23590909472,75.77878788028235,23.235101411417
Nikon,D7200,1020,12800,8998.0,194.24843517514,76.17585693142746,23.25732950478
Nikon,D7200,1020,12800,8998.0,195.26096125555,76.57292598256863,23.279437943649
Nikon,D7200,1020,12800,8998.0,196.27348733597,76.96999503371373,23.301427975567
Nikon,D7200,1020,12800,8998.0,197.28601341638,77.3670640848549,23.323300828683
Nikon,D7200,1020,12800,8998.0,198.2985394968,77.764133136,23.345057712153
Nikon,D7200,1020,12800,8998.0,199.31106557721,78.16120218714117,23.366699816527
Nikon,D7200,1020,12800,8998.0,200.32359165762,78.55827123828234,23.388228314135
Nikon,D7200,1020,12800,8998.0,201.33611773804,78.95534028942745,23.40964435945
Nikon,D7200,1020,12800,8998.0,202.34864381845,79.35240934056863,23.43094908945
Nikon,D7200,1020,12800,8998.0,203.36116989887,79.74947839171372,23.452143623975
Nikon,D7200,1020,12800,8998.0,204.37369597928,80.1465474428549,23.473229066062
Nikon,D7200,1020,12800,8998.0,205.3862220597,80.543616494,23.494206502287
Nikon,D7200,1020,12800,8998.0,206.39874814011,80.94068554514118,23.515077003084
Nikon,D7200,1020,12800,8998.0,207.41127422052,81.33775459628235,23.535841623068
Nikon,D7200,1020,12800,8998.0,208.42380030094,81.73482364742746,23.556501401343
Nikon,D7200,1020,12800,8998.0,209.43632638135,82.13189269856863,23.577057361805
Nikon,D7200,1020,12800,8998.0,210.44885246177,82.52896174971373,23.597510513438
Nikon,D7200,1020,12800,8998.0,211.46137854218,82.9260308008549,23.617861850601
Nikon,D7200,1020,12800,8998.0,212.4739046226,83.323099852,23.638112353309
Nikon,D7200,1020,12800,8998.0,213.48643070301,83.72016890314117,23.658262987509
Nikon,D7200,1020,12800,8998.0,214.49895678342,84.11723795428236,23.678314705349
Nikon,D7200,1020,12800,8998.0,215.51148286384,84.51430700542744,23.698268445435
Nikon,D7200,1020,12800,8998.0,216.52400894425,84.91137605656863,23.718125133091
Nikon,D7200,1020,12800,8998.0,217.53653502467,85.30844510771372,23.737885680607
Nikon,D7200,1020,12800,8998.0,218.54906110508,85.7055141588549,23.757550987481
Nikon,D7200,1020,12800,8998.0,219.5615871855,86.10258321,23.77712194066
Nikon,D7200,1020,12800,8998.0,220.57411326591,86.49965226114118,23.79659941477
Nikon,D7200,1020,12800,8998.0,221.58663934633,86.89672131228627,23.815984272344
Nikon,D7200,1020,12800,8998.0,222.59916542674,87.29379036342745,23.835277364045
Nikon,D7200,1020,12800,8998.0,223.61169150715,87.69085941456862,23.85447952888
Nikon,D7200,1020,12800,8998.0,224.62421758757,88.08792846571373,23.873591594413
Nikon,D7200,1020,12800,8998.0,225.63674366798,88.4849975168549,23.892614376977
Nikon,D7200,1020,12800,8998.0,226.6492697484,88.882066568,23.911548681866
Nikon,D7200,1020,12800,8998.0,227.66179582881,89.27913561914119,23.930395303544
Nikon,D7200,1020,12800,8998.0,228.67432190923,89.67620467028627,23.949155025832
Nikon,D7200,1020,12800,8998.0,229.68684798964,90.07327372142746,23.967828622097
Nikon,D7200,1020,12800,8998.0,230.69937407005,90.47034277256863,23.986416855441
Nikon,D7200,1020,12800,8998.0,231.71190015047,90.86741182371372,24.004920478878
Nikon,D7200,1020,12800,8998.0,232.72442623088,91.2644808748549,24.023340235514
Nikon,D7200,1020,12800,8998.0,233.7369523113,91.66154992599999,24.041676858719
Nikon,D7200,1020,12800,8998.0,234.74947839171,92.05861897714117,24.059931072293
Nikon,D7200,1020,12800,8998.0,235.76200447213,92.45568802828627,24.078103590638
Nikon,D7200,1020,12800,8998.0,236.77453055254,92.85275707942745,24.096195118915
Nikon,D7200,1020,12800,8998.0,237.78705663295,93.24982613056862,24.114206353206
Nikon,D7200,1020,12800,8998.0,238.79958271337,93.64689518171373,24.132137980665
Nikon,D7200,1020,12800,8998.0,239.81210879378,94.0439642328549,24.149990679676
Nikon,D7200,1020,12800,8998.0,240.8246348742,94.441033284,24.167765119994
Nikon,D7200,1020,12800,8998.0,241.83716095461,94.83810233514117,24.1854619629
Nikon,D7200,1020,12800,8998.0,242.84968703503,95.23517138628628,24.203081861333
Nikon,D7200,1020,12800,8998.0,243.86221311544,95.63224043742746,24.220625460039
Nikon,D7200,1020,12800,8998.0,244.87473919586,96.02930948857255,24.238093395702
Nikon,D7200,1020,12800,8998.0,245.88726527627,96.42637853971372,24.255486297078
Nikon,D7200,1020,12800,8998.0,246.89979135668,96.82344759085491,24.272804785131
Nikon,D7200,1020,12800,8998.0,247.9123174371,97.22051664199999,24.290049473152
Nikon,D7200,1020,12800,8998.0,248.92484351751,97.61758569314118,24.307220966897
Nikon,D7200,1020,12800,8998.0,249.93736959793,98.01465474428628,24.324319864698
Nikon,D7200,1020,12800,8998.0,250.94989567834,98.41172379542745,24.341346757591
Nikon,D7200,1020,12800,8998.0,251.96242175876,98.80879284657254,24.358302229434
Nikon,D7200,1020,12800,8998.0,252.97494783917,99.20586189771372,24.375186857019
Nikon,D7200,1020,12800,8998.0,253.98747391958,99.6029309488549,24.392001210187
Nikon,D7200,1020,12800,8998.0,255,100.0,24.408745851944
Nikon,D7200,1020,25600,17954.0,4.9060581376548,1.923944367707765,0
Nikon,D7200,1020,25600,17954.0,5.9185842180691,2.3210134188506273,1.2698787778473
Nikon,D7200,1020,25600,17954.0,6.9311102984835,2.7180824699935293,2.3088908489542
Nikon,D7200,1020,25600,17954.0,7.9436363788978,3.1151515211363923,3.1838360221314
Nikon,D7200,1020,25600,17954.0,8.9561624593122,3.512220572279294,3.9367289030302
Nikon,D7200,1020,25600,17954.0,9.9686885397265,3.909289623422157,4.5956134953327
Nikon,D7200,1020,25600,17954.0,10.981214620141,4.306358674565098,5.1800804935061
Nikon,D7200,1020,25600,17954.0,11.993740700555,4.703427725707843,5.7043181450661
Nikon,D7200,1020,25600,17954.0,13.00626678097,5.100496776850981,6.1789081849466
Nikon,D7200,1020,25600,17954.0,14.018792861384,5.497565827993726,6.6119374020455
Nikon,D7200,1020,25600,17954.0,15.031318941798,5.89463487913647,7.009714543788
Nikon,D7200,1020,25600,17954.0,16.043845022213,6.291703930279607,7.3772488960249
Nikon,D7200,1020,25600,17954.0,17.056371102627,6.688772981422353,7.7185792669281
Nikon,D7200,1020,25600,17954.0,18.068897183041,7.085842032565097,8.0370059185428
Nikon,D7200,1020,25600,17954.0,19.081423263456,7.4829110837082355,8.3352577133172
Nikon,D7200,1020,25600,17954.0,20.09394934387,7.879980134850981,8.6156149247734
Nikon,D7200,1020,25600,17954.0,21.106475424284,8.277049185993725,8.8800010337517
Nikon,D7200,1020,25600,17954.0,22.119001504699,8.674118237136863,9.1300524020111
Nikon,D7200,1020,25600,17954.0,23.131527585113,9.071187288279607,9.3671718881269
Nikon,D7200,1020,25600,17954.0,24.144053665527,9.468256339422352,9.592570623504
Nikon,D7200,1020,25600,17954.0,25.156579745942,9.865325390565491,9.8073009334883
Nikon,D7200,1020,25600,17954.0,26.169105826356,10.262394441708235,10.012282549829
Nikon,D7200,1020,25600,17954.0,27.181631906771,10.659463492851371,10.208323680115
Nikon,D7200,1020,25600,17954.0,28.194157987185,11.056532543994118,10.396138091452
Nikon,D7200,1020,25600,17954.0,29.206684067599,11.453601595136863,10.576359074237
Nikon,D7200,1020,25600,17954.0,30.219210148014,11.85067064628,10.749550941138
Nikon,D7200,1020,25600,17954.0,31.231736228428,12.247739697422745,10.916218562116
Nikon,D7200,1020,25600,17954.0,32.244262308842,12.644808748565492,11.076815322031
Nikon,D7200,1020,25600,17954.0,33.256788389257,13.041877799708626,11.231749801888
Nikon,D7200,1020,25600,17954.0,34.269314469671,13.438946850851375,11.381391420135
Nikon,D7200,1020,25600,17954.0,35.281840550085,13.836015901994116,11.526075221094
Nikon,D7200,1020,25600,17954.0,36.2943666305,14.233084953137254,11.666105959728
Nikon,D7200,1020,25600,17954.0,37.306892710914,14.63015400428,11.801761602445
Nikon,D7200,1020,25600,17954.0,38.319418791328,15.027223055422745,11.933296340712
Nikon,D7200,1020,25600,17954.0,39.331944871743,15.424292106565881,12.060943196091
Nikon,D7200,1020,25600,17954.0,40.344470952157,15.82136115770863,12.184916281008
Nikon,D7200,1020,25600,17954.0,41.356997032571,16.218430208851373,12.305412768086
Nikon,D7200,1020,25600,17954.0,42.369523112986,16.61549925999451,12.422614611715
Nikon,D7200,1020,25600,17954.0,43.3820491934,17.012568311137255,12.536690058114
Nikon,D7200,1020,25600,17954.0,44.394575273815,17.409637362280392,12.64779497412
Nikon,D7200,1020,25600,17954.0,45.407101354229,17.806706413423136,12.756074020056
Nikon,D7200,1020,25600,17954.0,46.419627434643,18.20377546456588,12.861661687981
Nikon,D7200,1020,25600,17954.0,47.432153515058,18.60084451570902,12.96468322336
Nikon,D7200,1020,25600,17954.0,48.444679595472,18.997913566851764,13.065255445397
Nikon,D7200,1020,25600,17954.0,49.457205675886,19.39498261799451,13.163487479052
Nikon,D7200,1020,25600,17954.0,50.469731756301,19.79205166913765,13.259481409845
Nikon,D7200,1020,25600,17954.0,51.482257836715,20.189120720280393,13.353332870955
Nikon,D7200,1020,25600,17954.0,52.494783917129,20.586189771423136,13.445131570798
Nikon,D7200,1020,25600,17954.0,53.507309997544,20.983258822566274,13.534961768145
Nikon,D7200,1020,25600,17954.0,54.519836077958,21.380327873709017,13.622902700885
Nikon,D7200,1020,25600,17954.0,55.532362158372,21.777396924851764,13.709028973714
Nikon,D7200,1020,25600,17954.0,56.544888238787,22.174465975994902,13.793410909368
Nikon,D7200,1020,25600,17954.0,57.557414319201,22.57153502713765,13.876114867422
Nikon,D7200,1020,25600,17954.0,58.569940399616,22.968604078280784,13.957203534141
Nikon,D7200,1020,25600,17954.0,59.58246648003,23.365673129423527,14.036736186494
Nikon,D7200,1020,25600,17954.0,60.594992560444,23.762742180566274,14.114768933007
Nikon,D7200,1020,25600,17954.0,61.607518640859,24.159811231709412,14.191354933859
Nikon,D7200,1020,25600,17954.0,62.620044721273,24.556880282852156,14.266544602302
Nikon,D7200,1020,25600,17954.0,63.632570801687,24.953949333994903,14.340385789283
Nikon,D7200,1020,25600,17954.0,64.645096882102,25.351018385138037,14.412923952895
Nikon,D7200,1020,25600,17954.0,65.657622962516,25.748087436280787,14.484202314142
Nikon,D7200,1020,25600,17954.0,66.67014904293,26.14515648742353,14.554262000297
Nikon,D7200,1020,25600,17954.0,67.682675123345,26.542225538566672,14.623142177029
Nikon,D7200,1020,25600,17954.0,68.695201203759,26.939294589709412,14.690880170329
Nikon,D7200,1020,25600,17954.0,69.707727284173,27.336363640852156,14.757511579153
Nikon,D7200,1020,25600,17954.0,70.720253364588,27.733432691995297,14.823070379636
Nikon,D7200,1020,25600,17954.0,71.732779445002,28.130501743138037,14.887589021588
Nikon,D7200,1020,25600,17954.0,72.745305525416,28.52757079428078,14.951098517972
Nikon,D7200,1020,25600,17954.0,73.757831605831,28.924639845423922,15.013628527956
Nikon,D7200,1020,25600,17954.0,74.770357686245,29.32170889656667,15.075207434069
Nikon,D7200,1020,25600,17954.0,75.782883766659,29.718777947709413,15.135862413982
Nikon,D7200,1020,25600,17954.0,76.795409847074,30.115846998852547,15.195619507323
Nikon,D7200,1020,25600,17954.0,77.807935927488,30.512916049995297,15.254503677964
Nikon,D7200,1020,25600,17954.0,78.820462007902,30.909985101138037,15.31253887211
Nikon,D7200,1020,25600,17954.0,79.832988088317,31.30705415228117,15.369748072549
Nikon,D7200,1020,25600,17954.0,80.845514168731,31.704123203423922,15.426153349345
Nikon,D7200,1020,25600,17954.0,81.858040249146,32.10119225456706,15.481775907262
Nikon,D7200,1020,25600,17954.0,82.87056632956,32.49826130570981,15.536636130158
Nikon,D7200,1020,25600,17954.0,83.883092409974,32.89533035685255,15.590753622579
Nikon,D7200,1020,25600,17954.0,84.895618490389,33.29239940799569,15.644147248772
Nikon,D7200,1020,25600,17954.0,85.908144570803,33.68946845913843,15.696835169286
Nikon,D7200,1020,25600,17954.0,86.920670651217,34.086537510281175,15.748834875361
Nikon,D7200,1020,25600,17954.0,87.933196731632,34.48360656142431,15.800163221243
Nikon,D7200,1020,25600,17954.0,88.945722812046,34.88067561256706,15.850836454579
Nikon,D7200,1020,25600,17954.0,89.95824889246,35.277744663709804,15.900870245039
Nikon,D7200,1020,25600,17954.0,90.970774972875,35.674813714852945,15.950279711262
Nikon,D7200,1020,25600,17954.0,91.983301053289,36.07188276599568,15.999079446267
Nikon,D7200,1020,25600,17954.0,92.995827133703,36.46895181713843,16.047283541419
Nikon,D7200,1020,25600,17954.0,94.008353214118,36.866020868281566,16.09490560905
Nikon,D7200,1020,25600,17954.0,95.020879294532,37.26308991942432,16.141958803821
Nikon,D7200,1020,25600,17954.0,96.033405374946,37.66015897056706,16.188455842917
Nikon,D7200,1020,25600,17954.0,97.045931455361,38.0572280217102,16.23440902514
Nikon,D7200,1020,25600,17954.0,98.058457535775,38.454297072852945,16.279830248977
Nikon,D7200,1020,25600,17954.0,99.070983616189,38.85136612399568,16.324731029708
Nikon,D7200,1020,25600,17954.0,100.0835096966,39.24843517513726,16.369122515613
Nikon,D7200,1020,25600,17954.0,101.09603577702,39.645504226282355,16.413015503332
Nikon,D7200,1020,25600,17954.0,102.10856185743,40.04257327742353,16.456420452434
Nikon,D7200,1020,25600,17954.0,103.12108793785,40.43964232856863,16.499347499245
Nikon,D7200,1020,25600,17954.0,104.13361401826,40.836711379709804,16.541806469969
Nikon,D7200,1020,25600,17954.0,105.14614009868,41.2337804308549,16.583806893163
Nikon,D7200,1020,25600,17954.0,106.15866617909,41.63084948199608,16.625358011585
Nikon,D7200,1020,25600,17954.0,107.1711922595,42.02791853313725,16.666468793459
Nikon,D7200,1020,25600,17954.0,108.18371833992,42.424987584282356,16.707147943204
Nikon,D7200,1020,25600,17954.0,109.19624442033,42.822056635423536,16.74740391163
Nikon,D7200,1020,25600,17954.0,110.20877050075,43.21912568656863,16.78724490566
Nikon,D7200,1020,25600,17954.0,111.22129658116,43.616194737709804,16.826678897587
Nikon,D7200,1020,25600,17954.0,112.23382266158,44.01326378885491,16.865713633896
Nikon,D7200,1020,25600,17954.0,113.24634874199,44.41033283999608,16.904356643681
Nikon,D7200,1020,25600,17954.0,114.2588748224,44.80740189113725,16.942615246671
Nikon,D7200,1020,25600,17954.0,115.27140090282,45.204470942282356,16.980496560893
Nikon,D7200,1020,25600,17954.0,116.28392698323,45.60153999342353,17.018007509984
Nikon,D7200,1020,25600,17954.0,117.29645306365,45.998609044568624,17.055154830183
Nikon,D7200,1020,25600,17954.0,118.30897914406,46.395678095709805,17.091945077005
Nikon,D7200,1020,25600,17954.0,119.32150522448,46.7927471468549,17.128384631625
Nikon,D7200,1020,25600,17954.0,120.33403130489,47.18981619799608,17.164479706985
Nikon,D7200,1020,25600,17954.0,121.34655738531,47.58688524914118,17.200236353632
Nikon,D7200,1020,25600,17954.0,122.35908346572,47.983954300282356,17.235660465311
Nikon,D7200,1020,25600,17954.0,123.37160954613,48.38102335142353,17.270757784317
Nikon,D7200,1020,25600,17954.0,124.38413562655,48.77809240256863,17.30553390662
Nikon,D7200,1020,25600,17954.0,125.39666170696,49.175161453709805,17.339994286778
Nikon,D7200,1020,25600,17954.0,126.40918778738,49.5722305048549,17.374144242647
Nikon,D7200,1020,25600,17954.0,127.42171386779,49.96929955599608,17.407988959893
Nikon,D7200,1020,25600,17954.0,128.43423994821,50.366368607141176,17.441533496324
Nikon,D7200,1020,25600,17954.0,129.44676602862,50.76343765828235,17.474782786046
Nikon,D7200,1020,25600,17954.0,130.45929210903,51.16050670942352,17.507741643447
Nikon,D7200,1020,25600,17954.0,131.47181818945,51.55757576056863,17.54041476703
Nikon,D7200,1020,25600,17954.0,132.48434426986,51.954644811709805,17.572806743087
Nikon,D7200,1020,25600,17954.0,133.49687035028,52.35171386285491,17.604922049237
Nikon,D7200,1020,25600,17954.0,134.50939643069,52.74878291399608,17.636765057816
Nikon,D7200,1020,25600,17954.0,135.52192251111,53.145851965141176,17.668340039144
Nikon,D7200,1020,25600,17954.0,136.53444859152,53.54292101628235,17.699651164665
Nikon,D7200,1020,25600,17954.0,137.54697467193,53.93999006742353,17.730702509964
Nikon,D7200,1020,25600,17954.0,138.55950075235,54.33705911856863,17.761498057675
Nikon,D7200,1020,25600,17954.0,139.57202683276,54.734128169709805,17.792041700274
Nikon,D7200,1020,25600,17954.0,140.58455291318,55.1311972208549,17.822337242778
Nikon,D7200,1020,25600,17954.0,141.59707899359,55.52826627199609,17.852388405328
Nikon,D7200,1020,25600,17954.0,142.60960507401,55.92533532314118,17.882198825697
Nikon,D7200,1020,25600,17954.0,143.62213115442,56.32240437428236,17.911772061689
Nikon,D7200,1020,25600,17954.0,144.63465723484,56.71947342542746,17.941111593461
Nikon,D7200,1020,25600,17954.0,145.64718331525,57.11654247656863,17.970220825763
Nikon,D7200,1020,25600,17954.0,146.65970939566,57.513611527709806,17.999103090089
Nikon,D7200,1020,25600,17954.0,147.67223547608,57.9106805788549,18.027761646759
Nikon,D7200,1020,25600,17954.0,148.68476155649,58.307749629996074,18.056199686928
Nikon,D7200,1020,25600,17954.0,149.69728763691,58.70481868114118,18.084420334523
Nikon,D7200,1020,25600,17954.0,150.70981371732,59.10188773228236,18.112426648108
Nikon,D7200,1020,25600,17954.0,151.72233979774,59.498956783427445,18.140221622695
Nikon,D7200,1020,25600,17954.0,152.73486587815,59.89602583456863,18.167808191486
Nikon,D7200,1020,25600,17954.0,153.74739195856,60.293094885709806,18.195189227555
Nikon,D7200,1020,25600,17954.0,154.75991803898,60.6901639368549,18.22236754548
Nikon,D7200,1020,25600,17954.0,155.77244411939,61.087232987996074,18.249345902909
Nikon,D7200,1020,25600,17954.0,156.78497019981,61.484302039141184,18.276127002088
Nikon,D7200,1020,25600,17954.0,157.79749628022,61.88137109028236,18.302713491328
Nikon,D7200,1020,25600,17954.0,158.81002236064,62.27844014142745,18.329107966425
Nikon,D7200,1020,25600,17954.0,159.82254844105,62.675509192568626,18.355312972038
Nikon,D7200,1020,25600,17954.0,160.83507452146,63.072578243709806,18.381331003019
Nikon,D7200,1020,25600,17954.0,161.84760060188,63.4696472948549,18.4071645057
Nikon,D7200,1020,25600,17954.0,162.86012668229,63.866716345996075,18.432815879142
Nikon,D7200,1020,25600,17954.0,163.87265276271,64.26378539714118,18.458287476337
Nikon,D7200,1020,25600,17954.0,164.88517884312,64.66085444828235,18.483581605383
Nikon,D7200,1020,25600,17954.0,165.89770492354,65.05792349942745,18.508700530611
Nikon,D7200,1020,25600,17954.0,166.91023100395,65.45499255056862,18.533646473685
Nikon,D7200,1020,25600,17954.0,167.92275708436,65.8520616017098,18.55842161466
Nikon,D7200,1020,25600,17954.0,168.93528316478,66.2491306528549,18.583028093016
Nikon,D7200,1020,25600,17954.0,169.94780924519,66.64619970399607,18.607468008655
Nikon,D7200,1020,25600,17954.0,170.96033532561,67.04326875514118,18.631743422867
Nikon,D7200,1020,25600,17954.0,171.97286140602,67.44033780628236,18.65585635927
Nikon,D7200,1020,25600,17954.0,172.98538748644,67.83740685742745,18.679808804719
Nikon,D7200,1020,25600,17954.0,173.99791356685,68.23447590856863,18.703602710191
Nikon,D7200,1020,25600,17954.0,175.01043964727,68.63154495971374,18.727239991636
Nikon,D7200,1020,25600,17954.0,176.02296572768,69.02861401085491,18.750722530816
Nikon,D7200,1020,25600,17954.0,177.03549180809,69.42568306199608,18.774052176103
Nikon,D7200,1020,25600,17954.0,178.04801788851,69.82275211314118,18.797230743272
Nikon,D7200,1020,25600,17954.0,179.06054396892,70.21982116428237,18.820260016249
Nikon,D7200,1020,25600,17954.0,180.07307004934,70.61689021542745,18.843141747863
Nikon,D7200,1020,25600,17954.0,181.08559612975,71.01395926656863,18.86587766055
Nikon,D7200,1020,25600,17954.0,182.09812221017,71.41102831771373,18.888469447059
Nikon,D7200,1020,25600,17954.0,183.11064829058,71.8080973688549,18.910918771124
Nikon,D7200,1020,25600,17954.0,184.12317437099,72.20516641999608,18.933227268124
Nikon,D7200,1020,25600,17954.0,185.13570045141,72.60223547114117,18.95539654572
Nikon,D7200,1020,25600,17954.0,186.14822653182,72.99930452228234,18.977428184476
Nikon,D7200,1020,25600,17954.0,187.16075261224,73.39637357342745,18.999323738467
Nikon,D7200,1020,25600,17954.0,188.17327869265,73.79344262456863,19.021084735861
Nikon,D7200,1020,25600,17954.0,189.18580477307,74.19051167571372,19.042712679492
Nikon,D7200,1020,25600,17954.0,190.19833085348,74.58758072685491,19.064209047418
Nikon,D7200,1020,25600,17954.0,191.21085693389,74.98464977799608,19.085575293458
Nikon,D7200,1020,25600,17954.0,192.22338301431,75.38171882914118,19.106812847718
Nikon,D7200,1020,25600,17954.0,193.23590909472,75.77878788028235,19.127923117104
Nikon,D7200,1020,25600,17954.0,194.24843517514,76.17585693142746,19.148907485821
Nikon,D7200,1020,25600,17954.0,195.26096125555,76.57292598256863,19.169767315854
Nikon,D7200,1020,25600,17954.0,196.27348733597,76.96999503371373,19.190503947441
Nikon,D7200,1020,25600,17954.0,197.28601341638,77.3670640848549,19.211118699535
Nikon,D7200,1020,25600,17954.0,198.2985394968,77.764133136,19.231612870247
Nikon,D7200,1020,25600,17954.0,199.31106557721,78.16120218714117,19.251987737287
Nikon,D7200,1020,25600,17954.0,200.32359165762,78.55827123828234,19.272244558381
Nikon,D7200,1020,25600,17954.0,201.33611773804,78.95534028942745,19.292384571693
Nikon,D7200,1020,25600,17954.0,202.34864381845,79.35240934056863,19.312408996219
Nikon,D7200,1020,25600,17954.0,203.36116989887,79.74947839171372,19.332319032186
Nikon,D7200,1020,25600,17954.0,204.37369597928,80.1465474428549,19.352115861433
Nikon,D7200,1020,25600,17954.0,205.3862220597,80.543616494,19.37180064778
Nikon,D7200,1020,25600,17954.0,206.39874814011,80.94068554514118,19.391374537396
Nikon,D7200,1020,25600,17954.0,207.41127422052,81.33775459628235,19.410838659152
Nikon,D7200,1020,25600,17954.0,208.42380030094,81.73482364742746,19.430194124965
Nikon,D7200,1020,25600,17954.0,209.43632638135,82.13189269856863,19.449442030138
Nikon,D7200,1020,25600,17954.0,210.44885246177,82.52896174971373,19.468583453683
Nikon,D7200,1020,25600,17954.0,211.46137854218,82.9260308008549,19.487619458648
Nikon,D7200,1020,25600,17954.0,212.4739046226,83.323099852,19.506551092425
Nikon,D7200,1020,25600,17954.0,213.48643070301,83.72016890314117,19.525379387058
Nikon,D7200,1020,25600,17954.0,214.49895678342,84.11723795428236,19.54410535954
Nikon,D7200,1020,25600,17954.0,215.51148286384,84.51430700542744,19.5627300121
Nikon,D7200,1020,25600,17954.0,216.52400894425,84.91137605656863,19.581254332492
Nikon,D7200,1020,25600,17954.0,217.53653502467,85.30844510771372,19.59967929427
Nikon,D7200,1020,25600,17954.0,218.54906110508,85.7055141588549,19.618005857055
Nikon,D7200,1020,25600,17954.0,219.5615871855,86.10258321,19.636234966803
Nikon,D7200,1020,25600,17954.0,220.57411326591,86.49965226114118,19.654367556061
Nikon,D7200,1020,25600,17954.0,221.58663934633,86.89672131228627,19.672404544217
Nikon,D7200,1020,25600,17954.0,222.59916542674,87.29379036342745,19.690346837749
Nikon,D7200,1020,25600,17954.0,223.61169150715,87.69085941456862,19.708195330463
Nikon,D7200,1020,25600,17954.0,224.62421758757,88.08792846571373,19.725950903728
Nikon,D7200,1020,25600,17954.0,225.63674366798,88.4849975168549,19.743614426702
Nikon,D7200,1020,25600,17954.0,226.6492697484,88.882066568,19.761186756562
Nikon,D7200,1020,25600,17954.0,227.66179582881,89.27913561914119,19.778668738718
Nikon,D7200,1020,25600,17954.0,228.67432190923,89.67620467028627,19.796061207029
Nikon,D7200,1020,25600,17954.0,229.68684798964,90.07327372142746,19.81336498401
Nikon,D7200,1020,25600,17954.0,230.69937407005,90.47034277256863,19.830580881038
Nikon,D7200,1020,25600,17954.0,231.71190015047,90.86741182371372,19.84770969855
Nikon,D7200,1020,25600,17954.0,232.72442623088,91.2644808748549,19.864752226241
Nikon,D7200,1020,25600,17954.0,233.7369523113,91.66154992599999,19.881709243252
Nikon,D7200,1020,25600,17954.0,234.74947839171,92.05861897714117,19.898581518359
Nikon,D7200,1020,25600,17954.0,235.76200447213,92.45568802828627,19.915369810152
Nikon,D7200,1020,25600,17954.0,236.77453055254,92.85275707942745,19.932074867219
Nikon,D7200,1020,25600,17954.0,237.78705663295,93.24982613056862,19.948697428316
Nikon,D7200,1020,25600,17954.0,238.79958271337,93.64689518171373,19.96523822254
Nikon,D7200,1020,25600,17954.0,239.81210879378,94.0439642328549,19.981697969495
Nikon,D7200,1020,25600,17954.0,240.8246348742,94.441033284,19.998077379459
Nikon,D7200,1020,25600,17954.0,241.83716095461,94.83810233514117,20.014377153539
Nikon,D7200,1020,25600,17954.0,242.84968703503,95.23517138628628,20.030597983831
Nikon,D7200,1020,25600,17954.0,243.86221311544,95.63224043742746,20.046740553573
Nikon,D7200,1020,25600,17954.0,244.87473919586,96.02930948857255,20.062805537294
Nikon,D7200,1020,25600,17954.0,245.88726527627,96.42637853971372,20.078793600962
Nikon,D7200,1020,25600,17954.0,246.89979135668,96.82344759085491,20.094705402128
Nikon,D7200,1020,25600,17954.0,247.9123174371,97.22051664199999,20.110541590066
Nikon,D7200,1020,25600,17954.0,248.92484351751,97.61758569314118,20.126302805911
Nikon,D7200,1020,25600,17954.0,249.93736959793,98.01465474428628,20.141989682795
Nikon,D7200,1020,25600,17954.0,250.94989567834,98.41172379542745,20.157602845978
Nikon,D7200,1020,25600,17954.0,251.96242175876,98.80879284657254,20.17314291298
Nikon,D7200,1020,25600,17954.0,252.97494783917,99.20586189771372,20.188610493703
Nikon,D7200,1020,25600,17954.0,253.98747391958,99.6029309488549,20.204006190562
Nikon,D7200,1020,25600,17954.0,255,100.0,20.219330598601
