brand,model,sensor_id,iso_manufacturer,iso_measured,gray_level_255,gray_pct,snr_db
Nikon,D750,975,50,73.0,0.018803769374651,0.00737402720574549,0
Nikon,D750,975,50,73.0,0.032620832321426,0.012792483263304313,4.28444190586
Nikon,D750,975,50,73.0,0.059922324366631,0.023498950732012157,8.719876417638
Nikon,D750,975,50,73.0,0.10124129419796,0.039702468312925496,12.243475516325
Nikon,D750,975,50,73.0,0.19350541561661,0.07588447671239608,16.188827419015
Nikon,D750,975,50,73.0,0.33028442726289,0.12952330480897645,19.139250666522
Nikon,D750,975,50,73.0,0.6284709393875,0.24645919191666668,22.405489486165
Nikon,D750,975,50,73.0,1.2827330421939,0.5030325655662353,25.777467697726
Nikon,D750,975,50,73.0,2.7352609053088,1.0726513354152156,29.170047897732
Nikon,D750,975,50,73.0,3.8437882791448,1.5073679526058041,30.646550426683
Nikon,D750,975,50,73.0,4.8689156739238,1.909378695656392,31.655775055682
Nikon,D750,975,50,73.0,5.8940430687028,2.31138943870698,32.460852029158
Nikon,D750,975,50,73.0,6.9191704634818,2.7134001817575686,33.128638333671
Nikon,D750,975,50,73.0,7.9442978582608,3.115410924808157,33.697769234349
Nikon,D750,975,50,73.0,8.9694252530398,3.5174216678587453,34.192596121662
Nikon,D750,975,50,73.0,9.9945526478188,3.9194324109093333,34.629459495902
Nikon,D750,975,50,73.0,11.019680042598,4.32144315396,35.019857019533
Nikon,D750,975,50,73.0,12.044807437377,4.723453897010589,35.372185637538
Nikon,D750,975,50,73.0,13.069934832156,5.125464640061176,35.692764653254
Nikon,D750,975,50,73.0,14.095062226935,5.5274753831117645,35.986468866044
Nikon,D750,975,50,73.0,15.120189621714,5.929486126162352,36.257137540688
Nikon,D750,975,50,73.0,16.145317016493,6.331496869212941,36.507848178565
Nikon,D750,975,50,73.0,17.170444411272,6.73350761226353,36.741105410189
Nikon,D750,975,50,73.0,18.195571806051,7.135518355314117,36.958974750273
Nikon,D750,975,50,73.0,19.22069920083,7.537529098364707,37.163179466923
Nikon,D750,975,50,73.0,20.245826595609,7.939539841415294,37.355172135308
Nikon,D750,975,50,73.0,21.270953990388,8.341550584465883,37.536188421581
Nikon,D750,975,50,73.0,22.296081385167,8.74356132751647,37.707288142619
Nikon,D750,975,50,73.0,23.321208779946,9.14557207056706,37.869387051049
Nikon,D750,975,50,73.0,24.346336174725,9.547582813617646,38.023281751075
Nikon,D750,975,50,73.0,25.371463569504,9.949593556668237,38.16966945281
Nikon,D750,975,50,73.0,26.396590964283,10.351604299718824,38.309163797207
Nikon,D750,975,50,73.0,27.421718359062,10.753615042769413,38.442307653617
Nikon,D750,975,50,73.0,28.446845753841,11.15562578582,38.569583559349
Nikon,D750,975,50,73.0,29.47197314862,11.557636528870589,38.691422304023
Nikon,D750,975,50,73.0,30.497100543399,11.959647271921177,38.808210040747
Nikon,D750,975,50,73.0,31.522227938178,12.361658014971765,38.920294217388
Nikon,D750,975,50,73.0,32.547355332957,12.763668758022352,39.027988555297
Nikon,D750,975,50,73.0,33.572482727736,13.16567950107294,39.131577253308
Nikon,D750,975,50,73.0,34.597610122515,13.56769024412353,39.231318557287
Nikon,D750,975,50,73.0,35.622737517294,13.969700987174116,39.327447806733
Nikon,D750,975,50,73.0,36.647864912073,14.371711730224703,39.420180047724
Nikon,D750,975,50,73.0,37.672992306852,14.773722473275294,39.509712284206
Nikon,D750,975,50,73.0,38.698119701631,15.175733216325881,39.596225426063
Nikon,D750,975,50,73.0,39.72324709641,15.57774395937647,39.679885981652
Nikon,D750,975,50,73.0,40.748374491189,15.979754702427057,39.760847534
Nikon,D750,975,50,73.0,41.773501885968,16.381765445477647,39.839252032992
Nikon,D750,975,50,73.0,42.798629280747,16.783776188528236,39.915230930382
Nikon,D750,975,50,73.0,43.823756675526,17.18578693157882,39.988906180032
Nikon,D750,975,50,73.0,44.848884070305,17.58779767462941,40.060391122104
Nikon,D750,975,50,73.0,45.874011465084,17.98980841768,40.129791266988
Nikon,D750,975,50,73.0,46.899138859863,18.391819160730588,40.197204992307
Nikon,D750,975,50,73.0,47.924266254642,18.793829903781177,40.262724164293
Nikon,D750,975,50,73.0,48.949393649421,19.195840646831762,40.326434693161
Nikon,D750,975,50,73.0,49.9745210442,19.597851389882354,40.388417030727
Nikon,D750,975,50,73.0,50.999648438979,19.99986213293294,40.448746617301
Nikon,D750,975,50,73.0,52.024775833758,20.40187287598353,40.507494283949
Nikon,D750,975,50,73.0,53.049903228537,20.803883619034117,40.564726615347
Nikon,D750,975,50,73.0,54.075030623316,21.205894362084706,40.620506277775
Nikon,D750,975,50,73.0,55.100158018095,21.607905105135295,40.674892316178
Nikon,D750,975,50,73.0,56.125285412874,22.009915848185884,40.727940423739
Nikon,D750,975,50,73.0,57.150412807653,22.41192659123647,40.779703186943
Nikon,D750,975,50,73.0,58.175540202432,22.81393733428706,40.830230308758
Nikon,D750,975,50,73.0,59.200667597211,23.215948077337647,40.879568812242
Nikon,D750,975,50,73.0,60.22579499199,23.617958820388235,40.927763226576
Nikon,D750,975,50,73.0,61.250922386769,24.019969563438824,40.974855757338
Nikon,D750,975,50,73.0,62.276049781548,24.42198030648941,41.020886442557
Nikon,D750,975,50,73.0,63.301177176327,24.823991049540002,41.065893295975
Nikon,D750,975,50,73.0,64.326304571106,25.226001792590587,41.109912438734
Nikon,D750,975,50,73.0,65.351431965885,25.628012535641176,41.152978220599
Nikon,D750,975,50,73.0,66.376559360664,26.030023278691765,41.19512333169
Nikon,D750,975,50,73.0,67.401686755443,26.43203402174235,41.236378905605
Nikon,D750,975,50,73.0,68.426814150222,26.834044764792942,41.276774614714
Nikon,D750,975,50,73.0,69.451941545001,27.23605550784353,41.316338758321
Nikon,D750,975,50,73.0,70.47706893978,27.638066250894116,41.355098344326
Nikon,D750,975,50,73.0,71.502196334559,28.04007699394471,41.393079164958
Nikon,D750,975,50,73.0,72.527323729338,28.44208773699529,41.430305867073
Nikon,D750,975,50,73.0,73.552451124117,28.844098480045883,41.466802017494
Nikon,D750,975,50,73.0,74.577578518896,29.24610922309647,41.502590163784
Nikon,D750,975,50,73.0,75.602705913675,29.648119966147057,41.537691890854
Nikon,D750,975,50,73.0,76.627833308454,30.05013070919765,41.572127873722
Nikon,D750,975,50,73.0,77.652960703233,30.452141452248238,41.605917926739
Nikon,D750,975,50,73.0,78.678088098012,30.854152195298823,41.639081049567
Nikon,D750,975,50,73.0,79.703215492791,31.256162938349412,41.671635470149
Nikon,D750,975,50,73.0,80.72834288757,31.658173681399997,41.703598684916
Nikon,D750,975,50,73.0,81.753470282349,32.06018442445059,41.734987496434
Nikon,D750,975,50,73.0,82.778597677128,32.46219516750118,41.765818048681
Nikon,D750,975,50,73.0,83.803725071907,32.86420591055176,41.796105860139
Nikon,D750,975,50,73.0,84.828852466686,33.266216653602356,41.825865854851
Nikon,D750,975,50,73.0,85.853979861465,33.668227396652945,41.855112391595
Nikon,D750,975,50,73.0,86.879107256244,34.07023813970353,41.883859291315
Nikon,D750,975,50,73.0,87.904234651023,34.47224888275412,41.912119862916
Nikon,D750,975,50,73.0,88.929362045802,34.874259625804704,41.939906927562
Nikon,D750,975,50,73.0,89.954489440581,35.27627036885529,41.967232841552
Nikon,D750,975,50,73.0,90.97961683536,35.67828111190588,41.994109517901
Nikon,D750,975,50,73.0,92.004744230139,36.08029185495647,42.020548446683
Nikon,D750,975,50,73.0,93.029871624918,36.48230259800706,42.046560714248
Nikon,D750,975,50,73.0,94.054999019697,36.88431334105765,42.072157021364
Nikon,D750,975,50,73.0,95.080126414476,37.28632408410824,42.09734770037
Nikon,D750,975,50,73.0,96.105253809255,37.688334827158826,42.122142731393
Nikon,D750,975,50,73.0,97.130381204034,38.09034557020941,42.146551757697
Nikon,D750,975,50,73.0,98.155508598813,38.492356313260004,42.170584100217
Nikon,D750,975,50,73.0,99.180635993592,38.89436705631059,42.194248771324
Nikon,D750,975,50,73.0,100.20576338837,39.29637779936079,42.217554487878
Nikon,D750,975,50,73.0,101.23089078315,39.69838854241176,42.240509683604
Nikon,D750,975,50,73.0,102.25601817793,40.10039928546274,42.263122520835
Nikon,D750,975,50,73.0,103.28114557271,40.50241002851372,42.285400901666
Nikon,D750,975,50,73.0,104.30627296749,40.90442077156471,42.307352478544
Nikon,D750,975,50,73.0,105.33140036227,41.30643151461569,42.328984664334
Nikon,D750,975,50,73.0,106.35652775705,41.70844225766667,42.350304641894
Nikon,D750,975,50,73.0,107.38165515182,42.110453000713726,42.371319373177
Nikon,D750,975,50,73.0,108.4067825466,42.512463743764705,42.392035607898
Nikon,D750,975,50,73.0,109.43190994138,42.914474486815685,42.412459891786
Nikon,D750,975,50,73.0,110.45703733616,43.316485229866664,42.432598574448
Nikon,D750,975,50,73.0,111.48216473094,43.71849597291765,42.452457816855
Nikon,D750,975,50,73.0,112.50729212572,44.120506715968624,42.472043598489
Nikon,D750,975,50,73.0,113.5324195205,44.5225174590196,42.491361724156
Nikon,D750,975,50,73.0,114.55754691528,44.92452820207059,42.510417830489
Nikon,D750,975,50,73.0,115.58267431006,45.32653894512157,42.52921739215
Nikon,D750,975,50,73.0,116.60780170484,45.72854968817255,42.547765727767
Nikon,D750,975,50,73.0,117.63292909961,46.13056043121961,42.566068005589
Nikon,D750,975,50,73.0,118.65805649439,46.532571174270586,42.584129248905
Nikon,D750,975,50,73.0,119.68318388917,46.934581917321566,42.601954341221
Nikon,D750,975,50,73.0,120.70831128395,47.336592660372546,42.619548031206
Nikon,D750,975,50,73.0,121.73343867873,47.73860340342353,42.636914937436
Nikon,D750,975,50,73.0,122.75856607351,48.14061414647451,42.654059552926
Nikon,D750,975,50,73.0,123.78369346829,48.542624889525484,42.670986249471
Nikon,D750,975,50,73.0,124.80882086307,48.94463563257647,42.687699281811
Nikon,D750,975,50,73.0,125.83394825785,49.34664637562745,42.704202791613
Nikon,D750,975,50,73.0,126.85907565263,49.74865711867843,42.720500811294
Nikon,D750,975,50,73.0,127.8842030474,50.150667861725495,42.736597267686
Nikon,D750,975,50,73.0,128.90933044218,50.55267860477647,42.752495985548
Nikon,D750,975,50,73.0,129.93445783696,50.954689347827454,42.768200690941
Nikon,D750,975,50,73.0,130.95958523174,51.35670009087843,42.783715014461
Nikon,D750,975,50,73.0,131.98471262652,51.75871083392941,42.799042494352
Nikon,D750,975,50,73.0,133.0098400213,52.160721576980386,42.814186579486
Nikon,D750,975,50,73.0,134.03496741608,52.56273232003138,42.829150632234
Nikon,D750,975,50,73.0,135.06009481086,52.96474306308235,42.843937931217
Nikon,D750,975,50,73.0,136.08522220564,53.36675380613334,42.858551673961
Nikon,D750,975,50,73.0,137.11034960042,53.76876454918431,42.872994979439
Nikon,D750,975,50,73.0,138.13547699519,54.170775292231376,42.887270890523
Nikon,D750,975,50,73.0,139.16060438997,54.57278603528235,42.90138237634
Nikon,D750,975,50,73.0,140.18573178475,54.974796778333335,42.915332334542
Nikon,D750,975,50,73.0,141.21085917953,55.37680752138431,42.929123593487
Nikon,D750,975,50,73.0,142.23598657431,55.778818264435294,42.942758914343
Nikon,D750,975,50,73.0,143.26111396909,56.18082900748627,42.956240993113
Nikon,D750,975,50,73.0,144.28624136387,56.58283975053726,42.969572462587
Nikon,D750,975,50,73.0,145.31136875865,56.98485049358823,42.982755894217
Nikon,D750,975,50,73.0,146.33649615343,57.38686123663922,42.995793799936
Nikon,D750,975,50,73.0,147.3616235482,57.78887197968628,43.0086886339
Nikon,D750,975,50,73.0,148.38675094298,58.19088272273726,43.021442794173
Nikon,D750,975,50,73.0,149.41187833776,58.59289346578823,43.034058624356
Nikon,D750,975,50,73.0,150.43700573254,58.994904208839216,43.04653841515
Nikon,D750,975,50,73.0,151.46213312732,59.39691495189019,43.058884405872
Nikon,D750,975,50,73.0,152.4872605221,59.798925694941175,43.071098785915
Nikon,D750,975,50,73.0,153.51238791688,60.20093643799215,43.08318369616
Nikon,D750,975,50,73.0,154.53751531166,60.60294718104314,43.095141230332
Nikon,D750,975,50,73.0,155.56264270644,61.004957924094114,43.106973436323
Nikon,D750,975,50,73.0,156.58777010122,61.4069686671451,43.11868231746
Nikon,D750,975,50,73.0,157.61289749599,61.808979410192165,43.130269833729
Nikon,D750,975,50,73.0,158.63802489077,62.21099015324314,43.141737902968
Nikon,D750,975,50,73.0,159.66315228555,62.613000896294125,43.153088402014
Nikon,D750,975,50,73.0,160.68827968033,63.0150116393451,43.164323167809
Nikon,D750,975,50,73.0,161.71340707511,63.417022382396084,43.175443998475
Nikon,D750,975,50,73.0,162.73853446989,63.819033125447056,43.186452654357
Nikon,D750,975,50,73.0,163.76366186467,64.22104386849804,43.197350859018
Nikon,D750,975,50,73.0,164.78878925945,64.62305461154902,43.208140300221
Nikon,D750,975,50,73.0,165.81391665423,65.0250653546,43.218822630865
Nikon,D750,975,50,73.0,166.83904404901,65.42707609765098,43.229399469895
Nikon,D750,975,50,73.0,167.86417144378,65.82908684069805,43.239872403189
Nikon,D750,975,50,73.0,168.88929883856,66.23109758374902,43.250242984407
Nikon,D750,975,50,73.0,169.91442623334,66.6331083268,43.260512735823
Nikon,D750,975,50,73.0,170.93955362812,67.03511906985098,43.270683149125
Nikon,D750,975,50,73.0,171.9646810229,67.43712981290196,43.280755686192
Nikon,D750,975,50,73.0,172.98980841768,67.83914055595294,43.290731779847
Nikon,D750,975,50,73.0,174.01493581246,68.24115129900392,43.300612834589
Nikon,D750,975,50,73.0,175.04006320724,68.6431620420549,43.310400227297
Nikon,D750,975,50,73.0,176.06519060202,69.04517278510589,43.320095307921
Nikon,D750,975,50,73.0,177.0903179968,69.44718352815687,43.329699400144
Nikon,D750,975,50,73.0,178.11544539157,69.84919427120393,43.339213802031
Nikon,D750,975,50,73.0,179.14057278635,70.25120501425491,43.348639786652
Nikon,D750,975,50,73.0,180.16570018113,70.65321575730589,43.357978602694
Nikon,D750,975,50,73.0,181.19082757591,71.05522650035687,43.367231475048
Nikon,D750,975,50,73.0,182.21595497069,71.45723724340785,43.376399605383
Nikon,D750,975,50,73.0,183.24108236547,71.85924798645883,43.385484172702
Nikon,D750,975,50,73.0,184.26620976025,72.2612587295098,43.394486333882
Nikon,D750,975,50,73.0,185.29133715503,72.66326947256077,43.403407224198
Nikon,D750,975,50,73.0,186.31646454981,73.06528021561178,43.412247957835
Nikon,D750,975,50,73.0,187.34159194459,73.46729095866274,43.421009628378
Nikon,D750,975,50,73.0,188.36671933936,73.8693017017098,43.429693309296
Nikon,D750,975,50,73.0,189.39184673414,74.27131244476078,43.43830005441
Nikon,D750,975,50,73.0,190.41697412892,74.67332318781177,43.446830898344
Nikon,D750,975,50,73.0,191.4421015237,75.07533393086274,43.455286856969
Nikon,D750,975,50,73.0,192.46722891848,75.47734467391372,43.46366892783
Nikon,D750,975,50,73.0,193.49235631326,75.8793554169647,43.471978090565
Nikon,D750,975,50,73.0,194.51748370804,76.28136616001568,43.480215307311
Nikon,D750,975,50,73.0,195.54261110282,76.68337690306666,43.488381523096
Nikon,D750,975,50,73.0,196.5677384976,77.08538764611765,43.496477666225
Nikon,D750,975,50,73.0,197.59286589238,77.48739838916863,43.504504648652
Nikon,D750,975,50,73.0,198.61799328715,77.88940913221568,43.512463366344
Nikon,D750,975,50,73.0,199.64312068193,78.29141987526667,43.520354699637
Nikon,D750,975,50,73.0,200.66824807671,78.69343061831765,43.528179513575
Nikon,D750,975,50,73.0,201.69337547149,79.09544136136863,43.535938658248
Nikon,D750,975,50,73.0,202.71850286627,79.49745210441961,43.543632969119
Nikon,D750,975,50,73.0,203.74363026105,79.89946284747059,43.551263267339
Nikon,D750,975,50,73.0,204.76875765583,80.30147359052157,43.558830360058
Nikon,D750,975,50,73.0,205.79388505061,80.70348433357253,43.566335040725
Nikon,D750,975,50,73.0,206.81901244539,81.10549507662354,43.573778089381
Nikon,D750,975,50,73.0,207.84413984017,81.5075058196745,43.581160272946
Nikon,D750,975,50,73.0,208.86926723494,81.90951656272156,43.588482345495
Nikon,D750,975,50,73.0,209.89439462972,82.31152730577256,43.595745048532
Nikon,D750,975,50,73.0,210.9195220245,82.71353804882354,43.602949111253
Nikon,D750,975,50,73.0,211.94464941928,83.11554879187452,43.610095250803
Nikon,D750,975,50,73.0,212.96977681406,83.5175595349255,43.617184172525
Nikon,D750,975,50,73.0,213.99490420884,83.91957027797648,43.624216570211
Nikon,D750,975,50,73.0,215.02003160362,84.32158102102744,43.631193126334
Nikon,D750,975,50,73.0,216.0451589984,84.72359176407844,43.638114512282
Nikon,D750,975,50,73.0,217.07028639318,85.12560250712941,43.644981388589
Nikon,D750,975,50,73.0,218.09541378796,85.5276132501804,43.651794405152
Nikon,D750,975,50,73.0,219.12054118273,85.92962399322744,43.658554201446
Nikon,D750,975,50,73.0,220.14566857751,86.33163473627845,43.665261406738
Nikon,D750,975,50,73.0,221.17079597229,86.73364547932941,43.671916640291
Nikon,D750,975,50,73.0,222.19592336707,87.13565622238039,43.678520511564
Nikon,D750,975,50,73.0,223.22105076185,87.53766696543137,43.685073620406
Nikon,D750,975,50,73.0,224.24617815663,87.93967770848235,43.691576557251
Nikon,D750,975,50,73.0,225.27130555141,88.34168845153333,43.698029903298
Nikon,D750,975,50,73.0,226.29643294619,88.74369919458431,43.704434230699
Nikon,D750,975,50,73.0,227.32156034097,89.14570993763529,43.710790102732
Nikon,D750,975,50,73.0,228.34668773575,89.54772068068628,43.717098073979
Nikon,D750,975,50,73.0,229.37181513052,89.94973142373333,43.723358690488
Nikon,D750,975,50,73.0,230.3969425253,90.35174216678432,43.729572489945
Nikon,D750,975,50,73.0,231.42206992008,90.7537529098353,43.735740001832
Nikon,D750,975,50,73.0,232.44719731486,91.15576365288628,43.741861747584
Nikon,D750,975,50,73.0,233.47232470964,91.55777439593726,43.747938240747
Nikon,D750,975,50,73.0,234.49745210442,91.95978513898824,43.753969987122
Nikon,D750,975,50,73.0,235.5225794992,92.36179588203922,43.759957484917
Nikon,D750,975,50,73.0,236.54770689398,92.7638066250902,43.765901224889
Nikon,D750,975,50,73.0,237.57283428876,93.16581736814116,43.771801690483
Nikon,D750,975,50,73.0,238.59796168354,93.56782811119217,43.777659357972
Nikon,D750,975,50,73.0,239.62308907831,93.96983885423921,43.783474696587
Nikon,D750,975,50,73.0,240.64821647309,94.3718495972902,43.789248168652
Nikon,D750,975,50,73.0,241.67334386787,94.77386034034117,43.794980229708
Nikon,D750,975,50,73.0,242.69847126265,95.17587108339217,43.800671328643
Nikon,D750,975,50,73.0,243.72359865743,95.57788182644313,43.806321907807
Nikon,D750,975,50,73.0,244.74872605221,95.97989256949411,43.811932403142
Nikon,D750,975,50,73.0,245.77385344699,96.38190331254509,43.817503244288
Nikon,D750,975,50,73.0,246.79898084177,96.78391405559607,43.823034854706
Nikon,D750,975,50,73.0,247.82410823655,97.18592479864705,43.828527651784
Nikon,D750,975,50,73.0,248.84923563133,97.58793554169804,43.833982046951
Nikon,D750,975,50,73.0,249.8743630261,97.9899462847451,43.839398445781
Nikon,D750,975,50,73.0,250.89949042088,98.39195702779607,43.844777248099
Nikon,D750,975,50,73.0,251.92461781566,98.79396777084708,43.850118848084
Nikon,D750,975,50,73.0,252.94974521044,99.19597851389804,43.855423634366
Nikon,D750,975,50,73.0,253.97487260522,99.59798925694902,43.86069199013
Nikon,D750,975,50,73.0,255,100.0,43.865924293208
Nikon,D750,975,100,73.0,0.018803769374651,0.00737402720574549,0
Nikon,D750,975,100,73.0,0.032620832321426,0.012792483263304313,4.28444190586
Nikon,D750,975,100,73.0,0.059922324366631,0.023498950732012157,8.719876417638
Nikon,D750,975,100,73.0,0.10124129419796,0.039702468312925496,12.243475516325
Nikon,D750,975,100,73.0,0.19350541561661,0.07588447671239608,16.188827419015
Nikon,D750,975,100,73.0,0.33028442726289,0.12952330480897645,19.139250666522
Nikon,D750,975,100,73.0,0.6284709393875,0.24645919191666668,22.405489486165
Nikon,D750,975,100,73.0,1.2827330421939,0.5030325655662353,25.777467697726
Nikon,D750,975,100,73.0,2.7352609053088,1.0726513354152156,29.170047897732
Nikon,D750,975,100,73.0,3.8437882791448,1.5073679526058041,30.646550426683
Nikon,D750,975,100,73.0,4.8689156739238,1.909378695656392,31.655775055682
Nikon,D750,975,100,73.0,5.8940430687028,2.31138943870698,32.460852029158
Nikon,D750,975,100,73.0,6.9191704634818,2.7134001817575686,33.128638333671
Nikon,D750,975,100,73.0,7.9442978582608,3.115410924808157,33.697769234349
Nikon,D750,975,100,73.0,8.9694252530398,3.5174216678587453,34.192596121662
Nikon,D750,975,100,73.0,9.9945526478188,3.9194324109093333,34.629459495902
Nikon,D750,975,100,73.0,11.019680042598,4.32144315396,35.019857019533
Nikon,D750,975,100,73.0,12.044807437377,4.723453897010589,35.372185637538
Nikon,D750,975,100,73.0,13.069934832156,5.125464640061176,35.692764653254
Nikon,D750,975,100,73.0,14.095062226935,5.5274753831117645,35.986468866044
Nikon,D750,975,100,73.0,15.120189621714,5.929486126162352,36.257137540688
Nikon,D750,975,100,73.0,16.145317016493,6.331496869212941,36.507848178565
Nikon,D750,975,100,73.0,17.170444411272,6.73350761226353,36.741105410189
Nikon,D750,975,100,73.0,18.195571806051,7.135518355314117,36.958974750273
Nikon,D750,975,100,73.0,19.22069920083,7.537529098364707,37.163179466923
Nikon,D750,975,100,73.0,20.245826595609,7.939539841415294,37.355172135308
Nikon,D750,975,100,73.0,21.270953990388,8.341550584465883,37.536188421581
Nikon,D750,975,100,73.0,22.296081385167,8.74356132751647,37.707288142619
Nikon,D750,975,100,73.0,23.321208779946,9.14557207056706,37.869387051049
Nikon,D750,975,100,73.0,24.346336174725,9.547582813617646,38.023281751075
Nikon,D750,975,100,73.0,25.371463569504,9.949593556668237,38.16966945281
Nikon,D750,975,100,73.0,26.396590964283,10.351604299718824,38.309163797207
Nikon,D750,975,100,73.0,27.421718359062,10.753615042769413,38.442307653617
Nikon,D750,975,100,73.0,28.446845753841,11.15562578582,38.569583559349
Nikon,D750,975,100,73.0,29.47197314862,11.557636528870589,38.691422304023
Nikon,D750,975,100,73.0,30.497100543399,11.959647271921177,38.808210040747
Nikon,D750,975,100,73.0,31.522227938178,12.361658014971765,38.920294217388
Nikon,D750,975,100,73.0,32.547355332957,12.763668758022352,39.027988555297
Nikon,D750,975,100,73.0,33.572482727736,13.16567950107294,39.131577253308
Nikon,D750,975,100,73.0,34.597610122515,13.56769024412353,39.231318557287
Nikon,D750,975,100,73.0,35.622737517294,13.969700987174116,39.327447806733
Nikon,D750,975,100,73.0,36.647864912073,14.371711730224703,39.420180047724
Nikon,D750,975,100,73.0,37.672992306852,14.773722473275294,39.509712284206
Nikon,D750,975,100,73.0,38.698119701631,15.175733216325881,39.596225426063
Nikon,D750,975,100,73.0,39.72324709641,15.57774395937647,39.679885981652
Nikon,D750,975,100,73.0,40.748374491189,15.979754702427057,39.760847534
Nikon,D750,975,100,73.0,41.773501885968,16.381765445477647,39.839252032992
Nikon,D750,975,100,73.0,42.798629280747,16.783776188528236,39.915230930382
Nikon,D750,975,100,73.0,43.823756675526,17.18578693157882,39.988906180032
Nikon,D750,975,100,73.0,44.848884070305,17.58779767462941,40.060391122104
Nikon,D750,975,100,73.0,45.874011465084,17.98980841768,40.129791266988
Nikon,D750,975,100,73.0,46.899138859863,18.391819160730588,40.197204992307
Nikon,D750,975,100,73.0,47.924266254642,18.793829903781177,40.262724164293
Nikon,D750,975,100,73.0,48.949393649421,19.195840646831762,40.326434693161
Nikon,D750,975,100,73.0,49.9745210442,19.597851389882354,40.388417030727
Nikon,D750,975,100,73.0,50.999648438979,19.99986213293294,40.448746617301
Nikon,D750,975,100,73.0,52.024775833758,20.40187287598353,40.507494283949
Nikon,D750,975,100,73.0,53.049903228537,20.803883619034117,40.564726615347
Nikon,D750,975,100,73.0,54.075030623316,21.205894362084706,40.620506277775
Nikon,D750,975,100,73.0,55.100158018095,21.607905105135295,40.674892316178
Nikon,D750,975,100,73.0,56.125285412874,22.009915848185884,40.727940423739
Nikon,D750,975,100,73.0,57.150412807653,22.41192659123647,40.779703186943
Nikon,D750,975,100,73.0,58.175540202432,22.81393733428706,40.830230308758
Nikon,D750,975,100,73.0,59.200667597211,23.215948077337647,40.879568812242
Nikon,D750,975,100,73.0,60.22579499199,23.617958820388235,40.927763226576
Nikon,D750,975,100,73.0,61.250922386769,24.019969563438824,40.974855757338
Nikon,D750,975,100,73.0,62.276049781548,24.42198030648941,41.020886442557
Nikon,D750,975,100,73.0,63.301177176327,24.823991049540002,41.065893295975
Nikon,D750,975,100,73.0,64.326304571106,25.226001792590587,41.109912438734
Nikon,D750,975,100,73.0,65.351431965885,25.628012535641176,41.152978220599
Nikon,D750,975,100,73.0,66.376559360664,26.030023278691765,41.19512333169
Nikon,D750,975,100,73.0,67.401686755443,26.43203402174235,41.236378905605
Nikon,D750,975,100,73.0,68.426814150222,26.834044764792942,41.276774614714
Nikon,D750,975,100,73.0,69.451941545001,27.23605550784353,41.316338758321
Nikon,D750,975,100,73.0,70.47706893978,27.638066250894116,41.355098344326
Nikon,D750,975,100,73.0,71.502196334559,28.04007699394471,41.393079164958
Nikon,D750,975,100,73.0,72.527323729338,28.44208773699529,41.430305867073
Nikon,D750,975,100,73.0,73.552451124117,28.844098480045883,41.466802017494
Nikon,D750,975,100,73.0,74.577578518896,29.24610922309647,41.502590163784
Nikon,D750,975,100,73.0,75.602705913675,29.648119966147057,41.537691890854
Nikon,D750,975,100,73.0,76.627833308454,30.05013070919765,41.572127873722
Nikon,D750,975,100,73.0,77.652960703233,30.452141452248238,41.605917926739
Nikon,D750,975,100,73.0,78.678088098012,30.854152195298823,41.639081049567
Nikon,D750,975,100,73.0,79.703215492791,31.256162938349412,41.671635470149
Nikon,D750,975,100,73.0,80.72834288757,31.658173681399997,41.703598684916
Nikon,D750,975,100,73.0,81.753470282349,32.06018442445059,41.734987496434
Nikon,D750,975,100,73.0,82.778597677128,32.46219516750118,41.765818048681
Nikon,D750,975,100,73.0,83.803725071907,32.86420591055176,41.796105860139
Nikon,D750,975,100,73.0,84.828852466686,33.266216653602356,41.825865854851
Nikon,D750,975,100,73.0,85.853979861465,33.668227396652945,41.855112391595
Nikon,D750,975,100,73.0,86.879107256244,34.07023813970353,41.883859291315
Nikon,D750,975,100,73.0,87.904234651023,34.47224888275412,41.912119862916
Nikon,D750,975,100,73.0,88.929362045802,34.874259625804704,41.939906927562
Nikon,D750,975,100,73.0,89.954489440581,35.27627036885529,41.967232841552
Nikon,D750,975,100,73.0,90.97961683536,35.67828111190588,41.994109517901
Nikon,D750,975,100,73.0,92.004744230139,36.08029185495647,42.020548446683
Nikon,D750,975,100,73.0,93.029871624918,36.48230259800706,42.046560714248
Nikon,D750,975,100,73.0,94.054999019697,36.88431334105765,42.072157021364
Nikon,D750,975,100,73.0,95.080126414476,37.28632408410824,42.09734770037
Nikon,D750,975,100,73.0,96.105253809255,37.688334827158826,42.122142731393
Nikon,D750,975,100,73.0,97.130381204034,38.09034557020941,42.146551757697
Nikon,D750,975,100,73.0,98.155508598813,38.492356313260004,42.170584100217
Nikon,D750,975,100,73.0,99.180635993592,38.89436705631059,42.194248771324
Nikon,D750,975,100,73.0,100.20576338837,39.29637779936079,42.217554487878
Nikon,D750,975,100,73.0,101.23089078315,39.69838854241176,42.240509683604
Nikon,D750,975,100,73.0,102.25601817793,40.10039928546274,42.263122520835
Nikon,D750,975,100,73.0,103.28114557271,40.50241002851372,42.285400901666
Nikon,D750,975,100,73.0,104.30627296749,40.90442077156471,42.307352478544
Nikon,D750,975,100,73.0,105.33140036227,41.30643151461569,42.328984664334
Nikon,D750,975,100,73.0,106.35652775705,41.70844225766667,42.350304641894
Nikon,D750,975,100,73.0,107.38165515182,42.110453000713726,42.371319373177
Nikon,D750,975,100,73.0,108.4067825466,42.512463743764705,42.392035607898
Nikon,D750,975,100,73.0,109.43190994138,42.914474486815685,42.412459891786
Nikon,D750,975,100,73.0,110.45703733616,43.316485229866664,42.432598574448
Nikon,D750,975,100,73.0,111.48216473094,43.71849597291765,42.452457816855
Nikon,D750,975,100,73.0,112.50729212572,44.120506715968624,42.472043598489
Nikon,D750,975,100,73.0,113.5324195205,44.5225174590196,42.491361724156
Nikon,D750,975,100,73.0,114.55754691528,44.92452820207059,42.510417830489
Nikon,D750,975,100,73.0,115.58267431006,45.32653894512157,42.52921739215
Nikon,D750,975,100,73.0,116.60780170484,45.72854968817255,42.547765727767
Nikon,D750,975,100,73.0,117.63292909961,46.13056043121961,42.566068005589
Nikon,D750,975,100,73.0,118.65805649439,46.532571174270586,42.584129248905
Nikon,D750,975,100,73.0,119.68318388917,46.934581917321566,42.601954341221
Nikon,D750,975,100,73.0,120.70831128395,47.336592660372546,42.619548031206
Nikon,D750,975,100,73.0,121.73343867873,47.73860340342353,42.636914937436
Nikon,D750,975,100,73.0,122.75856607351,48.14061414647451,42.654059552926
Nikon,D750,975,100,73.0,123.78369346829,48.542624889525484,42.670986249471
Nikon,D750,975,100,73.0,124.80882086307,48.94463563257647,42.687699281811
Nikon,D750,975,100,73.0,125.83394825785,49.34664637562745,42.704202791613
Nikon,D750,975,100,73.0,126.85907565263,49.74865711867843,42.720500811294
Nikon,D750,975,100,73.0,127.8842030474,50.150667861725495,42.736597267686
Nikon,D750,975,100,73.0,128.90933044218,50.55267860477647,42.752495985548
Nikon,D750,975,100,73.0,129.93445783696,50.954689347827454,42.768200690941
Nikon,D750,975,100,73.0,130.95958523174,51.35670009087843,42.783715014461
Nikon,D750,975,100,73.0,131.98471262652,51.75871083392941,42.799042494352
Nikon,D750,975,100,73.0,133.0098400213,52.160721576980386,42.814186579486
Nikon,D750,975,100,73.0,134.03496741608,52.56273232003138,42.829150632234
Nikon,D750,975,100,73.0,135.06009481086,52.96474306308235,42.843937931217
Nikon,D750,975,100,73.0,136.08522220564,53.36675380613334,42.858551673961
Nikon,D750,975,100,73.0,137.11034960042,53.76876454918431,42.872994979439
Nikon,D750,975,100,73.0,138.13547699519,54.170775292231376,42.887270890523
Nikon,D750,975,100,73.0,139.16060438997,54.57278603528235,42.90138237634
Nikon,D750,975,100,73.0,140.18573178475,54.974796778333335,42.915332334542
Nikon,D750,975,100,73.0,141.21085917953,55.37680752138431,42.929123593487
Nikon,D750,975,100,73.0,142.23598657431,55.778818264435294,42.942758914343
Nikon,D750,975,100,73.0,143.26111396909,56.18082900748627,42.956240993113
Nikon,D750,975,100,73.0,144.28624136387,56.58283975053726,42.969572462587
Nikon,D750,975,100,73.0,145.31136875865,56.98485049358823,42.982755894217
Nikon,D750,975,100,73.0,146.33649615343,57.38686123663922,42.995793799936
Nikon,D750,975,100,73.0,147.3616235482,57.78887197968628,43.0086886339
Nikon,D750,975,100,73.0,148.38675094298,58.19088272273726,43.021442794173
Nikon,D750,975,100,73.0,149.41187833776,58.59289346578823,43.034058624356
Nikon,D750,975,100,73.0,150.43700573254,58.994904208839216,43.04653841515
Nikon,D750,975,100,73.0,151.46213312732,59.39691495189019,43.058884405872
Nikon,D750,975,100,73.0,152.4872605221,59.798925694941175,43.071098785915
Nikon,D750,975,100,73.0,153.51238791688,60.20093643799215,43.08318369616
Nikon,D750,975,100,73.0,154.53751531166,60.60294718104314,43.095141230332
Nikon,D750,975,100,73.0,155.56264270644,61.004957924094114,43.106973436323
Nikon,D750,975,100,73.0,156.58777010122,61.4069686671451,43.11868231746
Nikon,D750,975,100,73.0,157.61289749599,61.808979410192165,43.130269833729
Nikon,D750,975,100,73.0,158.63802489077,62.21099015324314,43.141737902968
Nikon,D750,975,100,73.0,159.66315228555,62.613000896294125,43.153088402014
Nikon,D750,975,100,73.0,160.68827968033,63.0150116393451,43.164323167809
Nikon,D750,975,100,73.0,161.71340707511,63.417022382396084,43.175443998475
Nikon,D750,975,100,73.0,162.73853446989,63.819033125447056,43.186452654357
Nikon,D750,975,100,73.0,163.76366186467,64.22104386849804,43.197350859018
Nikon,D750,975,100,73.0,164.78878925945,64.62305461154902,43.208140300221
Nikon,D750,975,100,73.0,165.81391665423,65.0250653546,43.218822630865
Nikon,D750,975,100,73.0,166.83904404901,65.42707609765098,43.229399469895
Nikon,D750,975,100,73.0,167.86417144378,65.82908684069805,43.239872403189
Nikon,D750,975,100,73.0,168.88929883856,66.23109758374902,43.250242984407
Nikon,D750,975,100,73.0,169.91442623334,66.6331083268,43.260512735823
Nikon,D750,975,100,73.0,170.93955362812,67.03511906985098,43.270683149125
Nikon,D750,975,100,73.0,171.9646810229,67.43712981290196,43.280755686192
Nikon,D750,975,100,73.0,172.98980841768,67.83914055595294,43.290731779847
Nikon,D750,975,100,73.0,174.01493581246,68.24115129900392,43.300612834589
Nikon,D750,975,100,73.0,175.04006320724,68.6431620420549,43.310400227297
Nikon,D750,975,100,73.0,176.06519060202,69.04517278510589,43.320095307921
Nikon,D750,975,100,73.0,177.0903179968,69.44718352815687,43.329699400144
Nikon,D750,975,100,73.0,178.11544539157,69.84919427120393,43.339213802031
Nikon,D750,975,100,73.0,179.14057278635,70.25120501425491,43.348639786652
Nikon,D750,975,100,73.0,180.16570018113,70.65321575730589,43.357978602694
Nikon,D750,975,100,73.0,181.19082757591,71.05522650035687,43.367231475048
Nikon,D750,975,100,73.0,182.21595497069,71.45723724340785,43.376399605383
Nikon,D750,975,100,73.0,183.24108236547,71.85924798645883,43.385484172702
Nikon,D750,975,100,73.0,184.26620976025,72.2612587295098,43.394486333882
Nikon,D750,975,100,73.0,185.29133715503,72.66326947256077,43.403407224198
Nikon,D750,975,100,73.0,186.31646454981,73.06528021561178,43.412247957835
Nikon,D750,975,100,73.0,187.34159194459,73.46729095866274,43.421009628378
Nikon,D750,975,100,73.0,188.36671933936,73.8693017017098,43.429693309296
Nikon,D750,975,100,73.0,189.39184673414,74.27131244476078,43.43830005441
Nikon,D750,975,100,73.0,190.41697412892,74.67332318781177,43.446830898344
Nikon,D750,975,100,73.0,191.4421015237,75.07533393086274,43.455286856969
Nikon,D750,975,100,73.0,192.46722891848,75.47734467391372,43.46366892783
Nikon,D750,975,100,73.0,193.49235631326,75.8793554169647,43.471978090565
Nikon,D750,975,100,73.0,194.51748370804,76.28136616001568,43.480215307311
Nikon,D750,975,100,73.0,195.54261110282,76.68337690306666,43.488381523096
Nikon,D750,975,100,73.0,196.5677384976,77.08538764611765,43.496477666225
Nikon,D750,975,100,73.0,197.59286589238,77.48739838916863,43.504504648652
Nikon,D750,975,100,73.0,198.61799328715,77.88940913221568,43.512463366344
Nikon,D750,975,100,73.0,199.64312068193,78.29141987526667,43.520354699637
Nikon,D750,975,100,73.0,200.66824807671,78.69343061831765,43.528179513575
Nikon,D750,975,100,73.0,201.69337547149,79.09544136136863,43.535938658248
Nikon,D750,975,100,73.0,202.71850286627,79.49745210441961,43.543632969119
Nikon,D750,975,100,73.0,203.74363026105,79.89946284747059,43.551263267339
Nikon,D750,975,100,73.0,204.76875765583,80.30147359052157,43.558830360058
Nikon,D750,975,100,73.0,205.79388505061,80.70348433357253,43.566335040725
Nikon,D750,975,100,73.0,206.81901244539,81.10549507662354,43.573778089381
Nikon,D750,975,100,73.0,207.84413984017,81.5075058196745,43.581160272946
Nikon,D750,975,100,73.0,208.86926723494,81.90951656272156,43.588482345495
Nikon,D750,975,100,73.0,209.89439462972,82.31152730577256,43.595745048532
Nikon,D750,975,100,73.0,210.9195220245,82.71353804882354,43.602949111253
Nikon,D750,975,100,73.0,211.94464941928,83.11554879187452,43.610095250803
Nikon,D750,975,100,73.0,212.96977681406,83.5175595349255,43.617184172525
Nikon,D750,975,100,73.0,213.99490420884,83.91957027797648,43.624216570211
Nikon,D750,975,100,73.0,215.02003160362,84.32158102102744,43.631193126334
Nikon,D750,975,100,73.0,216.0451589984,84.72359176407844,43.638114512282
Nikon,D750,975,100,73.0,217.07028639318,85.12560250712941,43.644981388589
Nikon,D750,975,100,73.0,218.09541378796,85.5276132501804,43.651794405152
Nikon,D750,975,100,73.0,219.12054118273,85.92962399322744,43.658554201446
Nikon,D750,975,100,73.0,220.14566857751,86.33163473627845,43.665261406738
Nikon,D750,975,100,73.0,221.17079597229,86.73364547932941,43.671916640291
Nikon,D750,975,100,73.0,222.19592336707,87.13565622238039,43.678520511564
Nikon,D750,975,100,73.0,223.22105076185,87.53766696543137,43.685073620406
Nikon,D750,975,100,73.0,224.24617815663,87.93967770848235,43.691576557251
Nikon,D750,975,100,73.0,225.27130555141,88.34168845153333,43.698029903298
Nikon,D750,975,100,73.0,226.29643294619,88.74369919458431,43.704434230699
Nikon,D750,975,100,73.0,227.32156034097,89.14570993763529,43.710790102732
Nikon,D750,975,100,73.0,228.34668773575,89.54772068068628,43.717098073979
Nikon,D750,975,100,73.0,229.37181513052,89.94973142373333,43.723358690488
Nikon,D750,975,100,73.0,230.3969425253,90.35174216678432,43.729572489945
Nikon,D750,975,100,73.0,231.42206992008,90.7537529098353,43.735740001832
Nikon,D750,975,100,73.0,232.44719731486,91.15576365288628,43.741861747584
Nikon,D750,975,100,73.0,233.47232470964,91.55777439593726,43.747938240747
Nikon,D750,975,100,73.0,234.49745210442,91.95978513898824,43.753969987122
Nikon,D750,975,100,73.0,235.5225794992,92.36179588203922,43.759957484917
Nikon,D750,975,100,73.0,236.54770689398,92.7638066250902,43.765901224889
Nikon,D750,975,100,73.0,237.57283428876,93.16581736814116,43.771801690483
Nikon,D750,975,100,73.0,238.59796168354,93.56782811119217,43.777659357972
Nikon,D750,975,100,73.0,239.62308907831,93.96983885423921,43.783474696587
Nikon,D750,975,100,73.0,240.64821647309,94.3718495972902,43.789248168652
Nikon,D750,975,100,73.0,241.67334386787,94.77386034034117,43.794980229708
Nikon,D750,975,100,73.0,242.69847126265,95.17587108339217,43.800671328643
Nikon,D750,975,100,73.0,243.72359865743,95.57788182644313,43.806321907807
Nikon,D750,975,100,73.0,244.74872605221,95.97989256949411,43.811932403142
Nikon,D750,975,100,73.0,245.77385344699,96.38190331254509,43.817503244288
Nikon,D750,975,100,73.0,246.79898084177,96.78391405559607,43.823034854706
Nikon,D750,975,100,73.0,247.82410823655,97.18592479864705,43.828527651784
Nikon,D750,975,100,73.0,248.84923563133,97.58793554169804,43.833982046951
Nikon,D750,975,100,73.0,249.8743630261,97.9899462847451,43.839398445781
Nikon,D750,975,100,73.0,250.89949042088,98.39195702779607,43.844777248099
Nikon,D750,975,100,73.0,251.92461781566,98.79396777084708,43.850118848084
Nikon,D750,975,100,73.0,252.94974521044,99.19597851389804,43.855423634366
Nikon,D750,975,100,73.0,253.97487260522,99.59798925694902,43.86069199013
Nikon,D750,975,100,73.0,255,100.0,43.865924293208
Nikon,D750,975,200,146.0,0.032620832321426,0.012792483263304313,0
Nikon,D750,975,200,146.0,0.059922324366631,0.023498950732012157,4.6328253343027
Nikon,D750,975,200,146.0,0.10124129419796,0.039702468312925496,8.3595877143423
Nikon,D750,975,200,146.0,0.19350541561661,0.07588447671239608,12.56144625565
Nikon,D750,975,200,146.0,0.33028442726289,0.12952330480897645,15.696403494772
Nikon,D750,975,200,146.0,0.6284709393875,0.24645919191666668,19.130016638042
Nikon,D750,975,200,146.0,1.2827330421939,0.5030325655662353,22.620358726779
Nikon,D750,975,200,146.0,2.7352609053088,1.0726513354152156,26.084702152137
Nikon,D750,975,200,146.0,3.8437882791448,1.5073679526058041,27.582620789009
Nikon,D750,975,200,146.0,4.8689156739238,1.909378695656392,28.604403528547
Nikon,D750,975,200,146.0,5.8940430687028,2.31138943870698,29.41870915751
Nikon,D750,975,200,146.0,6.9191704634818,2.7134001817575686,30.093829234395
Nikon,D750,975,200,146.0,7.9442978582608,3.115410924808157,30.669104372823
Nikon,D750,975,200,146.0,8.9694252530398,3.5174216678587453,31.169273482971
Nikon,D750,975,200,146.0,9.9945526478188,3.9194324109093333,31.610907868702
Nikon,D750,975,200,146.0,11.019680042598,4.32144315396,32.005651400055
Nikon,D750,975,200,146.0,12.044807437377,4.723453897010589,32.361998275971
Nikon,D750,975,200,146.0,13.069934832156,5.125464640061176,32.686335116829
Nikon,D750,975,200,146.0,14.095062226935,5.5274753831117645,32.983584888472
Nikon,D750,975,200,146.0,15.120189621714,5.929486126162352,33.257622303982
Nikon,D750,975,200,146.0,16.145317016493,6.331496869212941,33.511551594627
Nikon,D750,975,200,146.0,17.170444411272,6.73350761226353,33.747897979373
Nikon,D750,975,200,146.0,18.195571806051,7.135518355314117,33.968743131677
Nikon,D750,975,200,146.0,19.22069920083,7.537529098364707,34.175823216246
Nikon,D750,975,200,146.0,20.245826595609,7.939539841415294,34.370601257868
Nikon,D750,975,200,146.0,21.270953990388,8.341550584465883,34.554321506315
Nikon,D750,975,200,146.0,22.296081385167,8.74356132751647,34.728050917868
Nikon,D750,975,200,146.0,23.321208779946,9.14557207056706,34.892711251634
Nikon,D750,975,200,146.0,24.346336174725,9.547582813617646,35.049104218599
Nikon,D750,975,200,146.0,25.371463569504,9.949593556668237,35.197931413081
Nikon,D750,975,200,146.0,26.396590964283,10.351604299718824,35.339810273844
Nikon,D750,975,200,146.0,27.421718359062,10.753615042769413,35.475286987579
Nikon,D750,975,200,146.0,28.446845753841,11.15562578582,35.604847011706
Nikon,D750,975,200,146.0,29.47197314862,11.557636528870589,35.728923724793
Nikon,D750,975,200,146.0,30.497100543399,11.959647271921177,35.847905590636
Nikon,D750,975,200,146.0,31.522227938178,12.361658014971765,35.962142132257
Nikon,D750,975,200,146.0,32.547355332957,12.763668758022352,36.071948945402
Nikon,D750,975,200,146.0,33.572482727736,13.16567950107294,36.177611931056
Nikon,D750,975,200,146.0,34.597610122515,13.56769024412353,36.27939088854
Nikon,D750,975,200,146.0,35.622737517294,13.969700987174116,36.377522581676
Nikon,D750,975,200,146.0,36.647864912073,14.371711730224703,36.472223368101
Nikon,D750,975,200,146.0,37.672992306852,14.773722473275294,36.563691464326
Nikon,D750,975,200,146.0,38.698119701631,15.175733216325881,36.652108905444
Nikon,D750,975,200,146.0,39.72324709641,15.57774395937647,36.737643247577
Nikon,D750,975,200,146.0,40.748374491189,15.979754702427057,36.820449052532
Nikon,D750,975,200,146.0,41.773501885968,16.381765445477647,36.900669187262
Nikon,D750,975,200,146.0,42.798629280747,16.783776188528236,36.978435965153
Nikon,D750,975,200,146.0,43.823756675526,17.18578693157882,37.053872151699
Nikon,D750,975,200,146.0,44.848884070305,17.58779767462941,37.127091853423
Nikon,D750,975,200,146.0,45.874011465084,17.98980841768,37.198201305951
Nikon,D750,975,200,146.0,46.899138859863,18.391819160730588,37.26729957464
Nikon,D750,975,200,146.0,47.924266254642,18.793829903781177,37.334479179148
Nikon,D750,975,200,146.0,48.949393649421,19.195840646831762,37.399826651647
Nikon,D750,975,200,146.0,49.9745210442,19.597851389882354,37.463423036935
Nikon,D750,975,200,146.0,50.999648438979,19.99986213293294,37.525344341567
Nikon,D750,975,200,146.0,52.024775833758,20.40187287598353,37.585661938111
Nikon,D750,975,200,146.0,53.049903228537,20.803883619034117,37.644442929784
Nikon,D750,975,200,146.0,54.075030623316,21.205894362084706,37.701750480054
Nikon,D750,975,200,146.0,55.100158018095,21.607905105135295,37.757644111146
Nikon,D750,975,200,146.0,56.125285412874,22.009915848185884,37.812179974921
Nikon,D750,975,200,146.0,57.150412807653,22.41192659123647,37.865411099129
Nikon,D750,975,200,146.0,58.175540202432,22.81393733428706,37.917387611664
Nikon,D750,975,200,146.0,59.200667597211,23.215948077337647,37.96815694515
Nikon,D750,975,200,146.0,60.22579499199,23.617958820388235,38.017764023878
Nikon,D750,975,200,146.0,61.250922386769,24.019969563438824,38.066251434888
Nikon,D750,975,200,146.0,62.276049781548,24.42198030648941,38.113659584789
Nikon,D750,975,200,146.0,63.301177176327,24.823991049540002,38.160026843708
Nikon,D750,975,200,146.0,64.326304571106,25.226001792590587,38.205389677615
Nikon,D750,975,200,146.0,65.351431965885,25.628012535641176,38.249782770135
Nikon,D750,975,200,146.0,66.376559360664,26.030023278691765,38.293239134829
Nikon,D750,975,200,146.0,67.401686755443,26.43203402174235,38.335790218822
Nikon,D750,975,200,146.0,68.426814150222,26.834044764792942,38.377465998565
Nikon,D750,975,200,146.0,69.451941545001,27.23605550784353,38.418295068438
Nikon,D750,975,200,146.0,70.47706893978,27.638066250894116,38.45830472282
Nikon,D750,975,200,146.0,71.502196334559,28.04007699394471,38.4975210322
Nikon,D750,975,200,146.0,72.527323729338,28.44208773699529,38.535968913835
Nikon,D750,975,200,146.0,73.552451124117,28.844098480045883,38.57367219742
Nikon,D750,975,200,146.0,74.577578518896,29.24610922309647,38.610653686182
Nikon,D750,975,200,146.0,75.602705913675,29.648119966147057,38.646935213773
Nikon,D750,975,200,146.0,76.627833308454,30.05013070919765,38.682537697313
Nikon,D750,975,200,146.0,77.652960703233,30.452141452248238,38.717481186875
Nikon,D750,975,200,146.0,78.678088098012,30.854152195298823,38.751784911708
Nikon,D750,975,200,146.0,79.703215492791,31.256162938349412,38.785467323441
Nikon,D750,975,200,146.0,80.72834288757,31.658173681399997,38.818546136512
Nikon,D750,975,200,146.0,81.753470282349,32.06018442445059,38.851038366018
Nikon,D750,975,200,146.0,82.778597677128,32.46219516750118,38.882960363197
Nikon,D750,975,200,146.0,83.803725071907,32.86420591055176,38.914327848698
Nikon,D750,975,200,146.0,84.828852466686,33.266216653602356,38.945155943823
Nikon,D750,975,200,146.0,85.853979861465,33.668227396652945,38.975459199871
Nikon,D750,975,200,146.0,86.879107256244,34.07023813970353,39.005251625721
Nikon,D750,975,200,146.0,87.904234651023,34.47224888275412,39.034546713791
Nikon,D750,975,200,146.0,88.929362045802,34.874259625804704,39.063357464474
Nikon,D750,975,200,146.0,89.954489440581,35.27627036885529,39.09169640916
Nikon,D750,975,200,146.0,90.97961683536,35.67828111190588,39.119575631943
Nikon,D750,975,200,146.0,92.004744230139,36.08029185495647,39.1470067901
Nikon,D750,975,200,146.0,93.029871624918,36.48230259800706,39.174001133419
Nikon,D750,975,200,146.0,94.054999019697,36.88431334105765,39.200569522467
Nikon,D750,975,200,146.0,95.080126414476,37.28632408410824,39.226722445848
Nikon,D750,975,200,146.0,96.105253809255,37.688334827158826,39.252470036529
Nikon,D750,975,200,146.0,97.130381204034,38.09034557020941,39.277822087293
Nikon,D750,975,200,146.0,98.155508598813,38.492356313260004,39.30278806537
Nikon,D750,975,200,146.0,99.180635993592,38.89436705631059,39.327377126295
Nikon,D750,975,200,146.0,100.20576338837,39.29637779936079,39.351598127052
Nikon,D750,975,200,146.0,101.23089078315,39.69838854241176,39.375459638538
Nikon,D750,975,200,146.0,102.25601817793,40.10039928546274,39.398969957392
Nikon,D750,975,200,146.0,103.28114557271,40.50241002851372,39.422137117223
Nikon,D750,975,200,146.0,104.30627296749,40.90442077156471,39.444968899282
Nikon,D750,975,200,146.0,105.33140036227,41.30643151461569,39.467472842607
Nikon,D750,975,200,146.0,106.35652775705,41.70844225766667,39.489656253657
Nikon,D750,975,200,146.0,107.38165515182,42.110453000713726,39.511526215499
Nikon,D750,975,200,146.0,108.4067825466,42.512463743764705,39.533089596529
Nikon,D750,975,200,146.0,109.43190994138,42.914474486815685,39.554353058797
Nikon,D750,975,200,146.0,110.45703733616,43.316485229866664,39.575323065927
Nikon,D750,975,200,146.0,111.48216473094,43.71849597291765,39.59600589067
Nikon,D750,975,200,146.0,112.50729212572,44.120506715968624,39.616407622102
Nikon,D750,975,200,146.0,113.5324195205,44.5225174590196,39.636534172498
Nikon,D750,975,200,146.0,114.55754691528,44.92452820207059,39.656391283884
Nikon,D750,975,200,146.0,115.58267431006,45.32653894512157,39.675984534302
Nikon,D750,975,200,146.0,116.60780170484,45.72854968817255,39.695319343783
Nikon,D750,975,200,146.0,117.63292909961,46.13056043121961,39.714400980065
Nikon,D750,975,200,146.0,118.65805649439,46.532571174270586,39.733234564049
Nikon,D750,975,200,146.0,119.68318388917,46.934581917321566,39.751825075028
Nikon,D750,975,200,146.0,120.70831128395,47.336592660372546,39.770177355676
Nikon,D750,975,200,146.0,121.73343867873,47.73860340342353,39.788296116835
Nikon,D750,975,200,146.0,122.75856607351,48.14061414647451,39.806185942086
Nikon,D750,975,200,146.0,123.78369346829,48.542624889525484,39.823851292138
Nikon,D750,975,200,146.0,124.80882086307,48.94463563257647,39.841296509023
Nikon,D750,975,200,146.0,125.83394825785,49.34664637562745,39.858525820126
Nikon,D750,975,200,146.0,126.85907565263,49.74865711867843,39.875543342034
Nikon,D750,975,200,146.0,127.8842030474,50.150667861725495,39.892353084245
Nikon,D750,975,200,146.0,128.90933044218,50.55267860477647,39.908958952713
Nikon,D750,975,200,146.0,129.93445783696,50.954689347827454,39.925364753255
Nikon,D750,975,200,146.0,130.95958523174,51.35670009087843,39.94157419482
Nikon,D750,975,200,146.0,131.98471262652,51.75871083392941,39.957590892628
Nikon,D750,975,200,146.0,133.0098400213,52.160721576980386,39.973418371189
Nikon,D750,975,200,146.0,134.03496741608,52.56273232003138,39.989060067196
Nikon,D750,975,200,146.0,135.06009481086,52.96474306308235,40.004519332313
Nikon,D750,975,200,146.0,136.08522220564,53.36675380613334,40.019799435852
Nikon,D750,975,200,146.0,137.11034960042,53.76876454918431,40.034903567345
Nikon,D750,975,200,146.0,138.13547699519,54.170775292231376,40.049834839025
Nikon,D750,975,200,146.0,139.16060438997,54.57278603528235,40.064596288204
Nikon,D750,975,200,146.0,140.18573178475,54.974796778333335,40.079190879572
Nikon,D750,975,200,146.0,141.21085917953,55.37680752138431,40.0936215074
Nikon,D750,975,200,146.0,142.23598657431,55.778818264435294,40.107890997672
Nikon,D750,975,200,146.0,143.26111396909,56.18082900748627,40.122002110129
Nikon,D750,975,200,146.0,144.28624136387,56.58283975053726,40.135957540245
Nikon,D750,975,200,146.0,145.31136875865,56.98485049358823,40.149759921126
Nikon,D750,975,200,146.0,146.33649615343,57.38686123663922,40.163411825349
Nikon,D750,975,200,146.0,147.3616235482,57.78887197968628,40.176915766725
Nikon,D750,975,200,146.0,148.38675094298,58.19088272273726,40.190274202008
Nikon,D750,975,200,146.0,149.41187833776,58.59289346578823,40.203489532537
Nikon,D750,975,200,146.0,150.43700573254,58.994904208839216,40.216564105825
Nikon,D750,975,200,146.0,151.46213312732,59.39691495189019,40.229500217091
Nikon,D750,975,200,146.0,152.4872605221,59.798925694941175,40.24230011074
Nikon,D750,975,200,146.0,153.51238791688,60.20093643799215,40.254965981788
Nikon,D750,975,200,146.0,154.53751531166,60.60294718104314,40.267499977247
Nikon,D750,975,200,146.0,155.56264270644,61.004957924094114,40.279904197451
Nikon,D750,975,200,146.0,156.58777010122,61.4069686671451,40.29218069735
Nikon,D750,975,200,146.0,157.61289749599,61.808979410192165,40.30433148775
Nikon,D750,975,200,146.0,158.63802489077,62.21099015324314,40.316358536517
Nikon,D750,975,200,146.0,159.66315228555,62.613000896294125,40.328263769743
Nikon,D750,975,200,146.0,160.68827968033,63.0150116393451,40.340049072867
Nikon,D750,975,200,146.0,161.71340707511,63.417022382396084,40.351716291765
Nikon,D750,975,200,146.0,162.73853446989,63.819033125447056,40.363267233804
Nikon,D750,975,200,146.0,163.76366186467,64.22104386849804,40.374703668857
Nikon,D750,975,200,146.0,164.78878925945,64.62305461154902,40.386027330295
Nikon,D750,975,200,146.0,165.81391665423,65.0250653546,40.397239915934
Nikon,D750,975,200,146.0,166.83904404901,65.42707609765098,40.408343088966
Nikon,D750,975,200,146.0,167.86417144378,65.82908684069805,40.41933847885
Nikon,D750,975,200,146.0,168.88929883856,66.23109758374902,40.43022768218
Nikon,D750,975,200,146.0,169.91442623334,66.6331083268,40.441012263526
Nikon,D750,975,200,146.0,170.93955362812,67.03511906985098,40.451693756245
Nikon,D750,975,200,146.0,171.9646810229,67.43712981290196,40.462273663274
Nikon,D750,975,200,146.0,172.98980841768,67.83914055595294,40.47275345789
Nikon,D750,975,200,146.0,174.01493581246,68.24115129900392,40.483134584455
Nikon,D750,975,200,146.0,175.04006320724,68.6431620420549,40.493418459133
Nikon,D750,975,200,146.0,176.06519060202,69.04517278510589,40.503606470586
Nikon,D750,975,200,146.0,177.0903179968,69.44718352815687,40.513699980654
Nikon,D750,975,200,146.0,178.11544539157,69.84919427120393,40.523700325005
Nikon,D750,975,200,146.0,179.14057278635,70.25120501425491,40.533608813777
Nikon,D750,975,200,146.0,180.16570018113,70.65321575730589,40.543426732195
Nikon,D750,975,200,146.0,181.19082757591,71.05522650035687,40.553155341166
Nikon,D750,975,200,146.0,182.21595497069,71.45723724340785,40.562795877868
Nikon,D750,975,200,146.0,183.24108236547,71.85924798645883,40.57234955631
Nikon,D750,975,200,146.0,184.26620976025,72.2612587295098,40.581817567882
Nikon,D750,975,200,146.0,185.29133715503,72.66326947256077,40.59120108189
Nikon,D750,975,200,146.0,186.31646454981,73.06528021561178,40.600501246073
Nikon,D750,975,200,146.0,187.34159194459,73.46729095866274,40.609719187104
Nikon,D750,975,200,146.0,188.36671933936,73.8693017017098,40.618856011082
Nikon,D750,975,200,146.0,189.39184673414,74.27131244476078,40.627912804007
Nikon,D750,975,200,146.0,190.41697412892,74.67332318781177,40.636890632238
Nikon,D750,975,200,146.0,191.4421015237,75.07533393086274,40.645790542949
Nikon,D750,975,200,146.0,192.46722891848,75.47734467391372,40.654613564557
Nikon,D750,975,200,146.0,193.49235631326,75.8793554169647,40.663360707154
Nikon,D750,975,200,146.0,194.51748370804,76.28136616001568,40.672032962916
Nikon,D750,975,200,146.0,195.54261110282,76.68337690306666,40.680631306506
Nikon,D750,975,200,146.0,196.5677384976,77.08538764611765,40.689156695462
Nikon,D750,975,200,146.0,197.59286589238,77.48739838916863,40.697610070583
Nikon,D750,975,200,146.0,198.61799328715,77.88940913221568,40.705992356292
Nikon,D750,975,200,146.0,199.64312068193,78.29141987526667,40.714304461001
Nikon,D750,975,200,146.0,200.66824807671,78.69343061831765,40.72254727746
Nikon,D750,975,200,146.0,201.69337547149,79.09544136136863,40.730721683097
Nikon,D750,975,200,146.0,202.71850286627,79.49745210441961,40.738828540351
Nikon,D750,975,200,146.0,203.74363026105,79.89946284747059,40.746868696997
Nikon,D750,975,200,146.0,204.76875765583,80.30147359052157,40.754842986458
Nikon,D750,975,200,146.0,205.79388505061,80.70348433357253,40.762752228113
Nikon,D750,975,200,146.0,206.81901244539,81.10549507662354,40.770597227598
Nikon,D750,975,200,146.0,207.84413984017,81.5075058196745,40.778378777093
Nikon,D750,975,200,146.0,208.86926723494,81.90951656272156,40.786097655609
Nikon,D750,975,200,146.0,209.89439462972,82.31152730577256,40.793754629264
Nikon,D750,975,200,146.0,210.9195220245,82.71353804882354,40.80135045155
Nikon,D750,975,200,146.0,211.94464941928,83.11554879187452,40.808885863599
Nikon,D750,975,200,146.0,212.96977681406,83.5175595349255,40.816361594436
Nikon,D750,975,200,146.0,213.99490420884,83.91957027797648,40.823778361233
Nikon,D750,975,200,146.0,215.02003160362,84.32158102102744,40.831136869544
Nikon,D750,975,200,146.0,216.0451589984,84.72359176407844,40.838437813552
Nikon,D750,975,200,146.0,217.07028639318,85.12560250712941,40.845681876295
Nikon,D750,975,200,146.0,218.09541378796,85.5276132501804,40.852869729891
Nikon,D750,975,200,146.0,219.12054118273,85.92962399322744,40.860002035762
Nikon,D750,975,200,146.0,220.14566857751,86.33163473627845,40.867079444845
Nikon,D750,975,200,146.0,221.17079597229,86.73364547932941,40.874102597806
Nikon,D750,975,200,146.0,222.19592336707,87.13565622238039,40.881072125239
Nikon,D750,975,200,146.0,223.22105076185,87.53766696543137,40.88798864787
Nikon,D750,975,200,146.0,224.24617815663,87.93967770848235,40.894852776751
Nikon,D750,975,200,146.0,225.27130555141,88.34168845153333,40.901665113447
Nikon,D750,975,200,146.0,226.29643294619,88.74369919458431,40.908426250227
Nikon,D750,975,200,146.0,227.32156034097,89.14570993763529,40.915136770241
Nikon,D750,975,200,146.0,228.34668773575,89.54772068068628,40.921797247698
Nikon,D750,975,200,146.0,229.37181513052,89.94973142373333,40.928408248041
Nikon,D750,975,200,146.0,230.3969425253,90.35174216678432,40.934970328113
Nikon,D750,975,200,146.0,231.42206992008,90.7537529098353,40.941484036321
Nikon,D750,975,200,146.0,232.44719731486,91.15576365288628,40.947949912804
Nikon,D750,975,200,146.0,233.47232470964,91.55777439593726,40.954368489579
Nikon,D750,975,200,146.0,234.49745210442,91.95978513898824,40.960740290705
Nikon,D750,975,200,146.0,235.5225794992,92.36179588203922,40.967065832429
Nikon,D750,975,200,146.0,236.54770689398,92.7638066250902,40.973345623332
Nikon,D750,975,200,146.0,237.57283428876,93.16581736814116,40.979580164472
Nikon,D750,975,200,146.0,238.59796168354,93.56782811119217,40.985769949529
Nikon,D750,975,200,146.0,239.62308907831,93.96983885423921,40.991915464934
Nikon,D750,975,200,146.0,240.64821647309,94.3718495972902,40.998017190013
Nikon,D750,975,200,146.0,241.67334386787,94.77386034034117,41.004075597107
Nikon,D750,975,200,146.0,242.69847126265,95.17587108339217,41.010091151708
Nikon,D750,975,200,146.0,243.72359865743,95.57788182644313,41.016064312584
Nikon,D750,975,200,146.0,244.74872605221,95.97989256949411,41.021995531894
Nikon,D750,975,200,146.0,245.77385344699,96.38190331254509,41.027885255317
Nikon,D750,975,200,146.0,246.79898084177,96.78391405559607,41.033733922164
Nikon,D750,975,200,146.0,247.82410823655,97.18592479864705,41.039541965492
Nikon,D750,975,200,146.0,248.84923563133,97.58793554169804,41.045309812221
Nikon,D750,975,200,146.0,249.8743630261,97.9899462847451,41.051037883236
Nikon,D750,975,200,146.0,250.89949042088,98.39195702779607,41.056726593501
Nikon,D750,975,200,146.0,251.92461781566,98.79396777084708,41.062376352163
Nikon,D750,975,200,146.0,252.94974521044,99.19597851389804,41.06798756265
Nikon,D750,975,200,146.0,253.97487260522,99.59798925694902,41.073560622777
Nikon,D750,975,200,146.0,255,100.0,41.079095924842
Nikon,D750,975,400,291.0,0.059922324366631,0.023498950732012157,0
Nikon,D750,975,400,291.0,0.10124129419796,0.039702468312925496,3.9707642103633
Nikon,D750,975,400,291.0,0.19350541561661,0.07588447671239608,8.5206014922782
Nikon,D750,975,400,291.0,0.33028442726289,0.12952330480897645,11.939370408651
Nikon,D750,975,400,291.0,0.6284709393875,0.24645919191666668,15.660764942422
Nikon,D750,975,400,291.0,1.2827330421939,0.5030325655662353,19.378324444197
Nikon,D750,975,400,291.0,2.7352609053088,1.0726513354152156,22.999785780172
Nikon,D750,975,400,291.0,3.8437882791448,1.5073679526058041,24.552604223518
Nikon,D750,975,400,291.0,4.8689156739238,1.909378695656392,25.61048031981
Nikon,D750,975,400,291.0,5.8940430687028,2.31138943870698,26.454001249955
Nikon,D750,975,400,291.0,6.9191704634818,2.7134001817575686,27.154350148862
Nikon,D750,975,400,291.0,7.9442978582608,3.115410924808157,27.752302042469
Nikon,D750,975,400,291.0,8.9694252530398,3.5174216678587453,28.27338922183
Nikon,D750,975,400,291.0,9.9945526478188,3.9194324109093333,28.734658171608
Nikon,D750,975,400,291.0,11.019680042598,4.32144315396,29.148055303781
Nikon,D750,975,400,291.0,12.044807437377,4.723453897010589,29.522277055444
Nikon,D750,975,400,291.0,13.069934832156,5.125464640061176,29.863850743314
Nikon,D750,975,400,291.0,14.095062226935,5.5274753831117645,30.177800551447
Nikon,D750,975,400,291.0,15.120189621714,5.929486126162352,30.468076129106
Nikon,D750,975,400,291.0,16.145317016493,6.331496869212941,30.73783858756
Nikon,D750,975,400,291.0,17.170444411272,6.73350761226353,30.989657280578
Nikon,D750,975,400,291.0,18.195571806051,7.135518355314117,31.225648805473
Nikon,D750,975,400,291.0,19.22069920083,7.537529098364707,31.447577454463
Nikon,D750,975,400,291.0,20.245826595609,7.939539841415294,31.656929271742
Nikon,D750,975,400,291.0,21.270953990388,8.341550584465883,31.854967623191
Nikon,D750,975,400,291.0,22.296081385167,8.74356132751647,32.04277555358
Nikon,D750,975,400,291.0,23.321208779946,9.14557207056706,32.221288529924
Nikon,D750,975,400,291.0,24.346336174725,9.547582813617646,32.391320075764
Nikon,D750,975,400,291.0,25.371463569504,9.949593556668237,32.553582071498
Nikon,D750,975,400,291.0,26.396590964283,10.351604299718824,32.708700999388
Nikon,D750,975,400,291.0,27.421718359062,10.753615042769413,32.857231068047
Nikon,D750,975,400,291.0,28.446845753841,11.15562578582,32.999664909092
Nikon,D750,975,400,291.0,29.47197314862,11.557636528870589,33.136442365671
Nikon,D750,975,400,291.0,30.497100543399,11.959647271921177,33.267957767238
Nikon,D750,975,400,291.0,31.522227938178,12.361658014971765,33.39456599305
Nikon,D750,975,400,291.0,32.547355332957,12.763668758022352,33.516587558579
Nikon,D750,975,400,291.0,33.572482727736,13.16567950107294,33.634312907892
Nikon,D750,975,400,291.0,34.597610122515,13.56769024412353,33.748006056235
Nikon,D750,975,400,291.0,35.622737517294,13.969700987174116,33.857907697384
Nikon,D750,975,400,291.0,36.647864912073,14.371711730224703,33.964237867459
Nikon,D750,975,400,291.0,37.672992306852,14.773722473275294,34.067198239038
Nikon,D750,975,400,291.0,38.698119701631,15.175733216325881,34.166974105497
Nikon,D750,975,400,291.0,39.72324709641,15.57774395937647,34.263736104441
Nikon,D750,975,400,291.0,40.748374491189,15.979754702427057,34.357641720332
Nikon,D750,975,400,291.0,41.773501885968,16.381765445477647,34.44883659942
Nikon,D750,975,400,291.0,42.798629280747,16.783776188528236,34.537455704415
Nikon,D750,975,400,291.0,43.823756675526,17.18578693157882,34.623624331788
Nikon,D750,975,400,291.0,44.848884070305,17.58779767462941,34.707459010849
Nikon,D750,975,400,291.0,45.874011465084,17.98980841768,34.789068300715
Nikon,D750,975,400,291.0,46.899138859863,18.391819160730588,34.868553498779
Nikon,D750,975,400,291.0,47.924266254642,18.793829903781177,34.946009272203
Nikon,D750,975,400,291.0,48.949393649421,19.195840646831762,35.021524222271
Nikon,D750,975,400,291.0,49.9745210442,19.597851389882354,35.095181389986
Nikon,D750,975,400,291.0,50.999648438979,19.99986213293294,35.167058710087
Nikon,D750,975,400,291.0,52.024775833758,20.40187287598353,35.237229419693
Nikon,D750,975,400,291.0,53.049903228537,20.803883619034117,35.3057624269
Nikon,D750,975,400,291.0,54.075030623316,21.205894362084706,35.372722643939
Nikon,D750,975,400,291.0,55.100158018095,21.607905105135295,35.43817128893
Nikon,D750,975,400,291.0,56.125285412874,22.009915848185884,35.502166159692
Nikon,D750,975,400,291.0,57.150412807653,22.41192659123647,35.56476188267
Nikon,D750,975,400,291.0,58.175540202432,22.81393733428706,35.626010139654
Nikon,D750,975,400,291.0,59.200667597211,23.215948077337647,35.685959874597
Nikon,D750,975,400,291.0,60.22579499199,23.617958820388235,35.74465748262
Nikon,D750,975,400,291.0,61.250922386769,24.019969563438824,35.802146983002
Nikon,D750,975,400,291.0,62.276049781548,24.42198030648941,35.858470177749
Nikon,D750,975,400,291.0,63.301177176327,24.823991049540002,35.913666797172
Nikon,D750,975,400,291.0,64.326304571106,25.226001792590587,35.967774633727
Nikon,D750,975,400,291.0,65.351431965885,25.628012535641176,36.02082966523
Nikon,D750,975,400,291.0,66.376559360664,26.030023278691765,36.07286616845
Nikon,D750,975,400,291.0,67.401686755443,26.43203402174235,36.123916823954
Nikon,D750,975,400,291.0,68.426814150222,26.834044764792942,36.174012813027
Nikon,D750,975,400,291.0,69.451941545001,27.23605550784353,36.223183907337
Nikon,D750,975,400,291.0,70.47706893978,27.638066250894116,36.271458552026
Nikon,D750,975,400,291.0,71.502196334559,28.04007699394471,36.318863942762
Nikon,D750,975,400,291.0,72.527323729338,28.44208773699529,36.365426097299
Nikon,D750,975,400,291.0,73.552451124117,28.844098480045883,36.411169921989
Nikon,D750,975,400,291.0,74.577578518896,29.24610922309647,36.45611927368
Nikon,D750,975,400,291.0,75.602705913675,29.648119966147057,36.500297017361
Nikon,D750,975,400,291.0,76.627833308454,30.05013070919765,36.543725079929
Nikon,D750,975,400,291.0,77.652960703233,30.452141452248238,36.586424500352
Nikon,D750,975,400,291.0,78.678088098012,30.854152195298823,36.628415476543
Nikon,D750,975,400,291.0,79.703215492791,31.256162938349412,36.669717409182
Nikon,D750,975,400,291.0,80.72834288757,31.658173681399997,36.71034894273
Nikon,D750,975,400,291.0,81.753470282349,32.06018442445059,36.750328003844
Nikon,D750,975,400,291.0,82.778597677128,32.46219516750118,36.789671837394
Nikon,D750,975,400,291.0,83.803725071907,32.86420591055176,36.828397040247
Nikon,D750,975,400,291.0,84.828852466686,33.266216653602356,36.866519592999
Nikon,D750,975,400,291.0,85.853979861465,33.668227396652945,36.904054889785
Nikon,D750,975,400,291.0,86.879107256244,34.07023813970353,36.941017766322
Nikon,D750,975,400,291.0,87.904234651023,34.47224888275412,36.977422526291
Nikon,D750,975,400,291.0,88.929362045802,34.874259625804704,37.013282966195
Nikon,D750,975,400,291.0,89.954489440581,35.27627036885529,37.048612398777
Nikon,D750,975,400,291.0,90.97961683536,35.67828111190588,37.08342367511
Nikon,D750,975,400,291.0,92.004744230139,36.08029185495647,37.117729205446
Nikon,D750,975,400,291.0,93.029871624918,36.48230259800706,37.151540978905
Nikon,D750,975,400,291.0,94.054999019697,36.88431334105765,37.184870582079
Nikon,D750,975,400,291.0,95.080126414476,37.28632408410824,37.217729216621
Nikon,D750,975,400,291.0,96.105253809255,37.688334827158826,37.250127715896
Nikon,D750,975,400,291.0,97.130381204034,38.09034557020941,37.282076560738
Nikon,D750,975,400,291.0,98.155508598813,38.492356313260004,37.313585894376
Nikon,D750,975,400,291.0,99.180635993592,38.89436705631059,37.344665536584
Nikon,D750,975,400,291.0,100.20576338837,39.29637779936079,37.375324997103
Nikon,D750,975,400,291.0,101.23089078315,39.69838854241176,37.40557348837
Nikon,D750,975,400,291.0,102.25601817793,40.10039928546274,37.43541993761
Nikon,D750,975,400,291.0,103.28114557271,40.50241002851372,37.464872998316
Nikon,D750,975,400,291.0,104.30627296749,40.90442077156471,37.493941061166
Nikon,D750,975,400,291.0,105.33140036227,41.30643151461569,37.522632264399
Nikon,D750,975,400,291.0,106.35652775705,41.70844225766667,37.550954503689
Nikon,D750,975,400,291.0,107.38165515182,42.110453000713726,37.57891544154
Nikon,D750,975,400,291.0,108.4067825466,42.512463743764705,37.606522516238
Nikon,D750,975,400,291.0,109.43190994138,42.914474486815685,37.633782950374
Nikon,D750,975,400,291.0,110.45703733616,43.316485229866664,37.660703758972
Nikon,D750,975,400,291.0,111.48216473094,43.71849597291765,37.687291757238
Nikon,D750,975,400,291.0,112.50729212572,44.120506715968624,37.713553567952
Nikon,D750,975,400,291.0,113.5324195205,44.5225174590196,37.739495628525
Nikon,D750,975,400,291.0,114.55754691528,44.92452820207059,37.765124197734
Nikon,D750,975,400,291.0,115.58267431006,45.32653894512157,37.790445362162
Nikon,D750,975,400,291.0,116.60780170484,45.72854968817255,37.815465042346
Nikon,D750,975,400,291.0,117.63292909961,46.13056043121961,37.840188998653
Nikon,D750,975,400,291.0,118.65805649439,46.532571174270586,37.86462283691
Nikon,D750,975,400,291.0,119.68318388917,46.934581917321566,37.888772013778
Nikon,D750,975,400,291.0,120.70831128395,47.336592660372546,37.912641841905
Nikon,D750,975,400,291.0,121.73343867873,47.73860340342353,37.936237494854
Nikon,D750,975,400,291.0,122.75856607351,48.14061414647451,37.959564011831
Nikon,D750,975,400,291.0,123.78369346829,48.542624889525484,37.9826263022
Nikon,D750,975,400,291.0,124.80882086307,48.94463563257647,38.005429149832
Nikon,D750,975,400,291.0,125.83394825785,49.34664637562745,38.027977217257
Nikon,D750,975,400,291.0,126.85907565263,49.74865711867843,38.050275049653
Nikon,D750,975,400,291.0,127.8842030474,50.150667861725495,38.072327078679
Nikon,D750,975,400,291.0,128.90933044218,50.55267860477647,38.094137626145
Nikon,D750,975,400,291.0,129.93445783696,50.954689347827454,38.115710907541
Nikon,D750,975,400,291.0,130.95958523174,51.35670009087843,38.137051035427
Nikon,D750,975,400,291.0,131.98471262652,51.75871083392941,38.158162022683
Nikon,D750,975,400,291.0,133.0098400213,52.160721576980386,38.179047785646
Nikon,D750,975,400,291.0,134.03496741608,52.56273232003138,38.19971214711
Nikon,D750,975,400,291.0,135.06009481086,52.96474306308235,38.220158839223
Nikon,D750,975,400,291.0,136.08522220564,53.36675380613334,38.240391506268
Nikon,D750,975,400,291.0,137.11034960042,53.76876454918431,38.260413707342
Nikon,D750,975,400,291.0,138.13547699519,54.170775292231376,38.280228918929
Nikon,D750,975,400,291.0,139.16060438997,54.57278603528235,38.299840537385
Nikon,D750,975,400,291.0,140.18573178475,54.974796778333335,38.319251881325
Nikon,D750,975,400,291.0,141.21085917953,55.37680752138431,38.338466193927
Nikon,D750,975,400,291.0,142.23598657431,55.778818264435294,38.357486645146
Nikon,D750,975,400,291.0,143.26111396909,56.18082900748627,38.376316333856
Nikon,D750,975,400,291.0,144.28624136387,56.58283975053726,38.394958289907
Nikon,D750,975,400,291.0,145.31136875865,56.98485049358823,38.413415476116
Nikon,D750,975,400,291.0,146.33649615343,57.38686123663922,38.431690790181
Nikon,D750,975,400,291.0,147.3616235482,57.78887197968628,38.449787066532
Nikon,D750,975,400,291.0,148.38675094298,58.19088272273726,38.467707078116
Nikon,D750,975,400,291.0,149.41187833776,58.59289346578823,38.485453538119
Nikon,D750,975,400,291.0,150.43700573254,58.994904208839216,38.503029101632
Nikon,D750,975,400,291.0,151.46213312732,59.39691495189019,38.520436367254
Nikon,D750,975,400,291.0,152.4872605221,59.798925694941175,38.537677878647
Nikon,D750,975,400,291.0,153.51238791688,60.20093643799215,38.554756126036
Nikon,D750,975,400,291.0,154.53751531166,60.60294718104314,38.571673547655
Nikon,D750,975,400,291.0,155.56264270644,61.004957924094114,38.588432531152
Nikon,D750,975,400,291.0,156.58777010122,61.4069686671451,38.605035414941
Nikon,D750,975,400,291.0,157.61289749599,61.808979410192165,38.621484489512
Nikon,D750,975,400,291.0,158.63802489077,62.21099015324314,38.637781998701
Nikon,D750,975,400,291.0,159.66315228555,62.613000896294125,38.653930140913
Nikon,D750,975,400,291.0,160.68827968033,63.0150116393451,38.669931070307
Nikon,D750,975,400,291.0,161.71340707511,63.417022382396084,38.685786897952
Nikon,D750,975,400,291.0,162.73853446989,63.819033125447056,38.701499692928
Nikon,D750,975,400,291.0,163.76366186467,64.22104386849804,38.717071483412
Nikon,D750,975,400,291.0,164.78878925945,64.62305461154902,38.732504257713
Nikon,D750,975,400,291.0,165.81391665423,65.0250653546,38.747799965289
Nikon,D750,975,400,291.0,166.83904404901,65.42707609765098,38.762960517719
Nikon,D750,975,400,291.0,167.86417144378,65.82908684069805,38.777987789657
Nikon,D750,975,400,291.0,168.88929883856,66.23109758374902,38.792883619746
Nikon,D750,975,400,291.0,169.91442623334,66.6331083268,38.807649811512
Nikon,D750,975,400,291.0,170.93955362812,67.03511906985098,38.822288134227
Nikon,D750,975,400,291.0,171.9646810229,67.43712981290196,38.836800323749
Nikon,D750,975,400,291.0,172.98980841768,67.83914055595294,38.85118808333
Nikon,D750,975,400,291.0,174.01493581246,68.24115129900392,38.865453084408
Nikon,D750,975,400,291.0,175.04006320724,68.6431620420549,38.879596967373
Nikon,D750,975,400,291.0,176.06519060202,69.04517278510589,38.893621342305
Nikon,D750,975,400,291.0,177.0903179968,69.44718352815687,38.907527789698
Nikon,D750,975,400,291.0,178.11544539157,69.84919427120393,38.92131786116
Nikon,D750,975,400,291.0,179.14057278635,70.25120501425491,38.934993080089
Nikon,D750,975,400,291.0,180.16570018113,70.65321575730589,38.948554942336
Nikon,D750,975,400,291.0,181.19082757591,71.05522650035687,38.962004916846
Nikon,D750,975,400,291.0,182.21595497069,71.45723724340785,38.975344446275
Nikon,D750,975,400,291.0,183.24108236547,71.85924798645883,38.988574947603
Nikon,D750,975,400,291.0,184.26620976025,72.2612587295098,39.001697812715
Nikon,D750,975,400,291.0,185.29133715503,72.66326947256077,39.014714408977
Nikon,D750,975,400,291.0,186.31646454981,73.06528021561178,39.027626079786
Nikon,D750,975,400,291.0,187.34159194459,73.46729095866274,39.040434145115
Nikon,D750,975,400,291.0,188.36671933936,73.8693017017098,39.053139902036
Nikon,D750,975,400,291.0,189.39184673414,74.27131244476078,39.06574462523
Nikon,D750,975,400,291.0,190.41697412892,74.67332318781177,39.078249567484
Nikon,D750,975,400,291.0,191.4421015237,75.07533393086274,39.090655960173
Nikon,D750,975,400,291.0,192.46722891848,75.47734467391372,39.102965013733
Nikon,D750,975,400,291.0,193.49235631326,75.8793554169647,39.115177918116
Nikon,D750,975,400,291.0,194.51748370804,76.28136616001568,39.127295843233
Nikon,D750,975,400,291.0,195.54261110282,76.68337690306666,39.139319939393
Nikon,D750,975,400,291.0,196.5677384976,77.08538764611765,39.151251337719
Nikon,D750,975,400,291.0,197.59286589238,77.48739838916863,39.163091150563
Nikon,D750,975,400,291.0,198.61799328715,77.88940913221568,39.174840471903
Nikon,D750,975,400,291.0,199.64312068193,78.29141987526667,39.186500377733
Nikon,D750,975,400,291.0,200.66824807671,78.69343061831765,39.198071926444
Nikon,D750,975,400,291.0,201.69337547149,79.09544136136863,39.209556159191
Nikon,D750,975,400,291.0,202.71850286627,79.49745210441961,39.220954100255
Nikon,D750,975,400,291.0,203.74363026105,79.89946284747059,39.232266757392
Nikon,D750,975,400,291.0,204.76875765583,80.30147359052157,39.243495122179
Nikon,D750,975,400,291.0,205.79388505061,80.70348433357253,39.25464017034
Nikon,D750,975,400,291.0,206.81901244539,81.10549507662354,39.265702862078
Nikon,D750,975,400,291.0,207.84413984017,81.5075058196745,39.276684142386
Nikon,D750,975,400,291.0,208.86926723494,81.90951656272156,39.287584941361
Nikon,D750,975,400,291.0,209.89439462972,82.31152730577256,39.2984061745
Nikon,D750,975,400,291.0,210.9195220245,82.71353804882354,39.309148742999
Nikon,D750,975,400,291.0,211.94464941928,83.11554879187452,39.319813534032
Nikon,D750,975,400,291.0,212.96977681406,83.5175595349255,39.330401421039
Nikon,D750,975,400,291.0,213.99490420884,83.91957027797648,39.340913263991
Nikon,D750,975,400,291.0,215.02003160362,84.32158102102744,39.351349909662
Nikon,D750,975,400,291.0,216.0451589984,84.72359176407844,39.361712191883
Nikon,D750,975,400,291.0,217.07028639318,85.12560250712941,39.372000931799
Nikon,D750,975,400,291.0,218.09541378796,85.5276132501804,39.382216938117
Nikon,D750,975,400,291.0,219.12054118273,85.92962399322744,39.392361007343
Nikon,D750,975,400,291.0,220.14566857751,86.33163473627845,39.40243392402
Nikon,D750,975,400,291.0,221.17079597229,86.73364547932941,39.41243646096
Nikon,D750,975,400,291.0,222.19592336707,87.13565622238039,39.422369379465
Nikon,D750,975,400,291.0,223.22105076185,87.53766696543137,39.432233429547
Nikon,D750,975,400,291.0,224.24617815663,87.93967770848235,39.442029350146
Nikon,D750,975,400,291.0,225.27130555141,88.34168845153333,39.451757869334
Nikon,D750,975,400,291.0,226.29643294619,88.74369919458431,39.461419704523
Nikon,D750,975,400,291.0,227.32156034097,89.14570993763529,39.471015562663
Nikon,D750,975,400,291.0,228.34668773575,89.54772068068628,39.480546140437
Nikon,D750,975,400,291.0,229.37181513052,89.94973142373333,39.490012124454
Nikon,D750,975,400,291.0,230.3969425253,90.35174216678432,39.499414191432
Nikon,D750,975,400,291.0,231.42206992008,90.7537529098353,39.508753008382
Nikon,D750,975,400,291.0,232.44719731486,91.15576365288628,39.518029232787
Nikon,D750,975,400,291.0,233.47232470964,91.55777439593726,39.527243512774
Nikon,D750,975,400,291.0,234.49745210442,91.95978513898824,39.536396487285
Nikon,D750,975,400,291.0,235.5225794992,92.36179588203922,39.545488786244
Nikon,D750,975,400,291.0,236.54770689398,92.7638066250902,39.554521030717
Nikon,D750,975,400,291.0,237.57283428876,93.16581736814116,39.563493833077
Nikon,D750,975,400,291.0,238.59796168354,93.56782811119217,39.572407797152
Nikon,D750,975,400,291.0,239.62308907831,93.96983885423921,39.581263518383
Nikon,D750,975,400,291.0,240.64821647309,94.3718495972902,39.590061583971
Nikon,D750,975,400,291.0,241.67334386787,94.77386034034117,39.598802573021
Nikon,D750,975,400,291.0,242.69847126265,95.17587108339217,39.607487056688
Nikon,D750,975,400,291.0,243.72359865743,95.57788182644313,39.616115598314
Nikon,D750,975,400,291.0,244.74872605221,95.97989256949411,39.624688753563
Nikon,D750,975,400,291.0,245.77385344699,96.38190331254509,39.633207070559
Nikon,D750,975,400,291.0,246.79898084177,96.78391405559607,39.641671090013
Nikon,D750,975,400,291.0,247.82410823655,97.18592479864705,39.650081345353
Nikon,D750,975,400,291.0,248.84923563133,97.58793554169804,39.658438362849
Nikon,D750,975,400,291.0,249.8743630261,97.9899462847451,39.666742661732
Nikon,D750,975,400,291.0,250.89949042088,98.39195702779607,39.67499475432
Nikon,D750,975,400,291.0,251.92461781566,98.79396777084708,39.683195146132
Nikon,D750,975,400,291.0,252.94974521044,99.19597851389804,39.691344336005
Nikon,D750,975,400,291.0,253.97487260522,99.59798925694902,39.699442816201
Nikon,D750,975,400,291.0,255,100.0,39.707491072528
Nikon,D750,975,800,583.0,0.10124129419796,0.039702468312925496,0
Nikon,D750,975,800,583.0,0.19350541561661,0.07588447671239608,4.7223362668509
Nikon,D750,975,800,583.0,0.33028442726289,0.12952330480897645,8.2981318072344
Nikon,D750,975,800,583.0,0.6284709393875,0.24645919191666668,12.195907606375
Nikon,D750,975,800,583.0,1.2827330421939,0.5030325655662353,16.066025921311
Nikon,D750,975,800,583.0,2.7352609053088,1.0726513354152156,19.798917584173
Nikon,D750,975,800,583.0,3.8437882791448,1.5073679526058041,21.390989630784
Nikon,D750,975,800,583.0,4.8689156739238,1.909378695656392,22.474492925942
Nikon,D750,975,800,583.0,5.8940430687028,2.31138943870698,23.33861048515
Nikon,D750,975,800,583.0,6.9191704634818,2.7134001817575686,24.056649290412
Nikon,D750,975,800,583.0,7.9442978582608,3.115410924808157,24.670447366233
Nikon,D750,975,800,583.0,8.9694252530398,3.5174216678587453,25.206128165353
Nikon,D750,975,800,583.0,9.9945526478188,3.9194324109093333,25.681093285536
Nikon,D750,975,800,583.0,11.019680042598,4.32144315396,26.107515441326
Nikon,D750,975,800,583.0,12.044807437377,4.723453897010589,26.494242204657
Nikon,D750,975,800,583.0,13.069934832156,5.125464640061176,26.847905754202
Nikon,D750,975,800,583.0,14.095062226935,5.5274753831117645,27.17360537925
Nikon,D750,975,800,583.0,15.120189621714,5.929486126162352,27.475345989712
Nikon,D750,975,800,583.0,16.145317016493,6.331496869212941,27.756330309333
Nikon,D750,975,800,583.0,17.170444411272,6.73350761226353,28.019159666383
Nikon,D750,975,800,583.0,18.195571806051,7.135518355314117,28.265975668622
Nikon,D750,975,800,583.0,19.22069920083,7.537529098364707,28.49856248449
Nikon,D750,975,800,583.0,20.245826595609,7.939539841415294,28.718422181237
Nikon,D750,975,800,583.0,21.270953990388,8.341550584465883,28.926831209833
Nikon,D750,975,800,583.0,22.296081385167,8.74356132751647,29.12488342786
Nikon,D750,975,800,583.0,23.321208779946,9.14557207056706,29.313523334978
Nikon,D750,975,800,583.0,24.346336174725,9.547582813617646,29.493572076369
Nikon,D750,975,800,583.0,25.371463569504,9.949593556668237,29.665748023657
Nikon,D750,975,800,583.0,26.396590964283,10.351604299718824,29.830683235821
Nikon,D750,975,800,583.0,27.421718359062,10.753615042769413,29.988936751637
Nikon,D750,975,800,583.0,28.446845753841,11.15562578582,30.14100541833
Nikon,D750,975,800,583.0,29.47197314862,11.557636528870589,30.287332784821
Nikon,D750,975,800,583.0,30.497100543399,11.959647271921177,30.428316460314
Nikon,D750,975,800,583.0,31.522227938178,12.361658014971765,30.564314245393
Nikon,D750,975,800,583.0,32.547355332957,12.763668758022352,30.695649273399
Nikon,D750,975,800,583.0,33.572482727736,13.16567950107294,30.822614347795
Nikon,D750,975,800,583.0,34.597610122515,13.56769024412353,30.945475621816
Nikon,D750,975,800,583.0,35.622737517294,13.969700987174116,31.064475736561
Nikon,D750,975,800,583.0,36.647864912073,14.371711730224703,31.179836510425
Nikon,D750,975,800,583.0,37.672992306852,14.773722473275294,31.291761254715
Nikon,D750,975,800,583.0,38.698119701631,15.175733216325881,31.400436776097
Nikon,D750,975,800,583.0,39.72324709641,15.57774395937647,31.506035115369
Nikon,D750,975,800,583.0,40.748374491189,15.979754702427057,31.608715063148
Nikon,D750,975,800,583.0,41.773501885968,16.381765445477647,31.708623485956
Nikon,D750,975,800,583.0,42.798629280747,16.783776188528236,31.805896490472
Nikon,D750,975,800,583.0,43.823756675526,17.18578693157882,31.900660449086
Nikon,D750,975,800,583.0,44.848884070305,17.58779767462941,31.993032906116
Nikon,D750,975,800,583.0,45.874011465084,17.98980841768,32.083123380979
Nikon,D750,975,800,583.0,46.899138859863,18.391819160730588,32.171034082055
Nikon,D750,975,800,583.0,47.924266254642,18.793829903781177,32.25686054291
Nikon,D750,975,800,583.0,48.949393649421,19.195840646831762,32.340692190788
Nikon,D750,975,800,583.0,49.9745210442,19.597851389882354,32.422612855849
Nikon,D750,975,800,583.0,50.999648438979,19.99986213293294,32.502701228407
Nikon,D750,975,800,583.0,52.024775833758,20.40187287598353,32.581031270418
Nikon,D750,975,800,583.0,53.049903228537,20.803883619034117,32.657672586603
Nikon,D750,975,800,583.0,54.075030623316,21.205894362084706,32.732690759858
Nikon,D750,975,800,583.0,55.100158018095,21.607905105135295,32.806147655006
Nikon,D750,975,800,583.0,56.125285412874,22.009915848185884,32.878101694408
Nikon,D750,975,800,583.0,57.150412807653,22.41192659123647,32.9486081085
Nikon,D750,975,800,583.0,58.175540202432,22.81393733428706,33.017719163954
Nikon,D750,975,800,583.0,59.200667597211,23.215948077337647,33.085484371801
Nikon,D750,975,800,583.0,60.22579499199,23.617958820388235,33.151950677618
Nikon,D750,975,800,583.0,61.250922386769,24.019969563438824,33.217162635574
Nikon,D750,975,800,583.0,62.276049781548,24.42198030648941,33.281162567975
Nikon,D750,975,800,583.0,63.301177176327,24.823991049540002,33.343990711714
Nikon,D750,975,800,583.0,64.326304571106,25.226001792590587,33.405685352916
Nikon,D750,975,800,583.0,65.351431965885,25.628012535641176,33.466282950877
Nikon,D750,975,800,583.0,66.376559360664,26.030023278691765,33.52581825233
Nikon,D750,975,800,583.0,67.401686755443,26.43203402174235,33.584324396903
Nikon,D750,975,800,583.0,68.426814150222,26.834044764792942,33.641833014593
Nikon,D750,975,800,583.0,69.451941545001,27.23605550784353,33.698374315958
Nikon,D750,975,800,583.0,70.47706893978,27.638066250894116,33.753977175675
Nikon,D750,975,800,583.0,71.502196334559,28.04007699394471,33.808669210035
Nikon,D750,975,800,583.0,72.527323729338,28.44208773699529,33.862476848912
Nikon,D750,975,800,583.0,73.552451124117,28.844098480045883,33.915425402646
Nikon,D750,975,800,583.0,74.577578518896,29.24610922309647,33.967539124291
Nikon,D750,975,800,583.0,75.602705913675,29.648119966147057,34.018841267588
Nikon,D750,975,800,583.0,76.627833308454,30.05013070919765,34.069354141029
Nikon,D750,975,800,583.0,77.652960703233,30.452141452248238,34.119099158306
Nikon,D750,975,800,583.0,78.678088098012,30.854152195298823,34.168096885442
Nikon,D750,975,800,583.0,79.703215492791,31.256162938349412,34.216367084864
Nikon,D750,975,800,583.0,80.72834288757,31.658173681399997,34.263928756644
Nikon,D750,975,800,583.0,81.753470282349,32.06018442445059,34.31080017713
Nikon,D750,975,800,583.0,82.778597677128,32.46219516750118,34.356998935165
Nikon,D750,975,800,583.0,83.803725071907,32.86420591055176,34.402541966064
Nikon,D750,975,800,583.0,84.828852466686,33.266216653602356,34.447445583523
Nikon,D750,975,800,583.0,85.853979861465,33.668227396652945,34.491725509597
Nikon,D750,975,800,583.0,86.879107256244,34.07023813970353,34.535396902905
Nikon,D750,975,800,583.0,87.904234651023,34.47224888275412,34.578474385164
Nikon,D750,975,800,583.0,88.929362045802,34.874259625804704,34.620972066184
Nikon,D750,975,800,583.0,89.954489440581,35.27627036885529,34.662903567429
Nikon,D750,975,800,583.0,90.97961683536,35.67828111190588,34.704282044229
Nikon,D750,975,800,583.0,92.004744230139,36.08029185495647,34.745120206756
Nikon,D750,975,800,583.0,93.029871624918,36.48230259800706,34.785430339824
Nikon,D750,975,800,583.0,94.054999019697,36.88431334105765,34.825224321607
Nikon,D750,975,800,583.0,95.080126414476,37.28632408410824,34.864513641335
Nikon,D750,975,800,583.0,96.105253809255,37.688334827158826,34.903309416041
Nikon,D750,975,800,583.0,97.130381204034,38.09034557020941,34.941622406412
Nikon,D750,975,800,583.0,98.155508598813,38.492356313260004,34.979463031817
Nikon,D750,975,800,583.0,99.180635993592,38.89436705631059,35.016841384533
Nikon,D750,975,800,583.0,100.20576338837,39.29637779936079,35.053767243259
Nikon,D750,975,800,583.0,101.23089078315,39.69838854241176,35.090250085922
Nikon,D750,975,800,583.0,102.25601817793,40.10039928546274,35.126299101844
Nikon,D750,975,800,583.0,103.28114557271,40.50241002851372,35.161923203303
Nikon,D750,975,800,583.0,104.30627296749,40.90442077156471,35.197131036518
Nikon,D750,975,800,583.0,105.33140036227,41.30643151461569,35.231930992089
Nikon,D750,975,800,583.0,106.35652775705,41.70844225766667,35.266331214945
Nikon,D750,975,800,583.0,107.38165515182,42.110453000713726,35.300339613796
Nikon,D750,975,800,583.0,108.4067825466,42.512463743764705,35.333963870152
Nikon,D750,975,800,583.0,109.43190994138,42.914474486815685,35.367211446901
Nikon,D750,975,800,583.0,110.45703733616,43.316485229866664,35.400089596494
Nikon,D750,975,800,583.0,111.48216473094,43.71849597291765,35.432605368754
Nikon,D750,975,800,583.0,112.50729212572,44.120506715968624,35.464765618317
Nikon,D750,975,800,583.0,113.5324195205,44.5225174590196,35.49657701174
Nikon,D750,975,800,583.0,114.55754691528,44.92452820207059,35.528046034292
Nikon,D750,975,800,583.0,115.58267431006,45.32653894512157,35.559178996435
Nikon,D750,975,800,583.0,116.60780170484,45.72854968817255,35.589982040023
Nikon,D750,975,800,583.0,117.63292909961,46.13056043121961,35.620461144225
Nikon,D750,975,800,583.0,118.65805649439,46.532571174270586,35.650622131194
Nikon,D750,975,800,583.0,119.68318388917,46.934581917321566,35.68047067149
Nikon,D750,975,800,583.0,120.70831128395,47.336592660372546,35.710012289269
Nikon,D750,975,800,583.0,121.73343867873,47.73860340342353,35.739252367258
Nikon,D750,975,800,583.0,122.75856607351,48.14061414647451,35.768196151513
Nikon,D750,975,800,583.0,123.78369346829,48.542624889525484,35.796848755983
Nikon,D750,975,800,583.0,124.80882086307,48.94463563257647,35.825215166888
Nikon,D750,975,800,583.0,125.83394825785,49.34664637562745,35.853300246912
Nikon,D750,975,800,583.0,126.85907565263,49.74865711867843,35.881108739225
Nikon,D750,975,800,583.0,127.8842030474,50.150667861725495,35.908645271352
Nikon,D750,975,800,583.0,128.90933044218,50.55267860477647,35.935914358874
Nikon,D750,975,800,583.0,129.93445783696,50.954689347827454,35.962920408994
Nikon,D750,975,800,583.0,130.95958523174,51.35670009087843,35.989667723953
Nikon,D750,975,800,583.0,131.98471262652,51.75871083392941,36.016160504318
Nikon,D750,975,800,583.0,133.0098400213,52.160721576980386,36.042402852143
Nikon,D750,975,800,583.0,134.03496741608,52.56273232003138,36.068398774005
Nikon,D750,975,800,583.0,135.06009481086,52.96474306308235,36.094152183922
Nikon,D750,975,800,583.0,136.08522220564,53.36675380613334,36.119666906173
Nikon,D750,975,800,583.0,137.11034960042,53.76876454918431,36.144946677991
Nikon,D750,975,800,583.0,138.13547699519,54.170775292231376,36.169995152178
Nikon,D750,975,800,583.0,139.16060438997,54.57278603528235,36.194815899604
Nikon,D750,975,800,583.0,140.18573178475,54.974796778333335,36.21941241163
Nikon,D750,975,800,583.0,141.21085917953,55.37680752138431,36.243788102427
Nikon,D750,975,800,583.0,142.23598657431,55.778818264435294,36.267946311225
Nikon,D750,975,800,583.0,143.26111396909,56.18082900748627,36.291890304472
Nikon,D750,975,800,583.0,144.28624136387,56.58283975053726,36.315623277918
Nikon,D750,975,800,583.0,145.31136875865,56.98485049358823,36.339148358628
Nikon,D750,975,800,583.0,146.33649615343,57.38686123663922,36.362468606922
Nikon,D750,975,800,583.0,147.3616235482,57.78887197968628,36.385587018243
Nikon,D750,975,800,583.0,148.38675094298,58.19088272273726,36.408506524967
Nikon,D750,975,800,583.0,149.41187833776,58.59289346578823,36.431229998149
Nikon,D750,975,800,583.0,150.43700573254,58.994904208839216,36.453760249203
Nikon,D750,975,800,583.0,151.46213312732,59.39691495189019,36.476100031535
Nikon,D750,975,800,583.0,152.4872605221,59.798925694941175,36.498252042109
Nikon,D750,975,800,583.0,153.51238791688,60.20093643799215,36.520218922974
Nikon,D750,975,800,583.0,154.53751531166,60.60294718104314,36.542003262724
Nikon,D750,975,800,583.0,155.56264270644,61.004957924094114,36.563607597928
Nikon,D750,975,800,583.0,156.58777010122,61.4069686671451,36.585034414496
Nikon,D750,975,800,583.0,157.61289749599,61.808979410192165,36.606286149009
Nikon,D750,975,800,583.0,158.63802489077,62.21099015324314,36.627365190006
Nikon,D750,975,800,583.0,159.66315228555,62.613000896294125,36.648273879228
Nikon,D750,975,800,583.0,160.68827968033,63.0150116393451,36.669014512819
Nikon,D750,975,800,583.0,161.71340707511,63.417022382396084,36.689589342496
Nikon,D750,975,800,583.0,162.73853446989,63.819033125447056,36.710000576671
Nikon,D750,975,800,583.0,163.76366186467,64.22104386849804,36.730250381553
Nikon,D750,975,800,583.0,164.78878925945,64.62305461154902,36.750340882198
Nikon,D750,975,800,583.0,165.81391665423,65.0250653546,36.770274163539
Nikon,D750,975,800,583.0,166.83904404901,65.42707609765098,36.790052271384
Nikon,D750,975,800,583.0,167.86417144378,65.82908684069805,36.809677213371
Nikon,D750,975,800,583.0,168.88929883856,66.23109758374902,36.82915095991
Nikon,D750,975,800,583.0,169.91442623334,66.6331083268,36.848475445086
Nikon,D750,975,800,583.0,170.93955362812,67.03511906985098,36.867652567536
Nikon,D750,975,800,583.0,171.9646810229,67.43712981290196,36.886684191306
Nikon,D750,975,800,583.0,172.98980841768,67.83914055595294,36.905572146672
Nikon,D750,975,800,583.0,174.01493581246,68.24115129900392,36.924318230946
Nikon,D750,975,800,583.0,175.04006320724,68.6431620420549,36.942924209257
Nikon,D750,975,800,583.0,176.06519060202,69.04517278510589,36.9613918153
Nikon,D750,975,800,583.0,177.0903179968,69.44718352815687,36.979722752076
Nikon,D750,975,800,583.0,178.11544539157,69.84919427120393,36.997918692604
Nikon,D750,975,800,583.0,179.14057278635,70.25120501425491,37.015981280611
Nikon,D750,975,800,583.0,180.16570018113,70.65321575730589,37.033912131205
Nikon,D750,975,800,583.0,181.19082757591,71.05522650035687,37.05171283153
Nikon,D750,975,800,583.0,182.21595497069,71.45723724340785,37.069384941399
Nikon,D750,975,800,583.0,183.24108236547,71.85924798645883,37.086929993911
Nikon,D750,975,800,583.0,184.26620976025,72.2612587295098,37.104349496052
Nikon,D750,975,800,583.0,185.29133715503,72.66326947256077,37.121644929277
Nikon,D750,975,800,583.0,186.31646454981,73.06528021561178,37.138817750079
Nikon,D750,975,800,583.0,187.34159194459,73.46729095866274,37.155869390535
Nikon,D750,975,800,583.0,188.36671933936,73.8693017017098,37.17280125885
Nikon,D750,975,800,583.0,189.39184673414,74.27131244476078,37.18961473987
Nikon,D750,975,800,583.0,190.41697412892,74.67332318781177,37.206311195596
Nikon,D750,975,800,583.0,191.4421015237,75.07533393086274,37.222891965676
Nikon,D750,975,800,583.0,192.46722891848,75.47734467391372,37.239358367886
Nikon,D750,975,800,583.0,193.49235631326,75.8793554169647,37.255711698593
Nikon,D750,975,800,583.0,194.51748370804,76.28136616001568,37.27195323322
Nikon,D750,975,800,583.0,195.54261110282,76.68337690306666,37.288084226679
Nikon,D750,975,800,583.0,196.5677384976,77.08538764611765,37.304105913811
Nikon,D750,975,800,583.0,197.59286589238,77.48739838916863,37.320019509802
Nikon,D750,975,800,583.0,198.61799328715,77.88940913221568,37.335826210594
Nikon,D750,975,800,583.0,199.64312068193,78.29141987526667,37.351527193282
Nikon,D750,975,800,583.0,200.66824807671,78.69343061831765,37.367123616507
Nikon,D750,975,800,583.0,201.69337547149,79.09544136136863,37.382616620831
Nikon,D750,975,800,583.0,202.71850286627,79.49745210441961,37.398007329108
Nikon,D750,975,800,583.0,203.74363026105,79.89946284747059,37.413296846845
Nikon,D750,975,800,583.0,204.76875765583,80.30147359052157,37.428486262547
Nikon,D750,975,800,583.0,205.79388505061,80.70348433357253,37.443576648068
Nikon,D750,975,800,583.0,206.81901244539,81.10549507662354,37.458569058937
Nikon,D750,975,800,583.0,207.84413984017,81.5075058196745,37.473464534687
Nikon,D750,975,800,583.0,208.86926723494,81.90951656272156,37.48826409917
Nikon,D750,975,800,583.0,209.89439462972,82.31152730577256,37.50296876087
Nikon,D750,975,800,583.0,210.9195220245,82.71353804882354,37.5175795132
Nikon,D750,975,800,583.0,211.94464941928,83.11554879187452,37.532097334799
Nikon,D750,975,800,583.0,212.96977681406,83.5175595349255,37.546523189822
Nikon,D750,975,800,583.0,213.99490420884,83.91957027797648,37.560858028215
Nikon,D750,975,800,583.0,215.02003160362,84.32158102102744,37.575102785991
Nikon,D750,975,800,583.0,216.0451589984,84.72359176407844,37.589258385501
Nikon,D750,975,800,583.0,217.07028639318,85.12560250712941,37.603325735689
Nikon,D750,975,800,583.0,218.09541378796,85.5276132501804,37.617305732349
Nikon,D750,975,800,583.0,219.12054118273,85.92962399322744,37.631199258375
Nikon,D750,975,800,583.0,220.14566857751,86.33163473627845,37.645007184002
Nikon,D750,975,800,583.0,221.17079597229,86.73364547932941,37.658730367045
Nikon,D750,975,800,583.0,222.19592336707,87.13565622238039,37.672369653129
Nikon,D750,975,800,583.0,223.22105076185,87.53766696543137,37.685925875914
Nikon,D750,975,800,583.0,224.24617815663,87.93967770848235,37.699399857322
Nikon,D750,975,800,583.0,225.27130555141,88.34168845153333,37.712792407746
Nikon,D750,975,800,583.0,226.29643294619,88.74369919458431,37.726104326266
Nikon,D750,975,800,583.0,227.32156034097,89.14570993763529,37.739336400854
Nikon,D750,975,800,583.0,228.34668773575,89.54772068068628,37.752489408574
Nikon,D750,975,800,583.0,229.37181513052,89.94973142373333,37.765564115781
Nikon,D750,975,800,583.0,230.3969425253,90.35174216678432,37.778561278315
Nikon,D750,975,800,583.0,231.42206992008,90.7537529098353,37.791481641685
Nikon,D750,975,800,583.0,232.44719731486,91.15576365288628,37.804325941259
Nikon,D750,975,800,583.0,233.47232470964,91.55777439593726,37.817094902439
Nikon,D750,975,800,583.0,234.49745210442,91.95978513898824,37.829789240842
Nikon,D750,975,800,583.0,235.5225794992,92.36179588203922,37.842409662468
Nikon,D750,975,800,583.0,236.54770689398,92.7638066250902,37.854956863871
Nikon,D750,975,800,583.0,237.57283428876,93.16581736814116,37.867431532323
Nikon,D750,975,800,583.0,238.59796168354,93.56782811119217,37.879834345979
Nikon,D750,975,800,583.0,239.62308907831,93.96983885423921,37.892165974027
Nikon,D750,975,800,583.0,240.64821647309,94.3718495972902,37.904427076853
Nikon,D750,975,800,583.0,241.67334386787,94.77386034034117,37.916618306182
Nikon,D750,975,800,583.0,242.69847126265,95.17587108339217,37.928740305233
Nikon,D750,975,800,583.0,243.72359865743,95.57788182644313,37.940793708862
Nikon,D750,975,800,583.0,244.74872605221,95.97989256949411,37.952779143702
Nikon,D750,975,800,583.0,245.77385344699,96.38190331254509,37.964697228304
Nikon,D750,975,800,583.0,246.79898084177,96.78391405559607,37.976548573274
Nikon,D750,975,800,583.0,247.82410823655,97.18592479864705,37.988333781402
Nikon,D750,975,800,583.0,248.84923563133,97.58793554169804,38.000053447795
Nikon,D750,975,800,583.0,249.8743630261,97.9899462847451,38.011708160007
Nikon,D750,975,800,583.0,250.89949042088,98.39195702779607,38.02329849816
Nikon,D750,975,800,583.0,251.92461781566,98.79396777084708,38.034825035067
Nikon,D750,975,800,583.0,252.94974521044,99.19597851389804,38.046288336354
Nikon,D750,975,800,583.0,253.97487260522,99.59798925694902,38.057688960578
Nikon,D750,975,800,583.0,255,100.0,38.06902745934
Nikon,D750,975,1600,1147.0,0.19350541561661,0.07588447671239608,0
Nikon,D750,975,1600,1147.0,0.33028442726289,0.12952330480897645,3.8981609317949
Nikon,D750,975,1600,1147.0,0.6284709393875,0.24645919191666668,8.2016615525197
Nikon,D750,975,1600,1147.0,1.2827330421939,0.5030325655662353,12.460827017035
Nikon,D750,975,1600,1147.0,2.7352609053088,1.0726513354152156,16.482818444138
Nikon,D750,975,1600,1147.0,3.8437882791448,1.5073679526058041,18.165601701228
Nikon,D750,975,1600,1147.0,4.8689156739238,1.909378695656392,19.300869386626
Nikon,D750,975,1600,1147.0,5.8940430687028,2.31138943870698,20.201335957003
Nikon,D750,975,1600,1147.0,6.9191704634818,2.7134001817575686,20.946767157017
Nikon,D750,975,1600,1147.0,7.9442978582608,3.115410924808157,21.582291014427
Nikon,D750,975,1600,1147.0,8.9694252530398,3.5174216678587453,22.135883322841
Nikon,D750,975,1600,1147.0,9.9945526478188,3.9194324109093333,22.626068349723
Nikon,D750,975,1600,1147.0,11.019680042598,4.32144315396,23.065738909702
Nikon,D750,975,1600,1147.0,12.044807437377,4.723453897010589,23.464225717718
Nikon,D750,975,1600,1147.0,13.069934832156,5.125464640061176,23.828497206926
Nikon,D750,975,1600,1147.0,14.095062226935,5.5274753831117645,24.163893920073
Nikon,D750,975,1600,1147.0,15.120189621714,5.929486126162352,24.474598363161
Nikon,D750,975,1600,1147.0,16.145317016493,6.331496869212941,24.763946900775
Nikon,D750,975,1600,1147.0,17.170444411272,6.73350761226353,25.034643357859
Nikon,D750,975,1600,1147.0,18.195571806051,7.135518355314117,25.288909271798
Nikon,D750,975,1600,1147.0,19.22069920083,7.537529098364707,25.528592064066
Nikon,D750,975,1600,1147.0,20.245826595609,7.939539841415294,25.755244515265
Nikon,D750,975,1600,1147.0,21.270953990388,8.341550584465883,25.970184213627
Nikon,D750,975,1600,1147.0,22.296081385167,8.74356132751647,26.174538738927
Nikon,D750,975,1600,1147.0,23.321208779946,9.14557207056706,26.369280498991
Nikon,D750,975,1600,1147.0,24.346336174725,9.547582813617646,26.555253936499
Nikon,D750,975,1600,1147.0,25.371463569504,9.949593556668237,26.733197026248
Nikon,D750,975,1600,1147.0,26.396590964283,10.351604299718824,26.903758442202
Nikon,D750,975,1600,1147.0,27.421718359062,10.753615042769413,27.067511400044
Nikon,D750,975,1600,1147.0,28.446845753841,11.15562578582,27.224964918718
Nikon,D750,975,1600,1147.0,29.47197314862,11.557636528870589,27.376573057477
Nikon,D750,975,1600,1147.0,30.497100543399,11.959647271921177,27.522742549866
Nikon,D750,975,1600,1147.0,31.522227938178,12.361658014971765,27.663839157183
Nikon,D750,975,1600,1147.0,32.547355332957,12.763668758022352,27.800192990727
Nikon,D750,975,1600,1147.0,33.572482727736,13.16567950107294,27.932102997303
Nikon,D750,975,1600,1147.0,34.597610122515,13.56769024412353,28.059840760993
Nikon,D750,975,1600,1147.0,35.622737517294,13.969700987174116,28.183653742519
Nikon,D750,975,1600,1147.0,36.647864912073,14.371711730224703,28.303768053154
Nikon,D750,975,1600,1147.0,37.672992306852,14.773722473275294,28.420390841165
Nikon,D750,975,1600,1147.0,38.698119701631,15.175733216325881,28.533712353953
Nikon,D750,975,1600,1147.0,39.72324709641,15.57774395937647,28.643907727372
Nikon,D750,975,1600,1147.0,40.748374491189,15.979754702427057,28.751138544416
Nikon,D750,975,1600,1147.0,41.773501885968,16.381765445477647,28.855554198026
Nikon,D750,975,1600,1147.0,42.798629280747,16.783776188528236,28.957293086846
Nikon,D750,975,1600,1147.0,43.823756675526,17.18578693157882,29.056483667896
Nikon,D750,975,1600,1147.0,44.848884070305,17.58779767462941,29.153245386229
Nikon,D750,975,1600,1147.0,45.874011465084,17.98980841768,29.247689498419
Nikon,D750,975,1600,1147.0,46.899138859863,18.391819160730588,29.339919804113
Nikon,D750,975,1600,1147.0,47.924266254642,18.793829903781177,29.43003329768
Nikon,D750,975,1600,1147.0,48.949393649421,19.195840646831762,29.518120750218
Nikon,D750,975,1600,1147.0,49.9745210442,19.597851389882354,29.604267230647
Nikon,D750,975,1600,1147.0,50.999648438979,19.99986213293294,29.688552573394
Nikon,D750,975,1600,1147.0,52.024775833758,20.40187287598353,29.7710517991
Nikon,D750,975,1600,1147.0,53.049903228537,20.803883619034117,29.851835493893
Nikon,D750,975,1600,1147.0,54.075030623316,21.205894362084706,29.930970152046
Nikon,D750,975,1600,1147.0,55.100158018095,21.607905105135295,30.008518486158
Nikon,D750,975,1600,1147.0,56.125285412874,22.009915848185884,30.0845397085
Nikon,D750,975,1600,1147.0,57.150412807653,22.41192659123647,30.159089786684
Nikon,D750,975,1600,1147.0,58.175540202432,22.81393733428706,30.232221676397
Nikon,D750,975,1600,1147.0,59.200667597211,23.215948077337647,30.303985533651
Nikon,D750,975,1600,1147.0,60.22579499199,23.617958820388235,30.374428908653
Nikon,D750,975,1600,1147.0,61.250922386769,24.019969563438824,30.443596923189
Nikon,D750,975,1600,1147.0,62.276049781548,24.42198030648941,30.511532433164
Nikon,D750,975,1600,1147.0,63.301177176327,24.823991049540002,30.578276177769
Nikon,D750,975,1600,1147.0,64.326304571106,25.226001792590587,30.643866916574
Nikon,D750,975,1600,1147.0,65.351431965885,25.628012535641176,30.708341555701
Nikon,D750,975,1600,1147.0,66.376559360664,26.030023278691765,30.771735264102
Nikon,D750,975,1600,1147.0,67.401686755443,26.43203402174235,30.83408158086
Nikon,D750,975,1600,1147.0,68.426814150222,26.834044764792942,30.895412514334
Nikon,D750,975,1600,1147.0,69.451941545001,27.23605550784353,30.955758633879
Nikon,D750,975,1600,1147.0,70.47706893978,27.638066250894116,31.015149154796
Nikon,D750,975,1600,1147.0,71.502196334559,28.04007699394471,31.073612017106
Nikon,D750,975,1600,1147.0,72.527323729338,28.44208773699529,31.131173958682
Nikon,D750,975,1600,1147.0,73.552451124117,28.844098480045883,31.187860583207
Nikon,D750,975,1600,1147.0,74.577578518896,29.24610922309647,31.243696423401
Nikon,D750,975,1600,1147.0,75.602705913675,29.648119966147057,31.298704999905
Nikon,D750,975,1600,1147.0,76.627833308454,30.05013070919765,31.352908876168
Nikon,D750,975,1600,1147.0,77.652960703233,30.452141452248238,31.406329709667
Nikon,D750,975,1600,1147.0,78.678088098012,30.854152195298823,31.458988299749
Nikon,D750,975,1600,1147.0,79.703215492791,31.256162938349412,31.510904632347
Nikon,D750,975,1600,1147.0,80.72834288757,31.658173681399997,31.562097921834
Nikon,D750,975,1600,1147.0,81.753470282349,32.06018442445059,31.61258665021
Nikon,D750,975,1600,1147.0,82.778597677128,32.46219516750118,31.662388603833
Nikon,D750,975,1600,1147.0,83.803725071907,32.86420591055176,31.711520907884
Nikon,D750,975,1600,1147.0,84.828852466686,33.266216653602356,31.760000058714
Nikon,D750,975,1600,1147.0,85.853979861465,33.668227396652945,31.807841954244
Nikon,D750,975,1600,1147.0,86.879107256244,34.07023813970353,31.855061922545
Nikon,D750,975,1600,1147.0,87.904234651023,34.47224888275412,31.901674748737
Nikon,D750,975,1600,1147.0,88.929362045802,34.874259625804704,31.947694700316
Nikon,D750,975,1600,1147.0,89.954489440581,35.27627036885529,31.993135551022
Nikon,D750,975,1600,1147.0,90.97961683536,35.67828111190588,32.038010603347
Nikon,D750,975,1600,1147.0,92.004744230139,36.08029185495647,32.08233270978
Nikon,D750,975,1600,1147.0,93.029871624918,36.48230259800706,32.126114292858
Nikon,D750,975,1600,1147.0,94.054999019697,36.88431334105765,32.169367364122
Nikon,D750,975,1600,1147.0,95.080126414476,37.28632408410824,32.212103542036
Nikon,D750,975,1600,1147.0,96.105253809255,37.688334827158826,32.254334068938
Nikon,D750,975,1600,1147.0,97.130381204034,38.09034557020941,32.296069827096
Nikon,D750,975,1600,1147.0,98.155508598813,38.492356313260004,32.3373213539
Nikon,D750,975,1600,1147.0,99.180635993592,38.89436705631059,32.378098856281
Nikon,D750,975,1600,1147.0,100.20576338837,39.29637779936079,32.418412224369
Nikon,D750,975,1600,1147.0,101.23089078315,39.69838854241176,32.458271044459
Nikon,D750,975,1600,1147.0,102.25601817793,40.10039928546274,32.497684611319
Nikon,D750,975,1600,1147.0,103.28114557271,40.50241002851372,32.536661939886
Nikon,D750,975,1600,1147.0,104.30627296749,40.90442077156471,32.575211776372
Nikon,D750,975,1600,1147.0,105.33140036227,41.30643151461569,32.613342608832
Nikon,D750,975,1600,1147.0,106.35652775705,41.70844225766667,32.651062677215
Nikon,D750,975,1600,1147.0,107.38165515182,42.110453000713726,32.68837998293
Nikon,D750,975,1600,1147.0,108.4067825466,42.512463743764705,32.725302297959
Nikon,D750,975,1600,1147.0,109.43190994138,42.914474486815685,32.761837173533
Nikon,D750,975,1600,1147.0,110.45703733616,43.316485229866664,32.797991948407
Nikon,D750,975,1600,1147.0,111.48216473094,43.71849597291765,32.833773756749
Nikon,D750,975,1600,1147.0,112.50729212572,44.120506715968624,32.869189535664
Nikon,D750,975,1600,1147.0,113.5324195205,44.5225174590196,32.904246032381
Nikon,D750,975,1600,1147.0,114.55754691528,44.92452820207059,32.938949811111
Nikon,D750,975,1600,1147.0,115.58267431006,45.32653894512157,32.973307259598
Nikon,D750,975,1600,1147.0,116.60780170484,45.72854968817255,33.00732459538
Nikon,D750,975,1600,1147.0,117.63292909961,46.13056043121961,33.041007871779
Nikon,D750,975,1600,1147.0,118.65805649439,46.532571174270586,33.074362983623
Nikon,D750,975,1600,1147.0,119.68318388917,46.934581917321566,33.107395672726
Nikon,D750,975,1600,1147.0,120.70831128395,47.336592660372546,33.140111533131
Nikon,D750,975,1600,1147.0,121.73343867873,47.73860340342353,33.172516016131
Nikon,D750,975,1600,1147.0,122.75856607351,48.14061414647451,33.204614435078
Nikon,D750,975,1600,1147.0,123.78369346829,48.542624889525484,33.236411969994
Nikon,D750,975,1600,1147.0,124.80882086307,48.94463563257647,33.267913671986
Nikon,D750,975,1600,1147.0,125.83394825785,49.34664637562745,33.299124467483
Nikon,D750,975,1600,1147.0,126.85907565263,49.74865711867843,33.330049162303
Nikon,D750,975,1600,1147.0,127.8842030474,50.150667861725495,33.360692445547
Nikon,D750,975,1600,1147.0,128.90933044218,50.55267860477647,33.391058893347
Nikon,D750,975,1600,1147.0,129.93445783696,50.954689347827454,33.421152972458
Nikon,D750,975,1600,1147.0,130.95958523174,51.35670009087843,33.450979043713
Nikon,D750,975,1600,1147.0,131.98471262652,51.75871083392941,33.480541365338
Nikon,D750,975,1600,1147.0,133.0098400213,52.160721576980386,33.509844096143
Nikon,D750,975,1600,1147.0,134.03496741608,52.56273232003138,33.538891298585
Nikon,D750,975,1600,1147.0,135.06009481086,52.96474306308235,33.56768694172
Nikon,D750,975,1600,1147.0,136.08522220564,53.36675380613334,33.596234904036
Nikon,D750,975,1600,1147.0,137.11034960042,53.76876454918431,33.624538976185
Nikon,D750,975,1600,1147.0,138.13547699519,54.170775292231376,33.652602863613
Nikon,D750,975,1600,1147.0,139.16060438997,54.57278603528235,33.680430189084
Nikon,D750,975,1600,1147.0,140.18573178475,54.974796778333335,33.708024495124
Nikon,D750,975,1600,1147.0,141.21085917953,55.37680752138431,33.735389246363
Nikon,D750,975,1600,1147.0,142.23598657431,55.778818264435294,33.762527831802
Nikon,D750,975,1600,1147.0,143.26111396909,56.18082900748627,33.789443566992
Nikon,D750,975,1600,1147.0,144.28624136387,56.58283975053726,33.816139696137
Nikon,D750,975,1600,1147.0,145.31136875865,56.98485049358823,33.842619394125
Nikon,D750,975,1600,1147.0,146.33649615343,57.38686123663922,33.86888576848
Nikon,D750,975,1600,1147.0,147.3616235482,57.78887197968628,33.894941861256
Nikon,D750,975,1600,1147.0,148.38675094298,58.19088272273726,33.920790650854
Nikon,D750,975,1600,1147.0,149.41187833776,58.59289346578823,33.946435053787
Nikon,D750,975,1600,1147.0,150.43700573254,58.994904208839216,33.971877926374
Nikon,D750,975,1600,1147.0,151.46213312732,59.39691495189019,33.997122066387
Nikon,D750,975,1600,1147.0,152.4872605221,59.798925694941175,34.022170214631
Nikon,D750,975,1600,1147.0,153.51238791688,60.20093643799215,34.047025056481
Nikon,D750,975,1600,1147.0,154.53751531166,60.60294718104314,34.071689223362
Nikon,D750,975,1600,1147.0,155.56264270644,61.004957924094114,34.09616529418
Nikon,D750,975,1600,1147.0,156.58777010122,61.4069686671451,34.120455796707
Nikon,D750,975,1600,1147.0,157.61289749599,61.808979410192165,34.144563208924
Nikon,D750,975,1600,1147.0,158.63802489077,62.21099015324314,34.168489960313
Nikon,D750,975,1600,1147.0,159.66315228555,62.613000896294125,34.192238433113
Nikon,D750,975,1600,1147.0,160.68827968033,63.0150116393451,34.215810963534
Nikon,D750,975,1600,1147.0,161.71340707511,63.417022382396084,34.239209842932
Nikon,D750,975,1600,1147.0,162.73853446989,63.819033125447056,34.262437318947
Nikon,D750,975,1600,1147.0,163.76366186467,64.22104386849804,34.285495596604
Nikon,D750,975,1600,1147.0,164.78878925945,64.62305461154902,34.308386839385
Nikon,D750,975,1600,1147.0,165.81391665423,65.0250653546,34.331113170256
Nikon,D750,975,1600,1147.0,166.83904404901,65.42707609765098,34.353676672676
Nikon,D750,975,1600,1147.0,167.86417144378,65.82908684069805,34.376079391566
Nikon,D750,975,1600,1147.0,168.88929883856,66.23109758374902,34.398323334249
Nikon,D750,975,1600,1147.0,169.91442623334,66.6331083268,34.42041047137
Nikon,D750,975,1600,1147.0,170.93955362812,67.03511906985098,34.442342737772
Nikon,D750,975,1600,1147.0,171.9646810229,67.43712981290196,34.464122033364
Nikon,D750,975,1600,1147.0,172.98980841768,67.83914055595294,34.485750223949
Nikon,D750,975,1600,1147.0,174.01493581246,68.24115129900392,34.507229142038
Nikon,D750,975,1600,1147.0,175.04006320724,68.6431620420549,34.528560587629
Nikon,D750,975,1600,1147.0,176.06519060202,69.04517278510589,34.549746328974
Nikon,D750,975,1600,1147.0,177.0903179968,69.44718352815687,34.570788103317
Nikon,D750,975,1600,1147.0,178.11544539157,69.84919427120393,34.591687617612
Nikon,D750,975,1600,1147.0,179.14057278635,70.25120501425491,34.612446549223
Nikon,D750,975,1600,1147.0,180.16570018113,70.65321575730589,34.633066546597
Nikon,D750,975,1600,1147.0,181.19082757591,71.05522650035687,34.65354922993
Nikon,D750,975,1600,1147.0,182.21595497069,71.45723724340785,34.6738961918
Nikon,D750,975,1600,1147.0,183.24108236547,71.85924798645883,34.694108997794
Nikon,D750,975,1600,1147.0,184.26620976025,72.2612587295098,34.714189187107
Nikon,D750,975,1600,1147.0,185.29133715503,72.66326947256077,34.734138273135
Nikon,D750,975,1600,1147.0,186.31646454981,73.06528021561178,34.753957744045
Nikon,D750,975,1600,1147.0,187.34159194459,73.46729095866274,34.773649063329
Nikon,D750,975,1600,1147.0,188.36671933936,73.8693017017098,34.793213670345
Nikon,D750,975,1600,1147.0,189.39184673414,74.27131244476078,34.812652980846
Nikon,D750,975,1600,1147.0,190.41697412892,74.67332318781177,34.831968387485
Nikon,D750,975,1600,1147.0,191.4421015237,75.07533393086274,34.85116126032
Nikon,D750,975,1600,1147.0,192.46722891848,75.47734467391372,34.870232947295
Nikon,D750,975,1600,1147.0,193.49235631326,75.8793554169647,34.889184774709
Nikon,D750,975,1600,1147.0,194.51748370804,76.28136616001568,34.908018047682
Nikon,D750,975,1600,1147.0,195.54261110282,76.68337690306666,34.926734050594
Nikon,D750,975,1600,1147.0,196.5677384976,77.08538764611765,34.945334047525
Nikon,D750,975,1600,1147.0,197.59286589238,77.48739838916863,34.963819282681
Nikon,D750,975,1600,1147.0,198.61799328715,77.88940913221568,34.982190980799
Nikon,D750,975,1600,1147.0,199.64312068193,78.29141987526667,35.000450347558
Nikon,D750,975,1600,1147.0,200.66824807671,78.69343061831765,35.018598569965
Nikon,D750,975,1600,1147.0,201.69337547149,79.09544136136863,35.03663681674
Nikon,D750,975,1600,1147.0,202.71850286627,79.49745210441961,35.054566238685
Nikon,D750,975,1600,1147.0,203.74363026105,79.89946284747059,35.072387969052
Nikon,D750,975,1600,1147.0,204.76875765583,80.30147359052157,35.090103123891
Nikon,D750,975,1600,1147.0,205.79388505061,80.70348433357253,35.107712802398
Nikon,D750,975,1600,1147.0,206.81901244539,81.10549507662354,35.125218087251
Nikon,D750,975,1600,1147.0,207.84413984017,81.5075058196745,35.142620044937
Nikon,D750,975,1600,1147.0,208.86926723494,81.90951656272156,35.159919726073
Nikon,D750,975,1600,1147.0,209.89439462972,82.31152730577256,35.177118165714
Nikon,D750,975,1600,1147.0,210.9195220245,82.71353804882354,35.194216383665
Nikon,D750,975,1600,1147.0,211.94464941928,83.11554879187452,35.21121538477
Nikon,D750,975,1600,1147.0,212.96977681406,83.5175595349255,35.228116159206
Nikon,D750,975,1600,1147.0,213.99490420884,83.91957027797648,35.244919682765
Nikon,D750,975,1600,1147.0,215.02003160362,84.32158102102744,35.26162691713
Nikon,D750,975,1600,1147.0,216.0451589984,84.72359176407844,35.278238810143
Nikon,D750,975,1600,1147.0,217.07028639318,85.12560250712941,35.294756296071
Nikon,D750,975,1600,1147.0,218.09541378796,85.5276132501804,35.311180295859
Nikon,D750,975,1600,1147.0,219.12054118273,85.92962399322744,35.327511717384
Nikon,D750,975,1600,1147.0,220.14566857751,86.33163473627845,35.343751455699
Nikon,D750,975,1600,1147.0,221.17079597229,86.73364547932941,35.359900393271
Nikon,D750,975,1600,1147.0,222.19592336707,87.13565622238039,35.375959400216
Nikon,D750,975,1600,1147.0,223.22105076185,87.53766696543137,35.391929334527
Nikon,D750,975,1600,1147.0,224.24617815663,87.93967770848235,35.407811042295
Nikon,D750,975,1600,1147.0,225.27130555141,88.34168845153333,35.423605357931
Nikon,D750,975,1600,1147.0,226.29643294619,88.74369919458431,35.439313104374
Nikon,D750,975,1600,1147.0,227.32156034097,89.14570993763529,35.454935093306
Nikon,D750,975,1600,1147.0,228.34668773575,89.54772068068628,35.470472125346
Nikon,D750,975,1600,1147.0,229.37181513052,89.94973142373333,35.485924990258
Nikon,D750,975,1600,1147.0,230.3969425253,90.35174216678432,35.501294467139
Nikon,D750,975,1600,1147.0,231.42206992008,90.7537529098353,35.516581324613
Nikon,D750,975,1600,1147.0,232.44719731486,91.15576365288628,35.531786321015
Nikon,D750,975,1600,1147.0,233.47232470964,91.55777439593726,35.546910204573
Nikon,D750,975,1600,1147.0,234.49745210442,91.95978513898824,35.561953713587
Nikon,D750,975,1600,1147.0,235.5225794992,92.36179588203922,35.576917576599
Nikon,D750,975,1600,1147.0,236.54770689398,92.7638066250902,35.59180251257
Nikon,D750,975,1600,1147.0,237.57283428876,93.16581736814116,35.606609231039
Nikon,D750,975,1600,1147.0,238.59796168354,93.56782811119217,35.621338432293
Nikon,D750,975,1600,1147.0,239.62308907831,93.96983885423921,35.635990807517
Nikon,D750,975,1600,1147.0,240.64821647309,94.3718495972902,35.650567038962
Nikon,D750,975,1600,1147.0,241.67334386787,94.77386034034117,35.665067800087
Nikon,D750,975,1600,1147.0,242.69847126265,95.17587108339217,35.679493755713
Nikon,D750,975,1600,1147.0,243.72359865743,95.57788182644313,35.693845562169
Nikon,D750,975,1600,1147.0,244.74872605221,95.97989256949411,35.708123867436
Nikon,D750,975,1600,1147.0,245.77385344699,96.38190331254509,35.722329311285
Nikon,D750,975,1600,1147.0,246.79898084177,96.78391405559607,35.736462525415
Nikon,D750,975,1600,1147.0,247.82410823655,97.18592479864705,35.750524133587
Nikon,D750,975,1600,1147.0,248.84923563133,97.58793554169804,35.764514751758
Nikon,D750,975,1600,1147.0,249.8743630261,97.9899462847451,35.778434988206
Nikon,D750,975,1600,1147.0,250.89949042088,98.39195702779607,35.792285443661
Nikon,D750,975,1600,1147.0,251.92461781566,98.79396777084708,35.806066711421
Nikon,D750,975,1600,1147.0,252.94974521044,99.19597851389804,35.819779377483
Nikon,D750,975,1600,1147.0,253.97487260522,99.59798925694902,35.833424020655
Nikon,D750,975,1600,1147.0,255,100.0,35.847001212672
Nikon,D750,975,3200,2332.0,0.33028442726289,0.12952330480897645,0
Nikon,D750,975,3200,2332.0,0.6284709393875,0.24645919191666668,4.50278408627
Nikon,D750,975,3200,2332.0,1.2827330421939,0.5030325655662353,8.9814112878713
Nikon,D750,975,3200,2332.0,2.7352609053088,1.0726513354152156,13.187313764457
Nikon,D750,975,3200,2332.0,3.8437882791448,1.5073679526058041,14.931563054851
Nikon,D750,975,3200,2332.0,4.8689156739238,1.909378695656392,16.10255869905
Nikon,D750,975,3200,2332.0,5.8940430687028,2.31138943870698,17.028290711989
Nikon,D750,975,3200,2332.0,6.9191704634818,2.7134001817575686,17.792786847228
Nikon,D750,975,3200,2332.0,7.9442978582608,3.115410924808157,18.443398183399
Nikon,D750,975,3200,2332.0,8.9694252530398,3.5174216678587453,19.009373695938
Nikon,D750,975,3200,2332.0,9.9945526478188,3.9194324109093333,19.510019343121
Nikon,D750,975,3200,2332.0,11.019680042598,4.32144315396,19.958734436827
Nikon,D750,975,3200,2332.0,12.044807437377,4.723453897010589,20.36519230493
Nikon,D750,975,3200,2332.0,13.069934832156,5.125464640061176,20.736601434751
Nikon,D750,975,3200,2332.0,14.095062226935,5.5274753831117645,21.078475569426
Nikon,D750,975,3200,2332.0,15.120189621714,5.929486126162352,21.395125320912
Nikon,D750,975,3200,2332.0,16.145317016493,6.331496869212941,21.689983845394
Nikon,D750,975,3200,2332.0,17.170444411272,6.73350761226353,21.965829462995
Nikon,D750,975,3200,2332.0,18.195571806051,7.135518355314117,22.224941981088
Nikon,D750,975,3200,2332.0,19.22069920083,7.537529098364707,22.469215055805
Nikon,D750,975,3200,2332.0,20.245826595609,7.939539841415294,22.700238622349
Nikon,D750,975,3200,2332.0,21.270953990388,8.341550584465883,22.919360468718
Nikon,D750,975,3200,2332.0,22.296081385167,8.74356132751647,23.127732974625
Nikon,D750,975,3200,2332.0,23.321208779946,9.14557207056706,23.326349103663
Nikon,D750,975,3200,2332.0,24.346336174725,9.547582813617646,23.51607048113
Nikon,D750,975,3200,2332.0,25.371463569504,9.949593556668237,23.697649556284
Nikon,D750,975,3200,2332.0,26.396590964283,10.351604299718824,23.871747283003
Nikon,D750,975,3200,2332.0,27.421718359062,10.753615042769413,24.038947363354
Nikon,D750,975,3200,2332.0,28.446845753841,11.15562578582,24.199767825296
Nikon,D750,975,3200,2332.0,29.47197314862,11.557636528870589,24.354670511299
Nikon,D750,975,3200,2332.0,30.497100543399,11.959647271921177,24.504068914177
Nikon,D750,975,3200,2332.0,31.522227938178,12.361658014971765,24.648334693786
Nikon,D750,975,3200,2332.0,32.547355332957,12.763668758022352,24.787803132243
Nikon,D750,975,3200,2332.0,33.572482727736,13.16567950107294,24.92277772849
Nikon,D750,975,3200,2332.0,34.597610122515,13.56769024412353,25.053534090083
Nikon,D750,975,3200,2332.0,35.622737517294,13.969700987174116,25.180323247298
Nikon,D750,975,3200,2332.0,36.647864912073,14.371711730224703,25.303374489448
Nikon,D750,975,3200,2332.0,37.672992306852,14.773722473275294,25.422897803716
Nikon,D750,975,3200,2332.0,38.698119701631,15.175733216325881,25.539085981494
Nikon,D750,975,3200,2332.0,39.72324709641,15.57774395937647,25.652116445157
Nikon,D750,975,3200,2332.0,40.748374491189,15.979754702427057,25.762152838633
Nikon,D750,975,3200,2332.0,41.773501885968,16.381765445477647,25.869346417486
Nikon,D750,975,3200,2332.0,42.798629280747,16.783776188528236,25.973837268066
Nikon,D750,975,3200,2332.0,43.823756675526,17.18578693157882,26.07575538035
Nikon,D750,975,3200,2332.0,44.848884070305,17.58779767462941,26.175221595034
Nikon,D750,975,3200,2332.0,45.874011465084,17.98980841768,26.272348442155
Nikon,D750,975,3200,2332.0,46.899138859863,18.391819160730588,26.367240885813
Nikon,D750,975,3200,2332.0,47.924266254642,18.793829903781177,26.459996987323
Nikon,D750,975,3200,2332.0,48.949393649421,19.195840646831762,26.550708497304
Nikon,D750,975,3200,2332.0,49.9745210442,19.597851389882354,26.639461385618
Nikon,D750,975,3200,2332.0,50.999648438979,19.99986213293294,26.726336316859
Nikon,D750,975,3200,2332.0,52.024775833758,20.40187287598353,26.811409077937
Nikon,D750,975,3200,2332.0,53.049903228537,20.803883619034117,26.894750963462
Nikon,D750,975,3200,2332.0,54.075030623316,21.205894362084706,26.976429123799
Nikon,D750,975,3200,2332.0,55.100158018095,21.607905105135295,27.056506880075
Nikon,D750,975,3200,2332.0,56.125285412874,22.009915848185884,27.135044009815
Nikon,D750,975,3200,2332.0,57.150412807653,22.41192659123647,27.212097006442
Nikon,D750,975,3200,2332.0,58.175540202432,22.81393733428706,27.287719315452
Nikon,D750,975,3200,2332.0,59.200667597211,23.215948077337647,27.361961549744
Nikon,D750,975,3200,2332.0,60.22579499199,23.617958820388235,27.434871686258
Nikon,D750,975,3200,2332.0,61.250922386769,24.019969563438824,27.506495245855
Nikon,D750,975,3200,2332.0,62.276049781548,24.42198030648941,27.576875458109
Nikon,D750,975,3200,2332.0,63.301177176327,24.823991049540002,27.646053412507
Nikon,D750,975,3200,2332.0,64.326304571106,25.226001792590587,27.714068197384
Nikon,D750,975,3200,2332.0,65.351431965885,25.628012535641176,27.780957027766
Nikon,D750,975,3200,2332.0,66.376559360664,26.030023278691765,27.846755363166
Nikon,D750,975,3200,2332.0,67.401686755443,26.43203402174235,27.911497016263
Nikon,D750,975,3200,2332.0,68.426814150222,26.834044764792942,27.975214253304
Nikon,D750,975,3200,2332.0,69.451941545001,27.23605550784353,28.037937886972
Nikon,D750,975,3200,2332.0,70.47706893978,27.638066250894116,28.099697362382
Nikon,D750,975,3200,2332.0,71.502196334559,28.04007699394471,28.160520836813
Nikon,D750,975,3200,2332.0,72.527323729338,28.44208773699529,28.220435253717
Nikon,D750,975,3200,2332.0,73.552451124117,28.844098480045883,28.279466411484
Nikon,D750,975,3200,2332.0,74.577578518896,29.24610922309647,28.337639027406
Nikon,D750,975,3200,2332.0,75.602705913675,29.648119966147057,28.39497679724
Nikon,D750,975,3200,2332.0,76.627833308454,30.05013070919765,28.451502450722
Nikon,D750,975,3200,2332.0,77.652960703233,30.452141452248238,28.507237803362
Nikon,D750,975,3200,2332.0,78.678088098012,30.854152195298823,28.562203804817
Nikon,D750,975,3200,2332.0,79.703215492791,31.256162938349412,28.616420584099
Nikon,D750,975,3200,2332.0,80.72834288757,31.658173681399997,28.669907491884
Nikon,D750,975,3200,2332.0,81.753470282349,32.06018442445059,28.722683140113
Nikon,D750,975,3200,2332.0,82.778597677128,32.46219516750118,28.774765439119
Nikon,D750,975,3200,2332.0,83.803725071907,32.86420591055176,28.826171632449
Nikon,D750,975,3200,2332.0,84.828852466686,33.266216653602356,28.876918329545
Nikon,D750,975,3200,2332.0,85.853979861465,33.668227396652945,28.927021536456
Nikon,D750,975,3200,2332.0,86.879107256244,34.07023813970353,28.976496684709
Nikon,D750,975,3200,2332.0,87.904234651023,34.47224888275412,29.025358658471
Nikon,D750,975,3200,2332.0,88.929362045802,34.874259625804704,29.073621820133
Nikon,D750,975,3200,2332.0,89.954489440581,35.27627036885529,29.121300034409
Nikon,D750,975,3200,2332.0,90.97961683536,35.67828111190588,29.168406691061
Nikon,D750,975,3200,2332.0,92.004744230139,36.08029185495647,29.214954726347
Nikon,D750,975,3200,2332.0,93.029871624918,36.48230259800706,29.260956643262
Nikon,D750,975,3200,2332.0,94.054999019697,36.88431334105765,29.306424530676
Nikon,D750,975,3200,2332.0,95.080126414476,37.28632408410824,29.351370081412
Nikon,D750,975,3200,2332.0,96.105253809255,37.688334827158826,29.395804609361
Nikon,D750,975,3200,2332.0,97.130381204034,38.09034557020941,29.439739065672
Nikon,D750,975,3200,2332.0,98.155508598813,38.492356313260004,29.483184054098
Nikon,D750,975,3200,2332.0,99.180635993592,38.89436705631059,29.526149845526
Nikon,D750,975,3200,2332.0,100.20576338837,39.29637779936079,29.568646391764
Nikon,D750,975,3200,2332.0,101.23089078315,39.69838854241176,29.610683338624
Nikon,D750,975,3200,2332.0,102.25601817793,40.10039928546274,29.652270038328
Nikon,D750,975,3200,2332.0,103.28114557271,40.50241002851372,29.69341556131
Nikon,D750,975,3200,2332.0,104.30627296749,40.90442077156471,29.734128707413
Nikon,D750,975,3200,2332.0,105.33140036227,41.30643151461569,29.774418016549
Nikon,D750,975,3200,2332.0,106.35652775705,41.70844225766667,29.814291778833
Nikon,D750,975,3200,2332.0,107.38165515182,42.110453000713726,29.853758044226
Nikon,D750,975,3200,2332.0,108.4067825466,42.512463743764705,29.892824631723
Nikon,D750,975,3200,2332.0,109.43190994138,42.914474486815685,29.931499138103
Nikon,D750,975,3200,2332.0,110.45703733616,43.316485229866664,29.969788946266
Nikon,D750,975,3200,2332.0,111.48216473094,43.71849597291765,30.007701233187
Nikon,D750,975,3200,2332.0,112.50729212572,44.120506715968624,30.0452429775
Nikon,D750,975,3200,2332.0,113.5324195205,44.5225174590196,30.082420966741
Nikon,D750,975,3200,2332.0,114.55754691528,44.92452820207059,30.119241804257
Nikon,D750,975,3200,2332.0,115.58267431006,45.32653894512157,30.155711915808
Nikon,D750,975,3200,2332.0,116.60780170484,45.72854968817255,30.191837555882
Nikon,D750,975,3200,2332.0,117.63292909961,46.13056043121961,30.227624813721
Nikon,D750,975,3200,2332.0,118.65805649439,46.532571174270586,30.263079619093
Nikon,D750,975,3200,2332.0,119.68318388917,46.934581917321566,30.298207747807
Nikon,D750,975,3200,2332.0,120.70831128395,47.336592660372546,30.333014827001
Nikon,D750,975,3200,2332.0,121.73343867873,47.73860340342353,30.367506340196
Nikon,D750,975,3200,2332.0,122.75856607351,48.14061414647451,30.40168763214
Nikon,D750,975,3200,2332.0,123.78369346829,48.542624889525484,30.435563913454
Nikon,D750,975,3200,2332.0,124.80882086307,48.94463563257647,30.469140265076
Nikon,D750,975,3200,2332.0,125.83394825785,49.34664637562745,30.502421642532
Nikon,D750,975,3200,2332.0,126.85907565263,49.74865711867843,30.535412880025
Nikon,D750,975,3200,2332.0,127.8842030474,50.150667861725495,30.568118694366
Nikon,D750,975,3200,2332.0,128.90933044218,50.55267860477647,30.60054368874
Nikon,D750,975,3200,2332.0,129.93445783696,50.954689347827454,30.632692356325
Nikon,D750,975,3200,2332.0,130.95958523174,51.35670009087843,30.664569083772
Nikon,D750,975,3200,2332.0,131.98471262652,51.75871083392941,30.696178154541
Nikon,D750,975,3200,2332.0,133.0098400213,52.160721576980386,30.727523752112
Nikon,D750,975,3200,2332.0,134.03496741608,52.56273232003138,30.758609963075
Nikon,D750,975,3200,2332.0,135.06009481086,52.96474306308235,30.789440780093
Nikon,D750,975,3200,2332.0,136.08522220564,53.36675380613334,30.82002010476
Nikon,D750,975,3200,2332.0,137.11034960042,53.76876454918431,30.850351750348
Nikon,D750,975,3200,2332.0,138.13547699519,54.170775292231376,30.880439444455
Nikon,D750,975,3200,2332.0,139.16060438997,54.57278603528235,30.910286831545
Nikon,D750,975,3200,2332.0,140.18573178475,54.974796778333335,30.939897475408
Nikon,D750,975,3200,2332.0,141.21085917953,55.37680752138431,30.969274861516
Nikon,D750,975,3200,2332.0,142.23598657431,55.778818264435294,30.998422399305
Nikon,D750,975,3200,2332.0,143.26111396909,56.18082900748627,31.02734342437
Nikon,D750,975,3200,2332.0,144.28624136387,56.58283975053726,31.056041200576
Nikon,D750,975,3200,2332.0,145.31136875865,56.98485049358823,31.084518922106
Nikon,D750,975,3200,2332.0,146.33649615343,57.38686123663922,31.112779715423
Nikon,D750,975,3200,2332.0,147.3616235482,57.78887197968628,31.140826641177
Nikon,D750,975,3200,2332.0,148.38675094298,58.19088272273726,31.168662696032
Nikon,D750,975,3200,2332.0,149.41187833776,58.59289346578823,31.19629081444
Nikon,D750,975,3200,2332.0,150.43700573254,58.994904208839216,31.22371387035
Nikon,D750,975,3200,2332.0,151.46213312732,59.39691495189019,31.250934678859
Nikon,D750,975,3200,2332.0,152.4872605221,59.798925694941175,31.277955997807
Nikon,D750,975,3200,2332.0,153.51238791688,60.20093643799215,31.304780529318
Nikon,D750,975,3200,2332.0,154.53751531166,60.60294718104314,31.331410921293
Nikon,D750,975,3200,2332.0,155.56264270644,61.004957924094114,31.357849768844
Nikon,D750,975,3200,2332.0,156.58777010122,61.4069686671451,31.384099615696
Nikon,D750,975,3200,2332.0,157.61289749599,61.808979410192165,31.410162955526
Nikon,D750,975,3200,2332.0,158.63802489077,62.21099015324314,31.436042233273
Nikon,D750,975,3200,2332.0,159.66315228555,62.613000896294125,31.461739846394
Nikon,D750,975,3200,2332.0,160.68827968033,63.0150116393451,31.487258146088
Nikon,D750,975,3200,2332.0,161.71340707511,63.417022382396084,31.512599438478
Nikon,D750,975,3200,2332.0,162.73853446989,63.819033125447056,31.537765985755
Nikon,D750,975,3200,2332.0,163.76366186467,64.22104386849804,31.562760007283
Nikon,D750,975,3200,2332.0,164.78878925945,64.62305461154902,31.587583680678
Nikon,D750,975,3200,2332.0,165.81391665423,65.0250653546,31.612239142844
Nikon,D750,975,3200,2332.0,166.83904404901,65.42707609765098,31.636728490982
Nikon,D750,975,3200,2332.0,167.86417144378,65.82908684069805,31.661053783568
Nikon,D750,975,3200,2332.0,168.88929883856,66.23109758374902,31.685217041298
Nikon,D750,975,3200,2332.0,169.91442623334,66.6331083268,31.70922024801
Nikon,D750,975,3200,2332.0,170.93955362812,67.03511906985098,31.733065351569
Nikon,D750,975,3200,2332.0,171.9646810229,67.43712981290196,31.756754264736
Nikon,D750,975,3200,2332.0,172.98980841768,67.83914055595294,31.780288866002
Nikon,D750,975,3200,2332.0,174.01493581246,68.24115129900392,31.803671000405
Nikon,D750,975,3200,2332.0,175.04006320724,68.6431620420549,31.826902480316
Nikon,D750,975,3200,2332.0,176.06519060202,69.04517278510589,31.849985086207
Nikon,D750,975,3200,2332.0,177.0903179968,69.44718352815687,31.872920567394
Nikon,D750,975,3200,2332.0,178.11544539157,69.84919427120393,31.895710642758
Nikon,D750,975,3200,2332.0,179.14057278635,70.25120501425491,31.918357001452
Nikon,D750,975,3200,2332.0,180.16570018113,70.65321575730589,31.940861303572
Nikon,D750,975,3200,2332.0,181.19082757591,71.05522650035687,31.963225180829
Nikon,D750,975,3200,2332.0,182.21595497069,71.45723724340785,31.985450237188
Nikon,D750,975,3200,2332.0,183.24108236547,71.85924798645883,32.007538049491
Nikon,D750,975,3200,2332.0,184.26620976025,72.2612587295098,32.029490168068
Nikon,D750,975,3200,2332.0,185.29133715503,72.66326947256077,32.051308117327
Nikon,D750,975,3200,2332.0,186.31646454981,73.06528021561178,32.072993396327
Nikon,D750,975,3200,2332.0,187.34159194459,73.46729095866274,32.094547479337
Nikon,D750,975,3200,2332.0,188.36671933936,73.8693017017098,32.115971816379
Nikon,D750,975,3200,2332.0,189.39184673414,74.27131244476078,32.137267833758
Nikon,D750,975,3200,2332.0,190.41697412892,74.67332318781177,32.158436934573
Nikon,D750,975,3200,2332.0,191.4421015237,75.07533393086274,32.17948049922
Nikon,D750,975,3200,2332.0,192.46722891848,75.47734467391372,32.200399885878
Nikon,D750,975,3200,2332.0,193.49235631326,75.8793554169647,32.221196430982
Nikon,D750,975,3200,2332.0,194.51748370804,76.28136616001568,32.241871449685
Nikon,D750,975,3200,2332.0,195.54261110282,76.68337690306666,32.262426236306
Nikon,D750,975,3200,2332.0,196.5677384976,77.08538764611765,32.282862064772
Nikon,D750,975,3200,2332.0,197.59286589238,77.48739838916863,32.303180189035
Nikon,D750,975,3200,2332.0,198.61799328715,77.88940913221568,32.323381843496
Nikon,D750,975,3200,2332.0,199.64312068193,78.29141987526667,32.343468243403
Nikon,D750,975,3200,2332.0,200.66824807671,78.69343061831765,32.363440585249
Nikon,D750,975,3200,2332.0,201.69337547149,79.09544136136863,32.383300047151
Nikon,D750,975,3200,2332.0,202.71850286627,79.49745210441961,32.403047789229
Nikon,D750,975,3200,2332.0,203.74363026105,79.89946284747059,32.422684953967
Nikon,D750,975,3200,2332.0,204.76875765583,80.30147359052157,32.442212666569
Nikon,D750,975,3200,2332.0,205.79388505061,80.70348433357253,32.461632035306
Nikon,D750,975,3200,2332.0,206.81901244539,81.10549507662354,32.480944151853
Nikon,D750,975,3200,2332.0,207.84413984017,81.5075058196745,32.50015009162
Nikon,D750,975,3200,2332.0,208.86926723494,81.90951656272156,32.519250914071
Nikon,D750,975,3200,2332.0,209.89439462972,82.31152730577256,32.538247663038
Nikon,D750,975,3200,2332.0,210.9195220245,82.71353804882354,32.557141367029
Nikon,D750,975,3200,2332.0,211.94464941928,83.11554879187452,32.575933039521
Nikon,D750,975,3200,2332.0,212.96977681406,83.5175595349255,32.594623679258
Nikon,D750,975,3200,2332.0,213.99490420884,83.91957027797648,32.613214270529
Nikon,D750,975,3200,2332.0,215.02003160362,84.32158102102744,32.631705783448
Nikon,D750,975,3200,2332.0,216.0451589984,84.72359176407844,32.650099174226
Nikon,D750,975,3200,2332.0,217.07028639318,85.12560250712941,32.66839538543
Nikon,D750,975,3200,2332.0,218.09541378796,85.5276132501804,32.686595346248
Nikon,D750,975,3200,2332.0,219.12054118273,85.92962399322744,32.704699972734
Nikon,D750,975,3200,2332.0,220.14566857751,86.33163473627845,32.722710168059
Nikon,D750,975,3200,2332.0,221.17079597229,86.73364547932941,32.740626822749
Nikon,D750,975,3200,2332.0,222.19592336707,87.13565622238039,32.75845081492
Nikon,D750,975,3200,2332.0,223.22105076185,87.53766696543137,32.776183010508
Nikon,D750,975,3200,2332.0,224.24617815663,87.93967770848235,32.79382426349
Nikon,D750,975,3200,2332.0,225.27130555141,88.34168845153333,32.811375416108
Nikon,D750,975,3200,2332.0,226.29643294619,88.74369919458431,32.828837299078
Nikon,D750,975,3200,2332.0,227.32156034097,89.14570993763529,32.846210731802
Nikon,D750,975,3200,2332.0,228.34668773575,89.54772068068628,32.863496522571
Nikon,D750,975,3200,2332.0,229.37181513052,89.94973142373333,32.880695468765
Nikon,D750,975,3200,2332.0,230.3969425253,90.35174216678432,32.897808357049
Nikon,D750,975,3200,2332.0,231.42206992008,90.7537529098353,32.914835963562
Nikon,D750,975,3200,2332.0,232.44719731486,91.15576365288628,32.931779054105
Nikon,D750,975,3200,2332.0,233.47232470964,91.55777439593726,32.948638384325
Nikon,D750,975,3200,2332.0,234.49745210442,91.95978513898824,32.96541469989
Nikon,D750,975,3200,2332.0,235.5225794992,92.36179588203922,32.982108736666
Nikon,D750,975,3200,2332.0,236.54770689398,92.7638066250902,32.99872122089
Nikon,D750,975,3200,2332.0,237.57283428876,93.16581736814116,33.01525286933
Nikon,D750,975,3200,2332.0,238.59796168354,93.56782811119217,33.031704389458
Nikon,D750,975,3200,2332.0,239.62308907831,93.96983885423921,33.0480764796
Nikon,D750,975,3200,2332.0,240.64821647309,94.3718495972902,33.064369829102
Nikon,D750,975,3200,2332.0,241.67334386787,94.77386034034117,33.080585118477
Nikon,D750,975,3200,2332.0,242.69847126265,95.17587108339217,33.096723019556
Nikon,D750,975,3200,2332.0,243.72359865743,95.57788182644313,33.112784195638
Nikon,D750,975,3200,2332.0,244.74872605221,95.97989256949411,33.128769301629
Nikon,D750,975,3200,2332.0,245.77385344699,96.38190331254509,33.144678984187
Nikon,D750,975,3200,2332.0,246.79898084177,96.78391405559607,33.160513881857
Nikon,D750,975,3200,2332.0,247.82410823655,97.18592479864705,33.176274625207
Nikon,D750,975,3200,2332.0,248.84923563133,97.58793554169804,33.19196183696
Nikon,D750,975,3200,2332.0,249.8743630261,97.9899462847451,33.207576132124
Nikon,D750,975,3200,2332.0,250.89949042088,98.39195702779607,33.223118118116
Nikon,D750,975,3200,2332.0,251.92461781566,98.79396777084708,33.238588394891
Nikon,D750,975,3200,2332.0,252.94974521044,99.19597851389804,33.253987555059
Nikon,D750,975,3200,2332.0,253.97487260522,99.59798925694902,33.269316184006
Nikon,D750,975,3200,2332.0,255,100.0,33.284574860012
Nikon,D750,975,6400,4804.0,0.6284709393875,0.24645919191666668,0
Nikon,D750,975,6400,4804.0,1.2827330421939,0.5030325655662353,4.8958603849615
Nikon,D750,975,6400,4804.0,2.7352609053088,1.0726513354152156,9.5001319131046
Nikon,D750,975,6400,4804.0,3.8437882791448,1.5073679526058041,11.387261810585
Nikon,D750,975,6400,4804.0,4.8689156739238,1.909378695656392,12.642640273931
Nikon,D750,975,6400,4804.0,5.8940430687028,2.31138943870698,13.628001974592
Nikon,D750,975,6400,4804.0,6.9191704634818,2.7134001817575686,14.43702540271
Nikon,D750,975,6400,4804.0,7.9442978582608,3.115410924808157,15.122271064246
Nikon,D750,975,6400,4804.0,8.9694252530398,3.5174216678587453,15.716047853898
Nikon,D750,975,6400,4804.0,9.9945526478188,3.9194324109093333,16.239577322048
Nikon,D750,975,6400,4804.0,11.019680042598,4.32144315396,16.707519321077
Nikon,D750,975,6400,4804.0,12.044807437377,4.723453897010589,17.130410650891
Nikon,D750,975,6400,4804.0,13.069934832156,5.125464640061176,17.516071151047
Nikon,D750,975,6400,4804.0,14.095062226935,5.5274753831117645,17.870459564491
Nikon,D750,975,6400,4804.0,15.120189621714,5.929486126162352,18.198218133288
Nikon,D750,975,6400,4804.0,16.145317016493,6.331496869212941,18.503032218131
Nikon,D750,975,6400,4804.0,17.170444411272,6.73350761226353,18.787875354519
Nikon,D750,975,6400,4804.0,18.195571806051,7.135518355314117,19.055180813283
Nikon,D750,975,6400,4804.0,19.22069920083,7.537529098364707,19.306964558406
Nikon,D750,975,6400,4804.0,20.245826595609,7.939539841415294,19.544915202277
Nikon,D750,975,6400,4804.0,21.270953990388,8.341550584465883,19.770461023781
Nikon,D750,975,6400,4804.0,22.296081385167,8.74356132751647,19.984820712603
Nikon,D750,975,6400,4804.0,23.321208779946,9.14557207056706,20.189042352817
Nikon,D750,975,6400,4804.0,24.346336174725,9.547582813617646,20.384033765528
Nikon,D750,975,6400,4804.0,25.371463569504,9.949593556668237,20.570586407225
Nikon,D750,975,6400,4804.0,26.396590964283,10.351604299718824,20.749394396455
Nikon,D750,975,6400,4804.0,27.421718359062,10.753615042769413,20.921069811857
Nikon,D750,975,6400,4804.0,28.446845753841,11.15562578582,21.086155103927
Nikon,D750,975,6400,4804.0,29.47197314862,11.557636528870589,21.245133249203
Nikon,D750,975,6400,4804.0,30.497100543399,11.959647271921177,21.398436121608
Nikon,D750,975,6400,4804.0,31.522227938178,12.361658014971765,21.546451443311
Nikon,D750,975,6400,4804.0,32.547355332957,12.763668758022352,21.689528594451
Nikon,D750,975,6400,4804.0,33.572482727736,13.16567950107294,21.827983499097
Nikon,D750,975,6400,4804.0,34.597610122515,13.56769024412353,21.962102758059
Nikon,D750,975,6400,4804.0,35.622737517294,13.969700987174116,22.092147163504
Nikon,D750,975,6400,4804.0,36.647864912073,14.371711730224703,22.218354703015
Nikon,D750,975,6400,4804.0,37.672992306852,14.773722473275294,22.340943139466
Nikon,D750,975,6400,4804.0,38.698119701631,15.175733216325881,22.460112236539
Nikon,D750,975,6400,4804.0,39.72324709641,15.57774395937647,22.576045686669
Nikon,D750,975,6400,4804.0,40.748374491189,15.979754702427057,22.688912787877
Nikon,D750,975,6400,4804.0,41.773501885968,16.381765445477647,22.798869907691
Nikon,D750,975,6400,4804.0,42.798629280747,16.783776188528236,22.906061765775
Nikon,D750,975,6400,4804.0,43.823756675526,17.18578693157882,23.010622561524
Nikon,D750,975,6400,4804.0,44.848884070305,17.58779767462941,23.112676968568
Nikon,D750,975,6400,4804.0,45.874011465084,17.98980841768,23.212341014579
Nikon,D750,975,6400,4804.0,46.899138859863,18.391819160730588,23.309722861883
Nikon,D750,975,6400,4804.0,47.924266254642,18.793829903781177,23.404923502003
Nikon,D750,975,6400,4804.0,48.949393649421,19.195840646831762,23.498037375247
Nikon,D750,975,6400,4804.0,49.9745210442,19.597851389882354,23.589152924855
Nikon,D750,975,6400,4804.0,50.999648438979,19.99986213293294,23.678353093806
Nikon,D750,975,6400,4804.0,52.024775833758,20.40187287598353,23.765715771266
Nikon,D750,975,6400,4804.0,53.049903228537,20.803883619034117,23.851314194675
Nikon,D750,975,6400,4804.0,54.075030623316,21.205894362084706,23.935217312648
Nikon,D750,975,6400,4804.0,55.100158018095,21.607905105135295,24.017490113192
Nikon,D750,975,6400,4804.0,56.125285412874,22.009915848185884,24.098193921137
Nikon,D750,975,6400,4804.0,57.150412807653,22.41192659123647,24.177386668175
Nikon,D750,975,6400,4804.0,58.175540202432,22.81393733428706,24.255123138487
Nikon,D750,975,6400,4804.0,59.200667597211,23.215948077337647,24.331455192549
Nikon,D750,975,6400,4804.0,60.22579499199,23.617958820388235,24.406431971403
Nikon,D750,975,6400,4804.0,61.250922386769,24.019969563438824,24.480100083413
Nikon,D750,975,6400,4804.0,62.276049781548,24.42198030648941,24.552503775259
Nikon,D750,975,6400,4804.0,63.301177176327,24.823991049540002,24.623685088754
Nikon,D750,975,6400,4804.0,64.326304571106,25.226001792590587,24.69368400486
Nikon,D750,975,6400,4804.0,65.351431965885,25.628012535641176,24.762538576148
Nikon,D750,975,6400,4804.0,66.376559360664,26.030023278691765,24.83028504878
Nikon,D750,975,6400,4804.0,67.401686755443,26.43203402174235,24.896957975007
Nikon,D750,975,6400,4804.0,68.426814150222,26.834044764792942,24.962590317046
Nikon,D750,975,6400,4804.0,69.451941545001,27.23605550784353,25.02721354312
Nikon,D750,975,6400,4804.0,70.47706893978,27.638066250894116,25.090857716352
Nikon,D750,975,6400,4804.0,71.502196334559,28.04007699394471,25.153551577157
Nikon,D750,975,6400,4804.0,72.527323729338,28.44208773699529,25.215322619678
Nikon,D750,975,6400,4804.0,73.552451124117,28.844098480045883,25.27619716278
Nikon,D750,975,6400,4804.0,74.577578518896,29.24610922309647,25.336200416069
Nikon,D750,975,6400,4804.0,75.602705913675,29.648119966147057,25.395356541334
Nikon,D750,975,6400,4804.0,76.627833308454,30.05013070919765,25.453688709803
Nikon,D750,975,6400,4804.0,77.652960703233,30.452141452248238,25.51121915553
Nikon,D750,975,6400,4804.0,78.678088098012,30.854152195298823,25.567969225251
Nikon,D750,975,6400,4804.0,79.703215492791,31.256162938349412,25.623959424951
Nikon,D750,975,6400,4804.0,80.72834288757,31.658173681399997,25.679209463435
Nikon,D750,975,6400,4804.0,81.753470282349,32.06018442445059,25.733738293098
Nikon,D750,975,6400,4804.0,82.778597677128,32.46219516750118,25.787564148135
Nikon,D750,975,6400,4804.0,83.803725071907,32.86420591055176,25.840704580357
Nikon,D750,975,6400,4804.0,84.828852466686,33.266216653602356,25.893176492815
Nikon,D750,975,6400,4804.0,85.853979861465,33.668227396652945,25.94499617137
Nikon,D750,975,6400,4804.0,86.879107256244,34.07023813970353,25.996179314369
Nikon,D750,975,6400,4804.0,87.904234651023,34.47224888275412,26.046741060561
Nikon,D750,975,6400,4804.0,88.929362045802,34.874259625804704,26.096696015371
Nikon,D750,975,6400,4804.0,89.954489440581,35.27627036885529,26.146058275656
Nikon,D750,975,6400,4804.0,90.97961683536,35.67828111190588,26.194841453034
Nikon,D750,975,6400,4804.0,92.004744230139,36.08029185495647,26.243058695899
Nikon,D750,975,6400,4804.0,93.029871624918,36.48230259800706,26.290722710194
Nikon,D750,975,6400,4804.0,94.054999019697,36.88431334105765,26.337845779041
Nikon,D750,975,6400,4804.0,95.080126414476,37.28632408410824,26.384439781284
Nikon,D750,975,6400,4804.0,96.105253809255,37.688334827158826,26.430516209041
Nikon,D750,975,6400,4804.0,97.130381204034,38.09034557020941,26.476086184299
Nikon,D750,975,6400,4804.0,98.155508598813,38.492356313260004,26.521160474638
Nikon,D750,975,6400,4804.0,99.180635993592,38.89436705631059,26.565749508127
Nikon,D750,975,6400,4804.0,100.20576338837,39.29637779936079,26.609863387447
Nikon,D750,975,6400,4804.0,101.23089078315,39.69838854241176,26.653511903279
Nikon,D750,975,6400,4804.0,102.25601817793,40.10039928546274,26.696704547024
Nikon,D750,975,6400,4804.0,103.28114557271,40.50241002851372,26.739450522871
Nikon,D750,975,6400,4804.0,104.30627296749,40.90442077156471,26.781758759269
Nikon,D750,975,6400,4804.0,105.33140036227,41.30643151461569,26.823637919826
Nikon,D750,975,6400,4804.0,106.35652775705,41.70844225766667,26.865096413682
Nikon,D750,975,6400,4804.0,107.38165515182,42.110453000713726,26.906142405374
Nikon,D750,975,6400,4804.0,108.4067825466,42.512463743764705,26.946783824229
Nikon,D750,975,6400,4804.0,109.43190994138,42.914474486815685,26.98702837331
Nikon,D750,975,6400,4804.0,110.45703733616,43.316485229866664,27.026883537945
Nikon,D750,975,6400,4804.0,111.48216473094,43.71849597291765,27.066356593852
Nikon,D750,975,6400,4804.0,112.50729212572,44.120506715968624,27.10545461489
Nikon,D750,975,6400,4804.0,113.5324195205,44.5225174590196,27.144184480457
Nikon,D750,975,6400,4804.0,114.55754691528,44.92452820207059,27.182552882555
Nikon,D750,975,6400,4804.0,115.58267431006,45.32653894512157,27.220566332528
Nikon,D750,975,6400,4804.0,116.60780170484,45.72854968817255,27.258231167508
Nikon,D750,975,6400,4804.0,117.63292909961,46.13056043121961,27.295553556575
Nikon,D750,975,6400,4804.0,118.65805649439,46.532571174270586,27.332539506642
Nikon,D750,975,6400,4804.0,119.68318388917,46.934581917321566,27.369194868093
Nikon,D750,975,6400,4804.0,120.70831128395,47.336592660372546,27.405525340168
Nikon,D750,975,6400,4804.0,121.73343867873,47.73860340342353,27.44153647613
Nikon,D750,975,6400,4804.0,122.75856607351,48.14061414647451,27.477233688201
Nikon,D750,975,6400,4804.0,123.78369346829,48.542624889525484,27.512622252303
Nikon,D750,975,6400,4804.0,124.80882086307,48.94463563257647,27.54770731259
Nikon,D750,975,6400,4804.0,125.83394825785,49.34664637562745,27.582493885805
Nikon,D750,975,6400,4804.0,126.85907565263,49.74865711867843,27.616986865447
Nikon,D750,975,6400,4804.0,127.8842030474,50.150667861725495,27.651191025777
Nikon,D750,975,6400,4804.0,128.90933044218,50.55267860477647,27.685111025659
Nikon,D750,975,6400,4804.0,129.93445783696,50.954689347827454,27.718751412251
Nikon,D750,975,6400,4804.0,130.95958523174,51.35670009087843,27.752116624542
Nikon,D750,975,6400,4804.0,131.98471262652,51.75871083392941,27.785210996763
Nikon,D750,975,6400,4804.0,133.0098400213,52.160721576980386,27.818038761647
Nikon,D750,975,6400,4804.0,134.03496741608,52.56273232003138,27.850604053584
Nikon,D750,975,6400,4804.0,135.06009481086,52.96474306308235,27.882910911635
Nikon,D750,975,6400,4804.0,136.08522220564,53.36675380613334,27.914963282443
Nikon,D750,975,6400,4804.0,137.11034960042,53.76876454918431,27.946765023032
Nikon,D750,975,6400,4804.0,138.13547699519,54.170775292231376,27.978319903498
Nikon,D750,975,6400,4804.0,139.16060438997,54.57278603528235,28.009631609601
Nikon,D750,975,6400,4804.0,140.18573178475,54.974796778333335,28.040703745261
Nikon,D750,975,6400,4804.0,141.21085917953,55.37680752138431,28.071539834966
Nikon,D750,975,6400,4804.0,142.23598657431,55.778818264435294,28.102143326085
Nikon,D750,975,6400,4804.0,143.26111396909,56.18082900748627,28.132517591102
Nikon,D750,975,6400,4804.0,144.28624136387,56.58283975053726,28.162665929771
Nikon,D750,975,6400,4804.0,145.31136875865,56.98485049358823,28.192591571191
Nikon,D750,975,6400,4804.0,146.33649615343,57.38686123663922,28.222297675806
Nikon,D750,975,6400,4804.0,147.3616235482,57.78887197968628,28.251787337343
Nikon,D750,975,6400,4804.0,148.38675094298,58.19088272273726,28.281063584669
Nikon,D750,975,6400,4804.0,149.41187833776,58.59289346578823,28.310129383599
Nikon,D750,975,6400,4804.0,150.43700573254,58.994904208839216,28.338987638627
Nikon,D750,975,6400,4804.0,151.46213312732,59.39691495189019,28.367641194609
Nikon,D750,975,6400,4804.0,152.4872605221,59.798925694941175,28.396092838382
Nikon,D750,975,6400,4804.0,153.51238791688,60.20093643799215,28.424345300333
Nikon,D750,975,6400,4804.0,154.53751531166,60.60294718104314,28.45240125591
Nikon,D750,975,6400,4804.0,155.56264270644,61.004957924094114,28.480263327089
Nikon,D750,975,6400,4804.0,156.58777010122,61.4069686671451,28.507934083787
Nikon,D750,975,6400,4804.0,157.61289749599,61.808979410192165,28.535416045234
Nikon,D750,975,6400,4804.0,158.63802489077,62.21099015324314,28.562711681292
Nikon,D750,975,6400,4804.0,159.66315228555,62.613000896294125,28.589823413741
Nikon,D750,975,6400,4804.0,160.68827968033,63.0150116393451,28.616753617517
Nikon,D750,975,6400,4804.0,161.71340707511,63.417022382396084,28.643504621911
Nikon,D750,975,6400,4804.0,162.73853446989,63.819033125447056,28.670078711733
Nikon,D750,975,6400,4804.0,163.76366186467,64.22104386849804,28.696478128438
Nikon,D750,975,6400,4804.0,164.78878925945,64.62305461154902,28.722705071212
Nikon,D750,975,6400,4804.0,165.81391665423,65.0250653546,28.748761698032
Nikon,D750,975,6400,4804.0,166.83904404901,65.42707609765098,28.774650126687
Nikon,D750,975,6400,4804.0,167.86417144378,65.82908684069805,28.800372435769
Nikon,D750,975,6400,4804.0,168.88929883856,66.23109758374902,28.825930665637
Nikon,D750,975,6400,4804.0,169.91442623334,66.6331083268,28.851326819345
Nikon,D750,975,6400,4804.0,170.93955362812,67.03511906985098,28.87656286355
Nikon,D750,975,6400,4804.0,171.9646810229,67.43712981290196,28.901640729385
Nikon,D750,975,6400,4804.0,172.98980841768,67.83914055595294,28.92656231331
Nikon,D750,975,6400,4804.0,174.01493581246,68.24115129900392,28.951329477938
Nikon,D750,975,6400,4804.0,175.04006320724,68.6431620420549,28.975944052836
Nikon,D750,975,6400,4804.0,176.06519060202,69.04517278510589,29.000407835299
Nikon,D750,975,6400,4804.0,177.0903179968,69.44718352815687,29.024722591108
Nikon,D750,975,6400,4804.0,178.11544539157,69.84919427120393,29.048890055261
Nikon,D750,975,6400,4804.0,179.14057278635,70.25120501425491,29.072911932684
Nikon,D750,975,6400,4804.0,180.16570018113,70.65321575730589,29.09678989892
Nikon,D750,975,6400,4804.0,181.19082757591,71.05522650035687,29.120525600806
Nikon,D750,975,6400,4804.0,182.21595497069,71.45723724340785,29.144120657117
Nikon,D750,975,6400,4804.0,183.24108236547,71.85924798645883,29.167576659207
Nikon,D750,975,6400,4804.0,184.26620976025,72.2612587295098,29.190895171621
Nikon,D750,975,6400,4804.0,185.29133715503,72.66326947256077,29.214077732694
Nikon,D750,975,6400,4804.0,186.31646454981,73.06528021561178,29.237125855135
Nikon,D750,975,6400,4804.0,187.34159194459,73.46729095866274,29.260041026589
Nikon,D750,975,6400,4804.0,188.36671933936,73.8693017017098,29.282824710192
Nikon,D750,975,6400,4804.0,189.39184673414,74.27131244476078,29.305478345104
Nikon,D750,975,6400,4804.0,190.41697412892,74.67332318781177,29.328003347032
Nikon,D750,975,6400,4804.0,191.4421015237,75.07533393086274,29.350401108732
Nikon,D750,975,6400,4804.0,192.46722891848,75.47734467391372,29.372673000509
Nikon,D750,975,6400,4804.0,193.49235631326,75.8793554169647,29.39482037069
Nikon,D750,975,6400,4804.0,194.51748370804,76.28136616001568,29.416844546097
Nikon,D750,975,6400,4804.0,195.54261110282,76.68337690306666,29.438746832499
Nikon,D750,975,6400,4804.0,196.5677384976,77.08538764611765,29.460528515057
Nikon,D750,975,6400,4804.0,197.59286589238,77.48739838916863,29.482190858753
Nikon,D750,975,6400,4804.0,198.61799328715,77.88940913221568,29.503735108809
Nikon,D750,975,6400,4804.0,199.64312068193,78.29141987526667,29.525162491103
Nikon,D750,975,6400,4804.0,200.66824807671,78.69343061831765,29.546474212559
Nikon,D750,975,6400,4804.0,201.69337547149,79.09544136136863,29.567671461542
Nikon,D750,975,6400,4804.0,202.71850286627,79.49745210441961,29.588755408233
Nikon,D750,975,6400,4804.0,203.74363026105,79.89946284747059,29.609727205001
Nikon,D750,975,6400,4804.0,204.76875765583,80.30147359052157,29.630587986759
Nikon,D750,975,6400,4804.0,205.79388505061,80.70348433357253,29.651338871319
Nikon,D750,975,6400,4804.0,206.81901244539,81.10549507662354,29.671980959728
Nikon,D750,975,6400,4804.0,207.84413984017,81.5075058196745,29.692515336608
Nikon,D750,975,6400,4804.0,208.86926723494,81.90951656272156,29.712943070478
Nikon,D750,975,6400,4804.0,209.89439462972,82.31152730577256,29.733265214068
Nikon,D750,975,6400,4804.0,210.9195220245,82.71353804882354,29.753482804635
Nikon,D750,975,6400,4804.0,211.94464941928,83.11554879187452,29.77359686426
Nikon,D750,975,6400,4804.0,212.96977681406,83.5175595349255,29.793608400145
Nikon,D750,975,6400,4804.0,213.99490420884,83.91957027797648,29.813518404896
Nikon,D750,975,6400,4804.0,215.02003160362,84.32158102102744,29.833327856812
Nikon,D750,975,6400,4804.0,216.0451589984,84.72359176407844,29.853037720149
Nikon,D750,975,6400,4804.0,217.07028639318,85.12560250712941,29.872648945394
Nikon,D750,975,6400,4804.0,218.09541378796,85.5276132501804,29.892162469523
Nikon,D750,975,6400,4804.0,219.12054118273,85.92962399322744,29.911579216258
Nikon,D750,975,6400,4804.0,220.14566857751,86.33163473627845,29.930900096313
Nikon,D750,975,6400,4804.0,221.17079597229,86.73364547932941,29.950126007639
Nikon,D750,975,6400,4804.0,222.19592336707,87.13565622238039,29.96925783566
Nikon,D750,975,6400,4804.0,223.22105076185,87.53766696543137,29.988296453507
Nikon,D750,975,6400,4804.0,224.24617815663,87.93967770848235,30.007242722242
Nikon,D750,975,6400,4804.0,225.27130555141,88.34168845153333,30.026097491082
Nikon,D750,975,6400,4804.0,226.29643294619,88.74369919458431,30.044861597611
Nikon,D750,975,6400,4804.0,227.32156034097,89.14570993763529,30.063535867997
Nikon,D750,975,6400,4804.0,228.34668773575,89.54772068068628,30.082121117194
Nikon,D750,975,6400,4804.0,229.37181513052,89.94973142373333,30.100618149147
Nikon,D750,975,6400,4804.0,230.3969425253,90.35174216678432,30.119027756986
Nikon,D750,975,6400,4804.0,231.42206992008,90.7537529098353,30.137350723224
Nikon,D750,975,6400,4804.0,232.44719731486,91.15576365288628,30.15558781994
Nikon,D750,975,6400,4804.0,233.47232470964,91.55777439593726,30.173739808967
Nikon,D750,975,6400,4804.0,234.49745210442,91.95978513898824,30.191807442074
Nikon,D750,975,6400,4804.0,235.5225794992,92.36179588203922,30.209791461137
Nikon,D750,975,6400,4804.0,236.54770689398,92.7638066250902,30.227692598319
Nikon,D750,975,6400,4804.0,237.57283428876,93.16581736814116,30.24551157623
Nikon,D750,975,6400,4804.0,238.59796168354,93.56782811119217,30.263249108102
Nikon,D750,975,6400,4804.0,239.62308907831,93.96983885423921,30.280905897942
Nikon,D750,975,6400,4804.0,240.64821647309,94.3718495972902,30.298482640698
Nikon,D750,975,6400,4804.0,241.67334386787,94.77386034034117,30.315980022407
Nikon,D750,975,6400,4804.0,242.69847126265,95.17587108339217,30.33339872035
Nikon,D750,975,6400,4804.0,243.72359865743,95.57788182644313,30.350739403202
Nikon,D750,975,6400,4804.0,244.74872605221,95.97989256949411,30.368002731173
Nikon,D750,975,6400,4804.0,245.77385344699,96.38190331254509,30.385189356153
Nikon,D750,975,6400,4804.0,246.79898084177,96.78391405559607,30.402299921851
Nikon,D750,975,6400,4804.0,247.82410823655,97.18592479864705,30.41933506393
Nikon,D750,975,6400,4804.0,248.84923563133,97.58793554169804,30.436295410143
Nikon,D750,975,6400,4804.0,249.8743630261,97.9899462847451,30.45318158046
Nikon,D750,975,6400,4804.0,250.89949042088,98.39195702779607,30.4699941872
Nikon,D750,975,6400,4804.0,251.92461781566,98.79396777084708,30.486733835153
Nikon,D750,975,6400,4804.0,252.94974521044,99.19597851389804,30.503401121705
Nikon,D750,975,6400,4804.0,253.97487260522,99.59798925694902,30.519996636958
Nikon,D750,975,6400,4804.0,255,100.0,30.536520963847
Nikon,D750,975,12800,9443.0,1.2827330421939,0.5030325655662353,0
Nikon,D750,975,12800,9443.0,2.7352609053088,1.0726513354152156,5.2344394753198
Nikon,D750,975,12800,9443.0,3.8437882791448,1.5073679526058041,7.3867336854647
Nikon,D750,975,12800,9443.0,4.8689156739238,1.909378695656392,8.8100125337407
Nikon,D750,975,12800,9443.0,5.8940430687028,2.31138943870698,9.9192155814885
Nikon,D750,975,12800,9443.0,6.9191704634818,2.7134001817575686,10.823409567621
Nikon,D750,975,12800,9443.0,7.9442978582608,3.115410924808157,11.584112675831
Nikon,D750,975,12800,9443.0,8.9694252530398,3.5174216678587453,12.239206766763
Nikon,D750,975,12800,9443.0,9.9945526478188,3.9194324109093333,12.813564157281
Nikon,D750,975,12800,9443.0,11.019680042598,4.32144315396,13.324337036336
Nikon,D750,975,12800,9443.0,12.044807437377,4.723453897010589,13.783822210365
Nikon,D750,975,12800,9443.0,13.069934832156,5.125464640061176,14.201117967729
Nikon,D750,975,12800,9443.0,14.095062226935,5.5274753831117645,14.58313420581
Nikon,D750,975,12800,9443.0,15.120189621714,5.929486126162352,14.93523552567
Nikon,D750,975,12800,9443.0,16.145317016493,6.331496869212941,15.261665779685
Nikon,D750,975,12800,9443.0,17.170444411272,6.73350761226353,15.565837122467
Nikon,D750,975,12800,9443.0,18.195571806051,7.135518355314117,15.850532108478
Nikon,D750,975,12800,9443.0,19.22069920083,7.537529098364707,16.118048300848
Nikon,D750,975,12800,9443.0,20.245826595609,7.939539841415294,16.370303869811
Nikon,D750,975,12800,9443.0,21.270953990388,8.341550584465883,16.608916105729
Nikon,D750,975,12800,9443.0,22.296081385167,8.74356132751647,16.835260739523
Nikon,D750,975,12800,9443.0,23.321208779946,9.14557207056706,17.050517413361
Nikon,D750,975,12800,9443.0,24.346336174725,9.547582813617646,17.255704992056
Nikon,D750,975,12800,9443.0,25.371463569504,9.949593556668237,17.451709310941
Nikon,D750,975,12800,9443.0,26.396590964283,10.351604299718824,17.639305216398
Nikon,D750,975,12800,9443.0,27.421718359062,10.753615042769413,17.819174246385
Nikon,D750,975,12800,9443.0,28.446845753841,11.15562578582,17.99191894244
Nikon,D750,975,12800,9443.0,29.47197314862,11.557636528870589,18.158074532062
Nikon,D750,975,12800,9443.0,30.497100543399,11.959647271921177,18.318118538498
Nikon,D750,975,12800,9443.0,31.522227938178,12.361658014971765,18.47247874245
Nikon,D750,975,12800,9443.0,32.547355332957,12.763668758022352,18.621539822403
Nikon,D750,975,12800,9443.0,33.572482727736,13.16567950107294,18.765648927356
Nikon,D750,975,12800,9443.0,34.597610122515,13.56769024412353,18.90512038082
Nikon,D750,975,12800,9443.0,35.622737517294,13.969700987174116,19.04023967313
Nikon,D750,975,12800,9443.0,36.647864912073,14.371711730224703,19.171266867066
Nikon,D750,975,12800,9443.0,37.672992306852,14.773722473275294,19.29843951697
Nikon,D750,975,12800,9443.0,38.698119701631,15.175733216325881,19.421975182166
Nikon,D750,975,12800,9443.0,39.72324709641,15.57774395937647,19.542073600334
Nikon,D750,975,12800,9443.0,40.748374491189,15.979754702427057,19.658918574407
Nikon,D750,975,12800,9443.0,41.773501885968,16.381765445477647,19.772679617018
Nikon,D750,975,12800,9443.0,42.798629280747,16.783776188528236,19.883513388845
Nikon,D750,975,12800,9443.0,43.823756675526,17.18578693157882,19.991564961003
Nikon,D750,975,12800,9443.0,44.848884070305,17.58779767462941,20.096968926623
Nikon,D750,975,12800,9443.0,45.874011465084,17.98980841768,20.199850382691
Nikon,D750,975,12800,9443.0,46.899138859863,18.391819160730588,20.300325799842
Nikon,D750,975,12800,9443.0,47.924266254642,18.793829903781177,20.398503795087
Nikon,D750,975,12800,9443.0,48.949393649421,19.195840646831762,20.494485820142
Nikon,D750,975,12800,9443.0,49.9745210442,19.597851389882354,20.588366776177
Nikon,D750,975,12800,9443.0,50.999648438979,19.99986213293294,20.680235564182
Nikon,D750,975,12800,9443.0,52.024775833758,20.40187287598353,20.770175578876
Nikon,D750,975,12800,9443.0,53.049903228537,20.803883619034117,20.858265152944
Nikon,D750,975,12800,9443.0,54.075030623316,21.205894362084706,20.94457795747
Nikon,D750,975,12800,9443.0,55.100158018095,21.607905105135295,21.029183363632
Nikon,D750,975,12800,9443.0,56.125285412874,22.009915848185884,21.112146770068
Nikon,D750,975,12800,9443.0,57.150412807653,22.41192659123647,21.193529899742
Nikon,D750,975,12800,9443.0,58.175540202432,22.81393733428706,21.273391069645
Nikon,D750,975,12800,9443.0,59.200667597211,23.215948077337647,21.351785436259
Nikon,D750,975,12800,9443.0,60.22579499199,23.617958820388235,21.428765219346
Nikon,D750,975,12800,9443.0,61.250922386769,24.019969563438824,21.504379906318
Nikon,D750,975,12800,9443.0,62.276049781548,24.42198030648941,21.57867643916
Nikon,D750,975,12800,9443.0,63.301177176327,24.823991049540002,21.65169938568
Nikon,D750,975,12800,9443.0,64.326304571106,25.226001792590587,21.723491096615
Nikon,D750,975,12800,9443.0,65.351431965885,25.628012535641176,21.794091849976
Nikon,D750,975,12800,9443.0,66.376559360664,26.030023278691765,21.863539983867
Nikon,D750,975,12800,9443.0,67.401686755443,26.43203402174235,21.931872018837
Nikon,D750,975,12800,9443.0,68.426814150222,26.834044764792942,21.999122770764
Nikon,D750,975,12800,9443.0,69.451941545001,27.23605550784353,22.065325455118
Nikon,D750,975,12800,9443.0,70.47706893978,27.638066250894116,22.130511783389
Nikon,D750,975,12800,9443.0,71.502196334559,28.04007699394471,22.194712052374
Nikon,D750,975,12800,9443.0,72.527323729338,28.44208773699529,22.257955226938
Nikon,D750,975,12800,9443.0,73.552451124117,28.844098480045883,22.320269016827
Nikon,D750,975,12800,9443.0,74.577578518896,29.24610922309647,22.381679948032
Nikon,D750,975,12800,9443.0,75.602705913675,29.648119966147057,22.442213429151
Nikon,D750,975,12800,9443.0,76.627833308454,30.05013070919765,22.501893813181
Nikon,D750,975,12800,9443.0,77.652960703233,30.452141452248238,22.560744455098
Nikon,D750,975,12800,9443.0,78.678088098012,30.854152195298823,22.618787765571
Nikon,D750,975,12800,9443.0,79.703215492791,31.256162938349412,22.676045261115
Nikon,D750,975,12800,9443.0,80.72834288757,31.658173681399997,22.732537610962
Nikon,D750,975,12800,9443.0,81.753470282349,32.06018442445059,22.788284680907
Nikon,D750,975,12800,9443.0,82.778597677128,32.46219516750118,22.843305574354
Nikon,D750,975,12800,9443.0,83.803725071907,32.86420591055176,22.897618670781
Nikon,D750,975,12800,9443.0,84.828852466686,33.266216653602356,22.951241661809
Nikon,D750,975,12800,9443.0,85.853979861465,33.668227396652945,23.00419158506
Nikon,D750,975,12800,9443.0,86.879107256244,34.07023813970353,23.056484855951
Nikon,D750,975,12800,9443.0,87.904234651023,34.47224888275412,23.108137297593
Nikon,D750,975,12800,9443.0,88.929362045802,34.874259625804704,23.159164168907
Nikon,D750,975,12800,9443.0,89.954489440581,35.27627036885529,23.209580191101
Nikon,D750,975,12800,9443.0,90.97961683536,35.67828111190588,23.259399572605
Nikon,D750,975,12800,9443.0,92.004744230139,36.08029185495647,23.30863603259
Nikon,D750,975,12800,9443.0,93.029871624918,36.48230259800706,23.357302823147
Nikon,D750,975,12800,9443.0,94.054999019697,36.88431334105765,23.405412750224
Nikon,D750,975,12800,9443.0,95.080126414476,37.28632408410824,23.452978193414
Nikon,D750,975,12800,9443.0,96.105253809255,37.688334827158826,23.500011124644
Nikon,D750,975,12800,9443.0,97.130381204034,38.09034557020941,23.546523125868
Nikon,D750,975,12800,9443.0,98.155508598813,38.492356313260004,23.592525405797
Nikon,D750,975,12800,9443.0,99.180635993592,38.89436705631059,23.638028815756
Nikon,D750,975,12800,9443.0,100.20576338837,39.29637779936079,23.683043864696
Nikon,D750,975,12800,9443.0,101.23089078315,39.69838854241176,23.727580733434
Nikon,D750,975,12800,9443.0,102.25601817793,40.10039928546274,23.77164928816
Nikon,D750,975,12800,9443.0,103.28114557271,40.50241002851372,23.815259093257
Nikon,D750,975,12800,9443.0,104.30627296749,40.90442077156471,23.858419423472
Nikon,D750,975,12800,9443.0,105.33140036227,41.30643151461569,23.901139275483
Nikon,D750,975,12800,9443.0,106.35652775705,41.70844225766667,23.943427378895
Nikon,D750,975,12800,9443.0,107.38165515182,42.110453000713726,23.985292206697
Nikon,D750,975,12800,9443.0,108.4067825466,42.512463743764705,24.026741985215
Nikon,D750,975,12800,9443.0,109.43190994138,42.914474486815685,24.067784703581
Nikon,D750,975,12800,9443.0,110.45703733616,43.316485229866664,24.108428122762
Nikon,D750,975,12800,9443.0,111.48216473094,43.71849597291765,24.148679784154
Nikon,D750,975,12800,9443.0,112.50729212572,44.120506715968624,24.188547017786
Nikon,D750,975,12800,9443.0,113.5324195205,44.5225174590196,24.228036950132
Nikon,D750,975,12800,9443.0,114.55754691528,44.92452820207059,24.267156511578
Nikon,D750,975,12800,9443.0,115.58267431006,45.32653894512157,24.305912443542
Nikon,D750,975,12800,9443.0,116.60780170484,45.72854968817255,24.344311305277
Nikon,D750,975,12800,9443.0,117.63292909961,46.13056043121961,24.38235948037
Nikon,D750,975,12800,9443.0,118.65805649439,46.532571174270586,24.420063182955
Nikon,D750,975,12800,9443.0,119.68318388917,46.934581917321566,24.457428463653
Nikon,D750,975,12800,9443.0,120.70831128395,47.336592660372546,24.494461215254
Nikon,D750,975,12800,9443.0,121.73343867873,47.73860340342353,24.531167178155
Nikon,D750,975,12800,9443.0,122.75856607351,48.14061414647451,24.567551945565
Nikon,D750,975,12800,9443.0,123.78369346829,48.542624889525484,24.603620968493
Nikon,D750,975,12800,9443.0,124.80882086307,48.94463563257647,24.639379560523
Nikon,D750,975,12800,9443.0,125.83394825785,49.34664637562745,24.67483290239
Nikon,D750,975,12800,9443.0,126.85907565263,49.74865711867843,24.709986046371
Nikon,D750,975,12800,9443.0,127.8842030474,50.150667861725495,24.744843920495
Nikon,D750,975,12800,9443.0,128.90933044218,50.55267860477647,24.779411332576
Nikon,D750,975,12800,9443.0,129.93445783696,50.954689347827454,24.813692974096
Nikon,D750,975,12800,9443.0,130.95958523174,51.35670009087843,24.84769342392
Nikon,D750,975,12800,9443.0,131.98471262652,51.75871083392941,24.881417151872
Nikon,D750,975,12800,9443.0,133.0098400213,52.160721576980386,24.914868522167
Nikon,D750,975,12800,9443.0,134.03496741608,52.56273232003138,24.948051796708
Nikon,D750,975,12800,9443.0,135.06009481086,52.96474306308235,24.980971138263
Nikon,D750,975,12800,9443.0,136.08522220564,53.36675380613334,25.013630613506
Nikon,D750,975,12800,9443.0,137.11034960042,53.76876454918431,25.046034195958
Nikon,D750,975,12800,9443.0,138.13547699519,54.170775292231376,25.078185768801
Nikon,D750,975,12800,9443.0,139.16060438997,54.57278603528235,25.110089127602
Nikon,D750,975,12800,9443.0,140.18573178475,54.974796778333335,25.141747982922
Nikon,D750,975,12800,9443.0,141.21085917953,55.37680752138431,25.173165962836
Nikon,D750,975,12800,9443.0,142.23598657431,55.778818264435294,25.204346615358
Nikon,D750,975,12800,9443.0,143.26111396909,56.18082900748627,25.235293410779
Nikon,D750,975,12800,9443.0,144.28624136387,56.58283975053726,25.266009743919
Nikon,D750,975,12800,9443.0,145.31136875865,56.98485049358823,25.296498936297
Nikon,D750,975,12800,9443.0,146.33649615343,57.38686123663922,25.326764238228
Nikon,D750,975,12800,9443.0,147.3616235482,57.78887197968628,25.356808830839
Nikon,D750,975,12800,9443.0,148.38675094298,58.19088272273726,25.386635828021
Nikon,D750,975,12800,9443.0,149.41187833776,58.59289346578823,25.416248278308
Nikon,D750,975,12800,9443.0,150.43700573254,58.994904208839216,25.445649166691
Nikon,D750,975,12800,9443.0,151.46213312732,59.39691495189019,25.474841416374
Nikon,D750,975,12800,9443.0,152.4872605221,59.798925694941175,25.503827890464
Nikon,D750,975,12800,9443.0,153.51238791688,60.20093643799215,25.532611393608
Nikon,D750,975,12800,9443.0,154.53751531166,60.60294718104314,25.561194673572
Nikon,D750,975,12800,9443.0,155.56264270644,61.004957924094114,25.589580422769
Nikon,D750,975,12800,9443.0,156.58777010122,61.4069686671451,25.617771279732
Nikon,D750,975,12800,9443.0,157.61289749599,61.808979410192165,25.645769830546
Nikon,D750,975,12800,9443.0,158.63802489077,62.21099015324314,25.673578610225
Nikon,D750,975,12800,9443.0,159.66315228555,62.613000896294125,25.701200104049
Nikon,D750,975,12800,9443.0,160.68827968033,63.0150116393451,25.728636748855
Nikon,D750,975,12800,9443.0,161.71340707511,63.417022382396084,25.755890934286
Nikon,D750,975,12800,9443.0,162.73853446989,63.819033125447056,25.782965004005
Nikon,D750,975,12800,9443.0,163.76366186467,64.22104386849804,25.809861256863
Nikon,D750,975,12800,9443.0,164.78878925945,64.62305461154902,25.836581948034
Nikon,D750,975,12800,9443.0,165.81391665423,65.0250653546,25.863129290117
Nikon,D750,975,12800,9443.0,166.83904404901,65.42707609765098,25.889505454198
Nikon,D750,975,12800,9443.0,167.86417144378,65.82908684069805,25.91571257088
Nikon,D750,975,12800,9443.0,168.88929883856,66.23109758374902,25.941752731286
Nikon,D750,975,12800,9443.0,169.91442623334,66.6331083268,25.967627988029
Nikon,D750,975,12800,9443.0,170.93955362812,67.03511906985098,25.993340356145
Nikon,D750,975,12800,9443.0,171.9646810229,67.43712981290196,26.018891814012
Nikon,D750,975,12800,9443.0,172.98980841768,67.83914055595294,26.044284304228
Nikon,D750,975,12800,9443.0,174.01493581246,68.24115129900392,26.069519734471
Nikon,D750,975,12800,9443.0,175.04006320724,68.6431620420549,26.094599978329
Nikon,D750,975,12800,9443.0,176.06519060202,69.04517278510589,26.119526876109
Nikon,D750,975,12800,9443.0,177.0903179968,69.44718352815687,26.144302235618
Nikon,D750,975,12800,9443.0,178.11544539157,69.84919427120393,26.168927832926
Nikon,D750,975,12800,9443.0,179.14057278635,70.25120501425491,26.193405413101
Nikon,D750,975,12800,9443.0,180.16570018113,70.65321575730589,26.217736690929
Nikon,D750,975,12800,9443.0,181.19082757591,71.05522650035687,26.24192335161
Nikon,D750,975,12800,9443.0,182.21595497069,71.45723724340785,26.265967051433
Nikon,D750,975,12800,9443.0,183.24108236547,71.85924798645883,26.289869418434
Nikon,D750,975,12800,9443.0,184.26620976025,72.2612587295098,26.313632053034
Nikon,D750,975,12800,9443.0,185.29133715503,72.66326947256077,26.337256528662
Nikon,D750,975,12800,9443.0,186.31646454981,73.06528021561178,26.360744392356
Nikon,D750,975,12800,9443.0,187.34159194459,73.46729095866274,26.384097165351
Nikon,D750,975,12800,9443.0,188.36671933936,73.8693017017098,26.407316343648
Nikon,D750,975,12800,9443.0,189.39184673414,74.27131244476078,26.430403398571
Nikon,D750,975,12800,9443.0,190.41697412892,74.67332318781177,26.453359777305
Nikon,D750,975,12800,9443.0,191.4421015237,75.07533393086274,26.47618690342
Nikon,D750,975,12800,9443.0,192.46722891848,75.47734467391372,26.498886177387
Nikon,D750,975,12800,9443.0,193.49235631326,75.8793554169647,26.521458977066
Nikon,D750,975,12800,9443.0,194.51748370804,76.28136616001568,26.543906658199
Nikon,D750,975,12800,9443.0,195.54261110282,76.68337690306666,26.566230554875
Nikon,D750,975,12800,9443.0,196.5677384976,77.08538764611765,26.588431979991
Nikon,D750,975,12800,9443.0,197.59286589238,77.48739838916863,26.610512225695
Nikon,D750,975,12800,9443.0,198.61799328715,77.88940913221568,26.632472563828
Nikon,D750,975,12800,9443.0,199.64312068193,78.29141987526667,26.654314246338
Nikon,D750,975,12800,9443.0,200.66824807671,78.69343061831765,26.6760385057
Nikon,D750,975,12800,9443.0,201.69337547149,79.09544136136863,26.697646555312
Nikon,D750,975,12800,9443.0,202.71850286627,79.49745210441961,26.719139589893
Nikon,D750,975,12800,9443.0,203.74363026105,79.89946284747059,26.740518785856
Nikon,D750,975,12800,9443.0,204.76875765583,80.30147359052157,26.761785301688
Nikon,D750,975,12800,9443.0,205.79388505061,80.70348433357253,26.782940278307
Nikon,D750,975,12800,9443.0,206.81901244539,81.10549507662354,26.803984839418
Nikon,D750,975,12800,9443.0,207.84413984017,81.5075058196745,26.824920091856
Nikon,D750,975,12800,9443.0,208.86926723494,81.90951656272156,26.845747125922
Nikon,D750,975,12800,9443.0,209.89439462972,82.31152730577256,26.866467015711
Nikon,D750,975,12800,9443.0,210.9195220245,82.71353804882354,26.887080819432
Nikon,D750,975,12800,9443.0,211.94464941928,83.11554879187452,26.907589579719
Nikon,D750,975,12800,9443.0,212.96977681406,83.5175595349255,26.927994323935
Nikon,D750,975,12800,9443.0,213.99490420884,83.91957027797648,26.948296064468
Nikon,D750,975,12800,9443.0,215.02003160362,84.32158102102744,26.968495799023
Nikon,D750,975,12800,9443.0,216.0451589984,84.72359176407844,26.988594510902
Nikon,D750,975,12800,9443.0,217.07028639318,85.12560250712941,27.008593169279
Nikon,D750,975,12800,9443.0,218.09541378796,85.5276132501804,27.028492729475
Nikon,D750,975,12800,9443.0,219.12054118273,85.92962399322744,27.048294133211
Nikon,D750,975,12800,9443.0,220.14566857751,86.33163473627845,27.067998308876
Nikon,D750,975,12800,9443.0,221.17079597229,86.73364547932941,27.087606171767
Nikon,D750,975,12800,9443.0,222.19592336707,87.13565622238039,27.107118624343
Nikon,D750,975,12800,9443.0,223.22105076185,87.53766696543137,27.126536556457
Nikon,D750,975,12800,9443.0,224.24617815663,87.93967770848235,27.145860845592
Nikon,D750,975,12800,9443.0,225.27130555141,88.34168845153333,27.165092357092
Nikon,D750,975,12800,9443.0,226.29643294619,88.74369919458431,27.184231944379
Nikon,D750,975,12800,9443.0,227.32156034097,89.14570993763529,27.203280449177
Nikon,D750,975,12800,9443.0,228.34668773575,89.54772068068628,27.22223870172
Nikon,D750,975,12800,9443.0,229.37181513052,89.94973142373333,27.241107520963
Nikon,D750,975,12800,9443.0,230.3969425253,90.35174216678432,27.259887714784
Nikon,D750,975,12800,9443.0,231.42206992008,90.7537529098353,27.278580080183
Nikon,D750,975,12800,9443.0,232.44719731486,91.15576365288628,27.297185403477
Nikon,D750,975,12800,9443.0,233.47232470964,91.55777439593726,27.31570446049
Nikon,D750,975,12800,9443.0,234.49745210442,91.95978513898824,27.334138016737
Nikon,D750,975,12800,9443.0,235.5225794992,92.36179588203922,27.352486827608
Nikon,D750,975,12800,9443.0,236.54770689398,92.7638066250902,27.370751638545
Nikon,D750,975,12800,9443.0,237.57283428876,93.16581736814116,27.388933185215
Nikon,D750,975,12800,9443.0,238.59796168354,93.56782811119217,27.407032193682
Nikon,D750,975,12800,9443.0,239.62308907831,93.96983885423921,27.425049380571
Nikon,D750,975,12800,9443.0,240.64821647309,94.3718495972902,27.442985453234
Nikon,D750,975,12800,9443.0,241.67334386787,94.77386034034117,27.460841109904
Nikon,D750,975,12800,9443.0,242.69847126265,95.17587108339217,27.478617039857
Nikon,D750,975,12800,9443.0,243.72359865743,95.57788182644313,27.496313923562
Nikon,D750,975,12800,9443.0,244.74872605221,95.97989256949411,27.513932432829
Nikon,D750,975,12800,9443.0,245.77385344699,96.38190331254509,27.531473230957
Nikon,D750,975,12800,9443.0,246.79898084177,96.78391405559607,27.548936972876
Nikon,D750,975,12800,9443.0,247.82410823655,97.18592479864705,27.566324305288
Nikon,D750,975,12800,9443.0,248.84923563133,97.58793554169804,27.583635866806
Nikon,D750,975,12800,9443.0,249.8743630261,97.9899462847451,27.600872288082
Nikon,D750,975,12800,9443.0,250.89949042088,98.39195702779607,27.618034191948
Nikon,D750,975,12800,9443.0,251.92461781566,98.79396777084708,27.635122193535
Nikon,D750,975,12800,9443.0,252.94974521044,99.19597851389804,27.652136900408
Nikon,D750,975,12800,9443.0,253.97487260522,99.59798925694902,27.669078912684
Nikon,D750,975,12800,9443.0,255,100.0,27.685948823154
Nikon,D750,975,25600,19249.0,2.7352609053088,1.0726513354152156,0
Nikon,D750,975,25600,19249.0,3.8437882791448,1.5073679526058041,2.4807653005809
Nikon,D750,975,25600,19249.0,4.8689156739238,1.909378695656392,4.1369434664048
Nikon,D750,975,25600,19249.0,5.8940430687028,2.31138943870698,5.4322968519801
Nikon,D750,975,25600,19249.0,6.9191704634818,2.7134001817575686,6.4887641350942
Nikon,D750,975,25600,19249.0,7.9442978582608,3.115410924808157,7.3763708369481
Nikon,D750,975,25600,19249.0,8.9694252530398,3.5174216678587453,8.1388585538119
Nikon,D750,975,25600,19249.0,9.9945526478188,3.9194324109093333,8.8052731185085
Nikon,D750,975,25600,19249.0,11.019680042598,4.32144315396,9.395822886796
Nikon,D750,975,25600,19249.0,12.044807437377,4.723453897010589,9.9250956308353
Nikon,D750,975,25600,19249.0,13.069934832156,5.125464640061176,10.403941753064
Nikon,D750,975,25600,19249.0,14.095062226935,5.5274753831117645,10.840634621932
Nikon,D750,975,25600,19249.0,15.120189621714,5.929486126162352,11.241616121152
Nikon,D750,975,25600,19249.0,16.145317016493,6.331496869212941,11.611992768807
Nikon,D750,975,25600,19249.0,17.170444411272,6.73350761226353,11.955875826124
Nikon,D750,975,25600,19249.0,18.195571806051,7.135518355314117,12.276620502568
Nikon,D750,975,25600,19249.0,19.22069920083,7.537529098364707,12.576997984945
Nikon,D750,975,25600,19249.0,20.245826595609,7.939539841415294,12.859321602391
Nikon,D750,975,25600,19249.0,21.270953990388,8.341550584465883,13.125540974794
Nikon,D750,975,25600,19249.0,22.296081385167,8.74356132751647,13.377313366297
Nikon,D750,975,25600,19249.0,23.321208779946,9.14557207056706,13.616058520867
Nikon,D750,975,25600,19249.0,24.346336174725,9.547582813617646,13.843001337085
Nikon,D750,975,25600,19249.0,25.371463569504,9.949593556668237,14.059205460585
Nikon,D750,975,25600,19249.0,26.396590964283,10.351604299718824,14.265600004163
Nikon,D750,975,25600,19249.0,27.421718359062,10.753615042769413,14.463001005447
Nikon,D750,975,25600,19249.0,28.446845753841,11.15562578582,14.652128810604
Nikon,D750,975,25600,19249.0,29.47197314862,11.557636528870589,14.833622272191
Nikon,D750,975,25600,19249.0,30.497100543399,11.959647271921177,15.008050432421
Nikon,D750,975,25600,19249.0,31.522227938178,12.361658014971765,15.175922204444
Nikon,D750,975,25600,19249.0,32.547355332957,12.763668758022352,15.33769444695
Nikon,D750,975,25600,19249.0,33.572482727736,13.16567950107294,15.493778739682
Nikon,D750,975,25600,19249.0,34.597610122515,13.56769024412353,15.644547101178
Nikon,D750,975,25600,19249.0,35.622737517294,13.969700987174116,15.790336839622
Nikon,D750,975,25600,19249.0,36.647864912073,14.371711730224703,15.931454688848
Nikon,D750,975,25600,19249.0,37.672992306852,14.773722473275294,16.068180351465
Nikon,D750,975,25600,19249.0,38.698119701631,15.175733216325881,16.200769547593
Nikon,D750,975,25600,19249.0,39.72324709641,15.57774395937647,16.329456649214
Nikon,D750,975,25600,19249.0,40.748374491189,15.979754702427057,16.454456965499
Nikon,D750,975,25600,19249.0,41.773501885968,16.381765445477647,16.57596873284
Nikon,D750,975,25600,19249.0,42.798629280747,16.783776188528236,16.694174853901
Nikon,D750,975,25600,19249.0,43.823756675526,17.18578693157882,16.809244422542
Nikon,D750,975,25600,19249.0,44.848884070305,17.58779767462941,16.921334065266
Nikon,D750,975,25600,19249.0,45.874011465084,17.98980841768,17.030589124917
Nikon,D750,975,25600,19249.0,46.899138859863,18.391819160730588,17.137144708236
Nikon,D750,975,25600,19249.0,47.924266254642,18.793829903781177,17.241126615536
Nikon,D750,975,25600,19249.0,48.949393649421,19.195840646831762,17.34265216796
Nikon,D750,975,25600,19249.0,49.9745210442,19.597851389882354,17.441830945502
Nikon,D750,975,25600,19249.0,50.999648438979,19.99986213293294,17.538765447026
Nikon,D750,975,25600,19249.0,52.024775833758,20.40187287598353,17.633551681917
Nikon,D750,975,25600,19249.0,53.049903228537,20.803883619034117,17.726279701639
Nikon,D750,975,25600,19249.0,54.075030623316,21.205894362084706,17.817034078335
Nikon,D750,975,25600,19249.0,55.100158018095,21.607905105135295,17.905894336659
Nikon,D750,975,25600,19249.0,56.125285412874,22.009915848185884,17.99293534416
Nikon,D750,975,25600,19249.0,57.150412807653,22.41192659123647,18.078227664908
Nikon,D750,975,25600,19249.0,58.175540202432,22.81393733428706,18.161837880388
Nikon,D750,975,25600,19249.0,59.200667597211,23.215948077337647,18.243828881236
Nikon,D750,975,25600,19249.0,60.22579499199,23.617958820388235,18.324260132906
Nikon,D750,975,25600,19249.0,61.250922386769,24.019969563438824,18.40318791801
Nikon,D750,975,25600,19249.0,62.276049781548,24.42198030648941,18.48066555773
Nikon,D750,975,25600,19249.0,63.301177176327,24.823991049540002,18.556743614425
Nikon,D750,975,25600,19249.0,64.326304571106,25.226001792590587,18.631470077304
Nikon,D750,975,25600,19249.0,65.351431965885,25.628012535641176,18.704890532833
Nikon,D750,975,25600,19249.0,66.376559360664,26.030023278691765,18.777048321349
Nikon,D750,975,25600,19249.0,67.401686755443,26.43203402174235,18.847984681186
Nikon,D750,975,25600,19249.0,68.426814150222,26.834044764792942,18.917738881496
Nikon,D750,975,25600,19249.0,69.451941545001,27.23605550784353,18.986348344797
Nikon,D750,975,25600,19249.0,70.47706893978,27.638066250894116,19.053848760191
Nikon,D750,975,25600,19249.0,71.502196334559,28.04007699394471,19.120274188073
Nikon,D750,975,25600,19249.0,72.527323729338,28.44208773699529,19.185657157112
Nikon,D750,975,25600,19249.0,73.552451124117,28.844098480045883,19.250028754136
Nikon,D750,975,25600,19249.0,74.577578518896,29.24610922309647,19.313418707571
Nikon,D750,975,25600,19249.0,75.602705913675,29.648119966147057,19.375855464955
Nikon,D750,975,25600,19249.0,76.627833308454,30.05013070919765,19.437366265026
Nikon,D750,975,25600,19249.0,77.652960703233,30.452141452248238,19.497977204837
Nikon,D750,975,25600,19249.0,78.678088098012,30.854152195298823,19.557713302303
Nikon,D750,975,25600,19249.0,79.703215492791,31.256162938349412,19.616598554541
Nikon,D750,975,25600,19249.0,80.72834288757,31.658173681399997,19.674655992333
Nikon,D750,975,25600,19249.0,81.753470282349,32.06018442445059,19.731907731034
Nikon,D750,975,25600,19249.0,82.778597677128,32.46219516750118,19.788375018178
Nikon,D750,975,25600,19249.0,83.803725071907,32.86420591055176,19.844078278044
Nikon,D750,975,25600,19249.0,84.828852466686,33.266216653602356,19.899037153416
Nikon,D750,975,25600,19249.0,85.853979861465,33.668227396652945,19.953270544734
Nikon,D750,975,25600,19249.0,86.879107256244,34.07023813970353,20.006796646837
Nikon,D750,975,25600,19249.0,87.904234651023,34.47224888275412,20.059632983472
Nikon,D750,975,25600,19249.0,88.929362045802,34.874259625804704,20.111796439726
Nikon,D750,975,25600,19249.0,89.954489440581,35.27627036885529,20.163303292528
Nikon,D750,975,25600,19249.0,90.97961683536,35.67828111190588,20.214169239369
Nikon,D750,975,25600,19249.0,92.004744230139,36.08029185495647,20.264409425339
Nikon,D750,975,25600,19249.0,93.029871624918,36.48230259800706,20.314038468626
Nikon,D750,975,25600,19249.0,94.054999019697,36.88431334105765,20.363070484556
Nikon,D750,975,25600,19249.0,95.080126414476,37.28632408410824,20.411519108285
Nikon,D750,975,25600,19249.0,96.105253809255,37.688334827158826,20.45939751624
Nikon,D750,975,25600,19249.0,97.130381204034,38.09034557020941,20.506718446364
Nikon,D750,975,25600,19249.0,98.155508598813,38.492356313260004,20.553494217275
Nikon,D750,975,25600,19249.0,99.180635993592,38.89436705631059,20.59973674639
Nikon,D750,975,25600,19249.0,100.20576338837,39.29637779936079,20.645457567079
Nikon,D750,975,25600,19249.0,101.23089078315,39.69838854241176,20.69066784492
Nikon,D750,975,25600,19249.0,102.25601817793,40.10039928546274,20.735378393108
Nikon,D750,975,25600,19249.0,103.28114557271,40.50241002851372,20.779599687063
Nikon,D750,975,25600,19249.0,104.30627296749,40.90442077156471,20.823341878293
Nikon,D750,975,25600,19249.0,105.33140036227,41.30643151461569,20.866614807562
Nikon,D750,975,25600,19249.0,106.35652775705,41.70844225766667,20.909428017385
Nikon,D750,975,25600,19249.0,107.38165515182,42.110453000713726,20.951790763917
Nikon,D750,975,25600,19249.0,108.4067825466,42.512463743764705,20.993712028249
Nikon,D750,975,25600,19249.0,109.43190994138,42.914474486815685,21.035200527156
Nikon,D750,975,25600,19249.0,110.45703733616,43.316485229866664,21.076264723329
Nikon,D750,975,25600,19249.0,111.48216473094,43.71849597291765,21.116912835117
Nikon,D750,975,25600,19249.0,112.50729212572,44.120506715968624,21.157152845807
Nikon,D750,975,25600,19249.0,113.5324195205,44.5225174590196,21.196992512469
Nikon,D750,975,25600,19249.0,114.55754691528,44.92452820207059,21.236439374394
Nikon,D750,975,25600,19249.0,115.58267431006,45.32653894512157,21.275500761137
Nikon,D750,975,25600,19249.0,116.60780170484,45.72854968817255,21.314183800199
Nikon,D750,975,25600,19249.0,117.63292909961,46.13056043121961,21.352495424361
Nikon,D750,975,25600,19249.0,118.65805649439,46.532571174270586,21.390442378683
Nikon,D750,975,25600,19249.0,119.68318388917,46.934581917321566,21.4280312272
Nikon,D750,975,25600,19249.0,120.70831128395,47.336592660372546,21.46526835932
Nikon,D750,975,25600,19249.0,121.73343867873,47.73860340342353,21.50215999594
Nikon,D750,975,25600,19249.0,122.75856607351,48.14061414647451,21.538712195303
Nikon,D750,975,25600,19249.0,123.78369346829,48.542624889525484,21.5749308586
Nikon,D750,975,25600,19249.0,124.80882086307,48.94463563257647,21.610821735329
Nikon,D750,975,25600,19249.0,125.83394825785,49.34664637562745,21.64639042844
Nikon,D750,975,25600,19249.0,126.85907565263,49.74865711867843,21.681642399252
Nikon,D750,975,25600,19249.0,127.8842030474,50.150667861725495,21.716582972175
Nikon,D750,975,25600,19249.0,128.90933044218,50.55267860477647,21.751217339229
Nikon,D750,975,25600,19249.0,129.93445783696,50.954689347827454,21.785550564388
Nikon,D750,975,25600,19249.0,130.95958523174,51.35670009087843,21.819587587741
Nikon,D750,975,25600,19249.0,131.98471262652,51.75871083392941,21.853333229486
Nikon,D750,975,25600,19249.0,133.0098400213,52.160721576980386,21.886792193769
Nikon,D750,975,25600,19249.0,134.03496741608,52.56273232003138,21.919969072368
Nikon,D750,975,25600,19249.0,135.06009481086,52.96474306308235,21.952868348232
Nikon,D750,975,25600,19249.0,136.08522220564,53.36675380613334,21.985494398883
Nikon,D750,975,25600,19249.0,137.11034960042,53.76876454918431,22.017851499688
Nikon,D750,975,25600,19249.0,138.13547699519,54.170775292231376,22.049943827002
Nikon,D750,975,25600,19249.0,139.16060438997,54.57278603528235,22.081775461193
Nikon,D750,975,25600,19249.0,140.18573178475,54.974796778333335,22.113350389552
Nikon,D750,975,25600,19249.0,141.21085917953,55.37680752138431,22.144672509099
Nikon,D750,975,25600,19249.0,142.23598657431,55.778818264435294,22.175745629274
Nikon,D750,975,25600,19249.0,143.26111396909,56.18082900748627,22.206573474538
Nikon,D750,975,25600,19249.0,144.28624136387,56.58283975053726,22.237159686874
Nikon,D750,975,25600,19249.0,145.31136875865,56.98485049358823,22.267507828196
Nikon,D750,975,25600,19249.0,146.33649615343,57.38686123663922,22.297621382678
Nikon,D750,975,25600,19249.0,147.3616235482,57.78887197968628,22.327503758988
Nikon,D750,975,25600,19249.0,148.38675094298,58.19088272273726,22.357158292449
Nikon,D750,975,25600,19249.0,149.41187833776,58.59289346578823,22.386588247128
Nikon,D750,975,25600,19249.0,150.43700573254,58.994904208839216,22.415796817839
Nikon,D750,975,25600,19249.0,151.46213312732,59.39691495189019,22.444787132089
Nikon,D750,975,25600,19249.0,152.4872605221,59.798925694941175,22.473562251946
Nikon,D750,975,25600,19249.0,153.51238791688,60.20093643799215,22.502125175851
Nikon,D750,975,25600,19249.0,154.53751531166,60.60294718104314,22.530478840362
Nikon,D750,975,25600,19249.0,155.56264270644,61.004957924094114,22.558626121843
Nikon,D750,975,25600,19249.0,156.58777010122,61.4069686671451,22.586569838089
Nikon,D750,975,25600,19249.0,157.61289749599,61.808979410192165,22.61431274991
Nikon,D750,975,25600,19249.0,158.63802489077,62.21099015324314,22.641857562644
Nikon,D750,975,25600,19249.0,159.66315228555,62.613000896294125,22.669206927637
Nikon,D750,975,25600,19249.0,160.68827968033,63.0150116393451,22.696363443663
Nikon,D750,975,25600,19249.0,161.71340707511,63.417022382396084,22.723329658303
Nikon,D750,975,25600,19249.0,162.73853446989,63.819033125447056,22.750108069274
Nikon,D750,975,25600,19249.0,163.76366186467,64.22104386849804,22.776701125726
Nikon,D750,975,25600,19249.0,164.78878925945,64.62305461154902,22.803111229482
Nikon,D750,975,25600,19249.0,165.81391665423,65.0250653546,22.829340736254
Nikon,D750,975,25600,19249.0,166.83904404901,65.42707609765098,22.855391956806
Nikon,D750,975,25600,19249.0,167.86417144378,65.82908684069805,22.881267158095
Nikon,D750,975,25600,19249.0,168.88929883856,66.23109758374902,22.906968564362
Nikon,D750,975,25600,19249.0,169.91442623334,66.6331083268,22.932498358201
Nikon,D750,975,25600,19249.0,170.93955362812,67.03511906985098,22.957858681588
Nikon,D750,975,25600,19249.0,171.9646810229,67.43712981290196,22.98305163688
Nikon,D750,975,25600,19249.0,172.98980841768,67.83914055595294,23.008079287783
Nikon,D750,975,25600,19249.0,174.01493581246,68.24115129900392,23.032943660297
Nikon,D750,975,25600,19249.0,175.04006320724,68.6431620420549,23.057646743619
Nikon,D750,975,25600,19249.0,176.06519060202,69.04517278510589,23.082190491034
Nikon,D750,975,25600,19249.0,177.0903179968,69.44718352815687,23.106576820767
Nikon,D750,975,25600,19249.0,178.11544539157,69.84919427120393,23.130807616819
Nikon,D750,975,25600,19249.0,179.14057278635,70.25120501425491,23.154884729774
Nikon,D750,975,25600,19249.0,180.16570018113,70.65321575730589,23.178809977581
Nikon,D750,975,25600,19249.0,181.19082757591,71.05522650035687,23.202585146317
Nikon,D750,975,25600,19249.0,182.21595497069,71.45723724340785,23.226211990927
Nikon,D750,975,25600,19249.0,183.24108236547,71.85924798645883,23.249692235938
Nikon,D750,975,25600,19249.0,184.26620976025,72.2612587295098,23.273027576161
Nikon,D750,975,25600,19249.0,185.29133715503,72.66326947256077,23.296219677366
Nikon,D750,975,25600,19249.0,186.31646454981,73.06528021561178,23.319270176939
Nikon,D750,975,25600,19249.0,187.34159194459,73.46729095866274,23.342180684528
Nikon,D750,975,25600,19249.0,188.36671933936,73.8693017017098,23.364952782655
Nikon,D750,975,25600,19249.0,189.39184673414,74.27131244476078,23.38758802733
Nikon,D750,975,25600,19249.0,190.41697412892,74.67332318781177,23.410087948634
Nikon,D750,975,25600,19249.0,191.4421015237,75.07533393086274,23.432454051292
Nikon,D750,975,25600,19249.0,192.46722891848,75.47734467391372,23.454687815227
Nikon,D750,975,25600,19249.0,193.49235631326,75.8793554169647,23.476790696105
Nikon,D750,975,25600,19249.0,194.51748370804,76.28136616001568,23.498764125858
Nikon,D750,975,25600,19249.0,195.54261110282,76.68337690306666,23.520609513198
Nikon,D750,975,25600,19249.0,196.5677384976,77.08538764611765,23.542328244114
Nikon,D750,975,25600,19249.0,197.59286589238,77.48739838916863,23.563921682357
Nikon,D750,975,25600,19249.0,198.61799328715,77.88940913221568,23.585391169913
Nikon,D750,975,25600,19249.0,199.64312068193,78.29141987526667,23.606738027464
Nikon,D750,975,25600,19249.0,200.66824807671,78.69343061831765,23.627963554834
Nikon,D750,975,25600,19249.0,201.69337547149,79.09544136136863,23.649069031425
Nikon,D750,975,25600,19249.0,202.71850286627,79.49745210441961,23.670055716642
Nikon,D750,975,25600,19249.0,203.74363026105,79.89946284747059,23.690924850307
Nikon,D750,975,25600,19249.0,204.76875765583,80.30147359052157,23.711677653064
Nikon,D750,975,25600,19249.0,205.79388505061,80.70348433357253,23.732315326768
Nikon,D750,975,25600,19249.0,206.81901244539,81.10549507662354,23.752839054871
Nikon,D750,975,25600,19249.0,207.84413984017,81.5075058196745,23.773250002793
Nikon,D750,975,25600,19249.0,208.86926723494,81.90951656272156,23.793549318287
Nikon,D750,975,25600,19249.0,209.89439462972,82.31152730577256,23.813738131794
Nikon,D750,975,25600,19249.0,210.9195220245,82.71353804882354,23.833817556788
Nikon,D750,975,25600,19249.0,211.94464941928,83.11554879187452,23.853788690113
Nikon,D750,975,25600,19249.0,212.96977681406,83.5175595349255,23.873652612312
Nikon,D750,975,25600,19249.0,213.99490420884,83.91957027797648,23.89341038795
Nikon,D750,975,25600,19249.0,215.02003160362,84.32158102102744,23.913063065923
Nikon,D750,975,25600,19249.0,216.0451589984,84.72359176407844,23.932611679766
Nikon,D750,975,25600,19249.0,217.07028639318,85.12560250712941,23.952057247951
Nikon,D750,975,25600,19249.0,218.09541378796,85.5276132501804,23.971400774177
Nikon,D750,975,25600,19249.0,219.12054118273,85.92962399322744,23.990643247653
Nikon,D750,975,25600,19249.0,220.14566857751,86.33163473627845,24.009785643377
Nikon,D750,975,25600,19249.0,221.17079597229,86.73364547932941,24.028828922406
Nikon,D750,975,25600,19249.0,222.19592336707,87.13565622238039,24.047774032118
Nikon,D750,975,25600,19249.0,223.22105076185,87.53766696543137,24.066621906473
Nikon,D750,975,25600,19249.0,224.24617815663,87.93967770848235,24.085373466262
Nikon,D750,975,25600,19249.0,225.27130555141,88.34168845153333,24.104029619354
Nikon,D750,975,25600,19249.0,226.29643294619,88.74369919458431,24.122591260938
Nikon,D750,975,25600,19249.0,227.32156034097,89.14570993763529,24.141059273755
Nikon,D750,975,25600,19249.0,228.34668773575,89.54772068068628,24.159434528327
Nikon,D750,975,25600,19249.0,229.37181513052,89.94973142373333,24.177717883185
Nikon,D750,975,25600,19249.0,230.3969425253,90.35174216678432,24.195910185083
Nikon,D750,975,25600,19249.0,231.42206992008,90.7537529098353,24.214012269215
Nikon,D750,975,25600,19249.0,232.44719731486,91.15576365288628,24.232024959424
Nikon,D750,975,25600,19249.0,233.47232470964,91.55777439593726,24.249949068405
Nikon,D750,975,25600,19249.0,234.49745210442,91.95978513898824,24.267785397905
Nikon,D750,975,25600,19249.0,235.5225794992,92.36179588203922,24.285534738922
Nikon,D750,975,25600,19249.0,236.54770689398,92.7638066250902,24.303197871888
Nikon,D750,975,25600,19249.0,237.57283428876,93.16581736814116,24.320775566866
Nikon,D750,975,25600,19249.0,238.59796168354,93.56782811119217,24.338268583724
Nikon,D750,975,25600,19249.0,239.62308907831,93.96983885423921,24.35567767232
Nikon,D750,975,25600,19249.0,240.64821647309,94.3718495972902,24.373003572673
Nikon,D750,975,25600,19249.0,241.67334386787,94.77386034034117,24.390247015134
Nikon,D750,975,25600,19249.0,242.69847126265,95.17587108339217,24.407408720557
Nikon,D750,975,25600,19249.0,243.72359865743,95.57788182644313,24.42448940046
Nikon,D750,975,25600,19249.0,244.74872605221,95.97989256949411,24.441489757183
Nikon,D750,975,25600,19249.0,245.77385344699,96.38190331254509,24.458410484049
Nikon,D750,975,25600,19249.0,246.79898084177,96.78391405559607,24.475252265518
Nikon,D750,975,25600,19249.0,247.82410823655,97.18592479864705,24.492015777332
Nikon,D750,975,25600,19249.0,248.84923563133,97.58793554169804,24.508701686666
Nikon,D750,975,25600,19249.0,249.8743630261,97.9899462847451,24.525310652272
Nikon,D750,975,25600,19249.0,250.89949042088,98.39195702779607,24.541843324617
Nikon,D750,975,25600,19249.0,251.92461781566,98.79396777084708,24.558300346027
Nikon,D750,975,25600,19249.0,252.94974521044,99.19597851389804,24.574682350814
Nikon,D750,975,25600,19249.0,253.97487260522,99.59798925694902,24.590989965415
Nikon,D750,975,25600,19249.0,255,100.0,24.60722380852
Nikon,D750,975,51200,35612.0,3.8437882791448,1.5073679526058041,0
Nikon,D750,975,51200,35612.0,4.8689156739238,1.909378695656392,1.635222499052
Nikon,D750,975,51200,35612.0,5.8940430687028,2.31138943870698,2.9133724024405
Nikon,D750,975,51200,35612.0,6.9191704634818,2.7134001817575686,3.9555342456728
Nikon,D750,975,51200,35612.0,7.9442978582608,3.115410924808157,4.8311203574722
Nikon,D750,975,51200,35612.0,8.9694252530398,3.5174216678587453,5.5834207148175
Nikon,D750,975,51200,35612.0,9.9945526478188,3.9194324109093333,6.2411411705664
Nikon,D750,975,51200,35612.0,11.019680042598,4.32144315396,6.82422924811
Nikon,D750,975,51200,35612.0,12.044807437377,4.723453897010589,7.3470692676293
Nikon,D750,975,51200,35612.0,13.069934832156,5.125464640061176,7.8203506024932
Nikon,D750,975,51200,35612.0,14.095062226935,5.5274753831117645,8.2522175048067
Nikon,D750,975,51200,35612.0,15.120189621714,5.929486126162352,8.6490071218025
Nikon,D750,975,51200,35612.0,16.145317016493,6.331496869212941,9.0157401197527
Nikon,D750,975,51200,35612.0,17.170444411272,6.73350761226353,9.3564567198311
Nikon,D750,975,51200,35612.0,18.195571806051,7.135518355314117,9.6744528408773
Nikon,D750,975,51200,35612.0,19.22069920083,7.537529098364707,9.9724497957817
Nikon,D750,975,51200,35612.0,20.245826595609,7.939539841415294,10.25271865833
Nikon,D750,975,51200,35612.0,21.270953990388,8.341550584465883,10.517173010364
Nikon,D750,975,51200,35612.0,22.296081385167,8.74356132751647,10.767439192344
Nikon,D750,975,51200,35612.0,23.321208779946,9.14557207056706,11.004910262723
Nikon,D750,975,51200,35612.0,24.346336174725,9.547582813617646,11.230787970725
Nikon,D750,975,51200,35612.0,25.371463569504,9.949593556668237,11.446115781827
Nikon,D750,975,51200,35612.0,26.396590964283,10.351604299718824,11.651805136614
Nikon,D750,975,51200,35612.0,27.421718359062,10.753615042769413,11.84865653059
Nikon,D750,975,51200,35612.0,28.446845753841,11.15562578582,12.037376586341
Nikon,D750,975,51200,35612.0,29.47197314862,11.557636528870589,12.218591992974
Nikon,D750,975,51200,35612.0,30.497100543399,11.959647271921177,12.392860973817
Nikon,D750,975,51200,35612.0,31.522227938178,12.361658014971765,12.560682786909
Nikon,D750,975,51200,35612.0,32.547355332957,12.763668758022352,12.722505647236
Nikon,D750,975,51200,35612.0,33.572482727736,13.16567950107294,12.878733373182
Nikon,D750,975,51200,35612.0,34.597610122515,13.56769024412353,13.029730994503
Nikon,D750,975,51200,35612.0,35.622737517294,13.969700987174116,13.175829509382
Nikon,D750,975,51200,35612.0,36.647864912073,14.371711730224703,13.317329939991
Nikon,D750,975,51200,35612.0,37.672992306852,14.773722473275294,13.454506806337
Nikon,D750,975,51200,35612.0,38.698119701631,15.175733216325881,13.587611115142
Nikon,D750,975,51200,35612.0,39.72324709641,15.57774395937647,13.716872942266
Nikon,D750,975,51200,35612.0,40.748374491189,15.979754702427057,13.842503672875
Nikon,D750,975,51200,35612.0,41.773501885968,16.381765445477647,13.964697952028
Nikon,D750,975,51200,35612.0,42.798629280747,16.783776188528236,14.083635389228
Nikon,D750,975,51200,35612.0,43.823756675526,17.18578693157882,14.19948205302
Nikon,D750,975,51200,35612.0,44.848884070305,17.58779767462941,14.312391785765
Nikon,D750,975,51200,35612.0,45.874011465084,17.98980841768,14.422507363774
Nikon,D750,975,51200,35612.0,46.899138859863,18.391819160730588,14.529961524022
Nikon,D750,975,51200,35612.0,47.924266254642,18.793829903781177,14.634877875317
Nikon,D750,975,51200,35612.0,48.949393649421,19.195840646831762,14.737371709118
Nikon,D750,975,51200,35612.0,49.9745210442,19.597851389882354,14.83755072289
Nikon,D750,975,51200,35612.0,50.999648438979,19.99986213293294,14.935515667032
Nikon,D750,975,51200,35612.0,52.024775833758,20.40187287598353,15.031360924802
Nikon,D750,975,51200,35612.0,53.049903228537,20.803883619034117,15.125175033368
Nikon,D750,975,51200,35612.0,54.075030623316,21.205894362084706,15.217041152958
Nikon,D750,975,51200,35612.0,55.100158018095,21.607905105135295,15.307037490185
Nikon,D750,975,51200,35612.0,56.125285412874,22.009915848185884,15.395237680767
Nikon,D750,975,51200,35612.0,57.150412807653,22.41192659123647,15.481711136213
Nikon,D750,975,51200,35612.0,58.175540202432,22.81393733428706,15.566523358451
Nikon,D750,975,51200,35612.0,59.200667597211,23.215948077337647,15.649736225875
Nikon,D750,975,51200,35612.0,60.22579499199,23.617958820388235,15.731408253846
Nikon,D750,975,51200,35612.0,61.250922386769,24.019969563438824,15.811594832345
Nikon,D750,975,51200,35612.0,62.276049781548,24.42198030648941,15.8903484431
Nikon,D750,975,51200,35612.0,63.301177176327,24.823991049540002,15.967718858298
Nikon,D750,975,51200,35612.0,64.326304571106,25.226001792590587,16.043753322697
Nikon,D750,975,51200,35612.0,65.351431965885,25.628012535641176,16.118496720776
Nikon,D750,975,51200,35612.0,66.376559360664,26.030023278691765,16.191991730362
Nikon,D750,975,51200,35612.0,67.401686755443,26.43203402174235,16.264278964029
Nikon,D750,975,51200,35612.0,68.426814150222,26.834044764792942,16.335397099403
Nikon,D750,975,51200,35612.0,69.451941545001,27.23605550784353,16.405382999406
Nikon,D750,975,51200,35612.0,70.47706893978,27.638066250894116,16.474271823343
Nikon,D750,975,51200,35612.0,71.502196334559,28.04007699394471,16.542097129671
Nikon,D750,975,51200,35612.0,72.527323729338,28.44208773699529,16.608890971155
Nikon,D750,975,51200,35612.0,73.552451124117,28.844098480045883,16.674683983107
Nikon,D750,975,51200,35612.0,74.577578518896,29.24610922309647,16.739505465274
Nikon,D750,975,51200,35612.0,75.602705913675,29.648119966147057,16.80338345793
Nikon,D750,975,51200,35612.0,76.627833308454,30.05013070919765,16.866344812647
Nikon,D750,975,51200,35612.0,77.652960703233,30.452141452248238,16.928415258187
Nikon,D750,975,51200,35612.0,78.678088098012,30.854152195298823,16.989619461914
Nikon,D750,975,51200,35612.0,79.703215492791,31.256162938349412,17.049981087076
Nikon,D750,975,51200,35612.0,80.72834288757,31.658173681399997,17.109522846299
Nikon,D750,975,51200,35612.0,81.753470282349,32.06018442445059,17.168266551574
Nikon,D750,975,51200,35612.0,82.778597677128,32.46219516750118,17.22623316102
Nikon,D750,975,51200,35612.0,83.803725071907,32.86420591055176,17.283442822656
Nikon,D750,975,51200,35612.0,84.828852466686,33.266216653602356,17.339914915424
Nikon,D750,975,51200,35612.0,85.853979861465,33.668227396652945,17.395668087655
Nikon,D750,975,51200,35612.0,86.879107256244,34.07023813970353,17.450720293162
Nikon,D750,975,51200,35612.0,87.904234651023,34.47224888275412,17.505088825157
Nikon,D750,975,51200,35612.0,88.929362045802,34.874259625804704,17.558790348108
Nikon,D750,975,51200,35612.0,89.954489440581,35.27627036885529,17.611840927729
Nikon,D750,975,51200,35612.0,90.97961683536,35.67828111190588,17.664256059193
Nikon,D750,975,51200,35612.0,92.004744230139,36.08029185495647,17.716050693714
Nikon,D750,975,51200,35612.0,93.029871624918,36.48230259800706,17.767239263608
Nikon,D750,975,51200,35612.0,94.054999019697,36.88431334105765,17.817835705929
Nikon,D750,975,51200,35612.0,95.080126414476,37.28632408410824,17.867853484776
Nikon,D750,975,51200,35612.0,96.105253809255,37.688334827158826,17.917305612369
Nikon,D750,975,51200,35612.0,97.130381204034,38.09034557020941,17.966204668967
Nikon,D750,975,51200,35612.0,98.155508598813,38.492356313260004,18.014562821698
Nikon,D750,975,51200,35612.0,99.180635993592,38.89436705631059,18.062391842382
Nikon,D750,975,51200,35612.0,100.20576338837,39.29637779936079,18.109703124412
Nikon,D750,975,51200,35612.0,101.23089078315,39.69838854241176,18.156507698734
Nikon,D750,975,51200,35612.0,102.25601817793,40.10039928546274,18.202816249004
Nikon,D750,975,51200,35612.0,103.28114557271,40.50241002851372,18.248639125961
Nikon,D750,975,51200,35612.0,104.30627296749,40.90442077156471,18.293986361068
Nikon,D750,975,51200,35612.0,105.33140036227,41.30643151461569,18.33886767946
Nikon,D750,975,51200,35612.0,106.35652775705,41.70844225766667,18.383292512248
Nikon,D750,975,51200,35612.0,107.38165515182,42.110453000713726,18.427270008209
Nikon,D750,975,51200,35612.0,108.4067825466,42.512463743764705,18.470809044909
Nikon,D750,975,51200,35612.0,109.43190994138,42.914474486815685,18.513918239278
Nikon,D750,975,51200,35612.0,110.45703733616,43.316485229866664,18.556605957681
Nikon,D750,975,51200,35612.0,111.48216473094,43.71849597291765,18.598880325509
Nikon,D750,975,51200,35612.0,112.50729212572,44.120506715968624,18.640749236309
Nikon,D750,975,51200,35612.0,113.5324195205,44.5225174590196,18.6822203605
Nikon,D750,975,51200,35612.0,114.55754691528,44.92452820207059,18.723301153672
Nikon,D750,975,51200,35612.0,115.58267431006,45.32653894512157,18.763998864509
Nikon,D750,975,51200,35612.0,116.60780170484,45.72854968817255,18.804320542356
Nikon,D750,975,51200,35612.0,117.63292909961,46.13056043121961,18.844273044434
Nikon,D750,975,51200,35612.0,118.65805649439,46.532571174270586,18.883863042738
Nikon,D750,975,51200,35612.0,119.68318388917,46.934581917321566,18.923097030632
Nikon,D750,975,51200,35612.0,120.70831128395,47.336592660372546,18.961981329146
Nikon,D750,975,51200,35612.0,121.73343867873,47.73860340342353,19.000522093007
Nikon,D750,975,51200,35612.0,122.75856607351,48.14061414647451,19.038725316403
Nikon,D750,975,51200,35612.0,123.78369346829,48.542624889525484,19.076596838501
Nikon,D750,975,51200,35612.0,124.80882086307,48.94463563257647,19.114142348734
Nikon,D750,975,51200,35612.0,125.83394825785,49.34664637562745,19.151367391862
Nikon,D750,975,51200,35612.0,126.85907565263,49.74865711867843,19.188277372824
Nikon,D750,975,51200,35612.0,127.8842030474,50.150667861725495,19.224877561383
Nikon,D750,975,51200,35612.0,128.90933044218,50.55267860477647,19.261173096589
Nikon,D750,975,51200,35612.0,129.93445783696,50.954689347827454,19.297168991051
Nikon,D750,975,51200,35612.0,130.95958523174,51.35670009087843,19.332870135042
Nikon,D750,975,51200,35612.0,131.98471262652,51.75871083392941,19.368281300439
Nikon,D750,975,51200,35612.0,133.0098400213,52.160721576980386,19.403407144503
Nikon,D750,975,51200,35612.0,134.03496741608,52.56273232003138,19.438252213509
Nikon,D750,975,51200,35612.0,135.06009481086,52.96474306308235,19.472820946239
Nikon,D750,975,51200,35612.0,136.08522220564,53.36675380613334,19.507117677336
Nikon,D750,975,51200,35612.0,137.11034960042,53.76876454918431,19.541146640526
Nikon,D750,975,51200,35612.0,138.13547699519,54.170775292231376,19.574911971721
Nikon,D750,975,51200,35612.0,139.16060438997,54.57278603528235,19.608417712
Nikon,D750,975,51200,35612.0,140.18573178475,54.974796778333335,19.64166781048
Nikon,D750,975,51200,35612.0,141.21085917953,55.37680752138431,19.674666127081
Nikon,D750,975,51200,35612.0,142.23598657431,55.778818264435294,19.707416435184
Nikon,D750,975,51200,35612.0,143.26111396909,56.18082900748627,19.73992242419
Nikon,D750,975,51200,35612.0,144.28624136387,56.58283975053726,19.772187701993
Nikon,D750,975,51200,35612.0,145.31136875865,56.98485049358823,19.804215797357
Nikon,D750,975,51200,35612.0,146.33649615343,57.38686123663922,19.836010162205
Nikon,D750,975,51200,35612.0,147.3616235482,57.78887197968628,19.867574173831
Nikon,D750,975,51200,35612.0,148.38675094298,58.19088272273726,19.898911137033
Nikon,D750,975,51200,35612.0,149.41187833776,58.59289346578823,19.930024286165
Nikon,D750,975,51200,35612.0,150.43700573254,58.994904208839216,19.960916787123
Nikon,D750,975,51200,35612.0,151.46213312732,59.39691495189019,19.991591739258
Nikon,D750,975,51200,35612.0,152.4872605221,59.798925694941175,20.022052177228
Nikon,D750,975,51200,35612.0,153.51238791688,60.20093643799215,20.052301072776
Nikon,D750,975,51200,35612.0,154.53751531166,60.60294718104314,20.082341336459
Nikon,D750,975,51200,35612.0,155.56264270644,61.004957924094114,20.11217581931
Nikon,D750,975,51200,35612.0,156.58777010122,61.4069686671451,20.141807314447
Nikon,D750,975,51200,35612.0,157.61289749599,61.808979410192165,20.17123855863
Nikon,D750,975,51200,35612.0,158.63802489077,62.21099015324314,20.200472233762
Nikon,D750,975,51200,35612.0,159.66315228555,62.613000896294125,20.229510968343
Nikon,D750,975,51200,35612.0,160.68827968033,63.0150116393451,20.258357338878
Nikon,D750,975,51200,35612.0,161.71340707511,63.417022382396084,20.287013871232
Nikon,D750,975,51200,35612.0,162.73853446989,63.819033125447056,20.31548304195
Nikon,D750,975,51200,35612.0,163.76366186467,64.22104386849804,20.343767279529
Nikon,D750,975,51200,35612.0,164.78878925945,64.62305461154902,20.371868965652
Nikon,D750,975,51200,35612.0,165.81391665423,65.0250653546,20.399790436378
Nikon,D750,975,51200,35612.0,166.83904404901,65.42707609765098,20.427533983301
Nikon,D750,975,51200,35612.0,167.86417144378,65.82908684069805,20.455101854668
Nikon,D750,975,51200,35612.0,168.88929883856,66.23109758374902,20.482496256464
Nikon,D750,975,51200,35612.0,169.91442623334,66.6331083268,20.509719353461
Nikon,D750,975,51200,35612.0,170.93955362812,67.03511906985098,20.53677327024
Nikon,D750,975,51200,35612.0,171.9646810229,67.43712981290196,20.563660092175
Nikon,D750,975,51200,35612.0,172.98980841768,67.83914055595294,20.590381866391
Nikon,D750,975,51200,35612.0,174.01493581246,68.24115129900392,20.616940602692
Nikon,D750,975,51200,35612.0,175.04006320724,68.6431620420549,20.643338274462
Nikon,D750,975,51200,35612.0,176.06519060202,69.04517278510589,20.669576819539
Nikon,D750,975,51200,35612.0,177.0903179968,69.44718352815687,20.695658141057
Nikon,D750,975,51200,35612.0,178.11544539157,69.84919427120393,20.721584108276
Nikon,D750,975,51200,35612.0,179.14057278635,70.25120501425491,20.747356557375
Nikon,D750,975,51200,35612.0,180.16570018113,70.65321575730589,20.772977292228
Nikon,D750,975,51200,35612.0,181.19082757591,71.05522650035687,20.798448085154
Nikon,D750,975,51200,35612.0,182.21595497069,71.45723724340785,20.823770677654
Nikon,D750,975,51200,35612.0,183.24108236547,71.85924798645883,20.848946781111
Nikon,D750,975,51200,35612.0,184.26620976025,72.2612587295098,20.873978077488
Nikon,D750,975,51200,35612.0,185.29133715503,72.66326947256077,20.898866219993
Nikon,D750,975,51200,35612.0,186.31646454981,73.06528021561178,20.923612833729
Nikon,D750,975,51200,35612.0,187.34159194459,73.46729095866274,20.94821951633
Nikon,D750,975,51200,35612.0,188.36671933936,73.8693017017098,20.972687838573
Nikon,D750,975,51200,35612.0,189.39184673414,74.27131244476078,20.997019344976
Nikon,D750,975,51200,35612.0,190.41697412892,74.67332318781177,21.021215554381
Nikon,D750,975,51200,35612.0,191.4421015237,75.07533393086274,21.045277960516
Nikon,D750,975,51200,35612.0,192.46722891848,75.47734467391372,21.069208032549
Nikon,D750,975,51200,35612.0,193.49235631326,75.8793554169647,21.093007215618
Nikon,D750,975,51200,35612.0,194.51748370804,76.28136616001568,21.116676931356
Nikon,D750,975,51200,35612.0,195.54261110282,76.68337690306666,21.140218578393
Nikon,D750,975,51200,35612.0,196.5677384976,77.08538764611765,21.163633532854
Nikon,D750,975,51200,35612.0,197.59286589238,77.48739838916863,21.186923148833
Nikon,D750,975,51200,35612.0,198.61799328715,77.88940913221568,21.210088758864
Nikon,D750,975,51200,35612.0,199.64312068193,78.29141987526667,21.233131674375
Nikon,D750,975,51200,35612.0,200.66824807671,78.69343061831765,21.256053186128
Nikon,D750,975,51200,35612.0,201.69337547149,79.09544136136863,21.278854564655
Nikon,D750,975,51200,35612.0,202.71850286627,79.49745210441961,21.301537060675
Nikon,D750,975,51200,35612.0,203.74363026105,79.89946284747059,21.324101905504
Nikon,D750,975,51200,35612.0,204.76875765583,80.30147359052157,21.346550311452
Nikon,D750,975,51200,35612.0,205.79388505061,80.70348433357253,21.368883472216
Nikon,D750,975,51200,35612.0,206.81901244539,81.10549507662354,21.391102563254
Nikon,D750,975,51200,35612.0,207.84413984017,81.5075058196745,21.413208742158
Nikon,D750,975,51200,35612.0,208.86926723494,81.90951656272156,21.435203149009
Nikon,D750,975,51200,35612.0,209.89439462972,82.31152730577256,21.457086906734
Nikon,D750,975,51200,35612.0,210.9195220245,82.71353804882354,21.478861121442
Nikon,D750,975,51200,35612.0,211.94464941928,83.11554879187452,21.500526882764
Nikon,D750,975,51200,35612.0,212.96977681406,83.5175595349255,21.522085264172
Nikon,D750,975,51200,35612.0,213.99490420884,83.91957027797648,21.5435373233
Nikon,D750,975,51200,35612.0,215.02003160362,84.32158102102744,21.564884102256
Nikon,D750,975,51200,35612.0,216.0451589984,84.72359176407844,21.586126627917
Nikon,D750,975,51200,35612.0,217.07028639318,85.12560250712941,21.607265912231
Nikon,D750,975,51200,35612.0,218.09541378796,85.5276132501804,21.628302952501
Nikon,D750,975,51200,35612.0,219.12054118273,85.92962399322744,21.649238731667
Nikon,D750,975,51200,35612.0,220.14566857751,86.33163473627845,21.67007421858
Nikon,D750,975,51200,35612.0,221.17079597229,86.73364547932941,21.690810368269
Nikon,D750,975,51200,35612.0,222.19592336707,87.13565622238039,21.711448122205
Nikon,D750,975,51200,35612.0,223.22105076185,87.53766696543137,21.731988408552
Nikon,D750,975,51200,35612.0,224.24617815663,87.93967770848235,21.752432142418
Nikon,D750,975,51200,35612.0,225.27130555141,88.34168845153333,21.772780226102
Nikon,D750,975,51200,35612.0,226.29643294619,88.74369919458431,21.793033549327
Nikon,D750,975,51200,35612.0,227.32156034097,89.14570993763529,21.813192989472
Nikon,D750,975,51200,35612.0,228.34668773575,89.54772068068628,21.833259411803
Nikon,D750,975,51200,35612.0,229.37181513052,89.94973142373333,21.853233669695
Nikon,D750,975,51200,35612.0,230.3969425253,90.35174216678432,21.873116604841
Nikon,D750,975,51200,35612.0,231.42206992008,90.7537529098353,21.892909047474
Nikon,D750,975,51200,35612.0,232.44719731486,91.15576365288628,21.912611816567
Nikon,D750,975,51200,35612.0,233.47232470964,91.55777439593726,21.93222572004
Nikon,D750,975,51200,35612.0,234.49745210442,91.95978513898824,21.951751554952
Nikon,D750,975,51200,35612.0,235.5225794992,92.36179588203922,21.971190107702
Nikon,D750,975,51200,35612.0,236.54770689398,92.7638066250902,21.990542154211
Nikon,D750,975,51200,35612.0,237.57283428876,93.16581736814116,22.009808460114
Nikon,D750,975,51200,35612.0,238.59796168354,93.56782811119217,22.028989780935
Nikon,D750,975,51200,35612.0,239.62308907831,93.96983885423921,22.048086862265
Nikon,D750,975,51200,35612.0,240.64821647309,94.3718495972902,22.067100439939
Nikon,D750,975,51200,35612.0,241.67334386787,94.77386034034117,22.086031240202
Nikon,D750,975,51200,35612.0,242.69847126265,95.17587108339217,22.104879979875
Nikon,D750,975,51200,35612.0,243.72359865743,95.57788182644313,22.123647366518
Nikon,D750,975,51200,35612.0,244.74872605221,95.97989256949411,22.142334098589
Nikon,D750,975,51200,35612.0,245.77385344699,96.38190331254509,22.160940865599
Nikon,D750,975,51200,35612.0,246.79898084177,96.78391405559607,22.179468348262
Nikon,D750,975,51200,35612.0,247.82410823655,97.18592479864705,22.197917218647
Nikon,D750,975,51200,35612.0,248.84923563133,97.58793554169804,22.216288140322
Nikon,D750,975,51200,35612.0,249.8743630261,97.9899462847451,22.234581768497
Nikon,D750,975,51200,35612.0,250.89949042088,98.39195702779607,22.252798750163
Nikon,D750,975,51200,35612.0,251.92461781566,98.79396777084708,22.27093972423
Nikon,D750,975,51200,35612.0,252.94974521044,99.19597851389804,22.289005321661
Nikon,D750,975,51200,35612.0,253.97487260522,99.59798925694902,22.306996165599
Nikon,D750,975,51200,35612.0,255,100.0,22.324912871503
