brand,model,sensor_id,iso_manufacturer,iso_measured,gray_level_255,gray_pct,snr_db
Panasonic,Lumix DMC LX5,683,80,67.0,0.16624066556884,0.06519241787013334,0
Panasonic,Lumix DMC LX5,683,80,67.0,0.20074995625696,0.0787254730419451,1.4954764600186
Panasonic,Lumix DMC LX5,683,80,67.0,0.37457124095772,0.14689068272851763,6.2570135505037
Panasonic,Lumix DMC LX5,683,80,67.0,0.71359957486311,0.2798429705345529,10.804982766193
Panasonic,Lumix DMC LX5,683,80,67.0,1.3269973035285,0.5203910994229413,14.765754923023
Panasonic,Lumix DMC LX5,683,80,67.0,2.4283931545249,0.9523110409901567,18.242053145459
Panasonic,Lumix DMC LX5,683,80,67.0,5.1540338625022,2.021189750000863,22.146414830174
Panasonic,Lumix DMC LX5,683,80,67.0,6.1574313168697,2.4146789477920394,23.016729585847
Panasonic,Lumix DMC LX5,683,80,67.0,7.1608287712371,2.8081681455831764,23.742814920799
Panasonic,Lumix DMC LX5,683,80,67.0,8.1642262256046,3.2016573433743525,24.365053260685
Panasonic,Lumix DMC LX5,683,80,67.0,9.167623679972,3.59514654116549,24.909042707853
Panasonic,Lumix DMC LX5,683,80,67.0,10.17102113434,3.9886357389568623,25.392003067761
Panasonic,Lumix DMC LX5,683,80,67.0,11.174418588707,4.382124936747844,25.82605993807
Panasonic,Lumix DMC LX5,683,80,67.0,12.177816043074,4.775614134538824,26.220067225043
Panasonic,Lumix DMC LX5,683,80,67.0,13.181213497442,5.169103332330196,26.580683457248
Panasonic,Lumix DMC LX5,683,80,67.0,14.184610951809,5.562592530121177,26.913040127714
Panasonic,Lumix DMC LX5,683,80,67.0,15.188008406177,5.956081727912549,27.221174237738
Panasonic,Lumix DMC LX5,683,80,67.0,16.191405860544,6.34957092570353,27.508318127866
Panasonic,Lumix DMC LX5,683,80,67.0,17.194803314912,6.743060123494902,27.77709951233
Panasonic,Lumix DMC LX5,683,80,67.0,18.198200769279,7.136549321285883,28.02968310354
Panasonic,Lumix DMC LX5,683,80,67.0,19.201598223647,7.530038519077255,28.267873134486
Panasonic,Lumix DMC LX5,683,80,67.0,20.204995678014,7.923527716868235,28.493189038366
Panasonic,Lumix DMC LX5,683,80,67.0,21.208393132382,8.317016914659607,28.706922288394
Panasonic,Lumix DMC LX5,683,80,67.0,22.211790586749,8.710506112450588,28.910179751843
Panasonic,Lumix DMC LX5,683,80,67.0,23.215188041117,9.103995310241961,29.103917219355
Panasonic,Lumix DMC LX5,683,80,67.0,24.218585495484,9.497484508032942,29.288965662392
Panasonic,Lumix DMC LX5,683,80,67.0,25.221982949851,9.89097370582392,29.466052030644
Panasonic,Lumix DMC LX5,683,80,67.0,26.225380404219,10.284462903615294,29.635815896058
Panasonic,Lumix DMC LX5,683,80,67.0,27.228777858586,10.677952101406273,29.798822899619
Panasonic,Lumix DMC LX5,683,80,67.0,28.232175312954,11.071441299197646,29.955575709955
Panasonic,Lumix DMC LX5,683,80,67.0,29.235572767321,11.464930496988627,30.106523026036
Panasonic,Lumix DMC LX5,683,80,67.0,30.238970221689,11.85841969478,30.25206702808
Panasonic,Lumix DMC LX5,683,80,67.0,31.242367676056,12.25190889257098,30.392569586704
Panasonic,Lumix DMC LX5,683,80,67.0,32.245765130424,12.645398090362352,30.528357470435
Panasonic,Lumix DMC LX5,683,80,67.0,33.249162584791,13.038887288153333,30.659726739283
Panasonic,Lumix DMC LX5,683,80,67.0,34.252560039159,13.432376485944705,30.786946472307
Panasonic,Lumix DMC LX5,683,80,67.0,35.255957493526,13.825865683735685,30.910261946659
Panasonic,Lumix DMC LX5,683,80,67.0,36.259354947894,14.21935488152706,31.029897362157
Panasonic,Lumix DMC LX5,683,80,67.0,37.262752402261,14.612844079318037,31.146058187108
Panasonic,Lumix DMC LX5,683,80,67.0,38.266149856628,15.006333277109018,31.258933186843
Panasonic,Lumix DMC LX5,683,80,67.0,39.269547310996,15.399822474900393,31.368696185048
Panasonic,Lumix DMC LX5,683,80,67.0,40.272944765363,15.793311672691374,31.475507599044
Panasonic,Lumix DMC LX5,683,80,67.0,41.276342219731,16.186800870482745,31.579515782924
Panasonic,Lumix DMC LX5,683,80,67.0,42.279739674098,16.580290068273726,31.680858206689
Panasonic,Lumix DMC LX5,683,80,67.0,43.283137128466,16.973779266065097,31.779662494828
Panasonic,Lumix DMC LX5,683,80,67.0,44.286534582833,17.367268463856078,31.876047343971
Panasonic,Lumix DMC LX5,683,80,67.0,45.289932037201,17.76075766164745,31.970123336117
Panasonic,Lumix DMC LX5,683,80,67.0,46.293329491568,18.154246859438434,32.061993661374
Panasonic,Lumix DMC LX5,683,80,67.0,47.296726945936,18.547736057229805,32.151754762019
Panasonic,Lumix DMC LX5,683,80,67.0,48.300124400303,18.941225255020782,32.239496907948
Panasonic,Lumix DMC LX5,683,80,67.0,49.30352185467,19.334714452811767,32.325304712085
Panasonic,Lumix DMC LX5,683,80,67.0,50.306919309038,19.728203650603138,32.409257593113
Panasonic,Lumix DMC LX5,683,80,67.0,51.310316763405,20.12169284839412,32.491430191868
Panasonic,Lumix DMC LX5,683,80,67.0,52.313714217773,20.51518204618549,32.57189274684
Panasonic,Lumix DMC LX5,683,80,67.0,53.31711167214,20.90867124397647,32.650711433504
Panasonic,Lumix DMC LX5,683,80,67.0,54.320509126508,21.302160441767843,32.727948671598
Panasonic,Lumix DMC LX5,683,80,67.0,55.323906580875,21.695649639558823,32.803663403897
Panasonic,Lumix DMC LX5,683,80,67.0,56.327304035243,22.0891388373502,32.877911349594
Panasonic,Lumix DMC LX5,683,80,67.0,57.33070148961,22.48262803514118,32.950745235039
Panasonic,Lumix DMC LX5,683,80,67.0,58.334098943978,22.87611723293255,33.022215004182
Panasonic,Lumix DMC LX5,683,80,67.0,59.337496398345,23.26960643072353,33.092368010861
Panasonic,Lumix DMC LX5,683,80,67.0,60.340893852713,23.663095628514903,33.161249194761
Panasonic,Lumix DMC LX5,683,80,67.0,61.34429130708,24.056584826305883,33.228901242678
Panasonic,Lumix DMC LX5,683,80,67.0,62.347688761447,24.450074024096864,33.295364736557
Panasonic,Lumix DMC LX5,683,80,67.0,63.351086215815,24.84356322188824,33.360678289558
Panasonic,Lumix DMC LX5,683,80,67.0,64.354483670182,25.237052419679216,33.42487867131
Panasonic,Lumix DMC LX5,683,80,67.0,65.35788112455,25.63054161747059,33.488000923366
Panasonic,Lumix DMC LX5,683,80,67.0,66.361278578917,26.02403081526157,33.550078465757
Panasonic,Lumix DMC LX5,683,80,67.0,67.364676033285,26.417520013052936,33.611143195458
Panasonic,Lumix DMC LX5,683,80,67.0,68.368073487652,26.811009210843924,33.671225577506
Panasonic,Lumix DMC LX5,683,80,67.0,69.37147094202,27.204498408635292,33.730354729389
Panasonic,Lumix DMC LX5,683,80,67.0,70.374868396387,27.597987606426276,33.788558499323
Panasonic,Lumix DMC LX5,683,80,67.0,71.378265850755,27.991476804217648,33.845863538923
Panasonic,Lumix DMC LX5,683,80,67.0,72.381663305122,28.38496600200863,33.902295370749
Panasonic,Lumix DMC LX5,683,80,67.0,73.385060759489,28.77845519979961,33.957878451153
Panasonic,Lumix DMC LX5,683,80,67.0,74.388458213857,29.17194439759098,34.012636228814
Panasonic,Lumix DMC LX5,683,80,67.0,75.391855668224,29.565433595381958,34.066591199311
Panasonic,Lumix DMC LX5,683,80,67.0,76.395253122592,29.958922793173333,34.119764956053
Panasonic,Lumix DMC LX5,683,80,67.0,77.398650576959,30.352411990964313,34.172178237854
Panasonic,Lumix DMC LX5,683,80,67.0,78.402048031327,30.74590118875569,34.223850973408
Panasonic,Lumix DMC LX5,683,80,67.0,79.405445485694,31.139390386546665,34.274802322916
Panasonic,Lumix DMC LX5,683,80,67.0,80.408842940062,31.53287958433804,34.325050717067
Panasonic,Lumix DMC LX5,683,80,67.0,81.412240394429,31.92636878212902,34.374613893584
Panasonic,Lumix DMC LX5,683,80,67.0,82.415637848797,32.3198579799204,34.423508931509
Panasonic,Lumix DMC LX5,683,80,67.0,83.419035303164,32.71334717771137,34.47175228339
Panasonic,Lumix DMC LX5,683,80,67.0,84.422432757532,33.10683637550274,34.519359805534
Panasonic,Lumix DMC LX5,683,80,67.0,85.425830211899,33.50032557329373,34.566346786446
Panasonic,Lumix DMC LX5,683,80,67.0,86.429227666266,33.893814771084706,34.612727973604
Panasonic,Lumix DMC LX5,683,80,67.0,87.432625120634,34.287303968876074,34.658517598664
Panasonic,Lumix DMC LX5,683,80,67.0,88.436022575001,34.680793166667065,34.703729401224
Panasonic,Lumix DMC LX5,683,80,67.0,89.439420029369,35.07428236445843,34.748376651224
Panasonic,Lumix DMC LX5,683,80,67.0,90.442817483736,35.46777156224941,34.792472170099
Panasonic,Lumix DMC LX5,683,80,67.0,91.446214938104,35.861260760040786,34.836028350744
Panasonic,Lumix DMC LX5,683,80,67.0,92.449612392471,36.25474995783176,34.879057176387
Panasonic,Lumix DMC LX5,683,80,67.0,93.453009846839,36.64823915562314,34.921570238429
Panasonic,Lumix DMC LX5,683,80,67.0,94.456407301206,37.041728353414115,34.963578753333
Panasonic,Lumix DMC LX5,683,80,67.0,95.459804755574,37.43521755120549,35.005093578598
Panasonic,Lumix DMC LX5,683,80,67.0,96.463202209941,37.828706748996474,35.046125227909
Panasonic,Lumix DMC LX5,683,80,67.0,97.466599664309,38.22219594678785,35.08668388548
Panasonic,Lumix DMC LX5,683,80,67.0,98.469997118676,38.615685144578826,35.126779419669
Panasonic,Lumix DMC LX5,683,80,67.0,99.473394573043,39.0091743423698,35.166421395892
Panasonic,Lumix DMC LX5,683,80,67.0,100.47679202741,39.40266354016078,35.205619088882
Panasonic,Lumix DMC LX5,683,80,67.0,101.48018948178,39.796152737952944,35.244381494337
Panasonic,Lumix DMC LX5,683,80,67.0,102.48358693615,40.1896419357451,35.282717339993
Panasonic,Lumix DMC LX5,683,80,67.0,103.48698439051,40.583131133533335,35.320635096146
Panasonic,Lumix DMC LX5,683,80,67.0,104.49038184488,40.97662033132549,35.358142985671
Panasonic,Lumix DMC LX5,683,80,67.0,105.49377929925,41.37010952911764,35.395248993549
Panasonic,Lumix DMC LX5,683,80,67.0,106.49717675362,41.7635987269098,35.431960875951
Panasonic,Lumix DMC LX5,683,80,67.0,107.50057420798,42.15708792469804,35.468286168884
Panasonic,Lumix DMC LX5,683,80,67.0,108.50397166235,42.550577122490196,35.504232196434
Panasonic,Lumix DMC LX5,683,80,67.0,109.50736911672,42.94406632028235,35.539806078631
Panasonic,Lumix DMC LX5,683,80,67.0,110.51076657109,43.33755551807451,35.57501473895
Panasonic,Lumix DMC LX5,683,80,67.0,111.51416402545,43.731044715862744,35.609864911466
Panasonic,Lumix DMC LX5,683,80,67.0,112.51756147982,44.1245339136549,35.644363147697
Panasonic,Lumix DMC LX5,683,80,67.0,113.52095893419,44.518023111447064,35.67851582313
Panasonic,Lumix DMC LX5,683,80,67.0,114.52435638856,44.911512309239214,35.712329143464
Panasonic,Lumix DMC LX5,683,80,67.0,115.52775384292,45.305001507027455,35.745809150578
Panasonic,Lumix DMC LX5,683,80,67.0,116.53115129729,45.698490704819605,35.77896172824
Panasonic,Lumix DMC LX5,683,80,67.0,117.53454875166,46.09197990261176,35.811792607563
Panasonic,Lumix DMC LX5,683,80,67.0,118.53794620603,46.48546910040392,35.844307372239
Panasonic,Lumix DMC LX5,683,80,67.0,119.54134366039,46.87895829819216,35.876511463539
Panasonic,Lumix DMC LX5,683,80,67.0,120.54474111476,47.272447495984316,35.908410185114
Panasonic,Lumix DMC LX5,683,80,67.0,121.54813856913,47.66593669377647,35.940008707583
Panasonic,Lumix DMC LX5,683,80,67.0,122.55153602349,48.05942589156471,35.971312072944
Panasonic,Lumix DMC LX5,683,80,67.0,123.55493347786,48.452915089356864,36.002325198795
Panasonic,Lumix DMC LX5,683,80,67.0,124.55833093223,48.84640428714902,36.033052882387
Panasonic,Lumix DMC LX5,683,80,67.0,125.5617283866,49.23989348494117,36.063499804514
Panasonic,Lumix DMC LX5,683,80,67.0,126.56512584096,49.63338268272941,36.09367053324
Panasonic,Lumix DMC LX5,683,80,67.0,127.56852329533,50.02687188052156,36.123569527493
Panasonic,Lumix DMC LX5,683,80,67.0,128.5719207497,50.42036107831373,36.153201140499
Panasonic,Lumix DMC LX5,683,80,67.0,129.57531820407,50.813850276105875,36.182569623096
Panasonic,Lumix DMC LX5,683,80,67.0,130.57871565843,51.20733947389412,36.211679126912
Panasonic,Lumix DMC LX5,683,80,67.0,131.5821131128,51.60082867168627,36.240533707423
Panasonic,Lumix DMC LX5,683,80,67.0,132.58551056717,51.99431786947842,36.269137326896
Panasonic,Lumix DMC LX5,683,80,67.0,133.58890802154,52.387807067270586,36.297493857212
Panasonic,Lumix DMC LX5,683,80,67.0,134.5923054759,52.78129626505882,36.325607082596
Panasonic,Lumix DMC LX5,683,80,67.0,135.59570293027,53.174785462850984,36.353480702233
Panasonic,Lumix DMC LX5,683,80,67.0,136.59910038464,53.568274660643134,36.381118332796
Panasonic,Lumix DMC LX5,683,80,67.0,137.60249783901,53.9617638584353,36.408523510871
Panasonic,Lumix DMC LX5,683,80,67.0,138.60589529337,54.35525305622353,36.435699695305
Panasonic,Lumix DMC LX5,683,80,67.0,139.60929274774,54.74874225401568,36.462650269461
Panasonic,Lumix DMC LX5,683,80,67.0,140.61269020211,55.142231451807845,36.489378543391
Panasonic,Lumix DMC LX5,683,80,67.0,141.61608765648,55.53572064960001,36.515887755939
Panasonic,Lumix DMC LX5,683,80,67.0,142.61948511084,55.929209847388236,36.54218107676
Panasonic,Lumix DMC LX5,683,80,67.0,143.62288256521,56.32269904518039,36.568261608275
Panasonic,Lumix DMC LX5,683,80,67.0,144.62628001958,56.71618824297256,36.594132387554
Panasonic,Lumix DMC LX5,683,80,67.0,145.62967747395,57.109677440764706,36.619796388134
Panasonic,Lumix DMC LX5,683,80,67.0,146.63307492831,57.50316663855295,36.645256521774
Panasonic,Lumix DMC LX5,683,80,67.0,147.63647238268,57.896655836345104,36.670515640153
Panasonic,Lumix DMC LX5,683,80,67.0,148.63986983705,58.290145034137254,36.695576536504
Panasonic,Lumix DMC LX5,683,80,67.0,149.64326729142,58.6836342319294,36.720441947199
Panasonic,Lumix DMC LX5,683,80,67.0,150.64666474578,59.07712342971764,36.745114553277
Panasonic,Lumix DMC LX5,683,80,67.0,151.65006220015,59.4706126275098,36.769596981921
Panasonic,Lumix DMC LX5,683,80,67.0,152.65345965452,59.864101825301965,36.793891807889
Panasonic,Lumix DMC LX5,683,80,67.0,153.65685710889,60.257591023094115,36.818001554896
Panasonic,Lumix DMC LX5,683,80,67.0,154.66025456325,60.65108022088235,36.841928696947
Panasonic,Lumix DMC LX5,683,80,67.0,155.66365201762,61.04456941867451,36.865675659636
Panasonic,Lumix DMC LX5,683,80,67.0,156.66704947199,61.43805861646666,36.889244821393
Panasonic,Lumix DMC LX5,683,80,67.0,157.67044692636,61.831547814258826,36.912638514698
Panasonic,Lumix DMC LX5,683,80,67.0,158.67384438072,62.22503701204706,36.935859027252
Panasonic,Lumix DMC LX5,683,80,67.0,159.67724183509,62.61852620983922,36.958908603113
Panasonic,Lumix DMC LX5,683,80,67.0,160.68063928946,63.012015407631374,36.981789443798
Panasonic,Lumix DMC LX5,683,80,67.0,161.68403674383,63.40550460542354,37.004503709344
Panasonic,Lumix DMC LX5,683,80,67.0,162.68743419819,63.798993803211765,37.027053519344
Panasonic,Lumix DMC LX5,683,80,67.0,163.69083165256,64.19248300100392,37.049440953947
Panasonic,Lumix DMC LX5,683,80,67.0,164.69422910693,64.58597219879609,37.071668054827
Panasonic,Lumix DMC LX5,683,80,67.0,165.6976265613,64.97946139658825,37.093736826121
Panasonic,Lumix DMC LX5,683,80,67.0,166.70102401566,65.37295059437648,37.115649235343
Panasonic,Lumix DMC LX5,683,80,67.0,167.70442147003,65.76643979216863,37.137407214271
Panasonic,Lumix DMC LX5,683,80,67.0,168.7078189244,66.15992898996078,37.159012659796
Panasonic,Lumix DMC LX5,683,80,67.0,169.71121637877,66.55341818775294,37.180467434763
Panasonic,Lumix DMC LX5,683,80,67.0,170.71461383313,66.94690738554118,37.201773368773
Panasonic,Lumix DMC LX5,683,80,67.0,171.7180112875,67.34039658333333,37.222932258968
Panasonic,Lumix DMC LX5,683,80,67.0,172.72140874187,67.7338857811255,37.243945870793
Panasonic,Lumix DMC LX5,683,80,67.0,173.72480619624,68.12737497891764,37.264815938731
Panasonic,Lumix DMC LX5,683,80,67.0,174.7282036506,68.52086417670587,37.285544167024
Panasonic,Lumix DMC LX5,683,80,67.0,175.73160110497,68.91435337449803,37.306132230369
Panasonic,Lumix DMC LX5,683,80,67.0,176.73499855934,69.30784257229018,37.326581774591
Panasonic,Lumix DMC LX5,683,80,67.0,177.73839601371,69.70133177008235,37.346894417304
Panasonic,Lumix DMC LX5,683,80,67.0,178.74179346807,70.09482096787059,37.36707174855
Panasonic,Lumix DMC LX5,683,80,67.0,179.74519092244,70.48831016566275,37.387115331415
Panasonic,Lumix DMC LX5,683,80,67.0,180.74858837681,70.8817993634549,37.40702670264
Panasonic,Lumix DMC LX5,683,80,67.0,181.75198583118,71.27528856124707,37.426807373201
Panasonic,Lumix DMC LX5,683,80,67.0,182.75538328554,71.6687777590353,37.446458828882
Panasonic,Lumix DMC LX5,683,80,67.0,183.75878073991,72.06226695682746,37.465982530829
Panasonic,Lumix DMC LX5,683,80,67.0,184.76217819428,72.4557561546196,37.485379916093
Panasonic,Lumix DMC LX5,683,80,67.0,185.76557564865,72.84924535241177,37.504652398149
Panasonic,Lumix DMC LX5,683,80,67.0,186.76897310301,73.24273455020001,37.523801367412
Panasonic,Lumix DMC LX5,683,80,67.0,187.77237055738,73.63622374799215,37.54282819173
Panasonic,Lumix DMC LX5,683,80,67.0,188.77576801175,74.02971294578431,37.56173421687
Panasonic,Lumix DMC LX5,683,80,67.0,189.77916546612,74.42320214357648,37.580520766989
Panasonic,Lumix DMC LX5,683,80,67.0,190.78256292048,74.8166913413647,37.599189145089
Panasonic,Lumix DMC LX5,683,80,67.0,191.78596037485,75.21018053915685,37.617740633469
Panasonic,Lumix DMC LX5,683,80,67.0,192.78935782922,75.60366973694902,37.636176494153
Panasonic,Lumix DMC LX5,683,80,67.0,193.79275528359,75.99715893474117,37.654497969318
Panasonic,Lumix DMC LX5,683,80,67.0,194.79615273795,76.39064813252942,37.672706281704
Panasonic,Lumix DMC LX5,683,80,67.0,195.79955019232,76.78413733032157,37.690802635016
Panasonic,Lumix DMC LX5,683,80,67.0,196.80294764669,77.17762652811373,37.708788214315
Panasonic,Lumix DMC LX5,683,80,67.0,197.80634510106,77.57111572590588,37.726664186401
Panasonic,Lumix DMC LX5,683,80,67.0,198.80974255542,77.96460492369411,37.744431700181
Panasonic,Lumix DMC LX5,683,80,67.0,199.81314000979,78.35809412148627,37.762091887036
Panasonic,Lumix DMC LX5,683,80,67.0,200.81653746416,78.75158331927842,37.77964586117
Panasonic,Lumix DMC LX5,683,80,67.0,201.81993491853,79.14507251707059,37.797094719956
Panasonic,Lumix DMC LX5,683,80,67.0,202.82333237289,79.53856171485883,37.81443954427
Panasonic,Lumix DMC LX5,683,80,67.0,203.82672982726,79.932050912651,37.831681398823
Panasonic,Lumix DMC LX5,683,80,67.0,204.83012728163,80.32554011044314,37.848821332474
Panasonic,Lumix DMC LX5,683,80,67.0,205.833524736,80.71902930823529,37.865860378546
Panasonic,Lumix DMC LX5,683,80,67.0,206.83692219036,81.11251850602353,37.882799555128
Panasonic,Lumix DMC LX5,683,80,67.0,207.84031964473,81.50600770381568,37.899639865372
Panasonic,Lumix DMC LX5,683,80,67.0,208.8437170991,81.89949690160783,37.916382297781
Panasonic,Lumix DMC LX5,683,80,67.0,209.84711455347,82.2929860994,37.933027826494
Panasonic,Lumix DMC LX5,683,80,67.0,210.85051200783,82.68647529718824,37.949577411558
Panasonic,Lumix DMC LX5,683,80,67.0,211.8539094622,83.07996449498039,37.966031999202
Panasonic,Lumix DMC LX5,683,80,67.0,212.85730691657,83.47345369277255,37.982392522094
Panasonic,Lumix DMC LX5,683,80,67.0,213.86070437093,83.86694289056078,37.9986598996
Panasonic,Lumix DMC LX5,683,80,67.0,214.8641018253,84.26043208835294,38.014835038035
Panasonic,Lumix DMC LX5,683,80,67.0,215.86749927967,84.65392128614509,38.030918830909
Panasonic,Lumix DMC LX5,683,80,67.0,216.87089673404,85.04741048393726,38.046912159159
Panasonic,Lumix DMC LX5,683,80,67.0,217.8742941884,85.4408996817255,38.062815891392
Panasonic,Lumix DMC LX5,683,80,67.0,218.87769164277,85.83438887951765,38.078630884105
Panasonic,Lumix DMC LX5,683,80,67.0,219.88108909714,86.22787807730981,38.09435798191
Panasonic,Lumix DMC LX5,683,80,67.0,220.88448655151,86.62136727510197,38.109998017756
Panasonic,Lumix DMC LX5,683,80,67.0,221.88788400587,87.0148564728902,38.125551813134
Panasonic,Lumix DMC LX5,683,80,67.0,222.89128146024,87.40834567068235,38.141020178291
Panasonic,Lumix DMC LX5,683,80,67.0,223.89467891461,87.80183486847451,38.15640391243
Panasonic,Lumix DMC LX5,683,80,67.0,224.89807636898,88.19532406626666,38.171703803908
Panasonic,Lumix DMC LX5,683,80,67.0,225.90147382334,88.5888132640549,38.186920630435
Panasonic,Lumix DMC LX5,683,80,67.0,226.90487127771,88.98230246184706,38.202055159258
Panasonic,Lumix DMC LX5,683,80,67.0,227.90826873208,89.37579165963922,38.217108147349
Panasonic,Lumix DMC LX5,683,80,67.0,228.91166618645,89.76928085743137,38.232080341588
Panasonic,Lumix DMC LX5,683,80,67.0,229.91506364081,90.1627700552196,38.246972478937
Panasonic,Lumix DMC LX5,683,80,67.0,230.91846109518,90.55625925301176,38.261785286617
Panasonic,Lumix DMC LX5,683,80,67.0,231.92185854955,90.94974845080392,38.276519482277
Panasonic,Lumix DMC LX5,683,80,67.0,232.92525600392,91.34323764859607,38.29117577416
Panasonic,Lumix DMC LX5,683,80,67.0,233.92865345828,91.73672684638431,38.305754861263
Panasonic,Lumix DMC LX5,683,80,67.0,234.93205091265,92.13021604417648,38.320257433502
Panasonic,Lumix DMC LX5,683,80,67.0,235.93544836702,92.52370524196863,38.334684171861
Panasonic,Lumix DMC LX5,683,80,67.0,236.93884582139,92.91719443976079,38.34903574855
Panasonic,Lumix DMC LX5,683,80,67.0,237.94224327575,93.31068363754902,38.363312827151
Panasonic,Lumix DMC LX5,683,80,67.0,238.94564073012,93.70417283534118,38.377516062765
Panasonic,Lumix DMC LX5,683,80,67.0,239.94903818449,94.09766203313333,38.391646102155
Panasonic,Lumix DMC LX5,683,80,67.0,240.95243563886,94.4911512309255,38.405703583884
Panasonic,Lumix DMC LX5,683,80,67.0,241.95583309322,94.88464042871372,38.419689138456
Panasonic,Lumix DMC LX5,683,80,67.0,242.95923054759,95.27812962650589,38.433603388446
Panasonic,Lumix DMC LX5,683,80,67.0,243.96262800196,95.67161882429804,38.447446948636
Panasonic,Lumix DMC LX5,683,80,67.0,244.96602545633,96.0651080220902,38.461220426139
Panasonic,Lumix DMC LX5,683,80,67.0,245.96942291069,96.45859721987844,38.474924420526
Panasonic,Lumix DMC LX5,683,80,67.0,246.97282036506,96.85208641767058,38.488559523953
Panasonic,Lumix DMC LX5,683,80,67.0,247.97621781943,97.24557561546274,38.502126321279
Panasonic,Lumix DMC LX5,683,80,67.0,248.9796152738,97.63906481325489,38.515625390183
Panasonic,Lumix DMC LX5,683,80,67.0,249.98301272816,98.03255401104313,38.529057301286
Panasonic,Lumix DMC LX5,683,80,67.0,250.98641018253,98.4260432088353,38.542422618257
Panasonic,Lumix DMC LX5,683,80,67.0,251.9898076369,98.81953240662746,38.55572189793
Panasonic,Lumix DMC LX5,683,80,67.0,252.99320509127,99.21302160441961,38.568955690414
Panasonic,Lumix DMC LX5,683,80,67.0,253.99660254563,99.60651080220784,38.582124539194
Panasonic,Lumix DMC LX5,683,80,67.0,255,100.0,38.595228981242
Panasonic,Lumix DMC LX5,683,100,81.0,0.20074995625696,0.0787254730419451,0
Panasonic,Lumix DMC LX5,683,100,81.0,0.37457124095772,0.14689068272851763,4.8546409182169
Panasonic,Lumix DMC LX5,683,100,81.0,0.71359957486311,0.2798429705345529,9.5284268435828
Panasonic,Lumix DMC LX5,683,100,81.0,1.3269973035285,0.5203910994229413,13.621954863866
Panasonic,Lumix DMC LX5,683,100,81.0,2.4283931545249,0.9523110409901567,17.216042247283
Panasonic,Lumix DMC LX5,683,100,81.0,5.1540338625022,2.021189750000863,21.229789860287
Panasonic,Lumix DMC LX5,683,100,81.0,6.1574313168697,2.4146789477920394,22.11938909507
Panasonic,Lumix DMC LX5,683,100,81.0,7.1608287712371,2.8081681455831764,22.860046868275
Panasonic,Lumix DMC LX5,683,100,81.0,8.1642262256046,3.2016573433743525,23.493699917735
Panasonic,Lumix DMC LX5,683,100,81.0,9.167623679972,3.59514654116549,24.04688469249
Panasonic,Lumix DMC LX5,683,100,81.0,10.17102113434,3.9886357389568623,24.537421010729
Panasonic,Lumix DMC LX5,683,100,81.0,11.174418588707,4.382124936747844,24.977836031866
Panasonic,Lumix DMC LX5,683,100,81.0,12.177816043074,4.775614134538824,25.377262554274
Panasonic,Lumix DMC LX5,683,100,81.0,13.181213497442,5.169103332330196,25.742558847944
Panasonic,Lumix DMC LX5,683,100,81.0,14.184610951809,5.562592530121177,26.079003215991
Panasonic,Lumix DMC LX5,683,100,81.0,15.188008406177,5.956081727912549,26.390742982826
Panasonic,Lumix DMC LX5,683,100,81.0,16.191405860544,6.34957092570353,26.681094997496
Panasonic,Lumix DMC LX5,683,100,81.0,17.194803314912,6.743060123494902,26.95275280149
Panasonic,Lumix DMC LX5,683,100,81.0,18.198200769279,7.136549321285883,27.207933145074
Panasonic,Lumix DMC LX5,683,100,81.0,19.201598223647,7.530038519077255,27.448481940846
Panasonic,Lumix DMC LX5,683,100,81.0,20.204995678014,7.923527716868235,27.675952398573
Panasonic,Lumix DMC LX5,683,100,81.0,21.208393132382,8.317016914659607,27.891663653464
Panasonic,Lumix DMC LX5,683,100,81.0,22.211790586749,8.710506112450588,28.096745444021
Panasonic,Lumix DMC LX5,683,100,81.0,23.215188041117,9.103995310241961,28.292172635513
Panasonic,Lumix DMC LX5,683,100,81.0,24.218585495484,9.497484508032942,28.478792233876
Panasonic,Lumix DMC LX5,683,100,81.0,25.221982949851,9.89097370582392,28.657344765651
Panasonic,Lumix DMC LX5,683,100,81.0,26.225380404219,10.284462903615294,28.828481375529
Panasonic,Lumix DMC LX5,683,100,81.0,27.228777858586,10.677952101406273,28.992777629812
Panasonic,Lumix DMC LX5,683,100,81.0,28.232175312954,11.071441299197646,29.150744758119
Panasonic,Lumix DMC LX5,683,100,81.0,29.235572767321,11.464930496988627,29.302838882761
Panasonic,Lumix DMC LX5,683,100,81.0,30.238970221689,11.85841969478,29.44946865258
Panasonic,Lumix DMC LX5,683,100,81.0,31.242367676056,12.25190889257098,29.591001600831
Panasonic,Lumix DMC LX5,683,100,81.0,32.245765130424,12.645398090362352,29.727769474458
Panasonic,Lumix DMC LX5,683,100,81.0,33.249162584791,13.038887288153333,29.860072728014
Panasonic,Lumix DMC LX5,683,100,81.0,34.252560039159,13.432376485944705,29.988184334403
Panasonic,Lumix DMC LX5,683,100,81.0,35.255957493526,13.825865683735685,30.112353033288
Panasonic,Lumix DMC LX5,683,100,81.0,36.259354947894,14.21935488152706,30.232806113798
Panasonic,Lumix DMC LX5,683,100,81.0,37.262752402261,14.612844079318037,30.349751809338
Panasonic,Lumix DMC LX5,683,100,81.0,38.266149856628,15.006333277109018,30.463381367579
Panasonic,Lumix DMC LX5,683,100,81.0,39.269547310996,15.399822474900393,30.573870847061
Panasonic,Lumix DMC LX5,683,100,81.0,40.272944765363,15.793311672691374,30.681382682574
Panasonic,Lumix DMC LX5,683,100,81.0,41.276342219731,16.186800870482745,30.786067054119
Panasonic,Lumix DMC LX5,683,100,81.0,42.279739674098,16.580290068273726,30.888063088267
Panasonic,Lumix DMC LX5,683,100,81.0,43.283137128466,16.973779266065097,30.987499915944
Panasonic,Lumix DMC LX5,683,100,81.0,44.286534582833,17.367268463856078,31.084497606724
Panasonic,Lumix DMC LX5,683,100,81.0,45.289932037201,17.76075766164745,31.179167996539
Panasonic,Lumix DMC LX5,683,100,81.0,46.293329491568,18.154246859438434,31.271615423054
Panasonic,Lumix DMC LX5,683,100,81.0,47.296726945936,18.547736057229805,31.361937380784
Panasonic,Lumix DMC LX5,683,100,81.0,48.300124400303,18.941225255020782,31.450225106252
Panasonic,Lumix DMC LX5,683,100,81.0,49.30352185467,19.334714452811767,31.53656410194
Panasonic,Lumix DMC LX5,683,100,81.0,50.306919309038,19.728203650603138,31.621034606566
Panasonic,Lumix DMC LX5,683,100,81.0,51.310316763405,20.12169284839412,31.703712018145
Panasonic,Lumix DMC LX5,683,100,81.0,52.313714217773,20.51518204618549,31.784667275408
Panasonic,Lumix DMC LX5,683,100,81.0,53.31711167214,20.90867124397647,31.863967202403
Panasonic,Lumix DMC LX5,683,100,81.0,54.320509126508,21.302160441767843,31.941674820452
Panasonic,Lumix DMC LX5,683,100,81.0,55.323906580875,21.695649639558823,32.017849631116
Panasonic,Lumix DMC LX5,683,100,81.0,56.327304035243,22.0891388373502,32.092547873328
Panasonic,Lumix DMC LX5,683,100,81.0,57.33070148961,22.48262803514118,32.165822757485
Panasonic,Lumix DMC LX5,683,100,81.0,58.334098943978,22.87611723293255,32.237724678915
Panasonic,Lumix DMC LX5,683,100,81.0,59.337496398345,23.26960643072353,32.308301412882
Panasonic,Lumix DMC LX5,683,100,81.0,60.340893852713,23.663095628514903,32.377598292991
Panasonic,Lumix DMC LX5,683,100,81.0,61.34429130708,24.056584826305883,32.445658374676
Panasonic,Lumix DMC LX5,683,100,81.0,62.347688761447,24.450074024096864,32.51252258523
Panasonic,Lumix DMC LX5,683,100,81.0,63.351086215815,24.84356322188824,32.578229861696
Panasonic,Lumix DMC LX5,683,100,81.0,64.354483670182,25.237052419679216,32.642817277765
Panasonic,Lumix DMC LX5,683,100,81.0,65.35788112455,25.63054161747059,32.70632016073
Panasonic,Lumix DMC LX5,683,100,81.0,66.361278578917,26.02403081526157,32.768772199406
Panasonic,Lumix DMC LX5,683,100,81.0,67.364676033285,26.417520013052936,32.830205543843
Panasonic,Lumix DMC LX5,683,100,81.0,68.368073487652,26.811009210843924,32.890650897574
Panasonic,Lumix DMC LX5,683,100,81.0,69.37147094202,27.204498408635292,32.950137603048
Panasonic,Lumix DMC LX5,683,100,81.0,70.374868396387,27.597987606426276,33.008693720861
Panasonic,Lumix DMC LX5,683,100,81.0,71.378265850755,27.991476804217648,33.066346103292
Panasonic,Lumix DMC LX5,683,100,81.0,72.381663305122,28.38496600200863,33.123120462657
Panasonic,Lumix DMC LX5,683,100,81.0,73.385060759489,28.77845519979961,33.179041434885
Panasonic,Lumix DMC LX5,683,100,81.0,74.388458213857,29.17194439759098,33.234132638736
Panasonic,Lumix DMC LX5,683,100,81.0,75.391855668224,29.565433595381958,33.288416730998
Panasonic,Lumix DMC LX5,683,100,81.0,76.395253122592,29.958922793173333,33.341915457986
Panasonic,Lumix DMC LX5,683,100,81.0,77.398650576959,30.352411990964313,33.394649703652
Panasonic,Lumix DMC LX5,683,100,81.0,78.402048031327,30.74590118875569,33.446639534554
Panasonic,Lumix DMC LX5,683,100,81.0,79.405445485694,31.139390386546665,33.497904241929
Panasonic,Lumix DMC LX5,683,100,81.0,80.408842940062,31.53287958433804,33.548462381101
Panasonic,Lumix DMC LX5,683,100,81.0,81.412240394429,31.92636878212902,33.598331808416
Panasonic,Lumix DMC LX5,683,100,81.0,82.415637848797,32.3198579799204,33.647529715883
Panasonic,Lumix DMC LX5,683,100,81.0,83.419035303164,32.71334717771137,33.696072663706
Panasonic,Lumix DMC LX5,683,100,81.0,84.422432757532,33.10683637550274,33.743976610837
Panasonic,Lumix DMC LX5,683,100,81.0,85.425830211899,33.50032557329373,33.79125694372
Panasonic,Lumix DMC LX5,683,100,81.0,86.429227666266,33.893814771084706,33.837928503322
Panasonic,Lumix DMC LX5,683,100,81.0,87.432625120634,34.287303968876074,33.8840056106
Panasonic,Lumix DMC LX5,683,100,81.0,88.436022575001,34.680793166667065,33.929502090494
Panasonic,Lumix DMC LX5,683,100,81.0,89.439420029369,35.07428236445843,33.97443129455
Panasonic,Lumix DMC LX5,683,100,81.0,90.442817483736,35.46777156224941,34.018806122277
Panasonic,Lumix DMC LX5,683,100,81.0,91.446214938104,35.861260760040786,34.062639041302
Panasonic,Lumix DMC LX5,683,100,81.0,92.449612392471,36.25474995783176,34.105942106422
Panasonic,Lumix DMC LX5,683,100,81.0,93.453009846839,36.64823915562314,34.148726977617
Panasonic,Lumix DMC LX5,683,100,81.0,94.456407301206,37.041728353414115,34.191004937085
Panasonic,Lumix DMC LX5,683,100,81.0,95.459804755574,37.43521755120549,34.232786905378
Panasonic,Lumix DMC LX5,683,100,81.0,96.463202209941,37.828706748996474,34.274083456678
Panasonic,Lumix DMC LX5,683,100,81.0,97.466599664309,38.22219594678785,34.314904833275
Panasonic,Lumix DMC LX5,683,100,81.0,98.469997118676,38.615685144578826,34.355260959307
Panasonic,Lumix DMC LX5,683,100,81.0,99.473394573043,39.0091743423698,34.395161453779
Panasonic,Lumix DMC LX5,683,100,81.0,100.47679202741,39.40266354016078,34.43461564294
Panasonic,Lumix DMC LX5,683,100,81.0,101.48018948178,39.796152737952944,34.473632572029
Panasonic,Lumix DMC LX5,683,100,81.0,102.48358693615,40.1896419357451,34.51222101644
Panasonic,Lumix DMC LX5,683,100,81.0,103.48698439051,40.583131133533335,34.55038949234
Panasonic,Lumix DMC LX5,683,100,81.0,104.49038184488,40.97662033132549,34.588146266765
Panasonic,Lumix DMC LX5,683,100,81.0,105.49377929925,41.37010952911764,34.625499367239
Panasonic,Lumix DMC LX5,683,100,81.0,106.49717675362,41.7635987269098,34.662456590921
Panasonic,Lumix DMC LX5,683,100,81.0,107.50057420798,42.15708792469804,34.699025513332
Panasonic,Lumix DMC LX5,683,100,81.0,108.50397166235,42.550577122490196,34.735213496659
Panasonic,Lumix DMC LX5,683,100,81.0,109.50736911672,42.94406632028235,34.77102769769
Panasonic,Lumix DMC LX5,683,100,81.0,110.51076657109,43.33755551807451,34.806475075366
Panasonic,Lumix DMC LX5,683,100,81.0,111.51416402545,43.731044715862744,34.841562398006
Panasonic,Lumix DMC LX5,683,100,81.0,112.51756147982,44.1245339136549,34.876296250193
Panasonic,Lumix DMC LX5,683,100,81.0,113.52095893419,44.518023111447064,34.910683039357
Panasonic,Lumix DMC LX5,683,100,81.0,114.52435638856,44.911512309239214,34.944729002065
Panasonic,Lumix DMC LX5,683,100,81.0,115.52775384292,45.305001507027455,34.978440210036
Panasonic,Lumix DMC LX5,683,100,81.0,116.53115129729,45.698490704819605,35.01182257589
Panasonic,Lumix DMC LX5,683,100,81.0,117.53454875166,46.09197990261176,35.044881858653
Panasonic,Lumix DMC LX5,683,100,81.0,118.53794620603,46.48546910040392,35.077623669022
Panasonic,Lumix DMC LX5,683,100,81.0,119.54134366039,46.87895829819216,35.11005347441
Panasonic,Lumix DMC LX5,683,100,81.0,120.54474111476,47.272447495984316,35.142176603775
Panasonic,Lumix DMC LX5,683,100,81.0,121.54813856913,47.66593669377647,35.17399825225
Panasonic,Lumix DMC LX5,683,100,81.0,122.55153602349,48.05942589156471,35.20552348558
Panasonic,Lumix DMC LX5,683,100,81.0,123.55493347786,48.452915089356864,35.236757244376
Panasonic,Lumix DMC LX5,683,100,81.0,124.55833093223,48.84640428714902,35.267704348198
Panasonic,Lumix DMC LX5,683,100,81.0,125.5617283866,49.23989348494117,35.298369499467
Panasonic,Lumix DMC LX5,683,100,81.0,126.56512584096,49.63338268272941,35.328757287232
Panasonic,Lumix DMC LX5,683,100,81.0,127.56852329533,50.02687188052156,35.358872190772
Panasonic,Lumix DMC LX5,683,100,81.0,128.5719207497,50.42036107831373,35.388718583068
Panasonic,Lumix DMC LX5,683,100,81.0,129.57531820407,50.813850276105875,35.418300734131
Panasonic,Lumix DMC LX5,683,100,81.0,130.57871565843,51.20733947389412,35.447622814209
Panasonic,Lumix DMC LX5,683,100,81.0,131.5821131128,51.60082867168627,35.476688896859
Panasonic,Lumix DMC LX5,683,100,81.0,132.58551056717,51.99431786947842,35.505502961915
Panasonic,Lumix DMC LX5,683,100,81.0,133.58890802154,52.387807067270586,35.534068898328
Panasonic,Lumix DMC LX5,683,100,81.0,134.5923054759,52.78129626505882,35.562390506914
Panasonic,Lumix DMC LX5,683,100,81.0,135.59570293027,53.174785462850984,35.590471502992
Panasonic,Lumix DMC LX5,683,100,81.0,136.59910038464,53.568274660643134,35.618315518917
Panasonic,Lumix DMC LX5,683,100,81.0,137.60249783901,53.9617638584353,35.645926106538
Panasonic,Lumix DMC LX5,683,100,81.0,138.60589529337,54.35525305622353,35.673306739545
Panasonic,Lumix DMC LX5,683,100,81.0,139.60929274774,54.74874225401568,35.700460815747
Panasonic,Lumix DMC LX5,683,100,81.0,140.61269020211,55.142231451807845,35.72739165926
Panasonic,Lumix DMC LX5,683,100,81.0,141.61608765648,55.53572064960001,35.754102522618
Panasonic,Lumix DMC LX5,683,100,81.0,142.61948511084,55.929209847388236,35.780596588811
Panasonic,Lumix DMC LX5,683,100,81.0,143.62288256521,56.32269904518039,35.806876973247
Panasonic,Lumix DMC LX5,683,100,81.0,144.62628001958,56.71618824297256,35.832946725649
Panasonic,Lumix DMC LX5,683,100,81.0,145.62967747395,57.109677440764706,35.858808831883
Panasonic,Lumix DMC LX5,683,100,81.0,146.63307492831,57.50316663855295,35.88446621573
Panasonic,Lumix DMC LX5,683,100,81.0,147.63647238268,57.896655836345104,35.909921740582
Panasonic,Lumix DMC LX5,683,100,81.0,148.63986983705,58.290145034137254,35.935178211101
Panasonic,Lumix DMC LX5,683,100,81.0,149.64326729142,58.6836342319294,35.9602383748
Panasonic,Lumix DMC LX5,683,100,81.0,150.64666474578,59.07712342971764,35.98510492359
Panasonic,Lumix DMC LX5,683,100,81.0,151.65006220015,59.4706126275098,36.009780495261
Panasonic,Lumix DMC LX5,683,100,81.0,152.65345965452,59.864101825301965,36.034267674923
Panasonic,Lumix DMC LX5,683,100,81.0,153.65685710889,60.257591023094115,36.058568996394
Panasonic,Lumix DMC LX5,683,100,81.0,154.66025456325,60.65108022088235,36.082686943546
Panasonic,Lumix DMC LX5,683,100,81.0,155.66365201762,61.04456941867451,36.106623951605
Panasonic,Lumix DMC LX5,683,100,81.0,156.66704947199,61.43805861646666,36.130382408412
Panasonic,Lumix DMC LX5,683,100,81.0,157.67044692636,61.831547814258826,36.153964655635
Panasonic,Lumix DMC LX5,683,100,81.0,158.67384438072,62.22503701204706,36.177372989958
Panasonic,Lumix DMC LX5,683,100,81.0,159.67724183509,62.61852620983922,36.200609664216
Panasonic,Lumix DMC LX5,683,100,81.0,160.68063928946,63.012015407631374,36.223676888501
Panasonic,Lumix DMC LX5,683,100,81.0,161.68403674383,63.40550460542354,36.24657683124
Panasonic,Lumix DMC LX5,683,100,81.0,162.68743419819,63.798993803211765,36.269311620224
Panasonic,Lumix DMC LX5,683,100,81.0,163.69083165256,64.19248300100392,36.291883343622
Panasonic,Lumix DMC LX5,683,100,81.0,164.69422910693,64.58597219879609,36.314294050951
Panasonic,Lumix DMC LX5,683,100,81.0,165.6976265613,64.97946139658825,36.336545754023
Panasonic,Lumix DMC LX5,683,100,81.0,166.70102401566,65.37295059437648,36.358640427862
Panasonic,Lumix DMC LX5,683,100,81.0,167.70442147003,65.76643979216863,36.380580011591
Panasonic,Lumix DMC LX5,683,100,81.0,168.7078189244,66.15992898996078,36.402366409297
Panasonic,Lumix DMC LX5,683,100,81.0,169.71121637877,66.55341818775294,36.424001490866
Panasonic,Lumix DMC LX5,683,100,81.0,170.71461383313,66.94690738554118,36.445487092793
Panasonic,Lumix DMC LX5,683,100,81.0,171.7180112875,67.34039658333333,36.466825018973
Panasonic,Lumix DMC LX5,683,100,81.0,172.72140874187,67.7338857811255,36.488017041464
Panasonic,Lumix DMC LX5,683,100,81.0,173.72480619624,68.12737497891764,36.509064901228
Panasonic,Lumix DMC LX5,683,100,81.0,174.7282036506,68.52086417670587,36.529970308856
Panasonic,Lumix DMC LX5,683,100,81.0,175.73160110497,68.91435337449803,36.550734945264
Panasonic,Lumix DMC LX5,683,100,81.0,176.73499855934,69.30784257229018,36.571360462374
Panasonic,Lumix DMC LX5,683,100,81.0,177.73839601371,69.70133177008235,36.591848483778
Panasonic,Lumix DMC LX5,683,100,81.0,178.74179346807,70.09482096787059,36.612200605375
Panasonic,Lumix DMC LX5,683,100,81.0,179.74519092244,70.48831016566275,36.632418395998
Panasonic,Lumix DMC LX5,683,100,81.0,180.74858837681,70.8817993634549,36.652503398021
Panasonic,Lumix DMC LX5,683,100,81.0,181.75198583118,71.27528856124707,36.672457127945
Panasonic,Lumix DMC LX5,683,100,81.0,182.75538328554,71.6687777590353,36.692281076978
Panasonic,Lumix DMC LX5,683,100,81.0,183.75878073991,72.06226695682746,36.711976711585
Panasonic,Lumix DMC LX5,683,100,81.0,184.76217819428,72.4557561546196,36.731545474034
Panasonic,Lumix DMC LX5,683,100,81.0,185.76557564865,72.84924535241177,36.750988782924
Panasonic,Lumix DMC LX5,683,100,81.0,186.76897310301,73.24273455020001,36.770308033697
Panasonic,Lumix DMC LX5,683,100,81.0,187.77237055738,73.63622374799215,36.789504599138
Panasonic,Lumix DMC LX5,683,100,81.0,188.77576801175,74.02971294578431,36.808579829859
Panasonic,Lumix DMC LX5,683,100,81.0,189.77916546612,74.42320214357648,36.827535054776
Panasonic,Lumix DMC LX5,683,100,81.0,190.78256292048,74.8166913413647,36.846371581565
Panasonic,Lumix DMC LX5,683,100,81.0,191.78596037485,75.21018053915685,36.865090697115
Panasonic,Lumix DMC LX5,683,100,81.0,192.78935782922,75.60366973694902,36.88369366796
Panasonic,Lumix DMC LX5,683,100,81.0,193.79275528359,75.99715893474117,36.902181740706
Panasonic,Lumix DMC LX5,683,100,81.0,194.79615273795,76.39064813252942,36.920556142449
Panasonic,Lumix DMC LX5,683,100,81.0,195.79955019232,76.78413733032157,36.93881808117
Panasonic,Lumix DMC LX5,683,100,81.0,196.80294764669,77.17762652811373,36.956968746138
Panasonic,Lumix DMC LX5,683,100,81.0,197.80634510106,77.57111572590588,36.975009308284
Panasonic,Lumix DMC LX5,683,100,81.0,198.80974255542,77.96460492369411,36.992940920582
Panasonic,Lumix DMC LX5,683,100,81.0,199.81314000979,78.35809412148627,37.010764718407
Panasonic,Lumix DMC LX5,683,100,81.0,200.81653746416,78.75158331927842,37.028481819892
Panasonic,Lumix DMC LX5,683,100,81.0,201.81993491853,79.14507251707059,37.046093326276
Panasonic,Lumix DMC LX5,683,100,81.0,202.82333237289,79.53856171485883,37.063600322237
Panasonic,Lumix DMC LX5,683,100,81.0,203.82672982726,79.932050912651,37.081003876223
Panasonic,Lumix DMC LX5,683,100,81.0,204.83012728163,80.32554011044314,37.098305040774
Panasonic,Lumix DMC LX5,683,100,81.0,205.833524736,80.71902930823529,37.115504852833
Panasonic,Lumix DMC LX5,683,100,81.0,206.83692219036,81.11251850602353,37.132604334052
Panasonic,Lumix DMC LX5,683,100,81.0,207.84031964473,81.50600770381568,37.149604491088
Panasonic,Lumix DMC LX5,683,100,81.0,208.8437170991,81.89949690160783,37.166506315896
Panasonic,Lumix DMC LX5,683,100,81.0,209.84711455347,82.2929860994,37.183310786013
Panasonic,Lumix DMC LX5,683,100,81.0,210.85051200783,82.68647529718824,37.200018864831
Panasonic,Lumix DMC LX5,683,100,81.0,211.8539094622,83.07996449498039,37.216631501871
Panasonic,Lumix DMC LX5,683,100,81.0,212.85730691657,83.47345369277255,37.233149633046
Panasonic,Lumix DMC LX5,683,100,81.0,213.86070437093,83.86694289056078,37.249574180916
Panasonic,Lumix DMC LX5,683,100,81.0,214.8641018253,84.26043208835294,37.265906054943
Panasonic,Lumix DMC LX5,683,100,81.0,215.86749927967,84.65392128614509,37.282146151734
Panasonic,Lumix DMC LX5,683,100,81.0,216.87089673404,85.04741048393726,37.298295355282
Panasonic,Lumix DMC LX5,683,100,81.0,217.8742941884,85.4408996817255,37.314354537202
Panasonic,Lumix DMC LX5,683,100,81.0,218.87769164277,85.83438887951765,37.330324556955
Panasonic,Lumix DMC LX5,683,100,81.0,219.88108909714,86.22787807730981,37.346206262076
Panasonic,Lumix DMC LX5,683,100,81.0,220.88448655151,86.62136727510197,37.362000488391
Panasonic,Lumix DMC LX5,683,100,81.0,221.88788400587,87.0148564728902,37.377708060232
Panasonic,Lumix DMC LX5,683,100,81.0,222.89128146024,87.40834567068235,37.393329790642
Panasonic,Lumix DMC LX5,683,100,81.0,223.89467891461,87.80183486847451,37.408866481583
Panasonic,Lumix DMC LX5,683,100,81.0,224.89807636898,88.19532406626666,37.424318924134
Panasonic,Lumix DMC LX5,683,100,81.0,225.90147382334,88.5888132640549,37.439687898685
Panasonic,Lumix DMC LX5,683,100,81.0,226.90487127771,88.98230246184706,37.454974175129
Panasonic,Lumix DMC LX5,683,100,81.0,227.90826873208,89.37579165963922,37.470178513046
Panasonic,Lumix DMC LX5,683,100,81.0,228.91166618645,89.76928085743137,37.485301661889
Panasonic,Lumix DMC LX5,683,100,81.0,229.91506364081,90.1627700552196,37.50034436116
Panasonic,Lumix DMC LX5,683,100,81.0,230.91846109518,90.55625925301176,37.515307340584
Panasonic,Lumix DMC LX5,683,100,81.0,231.92185854955,90.94974845080392,37.53019132028
Panasonic,Lumix DMC LX5,683,100,81.0,232.92525600392,91.34323764859607,37.544997010929
Panasonic,Lumix DMC LX5,683,100,81.0,233.92865345828,91.73672684638431,37.559725113935
Panasonic,Lumix DMC LX5,683,100,81.0,234.93205091265,92.13021604417648,37.574376321589
Panasonic,Lumix DMC LX5,683,100,81.0,235.93544836702,92.52370524196863,37.588951317218
Panasonic,Lumix DMC LX5,683,100,81.0,236.93884582139,92.91719443976079,37.603450775346
Panasonic,Lumix DMC LX5,683,100,81.0,237.94224327575,93.31068363754902,37.617875361838
Panasonic,Lumix DMC LX5,683,100,81.0,238.94564073012,93.70417283534118,37.632225734051
Panasonic,Lumix DMC LX5,683,100,81.0,239.94903818449,94.09766203313333,37.646502540974
Panasonic,Lumix DMC LX5,683,100,81.0,240.95243563886,94.4911512309255,37.660706423369
Panasonic,Lumix DMC LX5,683,100,81.0,241.95583309322,94.88464042871372,37.67483801391
Panasonic,Lumix DMC LX5,683,100,81.0,242.95923054759,95.27812962650589,37.688897937318
Panasonic,Lumix DMC LX5,683,100,81.0,243.96262800196,95.67161882429804,37.70288681049
Panasonic,Lumix DMC LX5,683,100,81.0,244.96602545633,96.0651080220902,37.716805242632
Panasonic,Lumix DMC LX5,683,100,81.0,245.96942291069,96.45859721987844,37.730653835383
Panasonic,Lumix DMC LX5,683,100,81.0,246.97282036506,96.85208641767058,37.74443318294
Panasonic,Lumix DMC LX5,683,100,81.0,247.97621781943,97.24557561546274,37.758143872177
Panasonic,Lumix DMC LX5,683,100,81.0,248.9796152738,97.63906481325489,37.771786482769
Panasonic,Lumix DMC LX5,683,100,81.0,249.98301272816,98.03255401104313,37.785361587305
Panasonic,Lumix DMC LX5,683,100,81.0,250.98641018253,98.4260432088353,37.7988697514
Panasonic,Lumix DMC LX5,683,100,81.0,251.9898076369,98.81953240662746,37.812311533814
Panasonic,Lumix DMC LX5,683,100,81.0,252.99320509127,99.21302160441961,37.825687486554
Panasonic,Lumix DMC LX5,683,100,81.0,253.99660254563,99.60651080220784,37.838998154986
Panasonic,Lumix DMC LX5,683,100,81.0,255,100.0,37.852244077942
Panasonic,Lumix DMC LX5,683,200,163.0,0.37457124095772,0.14689068272851763,0
Panasonic,Lumix DMC LX5,683,200,163.0,0.71359957486311,0.2798429705345529,4.9849134778976
Panasonic,Lumix DMC LX5,683,200,163.0,1.3269973035285,0.5203910994229413,9.4444249478758
Panasonic,Lumix DMC LX5,683,200,163.0,2.4283931545249,0.9523110409901567,13.402983121271
Panasonic,Lumix DMC LX5,683,200,163.0,5.1540338625022,2.021189750000863,17.798423554202
Panasonic,Lumix DMC LX5,683,200,163.0,6.1574313168697,2.4146789477920394,18.761009486753
Panasonic,Lumix DMC LX5,683,200,163.0,7.1608287712371,2.8081681455831764,19.558342620718
Panasonic,Lumix DMC LX5,683,200,163.0,8.1642262256046,3.2016573433743525,20.237474306994
Panasonic,Lumix DMC LX5,683,200,163.0,9.167623679972,3.59514654116549,20.828118169287
Panasonic,Lumix DMC LX5,683,200,163.0,10.17102113434,3.9886357389568623,21.350172122308
Panasonic,Lumix DMC LX5,683,200,163.0,11.174418588707,4.382124936747844,21.817579917522
Panasonic,Lumix DMC LX5,683,200,163.0,12.177816043074,4.775614134538824,22.240473324628
Panasonic,Lumix DMC LX5,683,200,163.0,13.181213497442,5.169103332330196,22.626435334247
Panasonic,Lumix DMC LX5,683,200,163.0,14.184610951809,5.562592530121177,22.981282808992
Panasonic,Lumix DMC LX5,683,200,163.0,15.188008406177,5.956081727912549,23.309571651189
Panasonic,Lumix DMC LX5,683,200,163.0,16.191405860544,6.34957092570353,23.614934295884
Panasonic,Lumix DMC LX5,683,200,163.0,17.194803314912,6.743060123494902,23.900311915028
Panasonic,Lumix DMC LX5,683,200,163.0,18.198200769279,7.136549321285883,24.168118293704
Panasonic,Lumix DMC LX5,683,200,163.0,19.201598223647,7.530038519077255,24.420358079907
Panasonic,Lumix DMC LX5,683,200,163.0,20.204995678014,7.923527716868235,24.658713795428
Panasonic,Lumix DMC LX5,683,200,163.0,21.208393132382,8.317016914659607,24.88461098079
Panasonic,Lumix DMC LX5,683,200,163.0,22.211790586749,8.710506112450588,25.099267731109
Panasonic,Lumix DMC LX5,683,200,163.0,23.215188041117,9.103995310241961,25.303732891432
Panasonic,Lumix DMC LX5,683,200,163.0,24.218585495484,9.497484508032942,25.498915881075
Panasonic,Lumix DMC LX5,683,200,163.0,25.221982949851,9.89097370582392,25.685610249472
Panasonic,Lumix DMC LX5,683,200,163.0,26.225380404219,10.284462903615294,25.864512476202
Panasonic,Lumix DMC LX5,683,200,163.0,27.228777858586,10.677952101406273,26.036237119479
Panasonic,Lumix DMC LX5,683,200,163.0,28.232175312954,11.071441299197646,26.201329130038
Panasonic,Lumix DMC LX5,683,200,163.0,29.235572767321,11.464930496988627,26.360273942304
Panasonic,Lumix DMC LX5,683,200,163.0,30.238970221689,11.85841969478,26.513505806283
Panasonic,Lumix DMC LX5,683,200,163.0,31.242367676056,12.25190889257098,26.661414714936
Panasonic,Lumix DMC LX5,683,200,163.0,32.245765130424,12.645398090362352,26.804352201191
Panasonic,Lumix DMC LX5,683,200,163.0,33.249162584791,13.038887288153333,26.942636218437
Panasonic,Lumix DMC LX5,683,200,163.0,34.252560039159,13.432376485944705,27.076555272655
Panasonic,Lumix DMC LX5,683,200,163.0,35.255957493526,13.825865683735685,27.206371939499
Panasonic,Lumix DMC LX5,683,200,163.0,36.259354947894,14.21935488152706,27.332325872777
Panasonic,Lumix DMC LX5,683,200,163.0,37.262752402261,14.612844079318037,27.454636389924
Panasonic,Lumix DMC LX5,683,200,163.0,38.266149856628,15.006333277109018,27.573504703765
Panasonic,Lumix DMC LX5,683,200,163.0,39.269547310996,15.399822474900393,27.68911585695
Panasonic,Lumix DMC LX5,683,200,163.0,40.272944765363,15.793311672691374,27.801640405301
Panasonic,Lumix DMC LX5,683,200,163.0,41.276342219731,16.186800870482745,27.911235888102
Panasonic,Lumix DMC LX5,683,200,163.0,42.279739674098,16.580290068273726,28.018048116847
Panasonic,Lumix DMC LX5,683,200,163.0,43.283137128466,16.973779266065097,28.122212308645
Panasonic,Lumix DMC LX5,683,200,163.0,44.286534582833,17.367268463856078,28.223854086186
Panasonic,Lumix DMC LX5,683,200,163.0,45.289932037201,17.76075766164745,28.323090362659
Panasonic,Lumix DMC LX5,683,200,163.0,46.293329491568,18.154246859438434,28.420030127127
Panasonic,Lumix DMC LX5,683,200,163.0,47.296726945936,18.547736057229805,28.514775143468
Panasonic,Lumix DMC LX5,683,200,163.0,48.300124400303,18.941225255020782,28.607420574046
Panasonic,Lumix DMC LX5,683,200,163.0,49.30352185467,19.334714452811767,28.698055537622
Panasonic,Lumix DMC LX5,683,200,163.0,50.306919309038,19.728203650603138,28.786763609625
Panasonic,Lumix DMC LX5,683,200,163.0,51.310316763405,20.12169284839412,28.873623271797
Panasonic,Lumix DMC LX5,683,200,163.0,52.313714217773,20.51518204618549,28.958708317209
Panasonic,Lumix DMC LX5,683,200,163.0,53.31711167214,20.90867124397647,29.042088215877
Panasonic,Lumix DMC LX5,683,200,163.0,54.320509126508,21.302160441767843,29.123828445453
Panasonic,Lumix DMC LX5,683,200,163.0,55.323906580875,21.695649639558823,29.203990790948
Panasonic,Lumix DMC LX5,683,200,163.0,56.327304035243,22.0891388373502,29.282633616869
Panasonic,Lumix DMC LX5,683,200,163.0,57.33070148961,22.48262803514118,29.359812114782
Panasonic,Lumix DMC LX5,683,200,163.0,58.334098943978,22.87611723293255,29.435578528897
Panasonic,Lumix DMC LX5,683,200,163.0,59.337496398345,23.26960643072353,29.509982361983
Panasonic,Lumix DMC LX5,683,200,163.0,60.340893852713,23.663095628514903,29.583070563628
Panasonic,Lumix DMC LX5,683,200,163.0,61.34429130708,24.056584826305883,29.65488770263
Panasonic,Lumix DMC LX5,683,200,163.0,62.347688761447,24.450074024096864,29.725476125096
Panasonic,Lumix DMC LX5,683,200,163.0,63.351086215815,24.84356322188824,29.794876099648
Panasonic,Lumix DMC LX5,683,200,163.0,64.354483670182,25.237052419679216,29.863125950972
Panasonic,Lumix DMC LX5,683,200,163.0,65.35788112455,25.63054161747059,29.930262182817
Panasonic,Lumix DMC LX5,683,200,163.0,66.361278578917,26.02403081526157,29.996319591429
Panasonic,Lumix DMC LX5,683,200,163.0,67.364676033285,26.417520013052936,30.06133137029
Panasonic,Lumix DMC LX5,683,200,163.0,68.368073487652,26.811009210843924,30.125329206966
Panasonic,Lumix DMC LX5,683,200,163.0,69.37147094202,27.204498408635292,30.188343372747
Panasonic,Lumix DMC LX5,683,200,163.0,70.374868396387,27.597987606426276,30.25040280572
Panasonic,Lumix DMC LX5,683,200,163.0,71.378265850755,27.991476804217648,30.311535187853
Panasonic,Lumix DMC LX5,683,200,163.0,72.381663305122,28.38496600200863,30.371767016586
Panasonic,Lumix DMC LX5,683,200,163.0,73.385060759489,28.77845519979961,30.431123671395
Panasonic,Lumix DMC LX5,683,200,163.0,74.388458213857,29.17194439759098,30.48962947576
Panasonic,Lumix DMC LX5,683,200,163.0,75.391855668224,29.565433595381958,30.547307754887
Panasonic,Lumix DMC LX5,683,200,163.0,76.395253122592,29.958922793173333,30.604180889556
Panasonic,Lumix DMC LX5,683,200,163.0,77.398650576959,30.352411990964313,30.660270366381
Panasonic,Lumix DMC LX5,683,200,163.0,78.402048031327,30.74590118875569,30.715596824775
Panasonic,Lumix DMC LX5,683,200,163.0,79.405445485694,31.139390386546665,30.770180100873
Panasonic,Lumix DMC LX5,683,200,163.0,80.408842940062,31.53287958433804,30.824039268653
Panasonic,Lumix DMC LX5,683,200,163.0,81.412240394429,31.92636878212902,30.877192678452
Panasonic,Lumix DMC LX5,683,200,163.0,82.415637848797,32.3198579799204,30.929657993087
Panasonic,Lumix DMC LX5,683,200,163.0,83.419035303164,32.71334717771137,30.981452221749
Panasonic,Lumix DMC LX5,683,200,163.0,84.422432757532,33.10683637550274,31.032591751836
Panasonic,Lumix DMC LX5,683,200,163.0,85.425830211899,33.50032557329373,31.083092378874
Panasonic,Lumix DMC LX5,683,200,163.0,86.429227666266,33.893814771084706,31.132969334657
Panasonic,Lumix DMC LX5,683,200,163.0,87.432625120634,34.287303968876074,31.182237313741
Panasonic,Lumix DMC LX5,683,200,163.0,88.436022575001,34.680793166667065,31.230910498396
Panasonic,Lumix DMC LX5,683,200,163.0,89.439420029369,35.07428236445843,31.279002582127
Panasonic,Lumix DMC LX5,683,200,163.0,90.442817483736,35.46777156224941,31.326526791864
Panasonic,Lumix DMC LX5,683,200,163.0,91.446214938104,35.861260760040786,31.373495908907
Panasonic,Lumix DMC LX5,683,200,163.0,92.449612392471,36.25474995783176,31.419922288707
Panasonic,Lumix DMC LX5,683,200,163.0,93.453009846839,36.64823915562314,31.465817879565
Panasonic,Lumix DMC LX5,683,200,163.0,94.456407301206,37.041728353414115,31.511194240312
Panasonic,Lumix DMC LX5,683,200,163.0,95.459804755574,37.43521755120549,31.55606255705
Panasonic,Lumix DMC LX5,683,200,163.0,96.463202209941,37.828706748996474,31.60043365899
Panasonic,Lumix DMC LX5,683,200,163.0,97.466599664309,38.22219594678785,31.644318033468
Panasonic,Lumix DMC LX5,683,200,163.0,98.469997118676,38.615685144578826,31.687725840176
Panasonic,Lumix DMC LX5,683,200,163.0,99.473394573043,39.0091743423698,31.730666924662
Panasonic,Lumix DMC LX5,683,200,163.0,100.47679202741,39.40266354016078,31.773150831141
Panasonic,Lumix DMC LX5,683,200,163.0,101.48018948178,39.796152737952944,31.815186814662
Panasonic,Lumix DMC LX5,683,200,163.0,102.48358693615,40.1896419357451,31.856783852662
Panasonic,Lumix DMC LX5,683,200,163.0,103.48698439051,40.583131133533335,31.897950655956
Panasonic,Lumix DMC LX5,683,200,163.0,104.49038184488,40.97662033132549,31.938695679185
Panasonic,Lumix DMC LX5,683,200,163.0,105.49377929925,41.37010952911764,31.979027130754
Panasonic,Lumix DMC LX5,683,200,163.0,106.49717675362,41.7635987269098,32.018952982304
Panasonic,Lumix DMC LX5,683,200,163.0,107.50057420798,42.15708792469804,32.058480977718
Panasonic,Lumix DMC LX5,683,200,163.0,108.50397166235,42.550577122490196,32.097618641716
Panasonic,Lumix DMC LX5,683,200,163.0,109.50736911672,42.94406632028235,32.136373288041
Panasonic,Lumix DMC LX5,683,200,163.0,110.51076657109,43.33755551807451,32.174752027271
Panasonic,Lumix DMC LX5,683,200,163.0,111.51416402545,43.731044715862744,32.212761774267
Panasonic,Lumix DMC LX5,683,200,163.0,112.51756147982,44.1245339136549,32.250409255292
Panasonic,Lumix DMC LX5,683,200,163.0,113.52095893419,44.518023111447064,32.287701014799
Panasonic,Lumix DMC LX5,683,200,163.0,114.52435638856,44.911512309239214,32.324643421925
Panasonic,Lumix DMC LX5,683,200,163.0,115.52775384292,45.305001507027455,32.361242676692
Panasonic,Lumix DMC LX5,683,200,163.0,116.53115129729,45.698490704819605,32.397504815939
Panasonic,Lumix DMC LX5,683,200,163.0,117.53454875166,46.09197990261176,32.433435718999
Panasonic,Lumix DMC LX5,683,200,163.0,118.53794620603,46.48546910040392,32.469041113123
Panasonic,Lumix DMC LX5,683,200,163.0,119.54134366039,46.87895829819216,32.504326578682
Panasonic,Lumix DMC LX5,683,200,163.0,120.54474111476,47.272447495984316,32.539297554143
Panasonic,Lumix DMC LX5,683,200,163.0,121.54813856913,47.66593669377647,32.573959340837
Panasonic,Lumix DMC LX5,683,200,163.0,122.55153602349,48.05942589156471,32.608317107529
Panasonic,Lumix DMC LX5,683,200,163.0,123.55493347786,48.452915089356864,32.6423758948
Panasonic,Lumix DMC LX5,683,200,163.0,124.55833093223,48.84640428714902,32.676140619249
Panasonic,Lumix DMC LX5,683,200,163.0,125.5617283866,49.23989348494117,32.709616077523
Panasonic,Lumix DMC LX5,683,200,163.0,126.56512584096,49.63338268272941,32.742806950187
Panasonic,Lumix DMC LX5,683,200,163.0,127.56852329533,50.02687188052156,32.775717805436
Panasonic,Lumix DMC LX5,683,200,163.0,128.5719207497,50.42036107831373,32.808353102663
Panasonic,Lumix DMC LX5,683,200,163.0,129.57531820407,50.813850276105875,32.840717195885
Panasonic,Lumix DMC LX5,683,200,163.0,130.57871565843,51.20733947389412,32.872814337037
Panasonic,Lumix DMC LX5,683,200,163.0,131.5821131128,51.60082867168627,32.904648679135
Panasonic,Lumix DMC LX5,683,200,163.0,132.58551056717,51.99431786947842,32.936224279318
Panasonic,Lumix DMC LX5,683,200,163.0,133.58890802154,52.387807067270586,32.967545101779
Panasonic,Lumix DMC LX5,683,200,163.0,134.5923054759,52.78129626505882,32.998615020581
Panasonic,Lumix DMC LX5,683,200,163.0,135.59570293027,53.174785462850984,33.029437822362
Panasonic,Lumix DMC LX5,683,200,163.0,136.59910038464,53.568274660643134,33.060017208953
Panasonic,Lumix DMC LX5,683,200,163.0,137.60249783901,53.9617638584353,33.090356799882
Panasonic,Lumix DMC LX5,683,200,163.0,138.60589529337,54.35525305622353,33.120460134801
Panasonic,Lumix DMC LX5,683,200,163.0,139.60929274774,54.74874225401568,33.150330675817
Panasonic,Lumix DMC LX5,683,200,163.0,140.61269020211,55.142231451807845,33.179971809736
Panasonic,Lumix DMC LX5,683,200,163.0,141.61608765648,55.53572064960001,33.209386850234
Panasonic,Lumix DMC LX5,683,200,163.0,142.61948511084,55.929209847388236,33.238579039944
Panasonic,Lumix DMC LX5,683,200,163.0,143.62288256521,56.32269904518039,33.267551552475
Panasonic,Lumix DMC LX5,683,200,163.0,144.62628001958,56.71618824297256,33.296307494349
Panasonic,Lumix DMC LX5,683,200,163.0,145.62967747395,57.109677440764706,33.324849906888
Panasonic,Lumix DMC LX5,683,200,163.0,146.63307492831,57.50316663855295,33.353181768014
Panasonic,Lumix DMC LX5,683,200,163.0,147.63647238268,57.896655836345104,33.381305994008
Panasonic,Lumix DMC LX5,683,200,163.0,148.63986983705,58.290145034137254,33.409225441192
Panasonic,Lumix DMC LX5,683,200,163.0,149.64326729142,58.6836342319294,33.436942907566
Panasonic,Lumix DMC LX5,683,200,163.0,150.64666474578,59.07712342971764,33.464461134378
Panasonic,Lumix DMC LX5,683,200,163.0,151.65006220015,59.4706126275098,33.491782807653
Panasonic,Lumix DMC LX5,683,200,163.0,152.65345965452,59.864101825301965,33.518910559666
Panasonic,Lumix DMC LX5,683,200,163.0,153.65685710889,60.257591023094115,33.545846970362
Panasonic,Lumix DMC LX5,683,200,163.0,154.66025456325,60.65108022088235,33.572594568734
Panasonic,Lumix DMC LX5,683,200,163.0,155.66365201762,61.04456941867451,33.59915583416
Panasonic,Lumix DMC LX5,683,200,163.0,156.66704947199,61.43805861646666,33.625533197686
Panasonic,Lumix DMC LX5,683,200,163.0,157.67044692636,61.831547814258826,33.651729043277
Panasonic,Lumix DMC LX5,683,200,163.0,158.67384438072,62.22503701204706,33.677745709023
Panasonic,Lumix DMC LX5,683,200,163.0,159.67724183509,62.61852620983922,33.703585488308
Panasonic,Lumix DMC LX5,683,200,163.0,160.68063928946,63.012015407631374,33.729250630943
Panasonic,Lumix DMC LX5,683,200,163.0,161.68403674383,63.40550460542354,33.754743344261
Panasonic,Lumix DMC LX5,683,200,163.0,162.68743419819,63.798993803211765,33.78006579418
Panasonic,Lumix DMC LX5,683,200,163.0,163.69083165256,64.19248300100392,33.805220106231
Panasonic,Lumix DMC LX5,683,200,163.0,164.69422910693,64.58597219879609,33.830208366558
Panasonic,Lumix DMC LX5,683,200,163.0,165.6976265613,64.97946139658825,33.855032622882
Panasonic,Lumix DMC LX5,683,200,163.0,166.70102401566,65.37295059437648,33.87969488544
Panasonic,Lumix DMC LX5,683,200,163.0,167.70442147003,65.76643979216863,33.904197127891
Panasonic,Lumix DMC LX5,683,200,163.0,168.7078189244,66.15992898996078,33.928541288202
Panasonic,Lumix DMC LX5,683,200,163.0,169.71121637877,66.55341818775294,33.952729269502
Panasonic,Lumix DMC LX5,683,200,163.0,170.71461383313,66.94690738554118,33.976762940907
Panasonic,Lumix DMC LX5,683,200,163.0,171.7180112875,67.34039658333333,34.000644138332
Panasonic,Lumix DMC LX5,683,200,163.0,172.72140874187,67.7338857811255,34.024374665267
Panasonic,Lumix DMC LX5,683,200,163.0,173.72480619624,68.12737497891764,34.04795629354
Panasonic,Lumix DMC LX5,683,200,163.0,174.7282036506,68.52086417670587,34.071390764049
Panasonic,Lumix DMC LX5,683,200,163.0,175.73160110497,68.91435337449803,34.094679787481
Panasonic,Lumix DMC LX5,683,200,163.0,176.73499855934,69.30784257229018,34.117825045006
Panasonic,Lumix DMC LX5,683,200,163.0,177.73839601371,69.70133177008235,34.140828188949
Panasonic,Lumix DMC LX5,683,200,163.0,178.74179346807,70.09482096787059,34.163690843449
Panasonic,Lumix DMC LX5,683,200,163.0,179.74519092244,70.48831016566275,34.186414605097
Panasonic,Lumix DMC LX5,683,200,163.0,180.74858837681,70.8817993634549,34.20900104355
Panasonic,Lumix DMC LX5,683,200,163.0,181.75198583118,71.27528856124707,34.231451702138
Panasonic,Lumix DMC LX5,683,200,163.0,182.75538328554,71.6687777590353,34.253768098449
Panasonic,Lumix DMC LX5,683,200,163.0,183.75878073991,72.06226695682746,34.275951724892
Panasonic,Lumix DMC LX5,683,200,163.0,184.76217819428,72.4557561546196,34.298004049261
Panasonic,Lumix DMC LX5,683,200,163.0,185.76557564865,72.84924535241177,34.319926515263
Panasonic,Lumix DMC LX5,683,200,163.0,186.76897310301,73.24273455020001,34.341720543048
Panasonic,Lumix DMC LX5,683,200,163.0,187.77237055738,73.63622374799215,34.363387529715
Panasonic,Lumix DMC LX5,683,200,163.0,188.77576801175,74.02971294578431,34.384928849812
Panasonic,Lumix DMC LX5,683,200,163.0,189.77916546612,74.42320214357648,34.406345855814
Panasonic,Lumix DMC LX5,683,200,163.0,190.78256292048,74.8166913413647,34.427639878595
Panasonic,Lumix DMC LX5,683,200,163.0,191.78596037485,75.21018053915685,34.448812227886
Panasonic,Lumix DMC LX5,683,200,163.0,192.78935782922,75.60366973694902,34.469864192719
Panasonic,Lumix DMC LX5,683,200,163.0,193.79275528359,75.99715893474117,34.490797041859
Panasonic,Lumix DMC LX5,683,200,163.0,194.79615273795,76.39064813252942,34.511612024231
Panasonic,Lumix DMC LX5,683,200,163.0,195.79955019232,76.78413733032157,34.532310369328
Panasonic,Lumix DMC LX5,683,200,163.0,196.80294764669,77.17762652811373,34.552893287612
Panasonic,Lumix DMC LX5,683,200,163.0,197.80634510106,77.57111572590588,34.573361970905
Panasonic,Lumix DMC LX5,683,200,163.0,198.80974255542,77.96460492369411,34.593717592769
Panasonic,Lumix DMC LX5,683,200,163.0,199.81314000979,78.35809412148627,34.613961308878
Panasonic,Lumix DMC LX5,683,200,163.0,200.81653746416,78.75158331927842,34.63409425738
Panasonic,Lumix DMC LX5,683,200,163.0,201.81993491853,79.14507251707059,34.654117559245
Panasonic,Lumix DMC LX5,683,200,163.0,202.82333237289,79.53856171485883,34.674032318615
Panasonic,Lumix DMC LX5,683,200,163.0,203.82672982726,79.932050912651,34.693839623136
Panasonic,Lumix DMC LX5,683,200,163.0,204.83012728163,80.32554011044314,34.713540544282
Panasonic,Lumix DMC LX5,683,200,163.0,205.833524736,80.71902930823529,34.733136137678
Panasonic,Lumix DMC LX5,683,200,163.0,206.83692219036,81.11251850602353,34.752627443411
Panasonic,Lumix DMC LX5,683,200,163.0,207.84031964473,81.50600770381568,34.77201548633
Panasonic,Lumix DMC LX5,683,200,163.0,208.8437170991,81.89949690160783,34.791301276343
Panasonic,Lumix DMC LX5,683,200,163.0,209.84711455347,82.2929860994,34.810485808708
Panasonic,Lumix DMC LX5,683,200,163.0,210.85051200783,82.68647529718824,34.829570064313
Panasonic,Lumix DMC LX5,683,200,163.0,211.8539094622,83.07996449498039,34.84855500995
Panasonic,Lumix DMC LX5,683,200,163.0,212.85730691657,83.47345369277255,34.867441598587
Panasonic,Lumix DMC LX5,683,200,163.0,213.86070437093,83.86694289056078,34.886230769627
Panasonic,Lumix DMC LX5,683,200,163.0,214.8641018253,84.26043208835294,34.904923449166
Panasonic,Lumix DMC LX5,683,200,163.0,215.86749927967,84.65392128614509,34.923520550241
Panasonic,Lumix DMC LX5,683,200,163.0,216.87089673404,85.04741048393726,34.942022973078
Panasonic,Lumix DMC LX5,683,200,163.0,217.8742941884,85.4408996817255,34.960431605324
Panasonic,Lumix DMC LX5,683,200,163.0,218.87769164277,85.83438887951765,34.978747322288
Panasonic,Lumix DMC LX5,683,200,163.0,219.88108909714,86.22787807730981,34.996970987161
Panasonic,Lumix DMC LX5,683,200,163.0,220.88448655151,86.62136727510197,35.015103451244
Panasonic,Lumix DMC LX5,683,200,163.0,221.88788400587,87.0148564728902,35.033145554162
Panasonic,Lumix DMC LX5,683,200,163.0,222.89128146024,87.40834567068235,35.051098124078
Panasonic,Lumix DMC LX5,683,200,163.0,223.89467891461,87.80183486847451,35.0689619779
Panasonic,Lumix DMC LX5,683,200,163.0,224.89807636898,88.19532406626666,35.086737921484
Panasonic,Lumix DMC LX5,683,200,163.0,225.90147382334,88.5888132640549,35.104426749832
Panasonic,Lumix DMC LX5,683,200,163.0,226.90487127771,88.98230246184706,35.122029247286
Panasonic,Lumix DMC LX5,683,200,163.0,227.90826873208,89.37579165963922,35.139546187719
Panasonic,Lumix DMC LX5,683,200,163.0,228.91166618645,89.76928085743137,35.156978334716
Panasonic,Lumix DMC LX5,683,200,163.0,229.91506364081,90.1627700552196,35.174326441761
Panasonic,Lumix DMC LX5,683,200,163.0,230.91846109518,90.55625925301176,35.191591252412
Panasonic,Lumix DMC LX5,683,200,163.0,231.92185854955,90.94974845080392,35.208773500473
Panasonic,Lumix DMC LX5,683,200,163.0,232.92525600392,91.34323764859607,35.225873910164
Panasonic,Lumix DMC LX5,683,200,163.0,233.92865345828,91.73672684638431,35.242893196291
Panasonic,Lumix DMC LX5,683,200,163.0,234.93205091265,92.13021604417648,35.259832064402
Panasonic,Lumix DMC LX5,683,200,163.0,235.93544836702,92.52370524196863,35.276691210951
Panasonic,Lumix DMC LX5,683,200,163.0,236.93884582139,92.91719443976079,35.293471323452
Panasonic,Lumix DMC LX5,683,200,163.0,237.94224327575,93.31068363754902,35.31017308063
Panasonic,Lumix DMC LX5,683,200,163.0,238.94564073012,93.70417283534118,35.326797152572
Panasonic,Lumix DMC LX5,683,200,163.0,239.94903818449,94.09766203313333,35.343344200872
Panasonic,Lumix DMC LX5,683,200,163.0,240.95243563886,94.4911512309255,35.359814878772
Panasonic,Lumix DMC LX5,683,200,163.0,241.95583309322,94.88464042871372,35.376209831306
Panasonic,Lumix DMC LX5,683,200,163.0,242.95923054759,95.27812962650589,35.392529695433
Panasonic,Lumix DMC LX5,683,200,163.0,243.96262800196,95.67161882429804,35.408775100173
Panasonic,Lumix DMC LX5,683,200,163.0,244.96602545633,96.0651080220902,35.424946666738
Panasonic,Lumix DMC LX5,683,200,163.0,245.96942291069,96.45859721987844,35.441045008659
Panasonic,Lumix DMC LX5,683,200,163.0,246.97282036506,96.85208641767058,35.457070731915
Panasonic,Lumix DMC LX5,683,200,163.0,247.97621781943,97.24557561546274,35.473024435054
Panasonic,Lumix DMC LX5,683,200,163.0,248.9796152738,97.63906481325489,35.488906709316
Panasonic,Lumix DMC LX5,683,200,163.0,249.98301272816,98.03255401104313,35.504718138746
Panasonic,Lumix DMC LX5,683,200,163.0,250.98641018253,98.4260432088353,35.52045930032
Panasonic,Lumix DMC LX5,683,200,163.0,251.9898076369,98.81953240662746,35.536130764048
Panasonic,Lumix DMC LX5,683,200,163.0,252.99320509127,99.21302160441961,35.551733093091
Panasonic,Lumix DMC LX5,683,200,163.0,253.99660254563,99.60651080220784,35.567266843872
Panasonic,Lumix DMC LX5,683,200,163.0,255,100.0,35.582732566177
Panasonic,Lumix DMC LX5,683,400,316.0,0.71359957486311,0.2798429705345529,0
Panasonic,Lumix DMC LX5,683,400,316.0,1.3269973035285,0.5203910994229413,4.8270980523029
Panasonic,Lumix DMC LX5,683,400,316.0,2.4283931545249,0.9523110409901567,9.2200501180836
Panasonic,Lumix DMC LX5,683,400,316.0,5.1540338625022,2.021189750000863,14.161901034959
Panasonic,Lumix DMC LX5,683,400,316.0,6.1574313168697,2.4146789477920394,15.240529792753
Panasonic,Lumix DMC LX5,683,400,316.0,7.1608287712371,2.8081681455831764,16.130200919496
Panasonic,Lumix DMC LX5,683,400,316.0,8.1642262256046,3.2016573433743525,16.884547276909
Panasonic,Lumix DMC LX5,683,400,316.0,9.167623679972,3.59514654116549,17.537629472283
Panasonic,Lumix DMC LX5,683,400,316.0,10.17102113434,3.9886357389568623,18.112333496263
Panasonic,Lumix DMC LX5,683,400,316.0,11.174418588707,4.382124936747844,18.624725514716
Panasonic,Lumix DMC LX5,683,400,316.0,12.177816043074,4.775614134538824,19.086486740405
Panasonic,Lumix DMC LX5,683,400,316.0,13.181213497442,5.169103332330196,19.506357968254
Panasonic,Lumix DMC LX5,683,400,316.0,14.184610951809,5.562592530121177,19.891038728403
Panasonic,Lumix DMC LX5,683,400,316.0,15.188008406177,5.956081727912549,20.245769668638
Panasonic,Lumix DMC LX5,683,400,316.0,16.191405860544,6.34957092570353,20.574722620713
Panasonic,Lumix DMC LX5,683,400,316.0,17.194803314912,6.743060123494902,20.881269453801
Panasonic,Lumix DMC LX5,683,400,316.0,18.198200769279,7.136549321285883,21.168172036164
Panasonic,Lumix DMC LX5,683,400,316.0,19.201598223647,7.530038519077255,21.437719398189
Panasonic,Lumix DMC LX5,683,400,316.0,20.204995678014,7.923527716868235,21.691828685371
Panasonic,Lumix DMC LX5,683,400,316.0,21.208393132382,8.317016914659607,21.932120735354
Panasonic,Lumix DMC LX5,683,400,316.0,22.211790586749,8.710506112450588,22.159977525781
Panasonic,Lumix DMC LX5,683,400,316.0,23.215188041117,9.103995310241961,22.376586444569
Panasonic,Lumix DMC LX5,683,400,316.0,24.218585495484,9.497484508032942,22.582974831401
Panasonic,Lumix DMC LX5,683,400,316.0,25.221982949851,9.89097370582392,22.780037234427
Panasonic,Lumix DMC LX5,683,400,316.0,26.225380404219,10.284462903615294,22.968557141512
Panasonic,Lumix DMC LX5,683,400,316.0,27.228777858586,10.677952101406273,23.149224470843
Panasonic,Lumix DMC LX5,683,400,316.0,28.232175312954,11.071441299197646,23.322649771542
Panasonic,Lumix DMC LX5,683,400,316.0,29.235572767321,11.464930496988627,23.489375846236
Panasonic,Lumix DMC LX5,683,400,316.0,30.238970221689,11.85841969478,23.64988733475
Panasonic,Lumix DMC LX5,683,400,316.0,31.242367676056,12.25190889257098,23.804618671499
Panasonic,Lumix DMC LX5,683,400,316.0,32.245765130424,12.645398090362352,23.953960735259
Panasonic,Lumix DMC LX5,683,400,316.0,33.249162584791,13.038887288153333,24.098266439788
Panasonic,Lumix DMC LX5,683,400,316.0,34.252560039159,13.432376485944705,24.237855460509
Panasonic,Lumix DMC LX5,683,400,316.0,35.255957493526,13.825865683735685,24.37301825196
Panasonic,Lumix DMC LX5,683,400,316.0,36.259354947894,14.21935488152706,24.504019479412
Panasonic,Lumix DMC LX5,683,400,316.0,37.262752402261,14.612844079318037,24.631100963815
Panasonic,Lumix DMC LX5,683,400,316.0,38.266149856628,15.006333277109018,24.754484220254
Panasonic,Lumix DMC LX5,683,400,316.0,39.269547310996,15.399822474900393,24.874372655158
Panasonic,Lumix DMC LX5,683,400,316.0,40.272944765363,15.793311672691374,24.990953475639
Panasonic,Lumix DMC LX5,683,400,316.0,41.276342219731,16.186800870482745,25.104399354877
Panasonic,Lumix DMC LX5,683,400,316.0,42.279739674098,16.580290068273726,25.214869889879
Panasonic,Lumix DMC LX5,683,400,316.0,43.283137128466,16.973779266065097,25.322512881799
Panasonic,Lumix DMC LX5,683,400,316.0,44.286534582833,17.367268463856078,25.427465464013
Panasonic,Lumix DMC LX5,683,400,316.0,45.289932037201,17.76075766164745,25.529855099101
Panasonic,Lumix DMC LX5,683,400,316.0,46.293329491568,18.154246859438434,25.629800462519
Panasonic,Lumix DMC LX5,683,400,316.0,47.296726945936,18.547736057229805,25.727412228033
Panasonic,Lumix DMC LX5,683,400,316.0,48.300124400303,18.941225255020782,25.82279376767
Panasonic,Lumix DMC LX5,683,400,316.0,49.30352185467,19.334714452811767,25.916041777089
Panasonic,Lumix DMC LX5,683,400,316.0,50.306919309038,19.728203650603138,26.007246835676
Panasonic,Lumix DMC LX5,683,400,316.0,51.310316763405,20.12169284839412,26.096493909328
Panasonic,Lumix DMC LX5,683,400,316.0,52.313714217773,20.51518204618549,26.183862802823
Panasonic,Lumix DMC LX5,683,400,316.0,53.31711167214,20.90867124397647,26.269428567684
Panasonic,Lumix DMC LX5,683,400,316.0,54.320509126508,21.302160441767843,26.353261870687
Panasonic,Lumix DMC LX5,683,400,316.0,55.323906580875,21.695649639558823,26.435429327456
Panasonic,Lumix DMC LX5,683,400,316.0,56.327304035243,22.0891388373502,26.515993805043
Panasonic,Lumix DMC LX5,683,400,316.0,57.33070148961,22.48262803514118,26.595014696874
Panasonic,Lumix DMC LX5,683,400,316.0,58.334098943978,22.87611723293255,26.672548173017
Panasonic,Lumix DMC LX5,683,400,316.0,59.337496398345,23.26960643072353,26.748647408392
Panasonic,Lumix DMC LX5,683,400,316.0,60.340893852713,23.663095628514903,26.8233627912
Panasonic,Lumix DMC LX5,683,400,316.0,61.34429130708,24.056584826305883,26.896742113586
Panasonic,Lumix DMC LX5,683,400,316.0,62.347688761447,24.450074024096864,26.96883074632
Panasonic,Lumix DMC LX5,683,400,316.0,63.351086215815,24.84356322188824,27.039671799081
Panasonic,Lumix DMC LX5,683,400,316.0,64.354483670182,25.237052419679216,27.109306267721
Panasonic,Lumix DMC LX5,683,400,316.0,65.35788112455,25.63054161747059,27.177773169781
Panasonic,Lumix DMC LX5,683,400,316.0,66.361278578917,26.02403081526157,27.245109669339
Panasonic,Lumix DMC LX5,683,400,316.0,67.364676033285,26.417520013052936,27.311351192195
Panasonic,Lumix DMC LX5,683,400,316.0,68.368073487652,26.811009210843924,27.376531532268
Panasonic,Lumix DMC LX5,683,400,316.0,69.37147094202,27.204498408635292,27.440682950001
Panasonic,Lumix DMC LX5,683,400,316.0,70.374868396387,27.597987606426276,27.503836263467
Panasonic,Lumix DMC LX5,683,400,316.0,71.378265850755,27.991476804217648,27.566020932844
Panasonic,Lumix DMC LX5,683,400,316.0,72.381663305122,28.38496600200863,27.627265138793
Panasonic,Lumix DMC LX5,683,400,316.0,73.385060759489,28.77845519979961,27.687595855287
Panasonic,Lumix DMC LX5,683,400,316.0,74.388458213857,29.17194439759098,27.747038917338
Panasonic,Lumix DMC LX5,683,400,316.0,75.391855668224,29.565433595381958,27.805619084051
Panasonic,Lumix DMC LX5,683,400,316.0,76.395253122592,29.958922793173333,27.86336009739
Panasonic,Lumix DMC LX5,683,400,316.0,77.398650576959,30.352411990964313,27.920284736983
Panasonic,Lumix DMC LX5,683,400,316.0,78.402048031327,30.74590118875569,27.976414871307
Panasonic,Lumix DMC LX5,683,400,316.0,79.405445485694,31.139390386546665,28.03177150551
Panasonic,Lumix DMC LX5,683,400,316.0,80.408842940062,31.53287958433804,28.086374826156
Panasonic,Lumix DMC LX5,683,400,316.0,81.412240394429,31.92636878212902,28.140244243099
Panasonic,Lumix DMC LX5,683,400,316.0,82.415637848797,32.3198579799204,28.193398428736
Panasonic,Lumix DMC LX5,683,400,316.0,83.419035303164,32.71334717771137,28.245855354803
Panasonic,Lumix DMC LX5,683,400,316.0,84.422432757532,33.10683637550274,28.297632326914
Panasonic,Lumix DMC LX5,683,400,316.0,85.425830211899,33.50032557329373,28.348746017005
Panasonic,Lumix DMC LX5,683,400,316.0,86.429227666266,33.893814771084706,28.399212493824
Panasonic,Lumix DMC LX5,683,400,316.0,87.432625120634,34.287303968876074,28.44904725162
Panasonic,Lumix DMC LX5,683,400,316.0,88.436022575001,34.680793166667065,28.498265237142
Panasonic,Lumix DMC LX5,683,400,316.0,89.439420029369,35.07428236445843,28.546880875081
Panasonic,Lumix DMC LX5,683,400,316.0,90.442817483736,35.46777156224941,28.594908092045
Panasonic,Lumix DMC LX5,683,400,316.0,91.446214938104,35.861260760040786,28.642360339186
Panasonic,Lumix DMC LX5,683,400,316.0,92.449612392471,36.25474995783176,28.689250613553
Panasonic,Lumix DMC LX5,683,400,316.0,93.453009846839,36.64823915562314,28.735591478259
Panasonic,Lumix DMC LX5,683,400,316.0,94.456407301206,37.041728353414115,28.781395081549
Panasonic,Lumix DMC LX5,683,400,316.0,95.459804755574,37.43521755120549,28.826673174834
Panasonic,Lumix DMC LX5,683,400,316.0,96.463202209941,37.828706748996474,28.871437129749
Panasonic,Lumix DMC LX5,683,400,316.0,97.466599664309,38.22219594678785,28.915697954313
Panasonic,Lumix DMC LX5,683,400,316.0,98.469997118676,38.615685144578826,28.95946630824
Panasonic,Lumix DMC LX5,683,400,316.0,99.473394573043,39.0091743423698,29.002752517452
Panasonic,Lumix DMC LX5,683,400,316.0,100.47679202741,39.40266354016078,29.04556658784
Panasonic,Lumix DMC LX5,683,400,316.0,101.48018948178,39.796152737952944,29.087918218338
Panasonic,Lumix DMC LX5,683,400,316.0,102.48358693615,40.1896419357451,29.12981681332
Panasonic,Lumix DMC LX5,683,400,316.0,103.48698439051,40.583131133533335,29.171271494392
Panasonic,Lumix DMC LX5,683,400,316.0,104.49038184488,40.97662033132549,29.212291111593
Panasonic,Lumix DMC LX5,683,400,316.0,105.49377929925,41.37010952911764,29.252884254052
Panasonic,Lumix DMC LX5,683,400,316.0,106.49717675362,41.7635987269098,29.293059260124
Panasonic,Lumix DMC LX5,683,400,316.0,107.50057420798,42.15708792469804,29.332824227044
Panasonic,Lumix DMC LX5,683,400,316.0,108.50397166235,42.550577122490196,29.372187020117
Panasonic,Lumix DMC LX5,683,400,316.0,109.50736911672,42.94406632028235,29.411155281478
Panasonic,Lumix DMC LX5,683,400,316.0,110.51076657109,43.33755551807451,29.449736438441
Panasonic,Lumix DMC LX5,683,400,316.0,111.51416402545,43.731044715862744,29.487937711464
Panasonic,Lumix DMC LX5,683,400,316.0,112.51756147982,44.1245339136549,29.525766121744
Panasonic,Lumix DMC LX5,683,400,316.0,113.52095893419,44.518023111447064,29.563228498475
Panasonic,Lumix DMC LX5,683,400,316.0,114.52435638856,44.911512309239214,29.600331485771
Panasonic,Lumix DMC LX5,683,400,316.0,115.52775384292,45.305001507027455,29.637081549283
Panasonic,Lumix DMC LX5,683,400,316.0,116.53115129729,45.698490704819605,29.673484982526
Panasonic,Lumix DMC LX5,683,400,316.0,117.53454875166,46.09197990261176,29.709547912925
Panasonic,Lumix DMC LX5,683,400,316.0,118.53794620603,46.48546910040392,29.745276307601
Panasonic,Lumix DMC LX5,683,400,316.0,119.54134366039,46.87895829819216,29.780675978901
Panasonic,Lumix DMC LX5,683,400,316.0,120.54474111476,47.272447495984316,29.815752589703
Panasonic,Lumix DMC LX5,683,400,316.0,121.54813856913,47.66593669377647,29.850511658485
Panasonic,Lumix DMC LX5,683,400,316.0,122.55153602349,48.05942589156471,29.88495856419
Panasonic,Lumix DMC LX5,683,400,316.0,123.55493347786,48.452915089356864,29.919098550878
Panasonic,Lumix DMC LX5,683,400,316.0,124.55833093223,48.84640428714902,29.952936732199
Panasonic,Lumix DMC LX5,683,400,316.0,125.5617283866,49.23989348494117,29.986478095669
Panasonic,Lumix DMC LX5,683,400,316.0,126.56512584096,49.63338268272941,30.019727506784
Panasonic,Lumix DMC LX5,683,400,316.0,127.56852329533,50.02687188052156,30.052689712957
Panasonic,Lumix DMC LX5,683,400,316.0,128.5719207497,50.42036107831373,30.085369347307
Panasonic,Lumix DMC LX5,683,400,316.0,129.57531820407,50.813850276105875,30.117770932292
Panasonic,Lumix DMC LX5,683,400,316.0,130.57871565843,51.20733947389412,30.1498988832
Panasonic,Lumix DMC LX5,683,400,316.0,131.5821131128,51.60082867168627,30.181757511506
Panasonic,Lumix DMC LX5,683,400,316.0,132.58551056717,51.99431786947842,30.213351028093
Panasonic,Lumix DMC LX5,683,400,316.0,133.58890802154,52.387807067270586,30.244683546357
Panasonic,Lumix DMC LX5,683,400,316.0,134.5923054759,52.78129626505882,30.275759085187
Panasonic,Lumix DMC LX5,683,400,316.0,135.59570293027,53.174785462850984,30.306581571833
Panasonic,Lumix DMC LX5,683,400,316.0,136.59910038464,53.568274660643134,30.337154844668
Panasonic,Lumix DMC LX5,683,400,316.0,137.60249783901,53.9617638584353,30.367482655851
Panasonic,Lumix DMC LX5,683,400,316.0,138.60589529337,54.35525305622353,30.397568673877
Panasonic,Lumix DMC LX5,683,400,316.0,139.60929274774,54.74874225401568,30.427416486051
Panasonic,Lumix DMC LX5,683,400,316.0,140.61269020211,55.142231451807845,30.457029600859
Panasonic,Lumix DMC LX5,683,400,316.0,141.61608765648,55.53572064960001,30.486411450259
Panasonic,Lumix DMC LX5,683,400,316.0,142.61948511084,55.929209847388236,30.515565391885
Panasonic,Lumix DMC LX5,683,400,316.0,143.62288256521,56.32269904518039,30.544494711178
Panasonic,Lumix DMC LX5,683,400,316.0,144.62628001958,56.71618824297256,30.573202623438
Panasonic,Lumix DMC LX5,683,400,316.0,145.62967747395,57.109677440764706,30.601692275802
Panasonic,Lumix DMC LX5,683,400,316.0,146.63307492831,57.50316663855295,30.629966749154
Panasonic,Lumix DMC LX5,683,400,316.0,147.63647238268,57.896655836345104,30.658029059975
Panasonic,Lumix DMC LX5,683,400,316.0,148.63986983705,58.290145034137254,30.685882162115
Panasonic,Lumix DMC LX5,683,400,316.0,149.64326729142,58.6836342319294,30.713528948521
Panasonic,Lumix DMC LX5,683,400,316.0,150.64666474578,59.07712342971764,30.740972252891
Panasonic,Lumix DMC LX5,683,400,316.0,151.65006220015,59.4706126275098,30.768214851283
Panasonic,Lumix DMC LX5,683,400,316.0,152.65345965452,59.864101825301965,30.795259463664
Panasonic,Lumix DMC LX5,683,400,316.0,153.65685710889,60.257591023094115,30.82210875541
Panasonic,Lumix DMC LX5,683,400,316.0,154.66025456325,60.65108022088235,30.848765338755
Panasonic,Lumix DMC LX5,683,400,316.0,155.66365201762,61.04456941867451,30.875231774192
Panasonic,Lumix DMC LX5,683,400,316.0,156.66704947199,61.43805861646666,30.90151057183
Panasonic,Lumix DMC LX5,683,400,316.0,157.67044692636,61.831547814258826,30.927604192705
Panasonic,Lumix DMC LX5,683,400,316.0,158.67384438072,62.22503701204706,30.953515050049
Panasonic,Lumix DMC LX5,683,400,316.0,159.67724183509,62.61852620983922,30.979245510518
Panasonic,Lumix DMC LX5,683,400,316.0,160.68063928946,63.012015407631374,31.004797895384
Panasonic,Lumix DMC LX5,683,400,316.0,161.68403674383,63.40550460542354,31.030174481685
Panasonic,Lumix DMC LX5,683,400,316.0,162.68743419819,63.798993803211765,31.055377503338
Panasonic,Lumix DMC LX5,683,400,316.0,163.69083165256,64.19248300100392,31.080409152225
Panasonic,Lumix DMC LX5,683,400,316.0,164.69422910693,64.58597219879609,31.105271579233
Panasonic,Lumix DMC LX5,683,400,316.0,165.6976265613,64.97946139658825,31.129966895276
Panasonic,Lumix DMC LX5,683,400,316.0,166.70102401566,65.37295059437648,31.154497172273
Panasonic,Lumix DMC LX5,683,400,316.0,167.70442147003,65.76643979216863,31.178864444102
Panasonic,Lumix DMC LX5,683,400,316.0,168.7078189244,66.15992898996078,31.203070707527
Panasonic,Lumix DMC LX5,683,400,316.0,169.71121637877,66.55341818775294,31.227117923091
Panasonic,Lumix DMC LX5,683,400,316.0,170.71461383313,66.94690738554118,31.25100801599
Panasonic,Lumix DMC LX5,683,400,316.0,171.7180112875,67.34039658333333,31.274742876913
Panasonic,Lumix DMC LX5,683,400,316.0,172.72140874187,67.7338857811255,31.29832436286
Panasonic,Lumix DMC LX5,683,400,316.0,173.72480619624,68.12737497891764,31.321754297941
Panasonic,Lumix DMC LX5,683,400,316.0,174.7282036506,68.52086417670587,31.345034474144
Panasonic,Lumix DMC LX5,683,400,316.0,175.73160110497,68.91435337449803,31.368166652083
Panasonic,Lumix DMC LX5,683,400,316.0,176.73499855934,69.30784257229018,31.39115256173
Panasonic,Lumix DMC LX5,683,400,316.0,177.73839601371,69.70133177008235,31.413993903115
Panasonic,Lumix DMC LX5,683,400,316.0,178.74179346807,70.09482096787059,31.436692347016
Panasonic,Lumix DMC LX5,683,400,316.0,179.74519092244,70.48831016566275,31.459249535624
Panasonic,Lumix DMC LX5,683,400,316.0,180.74858837681,70.8817993634549,31.481667083192
Panasonic,Lumix DMC LX5,683,400,316.0,181.75198583118,71.27528856124707,31.503946576662
Panasonic,Lumix DMC LX5,683,400,316.0,182.75538328554,71.6687777590353,31.526089576281
Panasonic,Lumix DMC LX5,683,400,316.0,183.75878073991,72.06226695682746,31.54809761619
Panasonic,Lumix DMC LX5,683,400,316.0,184.76217819428,72.4557561546196,31.569972205006
Panasonic,Lumix DMC LX5,683,400,316.0,185.76557564865,72.84924535241177,31.591714826386
Panasonic,Lumix DMC LX5,683,400,316.0,186.76897310301,73.24273455020001,31.613326939569
Panasonic,Lumix DMC LX5,683,400,316.0,187.77237055738,73.63622374799215,31.634809979911
Panasonic,Lumix DMC LX5,683,400,316.0,188.77576801175,74.02971294578431,31.656165359406
Panasonic,Lumix DMC LX5,683,400,316.0,189.77916546612,74.42320214357648,31.677394467181
Panasonic,Lumix DMC LX5,683,400,316.0,190.78256292048,74.8166913413647,31.698498669995
Panasonic,Lumix DMC LX5,683,400,316.0,191.78596037485,75.21018053915685,31.719479312713
Panasonic,Lumix DMC LX5,683,400,316.0,192.78935782922,75.60366973694902,31.740337718767
Panasonic,Lumix DMC LX5,683,400,316.0,193.79275528359,75.99715893474117,31.761075190617
Panasonic,Lumix DMC LX5,683,400,316.0,194.79615273795,76.39064813252942,31.78169301018
Panasonic,Lumix DMC LX5,683,400,316.0,195.79955019232,76.78413733032157,31.802192439268
Panasonic,Lumix DMC LX5,683,400,316.0,196.80294764669,77.17762652811373,31.822574720004
Panasonic,Lumix DMC LX5,683,400,316.0,197.80634510106,77.57111572590588,31.842841075226
Panasonic,Lumix DMC LX5,683,400,316.0,198.80974255542,77.96460492369411,31.862992708885
Panasonic,Lumix DMC LX5,683,400,316.0,199.81314000979,78.35809412148627,31.883030806432
Panasonic,Lumix DMC LX5,683,400,316.0,200.81653746416,78.75158331927842,31.902956535197
Panasonic,Lumix DMC LX5,683,400,316.0,201.81993491853,79.14507251707059,31.922771044749
Panasonic,Lumix DMC LX5,683,400,316.0,202.82333237289,79.53856171485883,31.942475467262
Panasonic,Lumix DMC LX5,683,400,316.0,203.82672982726,79.932050912651,31.962070917858
Panasonic,Lumix DMC LX5,683,400,316.0,204.83012728163,80.32554011044314,31.98155849495
Panasonic,Lumix DMC LX5,683,400,316.0,205.833524736,80.71902930823529,32.000939280574
Panasonic,Lumix DMC LX5,683,400,316.0,206.83692219036,81.11251850602353,32.020214340711
Panasonic,Lumix DMC LX5,683,400,316.0,207.84031964473,81.50600770381568,32.039384725602
Panasonic,Lumix DMC LX5,683,400,316.0,208.8437170991,81.89949690160783,32.058451470058
Panasonic,Lumix DMC LX5,683,400,316.0,209.84711455347,82.2929860994,32.077415593761
Panasonic,Lumix DMC LX5,683,400,316.0,210.85051200783,82.68647529718824,32.096278101553
Panasonic,Lumix DMC LX5,683,400,316.0,211.8539094622,83.07996449498039,32.115039983728
Panasonic,Lumix DMC LX5,683,400,316.0,212.85730691657,83.47345369277255,32.133702216303
Panasonic,Lumix DMC LX5,683,400,316.0,213.86070437093,83.86694289056078,32.152265761301
Panasonic,Lumix DMC LX5,683,400,316.0,214.8641018253,84.26043208835294,32.170731567008
Panasonic,Lumix DMC LX5,683,400,316.0,215.86749927967,84.65392128614509,32.189100568238
Panasonic,Lumix DMC LX5,683,400,316.0,216.87089673404,85.04741048393726,32.207373686584
Panasonic,Lumix DMC LX5,683,400,316.0,217.8742941884,85.4408996817255,32.225551830667
Panasonic,Lumix DMC LX5,683,400,316.0,218.87769164277,85.83438887951765,32.243635896379
Panasonic,Lumix DMC LX5,683,400,316.0,219.88108909714,86.22787807730981,32.261626767117
Panasonic,Lumix DMC LX5,683,400,316.0,220.88448655151,86.62136727510197,32.279525314014
Panasonic,Lumix DMC LX5,683,400,316.0,221.88788400587,87.0148564728902,32.297332396167
Panasonic,Lumix DMC LX5,683,400,316.0,222.89128146024,87.40834567068235,32.315048860857
Panasonic,Lumix DMC LX5,683,400,316.0,223.89467891461,87.80183486847451,32.332675543762
Panasonic,Lumix DMC LX5,683,400,316.0,224.89807636898,88.19532406626666,32.350213269169
Panasonic,Lumix DMC LX5,683,400,316.0,225.90147382334,88.5888132640549,32.36766285018
Panasonic,Lumix DMC LX5,683,400,316.0,226.90487127771,88.98230246184706,32.385025088913
Panasonic,Lumix DMC LX5,683,400,316.0,227.90826873208,89.37579165963922,32.402300776698
Panasonic,Lumix DMC LX5,683,400,316.0,228.91166618645,89.76928085743137,32.419490694272
Panasonic,Lumix DMC LX5,683,400,316.0,229.91506364081,90.1627700552196,32.436595611961
Panasonic,Lumix DMC LX5,683,400,316.0,230.91846109518,90.55625925301176,32.453616289873
Panasonic,Lumix DMC LX5,683,400,316.0,231.92185854955,90.94974845080392,32.470553478067
Panasonic,Lumix DMC LX5,683,400,316.0,232.92525600392,91.34323764859607,32.487407916738
Panasonic,Lumix DMC LX5,683,400,316.0,233.92865345828,91.73672684638431,32.504180336384
Panasonic,Lumix DMC LX5,683,400,316.0,234.93205091265,92.13021604417648,32.520871457978
Panasonic,Lumix DMC LX5,683,400,316.0,235.93544836702,92.52370524196863,32.537481993127
Panasonic,Lumix DMC LX5,683,400,316.0,236.93884582139,92.91719443976079,32.554012644239
Panasonic,Lumix DMC LX5,683,400,316.0,237.94224327575,93.31068363754902,32.570464104678
Panasonic,Lumix DMC LX5,683,400,316.0,238.94564073012,93.70417283534118,32.586837058919
Panasonic,Lumix DMC LX5,683,400,316.0,239.94903818449,94.09766203313333,32.603132182699
Panasonic,Lumix DMC LX5,683,400,316.0,240.95243563886,94.4911512309255,32.619350143162
Panasonic,Lumix DMC LX5,683,400,316.0,241.95583309322,94.88464042871372,32.635491599009
Panasonic,Lumix DMC LX5,683,400,316.0,242.95923054759,95.27812962650589,32.651557200638
Panasonic,Lumix DMC LX5,683,400,316.0,243.96262800196,95.67161882429804,32.667547590278
Panasonic,Lumix DMC LX5,683,400,316.0,244.96602545633,96.0651080220902,32.683463402133
Panasonic,Lumix DMC LX5,683,400,316.0,245.96942291069,96.45859721987844,32.699305262509
Panasonic,Lumix DMC LX5,683,400,316.0,246.97282036506,96.85208641767058,32.715073789944
Panasonic,Lumix DMC LX5,683,400,316.0,247.97621781943,97.24557561546274,32.730769595341
Panasonic,Lumix DMC LX5,683,400,316.0,248.9796152738,97.63906481325489,32.746393282088
Panasonic,Lumix DMC LX5,683,400,316.0,249.98301272816,98.03255401104313,32.761945446183
Panasonic,Lumix DMC LX5,683,400,316.0,250.98641018253,98.4260432088353,32.777426676354
Panasonic,Lumix DMC LX5,683,400,316.0,251.9898076369,98.81953240662746,32.792837554174
Panasonic,Lumix DMC LX5,683,400,316.0,252.99320509127,99.21302160441961,32.808178654179
Panasonic,Lumix DMC LX5,683,400,316.0,253.99660254563,99.60651080220784,32.82345054398
Panasonic,Lumix DMC LX5,683,400,316.0,255,100.0,32.838653784373
Panasonic,Lumix DMC LX5,683,800,609.0,1.3269973035285,0.5203910994229413,0
Panasonic,Lumix DMC LX5,683,800,609.0,2.4283931545249,0.9523110409901567,4.6229069867993
Panasonic,Lumix DMC LX5,683,800,609.0,5.1540338625022,2.021189750000863,9.9136831959839
Panasonic,Lumix DMC LX5,683,800,609.0,6.1574313168697,2.4146789477920394,11.077281268151
Panasonic,Lumix DMC LX5,683,800,609.0,7.1608287712371,2.8081681455831764,12.037922327999
Panasonic,Lumix DMC LX5,683,800,609.0,8.1642262256046,3.2016573433743525,12.852530149738
Panasonic,Lumix DMC LX5,683,800,609.0,9.167623679972,3.59514654116549,13.557497959095
Panasonic,Lumix DMC LX5,683,800,609.0,10.17102113434,3.9886357389568623,14.177411703234
Panasonic,Lumix DMC LX5,683,800,609.0,11.174418588707,4.382124936747844,14.729605980514
Panasonic,Lumix DMC LX5,683,800,609.0,12.177816043074,4.775614134538824,15.226727817943
Panasonic,Lumix DMC LX5,683,800,609.0,13.181213497442,5.169103332330196,15.678266463472
Panasonic,Lumix DMC LX5,683,800,609.0,14.184610951809,5.562592530121177,16.091510484491
Panasonic,Lumix DMC LX5,683,800,609.0,15.188008406177,5.956081727912549,16.47217048218
Panasonic,Lumix DMC LX5,683,800,609.0,16.191405860544,6.34957092570353,16.824797825823
Panasonic,Lumix DMC LX5,683,800,609.0,17.194803314912,6.743060123494902,17.153074267368
Panasonic,Lumix DMC LX5,683,800,609.0,18.198200769279,7.136549321285883,17.460017191323
Panasonic,Lumix DMC LX5,683,800,609.0,19.201598223647,7.530038519077255,17.748128206392
Panasonic,Lumix DMC LX5,683,800,609.0,20.204995678014,7.923527716868235,18.019502758936
Panasonic,Lumix DMC LX5,683,800,609.0,21.208393132382,8.317016914659607,18.275912354595
Panasonic,Lumix DMC LX5,683,800,609.0,22.211790586749,8.710506112450588,18.518867162067
Panasonic,Lumix DMC LX5,683,800,609.0,23.215188041117,9.103995310241961,18.749664325931
Panasonic,Lumix DMC LX5,683,800,609.0,24.218585495484,9.497484508032942,18.969425708158
Panasonic,Lumix DMC LX5,683,800,609.0,25.221982949851,9.89097370582392,19.179127700361
Panasonic,Lumix DMC LX5,683,800,609.0,26.225380404219,10.284462903615294,19.379625012691
Panasonic,Lumix DMC LX5,683,800,609.0,27.228777858586,10.677952101406273,19.571669833836
Panasonic,Lumix DMC LX5,683,800,609.0,28.232175312954,11.071441299197646,19.755927395657
Panasonic,Lumix DMC LX5,683,800,609.0,29.235572767321,11.464930496988627,19.932988717676
Panasonic,Lumix DMC LX5,683,800,609.0,30.238970221689,11.85841969478,20.103381119294
Panasonic,Lumix DMC LX5,683,800,609.0,31.242367676056,12.25190889257098,20.267576950113
Panasonic,Lumix DMC LX5,683,800,609.0,32.245765130424,12.645398090362352,20.426000886671
Panasonic,Lumix DMC LX5,683,800,609.0,33.249162584791,13.038887288153333,20.57903606735
Panasonic,Lumix DMC LX5,683,800,609.0,34.252560039159,13.432376485944705,20.727029279222
Panasonic,Lumix DMC LX5,683,800,609.0,35.255957493526,13.825865683735685,20.870295366316
Panasonic,Lumix DMC LX5,683,800,609.0,36.259354947894,14.21935488152706,21.009120994606
Panasonic,Lumix DMC LX5,683,800,609.0,37.262752402261,14.612844079318037,21.14376788249
Panasonic,Lumix DMC LX5,683,800,609.0,38.266149856628,15.006333277109018,21.274475584791
Panasonic,Lumix DMC LX5,683,800,609.0,39.269547310996,15.399822474900393,21.401463901867
Panasonic,Lumix DMC LX5,683,800,609.0,40.272944765363,15.793311672691374,21.524934972503
Panasonic,Lumix DMC LX5,683,800,609.0,41.276342219731,16.186800870482745,21.645075098813
Panasonic,Lumix DMC LX5,683,800,609.0,42.279739674098,16.580290068273726,21.762056343075
Panasonic,Lumix DMC LX5,683,800,609.0,43.283137128466,16.973779266065097,21.876037929679
Panasonic,Lumix DMC LX5,683,800,609.0,44.286534582833,17.367268463856078,21.987167479893
Panasonic,Lumix DMC LX5,683,800,609.0,45.289932037201,17.76075766164745,22.095582102671
Panasonic,Lumix DMC LX5,683,800,609.0,46.293329491568,18.154246859438434,22.201409361102
Panasonic,Lumix DMC LX5,683,800,609.0,47.296726945936,18.547736057229805,22.304768131013
Panasonic,Lumix DMC LX5,683,800,609.0,48.300124400303,18.941225255020782,22.405769365797
Panasonic,Lumix DMC LX5,683,800,609.0,49.30352185467,19.334714452811767,22.504516779428
Panasonic,Lumix DMC LX5,683,800,609.0,50.306919309038,19.728203650603138,22.601107457881
Panasonic,Lumix DMC LX5,683,800,609.0,51.310316763405,20.12169284839412,22.695632407741
Panasonic,Lumix DMC LX5,683,800,609.0,52.313714217773,20.51518204618549,22.788177049553
Panasonic,Lumix DMC LX5,683,800,609.0,53.31711167214,20.90867124397647,22.878821662412
Panasonic,Lumix DMC LX5,683,800,609.0,54.320509126508,21.302160441767843,22.967641785456
Panasonic,Lumix DMC LX5,683,800,609.0,55.323906580875,21.695649639558823,23.054708581144
Panasonic,Lumix DMC LX5,683,800,609.0,56.327304035243,22.0891388373502,23.140089164577
Panasonic,Lumix DMC LX5,683,800,609.0,57.33070148961,22.48262803514118,23.223846902605
Panasonic,Lumix DMC LX5,683,800,609.0,58.334098943978,22.87611723293255,23.306041685941
Panasonic,Lumix DMC LX5,683,800,609.0,59.337496398345,23.26960643072353,23.386730177168
Panasonic,Lumix DMC LX5,683,800,609.0,60.340893852713,23.663095628514903,23.46596603713
Panasonic,Lumix DMC LX5,683,800,609.0,61.34429130708,24.056584826305883,23.543800131919
Panasonic,Lumix DMC LX5,683,800,609.0,62.347688761447,24.450074024096864,23.620280722425
Panasonic,Lumix DMC LX5,683,800,609.0,63.351086215815,24.84356322188824,23.695453638157
Panasonic,Lumix DMC LX5,683,800,609.0,64.354483670182,25.237052419679216,23.769362436881
Panasonic,Lumix DMC LX5,683,800,609.0,65.35788112455,25.63054161747059,23.842048551435
Panasonic,Lumix DMC LX5,683,800,609.0,66.361278578917,26.02403081526157,23.913551424927
Panasonic,Lumix DMC LX5,683,800,609.0,67.364676033285,26.417520013052936,23.983908635398
Panasonic,Lumix DMC LX5,683,800,609.0,68.368073487652,26.811009210843924,24.053156010925
Panasonic,Lumix DMC LX5,683,800,609.0,69.37147094202,27.204498408635292,24.121327736017
Panasonic,Lumix DMC LX5,683,800,609.0,70.374868396387,27.597987606426276,24.18845645008
Panasonic,Lumix DMC LX5,683,800,609.0,71.378265850755,27.991476804217648,24.254573338654
Panasonic,Lumix DMC LX5,683,800,609.0,72.381663305122,28.38496600200863,24.319708218047
Panasonic,Lumix DMC LX5,683,800,609.0,73.385060759489,28.77845519979961,24.383889613914
Panasonic,Lumix DMC LX5,683,800,609.0,74.388458213857,29.17194439759098,24.447144834316
Panasonic,Lumix DMC LX5,683,800,609.0,75.391855668224,29.565433595381958,24.509500037694
Panasonic,Lumix DMC LX5,683,800,609.0,76.395253122592,29.958922793173333,24.570980296191
Panasonic,Lumix DMC LX5,683,800,609.0,77.398650576959,30.352411990964313,24.631609654688
Panasonic,Lumix DMC LX5,683,800,609.0,78.402048031327,30.74590118875569,24.691411185898
Panasonic,Lumix DMC LX5,683,800,609.0,79.405445485694,31.139390386546665,24.750407041836
Panasonic,Lumix DMC LX5,683,800,609.0,80.408842940062,31.53287958433804,24.808618501934
Panasonic,Lumix DMC LX5,683,800,609.0,81.412240394429,31.92636878212902,24.866066018068
Panasonic,Lumix DMC LX5,683,800,609.0,82.415637848797,32.3198579799204,24.922769256732
Panasonic,Lumix DMC LX5,683,800,609.0,83.419035303164,32.71334717771137,24.978747138565
Panasonic,Lumix DMC LX5,683,800,609.0,84.422432757532,33.10683637550274,25.034017875431
Panasonic,Lumix DMC LX5,683,800,609.0,85.425830211899,33.50032557329373,25.088599005238
Panasonic,Lumix DMC LX5,683,800,609.0,86.429227666266,33.893814771084706,25.142507424642
Panasonic,Lumix DMC LX5,683,800,609.0,87.432625120634,34.287303968876074,25.195759419809
Panasonic,Lumix DMC LX5,683,800,609.0,88.436022575001,34.680793166667065,25.248370695353
Panasonic,Lumix DMC LX5,683,800,609.0,89.439420029369,35.07428236445843,25.300356401589
Panasonic,Lumix DMC LX5,683,800,609.0,90.442817483736,35.46777156224941,25.351731160212
Panasonic,Lumix DMC LX5,683,800,609.0,91.446214938104,35.861260760040786,25.402509088511
Panasonic,Lumix DMC LX5,683,800,609.0,92.449612392471,36.25474995783176,25.452703822218
Panasonic,Lumix DMC LX5,683,800,609.0,93.453009846839,36.64823915562314,25.502328537083
Panasonic,Lumix DMC LX5,683,800,609.0,94.456407301206,37.041728353414115,25.551395969252
Panasonic,Lumix DMC LX5,683,800,609.0,95.459804755574,37.43521755120549,25.599918434542
Panasonic,Lumix DMC LX5,683,800,609.0,96.463202209941,37.828706748996474,25.647907846664
Panasonic,Lumix DMC LX5,683,800,609.0,97.466599664309,38.22219594678785,25.69537573448
Panasonic,Lumix DMC LX5,683,800,609.0,98.469997118676,38.615685144578826,25.742333258346
Panasonic,Lumix DMC LX5,683,800,609.0,99.473394573043,39.0091743423698,25.788791225592
Panasonic,Lumix DMC LX5,683,800,609.0,100.47679202741,39.40266354016078,25.83476010521
Panasonic,Lumix DMC LX5,683,800,609.0,101.48018948178,39.796152737952944,25.880250041781
Panasonic,Lumix DMC LX5,683,800,609.0,102.48358693615,40.1896419357451,25.9252708687
Panasonic,Lumix DMC LX5,683,800,609.0,103.48698439051,40.583131133533335,25.969832120728
Panasonic,Lumix DMC LX5,683,800,609.0,104.49038184488,40.97662033132549,26.013943045931
Panasonic,Lumix DMC LX5,683,800,609.0,105.49377929925,41.37010952911764,26.057612617019
Panasonic,Lumix DMC LX5,683,800,609.0,106.49717675362,41.7635987269098,26.100849542135
Panasonic,Lumix DMC LX5,683,800,609.0,107.50057420798,42.15708792469804,26.143662275128
Panasonic,Lumix DMC LX5,683,800,609.0,108.50397166235,42.550577122490196,26.186059025322
Panasonic,Lumix DMC LX5,683,800,609.0,109.50736911672,42.94406632028235,26.228047766834
Panasonic,Lumix DMC LX5,683,800,609.0,110.51076657109,43.33755551807451,26.269636247443
Panasonic,Lumix DMC LX5,683,800,609.0,111.51416402545,43.731044715862744,26.310831997051
Panasonic,Lumix DMC LX5,683,800,609.0,112.51756147982,44.1245339136549,26.351642335758
Panasonic,Lumix DMC LX5,683,800,609.0,113.52095893419,44.518023111447064,26.392074381554
Panasonic,Lumix DMC LX5,683,800,609.0,114.52435638856,44.911512309239214,26.432135057677
Panasonic,Lumix DMC LX5,683,800,609.0,115.52775384292,45.305001507027455,26.471831099631
Panasonic,Lumix DMC LX5,683,800,609.0,116.53115129729,45.698490704819605,26.511169061894
Panasonic,Lumix DMC LX5,683,800,609.0,117.53454875166,46.09197990261176,26.550155324333
Panasonic,Lumix DMC LX5,683,800,609.0,118.53794620603,46.48546910040392,26.588796098329
Panasonic,Lumix DMC LX5,683,800,609.0,119.54134366039,46.87895829819216,26.627097432647
Panasonic,Lumix DMC LX5,683,800,609.0,120.54474111476,47.272447495984316,26.665065219048
Panasonic,Lumix DMC LX5,683,800,609.0,121.54813856913,47.66593669377647,26.70270519766
Panasonic,Lumix DMC LX5,683,800,609.0,122.55153602349,48.05942589156471,26.740022962127
Panasonic,Lumix DMC LX5,683,800,609.0,123.55493347786,48.452915089356864,26.777023964535
Panasonic,Lumix DMC LX5,683,800,609.0,124.55833093223,48.84640428714902,26.813713520138
Panasonic,Lumix DMC LX5,683,800,609.0,125.5617283866,49.23989348494117,26.850096811889
Panasonic,Lumix DMC LX5,683,800,609.0,126.56512584096,49.63338268272941,26.886178894783
Panasonic,Lumix DMC LX5,683,800,609.0,127.56852329533,50.02687188052156,26.921964700024
Panasonic,Lumix DMC LX5,683,800,609.0,128.5719207497,50.42036107831373,26.957459039025
Panasonic,Lumix DMC LX5,683,800,609.0,129.57531820407,50.813850276105875,26.992666607249
Panasonic,Lumix DMC LX5,683,800,609.0,130.57871565843,51.20733947389412,27.027591987893
Panasonic,Lumix DMC LX5,683,800,609.0,131.5821131128,51.60082867168627,27.062239655435
Panasonic,Lumix DMC LX5,683,800,609.0,132.58551056717,51.99431786947842,27.096613979034
Panasonic,Lumix DMC LX5,683,800,609.0,133.58890802154,52.387807067270586,27.130719225806
Panasonic,Lumix DMC LX5,683,800,609.0,134.5923054759,52.78129626505882,27.164559563966
Panasonic,Lumix DMC LX5,683,800,609.0,135.59570293027,53.174785462850984,27.198139065855
Panasonic,Lumix DMC LX5,683,800,609.0,136.59910038464,53.568274660643134,27.231461710856
Panasonic,Lumix DMC LX5,683,800,609.0,137.60249783901,53.9617638584353,27.26453138819
Panasonic,Lumix DMC LX5,683,800,609.0,138.60589529337,54.35525305622353,27.297351899615
Panasonic,Lumix DMC LX5,683,800,609.0,139.60929274774,54.74874225401568,27.329926962029
Panasonic,Lumix DMC LX5,683,800,609.0,140.61269020211,55.142231451807845,27.362260209963
Panasonic,Lumix DMC LX5,683,800,609.0,141.61608765648,55.53572064960001,27.394355197998
Panasonic,Lumix DMC LX5,683,800,609.0,142.61948511084,55.929209847388236,27.426215403085
Panasonic,Lumix DMC LX5,683,800,609.0,143.62288256521,56.32269904518039,27.457844226789
Panasonic,Lumix DMC LX5,683,800,609.0,144.62628001958,56.71618824297256,27.489244997442
Panasonic,Lumix DMC LX5,683,800,609.0,145.62967747395,57.109677440764706,27.520420972231
Panasonic,Lumix DMC LX5,683,800,609.0,146.63307492831,57.50316663855295,27.551375339205
Panasonic,Lumix DMC LX5,683,800,609.0,147.63647238268,57.896655836345104,27.582111219217
Panasonic,Lumix DMC LX5,683,800,609.0,148.63986983705,58.290145034137254,27.612631667791
Panasonic,Lumix DMC LX5,683,800,609.0,149.64326729142,58.6836342319294,27.642939676934
Panasonic,Lumix DMC LX5,683,800,609.0,150.64666474578,59.07712342971764,27.673038176878
Panasonic,Lumix DMC LX5,683,800,609.0,151.65006220015,59.4706126275098,27.702930037769
Panasonic,Lumix DMC LX5,683,800,609.0,152.65345965452,59.864101825301965,27.73261807129
Panasonic,Lumix DMC LX5,683,800,609.0,153.65685710889,60.257591023094115,27.762105032244
Panasonic,Lumix DMC LX5,683,800,609.0,154.66025456325,60.65108022088235,27.791393620064
Panasonic,Lumix DMC LX5,683,800,609.0,155.66365201762,61.04456941867451,27.820486480297
Panasonic,Lumix DMC LX5,683,800,609.0,156.66704947199,61.43805861646666,27.849386206014
Panasonic,Lumix DMC LX5,683,800,609.0,157.67044692636,61.831547814258826,27.878095339197
Panasonic,Lumix DMC LX5,683,800,609.0,158.67384438072,62.22503701204706,27.906616372061
Panasonic,Lumix DMC LX5,683,800,609.0,159.67724183509,62.61852620983922,27.934951748349
Panasonic,Lumix DMC LX5,683,800,609.0,160.68063928946,63.012015407631374,27.963103864576
Panasonic,Lumix DMC LX5,683,800,609.0,161.68403674383,63.40550460542354,27.991075071237
Panasonic,Lumix DMC LX5,683,800,609.0,162.68743419819,63.798993803211765,28.018867673974
Panasonic,Lumix DMC LX5,683,800,609.0,163.69083165256,64.19248300100392,28.046483934711
Panasonic,Lumix DMC LX5,683,800,609.0,164.69422910693,64.58597219879609,28.073926072749
Panasonic,Lumix DMC LX5,683,800,609.0,165.6976265613,64.97946139658825,28.101196265828
Panasonic,Lumix DMC LX5,683,800,609.0,166.70102401566,65.37295059437648,28.128296651157
Panasonic,Lumix DMC LX5,683,800,609.0,167.70442147003,65.76643979216863,28.155229326414
Panasonic,Lumix DMC LX5,683,800,609.0,168.7078189244,66.15992898996078,28.18199635071
Panasonic,Lumix DMC LX5,683,800,609.0,169.71121637877,66.55341818775294,28.20859974553
Panasonic,Lumix DMC LX5,683,800,609.0,170.71461383313,66.94690738554118,28.235041495642
Panasonic,Lumix DMC LX5,683,800,609.0,171.7180112875,67.34039658333333,28.261323549978
Panasonic,Lumix DMC LX5,683,800,609.0,172.72140874187,67.7338857811255,28.287447822493
Panasonic,Lumix DMC LX5,683,800,609.0,173.72480619624,68.12737497891764,28.313416192992
Panasonic,Lumix DMC LX5,683,800,609.0,174.7282036506,68.52086417670587,28.339230507943
Panasonic,Lumix DMC LX5,683,800,609.0,175.73160110497,68.91435337449803,28.364892581251
Panasonic,Lumix DMC LX5,683,800,609.0,176.73499855934,69.30784257229018,28.390404195023
Panasonic,Lumix DMC LX5,683,800,609.0,177.73839601371,69.70133177008235,28.415767100309
Panasonic,Lumix DMC LX5,683,800,609.0,178.74179346807,70.09482096787059,28.440983017809
Panasonic,Lumix DMC LX5,683,800,609.0,179.74519092244,70.48831016566275,28.466053638579
Panasonic,Lumix DMC LX5,683,800,609.0,180.74858837681,70.8817993634549,28.490980624703
Panasonic,Lumix DMC LX5,683,800,609.0,181.75198583118,71.27528856124707,28.515765609947
Panasonic,Lumix DMC LX5,683,800,609.0,182.75538328554,71.6687777590353,28.540410200406
Panasonic,Lumix DMC LX5,683,800,609.0,183.75878073991,72.06226695682746,28.564915975115
Panasonic,Lumix DMC LX5,683,800,609.0,184.76217819428,72.4557561546196,28.58928448666
Panasonic,Lumix DMC LX5,683,800,609.0,185.76557564865,72.84924535241177,28.613517261762
Panasonic,Lumix DMC LX5,683,800,609.0,186.76897310301,73.24273455020001,28.637615801845
Panasonic,Lumix DMC LX5,683,800,609.0,187.77237055738,73.63622374799215,28.661581583597
Panasonic,Lumix DMC LX5,683,800,609.0,188.77576801175,74.02971294578431,28.685416059504
Panasonic,Lumix DMC LX5,683,800,609.0,189.77916546612,74.42320214357648,28.709120658378
Panasonic,Lumix DMC LX5,683,800,609.0,190.78256292048,74.8166913413647,28.732696785869
Panasonic,Lumix DMC LX5,683,800,609.0,191.78596037485,75.21018053915685,28.756145824959
Panasonic,Lumix DMC LX5,683,800,609.0,192.78935782922,75.60366973694902,28.77946913645
Panasonic,Lumix DMC LX5,683,800,609.0,193.79275528359,75.99715893474117,28.802668059432
Panasonic,Lumix DMC LX5,683,800,609.0,194.79615273795,76.39064813252942,28.825743911744
Panasonic,Lumix DMC LX5,683,800,609.0,195.79955019232,76.78413733032157,28.848697990419
Panasonic,Lumix DMC LX5,683,800,609.0,196.80294764669,77.17762652811373,28.871531572123
Panasonic,Lumix DMC LX5,683,800,609.0,197.80634510106,77.57111572590588,28.894245913572
Panasonic,Lumix DMC LX5,683,800,609.0,198.80974255542,77.96460492369411,28.916842251951
Panasonic,Lumix DMC LX5,683,800,609.0,199.81314000979,78.35809412148627,28.939321805315
Panasonic,Lumix DMC LX5,683,800,609.0,200.81653746416,78.75158331927842,28.961685772977
Panasonic,Lumix DMC LX5,683,800,609.0,201.81993491853,79.14507251707059,28.983935335896
Panasonic,Lumix DMC LX5,683,800,609.0,202.82333237289,79.53856171485883,29.006071657045
Panasonic,Lumix DMC LX5,683,800,609.0,203.82672982726,79.932050912651,29.028095881774
Panasonic,Lumix DMC LX5,683,800,609.0,204.83012728163,80.32554011044314,29.050009138168
Panasonic,Lumix DMC LX5,683,800,609.0,205.833524736,80.71902930823529,29.071812537386
Panasonic,Lumix DMC LX5,683,800,609.0,206.83692219036,81.11251850602353,29.093507174003
Panasonic,Lumix DMC LX5,683,800,609.0,207.84031964473,81.50600770381568,29.115094126333
Panasonic,Lumix DMC LX5,683,800,609.0,208.8437170991,81.89949690160783,29.136574456754
Panasonic,Lumix DMC LX5,683,800,609.0,209.84711455347,82.2929860994,29.157949212017
Panasonic,Lumix DMC LX5,683,800,609.0,210.85051200783,82.68647529718824,29.179219423551
Panasonic,Lumix DMC LX5,683,800,609.0,211.8539094622,83.07996449498039,29.200386107761
Panasonic,Lumix DMC LX5,683,800,609.0,212.85730691657,83.47345369277255,29.221450266319
Panasonic,Lumix DMC LX5,683,800,609.0,213.86070437093,83.86694289056078,29.242412886445
Panasonic,Lumix DMC LX5,683,800,609.0,214.8641018253,84.26043208835294,29.263274941183
Panasonic,Lumix DMC LX5,683,800,609.0,215.86749927967,84.65392128614509,29.284037389675
Panasonic,Lumix DMC LX5,683,800,609.0,216.87089673404,85.04741048393726,29.304701177419
Panasonic,Lumix DMC LX5,683,800,609.0,217.8742941884,85.4408996817255,29.325267236529
Panasonic,Lumix DMC LX5,683,800,609.0,218.87769164277,85.83438887951765,29.345736485989
Panasonic,Lumix DMC LX5,683,800,609.0,219.88108909714,86.22787807730981,29.366109831891
Panasonic,Lumix DMC LX5,683,800,609.0,220.88448655151,86.62136727510197,29.386388167681
Panasonic,Lumix DMC LX5,683,800,609.0,221.88788400587,87.0148564728902,29.406572374391
Panasonic,Lumix DMC LX5,683,800,609.0,222.89128146024,87.40834567068235,29.426663320868
Panasonic,Lumix DMC LX5,683,800,609.0,223.89467891461,87.80183486847451,29.446661863994
Panasonic,Lumix DMC LX5,683,800,609.0,224.89807636898,88.19532406626666,29.466568848912
Panasonic,Lumix DMC LX5,683,800,609.0,225.90147382334,88.5888132640549,29.486385109232
Panasonic,Lumix DMC LX5,683,800,609.0,226.90487127771,88.98230246184706,29.506111467243
Panasonic,Lumix DMC LX5,683,800,609.0,227.90826873208,89.37579165963922,29.525748734117
Panasonic,Lumix DMC LX5,683,800,609.0,228.91166618645,89.76928085743137,29.545297710107
Panasonic,Lumix DMC LX5,683,800,609.0,229.91506364081,90.1627700552196,29.564759184743
Panasonic,Lumix DMC LX5,683,800,609.0,230.91846109518,90.55625925301176,29.584133937022
Panasonic,Lumix DMC LX5,683,800,609.0,231.92185854955,90.94974845080392,29.603422735594
Panasonic,Lumix DMC LX5,683,800,609.0,232.92525600392,91.34323764859607,29.622626338945
Panasonic,Lumix DMC LX5,683,800,609.0,233.92865345828,91.73672684638431,29.641745495577
Panasonic,Lumix DMC LX5,683,800,609.0,234.93205091265,92.13021604417648,29.660780944177
Panasonic,Lumix DMC LX5,683,800,609.0,235.93544836702,92.52370524196863,29.679733413793
Panasonic,Lumix DMC LX5,683,800,609.0,236.93884582139,92.91719443976079,29.698603623999
Panasonic,Lumix DMC LX5,683,800,609.0,237.94224327575,93.31068363754902,29.717392285057
Panasonic,Lumix DMC LX5,683,800,609.0,238.94564073012,93.70417283534118,29.73610009808
Panasonic,Lumix DMC LX5,683,800,609.0,239.94903818449,94.09766203313333,29.754727755183
Panasonic,Lumix DMC LX5,683,800,609.0,240.95243563886,94.4911512309255,29.773275939644
Panasonic,Lumix DMC LX5,683,800,609.0,241.95583309322,94.88464042871372,29.791745326046
Panasonic,Lumix DMC LX5,683,800,609.0,242.95923054759,95.27812962650589,29.810136580426
Panasonic,Lumix DMC LX5,683,800,609.0,243.96262800196,95.67161882429804,29.828450360424
Panasonic,Lumix DMC LX5,683,800,609.0,244.96602545633,96.0651080220902,29.846687315415
Panasonic,Lumix DMC LX5,683,800,609.0,245.96942291069,96.45859721987844,29.864848086653
Panasonic,Lumix DMC LX5,683,800,609.0,246.97282036506,96.85208641767058,29.882933307402
Panasonic,Lumix DMC LX5,683,800,609.0,247.97621781943,97.24557561546274,29.900943603072
Panasonic,Lumix DMC LX5,683,800,609.0,248.9796152738,97.63906481325489,29.918879591343
Panasonic,Lumix DMC LX5,683,800,609.0,249.98301272816,98.03255401104313,29.936741882297
Panasonic,Lumix DMC LX5,683,800,609.0,250.98641018253,98.4260432088353,29.954531078539
Panasonic,Lumix DMC LX5,683,800,609.0,251.9898076369,98.81953240662746,29.97224777532
Panasonic,Lumix DMC LX5,683,800,609.0,252.99320509127,99.21302160441961,29.989892560653
Panasonic,Lumix DMC LX5,683,800,609.0,253.99660254563,99.60651080220784,30.007466015434
Panasonic,Lumix DMC LX5,683,800,609.0,255,100.0,30.024968713555
Panasonic,Lumix DMC LX5,683,1600,1164.0,2.4283931545249,0.9523110409901567,0
Panasonic,Lumix DMC LX5,683,1600,1164.0,5.1540338625022,2.021189750000863,5.5446994185663
Panasonic,Lumix DMC LX5,683,1600,1164.0,6.1574313168697,2.4146789477920394,6.7749891304876
Panasonic,Lumix DMC LX5,683,1600,1164.0,7.1608287712371,2.8081681455831764,7.7927855217709
Panasonic,Lumix DMC LX5,683,1600,1164.0,8.1642262256046,3.2016573433743525,8.6569253446785
Panasonic,Lumix DMC LX5,683,1600,1164.0,9.167623679972,3.59514654116549,9.4052343279968
Panasonic,Lumix DMC LX5,683,1600,1164.0,10.17102113434,3.9886357389568623,10.063392613552
Panasonic,Lumix DMC LX5,683,1600,1164.0,11.174418588707,4.382124936747844,10.649585126255
Panasonic,Lumix DMC LX5,683,1600,1164.0,12.177816043074,4.775614134538824,11.177129789937
Panasonic,Lumix DMC LX5,683,1600,1164.0,13.181213497442,5.169103332330196,11.656052328693
Panasonic,Lumix DMC LX5,683,1600,1164.0,14.184610951809,5.562592530121177,12.094075459579
Panasonic,Lumix DMC LX5,683,1600,1164.0,15.188008406177,5.956081727912549,12.497264916355
Panasonic,Lumix DMC LX5,683,1600,1164.0,16.191405860544,6.34957092570353,12.870465393704
Panasonic,Lumix DMC LX5,683,1600,1164.0,17.194803314912,6.743060123494902,13.21760305793
Panasonic,Lumix DMC LX5,683,1600,1164.0,18.198200769279,7.136549321285883,13.541900591035
Panasonic,Lumix DMC LX5,683,1600,1164.0,19.201598223647,7.530038519077255,13.8460333121
Panasonic,Lumix DMC LX5,683,1600,1164.0,20.204995678014,7.923527716868235,14.132244644556
Panasonic,Lumix DMC LX5,683,1600,1164.0,21.208393132382,8.317016914659607,14.402432935573
Panasonic,Lumix DMC LX5,683,1600,1164.0,22.211790586749,8.710506112450588,14.658217705303
Panasonic,Lumix DMC LX5,683,1600,1164.0,23.215188041117,9.103995310241961,14.900990875402
Panasonic,Lumix DMC LX5,683,1600,1164.0,24.218585495484,9.497484508032942,15.13195686152
Panasonic,Lumix DMC LX5,683,1600,1164.0,25.221982949851,9.89097370582392,15.352164295449
Panasonic,Lumix DMC LX5,683,1600,1164.0,26.225380404219,10.284462903615294,15.562531376527
Panasonic,Lumix DMC LX5,683,1600,1164.0,27.228777858586,10.677952101406273,15.763866318307
Panasonic,Lumix DMC LX5,683,1600,1164.0,28.232175312954,11.071441299197646,15.956883979251
Panasonic,Lumix DMC LX5,683,1600,1164.0,29.235572767321,11.464930496988627,16.142219495581
Panasonic,Lumix DMC LX5,683,1600,1164.0,30.238970221689,11.85841969478,16.320439537785
Panasonic,Lumix DMC LX5,683,1600,1164.0,31.242367676056,12.25190889257098,16.492051667725
Panasonic,Lumix DMC LX5,683,1600,1164.0,32.245765130424,12.645398090362352,16.657512165735
Panasonic,Lumix DMC LX5,683,1600,1164.0,33.249162584791,13.038887288153333,16.817232616348
Panasonic,Lumix DMC LX5,683,1600,1164.0,34.252560039159,13.432376485944705,16.97158548001
Panasonic,Lumix DMC LX5,683,1600,1164.0,35.255957493526,13.825865683735685,17.12090883124
Panasonic,Lumix DMC LX5,683,1600,1164.0,36.259354947894,14.21935488152706,17.265510407499
Panasonic,Lumix DMC LX5,683,1600,1164.0,37.262752402261,14.612844079318037,17.405671084857
Panasonic,Lumix DMC LX5,683,1600,1164.0,38.266149856628,15.006333277109018,17.541647874492
Panasonic,Lumix DMC LX5,683,1600,1164.0,39.269547310996,15.399822474900393,17.673676516602
Panasonic,Lumix DMC LX5,683,1600,1164.0,40.272944765363,15.793311672691374,17.801973734516
Panasonic,Lumix DMC LX5,683,1600,1164.0,41.276342219731,16.186800870482745,17.926739200668
Panasonic,Lumix DMC LX5,683,1600,1164.0,42.279739674098,16.580290068273726,18.048157257244
Panasonic,Lumix DMC LX5,683,1600,1164.0,43.283137128466,16.973779266065097,18.166398427092
Panasonic,Lumix DMC LX5,683,1600,1164.0,44.286534582833,17.367268463856078,18.281620744628
Panasonic,Lumix DMC LX5,683,1600,1164.0,45.289932037201,17.76075766164745,18.393970931718
Panasonic,Lumix DMC LX5,683,1600,1164.0,46.293329491568,18.154246859438434,18.503585439551
Panasonic,Lumix DMC LX5,683,1600,1164.0,47.296726945936,18.547736057229805,18.610591374307
Panasonic,Lumix DMC LX5,683,1600,1164.0,48.300124400303,18.941225255020782,18.715107321736
Panasonic,Lumix DMC LX5,683,1600,1164.0,49.30352185467,19.334714452811767,18.81724408352
Panasonic,Lumix DMC LX5,683,1600,1164.0,50.306919309038,19.728203650603138,18.91710533643
Panasonic,Lumix DMC LX5,683,1600,1164.0,51.310316763405,20.12169284839412,19.014788223745
Panasonic,Lumix DMC LX5,683,1600,1164.0,52.313714217773,20.51518204618549,19.110383887046
Panasonic,Lumix DMC LX5,683,1600,1164.0,53.31711167214,20.90867124397647,19.203977945424
Panasonic,Lumix DMC LX5,683,1600,1164.0,54.320509126508,21.302160441767843,19.295650928177
Panasonic,Lumix DMC LX5,683,1600,1164.0,55.323906580875,21.695649639558823,19.385478666277
Panasonic,Lumix DMC LX5,683,1600,1164.0,56.327304035243,22.0891388373502,19.473532647204
Panasonic,Lumix DMC LX5,683,1600,1164.0,57.33070148961,22.48262803514118,19.559880337163
Panasonic,Lumix DMC LX5,683,1600,1164.0,58.334098943978,22.87611723293255,19.644585474187
Panasonic,Lumix DMC LX5,683,1600,1164.0,59.337496398345,23.26960643072353,19.727708335222
Panasonic,Lumix DMC LX5,683,1600,1164.0,60.340893852713,23.663095628514903,19.809305979887
Panasonic,Lumix DMC LX5,683,1600,1164.0,61.34429130708,24.056584826305883,19.889432473306
Panasonic,Lumix DMC LX5,683,1600,1164.0,62.347688761447,24.450074024096864,19.968139090113
Panasonic,Lumix DMC LX5,683,1600,1164.0,63.351086215815,24.84356322188824,20.045474501502
Panasonic,Lumix DMC LX5,683,1600,1164.0,64.354483670182,25.237052419679216,20.121484946973
Panasonic,Lumix DMC LX5,683,1600,1164.0,65.35788112455,25.63054161747059,20.196214392243
Panasonic,Lumix DMC LX5,683,1600,1164.0,66.361278578917,26.02403081526157,20.269704674633
Panasonic,Lumix DMC LX5,683,1600,1164.0,67.364676033285,26.417520013052936,20.341995637094
Panasonic,Lumix DMC LX5,683,1600,1164.0,68.368073487652,26.811009210843924,20.413125251923
Panasonic,Lumix DMC LX5,683,1600,1164.0,69.37147094202,27.204498408635292,20.483129735092
Panasonic,Lumix DMC LX5,683,1600,1164.0,70.374868396387,27.597987606426276,20.552043652028
Panasonic,Lumix DMC LX5,683,1600,1164.0,71.378265850755,27.991476804217648,20.619900015611
Panasonic,Lumix DMC LX5,683,1600,1164.0,72.381663305122,28.38496600200863,20.686730377036
Panasonic,Lumix DMC LX5,683,1600,1164.0,73.385060759489,28.77845519979961,20.75256491018
Panasonic,Lumix DMC LX5,683,1600,1164.0,74.388458213857,29.17194439759098,20.817432489998
Panasonic,Lumix DMC LX5,683,1600,1164.0,75.391855668224,29.565433595381958,20.881360765455
Panasonic,Lumix DMC LX5,683,1600,1164.0,76.395253122592,29.958922793173333,20.944376227443
Panasonic,Lumix DMC LX5,683,1600,1164.0,77.398650576959,30.352411990964313,21.00650427209
Panasonic,Lumix DMC LX5,683,1600,1164.0,78.402048031327,30.74590118875569,21.067769259818
Panasonic,Lumix DMC LX5,683,1600,1164.0,79.405445485694,31.139390386546665,21.128194570507
Panasonic,Lumix DMC LX5,683,1600,1164.0,80.408842940062,31.53287958433804,21.187802655045
Panasonic,Lumix DMC LX5,683,1600,1164.0,81.412240394429,31.92636878212902,21.246615083558
Panasonic,Lumix DMC LX5,683,1600,1164.0,82.415637848797,32.3198579799204,21.304652590573
Panasonic,Lumix DMC LX5,683,1600,1164.0,83.419035303164,32.71334717771137,21.361935117329
Panasonic,Lumix DMC LX5,683,1600,1164.0,84.422432757532,33.10683637550274,21.418481851465
Panasonic,Lumix DMC LX5,683,1600,1164.0,85.425830211899,33.50032557329373,21.474311264272
Panasonic,Lumix DMC LX5,683,1600,1164.0,86.429227666266,33.893814771084706,21.529441145674
Panasonic,Lumix DMC LX5,683,1600,1164.0,87.432625120634,34.287303968876074,21.583888637121
Panasonic,Lumix DMC LX5,683,1600,1164.0,88.436022575001,34.680793166667065,21.63767026253
Panasonic,Lumix DMC LX5,683,1600,1164.0,89.439420029369,35.07428236445843,21.690801957404
Panasonic,Lumix DMC LX5,683,1600,1164.0,90.442817483736,35.46777156224941,21.743299096273
Panasonic,Lumix DMC LX5,683,1600,1164.0,91.446214938104,35.861260760040786,21.795176518555
Panasonic,Lumix DMC LX5,683,1600,1164.0,92.449612392471,36.25474995783176,21.846448552957
Panasonic,Lumix DMC LX5,683,1600,1164.0,93.453009846839,36.64823915562314,21.897129040504
Panasonic,Lumix DMC LX5,683,1600,1164.0,94.456407301206,37.041728353414115,21.947231356289
Panasonic,Lumix DMC LX5,683,1600,1164.0,95.459804755574,37.43521755120549,21.996768430038
Panasonic,Lumix DMC LX5,683,1600,1164.0,96.463202209941,37.828706748996474,22.045752765546
Panasonic,Lumix DMC LX5,683,1600,1164.0,97.466599664309,38.22219594678785,22.094196459083
Panasonic,Lumix DMC LX5,683,1600,1164.0,98.469997118676,38.615685144578826,22.142111216807
Panasonic,Lumix DMC LX5,683,1600,1164.0,99.473394573043,39.0091743423698,22.189508371274
Panasonic,Lumix DMC LX5,683,1600,1164.0,100.47679202741,39.40266354016078,22.236398897078
Panasonic,Lumix DMC LX5,683,1600,1164.0,101.48018948178,39.796152737952944,22.28279342569
Panasonic,Lumix DMC LX5,683,1600,1164.0,102.48358693615,40.1896419357451,22.328702259539
Panasonic,Lumix DMC LX5,683,1600,1164.0,103.48698439051,40.583131133533335,22.374135385377
Panasonic,Lumix DMC LX5,683,1600,1164.0,104.49038184488,40.97662033132549,22.419102486985
Panasonic,Lumix DMC LX5,683,1600,1164.0,105.49377929925,41.37010952911764,22.463612957234
Panasonic,Lumix DMC LX5,683,1600,1164.0,106.49717675362,41.7635987269098,22.507675909571
Panasonic,Lumix DMC LX5,683,1600,1164.0,107.50057420798,42.15708792469804,22.551300188929
Panasonic,Lumix DMC LX5,683,1600,1164.0,108.50397166235,42.550577122490196,22.594494382131
Panasonic,Lumix DMC LX5,683,1600,1164.0,109.50736911672,42.94406632028235,22.637266827777
Panasonic,Lumix DMC LX5,683,1600,1164.0,110.51076657109,43.33755551807451,22.679625625681
Panasonic,Lumix DMC LX5,683,1600,1164.0,111.51416402545,43.731044715862744,22.721578645855
Panasonic,Lumix DMC LX5,683,1600,1164.0,112.51756147982,44.1245339136549,22.763133537078
Panasonic,Lumix DMC LX5,683,1600,1164.0,113.52095893419,44.518023111447064,22.804297735078
Panasonic,Lumix DMC LX5,683,1600,1164.0,114.52435638856,44.911512309239214,22.845078470328
Panasonic,Lumix DMC LX5,683,1600,1164.0,115.52775384292,45.305001507027455,22.885482775504
Panasonic,Lumix DMC LX5,683,1600,1164.0,116.53115129729,45.698490704819605,22.925517492596
Panasonic,Lumix DMC LX5,683,1600,1164.0,117.53454875166,46.09197990261176,22.965189279714
Panasonic,Lumix DMC LX5,683,1600,1164.0,118.53794620603,46.48546910040392,23.004504617585
Panasonic,Lumix DMC LX5,683,1600,1164.0,119.54134366039,46.87895829819216,23.043469815775
Panasonic,Lumix DMC LX5,683,1600,1164.0,120.54474111476,47.272447495984316,23.082091018636
Panasonic,Lumix DMC LX5,683,1600,1164.0,121.54813856913,47.66593669377647,23.120374210999
Panasonic,Lumix DMC LX5,683,1600,1164.0,122.55153602349,48.05942589156471,23.158325223626
Panasonic,Lumix DMC LX5,683,1600,1164.0,123.55493347786,48.452915089356864,23.195949738432
Panasonic,Lumix DMC LX5,683,1600,1164.0,124.55833093223,48.84640428714902,23.233253293485
Panasonic,Lumix DMC LX5,683,1600,1164.0,125.5617283866,49.23989348494117,23.270241287807
Panasonic,Lumix DMC LX5,683,1600,1164.0,126.56512584096,49.63338268272941,23.306918985963
Panasonic,Lumix DMC LX5,683,1600,1164.0,127.56852329533,50.02687188052156,23.343291522477
Panasonic,Lumix DMC LX5,683,1600,1164.0,128.5719207497,50.42036107831373,23.379363906064
Panasonic,Lumix DMC LX5,683,1600,1164.0,129.57531820407,50.813850276105875,23.415141023684
Panasonic,Lumix DMC LX5,683,1600,1164.0,130.57871565843,51.20733947389412,23.450627644449
Panasonic,Lumix DMC LX5,683,1600,1164.0,131.5821131128,51.60082867168627,23.485828423361
Panasonic,Lumix DMC LX5,683,1600,1164.0,132.58551056717,51.99431786947842,23.520747904916
Panasonic,Lumix DMC LX5,683,1600,1164.0,133.58890802154,52.387807067270586,23.555390526555
Panasonic,Lumix DMC LX5,683,1600,1164.0,134.5923054759,52.78129626505882,23.589760621992
Panasonic,Lumix DMC LX5,683,1600,1164.0,135.59570293027,53.174785462850984,23.62386242441
Panasonic,Lumix DMC LX5,683,1600,1164.0,136.59910038464,53.568274660643134,23.657700069531
Panasonic,Lumix DMC LX5,683,1600,1164.0,137.60249783901,53.9617638584353,23.691277598581
Panasonic,Lumix DMC LX5,683,1600,1164.0,138.60589529337,54.35525305622353,23.72459896113
Panasonic,Lumix DMC LX5,683,1600,1164.0,139.60929274774,54.74874225401568,23.757668017838
Panasonic,Lumix DMC LX5,683,1600,1164.0,140.61269020211,55.142231451807845,23.790488543091
Panasonic,Lumix DMC LX5,683,1600,1164.0,141.61608765648,55.53572064960001,23.823064227548
Panasonic,Lumix DMC LX5,683,1600,1164.0,142.61948511084,55.929209847388236,23.855398680586
Panasonic,Lumix DMC LX5,683,1600,1164.0,143.62288256521,56.32269904518039,23.887495432663
Panasonic,Lumix DMC LX5,683,1600,1164.0,144.62628001958,56.71618824297256,23.919357937598
Panasonic,Lumix DMC LX5,683,1600,1164.0,145.62967747395,57.109677440764706,23.950989574759
Panasonic,Lumix DMC LX5,683,1600,1164.0,146.63307492831,57.50316663855295,23.982393651187
Panasonic,Lumix DMC LX5,683,1600,1164.0,147.63647238268,57.896655836345104,24.013573403635
Panasonic,Lumix DMC LX5,683,1600,1164.0,148.63986983705,58.290145034137254,24.04453200054
Panasonic,Lumix DMC LX5,683,1600,1164.0,149.64326729142,58.6836342319294,24.075272543928
Panasonic,Lumix DMC LX5,683,1600,1164.0,150.64666474578,59.07712342971764,24.105798071248
Panasonic,Lumix DMC LX5,683,1600,1164.0,151.65006220015,59.4706126275098,24.136111557148
Panasonic,Lumix DMC LX5,683,1600,1164.0,152.65345965452,59.864101825301965,24.16621591519
Panasonic,Lumix DMC LX5,683,1600,1164.0,153.65685710889,60.257591023094115,24.196113999505
Panasonic,Lumix DMC LX5,683,1600,1164.0,154.66025456325,60.65108022088235,24.225808606393
Panasonic,Lumix DMC LX5,683,1600,1164.0,155.66365201762,61.04456941867451,24.255302475872
Panasonic,Lumix DMC LX5,683,1600,1164.0,156.66704947199,61.43805861646666,24.284598293172
Panasonic,Lumix DMC LX5,683,1600,1164.0,157.67044692636,61.831547814258826,24.313698690183
Panasonic,Lumix DMC LX5,683,1600,1164.0,158.67384438072,62.22503701204706,24.342606246853
Panasonic,Lumix DMC LX5,683,1600,1164.0,159.67724183509,62.61852620983922,24.371323492542
Panasonic,Lumix DMC LX5,683,1600,1164.0,160.68063928946,63.012015407631374,24.399852907334
Panasonic,Lumix DMC LX5,683,1600,1164.0,161.68403674383,63.40550460542354,24.428196923304
Panasonic,Lumix DMC LX5,683,1600,1164.0,162.68743419819,63.798993803211765,24.456357925746
Panasonic,Lumix DMC LX5,683,1600,1164.0,163.69083165256,64.19248300100392,24.484338254358
Panasonic,Lumix DMC LX5,683,1600,1164.0,164.69422910693,64.58597219879609,24.5121402044
Panasonic,Lumix DMC LX5,683,1600,1164.0,165.6976265613,64.97946139658825,24.539766027806
Panasonic,Lumix DMC LX5,683,1600,1164.0,166.70102401566,65.37295059437648,24.567217934263
Panasonic,Lumix DMC LX5,683,1600,1164.0,167.70442147003,65.76643979216863,24.594498092261
Panasonic,Lumix DMC LX5,683,1600,1164.0,168.7078189244,66.15992898996078,24.621608630107
Panasonic,Lumix DMC LX5,683,1600,1164.0,169.71121637877,66.55341818775294,24.648551636909
Panasonic,Lumix DMC LX5,683,1600,1164.0,170.71461383313,66.94690738554118,24.675329163529
Panasonic,Lumix DMC LX5,683,1600,1164.0,171.7180112875,67.34039658333333,24.701943223513
Panasonic,Lumix DMC LX5,683,1600,1164.0,172.72140874187,67.7338857811255,24.728395793981
Panasonic,Lumix DMC LX5,683,1600,1164.0,173.72480619624,68.12737497891764,24.754688816506
Panasonic,Lumix DMC LX5,683,1600,1164.0,174.7282036506,68.52086417670587,24.780824197953
Panasonic,Lumix DMC LX5,683,1600,1164.0,175.73160110497,68.91435337449803,24.806803811304
Panasonic,Lumix DMC LX5,683,1600,1164.0,176.73499855934,69.30784257229018,24.832629496448
Panasonic,Lumix DMC LX5,683,1600,1164.0,177.73839601371,69.70133177008235,24.85830306096
Panasonic,Lumix DMC LX5,683,1600,1164.0,178.74179346807,70.09482096787059,24.88382628085
Panasonic,Lumix DMC LX5,683,1600,1164.0,179.74519092244,70.48831016566275,24.909200901288
Panasonic,Lumix DMC LX5,683,1600,1164.0,180.74858837681,70.8817993634549,24.934428637319
Panasonic,Lumix DMC LX5,683,1600,1164.0,181.75198583118,71.27528856124707,24.959511174543
Panasonic,Lumix DMC LX5,683,1600,1164.0,182.75538328554,71.6687777590353,24.984450169791
Panasonic,Lumix DMC LX5,683,1600,1164.0,183.75878073991,72.06226695682746,25.009247251769
Panasonic,Lumix DMC LX5,683,1600,1164.0,184.76217819428,72.4557561546196,25.033904021692
Panasonic,Lumix DMC LX5,683,1600,1164.0,185.76557564865,72.84924535241177,25.058422053897
Panasonic,Lumix DMC LX5,683,1600,1164.0,186.76897310301,73.24273455020001,25.082802896441
Panasonic,Lumix DMC LX5,683,1600,1164.0,187.77237055738,73.63622374799215,25.107048071679
Panasonic,Lumix DMC LX5,683,1600,1164.0,188.77576801175,74.02971294578431,25.131159076832
Panasonic,Lumix DMC LX5,683,1600,1164.0,189.77916546612,74.42320214357648,25.155137384533
Panasonic,Lumix DMC LX5,683,1600,1164.0,190.78256292048,74.8166913413647,25.178984443361
Panasonic,Lumix DMC LX5,683,1600,1164.0,191.78596037485,75.21018053915685,25.202701678364
Panasonic,Lumix DMC LX5,683,1600,1164.0,192.78935782922,75.60366973694902,25.226290491563
Panasonic,Lumix DMC LX5,683,1600,1164.0,193.79275528359,75.99715893474117,25.249752262443
Panasonic,Lumix DMC LX5,683,1600,1164.0,194.79615273795,76.39064813252942,25.273088348435
Panasonic,Lumix DMC LX5,683,1600,1164.0,195.79955019232,76.78413733032157,25.296300085381
Panasonic,Lumix DMC LX5,683,1600,1164.0,196.80294764669,77.17762652811373,25.319388787988
Panasonic,Lumix DMC LX5,683,1600,1164.0,197.80634510106,77.57111572590588,25.342355750272
Panasonic,Lumix DMC LX5,683,1600,1164.0,198.80974255542,77.96460492369411,25.365202245988
Panasonic,Lumix DMC LX5,683,1600,1164.0,199.81314000979,78.35809412148627,25.387929529051
Panasonic,Lumix DMC LX5,683,1600,1164.0,200.81653746416,78.75158331927842,25.410538833944
Panasonic,Lumix DMC LX5,683,1600,1164.0,201.81993491853,79.14507251707059,25.433031376116
Panasonic,Lumix DMC LX5,683,1600,1164.0,202.82333237289,79.53856171485883,25.455408352373
Panasonic,Lumix DMC LX5,683,1600,1164.0,203.82672982726,79.932050912651,25.477670941253
Panasonic,Lumix DMC LX5,683,1600,1164.0,204.83012728163,80.32554011044314,25.4998203034
Panasonic,Lumix DMC LX5,683,1600,1164.0,205.833524736,80.71902930823529,25.521857581919
Panasonic,Lumix DMC LX5,683,1600,1164.0,206.83692219036,81.11251850602353,25.543783902728
Panasonic,Lumix DMC LX5,683,1600,1164.0,207.84031964473,81.50600770381568,25.565600374903
Panasonic,Lumix DMC LX5,683,1600,1164.0,208.8437170991,81.89949690160783,25.587308091009
Panasonic,Lumix DMC LX5,683,1600,1164.0,209.84711455347,82.2929860994,25.608908127426
Panasonic,Lumix DMC LX5,683,1600,1164.0,210.85051200783,82.68647529718824,25.630401544665
Panasonic,Lumix DMC LX5,683,1600,1164.0,211.8539094622,83.07996449498039,25.651789387682
Panasonic,Lumix DMC LX5,683,1600,1164.0,212.85730691657,83.47345369277255,25.673072686176
Panasonic,Lumix DMC LX5,683,1600,1164.0,213.86070437093,83.86694289056078,25.694252454886
Panasonic,Lumix DMC LX5,683,1600,1164.0,214.8641018253,84.26043208835294,25.715329693877
Panasonic,Lumix DMC LX5,683,1600,1164.0,215.86749927967,84.65392128614509,25.736305388826
Panasonic,Lumix DMC LX5,683,1600,1164.0,216.87089673404,85.04741048393726,25.75718051129
Panasonic,Lumix DMC LX5,683,1600,1164.0,217.8742941884,85.4408996817255,25.777956018976
Panasonic,Lumix DMC LX5,683,1600,1164.0,218.87769164277,85.83438887951765,25.798632856004
Panasonic,Lumix DMC LX5,683,1600,1164.0,219.88108909714,86.22787807730981,25.819211953164
Panasonic,Lumix DMC LX5,683,1600,1164.0,220.88448655151,86.62136727510197,25.839694228158
Panasonic,Lumix DMC LX5,683,1600,1164.0,221.88788400587,87.0148564728902,25.860080585852
Panasonic,Lumix DMC LX5,683,1600,1164.0,222.89128146024,87.40834567068235,25.88037191851
Panasonic,Lumix DMC LX5,683,1600,1164.0,223.89467891461,87.80183486847451,25.900569106026
Panasonic,Lumix DMC LX5,683,1600,1164.0,224.89807636898,88.19532406626666,25.920673016154
Panasonic,Lumix DMC LX5,683,1600,1164.0,225.90147382334,88.5888132640549,25.940684504724
Panasonic,Lumix DMC LX5,683,1600,1164.0,226.90487127771,88.98230246184706,25.960604415869
Panasonic,Lumix DMC LX5,683,1600,1164.0,227.90826873208,89.37579165963922,25.980433582227
Panasonic,Lumix DMC LX5,683,1600,1164.0,228.91166618645,89.76928085743137,26.000172825153
Panasonic,Lumix DMC LX5,683,1600,1164.0,229.91506364081,90.1627700552196,26.019822954922
Panasonic,Lumix DMC LX5,683,1600,1164.0,230.91846109518,90.55625925301176,26.039384770927
Panasonic,Lumix DMC LX5,683,1600,1164.0,231.92185854955,90.94974845080392,26.058859061869
Panasonic,Lumix DMC LX5,683,1600,1164.0,232.92525600392,91.34323764859607,26.078246605952
Panasonic,Lumix DMC LX5,683,1600,1164.0,233.92865345828,91.73672684638431,26.097548171064
Panasonic,Lumix DMC LX5,683,1600,1164.0,234.93205091265,92.13021604417648,26.11676451496
Panasonic,Lumix DMC LX5,683,1600,1164.0,235.93544836702,92.52370524196863,26.135896385439
Panasonic,Lumix DMC LX5,683,1600,1164.0,236.93884582139,92.91719443976079,26.154944520519
Panasonic,Lumix DMC LX5,683,1600,1164.0,237.94224327575,93.31068363754902,26.173909648602
Panasonic,Lumix DMC LX5,683,1600,1164.0,238.94564073012,93.70417283534118,26.192792488645
Panasonic,Lumix DMC LX5,683,1600,1164.0,239.94903818449,94.09766203313333,26.211593750319
Panasonic,Lumix DMC LX5,683,1600,1164.0,240.95243563886,94.4911512309255,26.23031413417
Panasonic,Lumix DMC LX5,683,1600,1164.0,241.95583309322,94.88464042871372,26.248954331774
Panasonic,Lumix DMC LX5,683,1600,1164.0,242.95923054759,95.27812962650589,26.26751502589
Panasonic,Lumix DMC LX5,683,1600,1164.0,243.96262800196,95.67161882429804,26.285996890606
Panasonic,Lumix DMC LX5,683,1600,1164.0,244.96602545633,96.0651080220902,26.304400591487
Panasonic,Lumix DMC LX5,683,1600,1164.0,245.96942291069,96.45859721987844,26.322726785721
Panasonic,Lumix DMC LX5,683,1600,1164.0,246.97282036506,96.85208641767058,26.340976122253
Panasonic,Lumix DMC LX5,683,1600,1164.0,247.97621781943,97.24557561546274,26.359149241925
Panasonic,Lumix DMC LX5,683,1600,1164.0,248.9796152738,97.63906481325489,26.377246777612
Panasonic,Lumix DMC LX5,683,1600,1164.0,249.98301272816,98.03255401104313,26.395269354348
Panasonic,Lumix DMC LX5,683,1600,1164.0,250.98641018253,98.4260432088353,26.413217589462
Panasonic,Lumix DMC LX5,683,1600,1164.0,251.9898076369,98.81953240662746,26.431092092697
Panasonic,Lumix DMC LX5,683,1600,1164.0,252.99320509127,99.21302160441961,26.448893466338
Panasonic,Lumix DMC LX5,683,1600,1164.0,253.99660254563,99.60651080220784,26.466622305331
Panasonic,Lumix DMC LX5,683,1600,1164.0,255,100.0,26.484279197402
Panasonic,Lumix DMC LX5,683,3200,2235.0,5.1540338625022,2.021189750000863,0
Panasonic,Lumix DMC LX5,683,3200,2235.0,6.1574313168697,2.4146789477920394,1.3687229828721
Panasonic,Lumix DMC LX5,683,3200,2235.0,7.1608287712371,2.8081681455831764,2.5105543267142
Panasonic,Lumix DMC LX5,683,3200,2235.0,8.1642262256046,3.2016573433743525,3.4865096693483
Panasonic,Lumix DMC LX5,683,3200,2235.0,9.167623679972,3.59514654116549,4.3361678624875
Panasonic,Lumix DMC LX5,683,3200,2235.0,10.17102113434,3.9886357389568623,5.0866369922951
Panasonic,Lumix DMC LX5,683,3200,2235.0,11.174418588707,4.382124936747844,5.7572777786467
Panasonic,Lumix DMC LX5,683,3200,2235.0,12.177816043074,4.775614134538824,6.3623857709502
Panasonic,Lumix DMC LX5,683,3200,2235.0,13.181213497442,5.169103332330196,6.9128066884806
Panasonic,Lumix DMC LX5,683,3200,2235.0,14.184610951809,5.562592530121177,7.4169564941525
Panasonic,Lumix DMC LX5,683,3200,2235.0,15.188008406177,5.956081727912549,7.8814912457015
Panasonic,Lumix DMC LX5,683,3200,2235.0,16.191405860544,6.34957092570353,8.3117616394637
Panasonic,Lumix DMC LX5,683,3200,2235.0,17.194803314912,6.743060123494902,8.7121301939987
Panasonic,Lumix DMC LX5,683,3200,2235.0,18.198200769279,7.136549321285883,9.0861979817946
Panasonic,Lumix DMC LX5,683,3200,2235.0,19.201598223647,7.530038519077255,9.4369701433085
Panasonic,Lumix DMC LX5,683,3200,2235.0,20.204995678014,7.923527716868235,9.7669789645461
Panasonic,Lumix DMC LX5,683,3200,2235.0,21.208393132382,8.317016914659607,10.078376909427
Panasonic,Lumix DMC LX5,683,3200,2235.0,22.211790586749,8.710506112450588,10.373007976949
Panasonic,Lumix DMC LX5,683,3200,2235.0,23.215188041117,9.103995310241961,10.652463156638
Panasonic,Lumix DMC LX5,683,3200,2235.0,24.218585495484,9.497484508032942,10.918124040288
Panasonic,Lumix DMC LX5,683,3200,2235.0,25.221982949851,9.89097370582392,11.171197490905
Panasonic,Lumix DMC LX5,683,3200,2235.0,26.225380404219,10.284462903615294,11.412743474791
Panasonic,Lumix DMC LX5,683,3200,2235.0,27.228777858586,10.677952101406273,11.643697607007
Panasonic,Lumix DMC LX5,683,3200,2235.0,28.232175312954,11.071441299197646,11.864889566179
Panasonic,Lumix DMC LX5,683,3200,2235.0,29.235572767321,11.464930496988627,12.077058250734
Panasonic,Lumix DMC LX5,683,3200,2235.0,30.238970221689,11.85841969478,12.280864341659
Panasonic,Lumix DMC LX5,683,3200,2235.0,31.242367676056,12.25190889257098,12.476900784147
Panasonic,Lumix DMC LX5,683,3200,2235.0,32.245765130424,12.645398090362352,12.665701586466
Panasonic,Lumix DMC LX5,683,3200,2235.0,33.249162584791,13.038887288153333,12.847749248459
Panasonic,Lumix DMC LX5,683,3200,2235.0,34.252560039159,13.432376485944705,13.023481066658
Panasonic,Lumix DMC LX5,683,3200,2235.0,35.255957493526,13.825865683735685,13.193294512741
Panasonic,Lumix DMC LX5,683,3200,2235.0,36.259354947894,14.21935488152706,13.357551843138
Panasonic,Lumix DMC LX5,683,3200,2235.0,37.262752402261,14.612844079318037,13.516584067226
Panasonic,Lumix DMC LX5,683,3200,2235.0,38.266149856628,15.006333277109018,13.670694377657
Panasonic,Lumix DMC LX5,683,3200,2235.0,39.269547310996,15.399822474900393,13.820161127437
Panasonic,Lumix DMC LX5,683,3200,2235.0,40.272944765363,15.793311672691374,13.965240423326
Panasonic,Lumix DMC LX5,683,3200,2235.0,41.276342219731,16.186800870482745,14.106168392996
Panasonic,Lumix DMC LX5,683,3200,2235.0,42.279739674098,16.580290068273726,14.243163173674
Panasonic,Lumix DMC LX5,683,3200,2235.0,43.283137128466,16.973779266065097,14.376426662057
Panasonic,Lumix DMC LX5,683,3200,2235.0,44.286534582833,17.367268463856078,14.506146058843
Panasonic,Lumix DMC LX5,683,3200,2235.0,45.289932037201,17.76075766164745,14.632495235948
Panasonic,Lumix DMC LX5,683,3200,2235.0,46.293329491568,18.154246859438434,14.755635950102
Panasonic,Lumix DMC LX5,683,3200,2235.0,47.296726945936,18.547736057229805,14.875718922943
Panasonic,Lumix DMC LX5,683,3200,2235.0,48.300124400303,18.941225255020782,14.992884804718
Panasonic,Lumix DMC LX5,683,3200,2235.0,49.30352185467,19.334714452811767,15.107265036218
Panasonic,Lumix DMC LX5,683,3200,2235.0,50.306919309038,19.728203650603138,15.218982621481
Panasonic,Lumix DMC LX5,683,3200,2235.0,51.310316763405,20.12169284839412,15.328152822037
Panasonic,Lumix DMC LX5,683,3200,2235.0,52.313714217773,20.51518204618549,15.434883781992
Panasonic,Lumix DMC LX5,683,3200,2235.0,53.31711167214,20.90867124397647,15.539277092001
Panasonic,Lumix DMC LX5,683,3200,2235.0,54.320509126508,21.302160441767843,15.641428299099
Panasonic,Lumix DMC LX5,683,3200,2235.0,55.323906580875,21.695649639558823,15.741427368469
Panasonic,Lumix DMC LX5,683,3200,2235.0,56.327304035243,22.0891388373502,15.839359102434
Panasonic,Lumix DMC LX5,683,3200,2235.0,57.33070148961,22.48262803514118,15.935303521309
Panasonic,Lumix DMC LX5,683,3200,2235.0,58.334098943978,22.87611723293255,16.029336210179
Panasonic,Lumix DMC LX5,683,3200,2235.0,59.337496398345,23.26960643072353,16.121528635148
Panasonic,Lumix DMC LX5,683,3200,2235.0,60.340893852713,23.663095628514903,16.21194843223
Panasonic,Lumix DMC LX5,683,3200,2235.0,61.34429130708,24.056584826305883,16.300659671627
Panasonic,Lumix DMC LX5,683,3200,2235.0,62.347688761447,24.450074024096864,16.387723099865
Panasonic,Lumix DMC LX5,683,3200,2235.0,63.351086215815,24.84356322188824,16.47319636195
Panasonic,Lumix DMC LX5,683,3200,2235.0,64.354483670182,25.237052419679216,16.557134205482
Panasonic,Lumix DMC LX5,683,3200,2235.0,65.35788112455,25.63054161747059,16.639588668434
Panasonic,Lumix DMC LX5,683,3200,2235.0,66.361278578917,26.02403081526157,16.720609252138
Panasonic,Lumix DMC LX5,683,3200,2235.0,67.364676033285,26.417520013052936,16.800243080838
Panasonic,Lumix DMC LX5,683,3200,2235.0,68.368073487652,26.811009210843924,16.878535049028
Panasonic,Lumix DMC LX5,683,3200,2235.0,69.37147094202,27.204498408635292,16.955527957685
Panasonic,Lumix DMC LX5,683,3200,2235.0,70.374868396387,27.597987606426276,17.031262640363
Panasonic,Lumix DMC LX5,683,3200,2235.0,71.378265850755,27.991476804217648,17.105778080043
Panasonic,Lumix DMC LX5,683,3200,2235.0,72.381663305122,28.38496600200863,17.179111517531
Panasonic,Lumix DMC LX5,683,3200,2235.0,73.385060759489,28.77845519979961,17.251298552122
Panasonic,Lumix DMC LX5,683,3200,2235.0,74.388458213857,29.17194439759098,17.322373235173
Panasonic,Lumix DMC LX5,683,3200,2235.0,75.391855668224,29.565433595381958,17.392368157182
Panasonic,Lumix DMC LX5,683,3200,2235.0,76.395253122592,29.958922793173333,17.46131452889
Panasonic,Lumix DMC LX5,683,3200,2235.0,77.398650576959,30.352411990964313,17.529242256892
Panasonic,Lumix DMC LX5,683,3200,2235.0,78.402048031327,30.74590118875569,17.596180014203
Panasonic,Lumix DMC LX5,683,3200,2235.0,79.405445485694,31.139390386546665,17.662155306157
Panasonic,Lumix DMC LX5,683,3200,2235.0,80.408842940062,31.53287958433804,17.727194532016
Panasonic,Lumix DMC LX5,683,3200,2235.0,81.412240394429,31.92636878212902,17.791323042609
Panasonic,Lumix DMC LX5,683,3200,2235.0,82.415637848797,32.3198579799204,17.854565194308
Panasonic,Lumix DMC LX5,683,3200,2235.0,83.419035303164,32.71334717771137,17.916944399609
Panasonic,Lumix DMC LX5,683,3200,2235.0,84.422432757532,33.10683637550274,17.978483174575
Panasonic,Lumix DMC LX5,683,3200,2235.0,85.425830211899,33.50032557329373,18.039203183356
Panasonic,Lumix DMC LX5,683,3200,2235.0,86.429227666266,33.893814771084706,18.099125280025
Panasonic,Lumix DMC LX5,683,3200,2235.0,87.432625120634,34.287303968876074,18.158269547885
Panasonic,Lumix DMC LX5,683,3200,2235.0,88.436022575001,34.680793166667065,18.216655336463
Panasonic,Lumix DMC LX5,683,3200,2235.0,89.439420029369,35.07428236445843,18.274301296319
Panasonic,Lumix DMC LX5,683,3200,2235.0,90.442817483736,35.46777156224941,18.331225411843
Panasonic,Lumix DMC LX5,683,3200,2235.0,91.446214938104,35.861260760040786,18.387445032171
Panasonic,Lumix DMC LX5,683,3200,2235.0,92.449612392471,36.25474995783176,18.442976900346
Panasonic,Lumix DMC LX5,683,3200,2235.0,93.453009846839,36.64823915562314,18.497837180836
Panasonic,Lumix DMC LX5,683,3200,2235.0,94.456407301206,37.041728353414115,18.552041485533
Panasonic,Lumix DMC LX5,683,3200,2235.0,95.459804755574,37.43521755120549,18.605604898311
Panasonic,Lumix DMC LX5,683,3200,2235.0,96.463202209941,37.828706748996474,18.658541998261
Panasonic,Lumix DMC LX5,683,3200,2235.0,97.466599664309,38.22219594678785,18.710866881663
Panasonic,Lumix DMC LX5,683,3200,2235.0,98.469997118676,38.615685144578826,18.762593182794
Panasonic,Lumix DMC LX5,683,3200,2235.0,99.473394573043,39.0091743423698,18.813734093637
Panasonic,Lumix DMC LX5,683,3200,2235.0,100.47679202741,39.40266354016078,18.864302382556
Panasonic,Lumix DMC LX5,683,3200,2235.0,101.48018948178,39.796152737952944,18.914310412012
Panasonic,Lumix DMC LX5,683,3200,2235.0,102.48358693615,40.1896419357451,18.963770155365
Panasonic,Lumix DMC LX5,683,3200,2235.0,103.48698439051,40.583131133533335,19.012693212827
Panasonic,Lumix DMC LX5,683,3200,2235.0,104.49038184488,40.97662033132549,19.061090826614
Panasonic,Lumix DMC LX5,683,3200,2235.0,105.49377929925,41.37010952911764,19.108973895344
Panasonic,Lumix DMC LX5,683,3200,2235.0,106.49717675362,41.7635987269098,19.156352987721
Panasonic,Lumix DMC LX5,683,3200,2235.0,107.50057420798,42.15708792469804,19.203238355556
Panasonic,Lumix DMC LX5,683,3200,2235.0,108.50397166235,42.550577122490196,19.249639946155
Panasonic,Lumix DMC LX5,683,3200,2235.0,109.50736911672,42.94406632028235,19.295567414116
Panasonic,Lumix DMC LX5,683,3200,2235.0,110.51076657109,43.33755551807451,19.341030132559
Panasonic,Lumix DMC LX5,683,3200,2235.0,111.51416402545,43.731044715862744,19.386037203836
Panasonic,Lumix DMC LX5,683,3200,2235.0,112.51756147982,44.1245339136549,19.430597469736
Panasonic,Lumix DMC LX5,683,3200,2235.0,113.52095893419,44.518023111447064,19.474719521218
Panasonic,Lumix DMC LX5,683,3200,2235.0,114.52435638856,44.911512309239214,19.518411707696
Panasonic,Lumix DMC LX5,683,3200,2235.0,115.52775384292,45.305001507027455,19.561682145913
Panasonic,Lumix DMC LX5,683,3200,2235.0,116.53115129729,45.698490704819605,19.604538728397
Panasonic,Lumix DMC LX5,683,3200,2235.0,117.53454875166,46.09197990261176,19.646989131556
Panasonic,Lumix DMC LX5,683,3200,2235.0,118.53794620603,46.48546910040392,19.689040823406
Panasonic,Lumix DMC LX5,683,3200,2235.0,119.54134366039,46.87895829819216,19.730701070958
Panasonic,Lumix DMC LX5,683,3200,2235.0,120.54474111476,47.272447495984316,19.771976947291
Panasonic,Lumix DMC LX5,683,3200,2235.0,121.54813856913,47.66593669377647,19.812875338312
Panasonic,Lumix DMC LX5,683,3200,2235.0,122.55153602349,48.05942589156471,19.853402949232
Panasonic,Lumix DMC LX5,683,3200,2235.0,123.55493347786,48.452915089356864,19.89356631076
Panasonic,Lumix DMC LX5,683,3200,2235.0,124.55833093223,48.84640428714902,19.933371785043
Panasonic,Lumix DMC LX5,683,3200,2235.0,125.5617283866,49.23989348494117,19.972825571357
Panasonic,Lumix DMC LX5,683,3200,2235.0,126.56512584096,49.63338268272941,20.011933711552
Panasonic,Lumix DMC LX5,683,3200,2235.0,127.56852329533,50.02687188052156,20.050702095289
Panasonic,Lumix DMC LX5,683,3200,2235.0,128.5719207497,50.42036107831373,20.089136465049
Panasonic,Lumix DMC LX5,683,3200,2235.0,129.57531820407,50.813850276105875,20.127242420949
Panasonic,Lumix DMC LX5,683,3200,2235.0,130.57871565843,51.20733947389412,20.165025425356
Panasonic,Lumix DMC LX5,683,3200,2235.0,131.5821131128,51.60082867168627,20.202490807324
Panasonic,Lumix DMC LX5,683,3200,2235.0,132.58551056717,51.99431786947842,20.239643766853
Panasonic,Lumix DMC LX5,683,3200,2235.0,133.58890802154,52.387807067270586,20.276489378976
Panasonic,Lumix DMC LX5,683,3200,2235.0,134.5923054759,52.78129626505882,20.313032597695
Panasonic,Lumix DMC LX5,683,3200,2235.0,135.59570293027,53.174785462850984,20.34927825976
Panasonic,Lumix DMC LX5,683,3200,2235.0,136.59910038464,53.568274660643134,20.3852310883
Panasonic,Lumix DMC LX5,683,3200,2235.0,137.60249783901,53.9617638584353,20.420895696321
Panasonic,Lumix DMC LX5,683,3200,2235.0,138.60589529337,54.35525305622353,20.456276590071
Panasonic,Lumix DMC LX5,683,3200,2235.0,139.60929274774,54.74874225401568,20.491378172273
Panasonic,Lumix DMC LX5,683,3200,2235.0,140.61269020211,55.142231451807845,20.526204745243
Panasonic,Lumix DMC LX5,683,3200,2235.0,141.61608765648,55.53572064960001,20.56076051389
Panasonic,Lumix DMC LX5,683,3200,2235.0,142.61948511084,55.929209847388236,20.595049588607
Panasonic,Lumix DMC LX5,683,3200,2235.0,143.62288256521,56.32269904518039,20.629075988055
Panasonic,Lumix DMC LX5,683,3200,2235.0,144.62628001958,56.71618824297256,20.662843641847
Panasonic,Lumix DMC LX5,683,3200,2235.0,145.62967747395,57.109677440764706,20.696356393134
Panasonic,Lumix DMC LX5,683,3200,2235.0,146.63307492831,57.50316663855295,20.729618001099
Panasonic,Lumix DMC LX5,683,3200,2235.0,147.63647238268,57.896655836345104,20.762632143365
Panasonic,Lumix DMC LX5,683,3200,2235.0,148.63986983705,58.290145034137254,20.795402418312
Panasonic,Lumix DMC LX5,683,3200,2235.0,149.64326729142,58.6836342319294,20.827932347321
Panasonic,Lumix DMC LX5,683,3200,2235.0,150.64666474578,59.07712342971764,20.860225376932
Panasonic,Lumix DMC LX5,683,3200,2235.0,151.65006220015,59.4706126275098,20.892284880931
Panasonic,Lumix DMC LX5,683,3200,2235.0,152.65345965452,59.864101825301965,20.924114162366
Panasonic,Lumix DMC LX5,683,3200,2235.0,153.65685710889,60.257591023094115,20.955716455494
Panasonic,Lumix DMC LX5,683,3200,2235.0,154.66025456325,60.65108022088235,20.987094927657
Panasonic,Lumix DMC LX5,683,3200,2235.0,155.66365201762,61.04456941867451,21.018252681106
Panasonic,Lumix DMC LX5,683,3200,2235.0,156.66704947199,61.43805861646666,21.049192754749
Panasonic,Lumix DMC LX5,683,3200,2235.0,157.67044692636,61.831547814258826,21.079918125855
Panasonic,Lumix DMC LX5,683,3200,2235.0,158.67384438072,62.22503701204706,21.110431711691
Panasonic,Lumix DMC LX5,683,3200,2235.0,159.67724183509,62.61852620983922,21.140736371115
Panasonic,Lumix DMC LX5,683,3200,2235.0,160.68063928946,63.012015407631374,21.170834906104
Panasonic,Lumix DMC LX5,683,3200,2235.0,161.68403674383,63.40550460542354,21.200730063248
Panasonic,Lumix DMC LX5,683,3200,2235.0,162.68743419819,63.798993803211765,21.230424535183
Panasonic,Lumix DMC LX5,683,3200,2235.0,163.69083165256,64.19248300100392,21.259920961984
Panasonic,Lumix DMC LX5,683,3200,2235.0,164.69422910693,64.58597219879609,21.289221932516
Panasonic,Lumix DMC LX5,683,3200,2235.0,165.6976265613,64.97946139658825,21.318329985734
Panasonic,Lumix DMC LX5,683,3200,2235.0,166.70102401566,65.37295059437648,21.347247611951
Panasonic,Lumix DMC LX5,683,3200,2235.0,167.70442147003,65.76643979216863,21.375977254061
Panasonic,Lumix DMC LX5,683,3200,2235.0,168.7078189244,66.15992898996078,21.404521308725
Panasonic,Lumix DMC LX5,683,3200,2235.0,169.71121637877,66.55341818775294,21.432882127522
Panasonic,Lumix DMC LX5,683,3200,2235.0,170.71461383313,66.94690738554118,21.461062018065
Panasonic,Lumix DMC LX5,683,3200,2235.0,171.7180112875,67.34039658333333,21.489063245077
Panasonic,Lumix DMC LX5,683,3200,2235.0,172.72140874187,67.7338857811255,21.516888031445
Panasonic,Lumix DMC LX5,683,3200,2235.0,173.72480619624,68.12737497891764,21.544538559229
Panasonic,Lumix DMC LX5,683,3200,2235.0,174.7282036506,68.52086417670587,21.572016970656
Panasonic,Lumix DMC LX5,683,3200,2235.0,175.73160110497,68.91435337449803,21.599325369068
Panasonic,Lumix DMC LX5,683,3200,2235.0,176.73499855934,69.30784257229018,21.626465819857
Panasonic,Lumix DMC LX5,683,3200,2235.0,177.73839601371,69.70133177008235,21.653440351361
Panasonic,Lumix DMC LX5,683,3200,2235.0,178.74179346807,70.09482096787059,21.680250955741
Panasonic,Lumix DMC LX5,683,3200,2235.0,179.74519092244,70.48831016566275,21.706899589827
Panasonic,Lumix DMC LX5,683,3200,2235.0,180.74858837681,70.8817993634549,21.733388175946
Panasonic,Lumix DMC LX5,683,3200,2235.0,181.75198583118,71.27528856124707,21.75971860272
Panasonic,Lumix DMC LX5,683,3200,2235.0,182.75538328554,71.6687777590353,21.785892725843
Panasonic,Lumix DMC LX5,683,3200,2235.0,183.75878073991,72.06226695682746,21.811912368838
Panasonic,Lumix DMC LX5,683,3200,2235.0,184.76217819428,72.4557561546196,21.83777932379
Panasonic,Lumix DMC LX5,683,3200,2235.0,185.76557564865,72.84924535241177,21.863495352058
Panasonic,Lumix DMC LX5,683,3200,2235.0,186.76897310301,73.24273455020001,21.889062184973
Panasonic,Lumix DMC LX5,683,3200,2235.0,187.77237055738,73.63622374799215,21.914481524507
Panasonic,Lumix DMC LX5,683,3200,2235.0,188.77576801175,74.02971294578431,21.939755043928
Panasonic,Lumix DMC LX5,683,3200,2235.0,189.77916546612,74.42320214357648,21.964884388443
Panasonic,Lumix DMC LX5,683,3200,2235.0,190.78256292048,74.8166913413647,21.98987117581
Panasonic,Lumix DMC LX5,683,3200,2235.0,191.78596037485,75.21018053915685,22.014716996948
Panasonic,Lumix DMC LX5,683,3200,2235.0,192.78935782922,75.60366973694902,22.039423416517
Panasonic,Lumix DMC LX5,683,3200,2235.0,193.79275528359,75.99715893474117,22.063991973495
Panasonic,Lumix DMC LX5,683,3200,2235.0,194.79615273795,76.39064813252942,22.088424181726
Panasonic,Lumix DMC LX5,683,3200,2235.0,195.79955019232,76.78413733032157,22.112721530468
Panasonic,Lumix DMC LX5,683,3200,2235.0,196.80294764669,77.17762652811373,22.136885484912
Panasonic,Lumix DMC LX5,683,3200,2235.0,197.80634510106,77.57111572590588,22.160917486701
Panasonic,Lumix DMC LX5,683,3200,2235.0,198.80974255542,77.96460492369411,22.184818954423
Panasonic,Lumix DMC LX5,683,3200,2235.0,199.81314000979,78.35809412148627,22.208591284098
Panasonic,Lumix DMC LX5,683,3200,2235.0,200.81653746416,78.75158331927842,22.232235849655
Panasonic,Lumix DMC LX5,683,3200,2235.0,201.81993491853,79.14507251707059,22.255754003386
Panasonic,Lumix DMC LX5,683,3200,2235.0,202.82333237289,79.53856171485883,22.2791470764
Panasonic,Lumix DMC LX5,683,3200,2235.0,203.82672982726,79.932050912651,22.302416379059
Panasonic,Lumix DMC LX5,683,3200,2235.0,204.83012728163,80.32554011044314,22.325563201403
Panasonic,Lumix DMC LX5,683,3200,2235.0,205.833524736,80.71902930823529,22.348588813566
Panasonic,Lumix DMC LX5,683,3200,2235.0,206.83692219036,81.11251850602353,22.371494466181
Panasonic,Lumix DMC LX5,683,3200,2235.0,207.84031964473,81.50600770381568,22.394281390774
Panasonic,Lumix DMC LX5,683,3200,2235.0,208.8437170991,81.89949690160783,22.416950800151
Panasonic,Lumix DMC LX5,683,3200,2235.0,209.84711455347,82.2929860994,22.43950388877
Panasonic,Lumix DMC LX5,683,3200,2235.0,210.85051200783,82.68647529718824,22.461941833108
Panasonic,Lumix DMC LX5,683,3200,2235.0,211.8539094622,83.07996449498039,22.484265792019
Panasonic,Lumix DMC LX5,683,3200,2235.0,212.85730691657,83.47345369277255,22.506476907081
Panasonic,Lumix DMC LX5,683,3200,2235.0,213.86070437093,83.86694289056078,22.528576302936
Panasonic,Lumix DMC LX5,683,3200,2235.0,214.8641018253,84.26043208835294,22.550565087621
Panasonic,Lumix DMC LX5,683,3200,2235.0,215.86749927967,84.65392128614509,22.57244435289
Panasonic,Lumix DMC LX5,683,3200,2235.0,216.87089673404,85.04741048393726,22.594215174534
Panasonic,Lumix DMC LX5,683,3200,2235.0,217.8742941884,85.4408996817255,22.615878612682
Panasonic,Lumix DMC LX5,683,3200,2235.0,218.87769164277,85.83438887951765,22.637435712109
Panasonic,Lumix DMC LX5,683,3200,2235.0,219.88108909714,86.22787807730981,22.658887502523
Panasonic,Lumix DMC LX5,683,3200,2235.0,220.88448655151,86.62136727510197,22.680234998856
Panasonic,Lumix DMC LX5,683,3200,2235.0,221.88788400587,87.0148564728902,22.701479201543
Panasonic,Lumix DMC LX5,683,3200,2235.0,222.89128146024,87.40834567068235,22.722621096791
Panasonic,Lumix DMC LX5,683,3200,2235.0,223.89467891461,87.80183486847451,22.743661656852
Panasonic,Lumix DMC LX5,683,3200,2235.0,224.89807636898,88.19532406626666,22.76460184028
Panasonic,Lumix DMC LX5,683,3200,2235.0,225.90147382334,88.5888132640549,22.785442592186
Panasonic,Lumix DMC LX5,683,3200,2235.0,226.90487127771,88.98230246184706,22.806184844488
Panasonic,Lumix DMC LX5,683,3200,2235.0,227.90826873208,89.37579165963922,22.826829516152
Panasonic,Lumix DMC LX5,683,3200,2235.0,228.91166618645,89.76928085743137,22.847377513432
Panasonic,Lumix DMC LX5,683,3200,2235.0,229.91506364081,90.1627700552196,22.867829730099
Panasonic,Lumix DMC LX5,683,3200,2235.0,230.91846109518,90.55625925301176,22.888187047672
Panasonic,Lumix DMC LX5,683,3200,2235.0,231.92185854955,90.94974845080392,22.908450335634
Panasonic,Lumix DMC LX5,683,3200,2235.0,232.92525600392,91.34323764859607,22.928620451656
Panasonic,Lumix DMC LX5,683,3200,2235.0,233.92865345828,91.73672684638431,22.948698241803
Panasonic,Lumix DMC LX5,683,3200,2235.0,234.93205091265,92.13021604417648,22.968684540743
Panasonic,Lumix DMC LX5,683,3200,2235.0,235.93544836702,92.52370524196863,22.988580171951
Panasonic,Lumix DMC LX5,683,3200,2235.0,236.93884582139,92.91719443976079,23.008385947906
Panasonic,Lumix DMC LX5,683,3200,2235.0,237.94224327575,93.31068363754902,23.028102670285
Panasonic,Lumix DMC LX5,683,3200,2235.0,238.94564073012,93.70417283534118,23.047731130153
Panasonic,Lumix DMC LX5,683,3200,2235.0,239.94903818449,94.09766203313333,23.067272108147
Panasonic,Lumix DMC LX5,683,3200,2235.0,240.95243563886,94.4911512309255,23.086726374659
Panasonic,Lumix DMC LX5,683,3200,2235.0,241.95583309322,94.88464042871372,23.106094690015
Panasonic,Lumix DMC LX5,683,3200,2235.0,242.95923054759,95.27812962650589,23.125377804644
Panasonic,Lumix DMC LX5,683,3200,2235.0,243.96262800196,95.67161882429804,23.144576459252
Panasonic,Lumix DMC LX5,683,3200,2235.0,244.96602545633,96.0651080220902,23.163691384989
Panasonic,Lumix DMC LX5,683,3200,2235.0,245.96942291069,96.45859721987844,23.182723303608
Panasonic,Lumix DMC LX5,683,3200,2235.0,246.97282036506,96.85208641767058,23.201672927628
Panasonic,Lumix DMC LX5,683,3200,2235.0,247.97621781943,97.24557561546274,23.220540960488
Panasonic,Lumix DMC LX5,683,3200,2235.0,248.9796152738,97.63906481325489,23.2393280967
Panasonic,Lumix DMC LX5,683,3200,2235.0,249.98301272816,98.03255401104313,23.258035022002
Panasonic,Lumix DMC LX5,683,3200,2235.0,250.98641018253,98.4260432088353,23.276662413498
Panasonic,Lumix DMC LX5,683,3200,2235.0,251.9898076369,98.81953240662746,23.295210939808
Panasonic,Lumix DMC LX5,683,3200,2235.0,252.99320509127,99.21302160441961,23.313681261205
Panasonic,Lumix DMC LX5,683,3200,2235.0,253.99660254563,99.60651080220784,23.332074029751
Panasonic,Lumix DMC LX5,683,3200,2235.0,255,100.0,23.350389889438
