brand,model,sensor_id,iso_manufacturer,iso_measured,gray_level_255,gray_pct,snr_db
Panasonic,Lumix DMC-GX7,901,125,108.0,0.074220147942574,0.029105940369636863,0
Panasonic,Lumix DMC-GX7,901,125,108.0,0.083788346539577,0.0328581751135596,0.95062190726712
Panasonic,Lumix DMC-GX7,901,125,108.0,0.12530415057184,0.04913888257719216,4.0271090217943
Panasonic,Lumix DMC-GX7,901,125,108.0,0.21692886147866,0.08507014175633726,7.991213235542
Panasonic,Lumix DMC-GX7,901,125,108.0,0.40735295849666,0.1597462582339843,12.157971447783
Panasonic,Lumix DMC-GX7,901,125,108.0,0.67850266665134,0.26607947711817254,15.222123741477
Panasonic,Lumix DMC-GX7,901,125,108.0,1.1876304024988,0.46573741274462743,18.301762710563
Panasonic,Lumix DMC-GX7,901,125,108.0,2.237925620216,0.8776178902807843,21.511235477741
Panasonic,Lumix DMC-GX7,901,125,108.0,5.1037922962703,2.001487175007961,25.39954721259
Panasonic,Lumix DMC-GX7,901,125,108.0,6.1155178335324,2.3982422876597647,26.223391476947
Panasonic,Lumix DMC-GX7,901,125,108.0,7.1272433707944,2.794997400311529,26.91467725253
Panasonic,Lumix DMC-GX7,901,125,108.0,8.1389689080565,3.1917525129633333,27.509924433467
Panasonic,Lumix DMC-GX7,901,125,108.0,9.1506944453186,3.5885076256151374,28.032397688514
Panasonic,Lumix DMC-GX7,901,125,108.0,10.162419982581,3.9852627382670582,28.497826465465
Panasonic,Lumix DMC-GX7,901,125,108.0,11.174145519843,4.382017850918824,28.917340795463
Panasonic,Lumix DMC-GX7,901,125,108.0,12.185871057105,4.778772963570589,29.29910459789
Panasonic,Lumix DMC-GX7,901,125,108.0,13.197596594367,5.175528076222354,29.649283282939
Panasonic,Lumix DMC-GX7,901,125,108.0,14.209322131629,5.572283188874117,29.972646641891
Panasonic,Lumix DMC-GX7,901,125,108.0,15.221047668891,5.969038301525882,30.272960392496
Panasonic,Lumix DMC-GX7,901,125,108.0,16.232773206153,6.365793414177647,30.553249443325
Panasonic,Lumix DMC-GX7,901,125,108.0,17.244498743415,6.762548526829412,30.815980200714
Panasonic,Lumix DMC-GX7,901,125,108.0,18.256224280677,7.159303639481177,31.063190056915
Panasonic,Lumix DMC-GX7,901,125,108.0,19.267949817939,7.556058752132942,31.296581414174
Panasonic,Lumix DMC-GX7,901,125,108.0,20.279675355201,7.952813864784707,31.517591293078
Panasonic,Lumix DMC-GX7,901,125,108.0,21.291400892463,8.34956897743647,31.727443756648
Panasonic,Lumix DMC-GX7,901,125,108.0,22.303126429725,8.746324090088235,31.927190000683
Panasonic,Lumix DMC-GX7,901,125,108.0,23.314851966987,9.14307920274,32.117739435506
Panasonic,Lumix DMC-GX7,901,125,108.0,24.32657750425,9.539834315392156,32.299884083509
Panasonic,Lumix DMC-GX7,901,125,108.0,25.338303041512,9.936589428043922,32.474317946086
Panasonic,Lumix DMC-GX7,901,125,108.0,26.350028578774,10.333344540695686,32.641652535272
Panasonic,Lumix DMC-GX7,901,125,108.0,27.361754116036,10.730099653347452,32.802429446673
Panasonic,Lumix DMC-GX7,901,125,108.0,28.373479653298,11.126854765999216,32.957130625142
Panasonic,Lumix DMC-GX7,901,125,108.0,29.38520519056,11.523609878650982,33.106186813264
Panasonic,Lumix DMC-GX7,901,125,108.0,30.396930727822,11.920364991302746,33.249984555397
Panasonic,Lumix DMC-GX7,901,125,108.0,31.408656265084,12.31712010395451,33.388872043826
Panasonic,Lumix DMC-GX7,901,125,108.0,32.420381802346,12.713875216606274,33.52316402933
Panasonic,Lumix DMC-GX7,901,125,108.0,33.432107339608,13.110630329258042,33.653145970272
Panasonic,Lumix DMC-GX7,901,125,108.0,34.44383287687,13.507385441909802,33.779077557621
Panasonic,Lumix DMC-GX7,901,125,108.0,35.455558414132,13.90414055456157,33.901195725259
Panasonic,Lumix DMC-GX7,901,125,108.0,36.467283951394,14.300895667213334,34.019717233186
Panasonic,Lumix DMC-GX7,901,125,108.0,37.479009488656,14.697650779865096,34.134840894341
Panasonic,Lumix DMC-GX7,901,125,108.0,38.490735025918,15.094405892516862,34.246749502436
Panasonic,Lumix DMC-GX7,901,125,108.0,39.50246056318,15.491161005168626,34.355611507733
Panasonic,Lumix DMC-GX7,901,125,108.0,40.514186100443,15.887916117820783,34.461582479279
Panasonic,Lumix DMC-GX7,901,125,108.0,41.525911637705,16.28467123047255,34.564806385461
Panasonic,Lumix DMC-GX7,901,125,108.0,42.537637174967,16.681426343124315,34.665416719285
Panasonic,Lumix DMC-GX7,901,125,108.0,43.549362712229,17.07818145577608,34.763537490471
Panasonic,Lumix DMC-GX7,901,125,108.0,44.561088249491,17.474936568427843,34.859284102801
Panasonic,Lumix DMC-GX7,901,125,108.0,45.572813786753,17.87169168107961,34.952764132325
Panasonic,Lumix DMC-GX7,901,125,108.0,46.584539324015,18.26844679373137,35.04407801954
Panasonic,Lumix DMC-GX7,901,125,108.0,47.596264861277,18.665201906383135,35.133319686723
Panasonic,Lumix DMC-GX7,901,125,108.0,48.607990398539,19.061957019034903,35.220577089924
Panasonic,Lumix DMC-GX7,901,125,108.0,49.619715935801,19.458712131686664,35.305932713735
Panasonic,Lumix DMC-GX7,901,125,108.0,50.631441473063,19.85546724433843,35.389464015816
Panasonic,Lumix DMC-GX7,901,125,108.0,51.643167010325,20.252222356990195,35.471243827185
Panasonic,Lumix DMC-GX7,901,125,108.0,52.654892547587,20.648977469641963,35.551340713433
Panasonic,Lumix DMC-GX7,901,125,108.0,53.666618084849,21.045732582293724,35.629819301372
Panasonic,Lumix DMC-GX7,901,125,108.0,54.678343622111,21.44248769494549,35.706740575001
Panasonic,Lumix DMC-GX7,901,125,108.0,55.690069159374,21.839242807597646,35.782162144186
Panasonic,Lumix DMC-GX7,901,125,108.0,56.701794696636,22.23599792024941,35.856138489019
Panasonic,Lumix DMC-GX7,901,125,108.0,57.713520233898,22.632753032901178,35.928721182449
Panasonic,Lumix DMC-GX7,901,125,108.0,58.72524577116,23.029508145552942,35.999959093466
Panasonic,Lumix DMC-GX7,901,125,108.0,59.736971308422,23.426263258204706,36.06989857284
Panasonic,Lumix DMC-GX7,901,125,108.0,60.748696845684,23.82301837085647,36.138583623178
Panasonic,Lumix DMC-GX7,901,125,108.0,61.760422382946,24.219773483508234,36.206056054869
Panasonic,Lumix DMC-GX7,901,125,108.0,62.772147920208,24.616528596160002,36.272355629294
Panasonic,Lumix DMC-GX7,901,125,108.0,63.78387345747,25.013283708811766,36.337520190525
Panasonic,Lumix DMC-GX7,901,125,108.0,64.795598994732,25.41003882146353,36.401585786623
Panasonic,Lumix DMC-GX7,901,125,108.0,65.807324531994,25.806793934115298,36.464586781477
Panasonic,Lumix DMC-GX7,901,125,108.0,66.819050069256,26.203549046767055,36.526555958088
Panasonic,Lumix DMC-GX7,901,125,108.0,67.830775606518,26.600304159418826,36.587524614041
Panasonic,Lumix DMC-GX7,901,125,108.0,68.84250114378,26.99705927207059,36.647522649888
Panasonic,Lumix DMC-GX7,901,125,108.0,69.854226681042,27.393814384722347,36.706578651046
Panasonic,Lumix DMC-GX7,901,125,108.0,70.865952218305,27.790569497374506,36.764719963789
Panasonic,Lumix DMC-GX7,901,125,108.0,71.877677755567,28.187324610026277,36.821972765821
Panasonic,Lumix DMC-GX7,901,125,108.0,72.889403292829,28.58407972267804,36.878362131901
Panasonic,Lumix DMC-GX7,901,125,108.0,73.901128830091,28.980834835329805,36.933912094926
Panasonic,Lumix DMC-GX7,901,125,108.0,74.912854367353,29.37758994798157,36.988645702837
Panasonic,Lumix DMC-GX7,901,125,108.0,75.924579904615,29.774345060633333,37.0425850717
Panasonic,Lumix DMC-GX7,901,125,108.0,76.936305441877,30.171100173285097,37.095751435252
Panasonic,Lumix DMC-GX7,901,125,108.0,77.948030979139,30.56785528593686,37.148165191205
Panasonic,Lumix DMC-GX7,901,125,108.0,78.959756516401,30.964610398588626,37.199845944545
Panasonic,Lumix DMC-GX7,901,125,108.0,79.971482053663,31.36136551124039,37.250812548066
Panasonic,Lumix DMC-GX7,901,125,108.0,80.983207590925,31.75812062389216,37.30108314035
Panasonic,Lumix DMC-GX7,901,125,108.0,81.994933128187,32.15487573654392,37.350675181374
Panasonic,Lumix DMC-GX7,901,125,108.0,83.006658665449,32.55163084919568,37.399605485929
Panasonic,Lumix DMC-GX7,901,125,108.0,84.018384202711,32.94838596184746,37.447890255005
Panasonic,Lumix DMC-GX7,901,125,108.0,85.030109739973,33.34514107449922,37.495545105293
Panasonic,Lumix DMC-GX7,901,125,108.0,86.041835277236,33.741896187151376,37.542585096934
Panasonic,Lumix DMC-GX7,901,125,108.0,87.053560814498,34.138651299803136,37.58902475964
Panasonic,Lumix DMC-GX7,901,125,108.0,88.06528635176,34.5354064124549,37.6348781173
Panasonic,Lumix DMC-GX7,901,125,108.0,89.077011889022,34.93216152510667,37.680158711179
Panasonic,Lumix DMC-GX7,901,125,108.0,90.088737426284,35.328916637758425,37.724879621798
Panasonic,Lumix DMC-GX7,901,125,108.0,91.100462963546,35.72567175041019,37.769053489588
Panasonic,Lumix DMC-GX7,901,125,108.0,92.112188500808,36.12242686306196,37.812692534404
Panasonic,Lumix DMC-GX7,901,125,108.0,93.12391403807,36.51918197571373,37.855808573968
Panasonic,Lumix DMC-GX7,901,125,108.0,94.135639575332,36.91593708836549,37.898413041303
Panasonic,Lumix DMC-GX7,901,125,108.0,95.147365112594,37.312692201017256,37.940517001252
Panasonic,Lumix DMC-GX7,901,125,108.0,96.159090649856,37.70944731366902,37.982131166095
Panasonic,Lumix DMC-GX7,901,125,108.0,97.170816187118,38.106202426320785,38.023265910371
Panasonic,Lumix DMC-GX7,901,125,108.0,98.18254172438,38.50295753897255,38.06393128491
Panasonic,Lumix DMC-GX7,901,125,108.0,99.194267261642,38.89971265162431,38.104137030156
Panasonic,Lumix DMC-GX7,901,125,108.0,100.2059927989,39.29646776427451,38.143892588805
Panasonic,Lumix DMC-GX7,901,125,108.0,101.21771833617,39.693222876929404,38.183207117812
Panasonic,Lumix DMC-GX7,901,125,108.0,102.22944387343,40.0899779895804,38.222089499789
Panasonic,Lumix DMC-GX7,901,125,108.0,103.24116941069,40.486733102231376,38.260548353855
Panasonic,Lumix DMC-GX7,901,125,108.0,104.25289494795,40.883488214882355,38.29859204594
Panasonic,Lumix DMC-GX7,901,125,108.0,105.26462048521,41.280243327533334,38.336228698602
Panasonic,Lumix DMC-GX7,901,125,108.0,106.27634602248,41.676998440188235,38.373466200364
Panasonic,Lumix DMC-GX7,901,125,108.0,107.28807155974,42.073753552839214,38.410312214614
Panasonic,Lumix DMC-GX7,901,125,108.0,108.299797097,42.47050866549019,38.446774188081
Panasonic,Lumix DMC-GX7,901,125,108.0,109.31152263426,42.86726377814118,38.48285935892
Panasonic,Lumix DMC-GX7,901,125,108.0,110.32324817153,43.26401889079608,38.518574764422
Panasonic,Lumix DMC-GX7,901,125,108.0,111.33497370879,43.66077400344706,38.55392724837
Panasonic,Lumix DMC-GX7,901,125,108.0,112.34669924605,44.05752911609804,38.588923468059
Panasonic,Lumix DMC-GX7,901,125,108.0,113.35842478331,44.45428422874902,38.623569901008
Panasonic,Lumix DMC-GX7,901,125,108.0,114.37015032057,44.8510393414,38.657872851367
Panasonic,Lumix DMC-GX7,901,125,108.0,115.38187585784,45.247794454054905,38.691838456042
Panasonic,Lumix DMC-GX7,901,125,108.0,116.3936013951,45.644549566705884,38.725472690552
Panasonic,Lumix DMC-GX7,901,125,108.0,117.40532693236,46.04130467935686,38.758781374632
Panasonic,Lumix DMC-GX7,901,125,108.0,118.41705246962,46.43805979200785,38.791770177597
Panasonic,Lumix DMC-GX7,901,125,108.0,119.42877800688,46.83481490465882,38.824444623474
Panasonic,Lumix DMC-GX7,901,125,108.0,120.44050354415,47.23157001731373,38.856810095917
Panasonic,Lumix DMC-GX7,901,125,108.0,121.45222908141,47.62832512996471,38.888871842921
Panasonic,Lumix DMC-GX7,901,125,108.0,122.46395461867,48.02508024261569,38.920634981334
Panasonic,Lumix DMC-GX7,901,125,108.0,123.47568015593,48.421835355266666,38.952104501183
Panasonic,Lumix DMC-GX7,901,125,108.0,124.48740569319,48.818590467917645,38.983285269828
Panasonic,Lumix DMC-GX7,901,125,108.0,125.49913123046,49.215345580572546,39.014182035945
Panasonic,Lumix DMC-GX7,901,125,108.0,126.51085676772,49.61210069322353,39.044799433345
Panasonic,Lumix DMC-GX7,901,125,108.0,127.52258230498,50.00885580587451,39.075141984648
Panasonic,Lumix DMC-GX7,901,125,108.0,128.53430784224,50.40561091852549,39.105214104804
Panasonic,Lumix DMC-GX7,901,125,108.0,129.5460333795,50.80236603117647,39.135020104478
Panasonic,Lumix DMC-GX7,901,125,108.0,130.55775891677,51.19912114383137,39.164564193308
Panasonic,Lumix DMC-GX7,901,125,108.0,131.56948445403,51.595876256482356,39.19385048303
Panasonic,Lumix DMC-GX7,901,125,108.0,132.58120999129,51.992631369133335,39.222882990487
Panasonic,Lumix DMC-GX7,901,125,108.0,133.59293552855,52.38938648178431,39.251665640518
Panasonic,Lumix DMC-GX7,901,125,108.0,134.60466106581,52.7861415944353,39.28020226875
Panasonic,Lumix DMC-GX7,901,125,108.0,135.61638660308,53.1828967070902,39.30849662427
Panasonic,Lumix DMC-GX7,901,125,108.0,136.62811214034,53.57965181974117,39.336552372207
Panasonic,Lumix DMC-GX7,901,125,108.0,137.6398376776,53.976406932392166,39.364373096217
Panasonic,Lumix DMC-GX7,901,125,108.0,138.65156321486,54.373162045043145,39.391962300875
Panasonic,Lumix DMC-GX7,901,125,108.0,139.66328875212,54.76991715769412,39.41932341398
Panasonic,Lumix DMC-GX7,901,125,108.0,140.67501428939,55.16667227034902,39.446459788779
Panasonic,Lumix DMC-GX7,901,125,108.0,141.68673982665,55.56342738300001,39.473374706108
Panasonic,Lumix DMC-GX7,901,125,108.0,142.69846536391,55.960182495650976,39.500071376461
Panasonic,Lumix DMC-GX7,901,125,108.0,143.71019090117,56.35693760830196,39.526552941978
Panasonic,Lumix DMC-GX7,901,125,108.0,144.72191643844,56.75369272095686,39.552822478372
Panasonic,Lumix DMC-GX7,901,125,108.0,145.7336419757,57.15044783360784,39.578882996785
Panasonic,Lumix DMC-GX7,901,125,108.0,146.74536751296,57.54720294625882,39.604737445574
Panasonic,Lumix DMC-GX7,901,125,108.0,147.75709305022,57.94395805890981,39.63038871205
Panasonic,Lumix DMC-GX7,901,125,108.0,148.76881858748,58.340713171560786,39.655839624139
Panasonic,Lumix DMC-GX7,901,125,108.0,149.78054412475,58.73746828421569,39.681092952002
Panasonic,Lumix DMC-GX7,901,125,108.0,150.79226966201,59.13422339686667,39.706151409592
Panasonic,Lumix DMC-GX7,901,125,108.0,151.80399519927,59.53097850951764,39.731017656163
Panasonic,Lumix DMC-GX7,901,125,108.0,152.81572073653,59.92773362216863,39.755694297726
Panasonic,Lumix DMC-GX7,901,125,108.0,153.82744627379,60.3244887348196,39.780183888455
Panasonic,Lumix DMC-GX7,901,125,108.0,154.83917181106,60.721243847474504,39.804488932056
Panasonic,Lumix DMC-GX7,901,125,108.0,155.85089734832,61.11799896012548,39.828611883077
Panasonic,Lumix DMC-GX7,901,125,108.0,156.86262288558,61.514754072776476,39.852555148193
Panasonic,Lumix DMC-GX7,901,125,108.0,157.87434842284,61.91150918542745,39.87632108743
Panasonic,Lumix DMC-GX7,901,125,108.0,158.8860739601,62.30826429807843,39.899912015367
Panasonic,Lumix DMC-GX7,901,125,108.0,159.89779949737,62.70501941073333,39.923330202291
Panasonic,Lumix DMC-GX7,901,125,108.0,160.90952503463,63.101774523384314,39.946577875317
Panasonic,Lumix DMC-GX7,901,125,108.0,161.92125057189,63.49852963603529,39.96965721947
Panasonic,Lumix DMC-GX7,901,125,108.0,162.93297610915,63.89528474868628,39.992570378742
Panasonic,Lumix DMC-GX7,901,125,108.0,163.94470164641,64.29203986133726,40.015319457106
Panasonic,Lumix DMC-GX7,901,125,108.0,164.95642718368,64.68879497399216,40.037906519506
Panasonic,Lumix DMC-GX7,901,125,108.0,165.96815272094,65.08555008664314,40.060333592811
Panasonic,Lumix DMC-GX7,901,125,108.0,166.9798782582,65.48230519929412,40.082602666746
Panasonic,Lumix DMC-GX7,901,125,108.0,167.99160379546,65.8790603119451,40.104715694788
Panasonic,Lumix DMC-GX7,901,125,108.0,169.00332933272,66.27581542459608,40.126674595044
Panasonic,Lumix DMC-GX7,901,125,108.0,170.01505486999,66.67257053725098,40.148481251092
Panasonic,Lumix DMC-GX7,901,125,108.0,171.02678040725,67.06932564990196,40.170137512806
Panasonic,Lumix DMC-GX7,901,125,108.0,172.03850594451,67.46608076255295,40.19164519715
Panasonic,Lumix DMC-GX7,901,125,108.0,173.05023148177,67.86283587520391,40.213006088956
Panasonic,Lumix DMC-GX7,901,125,108.0,174.06195701904,68.25959098785881,40.234221941673
Panasonic,Lumix DMC-GX7,901,125,108.0,175.0736825563,68.65634610050981,40.255294478093
Panasonic,Lumix DMC-GX7,901,125,108.0,176.08540809356,69.05310121316079,40.276225391066
Panasonic,Lumix DMC-GX7,901,125,108.0,177.09713363082,69.44985632581177,40.297016344181
Panasonic,Lumix DMC-GX7,901,125,108.0,178.10885916808,69.84661143846273,40.31766897244
Panasonic,Lumix DMC-GX7,901,125,108.0,179.12058470535,70.24336655111765,40.338184882903
Panasonic,Lumix DMC-GX7,901,125,108.0,180.13231024261,70.64012166376862,40.358565655324
Panasonic,Lumix DMC-GX7,901,125,108.0,181.14403577987,71.0368767764196,40.378812842756
Panasonic,Lumix DMC-GX7,901,125,108.0,182.15576131713,71.43363188907058,40.398927972159
Panasonic,Lumix DMC-GX7,901,125,108.0,183.16748685439,71.83038700172158,40.418912544966
Panasonic,Lumix DMC-GX7,901,125,108.0,184.17921239166,72.22714211437648,40.43876803766
Panasonic,Lumix DMC-GX7,901,125,108.0,185.19093792892,72.62389722702744,40.458495902312
Panasonic,Lumix DMC-GX7,901,125,108.0,186.20266346618,73.02065233967843,40.478097567119
Panasonic,Lumix DMC-GX7,901,125,108.0,187.21438900344,73.41740745232941,40.497574436924
Panasonic,Lumix DMC-GX7,901,125,108.0,188.2261145407,73.81416256498039,40.516927893714
Panasonic,Lumix DMC-GX7,901,125,108.0,189.23784007797,74.2109176776353,40.536159297121
Panasonic,Lumix DMC-GX7,901,125,108.0,190.24956561523,74.60767279028629,40.555269984892
Panasonic,Lumix DMC-GX7,901,125,108.0,191.26129115249,75.00442790293725,40.574261273358
Panasonic,Lumix DMC-GX7,901,125,108.0,192.27301668975,75.40118301558823,40.593134457886
Panasonic,Lumix DMC-GX7,901,125,108.0,193.28474222701,75.79793812823922,40.611890813322
Panasonic,Lumix DMC-GX7,901,125,108.0,194.29646776428,76.19469324089411,40.630531594417
Panasonic,Lumix DMC-GX7,901,125,108.0,195.30819330154,76.5914483535451,40.649058036248
Panasonic,Lumix DMC-GX7,901,125,108.0,196.3199188388,76.98820346619607,40.667471354628
Panasonic,Lumix DMC-GX7,901,125,108.0,197.33164437606,77.38495857884706,40.685772746497
Panasonic,Lumix DMC-GX7,901,125,108.0,198.34336991332,77.78171369149804,40.703963390314
Panasonic,Lumix DMC-GX7,901,125,108.0,199.35509545059,78.17846880415294,40.722044446432
Panasonic,Lumix DMC-GX7,901,125,108.0,200.36682098785,78.57522391680392,40.740017057467
Panasonic,Lumix DMC-GX7,901,125,108.0,201.37854652511,78.97197902945491,40.757882348653
Panasonic,Lumix DMC-GX7,901,125,108.0,202.39027206237,79.36873414210588,40.775641428196
Panasonic,Lumix DMC-GX7,901,125,108.0,203.40199759964,79.76548925476078,40.793295387611
Panasonic,Lumix DMC-GX7,901,125,108.0,204.4137231369,80.16224436741176,40.810845302055
Panasonic,Lumix DMC-GX7,901,125,108.0,205.42544867416,80.55899948006275,40.82829223065
Panasonic,Lumix DMC-GX7,901,125,108.0,206.43717421142,80.95575459271373,40.845637216803
Panasonic,Lumix DMC-GX7,901,125,108.0,207.44889974868,81.35250970536471,40.862881288507
Panasonic,Lumix DMC-GX7,901,125,108.0,208.46062528595,81.74926481801961,40.880025458649
Panasonic,Lumix DMC-GX7,901,125,108.0,209.47235082321,82.14601993067059,40.897070725299
Panasonic,Lumix DMC-GX7,901,125,108.0,210.48407636047,82.54277504332157,40.914018071997
Panasonic,Lumix DMC-GX7,901,125,108.0,211.49580189773,82.93953015597253,40.930868468033
Panasonic,Lumix DMC-GX7,901,125,108.0,212.50752743499,83.33628526862353,40.94762286872
Panasonic,Lumix DMC-GX7,901,125,108.0,213.51925297226,83.73304038127843,40.964282215659
Panasonic,Lumix DMC-GX7,901,125,108.0,214.53097850952,84.12979549392942,40.980847437
Panasonic,Lumix DMC-GX7,901,125,108.0,215.54270404678,84.52655060658039,40.997319447696
Panasonic,Lumix DMC-GX7,901,125,108.0,216.55442958404,84.92330571923138,41.013699149749
Panasonic,Lumix DMC-GX7,901,125,108.0,217.5661551213,85.32006083188234,41.029987432456
Panasonic,Lumix DMC-GX7,901,125,108.0,218.57788065857,85.71681594453725,41.04618517264
Panasonic,Lumix DMC-GX7,901,125,108.0,219.58960619583,86.11357105718824,41.062293234885
Panasonic,Lumix DMC-GX7,901,125,108.0,220.60133173309,86.51032616983922,41.078312471762
Panasonic,Lumix DMC-GX7,901,125,108.0,221.61305727035,86.9070812824902,41.094243724046
Panasonic,Lumix DMC-GX7,901,125,108.0,222.62478280761,87.30383639514118,41.110087820935
Panasonic,Lumix DMC-GX7,901,125,108.0,223.63650834488,87.70059150779609,41.125845580257
Panasonic,Lumix DMC-GX7,901,125,108.0,224.64823388214,88.09734662044706,41.14151780868
Panasonic,Lumix DMC-GX7,901,125,108.0,225.6599594194,88.49410173309803,41.15710530191
Panasonic,Lumix DMC-GX7,901,125,108.0,226.67168495666,88.89085684574901,41.172608844889
Panasonic,Lumix DMC-GX7,901,125,108.0,227.68341049392,89.2876119584,41.188029211987
Panasonic,Lumix DMC-GX7,901,125,108.0,228.69513603119,89.68436707105491,41.203367167191
Panasonic,Lumix DMC-GX7,901,125,108.0,229.70686156845,90.08112218370587,41.218623464284
Panasonic,Lumix DMC-GX7,901,125,108.0,230.71858710571,90.47787729635685,41.233798847035
Panasonic,Lumix DMC-GX7,901,125,108.0,231.73031264297,90.87463240900784,41.248894049362
Panasonic,Lumix DMC-GX7,901,125,108.0,232.74203818024,91.27138752166275,41.263909795515
Panasonic,Lumix DMC-GX7,901,125,108.0,233.7537637175,91.66814263431372,41.278846800239
Panasonic,Lumix DMC-GX7,901,125,108.0,234.76548925476,92.06489774696472,41.293705768938
Panasonic,Lumix DMC-GX7,901,125,108.0,235.77721479202,92.46165285961568,41.308487397839
Panasonic,Lumix DMC-GX7,901,125,108.0,236.78894032928,92.85840797226666,41.323192374147
Panasonic,Lumix DMC-GX7,901,125,108.0,237.80066586655,93.25516308492156,41.337821376203
Panasonic,Lumix DMC-GX7,901,125,108.0,238.81239140381,93.65191819757254,41.35237507363
Panasonic,Lumix DMC-GX7,901,125,108.0,239.82411694107,94.04867331022353,41.366854127485
Panasonic,Lumix DMC-GX7,901,125,108.0,240.83584247833,94.44542842287451,41.3812591904
Panasonic,Lumix DMC-GX7,901,125,108.0,241.84756801559,94.84218353552549,41.395590906729
Panasonic,Lumix DMC-GX7,901,125,108.0,242.85929355286,95.2389386481804,41.40984991268
Panasonic,Lumix DMC-GX7,901,125,108.0,243.87101909012,95.63569376083137,41.424036836457
Panasonic,Lumix DMC-GX7,901,125,108.0,244.88274462738,96.03244887348235,41.438152298389
Panasonic,Lumix DMC-GX7,901,125,108.0,245.89447016464,96.42920398613334,41.45219691106
Panasonic,Lumix DMC-GX7,901,125,108.0,246.9061957019,96.82595909878432,41.466171279441
Panasonic,Lumix DMC-GX7,901,125,108.0,247.91792123917,97.22271421143923,41.48007600101
Panasonic,Lumix DMC-GX7,901,125,108.0,248.92964677643,97.61946932409019,41.493911665877
Panasonic,Lumix DMC-GX7,901,125,108.0,249.94137231369,98.01622443674118,41.507678856902
Panasonic,Lumix DMC-GX7,901,125,108.0,250.95309785095,98.41297954939215,41.521378149816
Panasonic,Lumix DMC-GX7,901,125,108.0,251.96482338821,98.80973466204314,41.535010113332
Panasonic,Lumix DMC-GX7,901,125,108.0,252.97654892548,99.20648977469804,41.548575309261
Panasonic,Lumix DMC-GX7,901,125,108.0,253.98827446274,99.60324488734902,41.562074292621
Panasonic,Lumix DMC-GX7,901,125,108.0,255,100.0,41.575507611744
Panasonic,Lumix DMC-GX7,901,200,153.0,0.083788346539577,0.0328581751135596,0
Panasonic,Lumix DMC-GX7,901,200,153.0,0.12530415057184,0.04913888257719216,3.0499770987826
Panasonic,Lumix DMC-GX7,901,200,153.0,0.21692886147866,0.08507014175633726,6.9702693655002
Panasonic,Lumix DMC-GX7,901,200,153.0,0.40735295849666,0.1597462582339843,11.081607885173
Panasonic,Lumix DMC-GX7,901,200,153.0,0.67850266665134,0.26607947711817254,14.103554985583
Panasonic,Lumix DMC-GX7,901,200,153.0,1.1876304024988,0.46573741274462743,17.145098155741
Panasonic,Lumix DMC-GX7,901,200,153.0,2.237925620216,0.8776178902807843,20.323901040812
Panasonic,Lumix DMC-GX7,901,200,153.0,5.1037922962703,2.001487175007961,24.188643647556
Panasonic,Lumix DMC-GX7,901,200,153.0,6.1155178335324,2.3982422876597647,25.009074131063
Panasonic,Lumix DMC-GX7,901,200,153.0,7.1272433707944,2.794997400311529,25.697824355886
Panasonic,Lumix DMC-GX7,901,200,153.0,8.1389689080565,3.1917525129633333,26.291099001036
Panasonic,Lumix DMC-GX7,901,200,153.0,9.1506944453186,3.5885076256151374,26.811982308421
Panasonic,Lumix DMC-GX7,901,200,153.0,10.162419982581,3.9852627382670582,27.276092999377
Panasonic,Lumix DMC-GX7,901,200,153.0,11.174145519843,4.382017850918824,27.694489385693
Panasonic,Lumix DMC-GX7,901,200,153.0,12.185871057105,4.778772963570589,28.075286887697
Panasonic,Lumix DMC-GX7,901,200,153.0,13.197596594367,5.175528076222354,28.424616942915
Panasonic,Lumix DMC-GX7,901,200,153.0,14.209322131629,5.572283188874117,28.74722483643
Panasonic,Lumix DMC-GX7,901,200,153.0,15.221047668891,5.969038301525882,29.04685816359
Panasonic,Lumix DMC-GX7,901,200,153.0,16.232773206153,6.365793414177647,29.326528142655
Panasonic,Lumix DMC-GX7,901,200,153.0,17.244498743415,6.762548526829412,29.588690644803
Panasonic,Lumix DMC-GX7,901,200,153.0,18.256224280677,7.159303639481177,29.83537482277
Panasonic,Lumix DMC-GX7,901,200,153.0,19.267949817939,7.556058752132942,30.068276541874
Panasonic,Lumix DMC-GX7,901,200,153.0,20.279675355201,7.952813864784707,30.288827570129
Panasonic,Lumix DMC-GX7,901,200,153.0,21.291400892463,8.34956897743647,30.498247701614
Panasonic,Lumix DMC-GX7,901,200,153.0,22.303126429725,8.746324090088235,30.697584626808
Panasonic,Lumix DMC-GX7,901,200,153.0,23.314851966987,9.14307920274,30.887744850854
Panasonic,Lumix DMC-GX7,901,200,153.0,24.32657750425,9.539834315392156,31.069517967891
Panasonic,Lumix DMC-GX7,901,200,153.0,25.338303041512,9.936589428043922,31.243595933944
Panasonic,Lumix DMC-GX7,901,200,153.0,26.350028578774,10.333344540695686,31.410588525913
Panasonic,Lumix DMC-GX7,901,200,153.0,27.361754116036,10.730099653347452,31.571035857802
Panasonic,Lumix DMC-GX7,901,200,153.0,28.373479653298,11.126854765999216,31.725418601694
Panasonic,Lumix DMC-GX7,901,200,153.0,29.38520519056,11.523609878650982,31.874166400652
Panasonic,Lumix DMC-GX7,901,200,153.0,30.396930727822,11.920364991302746,32.01766484424
Panasonic,Lumix DMC-GX7,901,200,153.0,31.408656265084,12.31712010395451,32.156261291583
Panasonic,Lumix DMC-GX7,901,200,153.0,32.420381802346,12.713875216606274,32.290269763151
Panasonic,Lumix DMC-GX7,901,200,153.0,33.432107339608,13.110630329258042,32.419975074422
Panasonic,Lumix DMC-GX7,901,200,153.0,34.44383287687,13.507385441909802,32.545636348187
Panasonic,Lumix DMC-GX7,901,200,153.0,35.455558414132,13.90414055456157,32.667490014289
Panasonic,Lumix DMC-GX7,901,200,153.0,36.467283951394,14.300895667213334,32.785752384011
Panasonic,Lumix DMC-GX7,901,200,153.0,37.479009488656,14.697650779865096,32.900621869487
Panasonic,Lumix DMC-GX7,901,200,153.0,38.490735025918,15.094405892516862,33.012280905299
Panasonic,Lumix DMC-GX7,901,200,153.0,39.50246056318,15.491161005168626,33.120897618949
Panasonic,Lumix DMC-GX7,901,200,153.0,40.514186100443,15.887916117820783,33.2266272886
Panasonic,Lumix DMC-GX7,901,200,153.0,41.525911637705,16.28467123047255,33.329613619769
Panasonic,Lumix DMC-GX7,901,200,153.0,42.537637174967,16.681426343124315,33.429989867305
Panasonic,Lumix DMC-GX7,901,200,153.0,43.549362712229,17.07818145577608,33.527879824627
Panasonic,Lumix DMC-GX7,901,200,153.0,44.561088249491,17.474936568427843,33.623398698622
Panasonic,Lumix DMC-GX7,901,200,153.0,45.572813786753,17.87169168107961,33.716653885697
Panasonic,Lumix DMC-GX7,901,200,153.0,46.584539324015,18.26844679373137,33.807745662109
Panasonic,Lumix DMC-GX7,901,200,153.0,47.596264861277,18.665201906383135,33.896767799667
Panasonic,Lumix DMC-GX7,901,200,153.0,48.607990398539,19.061957019034903,33.983808116301
Panasonic,Lumix DMC-GX7,901,200,153.0,49.619715935801,19.458712131686664,34.068948969584
Panasonic,Lumix DMC-GX7,901,200,153.0,50.631441473063,19.85546724433843,34.152267700156
Panasonic,Lumix DMC-GX7,901,200,153.0,51.643167010325,20.252222356990195,34.233837031034
Panasonic,Lumix DMC-GX7,901,200,153.0,52.654892547587,20.648977469641963,34.313725427976
Panasonic,Lumix DMC-GX7,901,200,153.0,53.666618084849,21.045732582293724,34.391997425358
Panasonic,Lumix DMC-GX7,901,200,153.0,54.678343622111,21.44248769494549,34.468713921462
Panasonic,Lumix DMC-GX7,901,200,153.0,55.690069159374,21.839242807597646,34.543932446549
Panasonic,Lumix DMC-GX7,901,200,153.0,56.701794696636,22.23599792024941,34.617707406675
Panasonic,Lumix DMC-GX7,901,200,153.0,57.713520233898,22.632753032901178,34.690090305839
Panasonic,Lumix DMC-GX7,901,200,153.0,58.72524577116,23.029508145552942,34.761129948731
Panasonic,Lumix DMC-GX7,901,200,153.0,59.736971308422,23.426263258204706,34.83087262608
Panasonic,Lumix DMC-GX7,901,200,153.0,60.748696845684,23.82301837085647,34.899362284356
Panasonic,Lumix DMC-GX7,901,200,153.0,61.760422382946,24.219773483508234,34.966640681403
Panasonic,Lumix DMC-GX7,901,200,153.0,62.772147920208,24.616528596160002,35.032747529352
Panasonic,Lumix DMC-GX7,901,200,153.0,63.78387345747,25.013283708811766,35.097720626072
Panasonic,Lumix DMC-GX7,901,200,153.0,64.795598994732,25.41003882146353,35.161595976221
Panasonic,Lumix DMC-GX7,901,200,153.0,65.807324531994,25.806793934115298,35.224407902879
Panasonic,Lumix DMC-GX7,901,200,153.0,66.819050069256,26.203549046767055,35.286189150631
Panasonic,Lumix DMC-GX7,901,200,153.0,67.830775606518,26.600304159418826,35.346970980866
Panasonic,Lumix DMC-GX7,901,200,153.0,68.84250114378,26.99705927207059,35.406783259996
Panasonic,Lumix DMC-GX7,901,200,153.0,69.854226681042,27.393814384722347,35.465654541206
Panasonic,Lumix DMC-GX7,901,200,153.0,70.865952218305,27.790569497374506,35.523612140311
Panasonic,Lumix DMC-GX7,901,200,153.0,71.877677755567,28.187324610026277,35.580682206205
Panasonic,Lumix DMC-GX7,901,200,153.0,72.889403292829,28.58407972267804,35.636889786375
Panasonic,Lumix DMC-GX7,901,200,153.0,73.901128830091,28.980834835329805,35.692258887872
Panasonic,Lumix DMC-GX7,901,200,153.0,74.912854367353,29.37758994798157,35.746812534131
Panasonic,Lumix DMC-GX7,901,200,153.0,75.924579904615,29.774345060633333,35.800572817957
Panasonic,Lumix DMC-GX7,901,200,153.0,76.936305441877,30.171100173285097,35.853560950991
Panasonic,Lumix DMC-GX7,901,200,153.0,77.948030979139,30.56785528593686,35.905797309941
Panasonic,Lumix DMC-GX7,901,200,153.0,78.959756516401,30.964610398588626,35.957301479809
Panasonic,Lumix DMC-GX7,901,200,153.0,79.971482053663,31.36136551124039,36.008092294363
Panasonic,Lumix DMC-GX7,901,200,153.0,80.983207590925,31.75812062389216,36.058187874054
Panasonic,Lumix DMC-GX7,901,200,153.0,81.994933128187,32.15487573654392,36.107605661575
Panasonic,Lumix DMC-GX7,901,200,153.0,83.006658665449,32.55163084919568,36.156362455222
Panasonic,Lumix DMC-GX7,901,200,153.0,84.018384202711,32.94838596184746,36.204474440237
Panasonic,Lumix DMC-GX7,901,200,153.0,85.030109739973,33.34514107449922,36.251957218261
Panasonic,Lumix DMC-GX7,901,200,153.0,86.041835277236,33.741896187151376,36.298825835047
Panasonic,Lumix DMC-GX7,901,200,153.0,87.053560814498,34.138651299803136,36.345094806541
Panasonic,Lumix DMC-GX7,901,200,153.0,88.06528635176,34.5354064124549,36.390778143452
Panasonic,Lumix DMC-GX7,901,200,153.0,89.077011889022,34.93216152510667,36.435889374418
Panasonic,Lumix DMC-GX7,901,200,153.0,90.088737426284,35.328916637758425,36.480441567857
Panasonic,Lumix DMC-GX7,901,200,153.0,91.100462963546,35.72567175041019,36.524447352592
Panasonic,Lumix DMC-GX7,901,200,153.0,92.112188500808,36.12242686306196,36.567918937336
Panasonic,Lumix DMC-GX7,901,200,153.0,93.12391403807,36.51918197571373,36.61086812911
Panasonic,Lumix DMC-GX7,901,200,153.0,94.135639575332,36.91593708836549,36.65330635066
Panasonic,Lumix DMC-GX7,901,200,153.0,95.147365112594,37.312692201017256,36.69524465694
Panasonic,Lumix DMC-GX7,901,200,153.0,96.159090649856,37.70944731366902,36.736693750727
Panasonic,Lumix DMC-GX7,901,200,153.0,97.170816187118,38.106202426320785,36.777663997408
Panasonic,Lumix DMC-GX7,901,200,153.0,98.18254172438,38.50295753897255,36.818165438999
Panasonic,Lumix DMC-GX7,901,200,153.0,99.194267261642,38.89971265162431,36.858207807457
Panasonic,Lumix DMC-GX7,901,200,153.0,100.2059927989,39.29646776427451,36.897800537291
Panasonic,Lumix DMC-GX7,901,200,153.0,101.21771833617,39.693222876929404,36.936952777563
Panasonic,Lumix DMC-GX7,901,200,153.0,102.22944387343,40.0899779895804,36.975673403268
Panasonic,Lumix DMC-GX7,901,200,153.0,103.24116941069,40.486733102231376,37.013971026171
Panasonic,Lumix DMC-GX7,901,200,153.0,104.25289494795,40.883488214882355,37.051854005099
Panasonic,Lumix DMC-GX7,901,200,153.0,105.26462048521,41.280243327533334,37.089330455743
Panasonic,Lumix DMC-GX7,901,200,153.0,106.27634602248,41.676998440188235,37.126408259992
Panasonic,Lumix DMC-GX7,901,200,153.0,107.28807155974,42.073753552839214,37.163095074811
Panasonic,Lumix DMC-GX7,901,200,153.0,108.299797097,42.47050866549019,37.199398340719
Panasonic,Lumix DMC-GX7,901,200,153.0,109.31152263426,42.86726377814118,37.235325289855
Panasonic,Lumix DMC-GX7,901,200,153.0,110.32324817153,43.26401889079608,37.270882953684
Panasonic,Lumix DMC-GX7,901,200,153.0,111.33497370879,43.66077400344706,37.306078170342
Panasonic,Lumix DMC-GX7,901,200,153.0,112.34669924605,44.05752911609804,37.340917591653
Panasonic,Lumix DMC-GX7,901,200,153.0,113.35842478331,44.45428422874902,37.375407689827
Panasonic,Lumix DMC-GX7,901,200,153.0,114.37015032057,44.8510393414,37.409554763865
Panasonic,Lumix DMC-GX7,901,200,153.0,115.38187585784,45.247794454054905,37.443364945672
Panasonic,Lumix DMC-GX7,901,200,153.0,116.3936013951,45.644549566705884,37.476844205913
Panasonic,Lumix DMC-GX7,901,200,153.0,117.40532693236,46.04130467935686,37.509998359608
Panasonic,Lumix DMC-GX7,901,200,153.0,118.41705246962,46.43805979200785,37.54283307149
Panasonic,Lumix DMC-GX7,901,200,153.0,119.42877800688,46.83481490465882,37.575353861129
Panasonic,Lumix DMC-GX7,901,200,153.0,120.44050354415,47.23157001731373,37.607566107848
Panasonic,Lumix DMC-GX7,901,200,153.0,121.45222908141,47.62832512996471,37.639475055425
Panasonic,Lumix DMC-GX7,901,200,153.0,122.46395461867,48.02508024261569,37.671085816604
Panasonic,Lumix DMC-GX7,901,200,153.0,123.47568015593,48.421835355266666,37.702403377418
Panasonic,Lumix DMC-GX7,901,200,153.0,124.48740569319,48.818590467917645,37.733432601336
Panasonic,Lumix DMC-GX7,901,200,153.0,125.49913123046,49.215345580572546,37.764178233241
Panasonic,Lumix DMC-GX7,901,200,153.0,126.51085676772,49.61210069322353,37.794644903251
Panasonic,Lumix DMC-GX7,901,200,153.0,127.52258230498,50.00885580587451,37.824837130381
Panasonic,Lumix DMC-GX7,901,200,153.0,128.53430784224,50.40561091852549,37.854759326067
Panasonic,Lumix DMC-GX7,901,200,153.0,129.5460333795,50.80236603117647,37.884415797545
Panasonic,Lumix DMC-GX7,901,200,153.0,130.55775891677,51.19912114383137,37.913810751107
Panasonic,Lumix DMC-GX7,901,200,153.0,131.56948445403,51.595876256482356,37.942948295221
Panasonic,Lumix DMC-GX7,901,200,153.0,132.58120999129,51.992631369133335,37.971832443539
Panasonic,Lumix DMC-GX7,901,200,153.0,133.59293552855,52.38938648178431,38.000467117784
Panasonic,Lumix DMC-GX7,901,200,153.0,134.60466106581,52.7861415944353,38.028856150534
Panasonic,Lumix DMC-GX7,901,200,153.0,135.61638660308,53.1828967070902,38.057003287899
Panasonic,Lumix DMC-GX7,901,200,153.0,136.62811214034,53.57965181974117,38.084912192096
Panasonic,Lumix DMC-GX7,901,200,153.0,137.6398376776,53.976406932392166,38.112586443933
Panasonic,Lumix DMC-GX7,901,200,153.0,138.65156321486,54.373162045043145,38.140029545197
Panasonic,Lumix DMC-GX7,901,200,153.0,139.66328875212,54.76991715769412,38.16724492096
Panasonic,Lumix DMC-GX7,901,200,153.0,140.67501428939,55.16667227034902,38.194235921798
Panasonic,Lumix DMC-GX7,901,200,153.0,141.68673982665,55.56342738300001,38.221005825933
Panasonic,Lumix DMC-GX7,901,200,153.0,142.69846536391,55.960182495650976,38.247557841297
Panasonic,Lumix DMC-GX7,901,200,153.0,143.71019090117,56.35693760830196,38.273895107521
Panasonic,Lumix DMC-GX7,901,200,153.0,144.72191643844,56.75369272095686,38.300020697858
Panasonic,Lumix DMC-GX7,901,200,153.0,145.7336419757,57.15044783360784,38.325937621038
Panasonic,Lumix DMC-GX7,901,200,153.0,146.74536751296,57.54720294625882,38.351648823055
Panasonic,Lumix DMC-GX7,901,200,153.0,147.75709305022,57.94395805890981,38.3771571889
Panasonic,Lumix DMC-GX7,901,200,153.0,148.76881858748,58.340713171560786,38.402465544225
Panasonic,Lumix DMC-GX7,901,200,153.0,149.78054412475,58.73746828421569,38.427576656957
Panasonic,Lumix DMC-GX7,901,200,153.0,150.79226966201,59.13422339686667,38.45249323886
Panasonic,Lumix DMC-GX7,901,200,153.0,151.80399519927,59.53097850951764,38.477217947034
Panasonic,Lumix DMC-GX7,901,200,153.0,152.81572073653,59.92773362216863,38.501753385378
Panasonic,Lumix DMC-GX7,901,200,153.0,153.82744627379,60.3244887348196,38.526102105992
Panasonic,Lumix DMC-GX7,901,200,153.0,154.83917181106,60.721243847474504,38.55026661054
Panasonic,Lumix DMC-GX7,901,200,153.0,155.85089734832,61.11799896012548,38.57424935157
Panasonic,Lumix DMC-GX7,901,200,153.0,156.86262288558,61.514754072776476,38.598052733785
Panasonic,Lumix DMC-GX7,901,200,153.0,157.87434842284,61.91150918542745,38.621679115276
Panasonic,Lumix DMC-GX7,901,200,153.0,158.8860739601,62.30826429807843,38.645130808718
Panasonic,Lumix DMC-GX7,901,200,153.0,159.89779949737,62.70501941073333,38.668410082526
Panasonic,Lumix DMC-GX7,901,200,153.0,160.90952503463,63.101774523384314,38.69151916197
Panasonic,Lumix DMC-GX7,901,200,153.0,161.92125057189,63.49852963603529,38.714460230265
Panasonic,Lumix DMC-GX7,901,200,153.0,162.93297610915,63.89528474868628,38.737235429618
Panasonic,Lumix DMC-GX7,901,200,153.0,163.94470164641,64.29203986133726,38.759846862246
Panasonic,Lumix DMC-GX7,901,200,153.0,164.95642718368,64.68879497399216,38.782296591363
Panasonic,Lumix DMC-GX7,901,200,153.0,165.96815272094,65.08555008664314,38.804586642138
Panasonic,Lumix DMC-GX7,901,200,153.0,166.9798782582,65.48230519929412,38.826719002616
Panasonic,Lumix DMC-GX7,901,200,153.0,167.99160379546,65.8790603119451,38.848695624624
Panasonic,Lumix DMC-GX7,901,200,153.0,169.00332933272,66.27581542459608,38.870518424641
Panasonic,Lumix DMC-GX7,901,200,153.0,170.01505486999,66.67257053725098,38.89218928464
Panasonic,Lumix DMC-GX7,901,200,153.0,171.02678040725,67.06932564990196,38.913710052914
Panasonic,Lumix DMC-GX7,901,200,153.0,172.03850594451,67.46608076255295,38.93508254487
Panasonic,Lumix DMC-GX7,901,200,153.0,173.05023148177,67.86283587520391,38.956308543803
Panasonic,Lumix DMC-GX7,901,200,153.0,174.06195701904,68.25959098785881,38.977389801644
Panasonic,Lumix DMC-GX7,901,200,153.0,175.0736825563,68.65634610050981,38.998328039692
Panasonic,Lumix DMC-GX7,901,200,153.0,176.08540809356,69.05310121316079,39.019124949322
Panasonic,Lumix DMC-GX7,901,200,153.0,177.09713363082,69.44985632581177,39.039782192668
Panasonic,Lumix DMC-GX7,901,200,153.0,178.10885916808,69.84661143846273,39.060301403297
Panasonic,Lumix DMC-GX7,901,200,153.0,179.12058470535,70.24336655111765,39.080684186852
Panasonic,Lumix DMC-GX7,901,200,153.0,180.13231024261,70.64012166376862,39.100932121686
Panasonic,Lumix DMC-GX7,901,200,153.0,181.14403577987,71.0368767764196,39.121046759475
Panasonic,Lumix DMC-GX7,901,200,153.0,182.15576131713,71.43363188907058,39.14102962581
Panasonic,Lumix DMC-GX7,901,200,153.0,183.16748685439,71.83038700172158,39.160882220783
Panasonic,Lumix DMC-GX7,901,200,153.0,184.17921239166,72.22714211437648,39.180606019544
Panasonic,Lumix DMC-GX7,901,200,153.0,185.19093792892,72.62389722702744,39.20020247285
Panasonic,Lumix DMC-GX7,901,200,153.0,186.20266346618,73.02065233967843,39.219673007601
Panasonic,Lumix DMC-GX7,901,200,153.0,187.21438900344,73.41740745232941,39.239019027356
Panasonic,Lumix DMC-GX7,901,200,153.0,188.2261145407,73.81416256498039,39.258241912837
Panasonic,Lumix DMC-GX7,901,200,153.0,189.23784007797,74.2109176776353,39.277343022421
Panasonic,Lumix DMC-GX7,901,200,153.0,190.24956561523,74.60767279028629,39.296323692617
Panasonic,Lumix DMC-GX7,901,200,153.0,191.26129115249,75.00442790293725,39.315185238533
Panasonic,Lumix DMC-GX7,901,200,153.0,192.27301668975,75.40118301558823,39.333928954324
Panasonic,Lumix DMC-GX7,901,200,153.0,193.28474222701,75.79793812823922,39.352556113638
Panasonic,Lumix DMC-GX7,901,200,153.0,194.29646776428,76.19469324089411,39.371067970045
Panasonic,Lumix DMC-GX7,901,200,153.0,195.30819330154,76.5914483535451,39.38946575745
Panasonic,Lumix DMC-GX7,901,200,153.0,196.3199188388,76.98820346619607,39.407750690506
Panasonic,Lumix DMC-GX7,901,200,153.0,197.33164437606,77.38495857884706,39.425923965008
Panasonic,Lumix DMC-GX7,901,200,153.0,198.34336991332,77.78171369149804,39.443986758282
Panasonic,Lumix DMC-GX7,901,200,153.0,199.35509545059,78.17846880415294,39.461940229558
Panasonic,Lumix DMC-GX7,901,200,153.0,200.36682098785,78.57522391680392,39.479785520341
Panasonic,Lumix DMC-GX7,901,200,153.0,201.37854652511,78.97197902945491,39.497523754767
Panasonic,Lumix DMC-GX7,901,200,153.0,202.39027206237,79.36873414210588,39.515156039953
Panasonic,Lumix DMC-GX7,901,200,153.0,203.40199759964,79.76548925476078,39.532683466336
Panasonic,Lumix DMC-GX7,901,200,153.0,204.4137231369,80.16224436741176,39.550107108008
Panasonic,Lumix DMC-GX7,901,200,153.0,205.42544867416,80.55899948006275,39.567428023034
Panasonic,Lumix DMC-GX7,901,200,153.0,206.43717421142,80.95575459271373,39.584647253775
Panasonic,Lumix DMC-GX7,901,200,153.0,207.44889974868,81.35250970536471,39.60176582719
Panasonic,Lumix DMC-GX7,901,200,153.0,208.46062528595,81.74926481801961,39.618784755139
Panasonic,Lumix DMC-GX7,901,200,153.0,209.47235082321,82.14601993067059,39.635705034674
Panasonic,Lumix DMC-GX7,901,200,153.0,210.48407636047,82.54277504332157,39.65252764833
Panasonic,Lumix DMC-GX7,901,200,153.0,211.49580189773,82.93953015597253,39.6692535644
Panasonic,Lumix DMC-GX7,901,200,153.0,212.50752743499,83.33628526862353,39.685883737207
Panasonic,Lumix DMC-GX7,901,200,153.0,213.51925297226,83.73304038127843,39.702419107374
Panasonic,Lumix DMC-GX7,901,200,153.0,214.53097850952,84.12979549392942,39.71886060208
Panasonic,Lumix DMC-GX7,901,200,153.0,215.54270404678,84.52655060658039,39.735209135316
Panasonic,Lumix DMC-GX7,901,200,153.0,216.55442958404,84.92330571923138,39.75146560813
Panasonic,Lumix DMC-GX7,901,200,153.0,217.5661551213,85.32006083188234,39.767630908874
Panasonic,Lumix DMC-GX7,901,200,153.0,218.57788065857,85.71681594453725,39.783705913434
Panasonic,Lumix DMC-GX7,901,200,153.0,219.58960619583,86.11357105718824,39.799691485466
Panasonic,Lumix DMC-GX7,901,200,153.0,220.60133173309,86.51032616983922,39.815588476618
Panasonic,Lumix DMC-GX7,901,200,153.0,221.61305727035,86.9070812824902,39.831397726753
Panasonic,Lumix DMC-GX7,901,200,153.0,222.62478280761,87.30383639514118,39.847120064162
Panasonic,Lumix DMC-GX7,901,200,153.0,223.63650834488,87.70059150779609,39.862756305776
Panasonic,Lumix DMC-GX7,901,200,153.0,224.64823388214,88.09734662044706,39.878307257372
Panasonic,Lumix DMC-GX7,901,200,153.0,225.6599594194,88.49410173309803,39.893773713772
Panasonic,Lumix DMC-GX7,901,200,153.0,226.67168495666,88.89085684574901,39.909156459041
Panasonic,Lumix DMC-GX7,901,200,153.0,227.68341049392,89.2876119584,39.924456266681
Panasonic,Lumix DMC-GX7,901,200,153.0,228.69513603119,89.68436707105491,39.939673899812
Panasonic,Lumix DMC-GX7,901,200,153.0,229.70686156845,90.08112218370587,39.954810111367
Panasonic,Lumix DMC-GX7,901,200,153.0,230.71858710571,90.47787729635685,39.969865644261
Panasonic,Lumix DMC-GX7,901,200,153.0,231.73031264297,90.87463240900784,39.984841231572
Panasonic,Lumix DMC-GX7,901,200,153.0,232.74203818024,91.27138752166275,39.999737596713
Panasonic,Lumix DMC-GX7,901,200,153.0,233.7537637175,91.66814263431372,40.014555453597
Panasonic,Lumix DMC-GX7,901,200,153.0,234.76548925476,92.06489774696472,40.029295506807
Panasonic,Lumix DMC-GX7,901,200,153.0,235.77721479202,92.46165285961568,40.043958451751
Panasonic,Lumix DMC-GX7,901,200,153.0,236.78894032928,92.85840797226666,40.058544974824
Panasonic,Lumix DMC-GX7,901,200,153.0,237.80066586655,93.25516308492156,40.073055753559
Panasonic,Lumix DMC-GX7,901,200,153.0,238.81239140381,93.65191819757254,40.08749145678
Panasonic,Lumix DMC-GX7,901,200,153.0,239.82411694107,94.04867331022353,40.101852744751
Panasonic,Lumix DMC-GX7,901,200,153.0,240.83584247833,94.44542842287451,40.116140269316
Panasonic,Lumix DMC-GX7,901,200,153.0,241.84756801559,94.84218353552549,40.130354674046
Panasonic,Lumix DMC-GX7,901,200,153.0,242.85929355286,95.2389386481804,40.144496594371
Panasonic,Lumix DMC-GX7,901,200,153.0,243.87101909012,95.63569376083137,40.158566657724
Panasonic,Lumix DMC-GX7,901,200,153.0,244.88274462738,96.03244887348235,40.172565483667
Panasonic,Lumix DMC-GX7,901,200,153.0,245.89447016464,96.42920398613334,40.186493684025
Panasonic,Lumix DMC-GX7,901,200,153.0,246.9061957019,96.82595909878432,40.200351863011
Panasonic,Lumix DMC-GX7,901,200,153.0,247.91792123917,97.22271421143923,40.214140617353
Panasonic,Lumix DMC-GX7,901,200,153.0,248.92964677643,97.61946932409019,40.227860536415
Panasonic,Lumix DMC-GX7,901,200,153.0,249.94137231369,98.01622443674118,40.241512202318
Panasonic,Lumix DMC-GX7,901,200,153.0,250.95309785095,98.41297954939215,40.255096190056
Panasonic,Lumix DMC-GX7,901,200,153.0,251.96482338821,98.80973466204314,40.268613067611
Panasonic,Lumix DMC-GX7,901,200,153.0,252.97654892548,99.20648977469804,40.282063396069
Panasonic,Lumix DMC-GX7,901,200,153.0,253.98827446274,99.60324488734902,40.295447729726
Panasonic,Lumix DMC-GX7,901,200,153.0,255,100.0,40.308766616198
Panasonic,Lumix DMC-GX7,901,400,308.0,0.12530415057184,0.04913888257719216,0
Panasonic,Lumix DMC-GX7,901,400,308.0,0.21692886147866,0.08507014175633726,3.9129740892244
Panasonic,Lumix DMC-GX7,901,400,308.0,0.40735295849666,0.1597462582339843,8.0153898718492
Panasonic,Lumix DMC-GX7,901,400,308.0,0.67850266665134,0.26607947711817254,11.030986042154
Panasonic,Lumix DMC-GX7,901,400,308.0,1.1876304024988,0.46573741274462743,14.067598944479
Panasonic,Lumix DMC-GX7,901,400,308.0,2.237925620216,0.8776178902807843,17.244253382832
Panasonic,Lumix DMC-GX7,901,400,308.0,5.1037922962703,2.001487175007961,21.11305385072
Panasonic,Lumix DMC-GX7,901,400,308.0,6.1155178335324,2.3982422876597647,21.935713306266
Panasonic,Lumix DMC-GX7,901,400,308.0,7.1272433707944,2.794997400311529,22.626831350557
Panasonic,Lumix DMC-GX7,901,400,308.0,8.1389689080565,3.1917525129633333,23.222561023961
Panasonic,Lumix DMC-GX7,901,400,308.0,9.1506944453186,3.5885076256151374,23.745957050981
Panasonic,Lumix DMC-GX7,901,400,308.0,10.162419982581,3.9852627382670582,24.212620059503
Panasonic,Lumix DMC-GX7,901,400,308.0,11.174145519843,4.382017850918824,24.633596654636
Panasonic,Lumix DMC-GX7,901,400,308.0,12.185871057105,4.778772963570589,25.016994348884
Panasonic,Lumix DMC-GX7,901,400,308.0,13.197596594367,5.175528076222354,25.368939046889
Panasonic,Lumix DMC-GX7,901,400,308.0,14.209322131629,5.572283188874117,25.694172047673
Panasonic,Lumix DMC-GX7,901,400,308.0,15.221047668891,5.969038301525882,25.996438003145
Panasonic,Lumix DMC-GX7,901,400,308.0,16.232773206153,6.365793414177647,26.278745911684
Panasonic,Lumix DMC-GX7,901,400,308.0,17.244498743415,6.762548526829412,26.543549939491
Panasonic,Lumix DMC-GX7,901,400,308.0,18.256224280677,7.159303639481177,26.792877908836
Panasonic,Lumix DMC-GX7,901,400,308.0,19.267949817939,7.556058752132942,27.028424632247
Panasonic,Lumix DMC-GX7,901,400,308.0,20.279675355201,7.952813864784707,27.251621034353
Panasonic,Lumix DMC-GX7,901,400,308.0,21.291400892463,8.34956897743647,27.46368622618
Panasonic,Lumix DMC-GX7,901,400,308.0,22.303126429725,8.746324090088235,27.665667339586
Panasonic,Lumix DMC-GX7,901,400,308.0,23.314851966987,9.14307920274,27.858470418863
Panasonic,Lumix DMC-GX7,901,400,308.0,24.32657750425,9.539834315392156,28.042884674976
Panasonic,Lumix DMC-GX7,901,400,308.0,25.338303041512,9.936589428043922,28.219601743113
Panasonic,Lumix DMC-GX7,901,400,308.0,26.350028578774,10.333344540695686,28.389231129839
Panasonic,Lumix DMC-GX7,901,400,308.0,27.361754116036,10.730099653347452,28.552312720077
Panasonic,Lumix DMC-GX7,901,400,308.0,28.373479653298,11.126854765999216,28.709326990792
Panasonic,Lumix DMC-GX7,901,400,308.0,29.38520519056,11.523609878650982,28.860703418111
Panasonic,Lumix DMC-GX7,901,400,308.0,30.396930727822,11.920364991302746,29.006827448179
Panasonic,Lumix DMC-GX7,901,400,308.0,31.408656265084,12.31712010395451,29.148046316467
Panasonic,Lumix DMC-GX7,901,400,308.0,32.420381802346,12.713875216606274,29.28467393649
Panasonic,Lumix DMC-GX7,901,400,308.0,33.432107339608,13.110630329258042,29.416995030966
Panasonic,Lumix DMC-GX7,901,400,308.0,34.44383287687,13.507385441909802,29.545268642042
Panasonic,Lumix DMC-GX7,901,400,308.0,35.455558414132,13.90414055456157,29.669731129313
Panasonic,Lumix DMC-GX7,901,400,308.0,36.467283951394,14.300895667213334,29.790598742778
Panasonic,Lumix DMC-GX7,901,400,308.0,37.479009488656,14.697650779865096,29.908069841044
Panasonic,Lumix DMC-GX7,901,400,308.0,38.490735025918,15.094405892516862,30.022326811901
Panasonic,Lumix DMC-GX7,901,400,308.0,39.50246056318,15.491161005168626,30.133537741944
Panasonic,Lumix DMC-GX7,901,400,308.0,40.514186100443,15.887916117820783,30.241857873568
Panasonic,Lumix DMC-GX7,901,400,308.0,41.525911637705,16.28467123047255,30.347430881039
Panasonic,Lumix DMC-GX7,901,400,308.0,42.537637174967,16.681426343124315,30.450389991938
Panasonic,Lumix DMC-GX7,901,400,308.0,43.549362712229,17.07818145577608,30.550858975931
Panasonic,Lumix DMC-GX7,901,400,308.0,44.561088249491,17.474936568427843,30.648953019263
Panasonic,Lumix DMC-GX7,901,400,308.0,45.572813786753,17.87169168107961,30.74477950047
Panasonic,Lumix DMC-GX7,901,400,308.0,46.584539324015,18.26844679373137,30.838438680402
Panasonic,Lumix DMC-GX7,901,400,308.0,47.596264861277,18.665201906383135,30.930024317659
Panasonic,Lumix DMC-GX7,901,400,308.0,48.607990398539,19.061957019034903,31.019624218935
Panasonic,Lumix DMC-GX7,901,400,308.0,49.619715935801,19.458712131686664,31.107320732325
Panasonic,Lumix DMC-GX7,901,400,308.0,50.631441473063,19.85546724433843,31.193191190583
Panasonic,Lumix DMC-GX7,901,400,308.0,51.643167010325,20.252222356990195,31.277308310268
Panasonic,Lumix DMC-GX7,901,400,308.0,52.654892547587,20.648977469641963,31.359740551965
Panasonic,Lumix DMC-GX7,901,400,308.0,53.666618084849,21.045732582293724,31.440552446044
Panasonic,Lumix DMC-GX7,901,400,308.0,54.678343622111,21.44248769494549,31.519804887831
Panasonic,Lumix DMC-GX7,901,400,308.0,55.690069159374,21.839242807597646,31.597555405589
Panasonic,Lumix DMC-GX7,901,400,308.0,56.701794696636,22.23599792024941,31.673858404241
Panasonic,Lumix DMC-GX7,901,400,308.0,57.713520233898,22.632753032901178,31.748765387443
Panasonic,Lumix DMC-GX7,901,400,308.0,58.72524577116,23.029508145552942,31.822325160259
Panasonic,Lumix DMC-GX7,901,400,308.0,59.736971308422,23.426263258204706,31.894584014445
Panasonic,Lumix DMC-GX7,901,400,308.0,60.748696845684,23.82301837085647,31.965585898096
Panasonic,Lumix DMC-GX7,901,400,308.0,61.760422382946,24.219773483508234,32.035372571225
Panasonic,Lumix DMC-GX7,901,400,308.0,62.772147920208,24.616528596160002,32.103983748634
Panasonic,Lumix DMC-GX7,901,400,308.0,63.78387345747,25.013283708811766,32.171457231317
Panasonic,Lumix DMC-GX7,901,400,308.0,64.795598994732,25.41003882146353,32.237829027476
Panasonic,Lumix DMC-GX7,901,400,308.0,65.807324531994,25.806793934115298,32.303133464119
Panasonic,Lumix DMC-GX7,901,400,308.0,66.819050069256,26.203549046767055,32.367403290112
Panasonic,Lumix DMC-GX7,901,400,308.0,67.830775606518,26.600304159418826,32.430669771448
Panasonic,Lumix DMC-GX7,901,400,308.0,68.84250114378,26.99705927207059,32.492962779439
Panasonic,Lumix DMC-GX7,901,400,308.0,69.854226681042,27.393814384722347,32.554310872447
Panasonic,Lumix DMC-GX7,901,400,308.0,70.865952218305,27.790569497374506,32.614741371712
Panasonic,Lumix DMC-GX7,901,400,308.0,71.877677755567,28.187324610026277,32.674280431789
Panasonic,Lumix DMC-GX7,901,400,308.0,72.889403292829,28.58407972267804,32.732953106035
Panasonic,Lumix DMC-GX7,901,400,308.0,73.901128830091,28.980834835329805,32.790783407571
Panasonic,Lumix DMC-GX7,901,400,308.0,74.912854367353,29.37758994798157,32.84779436608
Panasonic,Lumix DMC-GX7,901,400,308.0,75.924579904615,29.774345060633333,32.904008080784
Panasonic,Lumix DMC-GX7,901,400,308.0,76.936305441877,30.171100173285097,32.959445769896
Panasonic,Lumix DMC-GX7,901,400,308.0,77.948030979139,30.56785528593686,33.014127816836
Panasonic,Lumix DMC-GX7,901,400,308.0,78.959756516401,30.964610398588626,33.068073813448
Panasonic,Lumix DMC-GX7,901,400,308.0,79.971482053663,31.36136551124039,33.121302600464
Panasonic,Lumix DMC-GX7,901,400,308.0,80.983207590925,31.75812062389216,33.173832305412
Panasonic,Lumix DMC-GX7,901,400,308.0,81.994933128187,32.15487573654392,33.22568037816
Panasonic,Lumix DMC-GX7,901,400,308.0,83.006658665449,32.55163084919568,33.276863624274
Panasonic,Lumix DMC-GX7,901,400,308.0,84.018384202711,32.94838596184746,33.327398236355
Panasonic,Lumix DMC-GX7,901,400,308.0,85.030109739973,33.34514107449922,33.377299823482
Panasonic,Lumix DMC-GX7,901,400,308.0,86.041835277236,33.741896187151376,33.426583438916
Panasonic,Lumix DMC-GX7,901,400,308.0,87.053560814498,34.138651299803136,33.475263606182
Panasonic,Lumix DMC-GX7,901,400,308.0,88.06528635176,34.5354064124549,33.523354343628
Panasonic,Lumix DMC-GX7,901,400,308.0,89.077011889022,34.93216152510667,33.570869187587
Panasonic,Lumix DMC-GX7,901,400,308.0,90.088737426284,35.328916637758425,33.617821214223
Panasonic,Lumix DMC-GX7,901,400,308.0,91.100462963546,35.72567175041019,33.664223060152
Panasonic,Lumix DMC-GX7,901,400,308.0,92.112188500808,36.12242686306196,33.710086941925
Panasonic,Lumix DMC-GX7,901,400,308.0,93.12391403807,36.51918197571373,33.755424674436
Panasonic,Lumix DMC-GX7,901,400,308.0,94.135639575332,36.91593708836549,33.800247688341
Panasonic,Lumix DMC-GX7,901,400,308.0,95.147365112594,37.312692201017256,33.844567046538
Panasonic,Lumix DMC-GX7,901,400,308.0,96.159090649856,37.70944731366902,33.888393459772
Panasonic,Lumix DMC-GX7,901,400,308.0,97.170816187118,38.106202426320785,33.931737301425
Panasonic,Lumix DMC-GX7,901,400,308.0,98.18254172438,38.50295753897255,33.974608621534
Panasonic,Lumix DMC-GX7,901,400,308.0,99.194267261642,38.89971265162431,34.017017160091
Panasonic,Lumix DMC-GX7,901,400,308.0,100.2059927989,39.29646776427451,34.058972359663
Panasonic,Lumix DMC-GX7,901,400,308.0,101.21771833617,39.693222876929404,34.100483377382
Panasonic,Lumix DMC-GX7,901,400,308.0,102.22944387343,40.0899779895804,34.141559096329
Panasonic,Lumix DMC-GX7,901,400,308.0,103.24116941069,40.486733102231376,34.182208136361
Panasonic,Lumix DMC-GX7,901,400,308.0,104.25289494795,40.883488214882355,34.222438864412
Panasonic,Lumix DMC-GX7,901,400,308.0,105.26462048521,41.280243327533334,34.262259404284
Panasonic,Lumix DMC-GX7,901,400,308.0,106.27634602248,41.676998440188235,34.301677645983
Panasonic,Lumix DMC-GX7,901,400,308.0,107.28807155974,42.073753552839214,34.340701254597
Panasonic,Lumix DMC-GX7,901,400,308.0,108.299797097,42.47050866549019,34.379337678768
Panasonic,Lumix DMC-GX7,901,400,308.0,109.31152263426,42.86726377814118,34.417594158761
Panasonic,Lumix DMC-GX7,901,400,308.0,110.32324817153,43.26401889079608,34.455477734167
Panasonic,Lumix DMC-GX7,901,400,308.0,111.33497370879,43.66077400344706,34.492995251245
Panasonic,Lumix DMC-GX7,901,400,308.0,112.34669924605,44.05752911609804,34.530153369941
Panasonic,Lumix DMC-GX7,901,400,308.0,113.35842478331,44.45428422874902,34.566958570584
Panasonic,Lumix DMC-GX7,901,400,308.0,114.37015032057,44.8510393414,34.603417160287
Panasonic,Lumix DMC-GX7,901,400,308.0,115.38187585784,45.247794454054905,34.639535279066
Panasonic,Lumix DMC-GX7,901,400,308.0,116.3936013951,45.644549566705884,34.675318905685
Panasonic,Lumix DMC-GX7,901,400,308.0,117.40532693236,46.04130467935686,34.710773863261
Panasonic,Lumix DMC-GX7,901,400,308.0,118.41705246962,46.43805979200785,34.745905824611
Panasonic,Lumix DMC-GX7,901,400,308.0,119.42877800688,46.83481490465882,34.780720317383
Panasonic,Lumix DMC-GX7,901,400,308.0,120.44050354415,47.23157001731373,34.815222728968
Panasonic,Lumix DMC-GX7,901,400,308.0,121.45222908141,47.62832512996471,34.849418311202
Panasonic,Lumix DMC-GX7,901,400,308.0,122.46395461867,48.02508024261569,34.883312184875
Panasonic,Lumix DMC-GX7,901,400,308.0,123.47568015593,48.421835355266666,34.916909344055
Panasonic,Lumix DMC-GX7,901,400,308.0,124.48740569319,48.818590467917645,34.950214660235
Panasonic,Lumix DMC-GX7,901,400,308.0,125.49913123046,49.215345580572546,34.98323288631
Panasonic,Lumix DMC-GX7,901,400,308.0,126.51085676772,49.61210069322353,35.015968660392
Panasonic,Lumix DMC-GX7,901,400,308.0,127.52258230498,50.00885580587451,35.048426509482
Panasonic,Lumix DMC-GX7,901,400,308.0,128.53430784224,50.40561091852549,35.080610852984
Panasonic,Lumix DMC-GX7,901,400,308.0,129.5460333795,50.80236603117647,35.112526006092
Panasonic,Lumix DMC-GX7,901,400,308.0,130.55775891677,51.19912114383137,35.144176183038
Panasonic,Lumix DMC-GX7,901,400,308.0,131.56948445403,51.595876256482356,35.175565500214
Panasonic,Lumix DMC-GX7,901,400,308.0,132.58120999129,51.992631369133335,35.206697979182
Panasonic,Lumix DMC-GX7,901,400,308.0,133.59293552855,52.38938648178431,35.237577549559
Panasonic,Lumix DMC-GX7,901,400,308.0,134.60466106581,52.7861415944353,35.268208051802
Panasonic,Lumix DMC-GX7,901,400,308.0,135.61638660308,53.1828967070902,35.298593239881
Panasonic,Lumix DMC-GX7,901,400,308.0,136.62811214034,53.57965181974117,35.328736783858
Panasonic,Lumix DMC-GX7,901,400,308.0,137.6398376776,53.976406932392166,35.358642272367
Panasonic,Lumix DMC-GX7,901,400,308.0,138.65156321486,54.373162045043145,35.388313215006
Panasonic,Lumix DMC-GX7,901,400,308.0,139.66328875212,54.76991715769412,35.41775304464
Panasonic,Lumix DMC-GX7,901,400,308.0,140.67501428939,55.16667227034902,35.44696511962
Panasonic,Lumix DMC-GX7,901,400,308.0,141.68673982665,55.56342738300001,35.475952725925
Panasonic,Lumix DMC-GX7,901,400,308.0,142.69846536391,55.960182495650976,35.504719079225
Panasonic,Lumix DMC-GX7,901,400,308.0,143.71019090117,56.35693760830196,35.533267326871
Panasonic,Lumix DMC-GX7,901,400,308.0,144.72191643844,56.75369272095686,35.561600549819
Panasonic,Lumix DMC-GX7,901,400,308.0,145.7336419757,57.15044783360784,35.589721764483
Panasonic,Lumix DMC-GX7,901,400,308.0,146.74536751296,57.54720294625882,35.617633924522
Panasonic,Lumix DMC-GX7,901,400,308.0,147.75709305022,57.94395805890981,35.645339922572
Panasonic,Lumix DMC-GX7,901,400,308.0,148.76881858748,58.340713171560786,35.672842591911
Panasonic,Lumix DMC-GX7,901,400,308.0,149.78054412475,58.73746828421569,35.700144708076
Panasonic,Lumix DMC-GX7,901,400,308.0,150.79226966201,59.13422339686667,35.727248990417
Panasonic,Lumix DMC-GX7,901,400,308.0,151.80399519927,59.53097850951764,35.754158103606
Panasonic,Lumix DMC-GX7,901,400,308.0,152.81572073653,59.92773362216863,35.780874659089
Panasonic,Lumix DMC-GX7,901,400,308.0,153.82744627379,60.3244887348196,35.807401216498
Panasonic,Lumix DMC-GX7,901,400,308.0,154.83917181106,60.721243847474504,35.833740285008
Panasonic,Lumix DMC-GX7,901,400,308.0,155.85089734832,61.11799896012548,35.859894324657
Panasonic,Lumix DMC-GX7,901,400,308.0,156.86262288558,61.514754072776476,35.885865747619
Panasonic,Lumix DMC-GX7,901,400,308.0,157.87434842284,61.91150918542745,35.911656919437
Panasonic,Lumix DMC-GX7,901,400,308.0,158.8860739601,62.30826429807843,35.937270160219
Panasonic,Lumix DMC-GX7,901,400,308.0,159.89779949737,62.70501941073333,35.962707745789
Panasonic,Lumix DMC-GX7,901,400,308.0,160.90952503463,63.101774523384314,35.987971908812
Panasonic,Lumix DMC-GX7,901,400,308.0,161.92125057189,63.49852963603529,36.013064839873
Panasonic,Lumix DMC-GX7,901,400,308.0,162.93297610915,63.89528474868628,36.037988688532
Panasonic,Lumix DMC-GX7,901,400,308.0,163.94470164641,64.29203986133726,36.062745564337
Panasonic,Lumix DMC-GX7,901,400,308.0,164.95642718368,64.68879497399216,36.087337537815
Panasonic,Lumix DMC-GX7,901,400,308.0,165.96815272094,65.08555008664314,36.111766641425
Panasonic,Lumix DMC-GX7,901,400,308.0,166.9798782582,65.48230519929412,36.136034870485
Panasonic,Lumix DMC-GX7,901,400,308.0,167.99160379546,65.8790603119451,36.160144184075
Panasonic,Lumix DMC-GX7,901,400,308.0,169.00332933272,66.27581542459608,36.184096505902
Panasonic,Lumix DMC-GX7,901,400,308.0,170.01505486999,66.67257053725098,36.207893725154
Panasonic,Lumix DMC-GX7,901,400,308.0,171.02678040725,67.06932564990196,36.231537697313
Panasonic,Lumix DMC-GX7,901,400,308.0,172.03850594451,67.46608076255295,36.255030244959
Panasonic,Lumix DMC-GX7,901,400,308.0,173.05023148177,67.86283587520391,36.278373158535
Panasonic,Lumix DMC-GX7,901,400,308.0,174.06195701904,68.25959098785881,36.301568197106
Panasonic,Lumix DMC-GX7,901,400,308.0,175.0736825563,68.65634610050981,36.324617089082
Panasonic,Lumix DMC-GX7,901,400,308.0,176.08540809356,69.05310121316079,36.347521532926
Panasonic,Lumix DMC-GX7,901,400,308.0,177.09713363082,69.44985632581177,36.370283197846
Panasonic,Lumix DMC-GX7,901,400,308.0,178.10885916808,69.84661143846273,36.392903724457
Panasonic,Lumix DMC-GX7,901,400,308.0,179.12058470535,70.24336655111765,36.415384725433
Panasonic,Lumix DMC-GX7,901,400,308.0,180.13231024261,70.64012166376862,36.437727786138
Panasonic,Lumix DMC-GX7,901,400,308.0,181.14403577987,71.0368767764196,36.459934465239
Panasonic,Lumix DMC-GX7,901,400,308.0,182.15576131713,71.43363188907058,36.482006295298
Panasonic,Lumix DMC-GX7,901,400,308.0,183.16748685439,71.83038700172158,36.503944783355
Panasonic,Lumix DMC-GX7,901,400,308.0,184.17921239166,72.22714211437648,36.525751411493
Panasonic,Lumix DMC-GX7,901,400,308.0,185.19093792892,72.62389722702744,36.54742763738
Panasonic,Lumix DMC-GX7,901,400,308.0,186.20266346618,73.02065233967843,36.568974894806
Panasonic,Lumix DMC-GX7,901,400,308.0,187.21438900344,73.41740745232941,36.590394594201
Panasonic,Lumix DMC-GX7,901,400,308.0,188.2261145407,73.81416256498039,36.611688123138
Panasonic,Lumix DMC-GX7,901,400,308.0,189.23784007797,74.2109176776353,36.632856846827
Panasonic,Lumix DMC-GX7,901,400,308.0,190.24956561523,74.60767279028629,36.653902108587
Panasonic,Lumix DMC-GX7,901,400,308.0,191.26129115249,75.00442790293725,36.674825230318
Panasonic,Lumix DMC-GX7,901,400,308.0,192.27301668975,75.40118301558823,36.695627512948
Panasonic,Lumix DMC-GX7,901,400,308.0,193.28474222701,75.79793812823922,36.716310236879
Panasonic,Lumix DMC-GX7,901,400,308.0,194.29646776428,76.19469324089411,36.736874662412
Panasonic,Lumix DMC-GX7,901,400,308.0,195.30819330154,76.5914483535451,36.757322030167
Panasonic,Lumix DMC-GX7,901,400,308.0,196.3199188388,76.98820346619607,36.777653561491
Panasonic,Lumix DMC-GX7,901,400,308.0,197.33164437606,77.38495857884706,36.797870458854
Panasonic,Lumix DMC-GX7,901,400,308.0,198.34336991332,77.78171369149804,36.817973906235
Panasonic,Lumix DMC-GX7,901,400,308.0,199.35509545059,78.17846880415294,36.837965069502
Panasonic,Lumix DMC-GX7,901,400,308.0,200.36682098785,78.57522391680392,36.857845096776
Panasonic,Lumix DMC-GX7,901,400,308.0,201.37854652511,78.97197902945491,36.87761511879
Panasonic,Lumix DMC-GX7,901,400,308.0,202.39027206237,79.36873414210588,36.897276249239
Panasonic,Lumix DMC-GX7,901,400,308.0,203.40199759964,79.76548925476078,36.91682958512
Panasonic,Lumix DMC-GX7,901,400,308.0,204.4137231369,80.16224436741176,36.936276207063
Panasonic,Lumix DMC-GX7,901,400,308.0,205.42544867416,80.55899948006275,36.955617179655
Panasonic,Lumix DMC-GX7,901,400,308.0,206.43717421142,80.95575459271373,36.974853551758
Panasonic,Lumix DMC-GX7,901,400,308.0,207.44889974868,81.35250970536471,36.993986356813
Panasonic,Lumix DMC-GX7,901,400,308.0,208.46062528595,81.74926481801961,37.013016613143
Panasonic,Lumix DMC-GX7,901,400,308.0,209.47235082321,82.14601993067059,37.031945324248
Panasonic,Lumix DMC-GX7,901,400,308.0,210.48407636047,82.54277504332157,37.050773479086
Panasonic,Lumix DMC-GX7,901,400,308.0,211.49580189773,82.93953015597253,37.069502052357
Panasonic,Lumix DMC-GX7,901,400,308.0,212.50752743499,83.33628526862353,37.088132004774
Panasonic,Lumix DMC-GX7,901,400,308.0,213.51925297226,83.73304038127843,37.106664283328
Panasonic,Lumix DMC-GX7,901,400,308.0,214.53097850952,84.12979549392942,37.12509982155
Panasonic,Lumix DMC-GX7,901,400,308.0,215.54270404678,84.52655060658039,37.143439539763
Panasonic,Lumix DMC-GX7,901,400,308.0,216.55442958404,84.92330571923138,37.161684345331
Panasonic,Lumix DMC-GX7,901,400,308.0,217.5661551213,85.32006083188234,37.179835132898
Panasonic,Lumix DMC-GX7,901,400,308.0,218.57788065857,85.71681594453725,37.197892784629
Panasonic,Lumix DMC-GX7,901,400,308.0,219.58960619583,86.11357105718824,37.215858170439
Panasonic,Lumix DMC-GX7,901,400,308.0,220.60133173309,86.51032616983922,37.233732148216
Panasonic,Lumix DMC-GX7,901,400,308.0,221.61305727035,86.9070812824902,37.251515564044
Panasonic,Lumix DMC-GX7,901,400,308.0,222.62478280761,87.30383639514118,37.269209252419
Panasonic,Lumix DMC-GX7,901,400,308.0,223.63650834488,87.70059150779609,37.286814036458
Panasonic,Lumix DMC-GX7,901,400,308.0,224.64823388214,88.09734662044706,37.304330728105
Panasonic,Lumix DMC-GX7,901,400,308.0,225.6599594194,88.49410173309803,37.321760128332
Panasonic,Lumix DMC-GX7,901,400,308.0,226.67168495666,88.89085684574901,37.339103027335
Panasonic,Lumix DMC-GX7,901,400,308.0,227.68341049392,89.2876119584,37.356360204729
Panasonic,Lumix DMC-GX7,901,400,308.0,228.69513603119,89.68436707105491,37.373532429734
Panasonic,Lumix DMC-GX7,901,400,308.0,229.70686156845,90.08112218370587,37.390620461356
Panasonic,Lumix DMC-GX7,901,400,308.0,230.71858710571,90.47787729635685,37.407625048572
Panasonic,Lumix DMC-GX7,901,400,308.0,231.73031264297,90.87463240900784,37.424546930504
Panasonic,Lumix DMC-GX7,901,400,308.0,232.74203818024,91.27138752166275,37.441386836588
Panasonic,Lumix DMC-GX7,901,400,308.0,233.7537637175,91.66814263431372,37.458145486746
Panasonic,Lumix DMC-GX7,901,400,308.0,234.76548925476,92.06489774696472,37.474823591549
Panasonic,Lumix DMC-GX7,901,400,308.0,235.77721479202,92.46165285961568,37.491421852379
Panasonic,Lumix DMC-GX7,901,400,308.0,236.78894032928,92.85840797226666,37.507940961584
Panasonic,Lumix DMC-GX7,901,400,308.0,237.80066586655,93.25516308492156,37.524381602636
Panasonic,Lumix DMC-GX7,901,400,308.0,238.81239140381,93.65191819757254,37.54074445028
Panasonic,Lumix DMC-GX7,901,400,308.0,239.82411694107,94.04867331022353,37.557030170681
Panasonic,Lumix DMC-GX7,901,400,308.0,240.83584247833,94.44542842287451,37.57323942157
Panasonic,Lumix DMC-GX7,901,400,308.0,241.84756801559,94.84218353552549,37.589372852385
Panasonic,Lumix DMC-GX7,901,400,308.0,242.85929355286,95.2389386481804,37.605431104409
Panasonic,Lumix DMC-GX7,901,400,308.0,243.87101909012,95.63569376083137,37.62141481091
Panasonic,Lumix DMC-GX7,901,400,308.0,244.88274462738,96.03244887348235,37.637324597266
Panasonic,Lumix DMC-GX7,901,400,308.0,245.89447016464,96.42920398613334,37.653161081103
Panasonic,Lumix DMC-GX7,901,400,308.0,246.9061957019,96.82595909878432,37.668924872418
Panasonic,Lumix DMC-GX7,901,400,308.0,247.91792123917,97.22271421143923,37.684616573707
Panasonic,Lumix DMC-GX7,901,400,308.0,248.92964677643,97.61946932409019,37.700236780082
Panasonic,Lumix DMC-GX7,901,400,308.0,249.94137231369,98.01622443674118,37.715786079399
Panasonic,Lumix DMC-GX7,901,400,308.0,250.95309785095,98.41297954939215,37.731265052368
Panasonic,Lumix DMC-GX7,901,400,308.0,251.96482338821,98.80973466204314,37.746674272673
Panasonic,Lumix DMC-GX7,901,400,308.0,252.97654892548,99.20648977469804,37.762014307082
Panasonic,Lumix DMC-GX7,901,400,308.0,253.98827446274,99.60324488734902,37.777285715557
Panasonic,Lumix DMC-GX7,901,400,308.0,255,100.0,37.792489051368
Panasonic,Lumix DMC-GX7,901,800,611.0,0.21692886147866,0.08507014175633726,0
Panasonic,Lumix DMC-GX7,901,800,611.0,0.40735295849666,0.1597462582339843,4.3414596833252
Panasonic,Lumix DMC-GX7,901,800,611.0,0.67850266665134,0.26607947711817254,7.5454514948032
Panasonic,Lumix DMC-GX7,901,800,611.0,1.1876304024988,0.46573741274462743,10.757247255915
Panasonic,Lumix DMC-GX7,901,800,611.0,2.237925620216,0.8776178902807843,14.078786408733
Panasonic,Lumix DMC-GX7,901,800,611.0,5.1037922962703,2.001487175007961,18.061644067066
Panasonic,Lumix DMC-GX7,901,800,611.0,6.1155178335324,2.3982422876597647,18.901093625089
Panasonic,Lumix DMC-GX7,901,800,611.0,7.1272433707944,2.794997400311529,19.604752218874
Panasonic,Lumix DMC-GX7,901,800,611.0,8.1389689080565,3.1917525129633333,20.210290377267
Panasonic,Lumix DMC-GX7,901,800,611.0,9.1506944453186,3.5885076256151374,20.74163452221
Panasonic,Lumix DMC-GX7,901,800,611.0,10.162419982581,3.9852627382670582,21.21492169068
Panasonic,Lumix DMC-GX7,901,800,611.0,11.174145519843,4.382017850918824,21.641546674523
Panasonic,Lumix DMC-GX7,901,800,611.0,12.185871057105,4.778772963570589,22.029852850727
Panasonic,Lumix DMC-GX7,901,800,611.0,13.197596594367,5.175528076222354,22.386131579251
Panasonic,Lumix DMC-GX7,901,800,611.0,14.209322131629,5.572283188874117,22.71524365376
Panasonic,Lumix DMC-GX7,901,800,611.0,15.221047668891,5.969038301525882,23.021022182868
Panasonic,Lumix DMC-GX7,901,800,611.0,16.232773206153,6.365793414177647,23.306543046743
Panasonic,Lumix DMC-GX7,901,800,611.0,17.244498743415,6.762548526829412,23.574311918277
Panasonic,Lumix DMC-GX7,901,800,611.0,18.256224280677,7.159303639481177,23.82639692943
Panasonic,Lumix DMC-GX7,901,800,611.0,19.267949817939,7.556058752132942,24.064524891282
Panasonic,Lumix DMC-GX7,901,800,611.0,20.279675355201,7.952813864784707,24.290152452953
Panasonic,Lumix DMC-GX7,901,800,611.0,21.291400892463,8.34956897743647,24.504519641813
Panasonic,Lumix DMC-GX7,901,800,611.0,22.303126429725,8.746324090088235,24.708690771179
Panasonic,Lumix DMC-GX7,901,800,611.0,23.314851966987,9.14307920274,24.903586129974
Panasonic,Lumix DMC-GX7,901,800,611.0,24.32657750425,9.539834315392156,25.090006838781
Panasonic,Lumix DMC-GX7,901,800,611.0,25.338303041512,9.936589428043922,25.268654567042
Panasonic,Lumix DMC-GX7,901,800,611.0,26.350028578774,10.333344540695686,25.440147335397
Panasonic,Lumix DMC-GX7,901,800,611.0,27.361754116036,10.730099653347452,25.605032300074
Panasonic,Lumix DMC-GX7,901,800,611.0,28.373479653298,11.126854765999216,25.76379618537
Panasonic,Lumix DMC-GX7,901,800,611.0,29.38520519056,11.523609878650982,25.916873864911
Panasonic,Lumix DMC-GX7,901,800,611.0,30.396930727822,11.920364991302746,26.06465547229
Panasonic,Lumix DMC-GX7,901,800,611.0,31.408656265084,12.31712010395451,26.207492333442
Panasonic,Lumix DMC-GX7,901,800,611.0,32.420381802346,12.713875216606274,26.345701947482
Panasonic,Lumix DMC-GX7,901,800,611.0,33.432107339608,13.110630329258042,26.479572193445
Panasonic,Lumix DMC-GX7,901,800,611.0,34.44383287687,13.507385441909802,26.609364902913
Panasonic,Lumix DMC-GX7,901,800,611.0,35.455558414132,13.90414055456157,26.735318909846
Panasonic,Lumix DMC-GX7,901,800,611.0,36.467283951394,14.300895667213334,26.857652666819
Panasonic,Lumix DMC-GX7,901,800,611.0,37.479009488656,14.697650779865096,26.976566499564
Panasonic,Lumix DMC-GX7,901,800,611.0,38.490735025918,15.094405892516862,27.092244558201
Panasonic,Lumix DMC-GX7,901,800,611.0,39.50246056318,15.491161005168626,27.204856512845
Panasonic,Lumix DMC-GX7,901,800,611.0,40.514186100443,15.887916117820783,27.314559032736
Panasonic,Lumix DMC-GX7,901,800,611.0,41.525911637705,16.28467123047255,27.421497081233
Panasonic,Lumix DMC-GX7,901,800,611.0,42.537637174967,16.681426343124315,27.525805053493
Panasonic,Lumix DMC-GX7,901,800,611.0,43.549362712229,17.07818145577608,27.627607779252
Panasonic,Lumix DMC-GX7,901,800,611.0,44.561088249491,17.474936568427843,27.727021409418
Panasonic,Lumix DMC-GX7,901,800,611.0,45.572813786753,17.87169168107961,27.824154202292
Panasonic,Lumix DMC-GX7,901,800,611.0,46.584539324015,18.26844679373137,27.919107222738
Panasonic,Lumix DMC-GX7,901,800,611.0,47.596264861277,18.665201906383135,28.011974965615
Panasonic,Lumix DMC-GX7,901,800,611.0,48.607990398539,19.061957019034903,28.10284591311
Panasonic,Lumix DMC-GX7,901,800,611.0,49.619715935801,19.458712131686664,28.191803034208
Panasonic,Lumix DMC-GX7,901,800,611.0,50.631441473063,19.85546724433843,28.278924233355
Panasonic,Lumix DMC-GX7,901,800,611.0,51.643167010325,20.252222356990195,28.364282754398
Panasonic,Lumix DMC-GX7,901,800,611.0,52.654892547587,20.648977469641963,28.447947545037
Panasonic,Lumix DMC-GX7,901,800,611.0,53.666618084849,21.045732582293724,28.529983586349
Panasonic,Lumix DMC-GX7,901,800,611.0,54.678343622111,21.44248769494549,28.610452191307
Panasonic,Lumix DMC-GX7,901,800,611.0,55.690069159374,21.839242807597646,28.689411275736
Panasonic,Lumix DMC-GX7,901,800,611.0,56.701794696636,22.23599792024941,28.766915604713
Panasonic,Lumix DMC-GX7,901,800,611.0,57.713520233898,22.632753032901178,28.843017017021
Panasonic,Lumix DMC-GX7,901,800,611.0,58.72524577116,23.029508145552942,28.91776462997
Panasonic,Lumix DMC-GX7,901,800,611.0,59.736971308422,23.426263258204706,28.991205026602
Panasonic,Lumix DMC-GX7,901,800,611.0,60.748696845684,23.82301837085647,29.063382427082
Panasonic,Lumix DMC-GX7,901,800,611.0,61.760422382946,24.219773483508234,29.134338845831
Panasonic,Lumix DMC-GX7,901,800,611.0,62.772147920208,24.616528596160002,29.204114235819
Panasonic,Lumix DMC-GX7,901,800,611.0,63.78387345747,25.013283708811766,29.272746621246
Panasonic,Lumix DMC-GX7,901,800,611.0,64.795598994732,25.41003882146353,29.340272219721
Panasonic,Lumix DMC-GX7,901,800,611.0,65.807324531994,25.806793934115298,29.406725554914
Panasonic,Lumix DMC-GX7,901,800,611.0,66.819050069256,26.203549046767055,29.472139560566
Panasonic,Lumix DMC-GX7,901,800,611.0,67.830775606518,26.600304159418826,29.536545676636
Panasonic,Lumix DMC-GX7,901,800,611.0,68.84250114378,26.99705927207059,29.599973938287
Panasonic,Lumix DMC-GX7,901,800,611.0,69.854226681042,27.393814384722347,29.662453058348
Panasonic,Lumix DMC-GX7,901,800,611.0,70.865952218305,27.790569497374506,29.724010503806
Panasonic,Lumix DMC-GX7,901,800,611.0,71.877677755567,28.187324610026277,29.784672566853
Panasonic,Lumix DMC-GX7,901,800,611.0,72.889403292829,28.58407972267804,29.844464430938
Panasonic,Lumix DMC-GX7,901,800,611.0,73.901128830091,28.980834835329805,29.903410232239
Panasonic,Lumix DMC-GX7,901,800,611.0,74.912854367353,29.37758994798157,29.961533116932
Panasonic,Lumix DMC-GX7,901,800,611.0,75.924579904615,29.774345060633333,30.018855294606
Panasonic,Lumix DMC-GX7,901,800,611.0,76.936305441877,30.171100173285097,30.075398088118
Panasonic,Lumix DMC-GX7,901,800,611.0,77.948030979139,30.56785528593686,30.13118198017
Panasonic,Lumix DMC-GX7,901,800,611.0,78.959756516401,30.964610398588626,30.18622665688
Panasonic,Lumix DMC-GX7,901,800,611.0,79.971482053663,31.36136551124039,30.24055104855
Panasonic,Lumix DMC-GX7,901,800,611.0,80.983207590925,31.75812062389216,30.294173367873
Panasonic,Lumix DMC-GX7,901,800,611.0,81.994933128187,32.15487573654392,30.347111145746
Panasonic,Lumix DMC-GX7,901,800,611.0,83.006658665449,32.55163084919568,30.399381264879
Panasonic,Lumix DMC-GX7,901,800,611.0,84.018384202711,32.94838596184746,30.450999991362
Panasonic,Lumix DMC-GX7,901,800,611.0,85.030109739973,33.34514107449922,30.50198300433
Panasonic,Lumix DMC-GX7,901,800,611.0,86.041835277236,33.741896187151376,30.552345423864
Panasonic,Lumix DMC-GX7,901,800,611.0,87.053560814498,34.138651299803136,30.602101837259
Panasonic,Lumix DMC-GX7,901,800,611.0,88.06528635176,34.5354064124549,30.65126632376
Panasonic,Lumix DMC-GX7,901,800,611.0,89.077011889022,34.93216152510667,30.699852477887
Panasonic,Lumix DMC-GX7,901,800,611.0,90.088737426284,35.328916637758425,30.74787343143
Panasonic,Lumix DMC-GX7,901,800,611.0,91.100462963546,35.72567175041019,30.795341874214
Panasonic,Lumix DMC-GX7,901,800,611.0,92.112188500808,36.12242686306196,30.842270073711
Panasonic,Lumix DMC-GX7,901,800,611.0,93.12391403807,36.51918197571373,30.888669893574
Panasonic,Lumix DMC-GX7,901,800,611.0,94.135639575332,36.91593708836549,30.934552811174
Panasonic,Lumix DMC-GX7,901,800,611.0,95.147365112594,37.312692201017256,30.97992993418
Panasonic,Lumix DMC-GX7,901,800,611.0,96.159090649856,37.70944731366902,31.024812016277
Panasonic,Lumix DMC-GX7,901,800,611.0,97.170816187118,38.106202426320785,31.069209472041
Panasonic,Lumix DMC-GX7,901,800,611.0,98.18254172438,38.50295753897255,31.113132391053
Panasonic,Lumix DMC-GX7,901,800,611.0,99.194267261642,38.89971265162431,31.156590551279
Panasonic,Lumix DMC-GX7,901,800,611.0,100.2059927989,39.29646776427451,31.199593431771
Panasonic,Lumix DMC-GX7,901,800,611.0,101.21771833617,39.693222876929404,31.242150224729
Panasonic,Lumix DMC-GX7,901,800,611.0,102.22944387343,40.0899779895804,31.284269846959
Panasonic,Lumix DMC-GX7,901,800,611.0,103.24116941069,40.486733102231376,31.32596095076
Panasonic,Lumix DMC-GX7,901,800,611.0,104.25289494795,40.883488214882355,31.36723193429
Panasonic,Lumix DMC-GX7,901,800,611.0,105.26462048521,41.280243327533334,31.408090951417
Panasonic,Lumix DMC-GX7,901,800,611.0,106.27634602248,41.676998440188235,31.448545921105
Panasonic,Lumix DMC-GX7,901,800,611.0,107.28807155974,42.073753552839214,31.488604536348
Panasonic,Lumix DMC-GX7,901,800,611.0,108.299797097,42.47050866549019,31.52827427269
Panasonic,Lumix DMC-GX7,901,800,611.0,109.31152263426,42.86726377814118,31.567562396339
Panasonic,Lumix DMC-GX7,901,800,611.0,110.32324817153,43.26401889079608,31.606475971913
Panasonic,Lumix DMC-GX7,901,800,611.0,111.33497370879,43.66077400344706,31.64502186983
Panasonic,Lumix DMC-GX7,901,800,611.0,112.34669924605,44.05752911609804,31.683206773357
Panasonic,Lumix DMC-GX7,901,800,611.0,113.35842478331,44.45428422874902,31.721037185348
Panasonic,Lumix DMC-GX7,901,800,611.0,114.37015032057,44.8510393414,31.758519434679
Panasonic,Lumix DMC-GX7,901,800,611.0,115.38187585784,45.247794454054905,31.7956596824
Panasonic,Lumix DMC-GX7,901,800,611.0,116.3936013951,45.644549566705884,31.832463927614
Panasonic,Lumix DMC-GX7,901,800,611.0,117.40532693236,46.04130467935686,31.868938013106
Panasonic,Lumix DMC-GX7,901,800,611.0,118.41705246962,46.43805979200785,31.905087630726
Panasonic,Lumix DMC-GX7,901,800,611.0,119.42877800688,46.83481490465882,31.940918326542
Panasonic,Lumix DMC-GX7,901,800,611.0,120.44050354415,47.23157001731373,31.976435505776
Panasonic,Lumix DMC-GX7,901,800,611.0,121.45222908141,47.62832512996471,32.011644437535
Panasonic,Lumix DMC-GX7,901,800,611.0,122.46395461867,48.02508024261569,32.046550259343
Panasonic,Lumix DMC-GX7,901,800,611.0,123.47568015593,48.421835355266666,32.081157981481
Panasonic,Lumix DMC-GX7,901,800,611.0,124.48740569319,48.818590467917645,32.115472491161
Panasonic,Lumix DMC-GX7,901,800,611.0,125.49913123046,49.215345580572546,32.149498556519
Panasonic,Lumix DMC-GX7,901,800,611.0,126.51085676772,49.61210069322353,32.183240830454
Panasonic,Lumix DMC-GX7,901,800,611.0,127.52258230498,50.00885580587451,32.216703854311
Panasonic,Lumix DMC-GX7,901,800,611.0,128.53430784224,50.40561091852549,32.249892061418
Panasonic,Lumix DMC-GX7,901,800,611.0,129.5460333795,50.80236603117647,32.282809780487
Panasonic,Lumix DMC-GX7,901,800,611.0,130.55775891677,51.19912114383137,32.315461238876
Panasonic,Lumix DMC-GX7,901,800,611.0,131.56948445403,51.595876256482356,32.34785056573
Panasonic,Lumix DMC-GX7,901,800,611.0,132.58120999129,51.992631369133335,32.379981795003
Panasonic,Lumix DMC-GX7,901,800,611.0,133.59293552855,52.38938648178431,32.411858868355
Panasonic,Lumix DMC-GX7,901,800,611.0,134.60466106581,52.7861415944353,32.443485637952
Panasonic,Lumix DMC-GX7,901,800,611.0,135.61638660308,53.1828967070902,32.474865869151
Panasonic,Lumix DMC-GX7,901,800,611.0,136.62811214034,53.57965181974117,32.506003243091
Panasonic,Lumix DMC-GX7,901,800,611.0,137.6398376776,53.976406932392166,32.536901359185
Panasonic,Lumix DMC-GX7,901,800,611.0,138.65156321486,54.373162045043145,32.56756373752
Panasonic,Lumix DMC-GX7,901,800,611.0,139.66328875212,54.76991715769412,32.597993821172
Panasonic,Lumix DMC-GX7,901,800,611.0,140.67501428939,55.16667227034902,32.628194978438
Panasonic,Lumix DMC-GX7,901,800,611.0,141.68673982665,55.56342738300001,32.658170504981
Panasonic,Lumix DMC-GX7,901,800,611.0,142.69846536391,55.960182495650976,32.687923625909
Panasonic,Lumix DMC-GX7,901,800,611.0,143.71019090117,56.35693760830196,32.717457497769
Panasonic,Lumix DMC-GX7,901,800,611.0,144.72191643844,56.75369272095686,32.746775210481
Panasonic,Lumix DMC-GX7,901,800,611.0,145.7336419757,57.15044783360784,32.775879789197
Panasonic,Lumix DMC-GX7,901,800,611.0,146.74536751296,57.54720294625882,32.804774196101
Panasonic,Lumix DMC-GX7,901,800,611.0,147.75709305022,57.94395805890981,32.83346133214
Panasonic,Lumix DMC-GX7,901,800,611.0,148.76881858748,58.340713171560786,32.861944038706
Panasonic,Lumix DMC-GX7,901,800,611.0,149.78054412475,58.73746828421569,32.890225099251
Panasonic,Lumix DMC-GX7,901,800,611.0,150.79226966201,59.13422339686667,32.918307240852
Panasonic,Lumix DMC-GX7,901,800,611.0,151.80399519927,59.53097850951764,32.946193135726
Panasonic,Lumix DMC-GX7,901,800,611.0,152.81572073653,59.92773362216863,32.973885402687
Panasonic,Lumix DMC-GX7,901,800,611.0,153.82744627379,60.3244887348196,33.001386608563
Panasonic,Lumix DMC-GX7,901,800,611.0,154.83917181106,60.721243847474504,33.028699269561
Panasonic,Lumix DMC-GX7,901,800,611.0,155.85089734832,61.11799896012548,33.055825852589
Panasonic,Lumix DMC-GX7,901,800,611.0,156.86262288558,61.514754072776476,33.082768776539
Panasonic,Lumix DMC-GX7,901,800,611.0,157.87434842284,61.91150918542745,33.10953041352
Panasonic,Lumix DMC-GX7,901,800,611.0,158.8860739601,62.30826429807843,33.136113090059
Panasonic,Lumix DMC-GX7,901,800,611.0,159.89779949737,62.70501941073333,33.162519088262
Panasonic,Lumix DMC-GX7,901,800,611.0,160.90952503463,63.101774523384314,33.188750646936
Panasonic,Lumix DMC-GX7,901,800,611.0,161.92125057189,63.49852963603529,33.214809962677
Panasonic,Lumix DMC-GX7,901,800,611.0,162.93297610915,63.89528474868628,33.240699190929
Panasonic,Lumix DMC-GX7,901,800,611.0,163.94470164641,64.29203986133726,33.266420447
Panasonic,Lumix DMC-GX7,901,800,611.0,164.95642718368,64.68879497399216,33.291975807052
Panasonic,Lumix DMC-GX7,901,800,611.0,165.96815272094,65.08555008664314,33.317367309067
Panasonic,Lumix DMC-GX7,901,800,611.0,166.9798782582,65.48230519929412,33.342596953772
Panasonic,Lumix DMC-GX7,901,800,611.0,167.99160379546,65.8790603119451,33.367666705542
Panasonic,Lumix DMC-GX7,901,800,611.0,169.00332933272,66.27581542459608,33.392578493278
Panasonic,Lumix DMC-GX7,901,800,611.0,170.01505486999,66.67257053725098,33.417334211253
Panasonic,Lumix DMC-GX7,901,800,611.0,171.02678040725,67.06932564990196,33.441935719938
Panasonic,Lumix DMC-GX7,901,800,611.0,172.03850594451,67.46608076255295,33.466384846799
Panasonic,Lumix DMC-GX7,901,800,611.0,173.05023148177,67.86283587520391,33.490683387077
Panasonic,Lumix DMC-GX7,901,800,611.0,174.06195701904,68.25959098785881,33.514833104535
Panasonic,Lumix DMC-GX7,901,800,611.0,175.0736825563,68.65634610050981,33.538835732197
Panasonic,Lumix DMC-GX7,901,800,611.0,176.08540809356,69.05310121316079,33.562692973051
Panasonic,Lumix DMC-GX7,901,800,611.0,177.09713363082,69.44985632581177,33.586406500745
Panasonic,Lumix DMC-GX7,901,800,611.0,178.10885916808,69.84661143846273,33.609977960254
Panasonic,Lumix DMC-GX7,901,800,611.0,179.12058470535,70.24336655111765,33.633408968529
Panasonic,Lumix DMC-GX7,901,800,611.0,180.13231024261,70.64012166376862,33.656701115135
Panasonic,Lumix DMC-GX7,901,800,611.0,181.14403577987,71.0368767764196,33.679855962863
Panasonic,Lumix DMC-GX7,901,800,611.0,182.15576131713,71.43363188907058,33.702875048327
Panasonic,Lumix DMC-GX7,901,800,611.0,183.16748685439,71.83038700172158,33.725759882549
Panasonic,Lumix DMC-GX7,901,800,611.0,184.17921239166,72.22714211437648,33.748511951518
Panasonic,Lumix DMC-GX7,901,800,611.0,185.19093792892,72.62389722702744,33.771132716747
Panasonic,Lumix DMC-GX7,901,800,611.0,186.20266346618,73.02065233967843,33.793623615802
Panasonic,Lumix DMC-GX7,901,800,611.0,187.21438900344,73.41740745232941,33.815986062824
Panasonic,Lumix DMC-GX7,901,800,611.0,188.2261145407,73.81416256498039,33.838221449037
Panasonic,Lumix DMC-GX7,901,800,611.0,189.23784007797,74.2109176776353,33.860331143237
Panasonic,Lumix DMC-GX7,901,800,611.0,190.24956561523,74.60767279028629,33.882316492276
Panasonic,Lumix DMC-GX7,901,800,611.0,191.26129115249,75.00442790293725,33.904178821522
Panasonic,Lumix DMC-GX7,901,800,611.0,192.27301668975,75.40118301558823,33.925919435321
Panasonic,Lumix DMC-GX7,901,800,611.0,193.28474222701,75.79793812823922,33.947539617434
Panasonic,Lumix DMC-GX7,901,800,611.0,194.29646776428,76.19469324089411,33.969040631467
Panasonic,Lumix DMC-GX7,901,800,611.0,195.30819330154,76.5914483535451,33.990423721296
Panasonic,Lumix DMC-GX7,901,800,611.0,196.3199188388,76.98820346619607,34.011690111472
Panasonic,Lumix DMC-GX7,901,800,611.0,197.33164437606,77.38495857884706,34.032841007619
Panasonic,Lumix DMC-GX7,901,800,611.0,198.34336991332,77.78171369149804,34.053877596822
Panasonic,Lumix DMC-GX7,901,800,611.0,199.35509545059,78.17846880415294,34.074801048008
Panasonic,Lumix DMC-GX7,901,800,611.0,200.36682098785,78.57522391680392,34.095612512309
Panasonic,Lumix DMC-GX7,901,800,611.0,201.37854652511,78.97197902945491,34.116313123427
Panasonic,Lumix DMC-GX7,901,800,611.0,202.39027206237,79.36873414210588,34.136903997982
Panasonic,Lumix DMC-GX7,901,800,611.0,203.40199759964,79.76548925476078,34.15738623585
Panasonic,Lumix DMC-GX7,901,800,611.0,204.4137231369,80.16224436741176,34.177760920502
Panasonic,Lumix DMC-GX7,901,800,611.0,205.42544867416,80.55899948006275,34.198029119324
Panasonic,Lumix DMC-GX7,901,800,611.0,206.43717421142,80.95575459271373,34.218191883936
Panasonic,Lumix DMC-GX7,901,800,611.0,207.44889974868,81.35250970536471,34.238250250501
Panasonic,Lumix DMC-GX7,901,800,611.0,208.46062528595,81.74926481801961,34.258205240024
Panasonic,Lumix DMC-GX7,901,800,611.0,209.47235082321,82.14601993067059,34.278057858649
Panasonic,Lumix DMC-GX7,901,800,611.0,210.48407636047,82.54277504332157,34.297809097945
Panasonic,Lumix DMC-GX7,901,800,611.0,211.49580189773,82.93953015597253,34.317459935186
Panasonic,Lumix DMC-GX7,901,800,611.0,212.50752743499,83.33628526862353,34.337011333623
Panasonic,Lumix DMC-GX7,901,800,611.0,213.51925297226,83.73304038127843,34.356464242754
Panasonic,Lumix DMC-GX7,901,800,611.0,214.53097850952,84.12979549392942,34.375819598583
Panasonic,Lumix DMC-GX7,901,800,611.0,215.54270404678,84.52655060658039,34.395078323872
Panasonic,Lumix DMC-GX7,901,800,611.0,216.55442958404,84.92330571923138,34.414241328395
Panasonic,Lumix DMC-GX7,901,800,611.0,217.5661551213,85.32006083188234,34.433309509176
Panasonic,Lumix DMC-GX7,901,800,611.0,218.57788065857,85.71681594453725,34.452283750726
Panasonic,Lumix DMC-GX7,901,800,611.0,219.58960619583,86.11357105718824,34.471164925279
Panasonic,Lumix DMC-GX7,901,800,611.0,220.60133173309,86.51032616983922,34.489953893013
Panasonic,Lumix DMC-GX7,901,800,611.0,221.61305727035,86.9070812824902,34.508651502276
Panasonic,Lumix DMC-GX7,901,800,611.0,222.62478280761,87.30383639514118,34.527258589795
Panasonic,Lumix DMC-GX7,901,800,611.0,223.63650834488,87.70059150779609,34.545775980897
Panasonic,Lumix DMC-GX7,901,800,611.0,224.64823388214,88.09734662044706,34.564204489705
Panasonic,Lumix DMC-GX7,901,800,611.0,225.6599594194,88.49410173309803,34.582544919347
Panasonic,Lumix DMC-GX7,901,800,611.0,226.67168495666,88.89085684574901,34.600798062149
Panasonic,Lumix DMC-GX7,901,800,611.0,227.68341049392,89.2876119584,34.618964699832
Panasonic,Lumix DMC-GX7,901,800,611.0,228.69513603119,89.68436707105491,34.637045603694
Panasonic,Lumix DMC-GX7,901,800,611.0,229.70686156845,90.08112218370587,34.655041534801
Panasonic,Lumix DMC-GX7,901,800,611.0,230.71858710571,90.47787729635685,34.672953244164
Panasonic,Lumix DMC-GX7,901,800,611.0,231.73031264297,90.87463240900784,34.690781472914
Panasonic,Lumix DMC-GX7,901,800,611.0,232.74203818024,91.27138752166275,34.708526952479
Panasonic,Lumix DMC-GX7,901,800,611.0,233.7537637175,91.66814263431372,34.726190404746
Panasonic,Lumix DMC-GX7,901,800,611.0,234.76548925476,92.06489774696472,34.743772542233
Panasonic,Lumix DMC-GX7,901,800,611.0,235.77721479202,92.46165285961568,34.761274068246
Panasonic,Lumix DMC-GX7,901,800,611.0,236.78894032928,92.85840797226666,34.778695677038
Panasonic,Lumix DMC-GX7,901,800,611.0,237.80066586655,93.25516308492156,34.796038053966
Panasonic,Lumix DMC-GX7,901,800,611.0,238.81239140381,93.65191819757254,34.813301875639
Panasonic,Lumix DMC-GX7,901,800,611.0,239.82411694107,94.04867331022353,34.830487810067
Panasonic,Lumix DMC-GX7,901,800,611.0,240.83584247833,94.44542842287451,34.847596516807
Panasonic,Lumix DMC-GX7,901,800,611.0,241.84756801559,94.84218353552549,34.864628647107
Panasonic,Lumix DMC-GX7,901,800,611.0,242.85929355286,95.2389386481804,34.881584844038
Panasonic,Lumix DMC-GX7,901,800,611.0,243.87101909012,95.63569376083137,34.89846574264
Panasonic,Lumix DMC-GX7,901,800,611.0,244.88274462738,96.03244887348235,34.915271970046
Panasonic,Lumix DMC-GX7,901,800,611.0,245.89447016464,96.42920398613334,34.932004145618
Panasonic,Lumix DMC-GX7,901,800,611.0,246.9061957019,96.82595909878432,34.948662881075
Panasonic,Lumix DMC-GX7,901,800,611.0,247.91792123917,97.22271421143923,34.965248780615
Panasonic,Lumix DMC-GX7,901,800,611.0,248.92964677643,97.61946932409019,34.98176244104
Panasonic,Lumix DMC-GX7,901,800,611.0,249.94137231369,98.01622443674118,34.998204451876
Panasonic,Lumix DMC-GX7,901,800,611.0,250.95309785095,98.41297954939215,35.01457539549
Panasonic,Lumix DMC-GX7,901,800,611.0,251.96482338821,98.80973466204314,35.030875847206
Panasonic,Lumix DMC-GX7,901,800,611.0,252.97654892548,99.20648977469804,35.047106375418
Panasonic,Lumix DMC-GX7,901,800,611.0,253.98827446274,99.60324488734902,35.063267541701
Panasonic,Lumix DMC-GX7,901,800,611.0,255,100.0,35.07935990092
Panasonic,Lumix DMC-GX7,901,1600,1216.0,0.40735295849666,0.1597462582339843,0
Panasonic,Lumix DMC-GX7,901,1600,1216.0,0.67850266665134,0.26607947711817254,3.4762144644869
Panasonic,Lumix DMC-GX7,901,1600,1216.0,1.1876304024988,0.46573741274462743,6.9690275931568
Panasonic,Lumix DMC-GX7,901,1600,1216.0,2.237925620216,0.8776178902807843,10.546319385048
Panasonic,Lumix DMC-GX7,901,1600,1216.0,5.1037922962703,2.001487175007961,14.745564148512
Panasonic,Lumix DMC-GX7,901,1600,1216.0,6.1155178335324,2.3982422876597647,15.617509548118
Panasonic,Lumix DMC-GX7,901,1600,1216.0,7.1272433707944,2.794997400311529,16.345338526368
Panasonic,Lumix DMC-GX7,901,1600,1216.0,8.1389689080565,3.1917525129633333,16.969627904645
Panasonic,Lumix DMC-GX7,901,1600,1216.0,9.1506944453186,3.5885076256151374,17.515998547699
Panasonic,Lumix DMC-GX7,901,1600,1216.0,10.162419982581,3.9852627382670582,18.001642125844
Panasonic,Lumix DMC-GX7,901,1600,1216.0,11.174145519843,4.382017850918824,18.438644203587
Panasonic,Lumix DMC-GX7,901,1600,1216.0,12.185871057105,4.778772963570589,18.835819535469
Panasonic,Lumix DMC-GX7,901,1600,1216.0,13.197596594367,5.175528076222354,19.199792161338
Panasonic,Lumix DMC-GX7,901,1600,1216.0,14.209322131629,5.572283188874117,19.535664375893
Panasonic,Lumix DMC-GX7,901,1600,1216.0,15.221047668891,5.969038301525882,19.847448844773
Panasonic,Lumix DMC-GX7,901,1600,1216.0,16.232773206153,6.365793414177647,20.138357725267
Panasonic,Lumix DMC-GX7,901,1600,1216.0,17.244498743415,6.762548526829412,20.411001986691
Panasonic,Lumix DMC-GX7,901,1600,1216.0,18.256224280677,7.159303639481177,20.667532407225
Panasonic,Lumix DMC-GX7,901,1600,1216.0,19.267949817939,7.556058752132942,20.909741573593
Panasonic,Lumix DMC-GX7,901,1600,1216.0,20.279675355201,7.952813864784707,21.139139135767
Panasonic,Lumix DMC-GX7,901,1600,1216.0,21.291400892463,8.34956897743647,21.357008304983
Panasonic,Lumix DMC-GX7,901,1600,1216.0,22.303126429725,8.746324090088235,21.564448933792
Panasonic,Lumix DMC-GX7,901,1600,1216.0,23.314851966987,9.14307920274,21.762410825674
Panasonic,Lumix DMC-GX7,901,1600,1216.0,24.32657750425,9.539834315392156,21.951719815841
Panasonic,Lumix DMC-GX7,901,1600,1216.0,25.338303041512,9.936589428043922,22.133098426097
Panasonic,Lumix DMC-GX7,901,1600,1216.0,26.350028578774,10.333344540695686,22.307182393287
Panasonic,Lumix DMC-GX7,901,1600,1216.0,27.361754116036,10.730099653347452,22.474534021918
Panasonic,Lumix DMC-GX7,901,1600,1216.0,28.373479653298,11.126854765999216,22.635653065654
Panasonic,Lumix DMC-GX7,901,1600,1216.0,29.38520519056,11.523609878650982,22.790985666548
Panasonic,Lumix DMC-GX7,901,1600,1216.0,30.396930727822,11.920364991302746,22.940931753459
Panasonic,Lumix DMC-GX7,901,1600,1216.0,31.408656265084,12.31712010395451,23.085851207546
Panasonic,Lumix DMC-GX7,901,1600,1216.0,32.420381802346,12.713875216606274,23.22606903333
Panasonic,Lumix DMC-GX7,901,1600,1216.0,33.432107339608,13.110630329258042,23.361879721672
Panasonic,Lumix DMC-GX7,901,1600,1216.0,34.44383287687,13.507385441909802,23.493550951539
Panasonic,Lumix DMC-GX7,901,1600,1216.0,35.455558414132,13.90414055456157,23.621326747228
Panasonic,Lumix DMC-GX7,901,1600,1216.0,36.467283951394,14.300895667213334,23.74543018436
Panasonic,Lumix DMC-GX7,901,1600,1216.0,37.479009488656,14.697650779865096,23.866065719869
Panasonic,Lumix DMC-GX7,901,1600,1216.0,38.490735025918,15.094405892516862,23.983421206959
Panasonic,Lumix DMC-GX7,901,1600,1216.0,39.50246056318,15.491161005168626,24.097669644763
Panasonic,Lumix DMC-GX7,901,1600,1216.0,40.514186100443,15.887916117820783,24.208970703547
Panasonic,Lumix DMC-GX7,901,1600,1216.0,41.525911637705,16.28467123047255,24.317472059129
Panasonic,Lumix DMC-GX7,901,1600,1216.0,42.537637174967,16.681426343124315,24.423310564436
Panasonic,Lumix DMC-GX7,901,1600,1216.0,43.549362712229,17.07818145577608,24.526613281486
Panasonic,Lumix DMC-GX7,901,1600,1216.0,44.561088249491,17.474936568427843,24.627498393269
Panasonic,Lumix DMC-GX7,901,1600,1216.0,45.572813786753,17.87169168107961,24.72607601192
Panasonic,Lumix DMC-GX7,901,1600,1216.0,46.584539324015,18.26844679373137,24.822448897012
Panasonic,Lumix DMC-GX7,901,1600,1216.0,47.596264861277,18.665201906383135,24.91671309571
Panasonic,Lumix DMC-GX7,901,1600,1216.0,48.607990398539,19.061957019034903,25.008958514754
Panasonic,Lumix DMC-GX7,901,1600,1216.0,49.619715935801,19.458712131686664,25.099269432804
Panasonic,Lumix DMC-GX7,901,1600,1216.0,50.631441473063,19.85546724433843,25.18772496046
Panasonic,Lumix DMC-GX7,901,1600,1216.0,51.643167010325,20.252222356990195,25.274399454233
Panasonic,Lumix DMC-GX7,901,1600,1216.0,52.654892547587,20.648977469641963,25.359362889883
Panasonic,Lumix DMC-GX7,901,1600,1216.0,53.666618084849,21.045732582293724,25.442681199838
Panasonic,Lumix DMC-GX7,901,1600,1216.0,54.678343622111,21.44248769494549,25.524416578734
Panasonic,Lumix DMC-GX7,901,1600,1216.0,55.690069159374,21.839242807597646,25.604627760644
Panasonic,Lumix DMC-GX7,901,1600,1216.0,56.701794696636,22.23599792024941,25.683370271075
Panasonic,Lumix DMC-GX7,901,1600,1216.0,57.713520233898,22.632753032901178,25.760696656446
Panasonic,Lumix DMC-GX7,901,1600,1216.0,58.72524577116,23.029508145552942,25.836656693409
Panasonic,Lumix DMC-GX7,901,1600,1216.0,59.736971308422,23.426263258204706,25.91129758011
Panasonic,Lumix DMC-GX7,901,1600,1216.0,60.748696845684,23.82301837085647,25.984664111226
Panasonic,Lumix DMC-GX7,901,1600,1216.0,61.760422382946,24.219773483508234,26.056798838399
Panasonic,Lumix DMC-GX7,901,1600,1216.0,62.772147920208,24.616528596160002,26.1277422175
Panasonic,Lumix DMC-GX7,901,1600,1216.0,63.78387345747,25.013283708811766,26.197532744016
Panasonic,Lumix DMC-GX7,901,1600,1216.0,64.795598994732,25.41003882146353,26.266207077671
Panasonic,Lumix DMC-GX7,901,1600,1216.0,65.807324531994,25.806793934115298,26.333800157301
Panasonic,Lumix DMC-GX7,901,1600,1216.0,66.819050069256,26.203549046767055,26.400345306892
Panasonic,Lumix DMC-GX7,901,1600,1216.0,67.830775606518,26.600304159418826,26.465874333566
Panasonic,Lumix DMC-GX7,901,1600,1216.0,68.84250114378,26.99705927207059,26.530417618252
Panasonic,Lumix DMC-GX7,901,1600,1216.0,69.854226681042,27.393814384722347,26.594004199681
Panasonic,Lumix DMC-GX7,901,1600,1216.0,70.865952218305,27.790569497374506,26.656661852294
Panasonic,Lumix DMC-GX7,901,1600,1216.0,71.877677755567,28.187324610026277,26.718417158566
Panasonic,Lumix DMC-GX7,901,1600,1216.0,72.889403292829,28.58407972267804,26.779295576249
Panasonic,Lumix DMC-GX7,901,1600,1216.0,73.901128830091,28.980834835329805,26.839321500923
Panasonic,Lumix DMC-GX7,901,1600,1216.0,74.912854367353,29.37758994798157,26.898518324273
Panasonic,Lumix DMC-GX7,901,1600,1216.0,75.924579904615,29.774345060633333,26.956908488414
Panasonic,Lumix DMC-GX7,901,1600,1216.0,76.936305441877,30.171100173285097,27.014513536594
Panasonic,Lumix DMC-GX7,901,1600,1216.0,77.948030979139,30.56785528593686,27.071354160561
Panasonic,Lumix DMC-GX7,901,1600,1216.0,78.959756516401,30.964610398588626,27.127450244847
Panasonic,Lumix DMC-GX7,901,1600,1216.0,79.971482053663,31.36136551124039,27.18282090821
Panasonic,Lumix DMC-GX7,901,1600,1216.0,80.983207590925,31.75812062389216,27.237484542452
Panasonic,Lumix DMC-GX7,901,1600,1216.0,81.994933128187,32.15487573654392,27.291458848812
Panasonic,Lumix DMC-GX7,901,1600,1216.0,83.006658665449,32.55163084919568,27.344760872101
Panasonic,Lumix DMC-GX7,901,1600,1216.0,84.018384202711,32.94838596184746,27.397407032765
Panasonic,Lumix DMC-GX7,901,1600,1216.0,85.030109739973,33.34514107449922,27.449413157002
Panasonic,Lumix DMC-GX7,901,1600,1216.0,86.041835277236,33.741896187151376,27.500794505099
Panasonic,Lumix DMC-GX7,901,1600,1216.0,87.053560814498,34.138651299803136,27.551565798084
Panasonic,Lumix DMC-GX7,901,1600,1216.0,88.06528635176,34.5354064124549,27.601741242842
Panasonic,Lumix DMC-GX7,901,1600,1216.0,89.077011889022,34.93216152510667,27.651334555777
Panasonic,Lumix DMC-GX7,901,1600,1216.0,90.088737426284,35.328916637758425,27.700358985131
Panasonic,Lumix DMC-GX7,901,1600,1216.0,91.100462963546,35.72567175041019,27.748827332049
Panasonic,Lumix DMC-GX7,901,1600,1216.0,92.112188500808,36.12242686306196,27.796751970469
Panasonic,Lumix DMC-GX7,901,1600,1216.0,93.12391403807,36.51918197571373,27.844144865922
Panasonic,Lumix DMC-GX7,901,1600,1216.0,94.135639575332,36.91593708836549,27.891017593307
Panasonic,Lumix DMC-GX7,901,1600,1216.0,95.147365112594,37.312692201017256,27.937381353711
Panasonic,Lumix DMC-GX7,901,1600,1216.0,96.159090649856,37.70944731366902,27.983246990332
Panasonic,Lumix DMC-GX7,901,1600,1216.0,97.170816187118,38.106202426320785,28.028625003565
Panasonic,Lumix DMC-GX7,901,1600,1216.0,98.18254172438,38.50295753897255,28.073525565296
Panasonic,Lumix DMC-GX7,901,1600,1216.0,99.194267261642,38.89971265162431,28.117958532468
Panasonic,Lumix DMC-GX7,901,1600,1216.0,100.2059927989,39.29646776427451,28.161933459946
Panasonic,Lumix DMC-GX7,901,1600,1216.0,101.21771833617,39.693222876929404,28.205459612736
Panasonic,Lumix DMC-GX7,901,1600,1216.0,102.22944387343,40.0899779895804,28.248545977589
Panasonic,Lumix DMC-GX7,901,1600,1216.0,103.24116941069,40.486733102231376,28.291201274034
Panasonic,Lumix DMC-GX7,901,1600,1216.0,104.25289494795,40.883488214882355,28.333433964869
Panasonic,Lumix DMC-GX7,901,1600,1216.0,105.26462048521,41.280243327533334,28.375252266136
Panasonic,Lumix DMC-GX7,901,1600,1216.0,106.27634602248,41.676998440188235,28.416664156626
Panasonic,Lumix DMC-GX7,901,1600,1216.0,107.28807155974,42.073753552839214,28.457677386924
Panasonic,Lumix DMC-GX7,901,1600,1216.0,108.299797097,42.47050866549019,28.498299488029
Panasonic,Lumix DMC-GX7,901,1600,1216.0,109.31152263426,42.86726377814118,28.538537779572
Panasonic,Lumix DMC-GX7,901,1600,1216.0,110.32324817153,43.26401889079608,28.578399377648
Panasonic,Lumix DMC-GX7,901,1600,1216.0,111.33497370879,43.66077400344706,28.617891202299
Panasonic,Lumix DMC-GX7,901,1600,1216.0,112.34669924605,44.05752911609804,28.657019984642
Panasonic,Lumix DMC-GX7,901,1600,1216.0,113.35842478331,44.45428422874902,28.695792273692
Panasonic,Lumix DMC-GX7,901,1600,1216.0,114.37015032057,44.8510393414,28.734214442865
Panasonic,Lumix DMC-GX7,901,1600,1216.0,115.38187585784,45.247794454054905,28.772292696203
Panasonic,Lumix DMC-GX7,901,1600,1216.0,116.3936013951,45.644549566705884,28.810033074321
Panasonic,Lumix DMC-GX7,901,1600,1216.0,117.40532693236,46.04130467935686,28.847441460097
Panasonic,Lumix DMC-GX7,901,1600,1216.0,118.41705246962,46.43805979200785,28.88452358412
Panasonic,Lumix DMC-GX7,901,1600,1216.0,119.42877800688,46.83481490465882,28.921285029893
Panasonic,Lumix DMC-GX7,901,1600,1216.0,120.44050354415,47.23157001731373,28.957731238832
Panasonic,Lumix DMC-GX7,901,1600,1216.0,121.45222908141,47.62832512996471,28.993867515039
Panasonic,Lumix DMC-GX7,901,1600,1216.0,122.46395461867,48.02508024261569,29.029699029892
Panasonic,Lumix DMC-GX7,901,1600,1216.0,123.47568015593,48.421835355266666,29.065230826425
Panasonic,Lumix DMC-GX7,901,1600,1216.0,124.48740569319,48.818590467917645,29.100467823552
Panasonic,Lumix DMC-GX7,901,1600,1216.0,125.49913123046,49.215345580572546,29.135414820097
Panasonic,Lumix DMC-GX7,901,1600,1216.0,126.51085676772,49.61210069322353,29.170076498678
Panasonic,Lumix DMC-GX7,901,1600,1216.0,127.52258230498,50.00885580587451,29.204457429423
Panasonic,Lumix DMC-GX7,901,1600,1216.0,128.53430784224,50.40561091852549,29.238562073551
Panasonic,Lumix DMC-GX7,901,1600,1216.0,129.5460333795,50.80236603117647,29.272394786798
Panasonic,Lumix DMC-GX7,901,1600,1216.0,130.55775891677,51.19912114383137,29.305959822724
Panasonic,Lumix DMC-GX7,901,1600,1216.0,131.56948445403,51.595876256482356,29.339261335875
Panasonic,Lumix DMC-GX7,901,1600,1216.0,132.58120999129,51.992631369133335,29.37230338484
Panasonic,Lumix DMC-GX7,901,1600,1216.0,133.59293552855,52.38938648178431,29.405089935179
Panasonic,Lumix DMC-GX7,901,1600,1216.0,134.60466106581,52.7861415944353,29.437624862245
Panasonic,Lumix DMC-GX7,901,1600,1216.0,135.61638660308,53.1828967070902,29.469911953903
Panasonic,Lumix DMC-GX7,901,1600,1216.0,136.62811214034,53.57965181974117,29.501954913136
Panasonic,Lumix DMC-GX7,901,1600,1216.0,137.6398376776,53.976406932392166,29.533757360571
Panasonic,Lumix DMC-GX7,901,1600,1216.0,138.65156321486,54.373162045043145,29.565322836897
Panasonic,Lumix DMC-GX7,901,1600,1216.0,139.66328875212,54.76991715769412,29.596654805203
Panasonic,Lumix DMC-GX7,901,1600,1216.0,140.67501428939,55.16667227034902,29.627756653229
Panasonic,Lumix DMC-GX7,901,1600,1216.0,141.68673982665,55.56342738300001,29.658631695537
Panasonic,Lumix DMC-GX7,901,1600,1216.0,142.69846536391,55.960182495650976,29.689283175601
Panasonic,Lumix DMC-GX7,901,1600,1216.0,143.71019090117,56.35693760830196,29.719714267828
Panasonic,Lumix DMC-GX7,901,1600,1216.0,144.72191643844,56.75369272095686,29.749928079504
Panasonic,Lumix DMC-GX7,901,1600,1216.0,145.7336419757,57.15044783360784,29.779927652671
Panasonic,Lumix DMC-GX7,901,1600,1216.0,146.74536751296,57.54720294625882,29.809715965945
Panasonic,Lumix DMC-GX7,901,1600,1216.0,147.75709305022,57.94395805890981,29.839295936264
Panasonic,Lumix DMC-GX7,901,1600,1216.0,148.76881858748,58.340713171560786,29.868670420578
Panasonic,Lumix DMC-GX7,901,1600,1216.0,149.78054412475,58.73746828421569,29.897842217489
Panasonic,Lumix DMC-GX7,901,1600,1216.0,150.79226966201,59.13422339686667,29.926814068818
Panasonic,Lumix DMC-GX7,901,1600,1216.0,151.80399519927,59.53097850951764,29.955588661144
Panasonic,Lumix DMC-GX7,901,1600,1216.0,152.81572073653,59.92773362216863,29.984168627266
Panasonic,Lumix DMC-GX7,901,1600,1216.0,153.82744627379,60.3244887348196,30.012556547637
Panasonic,Lumix DMC-GX7,901,1600,1216.0,154.83917181106,60.721243847474504,30.040754951739
Panasonic,Lumix DMC-GX7,901,1600,1216.0,155.85089734832,61.11799896012548,30.068766319416
Panasonic,Lumix DMC-GX7,901,1600,1216.0,156.86262288558,61.514754072776476,30.096593082168
Panasonic,Lumix DMC-GX7,901,1600,1216.0,157.87434842284,61.91150918542745,30.124237624393
Panasonic,Lumix DMC-GX7,901,1600,1216.0,158.8860739601,62.30826429807843,30.151702284605
Panasonic,Lumix DMC-GX7,901,1600,1216.0,159.89779949737,62.70501941073333,30.178989356593
Panasonic,Lumix DMC-GX7,901,1600,1216.0,160.90952503463,63.101774523384314,30.206101090564
Panasonic,Lumix DMC-GX7,901,1600,1216.0,161.92125057189,63.49852963603529,30.233039694233
Panasonic,Lumix DMC-GX7,901,1600,1216.0,162.93297610915,63.89528474868628,30.259807333889
Panasonic,Lumix DMC-GX7,901,1600,1216.0,163.94470164641,64.29203986133726,30.286406135428
Panasonic,Lumix DMC-GX7,901,1600,1216.0,164.95642718368,64.68879497399216,30.312838185344
Panasonic,Lumix DMC-GX7,901,1600,1216.0,165.96815272094,65.08555008664314,30.339105531702
Panasonic,Lumix DMC-GX7,901,1600,1216.0,166.9798782582,65.48230519929412,30.365210185075
Panasonic,Lumix DMC-GX7,901,1600,1216.0,167.99160379546,65.8790603119451,30.391154119452
Panasonic,Lumix DMC-GX7,901,1600,1216.0,169.00332933272,66.27581542459608,30.416939273123
Panasonic,Lumix DMC-GX7,901,1600,1216.0,170.01505486999,66.67257053725098,30.442567549531
Panasonic,Lumix DMC-GX7,901,1600,1216.0,171.02678040725,67.06932564990196,30.468040818105
Panasonic,Lumix DMC-GX7,901,1600,1216.0,172.03850594451,67.46608076255295,30.493360915063
Panasonic,Lumix DMC-GX7,901,1600,1216.0,173.05023148177,67.86283587520391,30.5185296442
Panasonic,Lumix DMC-GX7,901,1600,1216.0,174.06195701904,68.25959098785881,30.543548777637
Panasonic,Lumix DMC-GX7,901,1600,1216.0,175.0736825563,68.65634610050981,30.568420056569
Panasonic,Lumix DMC-GX7,901,1600,1216.0,176.08540809356,69.05310121316079,30.593145191971
Panasonic,Lumix DMC-GX7,901,1600,1216.0,177.09713363082,69.44985632581177,30.617725865301
Panasonic,Lumix DMC-GX7,901,1600,1216.0,178.10885916808,69.84661143846273,30.64216372917
Panasonic,Lumix DMC-GX7,901,1600,1216.0,179.12058470535,70.24336655111765,30.666460407999
Panasonic,Lumix DMC-GX7,901,1600,1216.0,180.13231024261,70.64012166376862,30.690617498658
Panasonic,Lumix DMC-GX7,901,1600,1216.0,181.14403577987,71.0368767764196,30.714636571086
Panasonic,Lumix DMC-GX7,901,1600,1216.0,182.15576131713,71.43363188907058,30.73851916889
Panasonic,Lumix DMC-GX7,901,1600,1216.0,183.16748685439,71.83038700172158,30.762266809933
Panasonic,Lumix DMC-GX7,901,1600,1216.0,184.17921239166,72.22714211437648,30.785880986902
Panasonic,Lumix DMC-GX7,901,1600,1216.0,185.19093792892,72.62389722702744,30.809363167865
Panasonic,Lumix DMC-GX7,901,1600,1216.0,186.20266346618,73.02065233967843,30.832714796804
Panasonic,Lumix DMC-GX7,901,1600,1216.0,187.21438900344,73.41740745232941,30.855937294144
Panasonic,Lumix DMC-GX7,901,1600,1216.0,188.2261145407,73.81416256498039,30.87903205726
Panasonic,Lumix DMC-GX7,901,1600,1216.0,189.23784007797,74.2109176776353,30.902000460971
Panasonic,Lumix DMC-GX7,901,1600,1216.0,190.24956561523,74.60767279028629,30.92484385803
Panasonic,Lumix DMC-GX7,901,1600,1216.0,191.26129115249,75.00442790293725,30.947563579586
Panasonic,Lumix DMC-GX7,901,1600,1216.0,192.27301668975,75.40118301558823,30.970160935645
Panasonic,Lumix DMC-GX7,901,1600,1216.0,193.28474222701,75.79793812823922,30.992637215515
Panasonic,Lumix DMC-GX7,901,1600,1216.0,194.29646776428,76.19469324089411,31.014993688242
Panasonic,Lumix DMC-GX7,901,1600,1216.0,195.30819330154,76.5914483535451,31.037231603026
Panasonic,Lumix DMC-GX7,901,1600,1216.0,196.3199188388,76.98820346619607,31.059352189641
Panasonic,Lumix DMC-GX7,901,1600,1216.0,197.33164437606,77.38495857884706,31.081356658828
Panasonic,Lumix DMC-GX7,901,1600,1216.0,198.34336991332,77.78171369149804,31.103246202693
Panasonic,Lumix DMC-GX7,901,1600,1216.0,199.35509545059,78.17846880415294,31.125021995079
Panasonic,Lumix DMC-GX7,901,1600,1216.0,200.36682098785,78.57522391680392,31.146685191947
Panasonic,Lumix DMC-GX7,901,1600,1216.0,201.37854652511,78.97197902945491,31.168236931728
Panasonic,Lumix DMC-GX7,901,1600,1216.0,202.39027206237,79.36873414210588,31.189678335682
Panasonic,Lumix DMC-GX7,901,1600,1216.0,203.40199759964,79.76548925476078,31.211010508239
Panasonic,Lumix DMC-GX7,901,1600,1216.0,204.4137231369,80.16224436741176,31.232234537334
Panasonic,Lumix DMC-GX7,901,1600,1216.0,205.42544867416,80.55899948006275,31.253351494736
Panasonic,Lumix DMC-GX7,901,1600,1216.0,206.43717421142,80.95575459271373,31.274362436363
Panasonic,Lumix DMC-GX7,901,1600,1216.0,207.44889974868,81.35250970536471,31.295268402597
Panasonic,Lumix DMC-GX7,901,1600,1216.0,208.46062528595,81.74926481801961,31.316070418584
Panasonic,Lumix DMC-GX7,901,1600,1216.0,209.47235082321,82.14601993067059,31.336769494533
Panasonic,Lumix DMC-GX7,901,1600,1216.0,210.48407636047,82.54277504332157,31.357366626002
Panasonic,Lumix DMC-GX7,901,1600,1216.0,211.49580189773,82.93953015597253,31.377862794182
Panasonic,Lumix DMC-GX7,901,1600,1216.0,212.50752743499,83.33628526862353,31.398258966171
Panasonic,Lumix DMC-GX7,901,1600,1216.0,213.51925297226,83.73304038127843,31.418556095243
Panasonic,Lumix DMC-GX7,901,1600,1216.0,214.53097850952,84.12979549392942,31.43875512111
Panasonic,Lumix DMC-GX7,901,1600,1216.0,215.54270404678,84.52655060658039,31.458856970179
Panasonic,Lumix DMC-GX7,901,1600,1216.0,216.55442958404,84.92330571923138,31.478862555799
Panasonic,Lumix DMC-GX7,901,1600,1216.0,217.5661551213,85.32006083188234,31.49877277851
Panasonic,Lumix DMC-GX7,901,1600,1216.0,218.57788065857,85.71681594453725,31.518588526277
Panasonic,Lumix DMC-GX7,901,1600,1216.0,219.58960619583,86.11357105718824,31.538310674726
Panasonic,Lumix DMC-GX7,901,1600,1216.0,220.60133173309,86.51032616983922,31.55794008737
Panasonic,Lumix DMC-GX7,901,1600,1216.0,221.61305727035,86.9070812824902,31.577477615832
Panasonic,Lumix DMC-GX7,901,1600,1216.0,222.62478280761,87.30383639514118,31.596924100062
Panasonic,Lumix DMC-GX7,901,1600,1216.0,223.63650834488,87.70059150779609,31.616280368548
Panasonic,Lumix DMC-GX7,901,1600,1216.0,224.64823388214,88.09734662044706,31.635547238528
Panasonic,Lumix DMC-GX7,901,1600,1216.0,225.6599594194,88.49410173309803,31.654725516187
Panasonic,Lumix DMC-GX7,901,1600,1216.0,226.67168495666,88.89085684574901,31.673815996861
Panasonic,Lumix DMC-GX7,901,1600,1216.0,227.68341049392,89.2876119584,31.692819465224
Panasonic,Lumix DMC-GX7,901,1600,1216.0,228.69513603119,89.68436707105491,31.711736695486
Panasonic,Lumix DMC-GX7,901,1600,1216.0,229.70686156845,90.08112218370587,31.730568451571
Panasonic,Lumix DMC-GX7,901,1600,1216.0,230.71858710571,90.47787729635685,31.749315487304
Panasonic,Lumix DMC-GX7,901,1600,1216.0,231.73031264297,90.87463240900784,31.767978546582
Panasonic,Lumix DMC-GX7,901,1600,1216.0,232.74203818024,91.27138752166275,31.786558363555
Panasonic,Lumix DMC-GX7,901,1600,1216.0,233.7537637175,91.66814263431372,31.805055662789
Panasonic,Lumix DMC-GX7,901,1600,1216.0,234.76548925476,92.06489774696472,31.823471159436
Panasonic,Lumix DMC-GX7,901,1600,1216.0,235.77721479202,92.46165285961568,31.841805559395
Panasonic,Lumix DMC-GX7,901,1600,1216.0,236.78894032928,92.85840797226666,31.860059559471
Panasonic,Lumix DMC-GX7,901,1600,1216.0,237.80066586655,93.25516308492156,31.878233847531
Panasonic,Lumix DMC-GX7,901,1600,1216.0,238.81239140381,93.65191819757254,31.896329102654
Panasonic,Lumix DMC-GX7,901,1600,1216.0,239.82411694107,94.04867331022353,31.914345995286
Panasonic,Lumix DMC-GX7,901,1600,1216.0,240.83584247833,94.44542842287451,31.932285187376
Panasonic,Lumix DMC-GX7,901,1600,1216.0,241.84756801559,94.84218353552549,31.95014733253
Panasonic,Lumix DMC-GX7,901,1600,1216.0,242.85929355286,95.2389386481804,31.967933076143
Panasonic,Lumix DMC-GX7,901,1600,1216.0,243.87101909012,95.63569376083137,31.985643055536
Panasonic,Lumix DMC-GX7,901,1600,1216.0,244.88274462738,96.03244887348235,32.003277900096
Panasonic,Lumix DMC-GX7,901,1600,1216.0,245.89447016464,96.42920398613334,32.020838231401
Panasonic,Lumix DMC-GX7,901,1600,1216.0,246.9061957019,96.82595909878432,32.038324663353
Panasonic,Lumix DMC-GX7,901,1600,1216.0,247.91792123917,97.22271421143923,32.055737802299
Panasonic,Lumix DMC-GX7,901,1600,1216.0,248.92964677643,97.61946932409019,32.073078247161
Panasonic,Lumix DMC-GX7,901,1600,1216.0,249.94137231369,98.01622443674118,32.090346589551
Panasonic,Lumix DMC-GX7,901,1600,1216.0,250.95309785095,98.41297954939215,32.107543413891
Panasonic,Lumix DMC-GX7,901,1600,1216.0,251.96482338821,98.80973466204314,32.124669297532
Panasonic,Lumix DMC-GX7,901,1600,1216.0,252.97654892548,99.20648977469804,32.141724810863
Panasonic,Lumix DMC-GX7,901,1600,1216.0,253.98827446274,99.60324488734902,32.158710517426
Panasonic,Lumix DMC-GX7,901,1600,1216.0,255,100.0,32.175626974023
Panasonic,Lumix DMC-GX7,901,3200,2425.0,0.67850266665134,0.26607947711817254,0
Panasonic,Lumix DMC-GX7,901,3200,2425.0,1.1876304024988,0.46573741274462743,3.6106589427471
Panasonic,Lumix DMC-GX7,901,3200,2425.0,2.237925620216,0.8776178902807843,7.3050114924271
Panasonic,Lumix DMC-GX7,901,3200,2425.0,5.1037922962703,2.001487175007961,11.611021122913
Panasonic,Lumix DMC-GX7,901,3200,2425.0,6.1155178335324,2.3982422876597647,12.499540108241
Panasonic,Lumix DMC-GX7,901,3200,2425.0,7.1272433707944,2.794997400311529,13.239746653662
Panasonic,Lumix DMC-GX7,901,3200,2425.0,8.1389689080565,3.1917525129633333,13.873647256493
Panasonic,Lumix DMC-GX7,901,3200,2425.0,9.1506944453186,3.5885076256151374,14.427709189069
Panasonic,Lumix DMC-GX7,901,3200,2425.0,10.162419982581,3.9852627382670582,14.919657182286
Panasonic,Lumix DMC-GX7,901,3200,2425.0,11.174145519843,4.382017850918824,15.36192923692
Panasonic,Lumix DMC-GX7,901,3200,2425.0,12.185871057105,4.778772963570589,15.763582449933
Panasonic,Lumix DMC-GX7,901,3200,2425.0,13.197596594367,5.175528076222354,16.131412984934
Panasonic,Lumix DMC-GX7,901,3200,2425.0,14.209322131629,5.572283188874117,16.470648756409
Panasonic,Lumix DMC-GX7,901,3200,2425.0,15.221047668891,5.969038301525882,16.785396257636
Panasonic,Lumix DMC-GX7,901,3200,2425.0,16.232773206153,6.365793414177647,17.078939140516
Panasonic,Lumix DMC-GX7,901,3200,2425.0,17.244498743415,6.762548526829412,17.353943807482
Panasonic,Lumix DMC-GX7,901,3200,2425.0,18.256224280677,7.159303639481177,17.612604678853
Panasonic,Lumix DMC-GX7,901,3200,2425.0,19.267949817939,7.556058752132942,17.856749169248
Panasonic,Lumix DMC-GX7,901,3200,2425.0,20.279675355201,7.952813864784707,18.087915060578
Panasonic,Lumix DMC-GX7,901,3200,2425.0,21.291400892463,8.34956897743647,18.307408535457
Panasonic,Lumix DMC-GX7,901,3200,2425.0,22.303126429725,8.746324090088235,18.516348388699
Panasonic,Lumix DMC-GX7,901,3200,2425.0,23.314851966987,9.14307920274,18.715700183192
Panasonic,Lumix DMC-GX7,901,3200,2425.0,24.32657750425,9.539834315392156,18.906302972274
Panasonic,Lumix DMC-GX7,901,3200,2425.0,25.338303041512,9.936589428043922,19.08889044698
Panasonic,Lumix DMC-GX7,901,3200,2425.0,26.350028578774,10.333344540695686,19.264107846679
Panasonic,Lumix DMC-GX7,901,3200,2425.0,27.361754116036,10.730099653347452,19.432525611401
Panasonic,Lumix DMC-GX7,901,3200,2425.0,28.373479653298,11.126854765999216,19.594650500612
Panasonic,Lumix DMC-GX7,901,3200,2425.0,29.38520519056,11.523609878650982,19.750934721968
Panasonic,Lumix DMC-GX7,901,3200,2425.0,30.396930727822,11.920364991302746,19.901783482328
Panasonic,Lumix DMC-GX7,901,3200,2425.0,31.408656265084,12.31712010395451,20.04756127707
Panasonic,Lumix DMC-GX7,901,3200,2425.0,32.420381802346,12.713875216606274,20.188597162317
Panasonic,Lumix DMC-GX7,901,3200,2425.0,33.432107339608,13.110630329258042,20.325189201133
Panasonic,Lumix DMC-GX7,901,3200,2425.0,34.44383287687,13.507385441909802,20.457608234158
Panasonic,Lumix DMC-GX7,901,3200,2425.0,35.455558414132,13.90414055456157,20.586101094153
Panasonic,Lumix DMC-GX7,901,3200,2425.0,36.467283951394,14.300895667213334,20.710893359984
Panasonic,Lumix DMC-GX7,901,3200,2425.0,37.479009488656,14.697650779865096,20.832191726979
Panasonic,Lumix DMC-GX7,901,3200,2425.0,38.490735025918,15.094405892516862,20.950186056001
Panasonic,Lumix DMC-GX7,901,3200,2425.0,39.50246056318,15.491161005168626,21.065051152102
Panasonic,Lumix DMC-GX7,901,3200,2425.0,40.514186100443,15.887916117820783,21.176948314438
Panasonic,Lumix DMC-GX7,901,3200,2425.0,41.525911637705,16.28467123047255,21.286026691864
Panasonic,Lumix DMC-GX7,901,3200,2425.0,42.537637174967,16.681426343124315,21.392424472695
Panasonic,Lumix DMC-GX7,901,3200,2425.0,43.549362712229,17.07818145577608,21.496269932402
Panasonic,Lumix DMC-GX7,901,3200,2425.0,44.561088249491,17.474936568427843,21.597682359095
Panasonic,Lumix DMC-GX7,901,3200,2425.0,45.572813786753,17.87169168107961,21.696772873527
Panasonic,Lumix DMC-GX7,901,3200,2425.0,46.584539324015,18.26844679373137,21.793645157692
Panasonic,Lumix DMC-GX7,901,3200,2425.0,47.596264861277,18.665201906383135,21.888396103996
Panasonic,Lumix DMC-GX7,901,3200,2425.0,48.607990398539,19.061957019034903,21.981116395144
Panasonic,Lumix DMC-GX7,901,3200,2425.0,49.619715935801,19.458712131686664,22.071891023446
Panasonic,Lumix DMC-GX7,901,3200,2425.0,50.631441473063,19.85546724433843,22.160799756964
Panasonic,Lumix DMC-GX7,901,3200,2425.0,51.643167010325,20.252222356990195,22.247917558906
Panasonic,Lumix DMC-GX7,901,3200,2425.0,52.654892547587,20.648977469641963,22.333314965775
Panasonic,Lumix DMC-GX7,901,3200,2425.0,53.666618084849,21.045732582293724,22.417058429054
Panasonic,Lumix DMC-GX7,901,3200,2425.0,54.678343622111,21.44248769494549,22.499210624553
Panasonic,Lumix DMC-GX7,901,3200,2425.0,55.690069159374,21.839242807597646,22.579830733028
Panasonic,Lumix DMC-GX7,901,3200,2425.0,56.701794696636,22.23599792024941,22.658974695218
Panasonic,Lumix DMC-GX7,901,3200,2425.0,57.713520233898,22.632753032901178,22.73669544404
Panasonic,Lumix DMC-GX7,901,3200,2425.0,58.72524577116,23.029508145552942,22.813043116354
Panasonic,Lumix DMC-GX7,901,3200,2425.0,59.736971308422,23.426263258204706,22.888065246426
Panasonic,Lumix DMC-GX7,901,3200,2425.0,60.748696845684,23.82301837085647,22.961806942939
Panasonic,Lumix DMC-GX7,901,3200,2425.0,61.760422382946,24.219773483508234,23.034311051219
Panasonic,Lumix DMC-GX7,901,3200,2425.0,62.772147920208,24.616528596160002,23.105618302119
Panasonic,Lumix DMC-GX7,901,3200,2425.0,63.78387345747,25.013283708811766,23.175767448869
Panasonic,Lumix DMC-GX7,901,3200,2425.0,64.795598994732,25.41003882146353,23.244795393027
Panasonic,Lumix DMC-GX7,901,3200,2425.0,65.807324531994,25.806793934115298,23.312737300565
Panasonic,Lumix DMC-GX7,901,3200,2425.0,66.819050069256,26.203549046767055,23.379626709003
Panasonic,Lumix DMC-GX7,901,3200,2425.0,67.830775606518,26.600304159418826,23.445495626403
Panasonic,Lumix DMC-GX7,901,3200,2425.0,68.84250114378,26.99705927207059,23.510374622952
Panasonic,Lumix DMC-GX7,901,3200,2425.0,69.854226681042,27.393814384722347,23.574292915795
Panasonic,Lumix DMC-GX7,901,3200,2425.0,70.865952218305,27.790569497374506,23.637278447705
Panasonic,Lumix DMC-GX7,901,3200,2425.0,71.877677755567,28.187324610026277,23.699357960118
Panasonic,Lumix DMC-GX7,901,3200,2425.0,72.889403292829,28.58407972267804,23.760557061008
Panasonic,Lumix DMC-GX7,901,3200,2425.0,73.901128830091,28.980834835329805,23.820900288041
Panasonic,Lumix DMC-GX7,901,3200,2425.0,74.912854367353,29.37758994798157,23.880411167386
Panasonic,Lumix DMC-GX7,901,3200,2425.0,75.924579904615,29.774345060633333,23.93911226855
Panasonic,Lumix DMC-GX7,901,3200,2425.0,76.936305441877,30.171100173285097,23.997025255537
Panasonic,Lumix DMC-GX7,901,3200,2425.0,77.948030979139,30.56785528593686,24.054170934643
Panasonic,Lumix DMC-GX7,901,3200,2425.0,78.959756516401,30.964610398588626,24.110569299133
Panasonic,Lumix DMC-GX7,901,3200,2425.0,79.971482053663,31.36136551124039,24.166239571052
Panasonic,Lumix DMC-GX7,901,3200,2425.0,80.983207590925,31.75812062389216,24.221200240374
Panasonic,Lumix DMC-GX7,901,3200,2425.0,81.994933128187,32.15487573654392,24.275469101709
Panasonic,Lumix DMC-GX7,901,3200,2425.0,83.006658665449,32.55163084919568,24.329063288732
Panasonic,Lumix DMC-GX7,901,3200,2425.0,84.018384202711,32.94838596184746,24.381999306508
Panasonic,Lumix DMC-GX7,901,3200,2425.0,85.030109739973,33.34514107449922,24.434293061869
Panasonic,Lumix DMC-GX7,901,3200,2425.0,86.041835277236,33.741896187151376,24.485959891968
Panasonic,Lumix DMC-GX7,901,3200,2425.0,87.053560814498,34.138651299803136,24.537014591168
Panasonic,Lumix DMC-GX7,901,3200,2425.0,88.06528635176,34.5354064124549,24.587471436341
Panasonic,Lumix DMC-GX7,901,3200,2425.0,89.077011889022,34.93216152510667,24.637344210728
Panasonic,Lumix DMC-GX7,901,3200,2425.0,90.088737426284,35.328916637758425,24.686646226433
Panasonic,Lumix DMC-GX7,901,3200,2425.0,91.100462963546,35.72567175041019,24.735390345647
Panasonic,Lumix DMC-GX7,901,3200,2425.0,92.112188500808,36.12242686306196,24.783589000697
Panasonic,Lumix DMC-GX7,901,3200,2425.0,93.12391403807,36.51918197571373,24.831254212986
Panasonic,Lumix DMC-GX7,901,3200,2425.0,94.135639575332,36.91593708836549,24.878397610902
Panasonic,Lumix DMC-GX7,901,3200,2425.0,95.147365112594,37.312692201017256,24.925030446766
Panasonic,Lumix DMC-GX7,901,3200,2425.0,96.159090649856,37.70944731366902,24.97116361287
Panasonic,Lumix DMC-GX7,901,3200,2425.0,97.170816187118,38.106202426320785,25.016807656673
Panasonic,Lumix DMC-GX7,901,3200,2425.0,98.18254172438,38.50295753897255,25.061972795205
Panasonic,Lumix DMC-GX7,901,3200,2425.0,99.194267261642,38.89971265162431,25.106668928721
Panasonic,Lumix DMC-GX7,901,3200,2425.0,100.2059927989,39.29646776427451,25.150905653667
Panasonic,Lumix DMC-GX7,901,3200,2425.0,101.21771833617,39.693222876929404,25.194692274974
Panasonic,Lumix DMC-GX7,901,3200,2425.0,102.22944387343,40.0899779895804,25.238037817757
Panasonic,Lumix DMC-GX7,901,3200,2425.0,103.24116941069,40.486733102231376,25.280951038411
Panasonic,Lumix DMC-GX7,901,3200,2425.0,104.25289494795,40.883488214882355,25.32344043518
Panasonic,Lumix DMC-GX7,901,3200,2425.0,105.26462048521,41.280243327533334,25.365514258203
Panasonic,Lumix DMC-GX7,901,3200,2425.0,106.27634602248,41.676998440188235,25.407180519076
Panasonic,Lumix DMC-GX7,901,3200,2425.0,107.28807155974,42.073753552839214,25.448446999963
Panasonic,Lumix DMC-GX7,901,3200,2425.0,108.299797097,42.47050866549019,25.489321262267
Panasonic,Lumix DMC-GX7,901,3200,2425.0,109.31152263426,42.86726377814118,25.529810654909
Panasonic,Lumix DMC-GX7,901,3200,2425.0,110.32324817153,43.26401889079608,25.569922322206
Panasonic,Lumix DMC-GX7,901,3200,2425.0,111.33497370879,43.66077400344706,25.609663211402
Panasonic,Lumix DMC-GX7,901,3200,2425.0,112.34669924605,44.05752911609804,25.649040079847
Panasonic,Lumix DMC-GX7,901,3200,2425.0,113.35842478331,44.45428422874902,25.688059501854
Panasonic,Lumix DMC-GX7,901,3200,2425.0,114.37015032057,44.8510393414,25.72672787525
Panasonic,Lumix DMC-GX7,901,3200,2425.0,115.38187585784,45.247794454054905,25.76505142764
Panasonic,Lumix DMC-GX7,901,3200,2425.0,116.3936013951,45.644549566705884,25.803036222385
Panasonic,Lumix DMC-GX7,901,3200,2425.0,117.40532693236,46.04130467935686,25.840688164334
Panasonic,Lumix DMC-GX7,901,3200,2425.0,118.41705246962,46.43805979200785,25.878013005295
Panasonic,Lumix DMC-GX7,901,3200,2425.0,119.42877800688,46.83481490465882,25.915016349282
Panasonic,Lumix DMC-GX7,901,3200,2425.0,120.44050354415,47.23157001731373,25.951703657534
Panasonic,Lumix DMC-GX7,901,3200,2425.0,121.45222908141,47.62832512996471,25.988080253323
Panasonic,Lumix DMC-GX7,901,3200,2425.0,122.46395461867,48.02508024261569,26.024151326563
Panasonic,Lumix DMC-GX7,901,3200,2425.0,123.47568015593,48.421835355266666,26.059921938225
Panasonic,Lumix DMC-GX7,901,3200,2425.0,124.48740569319,48.818590467917645,26.095397024577
Panasonic,Lumix DMC-GX7,901,3200,2425.0,125.49913123046,49.215345580572546,26.130581401243
Panasonic,Lumix DMC-GX7,901,3200,2425.0,126.51085676772,49.61210069322353,26.165479767106
Panasonic,Lumix DMC-GX7,901,3200,2425.0,127.52258230498,50.00885580587451,26.200096708049
Panasonic,Lumix DMC-GX7,901,3200,2425.0,128.53430784224,50.40561091852549,26.234436700549
Panasonic,Lumix DMC-GX7,901,3200,2425.0,129.5460333795,50.80236603117647,26.26850411513
Panasonic,Lumix DMC-GX7,901,3200,2425.0,130.55775891677,51.19912114383137,26.30230321968
Panasonic,Lumix DMC-GX7,901,3200,2425.0,131.56948445403,51.595876256482356,26.33583818264
Panasonic,Lumix DMC-GX7,901,3200,2425.0,132.58120999129,51.992631369133335,26.369113076068
Panasonic,Lumix DMC-GX7,901,3200,2425.0,133.59293552855,52.38938648178431,26.402131878592
Panasonic,Lumix DMC-GX7,901,3200,2425.0,134.60466106581,52.7861415944353,26.43489847824
Panasonic,Lumix DMC-GX7,901,3200,2425.0,135.61638660308,53.1828967070902,26.467416675174
Panasonic,Lumix DMC-GX7,901,3200,2425.0,136.62811214034,53.57965181974117,26.499690184318
Panasonic,Lumix DMC-GX7,901,3200,2425.0,137.6398376776,53.976406932392166,26.531722637884
Panasonic,Lumix DMC-GX7,901,3200,2425.0,138.65156321486,54.373162045043145,26.563517587814
Panasonic,Lumix DMC-GX7,901,3200,2425.0,139.66328875212,54.76991715769412,26.595078508127
Panasonic,Lumix DMC-GX7,901,3200,2425.0,140.67501428939,55.16667227034902,26.626408797177
Panasonic,Lumix DMC-GX7,901,3200,2425.0,141.68673982665,55.56342738300001,26.657511779839
Panasonic,Lumix DMC-GX7,901,3200,2425.0,142.69846536391,55.960182495650976,26.688390709613
Panasonic,Lumix DMC-GX7,901,3200,2425.0,143.71019090117,56.35693760830196,26.719048770647
Panasonic,Lumix DMC-GX7,901,3200,2425.0,144.72191643844,56.75369272095686,26.7494890797
Panasonic,Lumix DMC-GX7,901,3200,2425.0,145.7336419757,57.15044783360784,26.779714688024
Panasonic,Lumix DMC-GX7,901,3200,2425.0,146.74536751296,57.54720294625882,26.809728583193
Panasonic,Lumix DMC-GX7,901,3200,2425.0,147.75709305022,57.94395805890981,26.839533690859
Panasonic,Lumix DMC-GX7,901,3200,2425.0,148.76881858748,58.340713171560786,26.869132876452
Panasonic,Lumix DMC-GX7,901,3200,2425.0,149.78054412475,58.73746828421569,26.898528946821
Panasonic,Lumix DMC-GX7,901,3200,2425.0,150.79226966201,59.13422339686667,26.927724651821
Panasonic,Lumix DMC-GX7,901,3200,2425.0,151.80399519927,59.53097850951764,26.956722685847
Panasonic,Lumix DMC-GX7,901,3200,2425.0,152.81572073653,59.92773362216863,26.985525689311
Panasonic,Lumix DMC-GX7,901,3200,2425.0,153.82744627379,60.3244887348196,27.014136250077
Panasonic,Lumix DMC-GX7,901,3200,2425.0,154.83917181106,60.721243847474504,27.042556904847
Panasonic,Lumix DMC-GX7,901,3200,2425.0,155.85089734832,61.11799896012548,27.070790140501
Panasonic,Lumix DMC-GX7,901,3200,2425.0,156.86262288558,61.514754072776476,27.09883839539
Panasonic,Lumix DMC-GX7,901,3200,2425.0,157.87434842284,61.91150918542745,27.126704060593
Panasonic,Lumix DMC-GX7,901,3200,2425.0,158.8860739601,62.30826429807843,27.15438948113
Panasonic,Lumix DMC-GX7,901,3200,2425.0,159.89779949737,62.70501941073333,27.181896957139
Panasonic,Lumix DMC-GX7,901,3200,2425.0,160.90952503463,63.101774523384314,27.209228745011
Panasonic,Lumix DMC-GX7,901,3200,2425.0,161.92125057189,63.49852963603529,27.236387058496
Panasonic,Lumix DMC-GX7,901,3200,2425.0,162.93297610915,63.89528474868628,27.263374069768
Panasonic,Lumix DMC-GX7,901,3200,2425.0,163.94470164641,64.29203986133726,27.290191910459
Panasonic,Lumix DMC-GX7,901,3200,2425.0,164.95642718368,64.68879497399216,27.316842672667
Panasonic,Lumix DMC-GX7,901,3200,2425.0,165.96815272094,65.08555008664314,27.343328409918
Panasonic,Lumix DMC-GX7,901,3200,2425.0,166.9798782582,65.48230519929412,27.369651138119
Panasonic,Lumix DMC-GX7,901,3200,2425.0,167.99160379546,65.8790603119451,27.395812836464
Panasonic,Lumix DMC-GX7,901,3200,2425.0,169.00332933272,66.27581542459608,27.421815448321
Panasonic,Lumix DMC-GX7,901,3200,2425.0,170.01505486999,66.67257053725098,27.447660882095
Panasonic,Lumix DMC-GX7,901,3200,2425.0,171.02678040725,67.06932564990196,27.473351012059
Panasonic,Lumix DMC-GX7,901,3200,2425.0,172.03850594451,67.46608076255295,27.498887679161
Panasonic,Lumix DMC-GX7,901,3200,2425.0,173.05023148177,67.86283587520391,27.524272691816
Panasonic,Lumix DMC-GX7,901,3200,2425.0,174.06195701904,68.25959098785881,27.549507826659
Panasonic,Lumix DMC-GX7,901,3200,2425.0,175.0736825563,68.65634610050981,27.574594829294
Panasonic,Lumix DMC-GX7,901,3200,2425.0,176.08540809356,69.05310121316079,27.599535415007
Panasonic,Lumix DMC-GX7,901,3200,2425.0,177.09713363082,69.44985632581177,27.624331269464
Panasonic,Lumix DMC-GX7,901,3200,2425.0,178.10885916808,69.84661143846273,27.648984049395
Panasonic,Lumix DMC-GX7,901,3200,2425.0,179.12058470535,70.24336655111765,27.673495383243
Panasonic,Lumix DMC-GX7,901,3200,2425.0,180.13231024261,70.64012166376862,27.697866871812
Panasonic,Lumix DMC-GX7,901,3200,2425.0,181.14403577987,71.0368767764196,27.722100088886
Panasonic,Lumix DMC-GX7,901,3200,2425.0,182.15576131713,71.43363188907058,27.746196581835
Panasonic,Lumix DMC-GX7,901,3200,2425.0,183.16748685439,71.83038700172158,27.7701578722
Panasonic,Lumix DMC-GX7,901,3200,2425.0,184.17921239166,72.22714211437648,27.793985456267
Panasonic,Lumix DMC-GX7,901,3200,2425.0,185.19093792892,72.62389722702744,27.817680805622
Panasonic,Lumix DMC-GX7,901,3200,2425.0,186.20266346618,73.02065233967843,27.841245367694
Panasonic,Lumix DMC-GX7,901,3200,2425.0,187.21438900344,73.41740745232941,27.864680566275
Panasonic,Lumix DMC-GX7,901,3200,2425.0,188.2261145407,73.81416256498039,27.887987802039
Panasonic,Lumix DMC-GX7,901,3200,2425.0,189.23784007797,74.2109176776353,27.911168453035
Panasonic,Lumix DMC-GX7,901,3200,2425.0,190.24956561523,74.60767279028629,27.934223875173
Panasonic,Lumix DMC-GX7,901,3200,2425.0,191.26129115249,75.00442790293725,27.957155402696
Panasonic,Lumix DMC-GX7,901,3200,2425.0,192.27301668975,75.40118301558823,27.979964348638
Panasonic,Lumix DMC-GX7,901,3200,2425.0,193.28474222701,75.79793812823922,28.002652005274
Panasonic,Lumix DMC-GX7,901,3200,2425.0,194.29646776428,76.19469324089411,28.025219644551
Panasonic,Lumix DMC-GX7,901,3200,2425.0,195.30819330154,76.5914483535451,28.047668518516
Panasonic,Lumix DMC-GX7,901,3200,2425.0,196.3199188388,76.98820346619607,28.069999859726
Panasonic,Lumix DMC-GX7,901,3200,2425.0,197.33164437606,77.38495857884706,28.092214881655
Panasonic,Lumix DMC-GX7,901,3200,2425.0,198.34336991332,77.78171369149804,28.114314779079
Panasonic,Lumix DMC-GX7,901,3200,2425.0,199.35509545059,78.17846880415294,28.136300728464
Panasonic,Lumix DMC-GX7,901,3200,2425.0,200.36682098785,78.57522391680392,28.158173888335
Panasonic,Lumix DMC-GX7,901,3200,2425.0,201.37854652511,78.97197902945491,28.17993539964
Panasonic,Lumix DMC-GX7,901,3200,2425.0,202.39027206237,79.36873414210588,28.201586386106
Panasonic,Lumix DMC-GX7,901,3200,2425.0,203.40199759964,79.76548925476078,28.223127954579
Panasonic,Lumix DMC-GX7,901,3200,2425.0,204.4137231369,80.16224436741176,28.244561195364
Panasonic,Lumix DMC-GX7,901,3200,2425.0,205.42544867416,80.55899948006275,28.265887182552
Panasonic,Lumix DMC-GX7,901,3200,2425.0,206.43717421142,80.95575459271373,28.287106974341
Panasonic,Lumix DMC-GX7,901,3200,2425.0,207.44889974868,81.35250970536471,28.308221613345
Panasonic,Lumix DMC-GX7,901,3200,2425.0,208.46062528595,81.74926481801961,28.329232126902
Panasonic,Lumix DMC-GX7,901,3200,2425.0,209.47235082321,82.14601993067059,28.350139527369
Panasonic,Lumix DMC-GX7,901,3200,2425.0,210.48407636047,82.54277504332157,28.370944812411
Panasonic,Lumix DMC-GX7,901,3200,2425.0,211.49580189773,82.93953015597253,28.391648965287
Panasonic,Lumix DMC-GX7,901,3200,2425.0,212.50752743499,83.33628526862353,28.412252955124
Panasonic,Lumix DMC-GX7,901,3200,2425.0,213.51925297226,83.73304038127843,28.432757737184
Panasonic,Lumix DMC-GX7,901,3200,2425.0,214.53097850952,84.12979549392942,28.453164253134
Panasonic,Lumix DMC-GX7,901,3200,2425.0,215.54270404678,84.52655060658039,28.473473431296
Panasonic,Lumix DMC-GX7,901,3200,2425.0,216.55442958404,84.92330571923138,28.493686186901
Panasonic,Lumix DMC-GX7,901,3200,2425.0,217.5661551213,85.32006083188234,28.513803422334
Panasonic,Lumix DMC-GX7,901,3200,2425.0,218.57788065857,85.71681594453725,28.533826027373
Panasonic,Lumix DMC-GX7,901,3200,2425.0,219.58960619583,86.11357105718824,28.553754879423
Panasonic,Lumix DMC-GX7,901,3200,2425.0,220.60133173309,86.51032616983922,28.573590843743
Panasonic,Lumix DMC-GX7,901,3200,2425.0,221.61305727035,86.9070812824902,28.59333477367
Panasonic,Lumix DMC-GX7,901,3200,2425.0,222.62478280761,87.30383639514118,28.612987510839
Panasonic,Lumix DMC-GX7,901,3200,2425.0,223.63650834488,87.70059150779609,28.632549885393
Panasonic,Lumix DMC-GX7,901,3200,2425.0,224.64823388214,88.09734662044706,28.652022716191
Panasonic,Lumix DMC-GX7,901,3200,2425.0,225.6599594194,88.49410173309803,28.671406811015
Panasonic,Lumix DMC-GX7,901,3200,2425.0,226.67168495666,88.89085684574901,28.690702966767
Panasonic,Lumix DMC-GX7,901,3200,2425.0,227.68341049392,89.2876119584,28.709911969661
Panasonic,Lumix DMC-GX7,901,3200,2425.0,228.69513603119,89.68436707105491,28.729034595419
Panasonic,Lumix DMC-GX7,901,3200,2425.0,229.70686156845,90.08112218370587,28.74807160945
Panasonic,Lumix DMC-GX7,901,3200,2425.0,230.71858710571,90.47787729635685,28.767023767039
Panasonic,Lumix DMC-GX7,901,3200,2425.0,231.73031264297,90.87463240900784,28.785891813518
Panasonic,Lumix DMC-GX7,901,3200,2425.0,232.74203818024,91.27138752166275,28.804676484446
Panasonic,Lumix DMC-GX7,901,3200,2425.0,233.7537637175,91.66814263431372,28.823378505775
Panasonic,Lumix DMC-GX7,901,3200,2425.0,234.76548925476,92.06489774696472,28.841998594019
Panasonic,Lumix DMC-GX7,901,3200,2425.0,235.77721479202,92.46165285961568,28.860537456415
Panasonic,Lumix DMC-GX7,901,3200,2425.0,236.78894032928,92.85840797226666,28.878995791084
Panasonic,Lumix DMC-GX7,901,3200,2425.0,237.80066586655,93.25516308492156,28.897374287186
Panasonic,Lumix DMC-GX7,901,3200,2425.0,238.81239140381,93.65191819757254,28.915673625074
Panasonic,Lumix DMC-GX7,901,3200,2425.0,239.82411694107,94.04867331022353,28.933894476441
Panasonic,Lumix DMC-GX7,901,3200,2425.0,240.83584247833,94.44542842287451,28.952037504471
Panasonic,Lumix DMC-GX7,901,3200,2425.0,241.84756801559,94.84218353552549,28.970103363974
Panasonic,Lumix DMC-GX7,901,3200,2425.0,242.85929355286,95.2389386481804,28.988092701537
Panasonic,Lumix DMC-GX7,901,3200,2425.0,243.87101909012,95.63569376083137,29.006006155651
Panasonic,Lumix DMC-GX7,901,3200,2425.0,244.88274462738,96.03244887348235,29.023844356852
Panasonic,Lumix DMC-GX7,901,3200,2425.0,245.89447016464,96.42920398613334,29.041607927852
Panasonic,Lumix DMC-GX7,901,3200,2425.0,246.9061957019,96.82595909878432,29.059297483663
Panasonic,Lumix DMC-GX7,901,3200,2425.0,247.91792123917,97.22271421143923,29.076913631732
Panasonic,Lumix DMC-GX7,901,3200,2425.0,248.92964677643,97.61946932409019,29.094456972054
Panasonic,Lumix DMC-GX7,901,3200,2425.0,249.94137231369,98.01622443674118,29.111928097304
Panasonic,Lumix DMC-GX7,901,3200,2425.0,250.95309785095,98.41297954939215,29.129327592947
Panasonic,Lumix DMC-GX7,901,3200,2425.0,251.96482338821,98.80973466204314,29.14665603736
Panasonic,Lumix DMC-GX7,901,3200,2425.0,252.97654892548,99.20648977469804,29.163914001944
Panasonic,Lumix DMC-GX7,901,3200,2425.0,253.98827446274,99.60324488734902,29.181102051235
Panasonic,Lumix DMC-GX7,901,3200,2425.0,255,100.0,29.198220743014
Panasonic,Lumix DMC-GX7,901,6400,5039.0,1.1876304024988,0.46573741274462743,0
Panasonic,Lumix DMC-GX7,901,6400,5039.0,2.237925620216,0.8776178902807843,3.8530147317784
Panasonic,Lumix DMC-GX7,901,6400,5039.0,5.1037922962703,2.001487175007961,8.3127540386925
Panasonic,Lumix DMC-GX7,901,6400,5039.0,6.1155178335324,2.3982422876597647,9.2259229251668
Panasonic,Lumix DMC-GX7,901,6400,5039.0,7.1272433707944,2.794997400311529,9.9846656058247
Panasonic,Lumix DMC-GX7,901,6400,5039.0,8.1389689080565,3.1917525129633333,10.633027436429
Panasonic,Lumix DMC-GX7,901,6400,5039.0,9.1506944453186,3.5885076256151374,11.198698628012
Panasonic,Lumix DMC-GX7,901,6400,5039.0,10.162419982581,3.9852627382670582,11.70018197287
Panasonic,Lumix DMC-GX7,901,6400,5039.0,11.174145519843,4.382017850918824,12.150434093246
Panasonic,Lumix DMC-GX7,901,6400,5039.0,12.185871057105,4.778772963570589,12.558871085564
Panasonic,Lumix DMC-GX7,901,6400,5039.0,13.197596594367,5.175528076222354,12.93254551541
Panasonic,Lumix DMC-GX7,901,6400,5039.0,14.209322131629,5.572283188874117,13.276873309793
Panasonic,Lumix DMC-GX7,901,6400,5039.0,15.221047668891,5.969038301525882,13.596101961719
Panasonic,Lumix DMC-GX7,901,6400,5039.0,16.232773206153,6.365793414177647,13.893622940211
Panasonic,Lumix DMC-GX7,901,6400,5039.0,17.244498743415,6.762548526829412,14.172186501374
Panasonic,Lumix DMC-GX7,901,6400,5039.0,18.256224280677,7.159303639481177,14.434053263014
Panasonic,Lumix DMC-GX7,901,6400,5039.0,19.267949817939,7.556058752132942,14.681103595814
Panasonic,Lumix DMC-GX7,901,6400,5039.0,20.279675355201,7.952813864784707,14.914918149515
Panasonic,Lumix DMC-GX7,901,6400,5039.0,21.291400892463,8.34956897743647,15.136838179425
Panasonic,Lumix DMC-GX7,901,6400,5039.0,22.303126429725,8.746324090088235,15.348011452731
Panasonic,Lumix DMC-GX7,901,6400,5039.0,23.314851966987,9.14307920274,15.549427675428
Panasonic,Lumix DMC-GX7,901,6400,5039.0,24.32657750425,9.539834315392156,15.741946180656
Panasonic,Lumix DMC-GX7,901,6400,5039.0,25.338303041512,9.936589428043922,15.926317818978
Panasonic,Lumix DMC-GX7,901,6400,5039.0,26.350028578774,10.333344540695686,16.103202446894
Panasonic,Lumix DMC-GX7,901,6400,5039.0,27.361754116036,10.730099653347452,16.273183033218
Panasonic,Lumix DMC-GX7,901,6400,5039.0,28.373479653298,11.126854765999216,16.436777137946
Panasonic,Lumix DMC-GX7,901,6400,5039.0,29.38520519056,11.523609878650982,16.594446329075
Panasonic,Lumix DMC-GX7,901,6400,5039.0,30.396930727822,11.920364991302746,16.746603965924
Panasonic,Lumix DMC-GX7,901,6400,5039.0,31.408656265084,12.31712010395451,16.893621677199
Panasonic,Lumix DMC-GX7,901,6400,5039.0,32.420381802346,12.713875216606274,17.035834787645
Panasonic,Lumix DMC-GX7,901,6400,5039.0,33.432107339608,13.110630329258042,17.173546891409
Panasonic,Lumix DMC-GX7,901,6400,5039.0,34.44383287687,13.507385441909802,17.30703372805
Panasonic,Lumix DMC-GX7,901,6400,5039.0,35.455558414132,13.90414055456157,17.43654648489
Panasonic,Lumix DMC-GX7,901,6400,5039.0,36.467283951394,14.300895667213334,17.562314624562
Panasonic,Lumix DMC-GX7,901,6400,5039.0,37.479009488656,14.697650779865096,17.68454831732
Panasonic,Lumix DMC-GX7,901,6400,5039.0,38.490735025918,15.094405892516862,17.803440542532
Panasonic,Lumix DMC-GX7,901,6400,5039.0,39.50246056318,15.491161005168626,17.919168911882
Panasonic,Lumix DMC-GX7,901,6400,5039.0,40.514186100443,15.887916117820783,18.031897257332
Panasonic,Lumix DMC-GX7,901,6400,5039.0,41.525911637705,16.28467123047255,18.141777019306
Panasonic,Lumix DMC-GX7,901,6400,5039.0,42.537637174967,16.681426343124315,18.248948464511
Panasonic,Lumix DMC-GX7,901,6400,5039.0,43.549362712229,17.07818145577608,18.353541757853
Panasonic,Lumix DMC-GX7,901,6400,5039.0,44.561088249491,17.474936568427843,18.455677908924
Panasonic,Lumix DMC-GX7,901,6400,5039.0,45.572813786753,17.87169168107961,18.555469610252
Panasonic,Lumix DMC-GX7,901,6400,5039.0,46.584539324015,18.26844679373137,18.653021981838
Panasonic,Lumix DMC-GX7,901,6400,5039.0,47.596264861277,18.665201906383135,18.748433234251
Panasonic,Lumix DMC-GX7,901,6400,5039.0,48.607990398539,19.061957019034903,18.841795260754
Panasonic,Lumix DMC-GX7,901,6400,5039.0,49.619715935801,19.458712131686664,18.933194167361
Panasonic,Lumix DMC-GX7,901,6400,5039.0,50.631441473063,19.85546724433843,19.022710748488
Panasonic,Lumix DMC-GX7,901,6400,5039.0,51.643167010325,20.252222356990195,19.110420914744
Panasonic,Lumix DMC-GX7,901,6400,5039.0,52.654892547587,20.648977469641963,19.196396078529
Panasonic,Lumix DMC-GX7,901,6400,5039.0,53.666618084849,21.045732582293724,19.280703502337
Panasonic,Lumix DMC-GX7,901,6400,5039.0,54.678343622111,21.44248769494549,19.363406614006
Panasonic,Lumix DMC-GX7,901,6400,5039.0,55.690069159374,21.839242807597646,19.4445652926
Panasonic,Lumix DMC-GX7,901,6400,5039.0,56.701794696636,22.23599792024941,19.524236128163
Panasonic,Lumix DMC-GX7,901,6400,5039.0,57.713520233898,22.632753032901178,19.602472658133
Panasonic,Lumix DMC-GX7,901,6400,5039.0,58.72524577116,23.029508145552942,19.679325582908
Panasonic,Lumix DMC-GX7,901,6400,5039.0,59.736971308422,23.426263258204706,19.754842962718
Panasonic,Lumix DMC-GX7,901,6400,5039.0,60.748696845684,23.82301837085647,19.829070397723
Panasonic,Lumix DMC-GX7,901,6400,5039.0,61.760422382946,24.219773483508234,19.902051193014
Panasonic,Lumix DMC-GX7,901,6400,5039.0,62.772147920208,24.616528596160002,19.973826510021
Panasonic,Lumix DMC-GX7,901,6400,5039.0,63.78387345747,25.013283708811766,20.044435505634
Panasonic,Lumix DMC-GX7,901,6400,5039.0,64.795598994732,25.41003882146353,20.113915460232
Panasonic,Lumix DMC-GX7,901,6400,5039.0,65.807324531994,25.806793934115298,20.182301895648
Panasonic,Lumix DMC-GX7,901,6400,5039.0,66.819050069256,26.203549046767055,20.24962868402
Panasonic,Lumix DMC-GX7,901,6400,5039.0,67.830775606518,26.600304159418826,20.31592814834
Panasonic,Lumix DMC-GX7,901,6400,5039.0,68.84250114378,26.99705927207059,20.381231155468
Panasonic,Lumix DMC-GX7,901,6400,5039.0,69.854226681042,27.393814384722347,20.445567202272
Panasonic,Lumix DMC-GX7,901,6400,5039.0,70.865952218305,27.790569497374506,20.508964495486
Panasonic,Lumix DMC-GX7,901,6400,5039.0,71.877677755567,28.187324610026277,20.571450025843
Panasonic,Lumix DMC-GX7,901,6400,5039.0,72.889403292829,28.58407972267804,20.633049636953
Panasonic,Lumix DMC-GX7,901,6400,5039.0,73.901128830091,28.980834835329805,20.693788089381
Panasonic,Lumix DMC-GX7,901,6400,5039.0,74.912854367353,29.37758994798157,20.753689120308
Panasonic,Lumix DMC-GX7,901,6400,5039.0,75.924579904615,29.774345060633333,20.812775499143
Panasonic,Lumix DMC-GX7,901,6400,5039.0,76.936305441877,30.171100173285097,20.871069079413
Panasonic,Lumix DMC-GX7,901,6400,5039.0,77.948030979139,30.56785528593686,20.928590847214
Panasonic,Lumix DMC-GX7,901,6400,5039.0,78.959756516401,30.964610398588626,20.985360966508
Panasonic,Lumix DMC-GX7,901,6400,5039.0,79.971482053663,31.36136551124039,21.0413988215
Panasonic,Lumix DMC-GX7,901,6400,5039.0,80.983207590925,31.75812062389216,21.096723056318
Panasonic,Lumix DMC-GX7,901,6400,5039.0,81.994933128187,32.15487573654392,21.151351612207
Panasonic,Lumix DMC-GX7,901,6400,5039.0,83.006658665449,32.55163084919568,21.205301762409
Panasonic,Lumix DMC-GX7,901,6400,5039.0,84.018384202711,32.94838596184746,21.258590144909
Panasonic,Lumix DMC-GX7,901,6400,5039.0,85.030109739973,33.34514107449922,21.311232793204
Panasonic,Lumix DMC-GX7,901,6400,5039.0,86.041835277236,33.741896187151376,21.363245165223
Panasonic,Lumix DMC-GX7,901,6400,5039.0,87.053560814498,34.138651299803136,21.414642170548
Panasonic,Lumix DMC-GX7,901,6400,5039.0,88.06528635176,34.5354064124549,21.465438196036
Panasonic,Lumix DMC-GX7,901,6400,5039.0,89.077011889022,34.93216152510667,21.51564712997
Panasonic,Lumix DMC-GX7,901,6400,5039.0,90.088737426284,35.328916637758425,21.565282384824
Panasonic,Lumix DMC-GX7,901,6400,5039.0,91.100462963546,35.72567175041019,21.614356918749
Panasonic,Lumix DMC-GX7,901,6400,5039.0,92.112188500808,36.12242686306196,21.662883255862
Panasonic,Lumix DMC-GX7,901,6400,5039.0,93.12391403807,36.51918197571373,21.710873505403
Panasonic,Lumix DMC-GX7,901,6400,5039.0,94.135639575332,36.91593708836549,21.758339379866
Panasonic,Lumix DMC-GX7,901,6400,5039.0,95.147365112594,37.312692201017256,21.805292212129
Panasonic,Lumix DMC-GX7,901,6400,5039.0,96.159090649856,37.70944731366902,21.85174297169
Panasonic,Lumix DMC-GX7,901,6400,5039.0,97.170816187118,38.106202426320785,21.897702280029
Panasonic,Lumix DMC-GX7,901,6400,5039.0,98.18254172438,38.50295753897255,21.943180425175
Panasonic,Lumix DMC-GX7,901,6400,5039.0,99.194267261642,38.89971265162431,21.988187375513
Panasonic,Lumix DMC-GX7,901,6400,5039.0,100.2059927989,39.29646776427451,22.032732792893
Panasonic,Lumix DMC-GX7,901,6400,5039.0,101.21771833617,39.693222876929404,22.076826045064
Panasonic,Lumix DMC-GX7,901,6400,5039.0,102.22944387343,40.0899779895804,22.120476217489
Panasonic,Lumix DMC-GX7,901,6400,5039.0,103.24116941069,40.486733102231376,22.163692124574
Panasonic,Lumix DMC-GX7,901,6400,5039.0,104.25289494795,40.883488214882355,22.206482320339
Panasonic,Lumix DMC-GX7,901,6400,5039.0,105.26462048521,41.280243327533334,22.248855108574
Panasonic,Lumix DMC-GX7,901,6400,5039.0,106.27634602248,41.676998440188235,22.290818552504
Panasonic,Lumix DMC-GX7,901,6400,5039.0,107.28807155974,42.073753552839214,22.332380483988
Panasonic,Lumix DMC-GX7,901,6400,5039.0,108.299797097,42.47050866549019,22.373548512289
Panasonic,Lumix DMC-GX7,901,6400,5039.0,109.31152263426,42.86726377814118,22.414330032425
Panasonic,Lumix DMC-GX7,901,6400,5039.0,110.32324817153,43.26401889079608,22.454732233139
Panasonic,Lumix DMC-GX7,901,6400,5039.0,111.33497370879,43.66077400344706,22.494762104499
Panasonic,Lumix DMC-GX7,901,6400,5039.0,112.34669924605,44.05752911609804,22.534426445147
Panasonic,Lumix DMC-GX7,901,6400,5039.0,113.35842478331,44.45428422874902,22.573731869229
Panasonic,Lumix DMC-GX7,901,6400,5039.0,114.37015032057,44.8510393414,22.612684813008
Panasonic,Lumix DMC-GX7,901,6400,5039.0,115.38187585784,45.247794454054905,22.651291541184
Panasonic,Lumix DMC-GX7,901,6400,5039.0,116.3936013951,45.644549566705884,22.689558152939
Panasonic,Lumix DMC-GX7,901,6400,5039.0,117.40532693236,46.04130467935686,22.727490587713
Panasonic,Lumix DMC-GX7,901,6400,5039.0,118.41705246962,46.43805979200785,22.765094630739
Panasonic,Lumix DMC-GX7,901,6400,5039.0,119.42877800688,46.83481490465882,22.802375918326
Panasonic,Lumix DMC-GX7,901,6400,5039.0,120.44050354415,47.23157001731373,22.839339942936
Panasonic,Lumix DMC-GX7,901,6400,5039.0,121.45222908141,47.62832512996471,22.87599205803
Panasonic,Lumix DMC-GX7,901,6400,5039.0,122.46395461867,48.02508024261569,22.912337482719
Panasonic,Lumix DMC-GX7,901,6400,5039.0,123.47568015593,48.421835355266666,22.948381306227
Panasonic,Lumix DMC-GX7,901,6400,5039.0,124.48740569319,48.818590467917645,22.984128492159
Panasonic,Lumix DMC-GX7,901,6400,5039.0,125.49913123046,49.215345580572546,23.019583882604
Panasonic,Lumix DMC-GX7,901,6400,5039.0,126.51085676772,49.61210069322353,23.054752202068
Panasonic,Lumix DMC-GX7,901,6400,5039.0,127.52258230498,50.00885580587451,23.08963806125
Panasonic,Lumix DMC-GX7,901,6400,5039.0,128.53430784224,50.40561091852549,23.124245960668
Panasonic,Lumix DMC-GX7,901,6400,5039.0,129.5460333795,50.80236603117647,23.158580294142
Panasonic,Lumix DMC-GX7,901,6400,5039.0,130.55775891677,51.19912114383137,23.19264535214
Panasonic,Lumix DMC-GX7,901,6400,5039.0,131.56948445403,51.595876256482356,23.226445324991
Panasonic,Lumix DMC-GX7,901,6400,5039.0,132.58120999129,51.992631369133335,23.259984305981
Panasonic,Lumix DMC-GX7,901,6400,5039.0,133.59293552855,52.38938648178431,23.293266294324
Panasonic,Lumix DMC-GX7,901,6400,5039.0,134.60466106581,52.7861415944353,23.326295198022
Panasonic,Lumix DMC-GX7,901,6400,5039.0,135.61638660308,53.1828967070902,23.359074836619
Panasonic,Lumix DMC-GX7,901,6400,5039.0,136.62811214034,53.57965181974117,23.391608943849
Panasonic,Lumix DMC-GX7,901,6400,5039.0,137.6398376776,53.976406932392166,23.423901170188
Panasonic,Lumix DMC-GX7,901,6400,5039.0,138.65156321486,54.373162045043145,23.455955085311
Panasonic,Lumix DMC-GX7,901,6400,5039.0,139.66328875212,54.76991715769412,23.487774180458
Panasonic,Lumix DMC-GX7,901,6400,5039.0,140.67501428939,55.16667227034902,23.519361870714
Panasonic,Lumix DMC-GX7,901,6400,5039.0,141.68673982665,55.56342738300001,23.550721497212
Panasonic,Lumix DMC-GX7,901,6400,5039.0,142.69846536391,55.960182495650976,23.581856329248
Panasonic,Lumix DMC-GX7,901,6400,5039.0,143.71019090117,56.35693760830196,23.612769566327
Panasonic,Lumix DMC-GX7,901,6400,5039.0,144.72191643844,56.75369272095686,23.643464340137
Panasonic,Lumix DMC-GX7,901,6400,5039.0,145.7336419757,57.15044783360784,23.673943716449
Panasonic,Lumix DMC-GX7,901,6400,5039.0,146.74536751296,57.54720294625882,23.704210696956
Panasonic,Lumix DMC-GX7,901,6400,5039.0,147.75709305022,57.94395805890981,23.734268221047
Panasonic,Lumix DMC-GX7,901,6400,5039.0,148.76881858748,58.340713171560786,23.764119167515
Panasonic,Lumix DMC-GX7,901,6400,5039.0,149.78054412475,58.73746828421569,23.793766356217
Panasonic,Lumix DMC-GX7,901,6400,5039.0,150.79226966201,59.13422339686667,23.823212549667
Panasonic,Lumix DMC-GX7,901,6400,5039.0,151.80399519927,59.53097850951764,23.852460454582
Panasonic,Lumix DMC-GX7,901,6400,5039.0,152.81572073653,59.92773362216863,23.881512723374
Panasonic,Lumix DMC-GX7,901,6400,5039.0,153.82744627379,60.3244887348196,23.910371955594
Panasonic,Lumix DMC-GX7,901,6400,5039.0,154.83917181106,60.721243847474504,23.939040699326
Panasonic,Lumix DMC-GX7,901,6400,5039.0,155.85089734832,61.11799896012548,23.967521452538
Panasonic,Lumix DMC-GX7,901,6400,5039.0,156.86262288558,61.514754072776476,23.995816664385
Panasonic,Lumix DMC-GX7,901,6400,5039.0,157.87434842284,61.91150918542745,24.023928736475
Panasonic,Lumix DMC-GX7,901,6400,5039.0,158.8860739601,62.30826429807843,24.051860024092
Panasonic,Lumix DMC-GX7,901,6400,5039.0,159.89779949737,62.70501941073333,24.079612837377
Panasonic,Lumix DMC-GX7,901,6400,5039.0,160.90952503463,63.101774523384314,24.107189442476
Panasonic,Lumix DMC-GX7,901,6400,5039.0,161.92125057189,63.49852963603529,24.134592062651
Panasonic,Lumix DMC-GX7,901,6400,5039.0,162.93297610915,63.89528474868628,24.161822879352
Panasonic,Lumix DMC-GX7,901,6400,5039.0,163.94470164641,64.29203986133726,24.188884033262
Panasonic,Lumix DMC-GX7,901,6400,5039.0,164.95642718368,64.68879497399216,24.215777625305
Panasonic,Lumix DMC-GX7,901,6400,5039.0,165.96815272094,65.08555008664314,24.242505717626
Panasonic,Lumix DMC-GX7,901,6400,5039.0,166.9798782582,65.48230519929412,24.269070334536
Panasonic,Lumix DMC-GX7,901,6400,5039.0,167.99160379546,65.8790603119451,24.295473463435
Panasonic,Lumix DMC-GX7,901,6400,5039.0,169.00332933272,66.27581542459608,24.321717055703
Panasonic,Lumix DMC-GX7,901,6400,5039.0,170.01505486999,66.67257053725098,24.347803027565
Panasonic,Lumix DMC-GX7,901,6400,5039.0,171.02678040725,67.06932564990196,24.373733260931
Panasonic,Lumix DMC-GX7,901,6400,5039.0,172.03850594451,67.46608076255295,24.399509604207
Panasonic,Lumix DMC-GX7,901,6400,5039.0,173.05023148177,67.86283587520391,24.425133873093
Panasonic,Lumix DMC-GX7,901,6400,5039.0,174.06195701904,68.25959098785881,24.450607851341
Panasonic,Lumix DMC-GX7,901,6400,5039.0,175.0736825563,68.65634610050981,24.475933291507
Panasonic,Lumix DMC-GX7,901,6400,5039.0,176.08540809356,69.05310121316079,24.50111191567
Panasonic,Lumix DMC-GX7,901,6400,5039.0,177.09713363082,69.44985632581177,24.526145416139
Panasonic,Lumix DMC-GX7,901,6400,5039.0,178.10885916808,69.84661143846273,24.55103545613
Panasonic,Lumix DMC-GX7,901,6400,5039.0,179.12058470535,70.24336655111765,24.575783670432
Panasonic,Lumix DMC-GX7,901,6400,5039.0,180.13231024261,70.64012166376862,24.60039166605
Panasonic,Lumix DMC-GX7,901,6400,5039.0,181.14403577987,71.0368767764196,24.624861022832
Panasonic,Lumix DMC-GX7,901,6400,5039.0,182.15576131713,71.43363188907058,24.649193294078
Panasonic,Lumix DMC-GX7,901,6400,5039.0,183.16748685439,71.83038700172158,24.67339000713
Panasonic,Lumix DMC-GX7,901,6400,5039.0,184.17921239166,72.22714211437648,24.697452663946
Panasonic,Lumix DMC-GX7,901,6400,5039.0,185.19093792892,72.62389722702744,24.721382741663
Panasonic,Lumix DMC-GX7,901,6400,5039.0,186.20266346618,73.02065233967843,24.745181693138
Panasonic,Lumix DMC-GX7,901,6400,5039.0,187.21438900344,73.41740745232941,24.768850947478
Panasonic,Lumix DMC-GX7,901,6400,5039.0,188.2261145407,73.81416256498039,24.792391910555
Panasonic,Lumix DMC-GX7,901,6400,5039.0,189.23784007797,74.2109176776353,24.815805965507
Panasonic,Lumix DMC-GX7,901,6400,5039.0,190.24956561523,74.60767279028629,24.839094473226
Panasonic,Lumix DMC-GX7,901,6400,5039.0,191.26129115249,75.00442790293725,24.86225877283
Panasonic,Lumix DMC-GX7,901,6400,5039.0,192.27301668975,75.40118301558823,24.885300182129
Panasonic,Lumix DMC-GX7,901,6400,5039.0,193.28474222701,75.79793812823922,24.908219998071
Panasonic,Lumix DMC-GX7,901,6400,5039.0,194.29646776428,76.19469324089411,24.931019497182
Panasonic,Lumix DMC-GX7,901,6400,5039.0,195.30819330154,76.5914483535451,24.953699935993
Panasonic,Lumix DMC-GX7,901,6400,5039.0,196.3199188388,76.98820346619607,24.976262551452
Panasonic,Lumix DMC-GX7,901,6400,5039.0,197.33164437606,77.38495857884706,24.998708561333
Panasonic,Lumix DMC-GX7,901,6400,5039.0,198.34336991332,77.78171369149804,25.021039164629
Panasonic,Lumix DMC-GX7,901,6400,5039.0,199.35509545059,78.17846880415294,25.043255541934
Panasonic,Lumix DMC-GX7,901,6400,5039.0,200.36682098785,78.57522391680392,25.065358855821
Panasonic,Lumix DMC-GX7,901,6400,5039.0,201.37854652511,78.97197902945491,25.087350251204
Panasonic,Lumix DMC-GX7,901,6400,5039.0,202.39027206237,79.36873414210588,25.109230855694
Panasonic,Lumix DMC-GX7,901,6400,5039.0,203.40199759964,79.76548925476078,25.131001779948
Panasonic,Lumix DMC-GX7,901,6400,5039.0,204.4137231369,80.16224436741176,25.152664118007
Panasonic,Lumix DMC-GX7,901,6400,5039.0,205.42544867416,80.55899948006275,25.174218947623
Panasonic,Lumix DMC-GX7,901,6400,5039.0,206.43717421142,80.95575459271373,25.195667330583
Panasonic,Lumix DMC-GX7,901,6400,5039.0,207.44889974868,81.35250970536471,25.217010313022
Panasonic,Lumix DMC-GX7,901,6400,5039.0,208.46062528595,81.74926481801961,25.23824892573
Panasonic,Lumix DMC-GX7,901,6400,5039.0,209.47235082321,82.14601993067059,25.25938418445
Panasonic,Lumix DMC-GX7,901,6400,5039.0,210.48407636047,82.54277504332157,25.280417090169
Panasonic,Lumix DMC-GX7,901,6400,5039.0,211.49580189773,82.93953015597253,25.301348629404
Panasonic,Lumix DMC-GX7,901,6400,5039.0,212.50752743499,83.33628526862353,25.322179774476
Panasonic,Lumix DMC-GX7,901,6400,5039.0,213.51925297226,83.73304038127843,25.342911483785
Panasonic,Lumix DMC-GX7,901,6400,5039.0,214.53097850952,84.12979549392942,25.363544702075
Panasonic,Lumix DMC-GX7,901,6400,5039.0,215.54270404678,84.52655060658039,25.384080360687
Panasonic,Lumix DMC-GX7,901,6400,5039.0,216.55442958404,84.92330571923138,25.404519377815
Panasonic,Lumix DMC-GX7,901,6400,5039.0,217.5661551213,85.32006083188234,25.424862658754
Panasonic,Lumix DMC-GX7,901,6400,5039.0,218.57788065857,85.71681594453725,25.445111096135
Panasonic,Lumix DMC-GX7,901,6400,5039.0,219.58960619583,86.11357105718824,25.465265570167
Panasonic,Lumix DMC-GX7,901,6400,5039.0,220.60133173309,86.51032616983922,25.485326948859
Panasonic,Lumix DMC-GX7,901,6400,5039.0,221.61305727035,86.9070812824902,25.505296088252
Panasonic,Lumix DMC-GX7,901,6400,5039.0,222.62478280761,87.30383639514118,25.52517383263
Panasonic,Lumix DMC-GX7,901,6400,5039.0,223.63650834488,87.70059150779609,25.544961014743
Panasonic,Lumix DMC-GX7,901,6400,5039.0,224.64823388214,88.09734662044706,25.564658456007
Panasonic,Lumix DMC-GX7,901,6400,5039.0,225.6599594194,88.49410173309803,25.584266966717
Panasonic,Lumix DMC-GX7,901,6400,5039.0,226.67168495666,88.89085684574901,25.603787346243
Panasonic,Lumix DMC-GX7,901,6400,5039.0,227.68341049392,89.2876119584,25.623220383222
Panasonic,Lumix DMC-GX7,901,6400,5039.0,228.69513603119,89.68436707105491,25.642566855757
Panasonic,Lumix DMC-GX7,901,6400,5039.0,229.70686156845,90.08112218370587,25.661827531599
Panasonic,Lumix DMC-GX7,901,6400,5039.0,230.71858710571,90.47787729635685,25.681003168329
Panasonic,Lumix DMC-GX7,901,6400,5039.0,231.73031264297,90.87463240900784,25.70009451354
Panasonic,Lumix DMC-GX7,901,6400,5039.0,232.74203818024,91.27138752166275,25.719102305009
Panasonic,Lumix DMC-GX7,901,6400,5039.0,233.7537637175,91.66814263431372,25.73802727087
Panasonic,Lumix DMC-GX7,901,6400,5039.0,234.76548925476,92.06489774696472,25.756870129781
Panasonic,Lumix DMC-GX7,901,6400,5039.0,235.77721479202,92.46165285961568,25.775631591086
Panasonic,Lumix DMC-GX7,901,6400,5039.0,236.78894032928,92.85840797226666,25.794312354978
Panasonic,Lumix DMC-GX7,901,6400,5039.0,237.80066586655,93.25516308492156,25.812913112653
Panasonic,Lumix DMC-GX7,901,6400,5039.0,238.81239140381,93.65191819757254,25.831434546466
Panasonic,Lumix DMC-GX7,901,6400,5039.0,239.82411694107,94.04867331022353,25.84987733008
Panasonic,Lumix DMC-GX7,901,6400,5039.0,240.83584247833,94.44542842287451,25.868242128611
Panasonic,Lumix DMC-GX7,901,6400,5039.0,241.84756801559,94.84218353552549,25.886529598776
Panasonic,Lumix DMC-GX7,901,6400,5039.0,242.85929355286,95.2389386481804,25.904740389031
Panasonic,Lumix DMC-GX7,901,6400,5039.0,243.87101909012,95.63569376083137,25.92287513971
Panasonic,Lumix DMC-GX7,901,6400,5039.0,244.88274462738,96.03244887348235,25.940934483157
Panasonic,Lumix DMC-GX7,901,6400,5039.0,245.89447016464,96.42920398613334,25.958919043866
Panasonic,Lumix DMC-GX7,901,6400,5039.0,246.9061957019,96.82595909878432,25.976829438602
Panasonic,Lumix DMC-GX7,901,6400,5039.0,247.91792123917,97.22271421143923,25.994666276532
Panasonic,Lumix DMC-GX7,901,6400,5039.0,248.92964677643,97.61946932409019,26.01243015935
Panasonic,Lumix DMC-GX7,901,6400,5039.0,249.94137231369,98.01622443674118,26.030121681396
Panasonic,Lumix DMC-GX7,901,6400,5039.0,250.95309785095,98.41297954939215,26.047741429779
Panasonic,Lumix DMC-GX7,901,6400,5039.0,251.96482338821,98.80973466204314,26.065289984489
Panasonic,Lumix DMC-GX7,901,6400,5039.0,252.97654892548,99.20648977469804,26.082767918516
Panasonic,Lumix DMC-GX7,901,6400,5039.0,253.98827446274,99.60324488734902,26.100175797962
Panasonic,Lumix DMC-GX7,901,6400,5039.0,255,100.0,26.117514182145
Panasonic,Lumix DMC-GX7,901,12800,9770.0,2.237925620216,0.8776178902807843,0
Panasonic,Lumix DMC-GX7,901,12800,9770.0,5.1037922962703,2.001487175007961,4.828650705203
Panasonic,Lumix DMC-GX7,901,12800,9770.0,6.1155178335324,2.3982422876597647,5.8049990242424
Panasonic,Lumix DMC-GX7,901,12800,9770.0,7.1272433707944,2.794997400311529,6.6119677397966
Panasonic,Lumix DMC-GX7,901,12800,9770.0,8.1389689080565,3.1917525129633333,7.298351393731
Panasonic,Lumix DMC-GX7,901,12800,9770.0,9.1506944453186,3.5885076256151374,7.8947701170985
Panasonic,Lumix DMC-GX7,901,12800,9770.0,10.162419982581,3.9852627382670582,8.4216325981304
Panasonic,Lumix DMC-GX7,901,12800,9770.0,11.174145519843,4.382017850918824,8.8931888675323
Panasonic,Lumix DMC-GX7,901,12800,9770.0,12.185871057105,4.778772963570589,9.319763736541
Panasonic,Lumix DMC-GX7,901,12800,9770.0,13.197596594367,5.175528076222354,9.7090669417213
Panasonic,Lumix DMC-GX7,901,12800,9770.0,14.209322131629,5.572283188874117,10.06700145582
Panasonic,Lumix DMC-GX7,901,12800,9770.0,15.221047668891,5.969038301525882,10.398183405321
Panasonic,Lumix DMC-GX7,901,12800,9770.0,16.232773206153,6.365793414177647,10.706288409086
Panasonic,Lumix DMC-GX7,901,12800,9770.0,17.244498743415,6.762548526829412,10.994289283121
Panasonic,Lumix DMC-GX7,901,12800,9770.0,18.256224280677,7.159303639481177,11.264623446294
Panasonic,Lumix DMC-GX7,901,12800,9770.0,19.267949817939,7.556058752132942,11.519313497833
Panasonic,Lumix DMC-GX7,901,12800,9770.0,20.279675355201,7.952813864784707,11.760055800949
Panasonic,Lumix DMC-GX7,901,12800,9770.0,21.291400892463,8.34956897743647,11.988286713538
Panasonic,Lumix DMC-GX7,901,12800,9770.0,22.303126429725,8.746324090088235,12.205232888201
Panasonic,Lumix DMC-GX7,901,12800,9770.0,23.314851966987,9.14307920274,12.411950014802
Panasonic,Lumix DMC-GX7,901,12800,9770.0,24.32657750425,9.539834315392156,12.609353042897
Panasonic,Lumix DMC-GX7,901,12800,9770.0,25.338303041512,9.936589428043922,12.798240031341
Panasonic,Lumix DMC-GX7,901,12800,9770.0,26.350028578774,10.333344540695686,12.97931116795
Panasonic,Lumix DMC-GX7,901,12800,9770.0,27.361754116036,10.730099653347452,13.153184084182
Panasonic,Lumix DMC-GX7,901,12800,9770.0,28.373479653298,11.126854765999216,13.320406296168
Panasonic,Lumix DMC-GX7,901,12800,9770.0,29.38520519056,11.523609878650982,13.481465394156
Panasonic,Lumix DMC-GX7,901,12800,9770.0,30.396930727822,11.920364991302746,13.636797451092
Panasonic,Lumix DMC-GX7,901,12800,9770.0,31.408656265084,12.31712010395451,13.786794010344
Panasonic,Lumix DMC-GX7,901,12800,9770.0,32.420381802346,12.713875216606274,13.931807930628
Panasonic,Lumix DMC-GX7,901,12800,9770.0,33.432107339608,13.110630329258042,14.07215830481
Panasonic,Lumix DMC-GX7,901,12800,9770.0,34.44383287687,13.507385441909802,14.208134622896
Panasonic,Lumix DMC-GX7,901,12800,9770.0,35.455558414132,13.90414055456157,14.34000031414
Panasonic,Lumix DMC-GX7,901,12800,9770.0,36.467283951394,14.300895667213334,14.467995775943
Panasonic,Lumix DMC-GX7,901,12800,9770.0,37.479009488656,14.697650779865096,14.592340976102
Panasonic,Lumix DMC-GX7,901,12800,9770.0,38.490735025918,15.094405892516862,14.713237698396
Panasonic,Lumix DMC-GX7,901,12800,9770.0,39.50246056318,15.491161005168626,14.830871488526
Panasonic,Lumix DMC-GX7,901,12800,9770.0,40.514186100443,15.887916117820783,14.945413347035
Panasonic,Lumix DMC-GX7,901,12800,9770.0,41.525911637705,16.28467123047255,15.057021207632
Panasonic,Lumix DMC-GX7,901,12800,9770.0,42.537637174967,16.681426343124315,15.165841232703
Panasonic,Lumix DMC-GX7,901,12800,9770.0,43.549362712229,17.07818145577608,15.272008952428
Panasonic,Lumix DMC-GX7,901,12800,9770.0,44.561088249491,17.474936568427843,15.375650269609
Panasonic,Lumix DMC-GX7,901,12800,9770.0,45.572813786753,17.87169168107961,15.476882348721
Panasonic,Lumix DMC-GX7,901,12800,9770.0,46.584539324015,18.26844679373137,15.575814404827
Panasonic,Lumix DMC-GX7,901,12800,9770.0,47.596264861277,18.665201906383135,15.672548405559
Panasonic,Lumix DMC-GX7,901,12800,9770.0,48.607990398539,19.061957019034903,15.767179697411
Panasonic,Lumix DMC-GX7,901,12800,9770.0,49.619715935801,19.458712131686664,15.859797565906
Panasonic,Lumix DMC-GX7,901,12800,9770.0,50.631441473063,19.85546724433843,15.950485737833
Panasonic,Lumix DMC-GX7,901,12800,9770.0,51.643167010325,20.252222356990195,16.039322832598
Panasonic,Lumix DMC-GX7,901,12800,9770.0,52.654892547587,20.648977469641963,16.126382768731
Panasonic,Lumix DMC-GX7,901,12800,9770.0,53.666618084849,21.045732582293724,16.211735130794
Panasonic,Lumix DMC-GX7,901,12800,9770.0,54.678343622111,21.44248769494549,16.295445501225
Panasonic,Lumix DMC-GX7,901,12800,9770.0,55.690069159374,21.839242807597646,16.377575761051
Panasonic,Lumix DMC-GX7,901,12800,9770.0,56.701794696636,22.23599792024941,16.458184362923
Panasonic,Lumix DMC-GX7,901,12800,9770.0,57.713520233898,22.632753032901178,16.537326579446
Panasonic,Lumix DMC-GX7,901,12800,9770.0,58.72524577116,23.029508145552942,16.615054729463
Panasonic,Lumix DMC-GX7,901,12800,9770.0,59.736971308422,23.426263258204706,16.691418384583
Panasonic,Lumix DMC-GX7,901,12800,9770.0,60.748696845684,23.82301837085647,16.766464557982
Panasonic,Lumix DMC-GX7,901,12800,9770.0,61.760422382946,24.219773483508234,16.840237877282
Panasonic,Lumix DMC-GX7,901,12800,9770.0,62.772147920208,24.616528596160002,16.912780743086
Panasonic,Lumix DMC-GX7,901,12800,9770.0,63.78387345747,25.013283708811766,16.984133474568
Panasonic,Lumix DMC-GX7,901,12800,9770.0,64.795598994732,25.41003882146353,17.05433444337
Panasonic,Lumix DMC-GX7,901,12800,9770.0,65.807324531994,25.806793934115298,17.123420196916
Panasonic,Lumix DMC-GX7,901,12800,9770.0,66.819050069256,26.203549046767055,17.191425572119
Panasonic,Lumix DMC-GX7,901,12800,9770.0,67.830775606518,26.600304159418826,17.258383800386
Panasonic,Lumix DMC-GX7,901,12800,9770.0,68.84250114378,26.99705927207059,17.324326604681
Panasonic,Lumix DMC-GX7,901,12800,9770.0,69.854226681042,27.393814384722347,17.389284289373
Panasonic,Lumix DMC-GX7,901,12800,9770.0,70.865952218305,27.790569497374506,17.453285823506
Panasonic,Lumix DMC-GX7,901,12800,9770.0,71.877677755567,28.187324610026277,17.516358918037
Panasonic,Lumix DMC-GX7,901,12800,9770.0,72.889403292829,28.58407972267804,17.578530097591
Panasonic,Lumix DMC-GX7,901,12800,9770.0,73.901128830091,28.980834835329805,17.63982476716
Panasonic,Lumix DMC-GX7,901,12800,9770.0,74.912854367353,29.37758994798157,17.700267274199
Panasonic,Lumix DMC-GX7,901,12800,9770.0,75.924579904615,29.774345060633333,17.759880966463
Panasonic,Lumix DMC-GX7,901,12800,9770.0,76.936305441877,30.171100173285097,17.818688245962
Panasonic,Lumix DMC-GX7,901,12800,9770.0,77.948030979139,30.56785528593686,17.876710619314
Panasonic,Lumix DMC-GX7,901,12800,9770.0,78.959756516401,30.964610398588626,17.933968744801
Panasonic,Lumix DMC-GX7,901,12800,9770.0,79.971482053663,31.36136551124039,17.990482476375
Panasonic,Lumix DMC-GX7,901,12800,9770.0,80.983207590925,31.75812062389216,18.046270904848
Panasonic,Lumix DMC-GX7,901,12800,9770.0,81.994933128187,32.15487573654392,18.101352396477
Panasonic,Lumix DMC-GX7,901,12800,9770.0,83.006658665449,32.55163084919568,18.155744629152
Panasonic,Lumix DMC-GX7,901,12800,9770.0,84.018384202711,32.94838596184746,18.209464626342
Panasonic,Lumix DMC-GX7,901,12800,9770.0,85.030109739973,33.34514107449922,18.262528788984
Panasonic,Lumix DMC-GX7,901,12800,9770.0,86.041835277236,33.741896187151376,18.314952925453
Panasonic,Lumix DMC-GX7,901,12800,9770.0,87.053560814498,34.138651299803136,18.366752279744
Panasonic,Lumix DMC-GX7,901,12800,9770.0,88.06528635176,34.5354064124549,18.417941558012
Panasonic,Lumix DMC-GX7,901,12800,9770.0,89.077011889022,34.93216152510667,18.468534953557
Panasonic,Lumix DMC-GX7,901,12800,9770.0,90.088737426284,35.328916637758425,18.518546170388
Panasonic,Lumix DMC-GX7,901,12800,9770.0,91.100462963546,35.72567175041019,18.567988445439
Panasonic,Lumix DMC-GX7,901,12800,9770.0,92.112188500808,36.12242686306196,18.616874569549
Panasonic,Lumix DMC-GX7,901,12800,9770.0,93.12391403807,36.51918197571373,18.665216907267
Panasonic,Lumix DMC-GX7,901,12800,9770.0,94.135639575332,36.91593708836549,18.713027415583
Panasonic,Lumix DMC-GX7,901,12800,9770.0,95.147365112594,37.312692201017256,18.76031766163
Panasonic,Lumix DMC-GX7,901,12800,9770.0,96.159090649856,37.70944731366902,18.807098839445
Panasonic,Lumix DMC-GX7,901,12800,9770.0,97.170816187118,38.106202426320785,18.85338178583
Panasonic,Lumix DMC-GX7,901,12800,9770.0,98.18254172438,38.50295753897255,18.899176995392
Panasonic,Lumix DMC-GX7,901,12800,9770.0,99.194267261642,38.89971265162431,18.944494634787
Panasonic,Lumix DMC-GX7,901,12800,9770.0,100.2059927989,39.29646776427451,18.989344556239
Panasonic,Lumix DMC-GX7,901,12800,9770.0,101.21771833617,39.693222876929404,19.033736310367
Panasonic,Lumix DMC-GX7,901,12800,9770.0,102.22944387343,40.0899779895804,19.077679158365
Panasonic,Lumix DMC-GX7,901,12800,9770.0,103.24116941069,40.486733102231376,19.121182083577
Panasonic,Lumix DMC-GX7,901,12800,9770.0,104.25289494795,40.883488214882355,19.164253802492
Panasonic,Lumix DMC-GX7,901,12800,9770.0,105.26462048521,41.280243327533334,19.206902775207
Panasonic,Lumix DMC-GX7,901,12800,9770.0,106.27634602248,41.676998440188235,19.24913721538
Panasonic,Lumix DMC-GX7,901,12800,9770.0,107.28807155974,42.073753552839214,19.290965099705
Panasonic,Lumix DMC-GX7,901,12800,9770.0,108.299797097,42.47050866549019,19.33239417694
Panasonic,Lumix DMC-GX7,901,12800,9770.0,109.31152263426,42.86726377814118,19.373431976497
Panasonic,Lumix DMC-GX7,901,12800,9770.0,110.32324817153,43.26401889079608,19.414085816652
Panasonic,Lumix DMC-GX7,901,12800,9770.0,111.33497370879,43.66077400344706,19.45436281235
Panasonic,Lumix DMC-GX7,901,12800,9770.0,112.34669924605,44.05752911609804,19.494269882676
Panasonic,Lumix DMC-GX7,901,12800,9770.0,113.35842478331,44.45428422874902,19.533813757969
Panasonic,Lumix DMC-GX7,901,12800,9770.0,114.37015032057,44.8510393414,19.573000986625
Panasonic,Lumix DMC-GX7,901,12800,9770.0,115.38187585784,45.247794454054905,19.611837941594
Panasonic,Lumix DMC-GX7,901,12800,9770.0,116.3936013951,45.644549566705884,19.650330826588
Panasonic,Lumix DMC-GX7,901,12800,9770.0,117.40532693236,46.04130467935686,19.68848568202
Panasonic,Lumix DMC-GX7,901,12800,9770.0,118.41705246962,46.43805979200785,19.726308390683
Panasonic,Lumix DMC-GX7,901,12800,9770.0,119.42877800688,46.83481490465882,19.763804683184
Panasonic,Lumix DMC-GX7,901,12800,9770.0,120.44050354415,47.23157001731373,19.800980143147
Panasonic,Lumix DMC-GX7,901,12800,9770.0,121.45222908141,47.62832512996471,19.837840212197
Panasonic,Lumix DMC-GX7,901,12800,9770.0,122.46395461867,48.02508024261569,19.874390194728
Panasonic,Lumix DMC-GX7,901,12800,9770.0,123.47568015593,48.421835355266666,19.910635262482
Panasonic,Lumix DMC-GX7,901,12800,9770.0,124.48740569319,48.818590467917645,19.946580458933
Panasonic,Lumix DMC-GX7,901,12800,9770.0,125.49913123046,49.215345580572546,19.982230703492
Panasonic,Lumix DMC-GX7,901,12800,9770.0,126.51085676772,49.61210069322353,20.01759079554
Panasonic,Lumix DMC-GX7,901,12800,9770.0,127.52258230498,50.00885580587451,20.052665418302
Panasonic,Lumix DMC-GX7,901,12800,9770.0,128.53430784224,50.40561091852549,20.087459142566
Panasonic,Lumix DMC-GX7,901,12800,9770.0,129.5460333795,50.80236603117647,20.121976430247
Panasonic,Lumix DMC-GX7,901,12800,9770.0,130.55775891677,51.19912114383137,20.156221637821
Panasonic,Lumix DMC-GX7,901,12800,9770.0,131.56948445403,51.595876256482356,20.190199019621
Panasonic,Lumix DMC-GX7,901,12800,9770.0,132.58120999129,51.992631369133335,20.223912730999
Panasonic,Lumix DMC-GX7,901,12800,9770.0,133.59293552855,52.38938648178431,20.257366831377
Panasonic,Lumix DMC-GX7,901,12800,9770.0,134.60466106581,52.7861415944353,20.290565287174
Panasonic,Lumix DMC-GX7,901,12800,9770.0,135.61638660308,53.1828967070902,20.323511974626
Panasonic,Lumix DMC-GX7,901,12800,9770.0,136.62811214034,53.57965181974117,20.356210682498
Panasonic,Lumix DMC-GX7,901,12800,9770.0,137.6398376776,53.976406932392166,20.388665114693
Panasonic,Lumix DMC-GX7,901,12800,9770.0,138.65156321486,54.373162045043145,20.420878892774
Panasonic,Lumix DMC-GX7,901,12800,9770.0,139.66328875212,54.76991715769412,20.452855558376
Panasonic,Lumix DMC-GX7,901,12800,9770.0,140.67501428939,55.16667227034902,20.484598575548
Panasonic,Lumix DMC-GX7,901,12800,9770.0,141.68673982665,55.56342738300001,20.516111332999
Panasonic,Lumix DMC-GX7,901,12800,9770.0,142.69846536391,55.960182495650976,20.547397146269
Panasonic,Lumix DMC-GX7,901,12800,9770.0,143.71019090117,56.35693760830196,20.578459259814
Panasonic,Lumix DMC-GX7,901,12800,9770.0,144.72191643844,56.75369272095686,20.60930084903
Panasonic,Lumix DMC-GX7,901,12800,9770.0,145.7336419757,57.15044783360784,20.639925022196
Panasonic,Lumix DMC-GX7,901,12800,9770.0,146.74536751296,57.54720294625882,20.670334822348
Panasonic,Lumix DMC-GX7,901,12800,9770.0,147.75709305022,57.94395805890981,20.7005332291
Panasonic,Lumix DMC-GX7,901,12800,9770.0,148.76881858748,58.340713171560786,20.730523160385
Panasonic,Lumix DMC-GX7,901,12800,9770.0,149.78054412475,58.73746828421569,20.760307474151
Panasonic,Lumix DMC-GX7,901,12800,9770.0,150.79226966201,59.13422339686667,20.789888969994
Panasonic,Lumix DMC-GX7,901,12800,9770.0,151.80399519927,59.53097850951764,20.81927039073
Panasonic,Lumix DMC-GX7,901,12800,9770.0,152.81572073653,59.92773362216863,20.848454423926
Panasonic,Lumix DMC-GX7,901,12800,9770.0,153.82744627379,60.3244887348196,20.87744370337
Panasonic,Lumix DMC-GX7,901,12800,9770.0,154.83917181106,60.721243847474504,20.906240810497
Panasonic,Lumix DMC-GX7,901,12800,9770.0,155.85089734832,61.11799896012548,20.934848275766
Panasonic,Lumix DMC-GX7,901,12800,9770.0,156.86262288558,61.514754072776476,20.963268579995
Panasonic,Lumix DMC-GX7,901,12800,9770.0,157.87434842284,61.91150918542745,20.99150415565
Panasonic,Lumix DMC-GX7,901,12800,9770.0,158.8860739601,62.30826429807843,21.019557388093
Panasonic,Lumix DMC-GX7,901,12800,9770.0,159.89779949737,62.70501941073333,21.04743061679
Panasonic,Lumix DMC-GX7,901,12800,9770.0,160.90952503463,63.101774523384314,21.07512613648
Panasonic,Lumix DMC-GX7,901,12800,9770.0,161.92125057189,63.49852963603529,21.102646198309
Panasonic,Lumix DMC-GX7,901,12800,9770.0,162.93297610915,63.89528474868628,21.129993010927
Panasonic,Lumix DMC-GX7,901,12800,9770.0,163.94470164641,64.29203986133726,21.157168741549
Panasonic,Lumix DMC-GX7,901,12800,9770.0,164.95642718368,64.68879497399216,21.184175516988
Panasonic,Lumix DMC-GX7,901,12800,9770.0,165.96815272094,65.08555008664314,21.211015424647
Panasonic,Lumix DMC-GX7,901,12800,9770.0,166.9798782582,65.48230519929412,21.237690513495
Panasonic,Lumix DMC-GX7,901,12800,9770.0,167.99160379546,65.8790603119451,21.264202794997
Panasonic,Lumix DMC-GX7,901,12800,9770.0,169.00332933272,66.27581542459608,21.290554244028
Panasonic,Lumix DMC-GX7,901,12800,9770.0,170.01505486999,66.67257053725098,21.316746799751
Panasonic,Lumix DMC-GX7,901,12800,9770.0,171.02678040725,67.06932564990196,21.342782366478
Panasonic,Lumix DMC-GX7,901,12800,9770.0,172.03850594451,67.46608076255295,21.368662814497
Panasonic,Lumix DMC-GX7,901,12800,9770.0,173.05023148177,67.86283587520391,21.394389980875
Panasonic,Lumix DMC-GX7,901,12800,9770.0,174.06195701904,68.25959098785881,21.419965670246
Panasonic,Lumix DMC-GX7,901,12800,9770.0,175.0736825563,68.65634610050981,21.445391655565
Panasonic,Lumix DMC-GX7,901,12800,9770.0,176.08540809356,69.05310121316079,21.470669678847
Panasonic,Lumix DMC-GX7,901,12800,9770.0,177.09713363082,69.44985632581177,21.495801451882
Panasonic,Lumix DMC-GX7,901,12800,9770.0,178.10885916808,69.84661143846273,21.520788656931
Panasonic,Lumix DMC-GX7,901,12800,9770.0,179.12058470535,70.24336655111765,21.5456329474
Panasonic,Lumix DMC-GX7,901,12800,9770.0,180.13231024261,70.64012166376862,21.570335948497
Panasonic,Lumix DMC-GX7,901,12800,9770.0,181.14403577987,71.0368767764196,21.594899257868
Panasonic,Lumix DMC-GX7,901,12800,9770.0,182.15576131713,71.43363188907058,21.61932444622
Panasonic,Lumix DMC-GX7,901,12800,9770.0,183.16748685439,71.83038700172158,21.643613057919
Panasonic,Lumix DMC-GX7,901,12800,9770.0,184.17921239166,72.22714211437648,21.667766611577
Panasonic,Lumix DMC-GX7,901,12800,9770.0,185.19093792892,72.62389722702744,21.691786600623
Panasonic,Lumix DMC-GX7,901,12800,9770.0,186.20266346618,73.02065233967843,21.715674493856
Panasonic,Lumix DMC-GX7,901,12800,9770.0,187.21438900344,73.41740745232941,21.739431735982
Panasonic,Lumix DMC-GX7,901,12800,9770.0,188.2261145407,73.81416256498039,21.763059748139
Panasonic,Lumix DMC-GX7,901,12800,9770.0,189.23784007797,74.2109176776353,21.786559928408
Panasonic,Lumix DMC-GX7,901,12800,9770.0,190.24956561523,74.60767279028629,21.809933652307
Panasonic,Lumix DMC-GX7,901,12800,9770.0,191.26129115249,75.00442790293725,21.833182273275
Panasonic,Lumix DMC-GX7,901,12800,9770.0,192.27301668975,75.40118301558823,21.85630712314
Panasonic,Lumix DMC-GX7,901,12800,9770.0,193.28474222701,75.79793812823922,21.879309512581
Panasonic,Lumix DMC-GX7,901,12800,9770.0,194.29646776428,76.19469324089411,21.90219073157
Panasonic,Lumix DMC-GX7,901,12800,9770.0,195.30819330154,76.5914483535451,21.924952049804
Panasonic,Lumix DMC-GX7,901,12800,9770.0,196.3199188388,76.98820346619607,21.947594717133
Panasonic,Lumix DMC-GX7,901,12800,9770.0,197.33164437606,77.38495857884706,21.970119963966
Panasonic,Lumix DMC-GX7,901,12800,9770.0,198.34336991332,77.78171369149804,21.992529001677
Panasonic,Lumix DMC-GX7,901,12800,9770.0,199.35509545059,78.17846880415294,22.014823022992
Panasonic,Lumix DMC-GX7,901,12800,9770.0,200.36682098785,78.57522391680392,22.03700320237
Panasonic,Lumix DMC-GX7,901,12800,9770.0,201.37854652511,78.97197902945491,22.059070696377
Panasonic,Lumix DMC-GX7,901,12800,9770.0,202.39027206237,79.36873414210588,22.081026644043
Panasonic,Lumix DMC-GX7,901,12800,9770.0,203.40199759964,79.76548925476078,22.10287216722
Panasonic,Lumix DMC-GX7,901,12800,9770.0,204.4137231369,80.16224436741176,22.12460837092
Panasonic,Lumix DMC-GX7,901,12800,9770.0,205.42544867416,80.55899948006275,22.146236343655
Panasonic,Lumix DMC-GX7,901,12800,9770.0,206.43717421142,80.95575459271373,22.167757157762
Panasonic,Lumix DMC-GX7,901,12800,9770.0,207.44889974868,81.35250970536471,22.189171869721
Panasonic,Lumix DMC-GX7,901,12800,9770.0,208.46062528595,81.74926481801961,22.210481520468
Panasonic,Lumix DMC-GX7,901,12800,9770.0,209.47235082321,82.14601993067059,22.231687135696
Panasonic,Lumix DMC-GX7,901,12800,9770.0,210.48407636047,82.54277504332157,22.252789726154
Panasonic,Lumix DMC-GX7,901,12800,9770.0,211.49580189773,82.93953015597253,22.273790287932
Panasonic,Lumix DMC-GX7,901,12800,9770.0,212.50752743499,83.33628526862353,22.294689802749
Panasonic,Lumix DMC-GX7,901,12800,9770.0,213.51925297226,83.73304038127843,22.315489238222
Panasonic,Lumix DMC-GX7,901,12800,9770.0,214.53097850952,84.12979549392942,22.336189548137
Panasonic,Lumix DMC-GX7,901,12800,9770.0,215.54270404678,84.52655060658039,22.356791672712
Panasonic,Lumix DMC-GX7,901,12800,9770.0,216.55442958404,84.92330571923138,22.377296538855
Panasonic,Lumix DMC-GX7,901,12800,9770.0,217.5661551213,85.32006083188234,22.397705060407
Panasonic,Lumix DMC-GX7,901,12800,9770.0,218.57788065857,85.71681594453725,22.418018138396
Panasonic,Lumix DMC-GX7,901,12800,9770.0,219.58960619583,86.11357105718824,22.438236661267
Panasonic,Lumix DMC-GX7,901,12800,9770.0,220.60133173309,86.51032616983922,22.458361505121
Panasonic,Lumix DMC-GX7,901,12800,9770.0,221.61305727035,86.9070812824902,22.478393533939
Panasonic,Lumix DMC-GX7,901,12800,9770.0,222.62478280761,87.30383639514118,22.498333599806
Panasonic,Lumix DMC-GX7,901,12800,9770.0,223.63650834488,87.70059150779609,22.518182543129
Panasonic,Lumix DMC-GX7,901,12800,9770.0,224.64823388214,88.09734662044706,22.537941192847
Panasonic,Lumix DMC-GX7,901,12800,9770.0,225.6599594194,88.49410173309803,22.557610366643
Panasonic,Lumix DMC-GX7,901,12800,9770.0,226.67168495666,88.89085684574901,22.577190871141
Panasonic,Lumix DMC-GX7,901,12800,9770.0,227.68341049392,89.2876119584,22.59668350211
Panasonic,Lumix DMC-GX7,901,12800,9770.0,228.69513603119,89.68436707105491,22.616089044653
Panasonic,Lumix DMC-GX7,901,12800,9770.0,229.70686156845,90.08112218370587,22.635408273403
Panasonic,Lumix DMC-GX7,901,12800,9770.0,230.71858710571,90.47787729635685,22.654641952701
Panasonic,Lumix DMC-GX7,901,12800,9770.0,231.73031264297,90.87463240900784,22.673790836782
Panasonic,Lumix DMC-GX7,901,12800,9770.0,232.74203818024,91.27138752166275,22.692855669954
Panasonic,Lumix DMC-GX7,901,12800,9770.0,233.7537637175,91.66814263431372,22.711837186765
Panasonic,Lumix DMC-GX7,901,12800,9770.0,234.76548925476,92.06489774696472,22.730736112179
Panasonic,Lumix DMC-GX7,901,12800,9770.0,235.77721479202,92.46165285961568,22.74955316174
Panasonic,Lumix DMC-GX7,901,12800,9770.0,236.78894032928,92.85840797226666,22.768289041732
Panasonic,Lumix DMC-GX7,901,12800,9770.0,237.80066586655,93.25516308492156,22.786944449344
Panasonic,Lumix DMC-GX7,901,12800,9770.0,238.81239140381,93.65191819757254,22.805520072819
Panasonic,Lumix DMC-GX7,901,12800,9770.0,239.82411694107,94.04867331022353,22.824016591609
Panasonic,Lumix DMC-GX7,901,12800,9770.0,240.83584247833,94.44542842287451,22.842434676525
Panasonic,Lumix DMC-GX7,901,12800,9770.0,241.84756801559,94.84218353552549,22.860774989883
Panasonic,Lumix DMC-GX7,901,12800,9770.0,242.85929355286,95.2389386481804,22.879038185645
Panasonic,Lumix DMC-GX7,901,12800,9770.0,243.87101909012,95.63569376083137,22.89722490956
Panasonic,Lumix DMC-GX7,901,12800,9770.0,244.88274462738,96.03244887348235,22.915335799301
Panasonic,Lumix DMC-GX7,901,12800,9770.0,245.89447016464,96.42920398613334,22.933371484598
Panasonic,Lumix DMC-GX7,901,12800,9770.0,246.9061957019,96.82595909878432,22.951332587371
Panasonic,Lumix DMC-GX7,901,12800,9770.0,247.91792123917,97.22271421143923,22.969219721858
Panasonic,Lumix DMC-GX7,901,12800,9770.0,248.92964677643,97.61946932409019,22.987033494741
Panasonic,Lumix DMC-GX7,901,12800,9770.0,249.94137231369,98.01622443674118,23.004774505268
Panasonic,Lumix DMC-GX7,901,12800,9770.0,250.95309785095,98.41297954939215,23.022443345376
Panasonic,Lumix DMC-GX7,901,12800,9770.0,251.96482338821,98.80973466204314,23.040040599809
Panasonic,Lumix DMC-GX7,901,12800,9770.0,252.97654892548,99.20648977469804,23.057566846234
Panasonic,Lumix DMC-GX7,901,12800,9770.0,253.98827446274,99.60324488734902,23.075022655353
Panasonic,Lumix DMC-GX7,901,12800,9770.0,255,100.0,23.092408591017
Panasonic,Lumix DMC-GX7,901,25600,20125.0,5.1037922962703,2.001487175007961,0
Panasonic,Lumix DMC-GX7,901,25600,20125.0,6.1155178335324,2.3982422876597647,1.1866544470262
Panasonic,Lumix DMC-GX7,901,25600,20125.0,7.1272433707944,2.794997400311529,2.1633396618203
Panasonic,Lumix DMC-GX7,901,25600,20125.0,8.1389689080565,3.1917525129633333,2.9896189508611
Panasonic,Lumix DMC-GX7,901,25600,20125.0,9.1506944453186,3.5885076256151374,3.7033541972683
Panasonic,Lumix DMC-GX7,901,25600,20125.0,10.162419982581,3.9852627382670582,4.330012006515
Panasonic,Lumix DMC-GX7,901,25600,20125.0,11.174145519843,4.382017850918824,4.8874862973715
Panasonic,Lumix DMC-GX7,901,25600,20125.0,12.185871057105,4.778772963570589,5.3887959223449
Panasonic,Lumix DMC-GX7,901,25600,20125.0,13.197596594367,5.175528076222354,5.843686675277
Panasonic,Lumix DMC-GX7,901,25600,20125.0,14.209322131629,5.572283188874117,6.259629685754
Panasonic,Lumix DMC-GX7,901,25600,20125.0,15.221047668891,5.969038301525882,6.6424689054873
Panasonic,Lumix DMC-GX7,901,25600,20125.0,16.232773206153,6.365793414177647,6.9968553107684
Panasonic,Lumix DMC-GX7,901,25600,20125.0,17.244498743415,6.762548526829412,7.3265465112304
Panasonic,Lumix DMC-GX7,901,25600,20125.0,18.256224280677,7.159303639481177,7.6346186501755
Panasonic,Lumix DMC-GX7,901,25600,20125.0,19.267949817939,7.556058752132942,7.9236195367038
Panasonic,Lumix DMC-GX7,901,25600,20125.0,20.279675355201,7.952813864784707,8.1956814299558
Panasonic,Lumix DMC-GX7,901,25600,20125.0,21.291400892463,8.34956897743647,8.4526055198246
Panasonic,Lumix DMC-GX7,901,25600,20125.0,22.303126429725,8.746324090088235,8.6959261693387
Panasonic,Lumix DMC-GX7,901,25600,20125.0,23.314851966987,9.14307920274,8.9269604353038
Panasonic,Lumix DMC-GX7,901,25600,20125.0,24.32657750425,9.539834315392156,9.1468467131501
Panasonic,Lumix DMC-GX7,901,25600,20125.0,25.338303041512,9.936589428043922,9.3565752337745
Panasonic,Lumix DMC-GX7,901,25600,20125.0,26.350028578774,10.333344540695686,9.5570123775551
Panasonic,Lumix DMC-GX7,901,25600,20125.0,27.361754116036,10.730099653347452,9.7489202416149
Panasonic,Lumix DMC-GX7,901,25600,20125.0,28.373479653298,11.126854765999216,9.9329725235505
Panasonic,Lumix DMC-GX7,901,25600,20125.0,29.38520519056,11.523609878650982,10.109767518284
Panasonic,Lumix DMC-GX7,901,25600,20125.0,30.396930727822,11.920364991302746,10.279838831615
Panasonic,Lumix DMC-GX7,901,25600,20125.0,31.408656265084,12.31712010395451,10.443664272457
Panasonic,Lumix DMC-GX7,901,25600,20125.0,32.420381802346,12.713875216606274,10.601673280787
Panasonic,Lumix DMC-GX7,901,25600,20125.0,33.432107339608,13.110630329258042,10.754253169611
Panasonic,Lumix DMC-GX7,901,25600,20125.0,34.44383287687,13.507385441909802,10.901754399755
Panasonic,Lumix DMC-GX7,901,25600,20125.0,35.455558414132,13.90414055456157,11.044495060813
Panasonic,Lumix DMC-GX7,901,25600,20125.0,36.467283951394,14.300895667213334,11.182764696541
Panasonic,Lumix DMC-GX7,901,25600,20125.0,37.479009488656,14.697650779865096,11.316827585841
Panasonic,Lumix DMC-GX7,901,25600,20125.0,38.490735025918,15.094405892516862,11.446925569164
Panasonic,Lumix DMC-GX7,901,25600,20125.0,39.50246056318,15.491161005168626,11.573280493437
Panasonic,Lumix DMC-GX7,901,25600,20125.0,40.514186100443,15.887916117820783,11.696096335316
Panasonic,Lumix DMC-GX7,901,25600,20125.0,41.525911637705,16.28467123047255,11.81556105195
Panasonic,Lumix DMC-GX7,901,25600,20125.0,42.537637174967,16.681426343124315,11.931848199936
Panasonic,Lumix DMC-GX7,901,25600,20125.0,43.549362712229,17.07818145577608,12.045118356255
Panasonic,Lumix DMC-GX7,901,25600,20125.0,44.561088249491,17.474936568427843,12.155520369404
Panasonic,Lumix DMC-GX7,901,25600,20125.0,45.572813786753,17.87169168107961,12.263192464368
Panasonic,Lumix DMC-GX7,901,25600,20125.0,46.584539324015,18.26844679373137,12.368263221335
Panasonic,Lumix DMC-GX7,901,25600,20125.0,47.596264861277,18.665201906383135,12.470852445009
Panasonic,Lumix DMC-GX7,901,25600,20125.0,48.607990398539,19.061957019034903,12.57107193877
Panasonic,Lumix DMC-GX7,901,25600,20125.0,49.619715935801,19.458712131686664,12.669026195864
Panasonic,Lumix DMC-GX7,901,25600,20125.0,50.631441473063,19.85546724433843,12.764813018017
Panasonic,Lumix DMC-GX7,901,25600,20125.0,51.643167010325,20.252222356990195,12.858524070368
Panasonic,Lumix DMC-GX7,901,25600,20125.0,52.654892547587,20.648977469641963,12.950245380401
Panasonic,Lumix DMC-GX7,901,25600,20125.0,53.666618084849,21.045732582293724,13.040057787491
Panasonic,Lumix DMC-GX7,901,25600,20125.0,54.678343622111,21.44248769494549,13.128037348781
Panasonic,Lumix DMC-GX7,901,25600,20125.0,55.690069159374,21.839242807597646,13.214255706363
Panasonic,Lumix DMC-GX7,901,25600,20125.0,56.701794696636,22.23599792024941,13.298780420084
Panasonic,Lumix DMC-GX7,901,25600,20125.0,57.713520233898,22.632753032901178,13.381675269753
Panasonic,Lumix DMC-GX7,901,25600,20125.0,58.72524577116,23.029508145552942,13.463000530048
Panasonic,Lumix DMC-GX7,901,25600,20125.0,59.736971308422,23.426263258204706,13.542813221012
Panasonic,Lumix DMC-GX7,901,25600,20125.0,60.748696845684,23.82301837085647,13.621167336688
Panasonic,Lumix DMC-GX7,901,25600,20125.0,61.760422382946,24.219773483508234,13.698114054127
Panasonic,Lumix DMC-GX7,901,25600,20125.0,62.772147920208,24.616528596160002,13.773701924758
Panasonic,Lumix DMC-GX7,901,25600,20125.0,63.78387345747,25.013283708811766,13.847977049852
Panasonic,Lumix DMC-GX7,901,25600,20125.0,64.795598994732,25.41003882146353,13.920983241655
Panasonic,Lumix DMC-GX7,901,25600,20125.0,65.807324531994,25.806793934115298,13.992762171548
Panasonic,Lumix DMC-GX7,901,25600,20125.0,66.819050069256,26.203549046767055,14.06335350647
Panasonic,Lumix DMC-GX7,901,25600,20125.0,67.830775606518,26.600304159418826,14.132795034701
Panasonic,Lumix DMC-GX7,901,25600,20125.0,68.84250114378,26.99705927207059,14.201122781974
Panasonic,Lumix DMC-GX7,901,25600,20125.0,69.854226681042,27.393814384722347,14.268371118795
Panasonic,Lumix DMC-GX7,901,25600,20125.0,70.865952218305,27.790569497374506,14.334572859759
Panasonic,Lumix DMC-GX7,901,25600,20125.0,71.877677755567,28.187324610026277,14.399759355556
Panasonic,Lumix DMC-GX7,901,25600,20125.0,72.889403292829,28.58407972267804,14.463960578312
Panasonic,Lumix DMC-GX7,901,25600,20125.0,73.901128830091,28.980834835329805,14.527205200816
Panasonic,Lumix DMC-GX7,901,25600,20125.0,74.912854367353,29.37758994798157,14.589520670177
Panasonic,Lumix DMC-GX7,901,25600,20125.0,75.924579904615,29.774345060633333,14.650933276343
Panasonic,Lumix DMC-GX7,901,25600,20125.0,76.936305441877,30.171100173285097,14.711468215925
Panasonic,Lumix DMC-GX7,901,25600,20125.0,77.948030979139,30.56785528593686,14.771149651699
Panasonic,Lumix DMC-GX7,901,25600,20125.0,78.959756516401,30.964610398588626,14.830000768127
Panasonic,Lumix DMC-GX7,901,25600,20125.0,79.971482053663,31.36136551124039,14.888043823217
Panasonic,Lumix DMC-GX7,901,25600,20125.0,80.983207590925,31.75812062389216,14.945300197011
Panasonic,Lumix DMC-GX7,901,25600,20125.0,81.994933128187,32.15487573654392,15.001790436942
Panasonic,Lumix DMC-GX7,901,25600,20125.0,83.006658665449,32.55163084919568,15.057534300323
Panasonic,Lumix DMC-GX7,901,25600,20125.0,84.018384202711,32.94838596184746,15.112550794163
Panasonic,Lumix DMC-GX7,901,25600,20125.0,85.030109739973,33.34514107449922,15.166858212516
Panasonic,Lumix DMC-GX7,901,25600,20125.0,86.041835277236,33.741896187151376,15.220474171547
Panasonic,Lumix DMC-GX7,901,25600,20125.0,87.053560814498,34.138651299803136,15.273415642473
Panasonic,Lumix DMC-GX7,901,25600,20125.0,88.06528635176,34.5354064124549,15.325698982534
Panasonic,Lumix DMC-GX7,901,25600,20125.0,89.077011889022,34.93216152510667,15.377339964135
Panasonic,Lumix DMC-GX7,901,25600,20125.0,90.088737426284,35.328916637758425,15.428353802286
Panasonic,Lumix DMC-GX7,901,25600,20125.0,91.100462963546,35.72567175041019,15.478755180453
Panasonic,Lumix DMC-GX7,901,25600,20125.0,92.112188500808,36.12242686306196,15.52855827494
Panasonic,Lumix DMC-GX7,901,25600,20125.0,93.12391403807,36.51918197571373,15.577776777885
Panasonic,Lumix DMC-GX7,901,25600,20125.0,94.135639575332,36.91593708836549,15.626423918975
Panasonic,Lumix DMC-GX7,901,25600,20125.0,95.147365112594,37.312692201017256,15.674512485964
Panasonic,Lumix DMC-GX7,901,25600,20125.0,96.159090649856,37.70944731366902,15.722054844068
Panasonic,Lumix DMC-GX7,901,25600,20125.0,97.170816187118,38.106202426320785,15.769062954303
Panasonic,Lumix DMC-GX7,901,25600,20125.0,98.18254172438,38.50295753897255,15.815548390858
Panasonic,Lumix DMC-GX7,901,25600,20125.0,99.194267261642,38.89971265162431,15.86152235753
Panasonic,Lumix DMC-GX7,901,25600,20125.0,100.2059927989,39.29646776427451,15.906995703309
Panasonic,Lumix DMC-GX7,901,25600,20125.0,101.21771833617,39.693222876929404,15.951978937153
Panasonic,Lumix DMC-GX7,901,25600,20125.0,102.22944387343,40.0899779895804,15.996482242
Panasonic,Lumix DMC-GX7,901,25600,20125.0,103.24116941069,40.486733102231376,16.040515488072
Panasonic,Lumix DMC-GX7,901,25600,20125.0,104.25289494795,40.883488214882355,16.084088245506
Panasonic,Lumix DMC-GX7,901,25600,20125.0,105.26462048521,41.280243327533334,16.127209796357
Panasonic,Lumix DMC-GX7,901,25600,20125.0,106.27634602248,41.676998440188235,16.169889146009
Panasonic,Lumix DMC-GX7,901,25600,20125.0,107.28807155974,42.073753552839214,16.212135034028
Panasonic,Lumix DMC-GX7,901,25600,20125.0,108.299797097,42.47050866549019,16.253955944487
Panasonic,Lumix DMC-GX7,901,25600,20125.0,109.31152263426,42.86726377814118,16.2953601158
Panasonic,Lumix DMC-GX7,901,25600,20125.0,110.32324817153,43.26401889079608,16.336355550084
Panasonic,Lumix DMC-GX7,901,25600,20125.0,111.33497370879,43.66077400344706,16.376950022087
Panasonic,Lumix DMC-GX7,901,25600,20125.0,112.34669924605,44.05752911609804,16.417151087689
Panasonic,Lumix DMC-GX7,901,25600,20125.0,113.35842478331,44.45428422874902,16.456966092024
Panasonic,Lumix DMC-GX7,901,25600,20125.0,114.37015032057,44.8510393414,16.496402177217
Panasonic,Lumix DMC-GX7,901,25600,20125.0,115.38187585784,45.247794454054905,16.535466289776
Panasonic,Lumix DMC-GX7,901,25600,20125.0,116.3936013951,45.644549566705884,16.574165187654
Panasonic,Lumix DMC-GX7,901,25600,20125.0,117.40532693236,46.04130467935686,16.612505446991
Panasonic,Lumix DMC-GX7,901,25600,20125.0,118.41705246962,46.43805979200785,16.650493468557
Panasonic,Lumix DMC-GX7,901,25600,20125.0,119.42877800688,46.83481490465882,16.688135483921
Panasonic,Lumix DMC-GX7,901,25600,20125.0,120.44050354415,47.23157001731373,16.725437561343
Panasonic,Lumix DMC-GX7,901,25600,20125.0,121.45222908141,47.62832512996471,16.762405611417
Panasonic,Lumix DMC-GX7,901,25600,20125.0,122.46395461867,48.02508024261569,16.79904539247
Panasonic,Lumix DMC-GX7,901,25600,20125.0,123.47568015593,48.421835355266666,16.835362515737
Panasonic,Lumix DMC-GX7,901,25600,20125.0,124.48740569319,48.818590467917645,16.871362450313
Panasonic,Lumix DMC-GX7,901,25600,20125.0,125.49913123046,49.215345580572546,16.907050527903
Panasonic,Lumix DMC-GX7,901,25600,20125.0,126.51085676772,49.61210069322353,16.942431947373
Panasonic,Lumix DMC-GX7,901,25600,20125.0,127.52258230498,50.00885580587451,16.977511779117
Panasonic,Lumix DMC-GX7,901,25600,20125.0,128.53430784224,50.40561091852549,17.012294969244
Panasonic,Lumix DMC-GX7,901,25600,20125.0,129.5460333795,50.80236603117647,17.046786343596
Panasonic,Lumix DMC-GX7,901,25600,20125.0,130.55775891677,51.19912114383137,17.080990611608
Panasonic,Lumix DMC-GX7,901,25600,20125.0,131.56948445403,51.595876256482356,17.114912370016
Panasonic,Lumix DMC-GX7,901,25600,20125.0,132.58120999129,51.992631369133335,17.148556106408
Panasonic,Lumix DMC-GX7,901,25600,20125.0,133.59293552855,52.38938648178431,17.181926202654
Panasonic,Lumix DMC-GX7,901,25600,20125.0,134.60466106581,52.7861415944353,17.215026938186
Panasonic,Lumix DMC-GX7,901,25600,20125.0,135.61638660308,53.1828967070902,17.247862493162
Panasonic,Lumix DMC-GX7,901,25600,20125.0,136.62811214034,53.57965181974117,17.280436951506
Panasonic,Lumix DMC-GX7,901,25600,20125.0,137.6398376776,53.976406932392166,17.312754303833
Panasonic,Lumix DMC-GX7,901,25600,20125.0,138.65156321486,54.373162045043145,17.344818450263
Panasonic,Lumix DMC-GX7,901,25600,20125.0,139.66328875212,54.76991715769412,17.376633203133
Panasonic,Lumix DMC-GX7,901,25600,20125.0,140.67501428939,55.16667227034902,17.408202289602
Panasonic,Lumix DMC-GX7,901,25600,20125.0,141.68673982665,55.56342738300001,17.439529354169
Panasonic,Lumix DMC-GX7,901,25600,20125.0,142.69846536391,55.960182495650976,17.47061796109
Panasonic,Lumix DMC-GX7,901,25600,20125.0,143.71019090117,56.35693760830196,17.501471596714
Panasonic,Lumix DMC-GX7,901,25600,20125.0,144.72191643844,56.75369272095686,17.532093671735
Panasonic,Lumix DMC-GX7,901,25600,20125.0,145.7336419757,57.15044783360784,17.562487523353
Panasonic,Lumix DMC-GX7,901,25600,20125.0,146.74536751296,57.54720294625882,17.592656417374
Panasonic,Lumix DMC-GX7,901,25600,20125.0,147.75709305022,57.94395805890981,17.622603550225
Panasonic,Lumix DMC-GX7,901,25600,20125.0,148.76881858748,58.340713171560786,17.652332050901
Panasonic,Lumix DMC-GX7,901,25600,20125.0,149.78054412475,58.73746828421569,17.681844982845
Panasonic,Lumix DMC-GX7,901,25600,20125.0,150.79226966201,59.13422339686667,17.711145345763
Panasonic,Lumix DMC-GX7,901,25600,20125.0,151.80399519927,59.53097850951764,17.740236077379
Panasonic,Lumix DMC-GX7,901,25600,20125.0,152.81572073653,59.92773362216863,17.769120055122
Panasonic,Lumix DMC-GX7,901,25600,20125.0,153.82744627379,60.3244887348196,17.797800097767
Panasonic,Lumix DMC-GX7,901,25600,20125.0,154.83917181106,60.721243847474504,17.826278967013
Panasonic,Lumix DMC-GX7,901,25600,20125.0,155.85089734832,61.11799896012548,17.854559369013
Panasonic,Lumix DMC-GX7,901,25600,20125.0,156.86262288558,61.514754072776476,17.882643955846
Panasonic,Lumix DMC-GX7,901,25600,20125.0,157.87434842284,61.91150918542745,17.910535326952
Panasonic,Lumix DMC-GX7,901,25600,20125.0,158.8860739601,62.30826429807843,17.938236030509
Panasonic,Lumix DMC-GX7,901,25600,20125.0,159.89779949737,62.70501941073333,17.965748564769
Panasonic,Lumix DMC-GX7,901,25600,20125.0,160.90952503463,63.101774523384314,17.993075379357
Panasonic,Lumix DMC-GX7,901,25600,20125.0,161.92125057189,63.49852963603529,18.020218876517
Panasonic,Lumix DMC-GX7,901,25600,20125.0,162.93297610915,63.89528474868628,18.047181412325
Panasonic,Lumix DMC-GX7,901,25600,20125.0,163.94470164641,64.29203986133726,18.073965297866
Panasonic,Lumix DMC-GX7,901,25600,20125.0,164.95642718368,64.68879497399216,18.100572800367
Panasonic,Lumix DMC-GX7,901,25600,20125.0,165.96815272094,65.08555008664314,18.127006144297
Panasonic,Lumix DMC-GX7,901,25600,20125.0,166.9798782582,65.48230519929412,18.153267512438
Panasonic,Lumix DMC-GX7,901,25600,20125.0,167.99160379546,65.8790603119451,18.179359046914
Panasonic,Lumix DMC-GX7,901,25600,20125.0,169.00332933272,66.27581542459608,18.205282850197
Panasonic,Lumix DMC-GX7,901,25600,20125.0,170.01505486999,66.67257053725098,18.231040986073
Panasonic,Lumix DMC-GX7,901,25600,20125.0,171.02678040725,67.06932564990196,18.256635480588
Panasonic,Lumix DMC-GX7,901,25600,20125.0,172.03850594451,67.46608076255295,18.282068322961
Panasonic,Lumix DMC-GX7,901,25600,20125.0,173.05023148177,67.86283587520391,18.307341466467
Panasonic,Lumix DMC-GX7,901,25600,20125.0,174.06195701904,68.25959098785881,18.332456829298
Panasonic,Lumix DMC-GX7,901,25600,20125.0,175.0736825563,68.65634610050981,18.357416295397
Panasonic,Lumix DMC-GX7,901,25600,20125.0,176.08540809356,69.05310121316079,18.382221715268
Panasonic,Lumix DMC-GX7,901,25600,20125.0,177.09713363082,69.44985632581177,18.40687490676
Panasonic,Lumix DMC-GX7,901,25600,20125.0,178.10885916808,69.84661143846273,18.43137765583
Panasonic,Lumix DMC-GX7,901,25600,20125.0,179.12058470535,70.24336655111765,18.455731717283
Panasonic,Lumix DMC-GX7,901,25600,20125.0,180.13231024261,70.64012166376862,18.479938815495
Panasonic,Lumix DMC-GX7,901,25600,20125.0,181.14403577987,71.0368767764196,18.504000645105
Panasonic,Lumix DMC-GX7,901,25600,20125.0,182.15576131713,71.43363188907058,18.527918871701
Panasonic,Lumix DMC-GX7,901,25600,20125.0,183.16748685439,71.83038700172158,18.551695132472
Panasonic,Lumix DMC-GX7,901,25600,20125.0,184.17921239166,72.22714211437648,18.575331036855
Panasonic,Lumix DMC-GX7,901,25600,20125.0,185.19093792892,72.62389722702744,18.598828167155
Panasonic,Lumix DMC-GX7,901,25600,20125.0,186.20266346618,73.02065233967843,18.622188079152
Panasonic,Lumix DMC-GX7,901,25600,20125.0,187.21438900344,73.41740745232941,18.645412302686
Panasonic,Lumix DMC-GX7,901,25600,20125.0,188.2261145407,73.81416256498039,18.668502342237
Panasonic,Lumix DMC-GX7,901,25600,20125.0,189.23784007797,74.2109176776353,18.691459677472
Panasonic,Lumix DMC-GX7,901,25600,20125.0,190.24956561523,74.60767279028629,18.714285763797
Panasonic,Lumix DMC-GX7,901,25600,20125.0,191.26129115249,75.00442790293725,18.736982032876
Panasonic,Lumix DMC-GX7,901,25600,20125.0,192.27301668975,75.40118301558823,18.759549893146
Panasonic,Lumix DMC-GX7,901,25600,20125.0,193.28474222701,75.79793812823922,18.781990730321
Panasonic,Lumix DMC-GX7,901,25600,20125.0,194.29646776428,76.19469324089411,18.804305907868
Panasonic,Lumix DMC-GX7,901,25600,20125.0,195.30819330154,76.5914483535451,18.82649676749
Panasonic,Lumix DMC-GX7,901,25600,20125.0,196.3199188388,76.98820346619607,18.848564629579
Panasonic,Lumix DMC-GX7,901,25600,20125.0,197.33164437606,77.38495857884706,18.870510793668
Panasonic,Lumix DMC-GX7,901,25600,20125.0,198.34336991332,77.78171369149804,18.892336538865
Panasonic,Lumix DMC-GX7,901,25600,20125.0,199.35509545059,78.17846880415294,18.914043124283
Panasonic,Lumix DMC-GX7,901,25600,20125.0,200.36682098785,78.57522391680392,18.935631789446
Panasonic,Lumix DMC-GX7,901,25600,20125.0,201.37854652511,78.97197902945491,18.957103754702
Panasonic,Lumix DMC-GX7,901,25600,20125.0,202.39027206237,79.36873414210588,18.978460221609
Panasonic,Lumix DMC-GX7,901,25600,20125.0,203.40199759964,79.76548925476078,18.99970237332
Panasonic,Lumix DMC-GX7,901,25600,20125.0,204.4137231369,80.16224436741176,19.020831374961
Panasonic,Lumix DMC-GX7,901,25600,20125.0,205.42544867416,80.55899948006275,19.041848373986
Panasonic,Lumix DMC-GX7,901,25600,20125.0,206.43717421142,80.95575459271373,19.062754500543
Panasonic,Lumix DMC-GX7,901,25600,20125.0,207.44889974868,81.35250970536471,19.08355086781
Panasonic,Lumix DMC-GX7,901,25600,20125.0,208.46062528595,81.74926481801961,19.104238572338
Panasonic,Lumix DMC-GX7,901,25600,20125.0,209.47235082321,82.14601993067059,19.124818694381
Panasonic,Lumix DMC-GX7,901,25600,20125.0,210.48407636047,82.54277504332157,19.145292298211
Panasonic,Lumix DMC-GX7,901,25600,20125.0,211.49580189773,82.93953015597253,19.165660432439
Panasonic,Lumix DMC-GX7,901,25600,20125.0,212.50752743499,83.33628526862353,19.185924130315
Panasonic,Lumix DMC-GX7,901,25600,20125.0,213.51925297226,83.73304038127843,19.206084410028
Panasonic,Lumix DMC-GX7,901,25600,20125.0,214.53097850952,84.12979549392942,19.226142274998
Panasonic,Lumix DMC-GX7,901,25600,20125.0,215.54270404678,84.52655060658039,19.246098714156
Panasonic,Lumix DMC-GX7,901,25600,20125.0,216.55442958404,84.92330571923138,19.265954702227
Panasonic,Lumix DMC-GX7,901,25600,20125.0,217.5661551213,85.32006083188234,19.285711199996
Panasonic,Lumix DMC-GX7,901,25600,20125.0,218.57788065857,85.71681594453725,19.305369154574
Panasonic,Lumix DMC-GX7,901,25600,20125.0,219.58960619583,86.11357105718824,19.324929499657
Panasonic,Lumix DMC-GX7,901,25600,20125.0,220.60133173309,86.51032616983922,19.344393155776
Panasonic,Lumix DMC-GX7,901,25600,20125.0,221.61305727035,86.9070812824902,19.363761030542
Panasonic,Lumix DMC-GX7,901,25600,20125.0,222.62478280761,87.30383639514118,19.383034018891
Panasonic,Lumix DMC-GX7,901,25600,20125.0,223.63650834488,87.70059150779609,19.402213003314
Panasonic,Lumix DMC-GX7,901,25600,20125.0,224.64823388214,88.09734662044706,19.421298854087
Panasonic,Lumix DMC-GX7,901,25600,20125.0,225.6599594194,88.49410173309803,19.440292429501
Panasonic,Lumix DMC-GX7,901,25600,20125.0,226.67168495666,88.89085684574901,19.45919457607
Panasonic,Lumix DMC-GX7,901,25600,20125.0,227.68341049392,89.2876119584,19.478006128756
Panasonic,Lumix DMC-GX7,901,25600,20125.0,228.69513603119,89.68436707105491,19.496727911172
Panasonic,Lumix DMC-GX7,901,25600,20125.0,229.70686156845,90.08112218370587,19.515360735788
Panasonic,Lumix DMC-GX7,901,25600,20125.0,230.71858710571,90.47787729635685,19.533905404131
Panasonic,Lumix DMC-GX7,901,25600,20125.0,231.73031264297,90.87463240900784,19.552362706978
Panasonic,Lumix DMC-GX7,901,25600,20125.0,232.74203818024,91.27138752166275,19.570733424554
Panasonic,Lumix DMC-GX7,901,25600,20125.0,233.7537637175,91.66814263431372,19.589018326711
Panasonic,Lumix DMC-GX7,901,25600,20125.0,234.76548925476,92.06489774696472,19.607218173115
Panasonic,Lumix DMC-GX7,901,25600,20125.0,235.77721479202,92.46165285961568,19.625333713422
Panasonic,Lumix DMC-GX7,901,25600,20125.0,236.78894032928,92.85840797226666,19.643365687458
Panasonic,Lumix DMC-GX7,901,25600,20125.0,237.80066586655,93.25516308492156,19.661314825385
Panasonic,Lumix DMC-GX7,901,25600,20125.0,238.81239140381,93.65191819757254,19.679181847869
Panasonic,Lumix DMC-GX7,901,25600,20125.0,239.82411694107,94.04867331022353,19.696967466245
Panasonic,Lumix DMC-GX7,901,25600,20125.0,240.83584247833,94.44542842287451,19.71467238268
Panasonic,Lumix DMC-GX7,901,25600,20125.0,241.84756801559,94.84218353552549,19.732297290323
Panasonic,Lumix DMC-GX7,901,25600,20125.0,242.85929355286,95.2389386481804,19.749842873465
Panasonic,Lumix DMC-GX7,901,25600,20125.0,243.87101909012,95.63569376083137,19.767309807685
Panasonic,Lumix DMC-GX7,901,25600,20125.0,244.88274462738,96.03244887348235,19.784698759999
Panasonic,Lumix DMC-GX7,901,25600,20125.0,245.89447016464,96.42920398613334,19.802010389004
Panasonic,Lumix DMC-GX7,901,25600,20125.0,246.9061957019,96.82595909878432,19.819245345018
Panasonic,Lumix DMC-GX7,901,25600,20125.0,247.91792123917,97.22271421143923,19.83640427022
Panasonic,Lumix DMC-GX7,901,25600,20125.0,248.92964677643,97.61946932409019,19.853487798781
Panasonic,Lumix DMC-GX7,901,25600,20125.0,249.94137231369,98.01622443674118,19.870496557003
Panasonic,Lumix DMC-GX7,901,25600,20125.0,250.95309785095,98.41297954939215,19.887431163441
Panasonic,Lumix DMC-GX7,901,25600,20125.0,251.96482338821,98.80973466204314,19.904292229036
Panasonic,Lumix DMC-GX7,901,25600,20125.0,252.97654892548,99.20648977469804,19.921080357237
Panasonic,Lumix DMC-GX7,901,25600,20125.0,253.98827446274,99.60324488734902,19.937796144122
Panasonic,Lumix DMC-GX7,901,25600,20125.0,255,100.0,19.95444017852
