brand,model,sensor_id,iso_manufacturer,iso_measured,gray_level_255,gray_pct,snr_db
Panasonic,Lumix DMC-FZ330,1040,100,78.0,0.15482508120343,0.06071571811899216,0
Panasonic,Lumix DMC-FZ330,1040,100,78.0,0.30542316779846,0.11977379129351373,4.6794538597084
Panasonic,Lumix DMC-FZ330,1040,100,78.0,0.5563298170989,0.2181685557250588,8.3997533588233
Panasonic,Lumix DMC-FZ330,1040,100,78.0,1.0674172365136,0.41859499471121575,12.041568723234
Panasonic,Lumix DMC-FZ330,1040,100,78.0,2.0699776621852,0.8117559459549805,15.412658397355
Panasonic,Lumix DMC-FZ330,1040,100,78.0,4.1893823994712,1.6428950586161568,18.75871013642
Panasonic,Lumix DMC-FZ330,1040,100,78.0,4.2204920782656,1.6550949326531765,18.792879207563
Panasonic,Lumix DMC-FZ330,1040,100,78.0,5.2276386964252,2.05005439075498,19.774540078329
Panasonic,Lumix DMC-FZ330,1040,100,78.0,6.2347853145847,2.445013848856745,20.573810986277
Panasonic,Lumix DMC-FZ330,1040,100,78.0,7.2419319327443,2.839973306958549,21.247539283735
Panasonic,Lumix DMC-FZ330,1040,100,78.0,8.2490785509039,3.2349327650603525,21.829591702119
Panasonic,Lumix DMC-FZ330,1040,100,78.0,9.2562251690635,3.6298922231621567,22.341766631028
Panasonic,Lumix DMC-FZ330,1040,100,78.0,10.263371787223,4.024851681263922,22.798917667131
Panasonic,Lumix DMC-FZ330,1040,100,78.0,11.270518405383,4.419811139365882,23.211619602479
Panasonic,Lumix DMC-FZ330,1040,100,78.0,12.277665023542,4.814770597467451,23.587667409146
Panasonic,Lumix DMC-FZ330,1040,100,78.0,13.284811641702,5.209730055569412,23.932971797681
Panasonic,Lumix DMC-FZ330,1040,100,78.0,14.291958259861,5.60468951367098,24.25212108266
Panasonic,Lumix DMC-FZ330,1040,100,78.0,15.299104878021,5.999648971772941,24.548748189758
Panasonic,Lumix DMC-FZ330,1040,100,78.0,16.30625149618,6.39460842987451,24.825778626402
Panasonic,Lumix DMC-FZ330,1040,100,78.0,17.31339811434,6.789567887976471,25.085602917568
Panasonic,Lumix DMC-FZ330,1040,100,78.0,18.3205447325,7.184527346078432,25.330199528056
Panasonic,Lumix DMC-FZ330,1040,100,78.0,19.327691350659,7.579486804179999,25.561224403331
Panasonic,Lumix DMC-FZ330,1040,100,78.0,20.334837968819,7.97444626228196,25.780077445472
Panasonic,Lumix DMC-FZ330,1040,100,78.0,21.341984586978,8.36940572038353,25.987952703634
Panasonic,Lumix DMC-FZ330,1040,100,78.0,22.349131205138,8.764365178485491,26.185876842481
Panasonic,Lumix DMC-FZ330,1040,100,78.0,23.356277823298,9.159324636587451,26.374739026852
Panasonic,Lumix DMC-FZ330,1040,100,78.0,24.363424441457,9.55428409468902,26.555314422677
Panasonic,Lumix DMC-FZ330,1040,100,78.0,25.370571059617,9.94924355279098,26.728282883319
Panasonic,Lumix DMC-FZ330,1040,100,78.0,26.377717677776,10.34420301089255,26.894243958271
Panasonic,Lumix DMC-FZ330,1040,100,78.0,27.384864295936,10.739162468994511,27.053729059784
Panasonic,Lumix DMC-FZ330,1040,100,78.0,28.392010914095,11.134121927096079,27.207211409626
Panasonic,Lumix DMC-FZ330,1040,100,78.0,29.399157532255,11.52908138519804,27.355114234858
Panasonic,Lumix DMC-FZ330,1040,100,78.0,30.406304150415,11.9240408433,27.497817569894
Panasonic,Lumix DMC-FZ330,1040,100,78.0,31.413450768574,12.319000301401568,27.635663939886
Panasonic,Lumix DMC-FZ330,1040,100,78.0,32.420597386734,12.71395975950353,27.768963139152
Panasonic,Lumix DMC-FZ330,1040,100,78.0,33.427744004893,13.108919217605097,27.89799627223
Panasonic,Lumix DMC-FZ330,1040,100,78.0,34.434890623053,13.50387867570706,28.023019189982
Panasonic,Lumix DMC-FZ330,1040,100,78.0,35.442037241212,13.898838133808628,28.144265426279
Panasonic,Lumix DMC-FZ330,1040,100,78.0,36.449183859372,14.293797591910588,28.261948719892
Panasonic,Lumix DMC-FZ330,1040,100,78.0,37.456330477532,14.68875705001255,28.376265189967
Panasonic,Lumix DMC-FZ330,1040,100,78.0,38.463477095691,15.083716508114117,28.487395220651
Panasonic,Lumix DMC-FZ330,1040,100,78.0,39.470623713851,15.478675966216077,28.595505100319
Panasonic,Lumix DMC-FZ330,1040,100,78.0,40.47777033201,15.873635424317648,28.700748452763
Panasonic,Lumix DMC-FZ330,1040,100,78.0,41.48491695017,16.26859488241961,28.803267491252
Panasonic,Lumix DMC-FZ330,1040,100,78.0,42.492063568329,16.663554340521177,28.903194121121
Panasonic,Lumix DMC-FZ330,1040,100,78.0,43.499210186489,17.05851379862314,29.000650912331
Panasonic,Lumix DMC-FZ330,1040,100,78.0,44.506356804649,17.4534732567251,29.095751959979
Panasonic,Lumix DMC-FZ330,1040,100,78.0,45.513503422808,17.848432714826668,29.188603647892
Panasonic,Lumix DMC-FZ330,1040,100,78.0,46.520650040968,18.243392172928626,29.279305328121
Panasonic,Lumix DMC-FZ330,1040,100,78.0,47.527796659127,18.638351631030194,29.367949927209
Panasonic,Lumix DMC-FZ330,1040,100,78.0,48.534943277287,19.03331108913216,29.454624488493
Panasonic,Lumix DMC-FZ330,1040,100,78.0,49.542089895446,19.428270547233726,29.539410658395
Panasonic,Lumix DMC-FZ330,1040,100,78.0,50.549236513606,19.823230005335684,29.622385123468
Panasonic,Lumix DMC-FZ330,1040,100,78.0,51.556383131766,20.218189463437646,29.703620004098
Panasonic,Lumix DMC-FZ330,1040,100,78.0,52.563529749925,20.613148921539217,29.783183209894
Panasonic,Lumix DMC-FZ330,1040,100,78.0,53.570676368085,21.00810837964118,29.861138761168
Panasonic,Lumix DMC-FZ330,1040,100,78.0,54.577822986244,21.403067837742746,29.937547080309
Panasonic,Lumix DMC-FZ330,1040,100,78.0,55.584969604404,21.798027295844708,30.012465256374
Panasonic,Lumix DMC-FZ330,1040,100,78.0,56.592116222563,22.192986753946276,30.085947285797
Panasonic,Lumix DMC-FZ330,1040,100,78.0,57.599262840723,22.587946212048234,30.158044291756
Panasonic,Lumix DMC-FZ330,1040,100,78.0,58.606409458883,22.982905670150195,30.22880472443
Panasonic,Lumix DMC-FZ330,1040,100,78.0,59.613556077042,23.377865128251766,30.298274544108
Panasonic,Lumix DMC-FZ330,1040,100,78.0,60.620702695202,23.772824586353725,30.366497388881
Panasonic,Lumix DMC-FZ330,1040,100,78.0,61.627849313361,24.167784044455292,30.433514728459
Panasonic,Lumix DMC-FZ330,1040,100,78.0,62.634995931521,24.562743502557254,30.499366005449
Panasonic,Lumix DMC-FZ330,1040,100,78.0,63.642142549681,24.957702960659216,30.564088765321
Panasonic,Lumix DMC-FZ330,1040,100,78.0,64.64928916784,25.352662418760787,30.627718776116
Panasonic,Lumix DMC-FZ330,1040,100,78.0,65.656435786,25.74762187686275,30.690290138867
Panasonic,Lumix DMC-FZ330,1040,100,78.0,66.663582404159,26.142581334964316,30.75183538957
Panasonic,Lumix DMC-FZ330,1040,100,78.0,67.670729022319,26.53754079306627,30.812385593477
Panasonic,Lumix DMC-FZ330,1040,100,78.0,68.677875640478,26.932500251167845,30.871970432398
Panasonic,Lumix DMC-FZ330,1040,100,78.0,69.685022258638,27.327459709269803,30.930618285613
Panasonic,Lumix DMC-FZ330,1040,100,78.0,70.692168876798,27.722419167371765,30.988356304958
Panasonic,Lumix DMC-FZ330,1040,100,78.0,71.699315494957,28.11737862547334,31.045210484583
Panasonic,Lumix DMC-FZ330,1040,100,78.0,72.706462113117,28.512338083575294,31.10120572581
Panasonic,Lumix DMC-FZ330,1040,100,78.0,73.713608731276,28.90729754167686,31.156365897528
Panasonic,Lumix DMC-FZ330,1040,100,78.0,74.720755349436,29.302256999778827,31.210713892461
Panasonic,Lumix DMC-FZ330,1040,100,78.0,75.727901967595,29.697216457880394,31.264271679659
Panasonic,Lumix DMC-FZ330,1040,100,78.0,76.735048585755,30.09217591598235,31.317060353512
Panasonic,Lumix DMC-FZ330,1040,100,78.0,77.742195203915,30.48713537408431,31.369100179545
Panasonic,Lumix DMC-FZ330,1040,100,78.0,78.749341822074,30.88209483218588,31.420410637264
Panasonic,Lumix DMC-FZ330,1040,100,78.0,79.756488440234,31.277054290287843,31.471010460268
Panasonic,Lumix DMC-FZ330,1040,100,78.0,80.763635058393,31.672013748389418,31.520917673828
Panasonic,Lumix DMC-FZ330,1040,100,78.0,81.770781676553,32.066973206491376,31.570149630137
Panasonic,Lumix DMC-FZ330,1040,100,78.0,82.777928294713,32.461932664593334,31.61872304139
Panasonic,Lumix DMC-FZ330,1040,100,78.0,83.785074912872,32.8568921226949,31.666654010854
Panasonic,Lumix DMC-FZ330,1040,100,78.0,84.792221531032,33.25185158079686,31.713958062087
Panasonic,Lumix DMC-FZ330,1040,100,78.0,85.799368149191,33.64681103889843,31.760650166407
Panasonic,Lumix DMC-FZ330,1040,100,78.0,86.806514767351,34.04177049700039,31.80674476877
Panasonic,Lumix DMC-FZ330,1040,100,78.0,87.81366138551,34.43672995510197,31.852255812141
Panasonic,Lumix DMC-FZ330,1040,100,78.0,88.82080800367,34.83168941320392,31.897196760473
Panasonic,Lumix DMC-FZ330,1040,100,78.0,89.82795462183,35.22664887130588,31.941580620383
Panasonic,Lumix DMC-FZ330,1040,100,78.0,90.835101239989,35.62160832940745,31.985419961625
Panasonic,Lumix DMC-FZ330,1040,100,78.0,91.842247858149,36.01656778750941,32.028726936416
Panasonic,Lumix DMC-FZ330,1040,100,78.0,92.849394476308,36.41152724561098,32.07151329772
Panasonic,Lumix DMC-FZ330,1040,100,78.0,93.856541094468,36.80648670371294,32.113790416529
Panasonic,Lumix DMC-FZ330,1040,100,78.0,94.863687712628,37.20144616181491,32.15556929823
Panasonic,Lumix DMC-FZ330,1040,100,78.0,95.870834330787,37.596405619916474,32.196860598095
Panasonic,Lumix DMC-FZ330,1040,100,78.0,96.877980948947,37.99136507801843,32.237674635969
Panasonic,Lumix DMC-FZ330,1040,100,78.0,97.885127567106,38.38632453612,32.278021410186
Panasonic,Lumix DMC-FZ330,1040,100,78.0,98.892274185266,38.78128399422196,32.317910610781
Panasonic,Lumix DMC-FZ330,1040,100,78.0,99.899420803425,39.176243452323526,32.35735163202
Panasonic,Lumix DMC-FZ330,1040,100,78.0,100.90656742158,39.57120291042352,32.396353584308
Panasonic,Lumix DMC-FZ330,1040,100,78.0,101.91371403974,39.966162368525495,32.4349253055
Panasonic,Lumix DMC-FZ330,1040,100,78.0,102.9208606579,40.361121826627446,32.473075371655
Panasonic,Lumix DMC-FZ330,1040,100,78.0,103.92800727606,40.75608128472941,32.510812107264
Panasonic,Lumix DMC-FZ330,1040,100,78.0,104.93515389422,41.15104074283137,32.548143594985
Panasonic,Lumix DMC-FZ330,1040,100,78.0,105.94230051238,41.546000200933335,32.585077684912
Panasonic,Lumix DMC-FZ330,1040,100,78.0,106.94944713054,41.94095965903529,32.621622003399
Panasonic,Lumix DMC-FZ330,1040,100,78.0,107.9565937487,42.33591911713725,32.657783961478
Panasonic,Lumix DMC-FZ330,1040,100,78.0,108.96374036686,42.73087857523921,32.693570762877
Panasonic,Lumix DMC-FZ330,1040,100,78.0,109.97088698502,43.12583803334118,32.728989411676
Panasonic,Lumix DMC-FZ330,1040,100,78.0,110.97803360318,43.52079749144313,32.764046719602
Panasonic,Lumix DMC-FZ330,1040,100,78.0,111.98518022134,43.9157569495451,32.798749313006
Panasonic,Lumix DMC-FZ330,1040,100,78.0,112.9923268395,44.31071640764706,32.833103639519
Panasonic,Lumix DMC-FZ330,1040,100,78.0,113.99947345766,44.70567586574902,32.867115974412
Panasonic,Lumix DMC-FZ330,1040,100,78.0,115.00662007582,45.10063532385098,32.900792426681
Panasonic,Lumix DMC-FZ330,1040,100,78.0,116.01376669398,45.49559478195294,32.934138944859
Panasonic,Lumix DMC-FZ330,1040,100,78.0,117.02091331214,45.8905542400549,32.967161322583
Panasonic,Lumix DMC-FZ330,1040,100,78.0,118.0280599303,46.28551369815687,32.999865203915
Panasonic,Lumix DMC-FZ330,1040,100,78.0,119.03520654846,46.68047315625882,33.032256088441
Panasonic,Lumix DMC-FZ330,1040,100,78.0,120.04235316662,47.075432614360786,33.064339336156
Panasonic,Lumix DMC-FZ330,1040,100,78.0,121.04949978478,47.470392072462744,33.096120172138
Panasonic,Lumix DMC-FZ330,1040,100,78.0,122.05664640294,47.86535153056471,33.127603691033
Panasonic,Lumix DMC-FZ330,1040,100,78.0,123.0637930211,48.26031098866667,33.158794861356
Panasonic,Lumix DMC-FZ330,1040,100,78.0,124.07093963926,48.655270446768625,33.18969852961
Panasonic,Lumix DMC-FZ330,1040,100,78.0,125.07808625741,49.05022990486667,33.220319424247
Panasonic,Lumix DMC-FZ330,1040,100,78.0,126.08523287557,49.44518936296863,33.250662159462
Panasonic,Lumix DMC-FZ330,1040,100,78.0,127.09237949373,49.840148821070585,33.280731238841
Panasonic,Lumix DMC-FZ330,1040,100,78.0,128.09952611189,50.23510827917255,33.310531058859
Panasonic,Lumix DMC-FZ330,1040,100,78.0,129.10667273005,50.63006773727451,33.34006591225
Panasonic,Lumix DMC-FZ330,1040,100,78.0,130.11381934821,51.025027195376474,33.369339991233
Panasonic,Lumix DMC-FZ330,1040,100,78.0,131.12096596637,51.41998665347843,33.398357390625
Panasonic,Lumix DMC-FZ330,1040,100,78.0,132.12811258453,51.81494611158038,33.42712211083
Panasonic,Lumix DMC-FZ330,1040,100,78.0,133.13525920269,52.209905569682356,33.45563806071
Panasonic,Lumix DMC-FZ330,1040,100,78.0,134.14240582085,52.60486502778431,33.483909060357
Panasonic,Lumix DMC-FZ330,1040,100,78.0,135.14955243901,52.99982448588627,33.511938843753
Panasonic,Lumix DMC-FZ330,1040,100,78.0,136.15669905717,53.39478394398823,33.539731061332
Panasonic,Lumix DMC-FZ330,1040,100,78.0,137.16384567533,53.789743402090195,33.567289282454
Panasonic,Lumix DMC-FZ330,1040,100,78.0,138.17099229349,54.18470286019216,33.59461699778
Panasonic,Lumix DMC-FZ330,1040,100,78.0,139.17813891165,54.57966231829412,33.621717621563
Panasonic,Lumix DMC-FZ330,1040,100,78.0,140.18528552981,54.97462177639607,33.648594493863
Panasonic,Lumix DMC-FZ330,1040,100,78.0,141.19243214797,55.36958123449804,33.67525088267
Panasonic,Lumix DMC-FZ330,1040,100,78.0,142.19957876613,55.76454069260001,33.701689985962
Panasonic,Lumix DMC-FZ330,1040,100,78.0,143.20672538429,56.15950015070196,33.727914933686
Panasonic,Lumix DMC-FZ330,1040,100,78.0,144.21387200245,56.55445960880392,33.753928789671
Panasonic,Lumix DMC-FZ330,1040,100,78.0,145.22101862061,56.94941906690588,33.779734553468
Panasonic,Lumix DMC-FZ330,1040,100,78.0,146.22816523877,57.34437852500784,33.80533516214
Panasonic,Lumix DMC-FZ330,1040,100,78.0,147.23531185693,57.739337983109806,33.830733491972
Panasonic,Lumix DMC-FZ330,1040,100,78.0,148.24245847509,58.13429744121176,33.855932360142
Panasonic,Lumix DMC-FZ330,1040,100,78.0,149.24960509324,58.529256899309814,33.88093452632
Panasonic,Lumix DMC-FZ330,1040,100,78.0,150.2567517114,58.924216357411765,33.905742694218
Panasonic,Lumix DMC-FZ330,1040,100,78.0,151.26389832956,59.319175815513724,33.930359513094
Panasonic,Lumix DMC-FZ330,1040,100,78.0,152.27104494772,59.714135273615675,33.954787579196
Panasonic,Lumix DMC-FZ330,1040,100,78.0,153.27819156588,60.10909473171765,33.979029437168
Panasonic,Lumix DMC-FZ330,1040,100,78.0,154.28533818404,60.50405418981961,34.003087581401
Panasonic,Lumix DMC-FZ330,1040,100,78.0,155.2924848022,60.899013647921564,34.026964457345
Panasonic,Lumix DMC-FZ330,1040,100,78.0,156.29963142036,61.29397310602352,34.050662462782
Panasonic,Lumix DMC-FZ330,1040,100,78.0,157.30677803852,61.6889325641255,34.074183949046
Panasonic,Lumix DMC-FZ330,1040,100,78.0,158.31392465668,62.08389202222745,34.097531222218
Panasonic,Lumix DMC-FZ330,1040,100,78.0,159.32107127484,62.47885148032941,34.120706544274
Panasonic,Lumix DMC-FZ330,1040,100,78.0,160.328217893,62.87381093843136,34.143712134201
Panasonic,Lumix DMC-FZ330,1040,100,78.0,161.33536451116,63.268770396533334,34.166550169074
Panasonic,Lumix DMC-FZ330,1040,100,78.0,162.34251112932,63.6637298546353,34.189222785103
Panasonic,Lumix DMC-FZ330,1040,100,78.0,163.34965774748,64.05868931273724,34.211732078649
Panasonic,Lumix DMC-FZ330,1040,100,78.0,164.35680436564,64.45364877083921,34.2340801072
Panasonic,Lumix DMC-FZ330,1040,100,78.0,165.3639509838,64.84860822894119,34.256268890332
Panasonic,Lumix DMC-FZ330,1040,100,78.0,166.37109760196,65.24356768704314,34.278300410623
Panasonic,Lumix DMC-FZ330,1040,100,78.0,167.37824422012,65.6385271451451,34.300176614554
Panasonic,Lumix DMC-FZ330,1040,100,78.0,168.38539083828,66.03348660324706,34.321899413377
Panasonic,Lumix DMC-FZ330,1040,100,78.0,169.39253745644,66.42844606134902,34.343470683953
Panasonic,Lumix DMC-FZ330,1040,100,78.0,170.3996840746,66.82340551945099,34.364892269577
Panasonic,Lumix DMC-FZ330,1040,100,78.0,171.40683069276,67.21836497755294,34.386165980763
Panasonic,Lumix DMC-FZ330,1040,100,78.0,172.41397731091,67.613324435651,34.407293596021
Panasonic,Lumix DMC-FZ330,1040,100,78.0,173.42112392907,68.00828389375295,34.4282768626
Panasonic,Lumix DMC-FZ330,1040,100,78.0,174.42827054723,68.4032433518549,34.449117497215
Panasonic,Lumix DMC-FZ330,1040,100,78.0,175.43541716539,68.79820280995685,34.469817186752
Panasonic,Lumix DMC-FZ330,1040,100,78.0,176.44256378355,69.19316226805883,34.490377588956
Panasonic,Lumix DMC-FZ330,1040,100,78.0,177.44971040171,69.5881217261608,34.510800333088
Panasonic,Lumix DMC-FZ330,1040,100,78.0,178.45685701987,69.98308118426274,34.531087020581
Panasonic,Lumix DMC-FZ330,1040,100,78.0,179.46400363803,70.37804064236471,34.551239225662
Panasonic,Lumix DMC-FZ330,1040,100,78.0,180.47115025619,70.77300010046666,34.571258495962
Panasonic,Lumix DMC-FZ330,1040,100,78.0,181.47829687435,71.16795955856863,34.591146353115
Panasonic,Lumix DMC-FZ330,1040,100,78.0,182.48544349251,71.56291901667059,34.610904293328
Panasonic,Lumix DMC-FZ330,1040,100,78.0,183.49259011067,71.95787847477256,34.630533787949
Panasonic,Lumix DMC-FZ330,1040,100,78.0,184.49973672883,72.35283793287451,34.650036284007
Panasonic,Lumix DMC-FZ330,1040,100,78.0,185.50688334699,72.74779739097647,34.669413204745
Panasonic,Lumix DMC-FZ330,1040,100,78.0,186.51402996515,73.14275684907842,34.688665950138
Panasonic,Lumix DMC-FZ330,1040,100,78.0,187.52117658331,73.53771630718039,34.707795897395
Panasonic,Lumix DMC-FZ330,1040,100,78.0,188.52832320147,73.93267576528235,34.726804401444
Panasonic,Lumix DMC-FZ330,1040,100,78.0,189.53546981963,74.32763522338432,34.745692795413
Panasonic,Lumix DMC-FZ330,1040,100,78.0,190.54261643779,74.72259468148627,34.764462391093
Panasonic,Lumix DMC-FZ330,1040,100,78.0,191.54976305595,75.11755413958824,34.783114479384
Panasonic,Lumix DMC-FZ330,1040,100,78.0,192.55690967411,75.51251359769019,34.801650330742
Panasonic,Lumix DMC-FZ330,1040,100,78.0,193.56405629227,75.90747305579217,34.8200711956
Panasonic,Lumix DMC-FZ330,1040,100,78.0,194.57120291043,76.30243251389412,34.838378304788
Panasonic,Lumix DMC-FZ330,1040,100,78.0,195.57834952858,76.69739197199216,34.856572869938
Panasonic,Lumix DMC-FZ330,1040,100,78.0,196.58549614674,77.09235143009411,34.87465608388
Panasonic,Lumix DMC-FZ330,1040,100,78.0,197.5926427649,77.48731088819608,34.892629121028
Panasonic,Lumix DMC-FZ330,1040,100,78.0,198.59978938306,77.88227034629804,34.910493137752
Panasonic,Lumix DMC-FZ330,1040,100,78.0,199.60693600122,78.2772298044,34.928249272748
Panasonic,Lumix DMC-FZ330,1040,100,78.0,200.61408261938,78.67218926250197,34.945898647395
Panasonic,Lumix DMC-FZ330,1040,100,78.0,201.62122923754,79.06714872060392,34.963442366097
Panasonic,Lumix DMC-FZ330,1040,100,78.0,202.6283758557,79.46210817870588,34.980881516631
Panasonic,Lumix DMC-FZ330,1040,100,78.0,203.63552247386,79.85706763680784,34.99821717047
Panasonic,Lumix DMC-FZ330,1040,100,78.0,204.64266909202,80.25202709490979,35.015450383109
Panasonic,Lumix DMC-FZ330,1040,100,78.0,205.64981571018,80.64698655301177,35.032582194379
Panasonic,Lumix DMC-FZ330,1040,100,78.0,206.65696232834,81.04194601111374,35.049613628755
Panasonic,Lumix DMC-FZ330,1040,100,78.0,207.6641089465,81.43690546921569,35.066545695654
Panasonic,Lumix DMC-FZ330,1040,100,78.0,208.67125556466,81.83186492731764,35.083379389728
Panasonic,Lumix DMC-FZ330,1040,100,78.0,209.67840218282,82.2268243854196,35.100115691149
Panasonic,Lumix DMC-FZ330,1040,100,78.0,210.68554880098,82.62178384352157,35.116755565885
Panasonic,Lumix DMC-FZ330,1040,100,78.0,211.69269541914,83.01674330162353,35.133299965978
Panasonic,Lumix DMC-FZ330,1040,100,78.0,212.6998420373,83.41170275972549,35.149749829801
Panasonic,Lumix DMC-FZ330,1040,100,78.0,213.70698865546,83.80666221782745,35.166106082322
Panasonic,Lumix DMC-FZ330,1040,100,78.0,214.71413527362,84.20162167592942,35.182369635359
Panasonic,Lumix DMC-FZ330,1040,100,78.0,215.72128189178,84.59658113403137,35.198541387818
Panasonic,Lumix DMC-FZ330,1040,100,78.0,216.72842850994,84.99154059213333,35.214622225945
Panasonic,Lumix DMC-FZ330,1040,100,78.0,217.7355751281,85.3865000502353,35.230613023553
Panasonic,Lumix DMC-FZ330,1040,100,78.0,218.74272174625,85.78145950833334,35.246514642257
Panasonic,Lumix DMC-FZ330,1040,100,78.0,219.74986836441,86.17641896643529,35.262327931697
Panasonic,Lumix DMC-FZ330,1040,100,78.0,220.75701498257,86.57137842453726,35.278053729757
Panasonic,Lumix DMC-FZ330,1040,100,78.0,221.76416160073,86.96633788263922,35.293692862782
Panasonic,Lumix DMC-FZ330,1040,100,78.0,222.77130821889,87.36129734074117,35.309246145785
Panasonic,Lumix DMC-FZ330,1040,100,78.0,223.77845483705,87.75625679884314,35.324714382655
Panasonic,Lumix DMC-FZ330,1040,100,78.0,224.78560145521,88.1512162569451,35.340098366353
Panasonic,Lumix DMC-FZ330,1040,100,78.0,225.79274807337,88.54617571504706,35.355398879114
Panasonic,Lumix DMC-FZ330,1040,100,78.0,226.79989469153,88.94113517314902,35.370616692633
Panasonic,Lumix DMC-FZ330,1040,100,78.0,227.80704130969,89.33609463125097,35.385752568255
Panasonic,Lumix DMC-FZ330,1040,100,78.0,228.81418792785,89.73105408935295,35.400807257158
Panasonic,Lumix DMC-FZ330,1040,100,78.0,229.82133454601,90.1260135474549,35.415781500533
Panasonic,Lumix DMC-FZ330,1040,100,78.0,230.82848116417,90.52097300555685,35.430676029756
Panasonic,Lumix DMC-FZ330,1040,100,78.0,231.83562778233,90.91593246365882,35.445491566563
Panasonic,Lumix DMC-FZ330,1040,100,78.0,232.84277440049,91.31089192176078,35.460228823216
Panasonic,Lumix DMC-FZ330,1040,100,78.0,233.84992101865,91.70585137986275,35.474888502667
Panasonic,Lumix DMC-FZ330,1040,100,78.0,234.85706763681,92.1008108379647,35.489471298719
Panasonic,Lumix DMC-FZ330,1040,100,78.0,235.86421425497,92.49577029606667,35.503977896183
Panasonic,Lumix DMC-FZ330,1040,100,78.0,236.87136087313,92.89072975416862,35.518408971031
Panasonic,Lumix DMC-FZ330,1040,100,78.0,237.87850749129,93.2856892122706,35.532765190549
Panasonic,Lumix DMC-FZ330,1040,100,78.0,238.88565410945,93.68064867037255,35.54704721348
Panasonic,Lumix DMC-FZ330,1040,100,78.0,239.89280072761,94.07560812847451,35.561255690172
Panasonic,Lumix DMC-FZ330,1040,100,78.0,240.89994734577,94.47056758657646,35.575391262718
Panasonic,Lumix DMC-FZ330,1040,100,78.0,241.90709396392,94.86552704467451,35.589454565092
Panasonic,Lumix DMC-FZ330,1040,100,78.0,242.91424058208,95.26048650277646,35.603446223289
Panasonic,Lumix DMC-FZ330,1040,100,78.0,243.92138720024,95.65544596087842,35.617366855452
Panasonic,Lumix DMC-FZ330,1040,100,78.0,244.9285338184,96.0504054189804,35.631217072007
Panasonic,Lumix DMC-FZ330,1040,100,78.0,245.93568043656,96.44536487708235,35.644997475787
Panasonic,Lumix DMC-FZ330,1040,100,78.0,246.94282705472,96.84032433518432,35.658708662155
Panasonic,Lumix DMC-FZ330,1040,100,78.0,247.94997367288,97.23528379328627,35.672351219132
Panasonic,Lumix DMC-FZ330,1040,100,78.0,248.95712029104,97.63024325138824,35.685925727511
Panasonic,Lumix DMC-FZ330,1040,100,78.0,249.9642669092,98.0252027094902,35.699432760974
Panasonic,Lumix DMC-FZ330,1040,100,78.0,250.97141352736,98.42016216759215,35.712872886212
Panasonic,Lumix DMC-FZ330,1040,100,78.0,251.97856014552,98.81512162569412,35.72624666303
Panasonic,Lumix DMC-FZ330,1040,100,78.0,252.98570676368,99.21008108379608,35.739554644466
Panasonic,Lumix DMC-FZ330,1040,100,78.0,253.99285338184,99.60504054189803,35.752797376889
Panasonic,Lumix DMC-FZ330,1040,100,78.0,255,100.0,35.765975400114
Panasonic,Lumix DMC-FZ330,1040,200,156.0,0.30542316779846,0.11977379129351373,0
Panasonic,Lumix DMC-FZ330,1040,200,156.0,0.5563298170989,0.2181685557250588,4.1504960237232
Panasonic,Lumix DMC-FZ330,1040,200,156.0,1.0674172365136,0.41859499471121575,8.2248090991812
Panasonic,Lumix DMC-FZ330,1040,200,156.0,2.0699776621852,0.8117559459549805,11.934324750884
Panasonic,Lumix DMC-FZ330,1040,200,156.0,4.1893823994712,1.6428950586161568,15.517046092694
Panasonic,Lumix DMC-FZ330,1040,200,156.0,4.2204920782656,1.6550949326531765,15.553118987511
Panasonic,Lumix DMC-FZ330,1040,200,156.0,5.2276386964252,2.05005439075498,16.585521651356
Panasonic,Lumix DMC-FZ330,1040,200,156.0,6.2347853145847,2.445013848856745,17.420865238038
Panasonic,Lumix DMC-FZ330,1040,200,156.0,7.2419319327443,2.839973306958549,18.121756127185
Panasonic,Lumix DMC-FZ330,1040,200,156.0,8.2490785509039,3.2349327650603525,18.725153425875
Panasonic,Lumix DMC-FZ330,1040,200,156.0,9.2562251690635,3.6298922231621567,19.254664677356
Panasonic,Lumix DMC-FZ330,1040,200,156.0,10.263371787223,4.024851681263922,19.726272501478
Panasonic,Lumix DMC-FZ330,1040,200,156.0,11.270518405383,4.419811139365882,20.151292751442
Panasonic,Lumix DMC-FZ330,1040,200,156.0,12.277665023542,4.814770597467451,20.538026966024
Panasonic,Lumix DMC-FZ330,1040,200,156.0,13.284811641702,5.209730055569412,20.892743884621
Panasonic,Lumix DMC-FZ330,1040,200,156.0,14.291958259861,5.60468951367098,21.220292040772
Panasonic,Lumix DMC-FZ330,1040,200,156.0,15.299104878021,5.999648971772941,21.524498036555
Panasonic,Lumix DMC-FZ330,1040,200,156.0,16.30625149618,6.39460842987451,21.8084345066
Panasonic,Lumix DMC-FZ330,1040,200,156.0,17.31339811434,6.789567887976471,22.074605747075
Panasonic,Lumix DMC-FZ330,1040,200,156.0,18.3205447325,7.184527346078432,22.325079584638
Panasonic,Lumix DMC-FZ330,1040,200,156.0,19.327691350659,7.579486804179999,22.561583130917
Panasonic,Lumix DMC-FZ330,1040,200,156.0,20.334837968819,7.97444626228196,22.785573665924
Panasonic,Lumix DMC-FZ330,1040,200,156.0,21.341984586978,8.36940572038353,22.998292014041
Panasonic,Lumix DMC-FZ330,1040,200,156.0,22.349131205138,8.764365178485491,23.20080335381
Panasonic,Lumix DMC-FZ330,1040,200,156.0,23.356277823298,9.159324636587451,23.394028849753
Panasonic,Lumix DMC-FZ330,1040,200,156.0,24.363424441457,9.55428409468902,23.578770475035
Panasonic,Lumix DMC-FZ330,1040,200,156.0,25.370571059617,9.94924355279098,23.755730710268
Panasonic,Lumix DMC-FZ330,1040,200,156.0,26.377717677776,10.34420301089255,23.92552833666
Panasonic,Lumix DMC-FZ330,1040,200,156.0,27.384864295936,10.739162468994511,24.088711216825
Panasonic,Lumix DMC-FZ330,1040,200,156.0,28.392010914095,11.134121927096079,24.245766727059
Panasonic,Lumix DMC-FZ330,1040,200,156.0,29.399157532255,11.52908138519804,24.397130340363
Panasonic,Lumix DMC-FZ330,1040,200,156.0,30.406304150415,11.9240408433,24.543192739921
Panasonic,Lumix DMC-FZ330,1040,200,156.0,31.413450768574,12.319000301401568,24.684305754855
Panasonic,Lumix DMC-FZ330,1040,200,156.0,32.420597386734,12.71395975950353,24.820787344635
Panasonic,Lumix DMC-FZ330,1040,200,156.0,33.427744004893,13.108919217605097,24.952925809375
Panasonic,Lumix DMC-FZ330,1040,200,156.0,34.434890623053,13.50387867570706,25.080983365872
Panasonic,Lumix DMC-FZ330,1040,200,156.0,35.442037241212,13.898838133808628,25.205199200667
Panasonic,Lumix DMC-FZ330,1040,200,156.0,36.449183859372,14.293797591910588,25.325792089258
Panasonic,Lumix DMC-FZ330,1040,200,156.0,37.456330477532,14.68875705001255,25.442962653382
Panasonic,Lumix DMC-FZ330,1040,200,156.0,38.463477095691,15.083716508114117,25.556895314749
Panasonic,Lumix DMC-FZ330,1040,200,156.0,39.470623713851,15.478675966216077,25.667759992913
Panasonic,Lumix DMC-FZ330,1040,200,156.0,40.47777033201,15.873635424317648,25.775713586454
Panasonic,Lumix DMC-FZ330,1040,200,156.0,41.48491695017,16.26859488241961,25.880901269823
Panasonic,Lumix DMC-FZ330,1040,200,156.0,42.492063568329,16.663554340521177,25.983457632695
Panasonic,Lumix DMC-FZ330,1040,200,156.0,43.499210186489,17.05851379862314,26.083507684248
Panasonic,Lumix DMC-FZ330,1040,200,156.0,44.506356804649,17.4534732567251,26.181167741115
Panasonic,Lumix DMC-FZ330,1040,200,156.0,45.513503422808,17.848432714826668,26.276546214822
Panasonic,Lumix DMC-FZ330,1040,200,156.0,46.520650040968,18.243392172928626,26.369744312059
Panasonic,Lumix DMC-FZ330,1040,200,156.0,47.527796659127,18.638351631030194,26.460856659102
Panasonic,Lumix DMC-FZ330,1040,200,156.0,48.534943277287,19.03331108913216,26.549971860041
Panasonic,Lumix DMC-FZ330,1040,200,156.0,49.542089895446,19.428270547233726,26.637172997056
Panasonic,Lumix DMC-FZ330,1040,200,156.0,50.549236513606,19.823230005335684,26.722538079807
Panasonic,Lumix DMC-FZ330,1040,200,156.0,51.556383131766,20.218189463437646,26.806140450036
Panasonic,Lumix DMC-FZ330,1040,200,156.0,52.563529749925,20.613148921539217,26.888049146619
Panasonic,Lumix DMC-FZ330,1040,200,156.0,53.570676368085,21.00810837964118,26.968329235624
Panasonic,Lumix DMC-FZ330,1040,200,156.0,54.577822986244,21.403067837742746,27.047042109327
Panasonic,Lumix DMC-FZ330,1040,200,156.0,55.584969604404,21.798027295844708,27.124245757614
Panasonic,Lumix DMC-FZ330,1040,200,156.0,56.592116222563,22.192986753946276,27.199995014782
Panasonic,Lumix DMC-FZ330,1040,200,156.0,57.599262840723,22.587946212048234,27.274341784371
Panasonic,Lumix DMC-FZ330,1040,200,156.0,58.606409458883,22.982905670150195,27.347335244311
Panasonic,Lumix DMC-FZ330,1040,200,156.0,59.613556077042,23.377865128251766,27.419022034446
Panasonic,Lumix DMC-FZ330,1040,200,156.0,60.620702695202,23.772824586353725,27.489446428197
Panasonic,Lumix DMC-FZ330,1040,200,156.0,61.627849313361,24.167784044455292,27.558650489955
Panasonic,Lumix DMC-FZ330,1040,200,156.0,62.634995931521,24.562743502557254,27.62667421961
Panasonic,Lumix DMC-FZ330,1040,200,156.0,63.642142549681,24.957702960659216,27.693555685449
Panasonic,Lumix DMC-FZ330,1040,200,156.0,64.64928916784,25.352662418760787,27.759331146528
Panasonic,Lumix DMC-FZ330,1040,200,156.0,65.656435786,25.74762187686275,27.824035165511
Panasonic,Lumix DMC-FZ330,1040,200,156.0,66.663582404159,26.142581334964316,27.887700712844
Panasonic,Lumix DMC-FZ330,1040,200,156.0,67.670729022319,26.53754079306627,27.950359263055
Panasonic,Lumix DMC-FZ330,1040,200,156.0,68.677875640478,26.932500251167845,28.012040883887
Panasonic,Lumix DMC-FZ330,1040,200,156.0,69.685022258638,27.327459709269803,28.072774318883
Panasonic,Lumix DMC-FZ330,1040,200,156.0,70.692168876798,27.722419167371765,28.132587064008
Panasonic,Lumix DMC-FZ330,1040,200,156.0,71.699315494957,28.11737862547334,28.191505438798
Panasonic,Lumix DMC-FZ330,1040,200,156.0,72.706462113117,28.512338083575294,28.249554652523
Panasonic,Lumix DMC-FZ330,1040,200,156.0,73.713608731276,28.90729754167686,28.306758865749
Panasonic,Lumix DMC-FZ330,1040,200,156.0,74.720755349436,29.302256999778827,28.3631412477
Panasonic,Lumix DMC-FZ330,1040,200,156.0,75.727901967595,29.697216457880394,28.418724029752
Panasonic,Lumix DMC-FZ330,1040,200,156.0,76.735048585755,30.09217591598235,28.473528555363
Panasonic,Lumix DMC-FZ330,1040,200,156.0,77.742195203915,30.48713537408431,28.527575326729
Panasonic,Lumix DMC-FZ330,1040,200,156.0,78.749341822074,30.88209483218588,28.580884048407
Panasonic,Lumix DMC-FZ330,1040,200,156.0,79.756488440234,31.277054290287843,28.633473668161
Panasonic,Lumix DMC-FZ330,1040,200,156.0,80.763635058393,31.672013748389418,28.685362415211
Panasonic,Lumix DMC-FZ330,1040,200,156.0,81.770781676553,32.066973206491376,28.736567836106
Panasonic,Lumix DMC-FZ330,1040,200,156.0,82.777928294713,32.461932664593334,28.787106828385
Panasonic,Lumix DMC-FZ330,1040,200,156.0,83.785074912872,32.8568921226949,28.836995672187
Panasonic,Lumix DMC-FZ330,1040,200,156.0,84.792221531032,33.25185158079686,28.886250059957
Panasonic,Lumix DMC-FZ330,1040,200,156.0,85.799368149191,33.64681103889843,28.934885124393
Panasonic,Lumix DMC-FZ330,1040,200,156.0,86.806514767351,34.04177049700039,28.982915464747
Panasonic,Lumix DMC-FZ330,1040,200,156.0,87.81366138551,34.43672995510197,29.030355171602
Panasonic,Lumix DMC-FZ330,1040,200,156.0,88.82080800367,34.83168941320392,29.077217850224
Panasonic,Lumix DMC-FZ330,1040,200,156.0,89.82795462183,35.22664887130588,29.123516642591
Panasonic,Lumix DMC-FZ330,1040,200,156.0,90.835101239989,35.62160832940745,29.169264248188
Panasonic,Lumix DMC-FZ330,1040,200,156.0,91.842247858149,36.01656778750941,29.214472943645
Panasonic,Lumix DMC-FZ330,1040,200,156.0,92.849394476308,36.41152724561098,29.259154601298
Panasonic,Lumix DMC-FZ330,1040,200,156.0,93.856541094468,36.80648670371294,29.303320706747
Panasonic,Lumix DMC-FZ330,1040,200,156.0,94.863687712628,37.20144616181491,29.346982375466
Panasonic,Lumix DMC-FZ330,1040,200,156.0,95.870834330787,37.596405619916474,29.390150368533
Panasonic,Lumix DMC-FZ330,1040,200,156.0,96.877980948947,37.99136507801843,29.432835107533
Panasonic,Lumix DMC-FZ330,1040,200,156.0,97.885127567106,38.38632453612,29.475046688685
Panasonic,Lumix DMC-FZ330,1040,200,156.0,98.892274185266,38.78128399422196,29.516794896245
Panasonic,Lumix DMC-FZ330,1040,200,156.0,99.899420803425,39.176243452323526,29.558089215221
Panasonic,Lumix DMC-FZ330,1040,200,156.0,100.90656742158,39.57120291042352,29.598938843451
Panasonic,Lumix DMC-FZ330,1040,200,156.0,101.91371403974,39.966162368525495,29.639352703075
Panasonic,Lumix DMC-FZ330,1040,200,156.0,102.9208606579,40.361121826627446,29.679339451444
Panasonic,Lumix DMC-FZ330,1040,200,156.0,103.92800727606,40.75608128472941,29.718907491486
Panasonic,Lumix DMC-FZ330,1040,200,156.0,104.93515389422,41.15104074283137,29.758064981581
Panasonic,Lumix DMC-FZ330,1040,200,156.0,105.94230051238,41.546000200933335,29.796819844953
Panasonic,Lumix DMC-FZ330,1040,200,156.0,106.94944713054,41.94095965903529,29.83517977862
Panasonic,Lumix DMC-FZ330,1040,200,156.0,107.9565937487,42.33591911713725,29.873152261918
Panasonic,Lumix DMC-FZ330,1040,200,156.0,108.96374036686,42.73087857523921,29.910744564634
Panasonic,Lumix DMC-FZ330,1040,200,156.0,109.97088698502,43.12583803334118,29.947963754755
Panasonic,Lumix DMC-FZ330,1040,200,156.0,110.97803360318,43.52079749144313,29.984816705868
Panasonic,Lumix DMC-FZ330,1040,200,156.0,111.98518022134,43.9157569495451,30.021310104219
Panasonic,Lumix DMC-FZ330,1040,200,156.0,112.9923268395,44.31071640764706,30.057450455463
Panasonic,Lumix DMC-FZ330,1040,200,156.0,113.99947345766,44.70567586574902,30.093244091098
Panasonic,Lumix DMC-FZ330,1040,200,156.0,115.00662007582,45.10063532385098,30.128697174631
Panasonic,Lumix DMC-FZ330,1040,200,156.0,116.01376669398,45.49559478195294,30.163815707466
Panasonic,Lumix DMC-FZ330,1040,200,156.0,117.02091331214,45.8905542400549,30.198605534533
Panasonic,Lumix DMC-FZ330,1040,200,156.0,118.0280599303,46.28551369815687,30.233072349679
Panasonic,Lumix DMC-FZ330,1040,200,156.0,119.03520654846,46.68047315625882,30.267221700833
Panasonic,Lumix DMC-FZ330,1040,200,156.0,120.04235316662,47.075432614360786,30.301058994943
Panasonic,Lumix DMC-FZ330,1040,200,156.0,121.04949978478,47.470392072462744,30.334589502711
Panasonic,Lumix DMC-FZ330,1040,200,156.0,122.05664640294,47.86535153056471,30.367818363132
Panasonic,Lumix DMC-FZ330,1040,200,156.0,123.0637930211,48.26031098866667,30.400750587843
Panasonic,Lumix DMC-FZ330,1040,200,156.0,124.07093963926,48.655270446768625,30.433391065296
Panasonic,Lumix DMC-FZ330,1040,200,156.0,125.07808625741,49.05022990486667,30.465744564757
Panasonic,Lumix DMC-FZ330,1040,200,156.0,126.08523287557,49.44518936296863,30.497815740151
Panasonic,Lumix DMC-FZ330,1040,200,156.0,127.09237949373,49.840148821070585,30.529609133751
Panasonic,Lumix DMC-FZ330,1040,200,156.0,128.09952611189,50.23510827917255,30.561129179712
Panasonic,Lumix DMC-FZ330,1040,200,156.0,129.10667273005,50.63006773727451,30.592380207482
Panasonic,Lumix DMC-FZ330,1040,200,156.0,130.11381934821,51.025027195376474,30.623366445066
Panasonic,Lumix DMC-FZ330,1040,200,156.0,131.12096596637,51.41998665347843,30.654092022172
Panasonic,Lumix DMC-FZ330,1040,200,156.0,132.12811258453,51.81494611158038,30.684560973229
Panasonic,Lumix DMC-FZ330,1040,200,156.0,133.13525920269,52.209905569682356,30.714777240298
Panasonic,Lumix DMC-FZ330,1040,200,156.0,134.14240582085,52.60486502778431,30.744744675867
Panasonic,Lumix DMC-FZ330,1040,200,156.0,135.14955243901,52.99982448588627,30.774467045544
Panasonic,Lumix DMC-FZ330,1040,200,156.0,136.15669905717,53.39478394398823,30.803948030646
Panasonic,Lumix DMC-FZ330,1040,200,156.0,137.16384567533,53.789743402090195,30.833191230695
Panasonic,Lumix DMC-FZ330,1040,200,156.0,138.17099229349,54.18470286019216,30.862200165826
Panasonic,Lumix DMC-FZ330,1040,200,156.0,139.17813891165,54.57966231829412,30.890978279097
Panasonic,Lumix DMC-FZ330,1040,200,156.0,140.18528552981,54.97462177639607,30.919528938725
Panasonic,Lumix DMC-FZ330,1040,200,156.0,141.19243214797,55.36958123449804,30.947855440239
Panasonic,Lumix DMC-FZ330,1040,200,156.0,142.19957876613,55.76454069260001,30.975961008552
Panasonic,Lumix DMC-FZ330,1040,200,156.0,143.20672538429,56.15950015070196,31.003848799965
Panasonic,Lumix DMC-FZ330,1040,200,156.0,144.21387200245,56.55445960880392,31.031521904098
Panasonic,Lumix DMC-FZ330,1040,200,156.0,145.22101862061,56.94941906690588,31.058983345754
Panasonic,Lumix DMC-FZ330,1040,200,156.0,146.22816523877,57.34437852500784,31.086236086717
Panasonic,Lumix DMC-FZ330,1040,200,156.0,147.23531185693,57.739337983109806,31.113283027492
Panasonic,Lumix DMC-FZ330,1040,200,156.0,148.24245847509,58.13429744121176,31.14012700898
Panasonic,Lumix DMC-FZ330,1040,200,156.0,149.24960509324,58.529256899309814,31.166770814098
Panasonic,Lumix DMC-FZ330,1040,200,156.0,150.2567517114,58.924216357411765,31.19321716935
Panasonic,Lumix DMC-FZ330,1040,200,156.0,151.26389832956,59.319175815513724,31.219468746335
Panasonic,Lumix DMC-FZ330,1040,200,156.0,152.27104494772,59.714135273615675,31.245528163214
Panasonic,Lumix DMC-FZ330,1040,200,156.0,153.27819156588,60.10909473171765,31.271397986121
Panasonic,Lumix DMC-FZ330,1040,200,156.0,154.28533818404,60.50405418981961,31.297080730535
Panasonic,Lumix DMC-FZ330,1040,200,156.0,155.2924848022,60.899013647921564,31.322578862602
Panasonic,Lumix DMC-FZ330,1040,200,156.0,156.29963142036,61.29397310602352,31.347894800414
Panasonic,Lumix DMC-FZ330,1040,200,156.0,157.30677803852,61.6889325641255,31.37303091525
Panasonic,Lumix DMC-FZ330,1040,200,156.0,158.31392465668,62.08389202222745,31.397989532777
Panasonic,Lumix DMC-FZ330,1040,200,156.0,159.32107127484,62.47885148032941,31.422772934209
Panasonic,Lumix DMC-FZ330,1040,200,156.0,160.328217893,62.87381093843136,31.44738335743
Panasonic,Lumix DMC-FZ330,1040,200,156.0,161.33536451116,63.268770396533334,31.471822998089
Panasonic,Lumix DMC-FZ330,1040,200,156.0,162.34251112932,63.6637298546353,31.496094010652
Panasonic,Lumix DMC-FZ330,1040,200,156.0,163.34965774748,64.05868931273724,31.520198509422
Panasonic,Lumix DMC-FZ330,1040,200,156.0,164.35680436564,64.45364877083921,31.544138569535
Panasonic,Lumix DMC-FZ330,1040,200,156.0,165.3639509838,64.84860822894119,31.567916227919
Panasonic,Lumix DMC-FZ330,1040,200,156.0,166.37109760196,65.24356768704314,31.591533484223
Panasonic,Lumix DMC-FZ330,1040,200,156.0,167.37824422012,65.6385271451451,31.614992301723
Panasonic,Lumix DMC-FZ330,1040,200,156.0,168.38539083828,66.03348660324706,31.638294608197
Panasonic,Lumix DMC-FZ330,1040,200,156.0,169.39253745644,66.42844606134902,31.661442296776
Panasonic,Lumix DMC-FZ330,1040,200,156.0,170.3996840746,66.82340551945099,31.684437226766
Panasonic,Lumix DMC-FZ330,1040,200,156.0,171.40683069276,67.21836497755294,31.707281224449
Panasonic,Lumix DMC-FZ330,1040,200,156.0,172.41397731091,67.613324435651,31.729976083861
Panasonic,Lumix DMC-FZ330,1040,200,156.0,173.42112392907,68.00828389375295,31.752523567547
Panasonic,Lumix DMC-FZ330,1040,200,156.0,174.42827054723,68.4032433518549,31.774925407287
Panasonic,Lumix DMC-FZ330,1040,200,156.0,175.43541716539,68.79820280995685,31.797183304816
Panasonic,Lumix DMC-FZ330,1040,200,156.0,176.44256378355,69.19316226805883,31.819298932505
Panasonic,Lumix DMC-FZ330,1040,200,156.0,177.44971040171,69.5881217261608,31.841273934038
Panasonic,Lumix DMC-FZ330,1040,200,156.0,178.45685701987,69.98308118426274,31.863109925063
Panasonic,Lumix DMC-FZ330,1040,200,156.0,179.46400363803,70.37804064236471,31.884808493824
Panasonic,Lumix DMC-FZ330,1040,200,156.0,180.47115025619,70.77300010046666,31.906371201775
Panasonic,Lumix DMC-FZ330,1040,200,156.0,181.47829687435,71.16795955856863,31.927799584182
Panasonic,Lumix DMC-FZ330,1040,200,156.0,182.48544349251,71.56291901667059,31.949095150702
Panasonic,Lumix DMC-FZ330,1040,200,156.0,183.49259011067,71.95787847477256,31.97025938595
Panasonic,Lumix DMC-FZ330,1040,200,156.0,184.49973672883,72.35283793287451,31.991293750048
Panasonic,Lumix DMC-FZ330,1040,200,156.0,185.50688334699,72.74779739097647,32.012199679163
Panasonic,Lumix DMC-FZ330,1040,200,156.0,186.51402996515,73.14275684907842,32.032978586024
Panasonic,Lumix DMC-FZ330,1040,200,156.0,187.52117658331,73.53771630718039,32.053631860428
Panasonic,Lumix DMC-FZ330,1040,200,156.0,188.52832320147,73.93267576528235,32.074160869739
Panasonic,Lumix DMC-FZ330,1040,200,156.0,189.53546981963,74.32763522338432,32.094566959361
Panasonic,Lumix DMC-FZ330,1040,200,156.0,190.54261643779,74.72259468148627,32.114851453207
Panasonic,Lumix DMC-FZ330,1040,200,156.0,191.54976305595,75.11755413958824,32.135015654157
Panasonic,Lumix DMC-FZ330,1040,200,156.0,192.55690967411,75.51251359769019,32.155060844496
Panasonic,Lumix DMC-FZ330,1040,200,156.0,193.56405629227,75.90747305579217,32.174988286347
Panasonic,Lumix DMC-FZ330,1040,200,156.0,194.57120291043,76.30243251389412,32.194799222093
Panasonic,Lumix DMC-FZ330,1040,200,156.0,195.57834952858,76.69739197199216,32.214494874782
Panasonic,Lumix DMC-FZ330,1040,200,156.0,196.58549614674,77.09235143009411,32.234076448528
Panasonic,Lumix DMC-FZ330,1040,200,156.0,197.5926427649,77.48731088819608,32.2535451289
Panasonic,Lumix DMC-FZ330,1040,200,156.0,198.59978938306,77.88227034629804,32.272902083296
Panasonic,Lumix DMC-FZ330,1040,200,156.0,199.60693600122,78.2772298044,32.292148461319
Panasonic,Lumix DMC-FZ330,1040,200,156.0,200.61408261938,78.67218926250197,32.311285395129
Panasonic,Lumix DMC-FZ330,1040,200,156.0,201.62122923754,79.06714872060392,32.330313999799
Panasonic,Lumix DMC-FZ330,1040,200,156.0,202.6283758557,79.46210817870588,32.349235373654
Panasonic,Lumix DMC-FZ330,1040,200,156.0,203.63552247386,79.85706763680784,32.368050598604
Panasonic,Lumix DMC-FZ330,1040,200,156.0,204.64266909202,80.25202709490979,32.38676074047
Panasonic,Lumix DMC-FZ330,1040,200,156.0,205.64981571018,80.64698655301177,32.4053668493
Panasonic,Lumix DMC-FZ330,1040,200,156.0,206.65696232834,81.04194601111374,32.423869959679
Panasonic,Lumix DMC-FZ330,1040,200,156.0,207.6641089465,81.43690546921569,32.442271091033
Panasonic,Lumix DMC-FZ330,1040,200,156.0,208.67125556466,81.83186492731764,32.460571247916
Panasonic,Lumix DMC-FZ330,1040,200,156.0,209.67840218282,82.2268243854196,32.478771420305
Panasonic,Lumix DMC-FZ330,1040,200,156.0,210.68554880098,82.62178384352157,32.496872583877
Panasonic,Lumix DMC-FZ330,1040,200,156.0,211.69269541914,83.01674330162353,32.514875700282
Panasonic,Lumix DMC-FZ330,1040,200,156.0,212.6998420373,83.41170275972549,32.532781717412
Panasonic,Lumix DMC-FZ330,1040,200,156.0,213.70698865546,83.80666221782745,32.550591569659
Panasonic,Lumix DMC-FZ330,1040,200,156.0,214.71413527362,84.20162167592942,32.568306178174
Panasonic,Lumix DMC-FZ330,1040,200,156.0,215.72128189178,84.59658113403137,32.585926451109
Panasonic,Lumix DMC-FZ330,1040,200,156.0,216.72842850994,84.99154059213333,32.603453283869
Panasonic,Lumix DMC-FZ330,1040,200,156.0,217.7355751281,85.3865000502353,32.62088755934
Panasonic,Lumix DMC-FZ330,1040,200,156.0,218.74272174625,85.78145950833334,32.638230148127
Panasonic,Lumix DMC-FZ330,1040,200,156.0,219.74986836441,86.17641896643529,32.655481908776
Panasonic,Lumix DMC-FZ330,1040,200,156.0,220.75701498257,86.57137842453726,32.672643688001
Panasonic,Lumix DMC-FZ330,1040,200,156.0,221.76416160073,86.96633788263922,32.689716320891
Panasonic,Lumix DMC-FZ330,1040,200,156.0,222.77130821889,87.36129734074117,32.706700631133
Panasonic,Lumix DMC-FZ330,1040,200,156.0,223.77845483705,87.75625679884314,32.723597431207
Panasonic,Lumix DMC-FZ330,1040,200,156.0,224.78560145521,88.1512162569451,32.740407522596
Panasonic,Lumix DMC-FZ330,1040,200,156.0,225.79274807337,88.54617571504706,32.757131695978
Panasonic,Lumix DMC-FZ330,1040,200,156.0,226.79989469153,88.94113517314902,32.773770731424
Panasonic,Lumix DMC-FZ330,1040,200,156.0,227.80704130969,89.33609463125097,32.790325398582
Panasonic,Lumix DMC-FZ330,1040,200,156.0,228.81418792785,89.73105408935295,32.806796456863
Panasonic,Lumix DMC-FZ330,1040,200,156.0,229.82133454601,90.1260135474549,32.823184655621
Panasonic,Lumix DMC-FZ330,1040,200,156.0,230.82848116417,90.52097300555685,32.839490734332
Panasonic,Lumix DMC-FZ330,1040,200,156.0,231.83562778233,90.91593246365882,32.855715422762
Panasonic,Lumix DMC-FZ330,1040,200,156.0,232.84277440049,91.31089192176078,32.87185944114
Panasonic,Lumix DMC-FZ330,1040,200,156.0,233.84992101865,91.70585137986275,32.887923500322
Panasonic,Lumix DMC-FZ330,1040,200,156.0,234.85706763681,92.1008108379647,32.90390830195
Panasonic,Lumix DMC-FZ330,1040,200,156.0,235.86421425497,92.49577029606667,32.919814538613
Panasonic,Lumix DMC-FZ330,1040,200,156.0,236.87136087313,92.89072975416862,32.935642894002
Panasonic,Lumix DMC-FZ330,1040,200,156.0,237.87850749129,93.2856892122706,32.95139404306
Panasonic,Lumix DMC-FZ330,1040,200,156.0,238.88565410945,93.68064867037255,32.967068652129
Panasonic,Lumix DMC-FZ330,1040,200,156.0,239.89280072761,94.07560812847451,32.982667379099
Panasonic,Lumix DMC-FZ330,1040,200,156.0,240.89994734577,94.47056758657646,32.998190873547
Panasonic,Lumix DMC-FZ330,1040,200,156.0,241.90709396392,94.86552704467451,33.013639776876
Panasonic,Lumix DMC-FZ330,1040,200,156.0,242.91424058208,95.26048650277646,33.029014722455
Panasonic,Lumix DMC-FZ330,1040,200,156.0,243.92138720024,95.65544596087842,33.044316335746
Panasonic,Lumix DMC-FZ330,1040,200,156.0,244.9285338184,96.0504054189804,33.059545234442
Panasonic,Lumix DMC-FZ330,1040,200,156.0,245.93568043656,96.44536487708235,33.074702028587
Panasonic,Lumix DMC-FZ330,1040,200,156.0,246.94282705472,96.84032433518432,33.08978732071
Panasonic,Lumix DMC-FZ330,1040,200,156.0,247.94997367288,97.23528379328627,33.10480170594
Panasonic,Lumix DMC-FZ330,1040,200,156.0,248.95712029104,97.63024325138824,33.11974577213
Panasonic,Lumix DMC-FZ330,1040,200,156.0,249.9642669092,98.0252027094902,33.134620099976
Panasonic,Lumix DMC-FZ330,1040,200,156.0,250.97141352736,98.42016216759215,33.14942526313
Panasonic,Lumix DMC-FZ330,1040,200,156.0,251.97856014552,98.81512162569412,33.164161828313
Panasonic,Lumix DMC-FZ330,1040,200,156.0,252.98570676368,99.21008108379608,33.178830355429
Panasonic,Lumix DMC-FZ330,1040,200,156.0,253.99285338184,99.60504054189803,33.193431397669
Panasonic,Lumix DMC-FZ330,1040,200,156.0,255,100.0,33.207965501623
Panasonic,Lumix DMC-FZ330,1040,400,313.0,0.5563298170989,0.2181685557250588,0
Panasonic,Lumix DMC-FZ330,1040,400,313.0,1.0674172365136,0.41859499471121575,4.4078930269865
Panasonic,Lumix DMC-FZ330,1040,400,313.0,2.0699776621852,0.8117559459549805,8.4240848721966
Panasonic,Lumix DMC-FZ330,1040,400,313.0,4.1893823994712,1.6428950586161568,12.249995544099
Panasonic,Lumix DMC-FZ330,1040,400,313.0,4.2204920782656,1.6550949326531765,12.288127421236
Panasonic,Lumix DMC-FZ330,1040,400,313.0,5.2276386964252,2.05005439075498,13.375987964382
Panasonic,Lumix DMC-FZ330,1040,400,313.0,6.2347853145847,2.445013848856745,14.251394971353
Panasonic,Lumix DMC-FZ330,1040,400,313.0,7.2419319327443,2.839973306958549,14.982750778252
Panasonic,Lumix DMC-FZ330,1040,400,313.0,8.2490785509039,3.2349327650603525,15.610224694825
Panasonic,Lumix DMC-FZ330,1040,400,313.0,9.2562251690635,3.6298922231621567,16.159346149319
Panasonic,Lumix DMC-FZ330,1040,400,313.0,10.263371787223,4.024851681263922,16.647318738805
Panasonic,Lumix DMC-FZ330,1040,400,313.0,11.270518405383,4.419811139365882,17.086271235551
Panasonic,Lumix DMC-FZ330,1040,400,313.0,12.277665023542,4.814770597467451,17.485067374796
Panasonic,Lumix DMC-FZ330,1040,400,313.0,13.284811641702,5.209730055569412,17.850377116353
Panasonic,Lumix DMC-FZ330,1040,400,313.0,14.291958259861,5.60468951367098,18.187343008406
Panasonic,Lumix DMC-FZ330,1040,400,313.0,15.299104878021,5.999648971772941,18.500012028132
Panasonic,Lumix DMC-FZ330,1040,400,313.0,16.30625149618,6.39460842987451,18.791625243143
Panasonic,Lumix DMC-FZ330,1040,400,313.0,17.31339811434,6.789567887976471,19.064817892947
Panasonic,Lumix DMC-FZ330,1040,400,313.0,18.3205447325,7.184527346078432,19.321761139081
Panasonic,Lumix DMC-FZ330,1040,400,313.0,19.327691350659,7.579486804179999,19.564264731902
Panasonic,Lumix DMC-FZ330,1040,400,313.0,20.334837968819,7.97444626228196,19.793852828544
Panasonic,Lumix DMC-FZ330,1040,400,313.0,21.341984586978,8.36940572038353,20.011820955833
Panasonic,Lumix DMC-FZ330,1040,400,313.0,22.349131205138,8.764365178485491,20.21927947008
Panasonic,Lumix DMC-FZ330,1040,400,313.0,23.356277823298,9.159324636587451,20.417187175593
Panasonic,Lumix DMC-FZ330,1040,400,313.0,24.363424441457,9.55428409468902,20.606377656657
Panasonic,Lumix DMC-FZ330,1040,400,313.0,25.370571059617,9.94924355279098,20.78758013698
Panasonic,Lumix DMC-FZ330,1040,400,313.0,26.377717677776,10.34420301089255,20.961436175265
Panasonic,Lumix DMC-FZ330,1040,400,313.0,27.384864295936,10.739162468994511,21.128513154884
Panasonic,Lumix DMC-FZ330,1040,400,313.0,28.392010914095,11.134121927096079,21.289315278206
Panasonic,Lumix DMC-FZ330,1040,400,313.0,29.399157532255,11.52908138519804,21.44429259915
Panasonic,Lumix DMC-FZ330,1040,400,313.0,30.406304150415,11.9240408433,21.593848499117
Panasonic,Lumix DMC-FZ330,1040,400,313.0,31.413450768574,12.319000301401568,21.738345917166
Panasonic,Lumix DMC-FZ330,1040,400,313.0,32.420597386734,12.71395975950353,21.878112575281
Panasonic,Lumix DMC-FZ330,1040,400,313.0,33.427744004893,13.108919217605097,22.013445386974
Panasonic,Lumix DMC-FZ330,1040,400,313.0,34.434890623053,13.50387867570706,22.144614197617
Panasonic,Lumix DMC-FZ330,1040,400,313.0,35.442037241212,13.898838133808628,22.271864974385
Panasonic,Lumix DMC-FZ330,1040,400,313.0,36.449183859372,14.293797591910588,22.395422540139
Panasonic,Lumix DMC-FZ330,1040,400,313.0,37.456330477532,14.68875705001255,22.515492927264
Panasonic,Lumix DMC-FZ330,1040,400,313.0,38.463477095691,15.083716508114117,22.632265413087
Panasonic,Lumix DMC-FZ330,1040,400,313.0,39.470623713851,15.478675966216077,22.745914287177
Panasonic,Lumix DMC-FZ330,1040,400,313.0,40.47777033201,15.873635424317648,22.856600391781
Panasonic,Lumix DMC-FZ330,1040,400,313.0,41.48491695017,16.26859488241961,22.964472469459
Panasonic,Lumix DMC-FZ330,1040,400,313.0,42.492063568329,16.663554340521177,23.069668346136
Panasonic,Lumix DMC-FZ330,1040,400,313.0,43.499210186489,17.05851379862314,23.172315973112
Panasonic,Lumix DMC-FZ330,1040,400,313.0,44.506356804649,17.4534732567251,23.272534347712
Panasonic,Lumix DMC-FZ330,1040,400,313.0,45.513503422808,17.848432714826668,23.370434329164
Panasonic,Lumix DMC-FZ330,1040,400,313.0,46.520650040968,18.243392172928626,23.466119363662
Panasonic,Lumix DMC-FZ330,1040,400,313.0,47.527796659127,18.638351631030194,23.559686130491
Panasonic,Lumix DMC-FZ330,1040,400,313.0,48.534943277287,19.03331108913216,23.651225119292
Panasonic,Lumix DMC-FZ330,1040,400,313.0,49.542089895446,19.428270547233726,23.740821147095
Panasonic,Lumix DMC-FZ330,1040,400,313.0,50.549236513606,19.823230005335684,23.828553822491
Panasonic,Lumix DMC-FZ330,1040,400,313.0,51.556383131766,20.218189463437646,23.914497963308
Panasonic,Lumix DMC-FZ330,1040,400,313.0,52.563529749925,20.613148921539217,23.998723973256
Panasonic,Lumix DMC-FZ330,1040,400,313.0,53.570676368085,21.00810837964118,24.081298182295
Panasonic,Lumix DMC-FZ330,1040,400,313.0,54.577822986244,21.403067837742746,24.162283154827
Panasonic,Lumix DMC-FZ330,1040,400,313.0,55.584969604404,21.798027295844708,24.241737969297
Panasonic,Lumix DMC-FZ330,1040,400,313.0,56.592116222563,22.192986753946276,24.319718472328
Panasonic,Lumix DMC-FZ330,1040,400,313.0,57.599262840723,22.587946212048234,24.396277510125
Panasonic,Lumix DMC-FZ330,1040,400,313.0,58.606409458883,22.982905670150195,24.471465139531
Panasonic,Lumix DMC-FZ330,1040,400,313.0,59.613556077042,23.377865128251766,24.545328820861
Panasonic,Lumix DMC-FZ330,1040,400,313.0,60.620702695202,23.772824586353725,24.617913594361
Panasonic,Lumix DMC-FZ330,1040,400,313.0,61.627849313361,24.167784044455292,24.689262241927
Panasonic,Lumix DMC-FZ330,1040,400,313.0,62.634995931521,24.562743502557254,24.75941543555
Panasonic,Lumix DMC-FZ330,1040,400,313.0,63.642142549681,24.957702960659216,24.828411873762
Panasonic,Lumix DMC-FZ330,1040,400,313.0,64.64928916784,25.352662418760787,24.896288407227
Panasonic,Lumix DMC-FZ330,1040,400,313.0,65.656435786,25.74762187686275,24.96308015451
Panasonic,Lumix DMC-FZ330,1040,400,313.0,66.663582404159,26.142581334964316,25.028820608915
Panasonic,Lumix DMC-FZ330,1040,400,313.0,67.670729022319,26.53754079306627,25.093541737218
Panasonic,Lumix DMC-FZ330,1040,400,313.0,68.677875640478,26.932500251167845,25.157274071014
Panasonic,Lumix DMC-FZ330,1040,400,313.0,69.685022258638,27.327459709269803,25.220046791333
Panasonic,Lumix DMC-FZ330,1040,400,313.0,70.692168876798,27.722419167371765,25.281887807119
Panasonic,Lumix DMC-FZ330,1040,400,313.0,71.699315494957,28.11737862547334,25.342823828083
Panasonic,Lumix DMC-FZ330,1040,400,313.0,72.706462113117,28.512338083575294,25.402880432422
Panasonic,Lumix DMC-FZ330,1040,400,313.0,73.713608731276,28.90729754167686,25.462082129824
Panasonic,Lumix DMC-FZ330,1040,400,313.0,74.720755349436,29.302256999778827,25.520452420147
Panasonic,Lumix DMC-FZ330,1040,400,313.0,75.727901967595,29.697216457880394,25.57801384813
Panasonic,Lumix DMC-FZ330,1040,400,313.0,76.735048585755,30.09217591598235,25.634788054443
Panasonic,Lumix DMC-FZ330,1040,400,313.0,77.742195203915,30.48713537408431,25.690795823379
Panasonic,Lumix DMC-FZ330,1040,400,313.0,78.749341822074,30.88209483218588,25.746057127437
Panasonic,Lumix DMC-FZ330,1040,400,313.0,79.756488440234,31.277054290287843,25.800591169045
Panasonic,Lumix DMC-FZ330,1040,400,313.0,80.763635058393,31.672013748389418,25.854416419639
Panasonic,Lumix DMC-FZ330,1040,400,313.0,81.770781676553,32.066973206491376,25.907550656285
Panasonic,Lumix DMC-FZ330,1040,400,313.0,82.777928294713,32.461932664593334,25.960010996052
Panasonic,Lumix DMC-FZ330,1040,400,313.0,83.785074912872,32.8568921226949,26.011813928268
Panasonic,Lumix DMC-FZ330,1040,400,313.0,84.792221531032,33.25185158079686,26.062975344845
Panasonic,Lumix DMC-FZ330,1040,400,313.0,85.799368149191,33.64681103889843,26.11351056878
Panasonic,Lumix DMC-FZ330,1040,400,313.0,86.806514767351,34.04177049700039,26.163434380992
Panasonic,Lumix DMC-FZ330,1040,400,313.0,87.81366138551,34.43672995510197,26.21276104558
Panasonic,Lumix DMC-FZ330,1040,400,313.0,88.82080800367,34.83168941320392,26.261504333641
Panasonic,Lumix DMC-FZ330,1040,400,313.0,89.82795462183,35.22664887130588,26.309677545723
Panasonic,Lumix DMC-FZ330,1040,400,313.0,90.835101239989,35.62160832940745,26.357293533017
Panasonic,Lumix DMC-FZ330,1040,400,313.0,91.842247858149,36.01656778750941,26.404364717368
Panasonic,Lumix DMC-FZ330,1040,400,313.0,92.849394476308,36.41152724561098,26.45090311019
Panasonic,Lumix DMC-FZ330,1040,400,313.0,93.856541094468,36.80648670371294,26.496920330342
Panasonic,Lumix DMC-FZ330,1040,400,313.0,94.863687712628,37.20144616181491,26.542427621051
Panasonic,Lumix DMC-FZ330,1040,400,313.0,95.870834330787,37.596405619916474,26.587435865923
Panasonic,Lumix DMC-FZ330,1040,400,313.0,96.877980948947,37.99136507801843,26.63195560412
Panasonic,Lumix DMC-FZ330,1040,400,313.0,97.885127567106,38.38632453612,26.675997044738
Panasonic,Lumix DMC-FZ330,1040,400,313.0,98.892274185266,38.78128399422196,26.719570080444
Panasonic,Lumix DMC-FZ330,1040,400,313.0,99.899420803425,39.176243452323526,26.762684300421
Panasonic,Lumix DMC-FZ330,1040,400,313.0,100.90656742158,39.57120291042352,26.805349002645
Panasonic,Lumix DMC-FZ330,1040,400,313.0,101.91371403974,39.966162368525495,26.847573205567
Panasonic,Lumix DMC-FZ330,1040,400,313.0,102.9208606579,40.361121826627446,26.889365659197
Panasonic,Lumix DMC-FZ330,1040,400,313.0,103.92800727606,40.75608128472941,26.930734855651
Panasonic,Lumix DMC-FZ330,1040,400,313.0,104.93515389422,41.15104074283137,26.97168903919
Panasonic,Lumix DMC-FZ330,1040,400,313.0,105.94230051238,41.546000200933335,27.012236215768
Panasonic,Lumix DMC-FZ330,1040,400,313.0,106.94944713054,41.94095965903529,27.052384162129
Panasonic,Lumix DMC-FZ330,1040,400,313.0,107.9565937487,42.33591911713725,27.092140434468
Panasonic,Lumix DMC-FZ330,1040,400,313.0,108.96374036686,42.73087857523921,27.131512376698
Panasonic,Lumix DMC-FZ330,1040,400,313.0,109.97088698502,43.12583803334118,27.170507128322
Panasonic,Lumix DMC-FZ330,1040,400,313.0,110.97803360318,43.52079749144313,27.209131631949
Panasonic,Lumix DMC-FZ330,1040,400,313.0,111.98518022134,43.9157569495451,27.247392640467
Panasonic,Lumix DMC-FZ330,1040,400,313.0,112.9923268395,44.31071640764706,27.285296723895
Panasonic,Lumix DMC-FZ330,1040,400,313.0,113.99947345766,44.70567586574902,27.322850275919
Panasonic,Lumix DMC-FZ330,1040,400,313.0,115.00662007582,45.10063532385098,27.360059520153
Panasonic,Lumix DMC-FZ330,1040,400,313.0,116.01376669398,45.49559478195294,27.396930516111
Panasonic,Lumix DMC-FZ330,1040,400,313.0,117.02091331214,45.8905542400549,27.433469164928
Panasonic,Lumix DMC-FZ330,1040,400,313.0,118.0280599303,46.28551369815687,27.469681214832
Panasonic,Lumix DMC-FZ330,1040,400,313.0,119.03520654846,46.68047315625882,27.505572266375
Panasonic,Lumix DMC-FZ330,1040,400,313.0,120.04235316662,47.075432614360786,27.541147777456
Panasonic,Lumix DMC-FZ330,1040,400,313.0,121.04949978478,47.470392072462744,27.576413068117
Panasonic,Lumix DMC-FZ330,1040,400,313.0,122.05664640294,47.86535153056471,27.611373325151
Panasonic,Lumix DMC-FZ330,1040,400,313.0,123.0637930211,48.26031098866667,27.646033606511
Panasonic,Lumix DMC-FZ330,1040,400,313.0,124.07093963926,48.655270446768625,27.680398845545
Panasonic,Lumix DMC-FZ330,1040,400,313.0,125.07808625741,49.05022990486667,27.714473855052
Panasonic,Lumix DMC-FZ330,1040,400,313.0,126.08523287557,49.44518936296863,27.748263331179
Panasonic,Lumix DMC-FZ330,1040,400,313.0,127.09237949373,49.840148821070585,27.781771857159
Panasonic,Lumix DMC-FZ330,1040,400,313.0,128.09952611189,50.23510827917255,27.815003906901
Panasonic,Lumix DMC-FZ330,1040,400,313.0,129.10667273005,50.63006773727451,27.847963848442
Panasonic,Lumix DMC-FZ330,1040,400,313.0,130.11381934821,51.025027195376474,27.880655947259
Panasonic,Lumix DMC-FZ330,1040,400,313.0,131.12096596637,51.41998665347843,27.913084369454
Panasonic,Lumix DMC-FZ330,1040,400,313.0,132.12811258453,51.81494611158038,27.945253184814
Panasonic,Lumix DMC-FZ330,1040,400,313.0,133.13525920269,52.209905569682356,27.977166369765
Panasonic,Lumix DMC-FZ330,1040,400,313.0,134.14240582085,52.60486502778431,28.008827810197
Panasonic,Lumix DMC-FZ330,1040,400,313.0,135.14955243901,52.99982448588627,28.040241304194
Panasonic,Lumix DMC-FZ330,1040,400,313.0,136.15669905717,53.39478394398823,28.071410564664
Panasonic,Lumix DMC-FZ330,1040,400,313.0,137.16384567533,53.789743402090195,28.102339221857
Panasonic,Lumix DMC-FZ330,1040,400,313.0,138.17099229349,54.18470286019216,28.133030825811
Panasonic,Lumix DMC-FZ330,1040,400,313.0,139.17813891165,54.57966231829412,28.163488848688
Panasonic,Lumix DMC-FZ330,1040,400,313.0,140.18528552981,54.97462177639607,28.193716687042
Panasonic,Lumix DMC-FZ330,1040,400,313.0,141.19243214797,55.36958123449804,28.223717663993
Panasonic,Lumix DMC-FZ330,1040,400,313.0,142.19957876613,55.76454069260001,28.253495031332
Panasonic,Lumix DMC-FZ330,1040,400,313.0,143.20672538429,56.15950015070196,28.283051971547
Panasonic,Lumix DMC-FZ330,1040,400,313.0,144.21387200245,56.55445960880392,28.312391599774
Panasonic,Lumix DMC-FZ330,1040,400,313.0,145.22101862061,56.94941906690588,28.34151696569
Panasonic,Lumix DMC-FZ330,1040,400,313.0,146.22816523877,57.34437852500784,28.370431055331
Panasonic,Lumix DMC-FZ330,1040,400,313.0,147.23531185693,57.739337983109806,28.39913679285
Panasonic,Lumix DMC-FZ330,1040,400,313.0,148.24245847509,58.13429744121176,28.427637042215
Panasonic,Lumix DMC-FZ330,1040,400,313.0,149.24960509324,58.529256899309814,28.45593460885
Panasonic,Lumix DMC-FZ330,1040,400,313.0,150.2567517114,58.924216357411765,28.48403224122
Panasonic,Lumix DMC-FZ330,1040,400,313.0,151.26389832956,59.319175815513724,28.511932632361
Panasonic,Lumix DMC-FZ330,1040,400,313.0,152.27104494772,59.714135273615675,28.539638421361
Panasonic,Lumix DMC-FZ330,1040,400,313.0,153.27819156588,60.10909473171765,28.56715219479
Panasonic,Lumix DMC-FZ330,1040,400,313.0,154.28533818404,60.50405418981961,28.594476488087
Panasonic,Lumix DMC-FZ330,1040,400,313.0,155.2924848022,60.899013647921564,28.621613786895
Panasonic,Lumix DMC-FZ330,1040,400,313.0,156.29963142036,61.29397310602352,28.64856652836
Panasonic,Lumix DMC-FZ330,1040,400,313.0,157.30677803852,61.6889325641255,28.67533710238
Panasonic,Lumix DMC-FZ330,1040,400,313.0,158.31392465668,62.08389202222745,28.701927852822
Panasonic,Lumix DMC-FZ330,1040,400,313.0,159.32107127484,62.47885148032941,28.728341078696
Panasonic,Lumix DMC-FZ330,1040,400,313.0,160.328217893,62.87381093843136,28.754579035289
Panasonic,Lumix DMC-FZ330,1040,400,313.0,161.33536451116,63.268770396533334,28.780643935271
Panasonic,Lumix DMC-FZ330,1040,400,313.0,162.34251112932,63.6637298546353,28.806537949759
Panasonic,Lumix DMC-FZ330,1040,400,313.0,163.34965774748,64.05868931273724,28.83226320935
Panasonic,Lumix DMC-FZ330,1040,400,313.0,164.35680436564,64.45364877083921,28.857821805125
Panasonic,Lumix DMC-FZ330,1040,400,313.0,165.3639509838,64.84860822894119,28.883215789622
Panasonic,Lumix DMC-FZ330,1040,400,313.0,166.37109760196,65.24356768704314,28.908447177772
Panasonic,Lumix DMC-FZ330,1040,400,313.0,167.37824422012,65.6385271451451,28.933517947815
Panasonic,Lumix DMC-FZ330,1040,400,313.0,168.38539083828,66.03348660324706,28.958430042186
Panasonic,Lumix DMC-FZ330,1040,400,313.0,169.39253745644,66.42844606134902,28.983185368373
Panasonic,Lumix DMC-FZ330,1040,400,313.0,170.3996840746,66.82340551945099,29.007785799749
Panasonic,Lumix DMC-FZ330,1040,400,313.0,171.40683069276,67.21836497755294,29.032233176381
Panasonic,Lumix DMC-FZ330,1040,400,313.0,172.41397731091,67.613324435651,29.056529305818
Panasonic,Lumix DMC-FZ330,1040,400,313.0,173.42112392907,68.00828389375295,29.080675963847
Panasonic,Lumix DMC-FZ330,1040,400,313.0,174.42827054723,68.4032433518549,29.104674895238
Panasonic,Lumix DMC-FZ330,1040,400,313.0,175.43541716539,68.79820280995685,29.128527814457
Panasonic,Lumix DMC-FZ330,1040,400,313.0,176.44256378355,69.19316226805883,29.152236406369
Panasonic,Lumix DMC-FZ330,1040,400,313.0,177.44971040171,69.5881217261608,29.175802326911
Panasonic,Lumix DMC-FZ330,1040,400,313.0,178.45685701987,69.98308118426274,29.199227203752
Panasonic,Lumix DMC-FZ330,1040,400,313.0,179.46400363803,70.37804064236471,29.222512636934
Panasonic,Lumix DMC-FZ330,1040,400,313.0,180.47115025619,70.77300010046666,29.245660199491
Panasonic,Lumix DMC-FZ330,1040,400,313.0,181.47829687435,71.16795955856863,29.268671438056
Panasonic,Lumix DMC-FZ330,1040,400,313.0,182.48544349251,71.56291901667059,29.291547873445
Panasonic,Lumix DMC-FZ330,1040,400,313.0,183.49259011067,71.95787847477256,29.314291001232
Panasonic,Lumix DMC-FZ330,1040,400,313.0,184.49973672883,72.35283793287451,29.336902292302
Panasonic,Lumix DMC-FZ330,1040,400,313.0,185.50688334699,72.74779739097647,29.359383193393
Panasonic,Lumix DMC-FZ330,1040,400,313.0,186.51402996515,73.14275684907842,29.381735127619
Panasonic,Lumix DMC-FZ330,1040,400,313.0,187.52117658331,73.53771630718039,29.403959494986
Panasonic,Lumix DMC-FZ330,1040,400,313.0,188.52832320147,73.93267576528235,29.426057672884
Panasonic,Lumix DMC-FZ330,1040,400,313.0,189.53546981963,74.32763522338432,29.448031016575
Panasonic,Lumix DMC-FZ330,1040,400,313.0,190.54261643779,74.72259468148627,29.469880859665
Panasonic,Lumix DMC-FZ330,1040,400,313.0,191.54976305595,75.11755413958824,29.491608514558
Panasonic,Lumix DMC-FZ330,1040,400,313.0,192.55690967411,75.51251359769019,29.513215272909
Panasonic,Lumix DMC-FZ330,1040,400,313.0,193.56405629227,75.90747305579217,29.534702406056
Panasonic,Lumix DMC-FZ330,1040,400,313.0,194.57120291043,76.30243251389412,29.556071165444
Panasonic,Lumix DMC-FZ330,1040,400,313.0,195.57834952858,76.69739197199216,29.577322783037
Panasonic,Lumix DMC-FZ330,1040,400,313.0,196.58549614674,77.09235143009411,29.598458471722
Panasonic,Lumix DMC-FZ330,1040,400,313.0,197.5926427649,77.48731088819608,29.6194794257
Panasonic,Lumix DMC-FZ330,1040,400,313.0,198.59978938306,77.88227034629804,29.640386820866
Panasonic,Lumix DMC-FZ330,1040,400,313.0,199.60693600122,78.2772298044,29.661181815186
Panasonic,Lumix DMC-FZ330,1040,400,313.0,200.61408261938,78.67218926250197,29.681865549053
Panasonic,Lumix DMC-FZ330,1040,400,313.0,201.62122923754,79.06714872060392,29.702439145646
Panasonic,Lumix DMC-FZ330,1040,400,313.0,202.6283758557,79.46210817870588,29.722903711272
Panasonic,Lumix DMC-FZ330,1040,400,313.0,203.63552247386,79.85706763680784,29.743260335705
Panasonic,Lumix DMC-FZ330,1040,400,313.0,204.64266909202,80.25202709490979,29.763510092508
Panasonic,Lumix DMC-FZ330,1040,400,313.0,205.64981571018,80.64698655301177,29.78365403936
Panasonic,Lumix DMC-FZ330,1040,400,313.0,206.65696232834,81.04194601111374,29.803693218361
Panasonic,Lumix DMC-FZ330,1040,400,313.0,207.6641089465,81.43690546921569,29.823628656344
Panasonic,Lumix DMC-FZ330,1040,400,313.0,208.67125556466,81.83186492731764,29.843461365163
Panasonic,Lumix DMC-FZ330,1040,400,313.0,209.67840218282,82.2268243854196,29.86319234199
Panasonic,Lumix DMC-FZ330,1040,400,313.0,210.68554880098,82.62178384352157,29.882822569594
Panasonic,Lumix DMC-FZ330,1040,400,313.0,211.69269541914,83.01674330162353,29.902353016617
Panasonic,Lumix DMC-FZ330,1040,400,313.0,212.6998420373,83.41170275972549,29.921784637846
Panasonic,Lumix DMC-FZ330,1040,400,313.0,213.70698865546,83.80666221782745,29.941118374473
Panasonic,Lumix DMC-FZ330,1040,400,313.0,214.71413527362,84.20162167592942,29.960355154353
Panasonic,Lumix DMC-FZ330,1040,400,313.0,215.72128189178,84.59658113403137,29.979495892256
Panasonic,Lumix DMC-FZ330,1040,400,313.0,216.72842850994,84.99154059213333,29.998541490108
Panasonic,Lumix DMC-FZ330,1040,400,313.0,217.7355751281,85.3865000502353,30.017492837236
Panasonic,Lumix DMC-FZ330,1040,400,313.0,218.74272174625,85.78145950833334,30.036350810596
Panasonic,Lumix DMC-FZ330,1040,400,313.0,219.74986836441,86.17641896643529,30.055116275005
Panasonic,Lumix DMC-FZ330,1040,400,313.0,220.75701498257,86.57137842453726,30.073790083361
Panasonic,Lumix DMC-FZ330,1040,400,313.0,221.76416160073,86.96633788263922,30.092373076865
Panasonic,Lumix DMC-FZ330,1040,400,313.0,222.77130821889,87.36129734074117,30.11086608523
Panasonic,Lumix DMC-FZ330,1040,400,313.0,223.77845483705,87.75625679884314,30.12926992689
Panasonic,Lumix DMC-FZ330,1040,400,313.0,224.78560145521,88.1512162569451,30.147585409206
Panasonic,Lumix DMC-FZ330,1040,400,313.0,225.79274807337,88.54617571504706,30.165813328661
Panasonic,Lumix DMC-FZ330,1040,400,313.0,226.79989469153,88.94113517314902,30.183954471058
Panasonic,Lumix DMC-FZ330,1040,400,313.0,227.80704130969,89.33609463125097,30.202009611708
Panasonic,Lumix DMC-FZ330,1040,400,313.0,228.81418792785,89.73105408935295,30.219979515615
Panasonic,Lumix DMC-FZ330,1040,400,313.0,229.82133454601,90.1260135474549,30.237864937661
Panasonic,Lumix DMC-FZ330,1040,400,313.0,230.82848116417,90.52097300555685,30.255666622781
Panasonic,Lumix DMC-FZ330,1040,400,313.0,231.83562778233,90.91593246365882,30.273385306138
Panasonic,Lumix DMC-FZ330,1040,400,313.0,232.84277440049,91.31089192176078,30.291021713294
Panasonic,Lumix DMC-FZ330,1040,400,313.0,233.84992101865,91.70585137986275,30.308576560374
Panasonic,Lumix DMC-FZ330,1040,400,313.0,234.85706763681,92.1008108379647,30.32605055423
Panasonic,Lumix DMC-FZ330,1040,400,313.0,235.86421425497,92.49577029606667,30.343444392603
Panasonic,Lumix DMC-FZ330,1040,400,313.0,236.87136087313,92.89072975416862,30.360758764274
Panasonic,Lumix DMC-FZ330,1040,400,313.0,237.87850749129,93.2856892122706,30.377994349221
Panasonic,Lumix DMC-FZ330,1040,400,313.0,238.88565410945,93.68064867037255,30.395151818765
Panasonic,Lumix DMC-FZ330,1040,400,313.0,239.89280072761,94.07560812847451,30.41223183572
Panasonic,Lumix DMC-FZ330,1040,400,313.0,240.89994734577,94.47056758657646,30.429235054531
Panasonic,Lumix DMC-FZ330,1040,400,313.0,241.90709396392,94.86552704467451,30.446162121421
Panasonic,Lumix DMC-FZ330,1040,400,313.0,242.91424058208,95.26048650277646,30.463013674521
Panasonic,Lumix DMC-FZ330,1040,400,313.0,243.92138720024,95.65544596087842,30.47979034401
Panasonic,Lumix DMC-FZ330,1040,400,313.0,244.9285338184,96.0504054189804,30.496492752243
Panasonic,Lumix DMC-FZ330,1040,400,313.0,245.93568043656,96.44536487708235,30.513121513882
Panasonic,Lumix DMC-FZ330,1040,400,313.0,246.94282705472,96.84032433518432,30.529677236021
Panasonic,Lumix DMC-FZ330,1040,400,313.0,247.94997367288,97.23528379328627,30.54616051831
Panasonic,Lumix DMC-FZ330,1040,400,313.0,248.95712029104,97.63024325138824,30.562571953079
Panasonic,Lumix DMC-FZ330,1040,400,313.0,249.9642669092,98.0252027094902,30.578912125451
Panasonic,Lumix DMC-FZ330,1040,400,313.0,250.97141352736,98.42016216759215,30.595181613461
Panasonic,Lumix DMC-FZ330,1040,400,313.0,251.97856014552,98.81512162569412,30.611380988175
Panasonic,Lumix DMC-FZ330,1040,400,313.0,252.98570676368,99.21008108379608,30.627510813791
Panasonic,Lumix DMC-FZ330,1040,400,313.0,253.99285338184,99.60504054189803,30.643571647758
Panasonic,Lumix DMC-FZ330,1040,400,313.0,255,100.0,30.65956404088
Panasonic,Lumix DMC-FZ330,1040,800,641.0,1.0674172365136,0.41859499471121575,0
Panasonic,Lumix DMC-FZ330,1040,800,641.0,2.0699776621852,0.8117559459549805,4.4497284723093
Panasonic,Lumix DMC-FZ330,1040,800,641.0,4.1893823994712,1.6428950586161568,8.6740729089435
Panasonic,Lumix DMC-FZ330,1040,800,641.0,4.2204920782656,1.6550949326531765,8.7157917244435
Panasonic,Lumix DMC-FZ330,1040,800,641.0,5.2276386964252,2.05005439075498,9.9014167248914
Panasonic,Lumix DMC-FZ330,1040,800,641.0,6.2347853145847,2.445013848856745,10.848572984358
Panasonic,Lumix DMC-FZ330,1040,800,641.0,7.2419319327443,2.839973306958549,11.634805778222
Panasonic,Lumix DMC-FZ330,1040,800,641.0,8.2490785509039,3.2349327650603525,12.30558997914
Panasonic,Lumix DMC-FZ330,1040,800,641.0,9.2562251690635,3.6298922231621567,12.889746158312
Panasonic,Lumix DMC-FZ330,1040,800,641.0,10.263371787223,4.024851681263922,13.406628165508
Panasonic,Lumix DMC-FZ330,1040,800,641.0,11.270518405383,4.419811139365882,13.869829238672
Panasonic,Lumix DMC-FZ330,1040,800,641.0,12.277665023542,4.814770597467451,14.289245079845
Panasonic,Lumix DMC-FZ330,1040,800,641.0,13.284811641702,5.209730055569412,14.672293840131
Panasonic,Lumix DMC-FZ330,1040,800,641.0,14.291958259861,5.60468951367098,15.024673772846
Panasonic,Lumix DMC-FZ330,1040,800,641.0,15.299104878021,5.999648971772941,15.350853246154
Panasonic,Lumix DMC-FZ330,1040,800,641.0,16.30625149618,6.39460842987451,15.65439867888
Panasonic,Lumix DMC-FZ330,1040,800,641.0,17.31339811434,6.789567887976471,15.938200511961
Panasonic,Lumix DMC-FZ330,1040,800,641.0,18.3205447325,7.184527346078432,16.204632900662
Panasonic,Lumix DMC-FZ330,1040,800,641.0,19.327691350659,7.579486804179999,16.455669083939
Panasonic,Lumix DMC-FZ330,1040,800,641.0,20.334837968819,7.97444626228196,16.692966367855
Panasonic,Lumix DMC-FZ330,1040,800,641.0,21.341984586978,8.36940572038353,16.91792981511
Panasonic,Lumix DMC-FZ330,1040,800,641.0,22.349131205138,8.764365178485491,17.131760717627
Panasonic,Lumix DMC-FZ330,1040,800,641.0,23.356277823298,9.159324636587451,17.335494002756
Panasonic,Lumix DMC-FZ330,1040,800,641.0,24.363424441457,9.55428409468902,17.530027463525
Panasonic,Lumix DMC-FZ330,1040,800,641.0,25.370571059617,9.94924355279098,17.716144861417
Panasonic,Lumix DMC-FZ330,1040,800,641.0,26.377717677776,10.34420301089255,17.894534376775
Panasonic,Lumix DMC-FZ330,1040,800,641.0,27.384864295936,10.739162468994511,18.065803484545
Panasonic,Lumix DMC-FZ330,1040,800,641.0,28.392010914095,11.134121927096079,18.230491053284
Panasonic,Lumix DMC-FZ330,1040,800,641.0,29.399157532255,11.52908138519804,18.389077265469
Panasonic,Lumix DMC-FZ330,1040,800,641.0,30.406304150415,11.9240408433,18.541991812377
Panasonic,Lumix DMC-FZ330,1040,800,641.0,31.413450768574,12.319000301401568,18.689620710712
Panasonic,Lumix DMC-FZ330,1040,800,641.0,32.420597386734,12.71395975950353,18.83231200946
Panasonic,Lumix DMC-FZ330,1040,800,641.0,33.427744004893,13.108919217605097,18.970380596463
Panasonic,Lumix DMC-FZ330,1040,800,641.0,34.434890623053,13.50387867570706,19.104112269565
Panasonic,Lumix DMC-FZ330,1040,800,641.0,35.442037241212,13.898838133808628,19.233767203075
Panasonic,Lumix DMC-FZ330,1040,800,641.0,36.449183859372,14.293797591910588,19.359582913998
Panasonic,Lumix DMC-FZ330,1040,800,641.0,37.456330477532,14.68875705001255,19.481776812058
Panasonic,Lumix DMC-FZ330,1040,800,641.0,38.463477095691,15.083716508114117,19.600548401549
Panasonic,Lumix DMC-FZ330,1040,800,641.0,39.470623713851,15.478675966216077,19.716081190446
Panasonic,Lumix DMC-FZ330,1040,800,641.0,40.47777033201,15.873635424317648,19.828544352181
Panasonic,Lumix DMC-FZ330,1040,800,641.0,41.48491695017,16.26859488241961,19.938094177503
Panasonic,Lumix DMC-FZ330,1040,800,641.0,42.492063568329,16.663554340521177,20.044875347412
Panasonic,Lumix DMC-FZ330,1040,800,641.0,43.499210186489,17.05851379862314,20.14902205293
Panasonic,Lumix DMC-FZ330,1040,800,641.0,44.506356804649,17.4534732567251,20.250658983293
Panasonic,Lumix DMC-FZ330,1040,800,641.0,45.513503422808,17.848432714826668,20.349902200649
Panasonic,Lumix DMC-FZ330,1040,800,641.0,46.520650040968,18.243392172928626,20.446859916526
Panasonic,Lumix DMC-FZ330,1040,800,641.0,47.527796659127,18.638351631030194,20.541633183018
Panasonic,Lumix DMC-FZ330,1040,800,641.0,48.534943277287,19.03331108913216,20.634316509647
Panasonic,Lumix DMC-FZ330,1040,800,641.0,49.542089895446,19.428270547233726,20.724998415293
Panasonic,Lumix DMC-FZ330,1040,800,641.0,50.549236513606,19.823230005335684,20.81376192321
Panasonic,Lumix DMC-FZ330,1040,800,641.0,51.556383131766,20.218189463437646,20.900685006019
Panasonic,Lumix DMC-FZ330,1040,800,641.0,52.563529749925,20.613148921539217,20.985840986614
Panasonic,Lumix DMC-FZ330,1040,800,641.0,53.570676368085,21.00810837964118,21.069298900115
Panasonic,Lumix DMC-FZ330,1040,800,641.0,54.577822986244,21.403067837742746,21.151123821327
Panasonic,Lumix DMC-FZ330,1040,800,641.0,55.584969604404,21.798027295844708,21.231377161553
Panasonic,Lumix DMC-FZ330,1040,800,641.0,56.592116222563,22.192986753946276,21.310116938151
Panasonic,Lumix DMC-FZ330,1040,800,641.0,57.599262840723,22.587946212048234,21.38739801978
Panasonic,Lumix DMC-FZ330,1040,800,641.0,58.606409458883,22.982905670150195,21.463272349905
Panasonic,Lumix DMC-FZ330,1040,800,641.0,59.613556077042,23.377865128251766,21.537789150843
Panasonic,Lumix DMC-FZ330,1040,800,641.0,60.620702695202,23.772824586353725,21.610995110345
Panasonic,Lumix DMC-FZ330,1040,800,641.0,61.627849313361,24.167784044455292,21.682934552465
Panasonic,Lumix DMC-FZ330,1040,800,641.0,62.634995931521,24.562743502557254,21.753649594291
Panasonic,Lumix DMC-FZ330,1040,800,641.0,63.642142549681,24.957702960659216,21.823180289906
Panasonic,Lumix DMC-FZ330,1040,800,641.0,64.64928916784,25.352662418760787,21.891564762817
Panasonic,Lumix DMC-FZ330,1040,800,641.0,65.656435786,25.74762187686275,21.958839327922
Panasonic,Lumix DMC-FZ330,1040,800,641.0,66.663582404159,26.142581334964316,22.025038604025
Panasonic,Lumix DMC-FZ330,1040,800,641.0,67.670729022319,26.53754079306627,22.090195617722
Panasonic,Lumix DMC-FZ330,1040,800,641.0,68.677875640478,26.932500251167845,22.154341899477
Panasonic,Lumix DMC-FZ330,1040,800,641.0,69.685022258638,27.327459709269803,22.217507572556
Panasonic,Lumix DMC-FZ330,1040,800,641.0,70.692168876798,27.722419167371765,22.279721435457
Panasonic,Lumix DMC-FZ330,1040,800,641.0,71.699315494957,28.11737862547334,22.341011038402
Panasonic,Lumix DMC-FZ330,1040,800,641.0,72.706462113117,28.512338083575294,22.401402754381
Panasonic,Lumix DMC-FZ330,1040,800,641.0,73.713608731276,28.90729754167686,22.460921845228
Panasonic,Lumix DMC-FZ330,1040,800,641.0,74.720755349436,29.302256999778827,22.519592523119
Panasonic,Lumix DMC-FZ330,1040,800,641.0,75.727901967595,29.697216457880394,22.577438007886
Panasonic,Lumix DMC-FZ330,1040,800,641.0,76.735048585755,30.09217591598235,22.634480580467
Panasonic,Lumix DMC-FZ330,1040,800,641.0,77.742195203915,30.48713537408431,22.69074163281
Panasonic,Lumix DMC-FZ330,1040,800,641.0,78.749341822074,30.88209483218588,22.746241714512
Panasonic,Lumix DMC-FZ330,1040,800,641.0,79.756488440234,31.277054290287843,22.801000576435
Panasonic,Lumix DMC-FZ330,1040,800,641.0,80.763635058393,31.672013748389418,22.855037211537
Panasonic,Lumix DMC-FZ330,1040,800,641.0,81.770781676553,32.066973206491376,22.908369893136
Panasonic,Lumix DMC-FZ330,1040,800,641.0,82.777928294713,32.461932664593334,22.961016210784
Panasonic,Lumix DMC-FZ330,1040,800,641.0,83.785074912872,32.8568921226949,23.012993103935
Panasonic,Lumix DMC-FZ330,1040,800,641.0,84.792221531032,33.25185158079686,23.064316893569
Panasonic,Lumix DMC-FZ330,1040,800,641.0,85.799368149191,33.64681103889843,23.115003311921
Panasonic,Lumix DMC-FZ330,1040,800,641.0,86.806514767351,34.04177049700039,23.165067530438
Panasonic,Lumix DMC-FZ330,1040,800,641.0,87.81366138551,34.43672995510197,23.214524186102
Panasonic,Lumix DMC-FZ330,1040,800,641.0,88.82080800367,34.83168941320392,23.26338740623
Panasonic,Lumix DMC-FZ330,1040,800,641.0,89.82795462183,35.22664887130588,23.311670831843
Panasonic,Lumix DMC-FZ330,1040,800,641.0,90.835101239989,35.62160832940745,23.359387639726
Panasonic,Lumix DMC-FZ330,1040,800,641.0,91.842247858149,36.01656778750941,23.406550563238
Panasonic,Lumix DMC-FZ330,1040,800,641.0,92.849394476308,36.41152724561098,23.453171911978
Panasonic,Lumix DMC-FZ330,1040,800,641.0,93.856541094468,36.80648670371294,23.499263590368
Panasonic,Lumix DMC-FZ330,1040,800,641.0,94.863687712628,37.20144616181491,23.544837115237
Panasonic,Lumix DMC-FZ330,1040,800,641.0,95.870834330787,37.596405619916474,23.589903632452
Panasonic,Lumix DMC-FZ330,1040,800,641.0,96.877980948947,37.99136507801843,23.63447393267
Panasonic,Lumix DMC-FZ330,1040,800,641.0,97.885127567106,38.38632453612,23.678558466272
Panasonic,Lumix DMC-FZ330,1040,800,641.0,98.892274185266,38.78128399422196,23.722167357505
Panasonic,Lumix DMC-FZ330,1040,800,641.0,99.899420803425,39.176243452323526,23.765310417909
Panasonic,Lumix DMC-FZ330,1040,800,641.0,100.90656742158,39.57120291042352,23.807997159059
Panasonic,Lumix DMC-FZ330,1040,800,641.0,101.91371403974,39.966162368525495,23.850236804658
Panasonic,Lumix DMC-FZ330,1040,800,641.0,102.9208606579,40.361121826627446,23.892038302036
Panasonic,Lumix DMC-FZ330,1040,800,641.0,103.92800727606,40.75608128472941,23.933410333074
Panasonic,Lumix DMC-FZ330,1040,800,641.0,104.93515389422,41.15104074283137,23.974361324596
Panasonic,Lumix DMC-FZ330,1040,800,641.0,105.94230051238,41.546000200933335,24.014899458259
Panasonic,Lumix DMC-FZ330,1040,800,641.0,106.94944713054,41.94095965903529,24.055032679968
Panasonic,Lumix DMC-FZ330,1040,800,641.0,107.9565937487,42.33591911713725,24.09476870884
Panasonic,Lumix DMC-FZ330,1040,800,641.0,108.96374036686,42.73087857523921,24.134115045751
Panasonic,Lumix DMC-FZ330,1040,800,641.0,109.97088698502,43.12583803334118,24.173078981484
Panasonic,Lumix DMC-FZ330,1040,800,641.0,110.97803360318,43.52079749144313,24.211667604495
Panasonic,Lumix DMC-FZ330,1040,800,641.0,111.98518022134,43.9157569495451,24.249887808327
Panasonic,Lumix DMC-FZ330,1040,800,641.0,112.9923268395,44.31071640764706,24.287746298694
Panasonic,Lumix DMC-FZ330,1040,800,641.0,113.99947345766,44.70567586574902,24.325249600231
Panasonic,Lumix DMC-FZ330,1040,800,641.0,115.00662007582,45.10063532385098,24.362404062962
Panasonic,Lumix DMC-FZ330,1040,800,641.0,116.01376669398,45.49559478195294,24.399215868465
Panasonic,Lumix DMC-FZ330,1040,800,641.0,117.02091331214,45.8905542400549,24.435691035779
Panasonic,Lumix DMC-FZ330,1040,800,641.0,118.0280599303,46.28551369815687,24.471835427049
Panasonic,Lumix DMC-FZ330,1040,800,641.0,119.03520654846,46.68047315625882,24.50765475293
Panasonic,Lumix DMC-FZ330,1040,800,641.0,120.04235316662,47.075432614360786,24.543154577759
Panasonic,Lumix DMC-FZ330,1040,800,641.0,121.04949978478,47.470392072462744,24.578340324511
Panasonic,Lumix DMC-FZ330,1040,800,641.0,122.05664640294,47.86535153056471,24.613217279544
Panasonic,Lumix DMC-FZ330,1040,800,641.0,123.0637930211,48.26031098866667,24.647790597145
Panasonic,Lumix DMC-FZ330,1040,800,641.0,124.07093963926,48.655270446768625,24.682065303898
Panasonic,Lumix DMC-FZ330,1040,800,641.0,125.07808625741,49.05022990486667,24.716046302858
Panasonic,Lumix DMC-FZ330,1040,800,641.0,126.08523287557,49.44518936296863,24.749738377572
Panasonic,Lumix DMC-FZ330,1040,800,641.0,127.09237949373,49.840148821070585,24.783146195924
Panasonic,Lumix DMC-FZ330,1040,800,641.0,128.09952611189,50.23510827917255,24.816274313836
Panasonic,Lumix DMC-FZ330,1040,800,641.0,129.10667273005,50.63006773727451,24.849127178815
Panasonic,Lumix DMC-FZ330,1040,800,641.0,130.11381934821,51.025027195376474,24.881709133371
Panasonic,Lumix DMC-FZ330,1040,800,641.0,131.12096596637,51.41998665347843,24.914024418287
Panasonic,Lumix DMC-FZ330,1040,800,641.0,132.12811258453,51.81494611158038,24.946077175778
Panasonic,Lumix DMC-FZ330,1040,800,641.0,133.13525920269,52.209905569682356,24.977871452513
Panasonic,Lumix DMC-FZ330,1040,800,641.0,134.14240582085,52.60486502778431,25.009411202539
Panasonic,Lumix DMC-FZ330,1040,800,641.0,135.14955243901,52.99982448588627,25.040700290076
Panasonic,Lumix DMC-FZ330,1040,800,641.0,136.15669905717,53.39478394398823,25.071742492224
Panasonic,Lumix DMC-FZ330,1040,800,641.0,137.16384567533,53.789743402090195,25.102541501555
Panasonic,Lumix DMC-FZ330,1040,800,641.0,138.17099229349,54.18470286019216,25.133100928622
Panasonic,Lumix DMC-FZ330,1040,800,641.0,139.17813891165,54.57966231829412,25.163424304364
Panasonic,Lumix DMC-FZ330,1040,800,641.0,140.18528552981,54.97462177639607,25.19351508243
Panasonic,Lumix DMC-FZ330,1040,800,641.0,141.19243214797,55.36958123449804,25.223376641419
Panasonic,Lumix DMC-FZ330,1040,800,641.0,142.19957876613,55.76454069260001,25.253012287036
Panasonic,Lumix DMC-FZ330,1040,800,641.0,143.20672538429,56.15950015070196,25.282425254177
Panasonic,Lumix DMC-FZ330,1040,800,641.0,144.21387200245,56.55445960880392,25.31161870893
Panasonic,Lumix DMC-FZ330,1040,800,641.0,145.22101862061,56.94941906690588,25.340595750518
Panasonic,Lumix DMC-FZ330,1040,800,641.0,146.22816523877,57.34437852500784,25.369359413165
Panasonic,Lumix DMC-FZ330,1040,800,641.0,147.23531185693,57.739337983109806,25.397912667899
Panasonic,Lumix DMC-FZ330,1040,800,641.0,148.24245847509,58.13429744121176,25.426258424299
Panasonic,Lumix DMC-FZ330,1040,800,641.0,149.24960509324,58.529256899309814,25.454399532171
Panasonic,Lumix DMC-FZ330,1040,800,641.0,150.2567517114,58.924216357411765,25.48233878318
Panasonic,Lumix DMC-FZ330,1040,800,641.0,151.26389832956,59.319175815513724,25.510078912413
Panasonic,Lumix DMC-FZ330,1040,800,641.0,152.27104494772,59.714135273615675,25.537622599906
Panasonic,Lumix DMC-FZ330,1040,800,641.0,153.27819156588,60.10909473171765,25.564972472102
Panasonic,Lumix DMC-FZ330,1040,800,641.0,154.28533818404,60.50405418981961,25.592131103277
Panasonic,Lumix DMC-FZ330,1040,800,641.0,155.2924848022,60.899013647921564,25.619101016906
Panasonic,Lumix DMC-FZ330,1040,800,641.0,156.29963142036,61.29397310602352,25.645884686996
Panasonic,Lumix DMC-FZ330,1040,800,641.0,157.30677803852,61.6889325641255,25.672484539365
Panasonic,Lumix DMC-FZ330,1040,800,641.0,158.31392465668,62.08389202222745,25.698902952891
Panasonic,Lumix DMC-FZ330,1040,800,641.0,159.32107127484,62.47885148032941,25.725142260708
Panasonic,Lumix DMC-FZ330,1040,800,641.0,160.328217893,62.87381093843136,25.751204751376
Panasonic,Lumix DMC-FZ330,1040,800,641.0,161.33536451116,63.268770396533334,25.777092670005
Panasonic,Lumix DMC-FZ330,1040,800,641.0,162.34251112932,63.6637298546353,25.802808219352
Panasonic,Lumix DMC-FZ330,1040,800,641.0,163.34965774748,64.05868931273724,25.828353560877
Panasonic,Lumix DMC-FZ330,1040,800,641.0,164.35680436564,64.45364877083921,25.853730815765
Panasonic,Lumix DMC-FZ330,1040,800,641.0,165.3639509838,64.84860822894119,25.878942065927
Panasonic,Lumix DMC-FZ330,1040,800,641.0,166.37109760196,65.24356768704314,25.903989354957
Panasonic,Lumix DMC-FZ330,1040,800,641.0,167.37824422012,65.6385271451451,25.928874689071
Panasonic,Lumix DMC-FZ330,1040,800,641.0,168.38539083828,66.03348660324706,25.953600038009
Panasonic,Lumix DMC-FZ330,1040,800,641.0,169.39253745644,66.42844606134902,25.978167335916
Panasonic,Lumix DMC-FZ330,1040,800,641.0,170.3996840746,66.82340551945099,26.002578482191
Panasonic,Lumix DMC-FZ330,1040,800,641.0,171.40683069276,67.21836497755294,26.02683534232
Panasonic,Lumix DMC-FZ330,1040,800,641.0,172.41397731091,67.613324435651,26.050939748672
Panasonic,Lumix DMC-FZ330,1040,800,641.0,173.42112392907,68.00828389375295,26.07489350128
Panasonic,Lumix DMC-FZ330,1040,800,641.0,174.42827054723,68.4032433518549,26.098698368598
Panasonic,Lumix DMC-FZ330,1040,800,641.0,175.43541716539,68.79820280995685,26.122356088236
Panasonic,Lumix DMC-FZ330,1040,800,641.0,176.44256378355,69.19316226805883,26.14586836767
Panasonic,Lumix DMC-FZ330,1040,800,641.0,177.44971040171,69.5881217261608,26.169236884936
Panasonic,Lumix DMC-FZ330,1040,800,641.0,178.45685701987,69.98308118426274,26.192463289304
Panasonic,Lumix DMC-FZ330,1040,800,641.0,179.46400363803,70.37804064236471,26.215549201928
Panasonic,Lumix DMC-FZ330,1040,800,641.0,180.47115025619,70.77300010046666,26.238496216485
Panasonic,Lumix DMC-FZ330,1040,800,641.0,181.47829687435,71.16795955856863,26.261305899791
Panasonic,Lumix DMC-FZ330,1040,800,641.0,182.48544349251,71.56291901667059,26.283979792398
Panasonic,Lumix DMC-FZ330,1040,800,641.0,183.49259011067,71.95787847477256,26.306519409182
Panasonic,Lumix DMC-FZ330,1040,800,641.0,184.49973672883,72.35283793287451,26.328926239909
Panasonic,Lumix DMC-FZ330,1040,800,641.0,185.50688334699,72.74779739097647,26.351201749784
Panasonic,Lumix DMC-FZ330,1040,800,641.0,186.51402996515,73.14275684907842,26.373347379991
Panasonic,Lumix DMC-FZ330,1040,800,641.0,187.52117658331,73.53771630718039,26.395364548214
Panasonic,Lumix DMC-FZ330,1040,800,641.0,188.52832320147,73.93267576528235,26.417254649143
Panasonic,Lumix DMC-FZ330,1040,800,641.0,189.53546981963,74.32763522338432,26.439019054971
Panasonic,Lumix DMC-FZ330,1040,800,641.0,190.54261643779,74.72259468148627,26.460659115875
Panasonic,Lumix DMC-FZ330,1040,800,641.0,191.54976305595,75.11755413958824,26.482176160482
Panasonic,Lumix DMC-FZ330,1040,800,641.0,192.55690967411,75.51251359769019,26.503571496327
Panasonic,Lumix DMC-FZ330,1040,800,641.0,193.56405629227,75.90747305579217,26.524846410296
Panasonic,Lumix DMC-FZ330,1040,800,641.0,194.57120291043,76.30243251389412,26.546002169058
Panasonic,Lumix DMC-FZ330,1040,800,641.0,195.57834952858,76.69739197199216,26.567040019487
Panasonic,Lumix DMC-FZ330,1040,800,641.0,196.58549614674,77.09235143009411,26.587961189074
Panasonic,Lumix DMC-FZ330,1040,800,641.0,197.5926427649,77.48731088819608,26.608766886321
Panasonic,Lumix DMC-FZ330,1040,800,641.0,198.59978938306,77.88227034629804,26.629458301135
Panasonic,Lumix DMC-FZ330,1040,800,641.0,199.60693600122,78.2772298044,26.650036605208
Panasonic,Lumix DMC-FZ330,1040,800,641.0,200.61408261938,78.67218926250197,26.670502952382
Panasonic,Lumix DMC-FZ330,1040,800,641.0,201.62122923754,79.06714872060392,26.690858479014
Panasonic,Lumix DMC-FZ330,1040,800,641.0,202.6283758557,79.46210817870588,26.711104304326
Panasonic,Lumix DMC-FZ330,1040,800,641.0,203.63552247386,79.85706763680784,26.731241530747
Panasonic,Lumix DMC-FZ330,1040,800,641.0,204.64266909202,80.25202709490979,26.751271244248
Panasonic,Lumix DMC-FZ330,1040,800,641.0,205.64981571018,80.64698655301177,26.771194514667
Panasonic,Lumix DMC-FZ330,1040,800,641.0,206.65696232834,81.04194601111374,26.791012396028
Panasonic,Lumix DMC-FZ330,1040,800,641.0,207.6641089465,81.43690546921569,26.810725926848
Panasonic,Lumix DMC-FZ330,1040,800,641.0,208.67125556466,81.83186492731764,26.830336130446
Panasonic,Lumix DMC-FZ330,1040,800,641.0,209.67840218282,82.2268243854196,26.849844015229
Panasonic,Lumix DMC-FZ330,1040,800,641.0,210.68554880098,82.62178384352157,26.869250574989
Panasonic,Lumix DMC-FZ330,1040,800,641.0,211.69269541914,83.01674330162353,26.888556789178
Panasonic,Lumix DMC-FZ330,1040,800,641.0,212.6998420373,83.41170275972549,26.907763623184
Panasonic,Lumix DMC-FZ330,1040,800,641.0,213.70698865546,83.80666221782745,26.926872028599
Panasonic,Lumix DMC-FZ330,1040,800,641.0,214.71413527362,84.20162167592942,26.945882943484
Panasonic,Lumix DMC-FZ330,1040,800,641.0,215.72128189178,84.59658113403137,26.964797292616
Panasonic,Lumix DMC-FZ330,1040,800,641.0,216.72842850994,84.99154059213333,26.983615987746
Panasonic,Lumix DMC-FZ330,1040,800,641.0,217.7355751281,85.3865000502353,27.002339927837
Panasonic,Lumix DMC-FZ330,1040,800,641.0,218.74272174625,85.78145950833334,27.020969999305
Panasonic,Lumix DMC-FZ330,1040,800,641.0,219.74986836441,86.17641896643529,27.039507076248
Panasonic,Lumix DMC-FZ330,1040,800,641.0,220.75701498257,86.57137842453726,27.057952020678
Panasonic,Lumix DMC-FZ330,1040,800,641.0,221.76416160073,86.96633788263922,27.076305682738
Panasonic,Lumix DMC-FZ330,1040,800,641.0,222.77130821889,87.36129734074117,27.094568900919
Panasonic,Lumix DMC-FZ330,1040,800,641.0,223.77845483705,87.75625679884314,27.112742502277
Panasonic,Lumix DMC-FZ330,1040,800,641.0,224.78560145521,88.1512162569451,27.130827302632
Panasonic,Lumix DMC-FZ330,1040,800,641.0,225.79274807337,88.54617571504706,27.148824106779
Panasonic,Lumix DMC-FZ330,1040,800,641.0,226.79989469153,88.94113517314902,27.166733708679
Panasonic,Lumix DMC-FZ330,1040,800,641.0,227.80704130969,89.33609463125097,27.184556891656
Panasonic,Lumix DMC-FZ330,1040,800,641.0,228.81418792785,89.73105408935295,27.202294428583
Panasonic,Lumix DMC-FZ330,1040,800,641.0,229.82133454601,90.1260135474549,27.219947082071
Panasonic,Lumix DMC-FZ330,1040,800,641.0,230.82848116417,90.52097300555685,27.237515604647
Panasonic,Lumix DMC-FZ330,1040,800,641.0,231.83562778233,90.91593246365882,27.255000738931
Panasonic,Lumix DMC-FZ330,1040,800,641.0,232.84277440049,91.31089192176078,27.272403217812
Panasonic,Lumix DMC-FZ330,1040,800,641.0,233.84992101865,91.70585137986275,27.289723764613
Panasonic,Lumix DMC-FZ330,1040,800,641.0,234.85706763681,92.1008108379647,27.306963093257
Panasonic,Lumix DMC-FZ330,1040,800,641.0,235.86421425497,92.49577029606667,27.324121908434
Panasonic,Lumix DMC-FZ330,1040,800,641.0,236.87136087313,92.89072975416862,27.341200905755
Panasonic,Lumix DMC-FZ330,1040,800,641.0,237.87850749129,93.2856892122706,27.358200771906
Panasonic,Lumix DMC-FZ330,1040,800,641.0,238.88565410945,93.68064867037255,27.375122184805
Panasonic,Lumix DMC-FZ330,1040,800,641.0,239.89280072761,94.07560812847451,27.391965813746
Panasonic,Lumix DMC-FZ330,1040,800,641.0,240.89994734577,94.47056758657646,27.408732319548
Panasonic,Lumix DMC-FZ330,1040,800,641.0,241.90709396392,94.86552704467451,27.425422354693
Panasonic,Lumix DMC-FZ330,1040,800,641.0,242.91424058208,95.26048650277646,27.442036563472
Panasonic,Lumix DMC-FZ330,1040,800,641.0,243.92138720024,95.65544596087842,27.458575582114
Panasonic,Lumix DMC-FZ330,1040,800,641.0,244.9285338184,96.0504054189804,27.475040038927
Panasonic,Lumix DMC-FZ330,1040,800,641.0,245.93568043656,96.44536487708235,27.491430554422
Panasonic,Lumix DMC-FZ330,1040,800,641.0,246.94282705472,96.84032433518432,27.507747741448
Panasonic,Lumix DMC-FZ330,1040,800,641.0,247.94997367288,97.23528379328627,27.523992205312
Panasonic,Lumix DMC-FZ330,1040,800,641.0,248.95712029104,97.63024325138824,27.540164543906
Panasonic,Lumix DMC-FZ330,1040,800,641.0,249.9642669092,98.0252027094902,27.556265347827
Panasonic,Lumix DMC-FZ330,1040,800,641.0,250.97141352736,98.42016216759215,27.572295200491
Panasonic,Lumix DMC-FZ330,1040,800,641.0,251.97856014552,98.81512162569412,27.588254678254
Panasonic,Lumix DMC-FZ330,1040,800,641.0,252.98570676368,99.21008108379608,27.604144350526
Panasonic,Lumix DMC-FZ330,1040,800,641.0,253.99285338184,99.60504054189803,27.619964779875
Panasonic,Lumix DMC-FZ330,1040,800,641.0,255,100.0,27.635716522143
Panasonic,Lumix DMC-FZ330,1040,1600,1211.0,2.0699776621852,0.8117559459549805,0
Panasonic,Lumix DMC-FZ330,1040,1600,1211.0,4.1893823994712,1.6428950586161568,4.683410230642
Panasonic,Lumix DMC-FZ330,1040,1600,1211.0,4.2204920782656,1.6550949326531765,4.7297075386819
Panasonic,Lumix DMC-FZ330,1040,1600,1211.0,5.2276386964252,2.05005439075498,6.0436965849971
Panasonic,Lumix DMC-FZ330,1040,1600,1211.0,6.2347853145847,2.445013848856745,7.0897486740251
Panasonic,Lumix DMC-FZ330,1040,1600,1211.0,7.2419319327443,2.839973306958549,7.9545762330648
Panasonic,Lumix DMC-FZ330,1040,1600,1211.0,8.2490785509039,3.2349327650603525,8.6893704763245
Panasonic,Lumix DMC-FZ330,1040,1600,1211.0,9.2562251690635,3.6298922231621567,9.3267035992371
Panasonic,Lumix DMC-FZ330,1040,1600,1211.0,10.263371787223,4.024851681263922,9.8884945640178
Panasonic,Lumix DMC-FZ330,1040,1600,1211.0,11.270518405383,4.419811139365882,10.390150340334
Panasonic,Lumix DMC-FZ330,1040,1600,1211.0,12.277665023542,4.814770597467451,10.842885552679
Panasonic,Lumix DMC-FZ330,1040,1600,1211.0,13.284811641702,5.209730055569412,11.255100550378
Panasonic,Lumix DMC-FZ330,1040,1600,1211.0,14.291958259861,5.60468951367098,11.633240140227
Panasonic,Lumix DMC-FZ330,1040,1600,1211.0,15.299104878021,5.999648971772941,11.982350309201
Panasonic,Lumix DMC-FZ330,1040,1600,1211.0,16.30625149618,6.39460842987451,12.306451410732
Panasonic,Lumix DMC-FZ330,1040,1600,1211.0,17.31339811434,6.789567887976471,12.608795574654
Panasonic,Lumix DMC-FZ330,1040,1600,1211.0,18.3205447325,7.184527346078432,12.892048708429
Panasonic,Lumix DMC-FZ330,1040,1600,1211.0,19.327691350659,7.579486804179999,13.158421997391
Panasonic,Lumix DMC-FZ330,1040,1600,1211.0,20.334837968819,7.97444626228196,13.409768749666
Panasonic,Lumix DMC-FZ330,1040,1600,1211.0,21.341984586978,8.36940572038353,13.647656940838
Panasonic,Lumix DMC-FZ330,1040,1600,1211.0,22.349131205138,8.764365178485491,13.873424388534
Panasonic,Lumix DMC-FZ330,1040,1600,1211.0,23.356277823298,9.159324636587451,14.088221294663
Panasonic,Lumix DMC-FZ330,1040,1600,1211.0,24.363424441457,9.55428409468902,14.293043456712
Panasonic,Lumix DMC-FZ330,1040,1600,1211.0,25.370571059617,9.94924355279098,14.488758488745
Panasonic,Lumix DMC-FZ330,1040,1600,1211.0,26.377717677776,10.34420301089255,14.676126737806
Panasonic,Lumix DMC-FZ330,1040,1600,1211.0,27.384864295936,10.739162468994511,14.855818127269
Panasonic,Lumix DMC-FZ330,1040,1600,1211.0,28.392010914095,11.134121927096079,15.028425838776
Panasonic,Lumix DMC-FZ330,1040,1600,1211.0,29.399157532255,11.52908138519804,15.194477515782
Panasonic,Lumix DMC-FZ330,1040,1600,1211.0,30.406304150415,11.9240408433,15.35444450616
Panasonic,Lumix DMC-FZ330,1040,1600,1211.0,31.413450768574,12.319000301401568,15.508749539991
Panasonic,Lumix DMC-FZ330,1040,1600,1211.0,32.420597386734,12.71395975950353,15.657773148646
Panasonic,Lumix DMC-FZ330,1040,1600,1211.0,33.427744004893,13.108919217605097,15.801859063884
Panasonic,Lumix DMC-FZ330,1040,1600,1211.0,34.434890623053,13.50387867570706,15.941318784645
Panasonic,Lumix DMC-FZ330,1040,1600,1211.0,35.442037241212,13.898838133808628,16.076435460271
Panasonic,Lumix DMC-FZ330,1040,1600,1211.0,36.449183859372,14.293797591910588,16.207467208891
Panasonic,Lumix DMC-FZ330,1040,1600,1211.0,37.456330477532,14.68875705001255,16.334649966365
Panasonic,Lumix DMC-FZ330,1040,1600,1211.0,38.463477095691,15.083716508114117,16.458199943004
Panasonic,Lumix DMC-FZ330,1040,1600,1211.0,39.470623713851,15.478675966216077,16.578315750872
Panasonic,Lumix DMC-FZ330,1040,1600,1211.0,40.47777033201,15.873635424317648,16.695180253103
Panasonic,Lumix DMC-FZ330,1040,1600,1211.0,41.48491695017,16.26859488241961,16.808962177553
Panasonic,Lumix DMC-FZ330,1040,1600,1211.0,42.492063568329,16.663554340521177,16.919817529807
Panasonic,Lumix DMC-FZ330,1040,1600,1211.0,43.499210186489,17.05851379862314,17.027890834646
Panasonic,Lumix DMC-FZ330,1040,1600,1211.0,44.506356804649,17.4534732567251,17.133316230294
Panasonic,Lumix DMC-FZ330,1040,1600,1211.0,45.513503422808,17.848432714826668,17.236218435832
Panasonic,Lumix DMC-FZ330,1040,1600,1211.0,46.520650040968,18.243392172928626,17.33671360897
Panasonic,Lumix DMC-FZ330,1040,1600,1211.0,47.527796659127,18.638351631030194,17.434910108711
Panasonic,Lumix DMC-FZ330,1040,1600,1211.0,48.534943277287,19.03331108913216,17.530909175243
Panasonic,Lumix DMC-FZ330,1040,1600,1211.0,49.542089895446,19.428270547233726,17.624805537585
Panasonic,Lumix DMC-FZ330,1040,1600,1211.0,50.549236513606,19.823230005335684,17.716687957972
Panasonic,Lumix DMC-FZ330,1040,1600,1211.0,51.556383131766,20.218189463437646,17.806639720704
Panasonic,Lumix DMC-FZ330,1040,1600,1211.0,52.563529749925,20.613148921539217,17.894739072101
Panasonic,Lumix DMC-FZ330,1040,1600,1211.0,53.570676368085,21.00810837964118,17.981059617299
Panasonic,Lumix DMC-FZ330,1040,1600,1211.0,54.577822986244,21.403067837742746,18.065670678862
Panasonic,Lumix DMC-FZ330,1040,1600,1211.0,55.584969604404,21.798027295844708,18.148637621512
Panasonic,Lumix DMC-FZ330,1040,1600,1211.0,56.592116222563,22.192986753946276,18.230022146755
Panasonic,Lumix DMC-FZ330,1040,1600,1211.0,57.599262840723,22.587946212048234,18.309882560664
Panasonic,Lumix DMC-FZ330,1040,1600,1211.0,58.606409458883,22.982905670150195,18.388274017708
Panasonic,Lumix DMC-FZ330,1040,1600,1211.0,59.613556077042,23.377865128251766,18.46524874314
Panasonic,Lumix DMC-FZ330,1040,1600,1211.0,60.620702695202,23.772824586353725,18.540856236161
Panasonic,Lumix DMC-FZ330,1040,1600,1211.0,61.627849313361,24.167784044455292,18.615143455823
Panasonic,Lumix DMC-FZ330,1040,1600,1211.0,62.634995931521,24.562743502557254,18.688154991384
Panasonic,Lumix DMC-FZ330,1040,1600,1211.0,63.642142549681,24.957702960659216,18.759933218663
Panasonic,Lumix DMC-FZ330,1040,1600,1211.0,64.64928916784,25.352662418760787,18.830518443736
Panasonic,Lumix DMC-FZ330,1040,1600,1211.0,65.656435786,25.74762187686275,18.899949035189
Panasonic,Lumix DMC-FZ330,1040,1600,1211.0,66.663582404159,26.142581334964316,18.968261545996
Panasonic,Lumix DMC-FZ330,1040,1600,1211.0,67.670729022319,26.53754079306627,19.035490825987
Panasonic,Lumix DMC-FZ330,1040,1600,1211.0,68.677875640478,26.932500251167845,19.101670125765
Panasonic,Lumix DMC-FZ330,1040,1600,1211.0,69.685022258638,27.327459709269803,19.166831192822
Panasonic,Lumix DMC-FZ330,1040,1600,1211.0,70.692168876798,27.722419167371765,19.23100436057
Panasonic,Lumix DMC-FZ330,1040,1600,1211.0,71.699315494957,28.11737862547334,19.294218630886
Panasonic,Lumix DMC-FZ330,1040,1600,1211.0,72.706462113117,28.512338083575294,19.356501750731
Panasonic,Lumix DMC-FZ330,1040,1600,1211.0,73.713608731276,28.90729754167686,19.41788028335
Panasonic,Lumix DMC-FZ330,1040,1600,1211.0,74.720755349436,29.302256999778827,19.478379674506
Panasonic,Lumix DMC-FZ330,1040,1600,1211.0,75.727901967595,29.697216457880394,19.538024314149
Panasonic,Lumix DMC-FZ330,1040,1600,1211.0,76.735048585755,30.09217591598235,19.596837593903
Panasonic,Lumix DMC-FZ330,1040,1600,1211.0,77.742195203915,30.48713537408431,19.654841960698
Panasonic,Lumix DMC-FZ330,1040,1600,1211.0,78.749341822074,30.88209483218588,19.712058966854
Panasonic,Lumix DMC-FZ330,1040,1600,1211.0,79.756488440234,31.277054290287843,19.768509316898
Panasonic,Lumix DMC-FZ330,1040,1600,1211.0,80.763635058393,31.672013748389418,19.82421291136
Panasonic,Lumix DMC-FZ330,1040,1600,1211.0,81.770781676553,32.066973206491376,19.879188887789
Panasonic,Lumix DMC-FZ330,1040,1600,1211.0,82.777928294713,32.461932664593334,19.933455659183
Panasonic,Lumix DMC-FZ330,1040,1600,1211.0,83.785074912872,32.8568921226949,19.987030950041
Panasonic,Lumix DMC-FZ330,1040,1600,1211.0,84.792221531032,33.25185158079686,20.039931830195
Panasonic,Lumix DMC-FZ330,1040,1600,1211.0,85.799368149191,33.64681103889843,20.092174746604
Panasonic,Lumix DMC-FZ330,1040,1600,1211.0,86.806514767351,34.04177049700039,20.143775553237
Panasonic,Lumix DMC-FZ330,1040,1600,1211.0,87.81366138551,34.43672995510197,20.194749539187
Panasonic,Lumix DMC-FZ330,1040,1600,1211.0,88.82080800367,34.83168941320392,20.245111455146
Panasonic,Lumix DMC-FZ330,1040,1600,1211.0,89.82795462183,35.22664887130588,20.294875538348
Panasonic,Lumix DMC-FZ330,1040,1600,1211.0,90.835101239989,35.62160832940745,20.344055536081
Panasonic,Lumix DMC-FZ330,1040,1600,1211.0,91.842247858149,36.01656778750941,20.392664727881
Panasonic,Lumix DMC-FZ330,1040,1600,1211.0,92.849394476308,36.41152724561098,20.440715946474
Panasonic,Lumix DMC-FZ330,1040,1600,1211.0,93.856541094468,36.80648670371294,20.488221597567
Panasonic,Lumix DMC-FZ330,1040,1600,1211.0,94.863687712628,37.20144616181491,20.53519367856
Panasonic,Lumix DMC-FZ330,1040,1600,1211.0,95.870834330787,37.596405619916474,20.581643796232
Panasonic,Lumix DMC-FZ330,1040,1600,1211.0,96.877980948947,37.99136507801843,20.627583183501
Panasonic,Lumix DMC-FZ330,1040,1600,1211.0,97.885127567106,38.38632453612,20.673022715277
Panasonic,Lumix DMC-FZ330,1040,1600,1211.0,98.892274185266,38.78128399422196,20.717972923497
Panasonic,Lumix DMC-FZ330,1040,1600,1211.0,99.899420803425,39.176243452323526,20.762444011374
Panasonic,Lumix DMC-FZ330,1040,1600,1211.0,100.90656742158,39.57120291042352,20.80644586692
Panasonic,Lumix DMC-FZ330,1040,1600,1211.0,101.91371403974,39.966162368525495,20.849988075771
Panasonic,Lumix DMC-FZ330,1040,1600,1211.0,102.9208606579,40.361121826627446,20.893079933382
Panasonic,Lumix DMC-FZ330,1040,1600,1211.0,103.92800727606,40.75608128472941,20.935730456601
Panasonic,Lumix DMC-FZ330,1040,1600,1211.0,104.93515389422,41.15104074283137,20.97794839468
Panasonic,Lumix DMC-FZ330,1040,1600,1211.0,105.94230051238,41.546000200933335,21.019742239747
Panasonic,Lumix DMC-FZ330,1040,1600,1211.0,106.94944713054,41.94095965903529,21.061120236766
Panasonic,Lumix DMC-FZ330,1040,1600,1211.0,107.9565937487,42.33591911713725,21.102090393027
Panasonic,Lumix DMC-FZ330,1040,1600,1211.0,108.96374036686,42.73087857523921,21.142660487183
Panasonic,Lumix DMC-FZ330,1040,1600,1211.0,109.97088698502,43.12583803334118,21.182838077858
Panasonic,Lumix DMC-FZ330,1040,1600,1211.0,110.97803360318,43.52079749144313,21.222630511862
Panasonic,Lumix DMC-FZ330,1040,1600,1211.0,111.98518022134,43.9157569495451,21.262044932019
Panasonic,Lumix DMC-FZ330,1040,1600,1211.0,112.9923268395,44.31071640764706,21.30108828464
Panasonic,Lumix DMC-FZ330,1040,1600,1211.0,113.99947345766,44.70567586574902,21.33976732666
Panasonic,Lumix DMC-FZ330,1040,1600,1211.0,115.00662007582,45.10063532385098,21.37808863245
Panasonic,Lumix DMC-FZ330,1040,1600,1211.0,116.01376669398,45.49559478195294,21.416058600327
Panasonic,Lumix DMC-FZ330,1040,1600,1211.0,117.02091331214,45.8905542400549,21.453683458781
Panasonic,Lumix DMC-FZ330,1040,1600,1211.0,118.0280599303,46.28551369815687,21.490969272418
Panasonic,Lumix DMC-FZ330,1040,1600,1211.0,119.03520654846,46.68047315625882,21.527921947661
Panasonic,Lumix DMC-FZ330,1040,1600,1211.0,120.04235316662,47.075432614360786,21.564547238195
Panasonic,Lumix DMC-FZ330,1040,1600,1211.0,121.04949978478,47.470392072462744,21.600850750181
Panasonic,Lumix DMC-FZ330,1040,1600,1211.0,122.05664640294,47.86535153056471,21.636837947251
Panasonic,Lumix DMC-FZ330,1040,1600,1211.0,123.0637930211,48.26031098866667,21.672514155298
Panasonic,Lumix DMC-FZ330,1040,1600,1211.0,124.07093963926,48.655270446768625,21.707884567057
Panasonic,Lumix DMC-FZ330,1040,1600,1211.0,125.07808625741,49.05022990486667,21.742954246506
Panasonic,Lumix DMC-FZ330,1040,1600,1211.0,126.08523287557,49.44518936296863,21.777728133084
Panasonic,Lumix DMC-FZ330,1040,1600,1211.0,127.09237949373,49.840148821070585,21.812211045735
Panasonic,Lumix DMC-FZ330,1040,1600,1211.0,128.09952611189,50.23510827917255,21.846407686793
Panasonic,Lumix DMC-FZ330,1040,1600,1211.0,129.10667273005,50.63006773727451,21.880322645712
Panasonic,Lumix DMC-FZ330,1040,1600,1211.0,130.11381934821,51.025027195376474,21.913960402643
Panasonic,Lumix DMC-FZ330,1040,1600,1211.0,131.12096596637,51.41998665347843,21.947325331878
Panasonic,Lumix DMC-FZ330,1040,1600,1211.0,132.12811258453,51.81494611158038,21.980421705155
Panasonic,Lumix DMC-FZ330,1040,1600,1211.0,133.13525920269,52.209905569682356,22.013253694833
Panasonic,Lumix DMC-FZ330,1040,1600,1211.0,134.14240582085,52.60486502778431,22.045825376953
Panasonic,Lumix DMC-FZ330,1040,1600,1211.0,135.14955243901,52.99982448588627,22.078140734174
Panasonic,Lumix DMC-FZ330,1040,1600,1211.0,136.15669905717,53.39478394398823,22.1102036586
Panasonic,Lumix DMC-FZ330,1040,1600,1211.0,137.16384567533,53.789743402090195,22.142017954507
Panasonic,Lumix DMC-FZ330,1040,1600,1211.0,138.17099229349,54.18470286019216,22.173587340959
Panasonic,Lumix DMC-FZ330,1040,1600,1211.0,139.17813891165,54.57966231829412,22.204915454334
Panasonic,Lumix DMC-FZ330,1040,1600,1211.0,140.18528552981,54.97462177639607,22.236005850756
Panasonic,Lumix DMC-FZ330,1040,1600,1211.0,141.19243214797,55.36958123449804,22.266862008434
Panasonic,Lumix DMC-FZ330,1040,1600,1211.0,142.19957876613,55.76454069260001,22.297487329922
Panasonic,Lumix DMC-FZ330,1040,1600,1211.0,143.20672538429,56.15950015070196,22.327885144295
Panasonic,Lumix DMC-FZ330,1040,1600,1211.0,144.21387200245,56.55445960880392,22.358058709249
Panasonic,Lumix DMC-FZ330,1040,1600,1211.0,145.22101862061,56.94941906690588,22.388011213124
Panasonic,Lumix DMC-FZ330,1040,1600,1211.0,146.22816523877,57.34437852500784,22.417745776858
Panasonic,Lumix DMC-FZ330,1040,1600,1211.0,147.23531185693,57.739337983109806,22.447265455871
Panasonic,Lumix DMC-FZ330,1040,1600,1211.0,148.24245847509,58.13429744121176,22.476573241886
Panasonic,Lumix DMC-FZ330,1040,1600,1211.0,149.24960509324,58.529256899309814,22.505672064685
Panasonic,Lumix DMC-FZ330,1040,1600,1211.0,150.2567517114,58.924216357411765,22.534564793808
Panasonic,Lumix DMC-FZ330,1040,1600,1211.0,151.26389832956,59.319175815513724,22.56325424019
Panasonic,Lumix DMC-FZ330,1040,1600,1211.0,152.27104494772,59.714135273615675,22.591743157743
Panasonic,Lumix DMC-FZ330,1040,1600,1211.0,153.27819156588,60.10909473171765,22.620034244892
Panasonic,Lumix DMC-FZ330,1040,1600,1211.0,154.28533818404,60.50405418981961,22.648130146051
Panasonic,Lumix DMC-FZ330,1040,1600,1211.0,155.2924848022,60.899013647921564,22.676033453053
Panasonic,Lumix DMC-FZ330,1040,1600,1211.0,156.29963142036,61.29397310602352,22.703746706538
Panasonic,Lumix DMC-FZ330,1040,1600,1211.0,157.30677803852,61.6889325641255,22.731272397288
Panasonic,Lumix DMC-FZ330,1040,1600,1211.0,158.31392465668,62.08389202222745,22.758612967521
Panasonic,Lumix DMC-FZ330,1040,1600,1211.0,159.32107127484,62.47885148032941,22.785770812149
Panasonic,Lumix DMC-FZ330,1040,1600,1211.0,160.328217893,62.87381093843136,22.812748279988
Panasonic,Lumix DMC-FZ330,1040,1600,1211.0,161.33536451116,63.268770396533334,22.839547674932
Panasonic,Lumix DMC-FZ330,1040,1600,1211.0,162.34251112932,63.6637298546353,22.866171257093
Panasonic,Lumix DMC-FZ330,1040,1600,1211.0,163.34965774748,64.05868931273724,22.8926212439
Panasonic,Lumix DMC-FZ330,1040,1600,1211.0,164.35680436564,64.45364877083921,22.918899811169
Panasonic,Lumix DMC-FZ330,1040,1600,1211.0,165.3639509838,64.84860822894119,22.945009094134
Panasonic,Lumix DMC-FZ330,1040,1600,1211.0,166.37109760196,65.24356768704314,22.970951188453
Panasonic,Lumix DMC-FZ330,1040,1600,1211.0,167.37824422012,65.6385271451451,22.996728151176
Panasonic,Lumix DMC-FZ330,1040,1600,1211.0,168.38539083828,66.03348660324706,23.022342001688
Panasonic,Lumix DMC-FZ330,1040,1600,1211.0,169.39253745644,66.42844606134902,23.047794722623
Panasonic,Lumix DMC-FZ330,1040,1600,1211.0,170.3996840746,66.82340551945099,23.073088260751
Panasonic,Lumix DMC-FZ330,1040,1600,1211.0,171.40683069276,67.21836497755294,23.098224527835
Panasonic,Lumix DMC-FZ330,1040,1600,1211.0,172.41397731091,67.613324435651,23.123205401463
Panasonic,Lumix DMC-FZ330,1040,1600,1211.0,173.42112392907,68.00828389375295,23.148032725865
Panasonic,Lumix DMC-FZ330,1040,1600,1211.0,174.42827054723,68.4032433518549,23.172708312687
Panasonic,Lumix DMC-FZ330,1040,1600,1211.0,175.43541716539,68.79820280995685,23.197233941765
Panasonic,Lumix DMC-FZ330,1040,1600,1211.0,176.44256378355,69.19316226805883,23.221611361856
Panasonic,Lumix DMC-FZ330,1040,1600,1211.0,177.44971040171,69.5881217261608,23.245842291362
Panasonic,Lumix DMC-FZ330,1040,1600,1211.0,178.45685701987,69.98308118426274,23.269928419025
Panasonic,Lumix DMC-FZ330,1040,1600,1211.0,179.46400363803,70.37804064236471,23.293871404608
Panasonic,Lumix DMC-FZ330,1040,1600,1211.0,180.47115025619,70.77300010046666,23.317672879553
Panasonic,Lumix DMC-FZ330,1040,1600,1211.0,181.47829687435,71.16795955856863,23.34133444762
Panasonic,Lumix DMC-FZ330,1040,1600,1211.0,182.48544349251,71.56291901667059,23.364857685511
Panasonic,Lumix DMC-FZ330,1040,1600,1211.0,183.49259011067,71.95787847477256,23.388244143474
Panasonic,Lumix DMC-FZ330,1040,1600,1211.0,184.49973672883,72.35283793287451,23.411495345892
Panasonic,Lumix DMC-FZ330,1040,1600,1211.0,185.50688334699,72.74779739097647,23.434612791853
Panasonic,Lumix DMC-FZ330,1040,1600,1211.0,186.51402996515,73.14275684907842,23.45759795571
Panasonic,Lumix DMC-FZ330,1040,1600,1211.0,187.52117658331,73.53771630718039,23.480452287617
Panasonic,Lumix DMC-FZ330,1040,1600,1211.0,188.52832320147,73.93267576528235,23.50317721406
Panasonic,Lumix DMC-FZ330,1040,1600,1211.0,189.53546981963,74.32763522338432,23.525774138365
Panasonic,Lumix DMC-FZ330,1040,1600,1211.0,190.54261643779,74.72259468148627,23.548244441199
Panasonic,Lumix DMC-FZ330,1040,1600,1211.0,191.54976305595,75.11755413958824,23.570589481056
Panasonic,Lumix DMC-FZ330,1040,1600,1211.0,192.55690967411,75.51251359769019,23.592810594724
Panasonic,Lumix DMC-FZ330,1040,1600,1211.0,193.56405629227,75.90747305579217,23.61490909775
Panasonic,Lumix DMC-FZ330,1040,1600,1211.0,194.57120291043,76.30243251389412,23.636886284885
Panasonic,Lumix DMC-FZ330,1040,1600,1211.0,195.57834952858,76.69739197199216,23.658743430521
Panasonic,Lumix DMC-FZ330,1040,1600,1211.0,196.58549614674,77.09235143009411,23.680481789112
Panasonic,Lumix DMC-FZ330,1040,1600,1211.0,197.5926427649,77.48731088819608,23.702102595594
Panasonic,Lumix DMC-FZ330,1040,1600,1211.0,198.59978938306,77.88227034629804,23.72360706578
Panasonic,Lumix DMC-FZ330,1040,1600,1211.0,199.60693600122,78.2772298044,23.744996396757
Panasonic,Lumix DMC-FZ330,1040,1600,1211.0,200.61408261938,78.67218926250197,23.76627176727
Panasonic,Lumix DMC-FZ330,1040,1600,1211.0,201.62122923754,79.06714872060392,23.78743433809
Panasonic,Lumix DMC-FZ330,1040,1600,1211.0,202.6283758557,79.46210817870588,23.808485252381
Panasonic,Lumix DMC-FZ330,1040,1600,1211.0,203.63552247386,79.85706763680784,23.829425636052
Panasonic,Lumix DMC-FZ330,1040,1600,1211.0,204.64266909202,80.25202709490979,23.850256598103
Panasonic,Lumix DMC-FZ330,1040,1600,1211.0,205.64981571018,80.64698655301177,23.870979230963
Panasonic,Lumix DMC-FZ330,1040,1600,1211.0,206.65696232834,81.04194601111374,23.891594610816
Panasonic,Lumix DMC-FZ330,1040,1600,1211.0,207.6641089465,81.43690546921569,23.912103797924
Panasonic,Lumix DMC-FZ330,1040,1600,1211.0,208.67125556466,81.83186492731764,23.932507836937
Panasonic,Lumix DMC-FZ330,1040,1600,1211.0,209.67840218282,82.2268243854196,23.952807757199
Panasonic,Lumix DMC-FZ330,1040,1600,1211.0,210.68554880098,82.62178384352157,23.973004573046
Panasonic,Lumix DMC-FZ330,1040,1600,1211.0,211.69269541914,83.01674330162353,23.993099284094
Panasonic,Lumix DMC-FZ330,1040,1600,1211.0,212.6998420373,83.41170275972549,24.013092875525
Panasonic,Lumix DMC-FZ330,1040,1600,1211.0,213.70698865546,83.80666221782745,24.032986318363
Panasonic,Lumix DMC-FZ330,1040,1600,1211.0,214.71413527362,84.20162167592942,24.052780569741
Panasonic,Lumix DMC-FZ330,1040,1600,1211.0,215.72128189178,84.59658113403137,24.072476573167
Panasonic,Lumix DMC-FZ330,1040,1600,1211.0,216.72842850994,84.99154059213333,24.092075258784
Panasonic,Lumix DMC-FZ330,1040,1600,1211.0,217.7355751281,85.3865000502353,24.111577543613
Panasonic,Lumix DMC-FZ330,1040,1600,1211.0,218.74272174625,85.78145950833334,24.130984331809
Panasonic,Lumix DMC-FZ330,1040,1600,1211.0,219.74986836441,86.17641896643529,24.15029651489
Panasonic,Lumix DMC-FZ330,1040,1600,1211.0,220.75701498257,86.57137842453726,24.169514971981
Panasonic,Lumix DMC-FZ330,1040,1600,1211.0,221.76416160073,86.96633788263922,24.188640570034
Panasonic,Lumix DMC-FZ330,1040,1600,1211.0,222.77130821889,87.36129734074117,24.207674164058
Panasonic,Lumix DMC-FZ330,1040,1600,1211.0,223.77845483705,87.75625679884314,24.226616597333
Panasonic,Lumix DMC-FZ330,1040,1600,1211.0,224.78560145521,88.1512162569451,24.245468701628
Panasonic,Lumix DMC-FZ330,1040,1600,1211.0,225.79274807337,88.54617571504706,24.264231297402
Panasonic,Lumix DMC-FZ330,1040,1600,1211.0,226.79989469153,88.94113517314902,24.282905194019
Panasonic,Lumix DMC-FZ330,1040,1600,1211.0,227.80704130969,89.33609463125097,24.301491189934
Panasonic,Lumix DMC-FZ330,1040,1600,1211.0,228.81418792785,89.73105408935295,24.319990072901
Panasonic,Lumix DMC-FZ330,1040,1600,1211.0,229.82133454601,90.1260135474549,24.338402620152
Panasonic,Lumix DMC-FZ330,1040,1600,1211.0,230.82848116417,90.52097300555685,24.356729598593
Panasonic,Lumix DMC-FZ330,1040,1600,1211.0,231.83562778233,90.91593246365882,24.374971764978
Panasonic,Lumix DMC-FZ330,1040,1600,1211.0,232.84277440049,91.31089192176078,24.393129866094
Panasonic,Lumix DMC-FZ330,1040,1600,1211.0,233.84992101865,91.70585137986275,24.411204638929
Panasonic,Lumix DMC-FZ330,1040,1600,1211.0,234.85706763681,92.1008108379647,24.429196810849
Panasonic,Lumix DMC-FZ330,1040,1600,1211.0,235.86421425497,92.49577029606667,24.44710709976
Panasonic,Lumix DMC-FZ330,1040,1600,1211.0,236.87136087313,92.89072975416862,24.464936214272
Panasonic,Lumix DMC-FZ330,1040,1600,1211.0,237.87850749129,93.2856892122706,24.482684853861
Panasonic,Lumix DMC-FZ330,1040,1600,1211.0,238.88565410945,93.68064867037255,24.500353709022
Panasonic,Lumix DMC-FZ330,1040,1600,1211.0,239.89280072761,94.07560812847451,24.517943461425
Panasonic,Lumix DMC-FZ330,1040,1600,1211.0,240.89994734577,94.47056758657646,24.535454784063
Panasonic,Lumix DMC-FZ330,1040,1600,1211.0,241.90709396392,94.86552704467451,24.5528883414
Panasonic,Lumix DMC-FZ330,1040,1600,1211.0,242.91424058208,95.26048650277646,24.570244789512
Panasonic,Lumix DMC-FZ330,1040,1600,1211.0,243.92138720024,95.65544596087842,24.587524776229
Panasonic,Lumix DMC-FZ330,1040,1600,1211.0,244.9285338184,96.0504054189804,24.604728941275
Panasonic,Lumix DMC-FZ330,1040,1600,1211.0,245.93568043656,96.44536487708235,24.621857916396
Panasonic,Lumix DMC-FZ330,1040,1600,1211.0,246.94282705472,96.84032433518432,24.6389123255
Panasonic,Lumix DMC-FZ330,1040,1600,1211.0,247.94997367288,97.23528379328627,24.65589278478
Panasonic,Lumix DMC-FZ330,1040,1600,1211.0,248.95712029104,97.63024325138824,24.672799902845
Panasonic,Lumix DMC-FZ330,1040,1600,1211.0,249.9642669092,98.0252027094902,24.68963428084
Panasonic,Lumix DMC-FZ330,1040,1600,1211.0,250.97141352736,98.42016216759215,24.706396512569
Panasonic,Lumix DMC-FZ330,1040,1600,1211.0,251.97856014552,98.81512162569412,24.723087184616
Panasonic,Lumix DMC-FZ330,1040,1600,1211.0,252.98570676368,99.21008108379608,24.739706876459
Panasonic,Lumix DMC-FZ330,1040,1600,1211.0,253.99285338184,99.60504054189803,24.756256160584
Panasonic,Lumix DMC-FZ330,1040,1600,1211.0,255,100.0,24.772735602601
Panasonic,Lumix DMC-FZ330,1040,3200,2448.0,4.1893823994712,1.6428950586161568,0
Panasonic,Lumix DMC-FZ330,1040,3200,2448.0,4.2204920782656,1.6550949326531765,0.051628266828189
Panasonic,Lumix DMC-FZ330,1040,3200,2448.0,5.2276386964252,2.05005439075498,1.520077469537
Panasonic,Lumix DMC-FZ330,1040,3200,2448.0,6.2347853145847,2.445013848856745,2.6920774568589
Panasonic,Lumix DMC-FZ330,1040,3200,2448.0,7.2419319327443,2.839973306958549,3.6616142758071
Panasonic,Lumix DMC-FZ330,1040,3200,2448.0,8.2490785509039,3.2349327650603525,4.4848618546369
Panasonic,Lumix DMC-FZ330,1040,3200,2448.0,9.2562251690635,3.6298922231621567,5.1979235987287
Panasonic,Lumix DMC-FZ330,1040,3200,2448.0,10.263371787223,4.024851681263922,5.8252925555181
Panasonic,Lumix DMC-FZ330,1040,3200,2448.0,11.270518405383,4.419811139365882,6.3842972957284
Panasonic,Lumix DMC-FZ330,1040,3200,2448.0,12.277665023542,4.814770597467451,6.8876165167164
Panasonic,Lumix DMC-FZ330,1040,3200,2448.0,13.284811641702,5.209730055569412,7.3447859500979
Panasonic,Lumix DMC-FZ330,1040,3200,2448.0,14.291958259861,5.60468951367098,7.7631446274038
Panasonic,Lumix DMC-FZ330,1040,3200,2448.0,15.299104878021,5.999648971772941,8.1484525248793
Panasonic,Lumix DMC-FZ330,1040,3200,2448.0,16.30625149618,6.39460842987451,8.5053070599342
Panasonic,Lumix DMC-FZ330,1040,3200,2448.0,17.31339811434,6.789567887976471,8.8374318754727
Panasonic,Lumix DMC-FZ330,1040,3200,2448.0,18.3205447325,7.184527346078432,9.1478819542335
Panasonic,Lumix DMC-FZ330,1040,3200,2448.0,19.327691350659,7.579486804179999,9.4391924053916
Panasonic,Lumix DMC-FZ330,1040,3200,2448.0,20.334837968819,7.97444626228196,9.7134884157863
Panasonic,Lumix DMC-FZ330,1040,3200,2448.0,21.341984586978,8.36940572038353,9.9725678557642
Panasonic,Lumix DMC-FZ330,1040,3200,2448.0,22.349131205138,8.764365178485491,10.217964265332
Panasonic,Lumix DMC-FZ330,1040,3200,2448.0,23.356277823298,9.159324636587451,10.450995524679
Panasonic,Lumix DMC-FZ330,1040,3200,2448.0,24.363424441457,9.55428409468902,10.672801919378
Panasonic,Lumix DMC-FZ330,1040,3200,2448.0,25.370571059617,9.94924355279098,10.884376239992
Panasonic,Lumix DMC-FZ330,1040,3200,2448.0,26.377717677776,10.34420301089255,11.086587823196
Panasonic,Lumix DMC-FZ330,1040,3200,2448.0,27.384864295936,10.739162468994511,11.280201931675
Panasonic,Lumix DMC-FZ330,1040,3200,2448.0,28.392010914095,11.134121927096079,11.465895509784
Panasonic,Lumix DMC-FZ330,1040,3200,2448.0,29.399157532255,11.52908138519804,11.644270093648
Panasonic,Lumix DMC-FZ330,1040,3200,2448.0,30.406304150415,11.9240408433,11.815862466893
Panasonic,Lumix DMC-FZ330,1040,3200,2448.0,31.413450768574,12.319000301401568,11.981153515385
Panasonic,Lumix DMC-FZ330,1040,3200,2448.0,32.420597386734,12.71395975950353,12.140575631917
Panasonic,Lumix DMC-FZ330,1040,3200,2448.0,33.427744004893,13.108919217605097,12.294518944909
Panasonic,Lumix DMC-FZ330,1040,3200,2448.0,34.434890623053,13.50387867570706,12.443336586908
Panasonic,Lumix DMC-FZ330,1040,3200,2448.0,35.442037241212,13.898838133808628,12.587349174035
Panasonic,Lumix DMC-FZ330,1040,3200,2448.0,36.449183859372,14.293797591910588,12.726848633182
Panasonic,Lumix DMC-FZ330,1040,3200,2448.0,37.456330477532,14.68875705001255,12.862101486954
Panasonic,Lumix DMC-FZ330,1040,3200,2448.0,38.463477095691,15.083716508114117,12.993351685459
Panasonic,Lumix DMC-FZ330,1040,3200,2448.0,39.470623713851,15.478675966216077,13.120823057443
Panasonic,Lumix DMC-FZ330,1040,3200,2448.0,40.47777033201,15.873635424317648,13.244721440215
Panasonic,Lumix DMC-FZ330,1040,3200,2448.0,41.48491695017,16.26859488241961,13.365236537255
Panasonic,Lumix DMC-FZ330,1040,3200,2448.0,42.492063568329,16.663554340521177,13.482543543993
Panasonic,Lumix DMC-FZ330,1040,3200,2448.0,43.499210186489,17.05851379862314,13.596804575427
Panasonic,Lumix DMC-FZ330,1040,3200,2448.0,44.506356804649,17.4534732567251,13.708169923701
Panasonic,Lumix DMC-FZ330,1040,3200,2448.0,45.513503422808,17.848432714826668,13.81677916923
Panasonic,Lumix DMC-FZ330,1040,3200,2448.0,46.520650040968,18.243392172928626,13.922762165267
Panasonic,Lumix DMC-FZ330,1040,3200,2448.0,47.527796659127,18.638351631030194,14.02623991271
Panasonic,Lumix DMC-FZ330,1040,3200,2448.0,48.534943277287,19.03331108913216,14.127325339443
Panasonic,Lumix DMC-FZ330,1040,3200,2448.0,49.542089895446,19.428270547233726,14.226123996363
Panasonic,Lumix DMC-FZ330,1040,3200,2448.0,50.549236513606,19.823230005335684,14.322734680506
Panasonic,Lumix DMC-FZ330,1040,3200,2448.0,51.556383131766,20.218189463437646,14.417249994191
Panasonic,Lumix DMC-FZ330,1040,3200,2448.0,52.563529749925,20.613148921539217,14.509756847868
Panasonic,Lumix DMC-FZ330,1040,3200,2448.0,53.570676368085,21.00810837964118,14.600336913299
Panasonic,Lumix DMC-FZ330,1040,3200,2448.0,54.577822986244,21.403067837742746,14.689067032811
Panasonic,Lumix DMC-FZ330,1040,3200,2448.0,55.584969604404,21.798027295844708,14.776019589613
Panasonic,Lumix DMC-FZ330,1040,3200,2448.0,56.592116222563,22.192986753946276,14.861262843512
Panasonic,Lumix DMC-FZ330,1040,3200,2448.0,57.599262840723,22.587946212048234,14.944861235815
Panasonic,Lumix DMC-FZ330,1040,3200,2448.0,58.606409458883,22.982905670150195,15.026875666734
Panasonic,Lumix DMC-FZ330,1040,3200,2448.0,59.613556077042,23.377865128251766,15.107363748211
Panasonic,Lumix DMC-FZ330,1040,3200,2448.0,60.620702695202,23.772824586353725,15.186380034699
Panasonic,Lumix DMC-FZ330,1040,3200,2448.0,61.627849313361,24.167784044455292,15.263976234177
Panasonic,Lumix DMC-FZ330,1040,3200,2448.0,62.634995931521,24.562743502557254,15.340201401363
Panasonic,Lumix DMC-FZ330,1040,3200,2448.0,63.642142549681,24.957702960659216,15.415102114916
Panasonic,Lumix DMC-FZ330,1040,3200,2448.0,64.64928916784,25.352662418760787,15.48872264016
Panasonic,Lumix DMC-FZ330,1040,3200,2448.0,65.656435786,25.74762187686275,15.561105078734
Panasonic,Lumix DMC-FZ330,1040,3200,2448.0,66.663582404159,26.142581334964316,15.632289506402
Panasonic,Lumix DMC-FZ330,1040,3200,2448.0,67.670729022319,26.53754079306627,15.702314100121
Panasonic,Lumix DMC-FZ330,1040,3200,2448.0,68.677875640478,26.932500251167845,15.771215255356
Panasonic,Lumix DMC-FZ330,1040,3200,2448.0,69.685022258638,27.327459709269803,15.839027694513
Panasonic,Lumix DMC-FZ330,1040,3200,2448.0,70.692168876798,27.722419167371765,15.905784567299
Panasonic,Lumix DMC-FZ330,1040,3200,2448.0,71.699315494957,28.11737862547334,15.971517543697
Panasonic,Lumix DMC-FZ330,1040,3200,2448.0,72.706462113117,28.512338083575294,16.036256900212
Panasonic,Lumix DMC-FZ330,1040,3200,2448.0,73.713608731276,28.90729754167686,16.10003159995
Panasonic,Lumix DMC-FZ330,1040,3200,2448.0,74.720755349436,29.302256999778827,16.162869367058
Panasonic,Lumix DMC-FZ330,1040,3200,2448.0,75.727901967595,29.697216457880394,16.224796755983
Panasonic,Lumix DMC-FZ330,1040,3200,2448.0,76.735048585755,30.09217591598235,16.285839215992
Panasonic,Lumix DMC-FZ330,1040,3200,2448.0,77.742195203915,30.48713537408431,16.346021151315
Panasonic,Lumix DMC-FZ330,1040,3200,2448.0,78.749341822074,30.88209483218588,16.405365977272
Panasonic,Lumix DMC-FZ330,1040,3200,2448.0,79.756488440234,31.277054290287843,16.463896172707
Panasonic,Lumix DMC-FZ330,1040,3200,2448.0,80.763635058393,31.672013748389418,16.521633328994
Panasonic,Lumix DMC-FZ330,1040,3200,2448.0,81.770781676553,32.066973206491376,16.578598195909
Panasonic,Lumix DMC-FZ330,1040,3200,2448.0,82.777928294713,32.461932664593334,16.634810724577
Panasonic,Lumix DMC-FZ330,1040,3200,2448.0,83.785074912872,32.8568921226949,16.690290107728
Panasonic,Lumix DMC-FZ330,1040,3200,2448.0,84.792221531032,33.25185158079686,16.745054817465
Panasonic,Lumix DMC-FZ330,1040,3200,2448.0,85.799368149191,33.64681103889843,16.799122640714
Panasonic,Lumix DMC-FZ330,1040,3200,2448.0,86.806514767351,34.04177049700039,16.852510712529
Panasonic,Lumix DMC-FZ330,1040,3200,2448.0,87.81366138551,34.43672995510197,16.905235547411
Panasonic,Lumix DMC-FZ330,1040,3200,2448.0,88.82080800367,34.83168941320392,16.957313068773
Panasonic,Lumix DMC-FZ330,1040,3200,2448.0,89.82795462183,35.22664887130588,17.008758636681
Panasonic,Lumix DMC-FZ330,1040,3200,2448.0,90.835101239989,35.62160832940745,17.059587073999
Panasonic,Lumix DMC-FZ330,1040,3200,2448.0,91.842247858149,36.01656778750941,17.109812691036
Panasonic,Lumix DMC-FZ330,1040,3200,2448.0,92.849394476308,36.41152724561098,17.159449308802
Panasonic,Lumix DMC-FZ330,1040,3200,2448.0,93.856541094468,36.80648670371294,17.208510280966
Panasonic,Lumix DMC-FZ330,1040,3200,2448.0,94.863687712628,37.20144616181491,17.257008514597
Panasonic,Lumix DMC-FZ330,1040,3200,2448.0,95.870834330787,37.596405619916474,17.304956489776
Panasonic,Lumix DMC-FZ330,1040,3200,2448.0,96.877980948947,37.99136507801843,17.352366278145
Panasonic,Lumix DMC-FZ330,1040,3200,2448.0,97.885127567106,38.38632453612,17.399249560462
Panasonic,Lumix DMC-FZ330,1040,3200,2448.0,98.892274185266,38.78128399422196,17.445617643227
Panasonic,Lumix DMC-FZ330,1040,3200,2448.0,99.899420803425,39.176243452323526,17.491481474438
Panasonic,Lumix DMC-FZ330,1040,3200,2448.0,100.90656742158,39.57120291042352,17.536851658526
Panasonic,Lumix DMC-FZ330,1040,3200,2448.0,101.91371403974,39.966162368525495,17.581738470528
Panasonic,Lumix DMC-FZ330,1040,3200,2448.0,102.9208606579,40.361121826627446,17.626151869531
Panasonic,Lumix DMC-FZ330,1040,3200,2448.0,103.92800727606,40.75608128472941,17.67010151145
Panasonic,Lumix DMC-FZ330,1040,3200,2448.0,104.93515389422,41.15104074283137,17.713596761161
Panasonic,Lumix DMC-FZ330,1040,3200,2448.0,105.94230051238,41.546000200933335,17.756646704034
Panasonic,Lumix DMC-FZ330,1040,3200,2448.0,106.94944713054,41.94095965903529,17.79926015691
Panasonic,Lumix DMC-FZ330,1040,3200,2448.0,107.9565937487,42.33591911713725,17.841445678539
Panasonic,Lumix DMC-FZ330,1040,3200,2448.0,108.96374036686,42.73087857523921,17.883211579518
Panasonic,Lumix DMC-FZ330,1040,3200,2448.0,109.97088698502,43.12583803334118,17.924565931762
Panasonic,Lumix DMC-FZ330,1040,3200,2448.0,110.97803360318,43.52079749144313,17.965516577521
Panasonic,Lumix DMC-FZ330,1040,3200,2448.0,111.98518022134,43.9157569495451,18.006071137985
Panasonic,Lumix DMC-FZ330,1040,3200,2448.0,112.9923268395,44.31071640764706,18.046237021482
Panasonic,Lumix DMC-FZ330,1040,3200,2448.0,113.99947345766,44.70567586574902,18.086021431308
Panasonic,Lumix DMC-FZ330,1040,3200,2448.0,115.00662007582,45.10063532385098,18.125431373198
Panasonic,Lumix DMC-FZ330,1040,3200,2448.0,116.01376669398,45.49559478195294,18.164473662462
Panasonic,Lumix DMC-FZ330,1040,3200,2448.0,117.02091331214,45.8905542400549,18.203154930798
Panasonic,Lumix DMC-FZ330,1040,3200,2448.0,118.0280599303,46.28551369815687,18.241481632813
Panasonic,Lumix DMC-FZ330,1040,3200,2448.0,119.03520654846,46.68047315625882,18.279460052248
Panasonic,Lumix DMC-FZ330,1040,3200,2448.0,120.04235316662,47.075432614360786,18.31709630794
Panasonic,Lumix DMC-FZ330,1040,3200,2448.0,121.04949978478,47.470392072462744,18.354396359523
Panasonic,Lumix DMC-FZ330,1040,3200,2448.0,122.05664640294,47.86535153056471,18.391366012887
Panasonic,Lumix DMC-FZ330,1040,3200,2448.0,123.0637930211,48.26031098866667,18.428010925405
Panasonic,Lumix DMC-FZ330,1040,3200,2448.0,124.07093963926,48.655270446768625,18.464336610938
Panasonic,Lumix DMC-FZ330,1040,3200,2448.0,125.07808625741,49.05022990486667,18.500348444638
Panasonic,Lumix DMC-FZ330,1040,3200,2448.0,126.08523287557,49.44518936296863,18.536051667547
Panasonic,Lumix DMC-FZ330,1040,3200,2448.0,127.09237949373,49.840148821070585,18.571451391006
Panasonic,Lumix DMC-FZ330,1040,3200,2448.0,128.09952611189,50.23510827917255,18.606552600891
Panasonic,Lumix DMC-FZ330,1040,3200,2448.0,129.10667273005,50.63006773727451,18.641360161671
Panasonic,Lumix DMC-FZ330,1040,3200,2448.0,130.11381934821,51.025027195376474,18.675878820309
Panasonic,Lumix DMC-FZ330,1040,3200,2448.0,131.12096596637,51.41998665347843,18.710113210007
Panasonic,Lumix DMC-FZ330,1040,3200,2448.0,132.12811258453,51.81494611158038,18.744067853799
Panasonic,Lumix DMC-FZ330,1040,3200,2448.0,133.13525920269,52.209905569682356,18.777747168008
Panasonic,Lumix DMC-FZ330,1040,3200,2448.0,134.14240582085,52.60486502778431,18.811155465571
Panasonic,Lumix DMC-FZ330,1040,3200,2448.0,135.14955243901,52.99982448588627,18.844296959225
Panasonic,Lumix DMC-FZ330,1040,3200,2448.0,136.15669905717,53.39478394398823,18.877175764588
Panasonic,Lumix DMC-FZ330,1040,3200,2448.0,137.16384567533,53.789743402090195,18.909795903106
Panasonic,Lumix DMC-FZ330,1040,3200,2448.0,138.17099229349,54.18470286019216,18.942161304902
Panasonic,Lumix DMC-FZ330,1040,3200,2448.0,139.17813891165,54.57966231829412,18.974275811511
Panasonic,Lumix DMC-FZ330,1040,3200,2448.0,140.18528552981,54.97462177639607,19.006143178516
Panasonic,Lumix DMC-FZ330,1040,3200,2448.0,141.19243214797,55.36958123449804,19.037767078087
Panasonic,Lumix DMC-FZ330,1040,3200,2448.0,142.19957876613,55.76454069260001,19.069151101427
Panasonic,Lumix DMC-FZ330,1040,3200,2448.0,143.20672538429,56.15950015070196,19.10029876113
Panasonic,Lumix DMC-FZ330,1040,3200,2448.0,144.21387200245,56.55445960880392,19.131213493453
Panasonic,Lumix DMC-FZ330,1040,3200,2448.0,145.22101862061,56.94941906690588,19.161898660504
Panasonic,Lumix DMC-FZ330,1040,3200,2448.0,146.22816523877,57.34437852500784,19.192357552358
Panasonic,Lumix DMC-FZ330,1040,3200,2448.0,147.23531185693,57.739337983109806,19.222593389096
Panasonic,Lumix DMC-FZ330,1040,3200,2448.0,148.24245847509,58.13429744121176,19.252609322769
Panasonic,Lumix DMC-FZ330,1040,3200,2448.0,149.24960509324,58.529256899309814,19.282408439299
Panasonic,Lumix DMC-FZ330,1040,3200,2448.0,150.2567517114,58.924216357411765,19.311993760309
Panasonic,Lumix DMC-FZ330,1040,3200,2448.0,151.26389832956,59.319175815513724,19.341368244896
Panasonic,Lumix DMC-FZ330,1040,3200,2448.0,152.27104494772,59.714135273615675,19.370534791339
Panasonic,Lumix DMC-FZ330,1040,3200,2448.0,153.27819156588,60.10909473171765,19.399496238752
Panasonic,Lumix DMC-FZ330,1040,3200,2448.0,154.28533818404,60.50405418981961,19.428255368676
Panasonic,Lumix DMC-FZ330,1040,3200,2448.0,155.2924848022,60.899013647921564,19.456814906628
Panasonic,Lumix DMC-FZ330,1040,3200,2448.0,156.29963142036,61.29397310602352,19.485177523586
Panasonic,Lumix DMC-FZ330,1040,3200,2448.0,157.30677803852,61.6889325641255,19.513345837437
Panasonic,Lumix DMC-FZ330,1040,3200,2448.0,158.31392465668,62.08389202222745,19.541322414367
Panasonic,Lumix DMC-FZ330,1040,3200,2448.0,159.32107127484,62.47885148032941,19.569109770215
Panasonic,Lumix DMC-FZ330,1040,3200,2448.0,160.328217893,62.87381093843136,19.596710371774
Panasonic,Lumix DMC-FZ330,1040,3200,2448.0,161.33536451116,63.268770396533334,19.62412663806
Panasonic,Lumix DMC-FZ330,1040,3200,2448.0,162.34251112932,63.6637298546353,19.651360941532
Panasonic,Lumix DMC-FZ330,1040,3200,2448.0,163.34965774748,64.05868931273724,19.678415609278
Panasonic,Lumix DMC-FZ330,1040,3200,2448.0,164.35680436564,64.45364877083921,19.705292924163
Panasonic,Lumix DMC-FZ330,1040,3200,2448.0,165.3639509838,64.84860822894119,19.731995125938
Panasonic,Lumix DMC-FZ330,1040,3200,2448.0,166.37109760196,65.24356768704314,19.758524412318
Panasonic,Lumix DMC-FZ330,1040,3200,2448.0,167.37824422012,65.6385271451451,19.784882940027
Panasonic,Lumix DMC-FZ330,1040,3200,2448.0,168.38539083828,66.03348660324706,19.811072825807
Panasonic,Lumix DMC-FZ330,1040,3200,2448.0,169.39253745644,66.42844606134902,19.837096147397
Panasonic,Lumix DMC-FZ330,1040,3200,2448.0,170.3996840746,66.82340551945099,19.862954944489
Panasonic,Lumix DMC-FZ330,1040,3200,2448.0,171.40683069276,67.21836497755294,19.888651219644
Panasonic,Lumix DMC-FZ330,1040,3200,2448.0,172.41397731091,67.613324435651,19.914186939187
Panasonic,Lumix DMC-FZ330,1040,3200,2448.0,173.42112392907,68.00828389375295,19.939564034079
Panasonic,Lumix DMC-FZ330,1040,3200,2448.0,174.42827054723,68.4032433518549,19.964784400752
Panasonic,Lumix DMC-FZ330,1040,3200,2448.0,175.43541716539,68.79820280995685,19.989849901931
Panasonic,Lumix DMC-FZ330,1040,3200,2448.0,176.44256378355,69.19316226805883,20.014762367424
Panasonic,Lumix DMC-FZ330,1040,3200,2448.0,177.44971040171,69.5881217261608,20.039523594892
Panasonic,Lumix DMC-FZ330,1040,3200,2448.0,178.45685701987,69.98308118426274,20.064135350597
Panasonic,Lumix DMC-FZ330,1040,3200,2448.0,179.46400363803,70.37804064236471,20.088599370127
Panasonic,Lumix DMC-FZ330,1040,3200,2448.0,180.47115025619,70.77300010046666,20.112917359102
Panasonic,Lumix DMC-FZ330,1040,3200,2448.0,181.47829687435,71.16795955856863,20.137090993858
Panasonic,Lumix DMC-FZ330,1040,3200,2448.0,182.48544349251,71.56291901667059,20.161121922113
Panasonic,Lumix DMC-FZ330,1040,3200,2448.0,183.49259011067,71.95787847477256,20.185011763612
Panasonic,Lumix DMC-FZ330,1040,3200,2448.0,184.49973672883,72.35283793287451,20.208762110759
Panasonic,Lumix DMC-FZ330,1040,3200,2448.0,185.50688334699,72.74779739097647,20.232374529222
Panasonic,Lumix DMC-FZ330,1040,3200,2448.0,186.51402996515,73.14275684907842,20.255850558535
Panasonic,Lumix DMC-FZ330,1040,3200,2448.0,187.52117658331,73.53771630718039,20.279191712669
Panasonic,Lumix DMC-FZ330,1040,3200,2448.0,188.52832320147,73.93267576528235,20.302399480597
Panasonic,Lumix DMC-FZ330,1040,3200,2448.0,189.53546981963,74.32763522338432,20.32547532684
Panasonic,Lumix DMC-FZ330,1040,3200,2448.0,190.54261643779,74.72259468148627,20.348420691998
Panasonic,Lumix DMC-FZ330,1040,3200,2448.0,191.54976305595,75.11755413958824,20.371236993268
Panasonic,Lumix DMC-FZ330,1040,3200,2448.0,192.55690967411,75.51251359769019,20.393925624946
Panasonic,Lumix DMC-FZ330,1040,3200,2448.0,193.56405629227,75.90747305579217,20.416487958919
Panasonic,Lumix DMC-FZ330,1040,3200,2448.0,194.57120291043,76.30243251389412,20.438925345142
Panasonic,Lumix DMC-FZ330,1040,3200,2448.0,195.57834952858,76.69739197199216,20.461239112101
Panasonic,Lumix DMC-FZ330,1040,3200,2448.0,196.58549614674,77.09235143009411,20.483430567263
Panasonic,Lumix DMC-FZ330,1040,3200,2448.0,197.5926427649,77.48731088819608,20.505500997522
Panasonic,Lumix DMC-FZ330,1040,3200,2448.0,198.59978938306,77.88227034629804,20.527451669623
Panasonic,Lumix DMC-FZ330,1040,3200,2448.0,199.60693600122,78.2772298044,20.549283830582
Panasonic,Lumix DMC-FZ330,1040,3200,2448.0,200.61408261938,78.67218926250197,20.570998708093
Panasonic,Lumix DMC-FZ330,1040,3200,2448.0,201.62122923754,79.06714872060392,20.592597510922
Panasonic,Lumix DMC-FZ330,1040,3200,2448.0,202.6283758557,79.46210817870588,20.614081429299
Panasonic,Lumix DMC-FZ330,1040,3200,2448.0,203.63552247386,79.85706763680784,20.635451635286
Panasonic,Lumix DMC-FZ330,1040,3200,2448.0,204.64266909202,80.25202709490979,20.656709283155
Panasonic,Lumix DMC-FZ330,1040,3200,2448.0,205.64981571018,80.64698655301177,20.677855509736
Panasonic,Lumix DMC-FZ330,1040,3200,2448.0,206.65696232834,81.04194601111374,20.698891434773
Panasonic,Lumix DMC-FZ330,1040,3200,2448.0,207.6641089465,81.43690546921569,20.719818161259
Panasonic,Lumix DMC-FZ330,1040,3200,2448.0,208.67125556466,81.83186492731764,20.740636775773
Panasonic,Lumix DMC-FZ330,1040,3200,2448.0,209.67840218282,82.2268243854196,20.761348348798
Panasonic,Lumix DMC-FZ330,1040,3200,2448.0,210.68554880098,82.62178384352157,20.781953935044
Panasonic,Lumix DMC-FZ330,1040,3200,2448.0,211.69269541914,83.01674330162353,20.80245457375
Panasonic,Lumix DMC-FZ330,1040,3200,2448.0,212.6998420373,83.41170275972549,20.822851288985
Panasonic,Lumix DMC-FZ330,1040,3200,2448.0,213.70698865546,83.80666221782745,20.843145089945
Panasonic,Lumix DMC-FZ330,1040,3200,2448.0,214.71413527362,84.20162167592942,20.863336971239
Panasonic,Lumix DMC-FZ330,1040,3200,2448.0,215.72128189178,84.59658113403137,20.883427913163
Panasonic,Lumix DMC-FZ330,1040,3200,2448.0,216.72842850994,84.99154059213333,20.903418881979
Panasonic,Lumix DMC-FZ330,1040,3200,2448.0,217.7355751281,85.3865000502353,20.92331083018
Panasonic,Lumix DMC-FZ330,1040,3200,2448.0,218.74272174625,85.78145950833334,20.943104696746
Panasonic,Lumix DMC-FZ330,1040,3200,2448.0,219.74986836441,86.17641896643529,20.962801407403
Panasonic,Lumix DMC-FZ330,1040,3200,2448.0,220.75701498257,86.57137842453726,20.982401874869
Panasonic,Lumix DMC-FZ330,1040,3200,2448.0,221.76416160073,86.96633788263922,21.001906999097
Panasonic,Lumix DMC-FZ330,1040,3200,2448.0,222.77130821889,87.36129734074117,21.021317667509
Panasonic,Lumix DMC-FZ330,1040,3200,2448.0,223.77845483705,87.75625679884314,21.040634755231
Panasonic,Lumix DMC-FZ330,1040,3200,2448.0,224.78560145521,88.1512162569451,21.059859125316
Panasonic,Lumix DMC-FZ330,1040,3200,2448.0,225.79274807337,88.54617571504706,21.078991628967
Panasonic,Lumix DMC-FZ330,1040,3200,2448.0,226.79989469153,88.94113517314902,21.098033105749
Panasonic,Lumix DMC-FZ330,1040,3200,2448.0,227.80704130969,89.33609463125097,21.116984383807
Panasonic,Lumix DMC-FZ330,1040,3200,2448.0,228.81418792785,89.73105408935295,21.135846280062
Panasonic,Lumix DMC-FZ330,1040,3200,2448.0,229.82133454601,90.1260135474549,21.154619600423
Panasonic,Lumix DMC-FZ330,1040,3200,2448.0,230.82848116417,90.52097300555685,21.173305139975
Panasonic,Lumix DMC-FZ330,1040,3200,2448.0,231.83562778233,90.91593246365882,21.191903683179
Panasonic,Lumix DMC-FZ330,1040,3200,2448.0,232.84277440049,91.31089192176078,21.210416004054
Panasonic,Lumix DMC-FZ330,1040,3200,2448.0,233.84992101865,91.70585137986275,21.228842866365
Panasonic,Lumix DMC-FZ330,1040,3200,2448.0,234.85706763681,92.1008108379647,21.247185023804
Panasonic,Lumix DMC-FZ330,1040,3200,2448.0,235.86421425497,92.49577029606667,21.265443220161
Panasonic,Lumix DMC-FZ330,1040,3200,2448.0,236.87136087313,92.89072975416862,21.283618189504
Panasonic,Lumix DMC-FZ330,1040,3200,2448.0,237.87850749129,93.2856892122706,21.30171065634
Panasonic,Lumix DMC-FZ330,1040,3200,2448.0,238.88565410945,93.68064867037255,21.319721335785
Panasonic,Lumix DMC-FZ330,1040,3200,2448.0,239.89280072761,94.07560812847451,21.337650933723
Panasonic,Lumix DMC-FZ330,1040,3200,2448.0,240.89994734577,94.47056758657646,21.355500146967
Panasonic,Lumix DMC-FZ330,1040,3200,2448.0,241.90709396392,94.86552704467451,21.37326966341
Panasonic,Lumix DMC-FZ330,1040,3200,2448.0,242.91424058208,95.26048650277646,21.390960162178
Panasonic,Lumix DMC-FZ330,1040,3200,2448.0,243.92138720024,95.65544596087842,21.408572313779
Panasonic,Lumix DMC-FZ330,1040,3200,2448.0,244.9285338184,96.0504054189804,21.426106780246
Panasonic,Lumix DMC-FZ330,1040,3200,2448.0,245.93568043656,96.44536487708235,21.443564215282
Panasonic,Lumix DMC-FZ330,1040,3200,2448.0,246.94282705472,96.84032433518432,21.460945264396
Panasonic,Lumix DMC-FZ330,1040,3200,2448.0,247.94997367288,97.23528379328627,21.478250565041
Panasonic,Lumix DMC-FZ330,1040,3200,2448.0,248.95712029104,97.63024325138824,21.495480746748
Panasonic,Lumix DMC-FZ330,1040,3200,2448.0,249.9642669092,98.0252027094902,21.512636431253
Panasonic,Lumix DMC-FZ330,1040,3200,2448.0,250.97141352736,98.42016216759215,21.529718232629
Panasonic,Lumix DMC-FZ330,1040,3200,2448.0,251.97856014552,98.81512162569412,21.546726757411
Panasonic,Lumix DMC-FZ330,1040,3200,2448.0,252.98570676368,99.21008108379608,21.563662604715
Panasonic,Lumix DMC-FZ330,1040,3200,2448.0,253.99285338184,99.60504054189803,21.580526366364
Panasonic,Lumix DMC-FZ330,1040,3200,2448.0,255,100.0,21.597318626999
Panasonic,Lumix DMC-FZ330,1040,6400,2448.0,4.2204920782656,1.6550949326531765,0
Panasonic,Lumix DMC-FZ330,1040,6400,2448.0,5.2276386964252,2.05005439075498,1.4832220910257
Panasonic,Lumix DMC-FZ330,1040,6400,2448.0,6.2347853145847,2.445013848856745,2.6676760618935
Panasonic,Lumix DMC-FZ330,1040,6400,2448.0,7.2419319327443,2.839973306958549,3.6478494265866
Panasonic,Lumix DMC-FZ330,1040,6400,2448.0,8.2490785509039,3.2349327650603525,4.4802827050701
Panasonic,Lumix DMC-FZ330,1040,6400,2448.0,9.2562251690635,3.6298922231621567,5.2013535103032
Panasonic,Lumix DMC-FZ330,1040,6400,2448.0,10.263371787223,4.024851681263922,5.8357640918801
Panasonic,Lumix DMC-FZ330,1040,6400,2448.0,11.270518405383,4.419811139365882,6.401005403659
Panasonic,Lumix DMC-FZ330,1040,6400,2448.0,12.277665023542,4.814770597467451,6.9098841112101
Panasonic,Lumix DMC-FZ330,1040,6400,2448.0,13.284811641702,5.209730055569412,7.372038158262
Panasonic,Lumix DMC-FZ330,1040,6400,2448.0,14.291958259861,5.60468951367098,7.7948892020542
Panasonic,Lumix DMC-FZ330,1040,6400,2448.0,15.299104878021,5.999648971772941,8.1842647353661
Panasonic,Lumix DMC-FZ330,1040,6400,2448.0,16.30625149618,6.39460842987451,8.5448178857196
Panasonic,Lumix DMC-FZ330,1040,6400,2448.0,17.31339811434,6.789567887976471,8.8803186723788
Panasonic,Lumix DMC-FZ330,1040,6400,2448.0,18.3205447325,7.184527346078432,9.1938609968924
Panasonic,Lumix DMC-FZ330,1040,6400,2448.0,19.327691350659,7.579486804179999,9.488012870811
Panasonic,Lumix DMC-FZ330,1040,6400,2448.0,20.334837968819,7.97444626228196,9.7649274862751
Panasonic,Lumix DMC-FZ330,1040,6400,2448.0,21.341984586978,8.36940572038353,10.026426700271
Panasonic,Lumix DMC-FZ330,1040,6400,2448.0,22.349131205138,8.764365178485491,10.274064716664
Panasonic,Lumix DMC-FZ330,1040,6400,2448.0,23.356277823298,9.159324636587451,10.509177312832
Panasonic,Lumix DMC-FZ330,1040,6400,2448.0,24.363424441457,9.55428409468902,10.732920352917
Panasonic,Lumix DMC-FZ330,1040,6400,2448.0,25.370571059617,9.94924355279098,10.946300251133
Panasonic,Lumix DMC-FZ330,1040,6400,2448.0,26.377717677776,10.34420301089255,11.150198310208
Panasonic,Lumix DMC-FZ330,1040,6400,2448.0,27.384864295936,10.739162468994511,11.34539034595
Panasonic,Lumix DMC-FZ330,1040,6400,2448.0,28.392010914095,11.134121927096079,11.532562645469
Panasonic,Lumix DMC-FZ330,1040,6400,2448.0,29.399157532255,11.52908138519804,11.712325045972
Panasonic,Lumix DMC-FZ330,1040,6400,2448.0,30.406304150415,11.9240408433,11.885221731733
Panasonic,Lumix DMC-FZ330,1040,6400,2448.0,31.413450768574,12.319000301401568,12.051740207699
Panasonic,Lumix DMC-FZ330,1040,6400,2448.0,32.420597386734,12.71395975950353,12.212318804698
Panasonic,Lumix DMC-FZ330,1040,6400,2448.0,33.427744004893,13.108919217605097,12.367352993538
Panasonic,Lumix DMC-FZ330,1040,6400,2448.0,34.434890623053,13.50387867570706,12.51720072636
Panasonic,Lumix DMC-FZ330,1040,6400,2448.0,35.442037241212,13.898838133808628,12.662186978516
Panasonic,Lumix DMC-FZ330,1040,6400,2448.0,36.449183859372,14.293797591910588,12.802607629443
Panasonic,Lumix DMC-FZ330,1040,6400,2448.0,37.456330477532,14.68875705001255,12.938732793958
Panasonic,Lumix DMC-FZ330,1040,6400,2448.0,38.463477095691,15.083716508114117,13.070809694187
Panasonic,Lumix DMC-FZ330,1040,6400,2448.0,39.470623713851,15.478675966216077,13.199065145604
Panasonic,Lumix DMC-FZ330,1040,6400,2448.0,40.47777033201,15.873635424317648,13.323707717385
Panasonic,Lumix DMC-FZ330,1040,6400,2448.0,41.48491695017,16.26859488241961,13.444929616628
Panasonic,Lumix DMC-FZ330,1040,6400,2448.0,42.492063568329,16.663554340521177,13.562908337487
Panasonic,Lumix DMC-FZ330,1040,6400,2448.0,43.499210186489,17.05851379862314,13.67780810933
Panasonic,Lumix DMC-FZ330,1040,6400,2448.0,44.506356804649,17.4534732567251,13.789781172431
Panasonic,Lumix DMC-FZ330,1040,6400,2448.0,45.513503422808,17.848432714826668,13.898968905121
Panasonic,Lumix DMC-FZ330,1040,6400,2448.0,46.520650040968,18.243392172928626,14.005502822556
Panasonic,Lumix DMC-FZ330,1040,6400,2448.0,47.527796659127,18.638351631030194,14.109505464151
Panasonic,Lumix DMC-FZ330,1040,6400,2448.0,48.534943277287,19.03331108913216,14.21109118416
Panasonic,Lumix DMC-FZ330,1040,6400,2448.0,49.542089895446,19.428270547233726,14.31036685774
Panasonic,Lumix DMC-FZ330,1040,6400,2448.0,50.549236513606,19.823230005335684,14.407432513051
Panasonic,Lumix DMC-FZ330,1040,6400,2448.0,51.556383131766,20.218189463437646,14.502381898448
Panasonic,Lumix DMC-FZ330,1040,6400,2448.0,52.563529749925,20.613148921539217,14.595302992555
Panasonic,Lumix DMC-FZ330,1040,6400,2448.0,53.570676368085,21.00810837964118,14.686278463948
Panasonic,Lumix DMC-FZ330,1040,6400,2448.0,54.577822986244,21.403067837742746,14.775386086267
Panasonic,Lumix DMC-FZ330,1040,6400,2448.0,55.584969604404,21.798027295844708,14.86269911383
Panasonic,Lumix DMC-FZ330,1040,6400,2448.0,56.592116222563,22.192986753946276,14.948286622129
Panasonic,Lumix DMC-FZ330,1040,6400,2448.0,57.599262840723,22.587946212048234,15.032213817078
Panasonic,Lumix DMC-FZ330,1040,6400,2448.0,58.606409458883,22.982905670150195,15.114542316354
Panasonic,Lumix DMC-FZ330,1040,6400,2448.0,59.613556077042,23.377865128251766,15.195330405793
Panasonic,Lumix DMC-FZ330,1040,6400,2448.0,60.620702695202,23.772824586353725,15.274633273437
Panasonic,Lumix DMC-FZ330,1040,6400,2448.0,61.627849313361,24.167784044455292,15.35250322351
Panasonic,Lumix DMC-FZ330,1040,6400,2448.0,62.634995931521,24.562743502557254,15.428989872352
Panasonic,Lumix DMC-FZ330,1040,6400,2448.0,63.642142549681,24.957702960659216,15.504140328087
Panasonic,Lumix DMC-FZ330,1040,6400,2448.0,64.64928916784,25.352662418760787,15.577999355625
Panasonic,Lumix DMC-FZ330,1040,6400,2448.0,65.656435786,25.74762187686275,15.650609528383
Panasonic,Lumix DMC-FZ330,1040,6400,2448.0,66.663582404159,26.142581334964316,15.722011368009
Panasonic,Lumix DMC-FZ330,1040,6400,2448.0,67.670729022319,26.53754079306627,15.792243473201
Panasonic,Lumix DMC-FZ330,1040,6400,2448.0,68.677875640478,26.932500251167845,15.861342638629
Panasonic,Lumix DMC-FZ330,1040,6400,2448.0,69.685022258638,27.327459709269803,15.92934396486
Panasonic,Lumix DMC-FZ330,1040,6400,2448.0,70.692168876798,27.722419167371765,15.996280960084
Panasonic,Lumix DMC-FZ330,1040,6400,2448.0,71.699315494957,28.11737862547334,16.062185634352
Panasonic,Lumix DMC-FZ330,1040,6400,2448.0,72.706462113117,28.512338083575294,16.127088586987
Panasonic,Lumix DMC-FZ330,1040,6400,2448.0,73.713608731276,28.90729754167686,16.19101908775
Panasonic,Lumix DMC-FZ330,1040,6400,2448.0,74.720755349436,29.302256999778827,16.254005152269
Panasonic,Lumix DMC-FZ330,1040,6400,2448.0,75.727901967595,29.697216457880394,16.316073612235
Panasonic,Lumix DMC-FZ330,1040,6400,2448.0,76.735048585755,30.09217591598235,16.377250180775
Panasonic,Lumix DMC-FZ330,1040,6400,2448.0,77.742195203915,30.48713537408431,16.437559513391
Panasonic,Lumix DMC-FZ330,1040,6400,2448.0,78.749341822074,30.88209483218588,16.497025264835
Panasonic,Lumix DMC-FZ330,1040,6400,2448.0,79.756488440234,31.277054290287843,16.555670142226
Panasonic,Lumix DMC-FZ330,1040,6400,2448.0,80.763635058393,31.672013748389418,16.613515954705
Panasonic,Lumix DMC-FZ330,1040,6400,2448.0,81.770781676553,32.066973206491376,16.670583659897
Panasonic,Lumix DMC-FZ330,1040,6400,2448.0,82.777928294713,32.461932664593334,16.72689340742
Panasonic,Lumix DMC-FZ330,1040,6400,2448.0,83.785074912872,32.8568921226949,16.782464579665
Panasonic,Lumix DMC-FZ330,1040,6400,2448.0,84.792221531032,33.25185158079686,16.837315830042
Panasonic,Lumix DMC-FZ330,1040,6400,2448.0,85.799368149191,33.64681103889843,16.89146511889
Panasonic,Lumix DMC-FZ330,1040,6400,2448.0,86.806514767351,34.04177049700039,16.944929747208
Panasonic,Lumix DMC-FZ330,1040,6400,2448.0,87.81366138551,34.43672995510197,16.997726388367
Panasonic,Lumix DMC-FZ330,1040,6400,2448.0,88.82080800367,34.83168941320392,17.049871117951
Panasonic,Lumix DMC-FZ330,1040,6400,2448.0,89.82795462183,35.22664887130588,17.101379441847
Panasonic,Lumix DMC-FZ330,1040,6400,2448.0,90.835101239989,35.62160832940745,17.152266322719
Panasonic,Lumix DMC-FZ330,1040,6400,2448.0,91.842247858149,36.01656778750941,17.202546204959
Panasonic,Lumix DMC-FZ330,1040,6400,2448.0,92.849394476308,36.41152724561098,17.252233038235
Panasonic,Lumix DMC-FZ330,1040,6400,2448.0,93.856541094468,36.80648670371294,17.301340299718
Panasonic,Lumix DMC-FZ330,1040,6400,2448.0,94.863687712628,37.20144616181491,17.349881015085
Panasonic,Lumix DMC-FZ330,1040,6400,2448.0,95.870834330787,37.596405619916474,17.397867778362
Panasonic,Lumix DMC-FZ330,1040,6400,2448.0,96.877980948947,37.99136507801843,17.445312770707
Panasonic,Lumix DMC-FZ330,1040,6400,2448.0,97.885127567106,38.38632453612,17.492227778173
Panasonic,Lumix DMC-FZ330,1040,6400,2448.0,98.892274185266,38.78128399422196,17.538624208539
Panasonic,Lumix DMC-FZ330,1040,6400,2448.0,99.899420803425,39.176243452323526,17.584513107254
Panasonic,Lumix DMC-FZ330,1040,6400,2448.0,100.90656742158,39.57120291042352,17.629905172552
Panasonic,Lumix DMC-FZ330,1040,6400,2448.0,101.91371403974,39.966162368525495,17.67481076979
Panasonic,Lumix DMC-FZ330,1040,6400,2448.0,102.9208606579,40.361121826627446,17.719239945062
Panasonic,Lumix DMC-FZ330,1040,6400,2448.0,103.92800727606,40.75608128472941,17.763202438115
Panasonic,Lumix DMC-FZ330,1040,6400,2448.0,104.93515389422,41.15104074283137,17.806707694633
Panasonic,Lumix DMC-FZ330,1040,6400,2448.0,105.94230051238,41.546000200933335,17.849764877906
Panasonic,Lumix DMC-FZ330,1040,6400,2448.0,106.94944713054,41.94095965903529,17.892382879929
Panasonic,Lumix DMC-FZ330,1040,6400,2448.0,107.9565937487,42.33591911713725,17.934570331965
Panasonic,Lumix DMC-FZ330,1040,6400,2448.0,108.96374036686,42.73087857523921,17.976335614602
Panasonic,Lumix DMC-FZ330,1040,6400,2448.0,109.97088698502,43.12583803334118,18.017686867322
Panasonic,Lumix DMC-FZ330,1040,6400,2448.0,110.97803360318,43.52079749144313,18.058631997634
Panasonic,Lumix DMC-FZ330,1040,6400,2448.0,111.98518022134,43.9157569495451,18.099178689769
Panasonic,Lumix DMC-FZ330,1040,6400,2448.0,112.9923268395,44.31071640764706,18.139334412972
Panasonic,Lumix DMC-FZ330,1040,6400,2448.0,113.99947345766,44.70567586574902,18.179106429425
Panasonic,Lumix DMC-FZ330,1040,6400,2448.0,115.00662007582,45.10063532385098,18.218501801798
Panasonic,Lumix DMC-FZ330,1040,6400,2448.0,116.01376669398,45.49559478195294,18.257527400464
Panasonic,Lumix DMC-FZ330,1040,6400,2448.0,117.02091331214,45.8905542400549,18.296189910394
Panasonic,Lumix DMC-FZ330,1040,6400,2448.0,118.0280599303,46.28551369815687,18.334495837744
Panasonic,Lumix DMC-FZ330,1040,6400,2448.0,119.03520654846,46.68047315625882,18.372451516151
Panasonic,Lumix DMC-FZ330,1040,6400,2448.0,120.04235316662,47.075432614360786,18.410063112764
Panasonic,Lumix DMC-FZ330,1040,6400,2448.0,121.04949978478,47.470392072462744,18.447336634004
Panasonic,Lumix DMC-FZ330,1040,6400,2448.0,122.05664640294,47.86535153056471,18.48427793108
Panasonic,Lumix DMC-FZ330,1040,6400,2448.0,123.0637930211,48.26031098866667,18.520892705279
Panasonic,Lumix DMC-FZ330,1040,6400,2448.0,124.07093963926,48.655270446768625,18.557186513023
Panasonic,Lumix DMC-FZ330,1040,6400,2448.0,125.07808625741,49.05022990486667,18.593164770724
Panasonic,Lumix DMC-FZ330,1040,6400,2448.0,126.08523287557,49.44518936296863,18.628832759425
Panasonic,Lumix DMC-FZ330,1040,6400,2448.0,127.09237949373,49.840148821070585,18.664195629271
Panasonic,Lumix DMC-FZ330,1040,6400,2448.0,128.09952611189,50.23510827917255,18.699258403776
Panasonic,Lumix DMC-FZ330,1040,6400,2448.0,129.10667273005,50.63006773727451,18.734025983931
Panasonic,Lumix DMC-FZ330,1040,6400,2448.0,130.11381934821,51.025027195376474,18.768503152146
Panasonic,Lumix DMC-FZ330,1040,6400,2448.0,131.12096596637,51.41998665347843,18.802694576032
Panasonic,Lumix DMC-FZ330,1040,6400,2448.0,132.12811258453,51.81494611158038,18.836604812031
Panasonic,Lumix DMC-FZ330,1040,6400,2448.0,133.13525920269,52.209905569682356,18.870238308914
Panasonic,Lumix DMC-FZ330,1040,6400,2448.0,134.14240582085,52.60486502778431,18.903599411135
Panasonic,Lumix DMC-FZ330,1040,6400,2448.0,135.14955243901,52.99982448588627,18.936692362053
Panasonic,Lumix DMC-FZ330,1040,6400,2448.0,136.15669905717,53.39478394398823,18.969521307041
Panasonic,Lumix DMC-FZ330,1040,6400,2448.0,137.16384567533,53.789743402090195,19.00209029647
Panasonic,Lumix DMC-FZ330,1040,6400,2448.0,138.17099229349,54.18470286019216,19.034403288581
Panasonic,Lumix DMC-FZ330,1040,6400,2448.0,139.17813891165,54.57966231829412,19.066464152247
Panasonic,Lumix DMC-FZ330,1040,6400,2448.0,140.18528552981,54.97462177639607,19.098276669642
Panasonic,Lumix DMC-FZ330,1040,6400,2448.0,141.19243214797,55.36958123449804,19.1298445388
Panasonic,Lumix DMC-FZ330,1040,6400,2448.0,142.19957876613,55.76454069260001,19.16117137609
Panasonic,Lumix DMC-FZ330,1040,6400,2448.0,143.20672538429,56.15950015070196,19.192260718591
Panasonic,Lumix DMC-FZ330,1040,6400,2448.0,144.21387200245,56.55445960880392,19.223116026391
Panasonic,Lumix DMC-FZ330,1040,6400,2448.0,145.22101862061,56.94941906690588,19.2537406848
Panasonic,Lumix DMC-FZ330,1040,6400,2448.0,146.22816523877,57.34437852500784,19.284138006479
Panasonic,Lumix DMC-FZ330,1040,6400,2448.0,147.23531185693,57.739337983109806,19.314311233505
Panasonic,Lumix DMC-FZ330,1040,6400,2448.0,148.24245847509,58.13429744121176,19.344263539351
Panasonic,Lumix DMC-FZ330,1040,6400,2448.0,149.24960509324,58.529256899309814,19.373998030808
Panasonic,Lumix DMC-FZ330,1040,6400,2448.0,150.2567517114,58.924216357411765,19.40351774983
Panasonic,Lumix DMC-FZ330,1040,6400,2448.0,151.26389832956,59.319175815513724,19.432825675329
Panasonic,Lumix DMC-FZ330,1040,6400,2448.0,152.27104494772,59.714135273615675,19.461924724892
Panasonic,Lumix DMC-FZ330,1040,6400,2448.0,153.27819156588,60.10909473171765,19.490817756455
Panasonic,Lumix DMC-FZ330,1040,6400,2448.0,154.28533818404,60.50405418981961,19.519507569911
Panasonic,Lumix DMC-FZ330,1040,6400,2448.0,155.2924848022,60.899013647921564,19.54799690867
Panasonic,Lumix DMC-FZ330,1040,6400,2448.0,156.29963142036,61.29397310602352,19.576288461161
Panasonic,Lumix DMC-FZ330,1040,6400,2448.0,157.30677803852,61.6889325641255,19.604384862291
Panasonic,Lumix DMC-FZ330,1040,6400,2448.0,158.31392465668,62.08389202222745,19.632288694852
Panasonic,Lumix DMC-FZ330,1040,6400,2448.0,159.32107127484,62.47885148032941,19.660002490883
Panasonic,Lumix DMC-FZ330,1040,6400,2448.0,160.328217893,62.87381093843136,19.687528732987
Panasonic,Lumix DMC-FZ330,1040,6400,2448.0,161.33536451116,63.268770396533334,19.714869855609
Panasonic,Lumix DMC-FZ330,1040,6400,2448.0,162.34251112932,63.6637298546353,19.742028246269
Panasonic,Lumix DMC-FZ330,1040,6400,2448.0,163.34965774748,64.05868931273724,19.76900624676
Panasonic,Lumix DMC-FZ330,1040,6400,2448.0,164.35680436564,64.45364877083921,19.795806154301
Panasonic,Lumix DMC-FZ330,1040,6400,2448.0,165.3639509838,64.84860822894119,19.822430222663
Panasonic,Lumix DMC-FZ330,1040,6400,2448.0,166.37109760196,65.24356768704314,19.848880663255
Panasonic,Lumix DMC-FZ330,1040,6400,2448.0,167.37824422012,65.6385271451451,19.875159646173
Panasonic,Lumix DMC-FZ330,1040,6400,2448.0,168.38539083828,66.03348660324706,19.901269301227
Panasonic,Lumix DMC-FZ330,1040,6400,2448.0,169.39253745644,66.42844606134902,19.927211718922
Panasonic,Lumix DMC-FZ330,1040,6400,2448.0,170.3996840746,66.82340551945099,19.952988951425
Panasonic,Lumix DMC-FZ330,1040,6400,2448.0,171.40683069276,67.21836497755294,19.978603013489
Panasonic,Lumix DMC-FZ330,1040,6400,2448.0,172.41397731091,67.613324435651,20.004055883358
Panasonic,Lumix DMC-FZ330,1040,6400,2448.0,173.42112392907,68.00828389375295,20.02934950364
Panasonic,Lumix DMC-FZ330,1040,6400,2448.0,174.42827054723,68.4032433518549,20.05448578216
Panasonic,Lumix DMC-FZ330,1040,6400,2448.0,175.43541716539,68.79820280995685,20.079466592779
Panasonic,Lumix DMC-FZ330,1040,6400,2448.0,176.44256378355,69.19316226805883,20.104293776197
Panasonic,Lumix DMC-FZ330,1040,6400,2448.0,177.44971040171,69.5881217261608,20.128969140727
Panasonic,Lumix DMC-FZ330,1040,6400,2448.0,178.45685701987,69.98308118426274,20.153494463052
Panasonic,Lumix DMC-FZ330,1040,6400,2448.0,179.46400363803,70.37804064236471,20.177871488954
Panasonic,Lumix DMC-FZ330,1040,6400,2448.0,180.47115025619,70.77300010046666,20.202101934026
Panasonic,Lumix DMC-FZ330,1040,6400,2448.0,181.47829687435,71.16795955856863,20.226187484364
Panasonic,Lumix DMC-FZ330,1040,6400,2448.0,182.48544349251,71.56291901667059,20.250129797236
Panasonic,Lumix DMC-FZ330,1040,6400,2448.0,183.49259011067,71.95787847477256,20.273930501736
Panasonic,Lumix DMC-FZ330,1040,6400,2448.0,184.49973672883,72.35283793287451,20.297591199417
Panasonic,Lumix DMC-FZ330,1040,6400,2448.0,185.50688334699,72.74779739097647,20.321113464907
Panasonic,Lumix DMC-FZ330,1040,6400,2448.0,186.51402996515,73.14275684907842,20.344498846508
Panasonic,Lumix DMC-FZ330,1040,6400,2448.0,187.52117658331,73.53771630718039,20.367748866779
Panasonic,Lumix DMC-FZ330,1040,6400,2448.0,188.52832320147,73.93267576528235,20.390865023104
Panasonic,Lumix DMC-FZ330,1040,6400,2448.0,189.53546981963,74.32763522338432,20.413848788239
Panasonic,Lumix DMC-FZ330,1040,6400,2448.0,190.54261643779,74.72259468148627,20.436701610851
Panasonic,Lumix DMC-FZ330,1040,6400,2448.0,191.54976305595,75.11755413958824,20.459424916041
Panasonic,Lumix DMC-FZ330,1040,6400,2448.0,192.55690967411,75.51251359769019,20.482020105847
Panasonic,Lumix DMC-FZ330,1040,6400,2448.0,193.56405629227,75.90747305579217,20.504488559742
Panasonic,Lumix DMC-FZ330,1040,6400,2448.0,194.57120291043,76.30243251389412,20.526831635114
Panasonic,Lumix DMC-FZ330,1040,6400,2448.0,195.57834952858,76.69739197199216,20.549050667733
Panasonic,Lumix DMC-FZ330,1040,6400,2448.0,196.58549614674,77.09235143009411,20.571146972207
Panasonic,Lumix DMC-FZ330,1040,6400,2448.0,197.5926427649,77.48731088819608,20.593121842427
Panasonic,Lumix DMC-FZ330,1040,6400,2448.0,198.59978938306,77.88227034629804,20.614976551998
Panasonic,Lumix DMC-FZ330,1040,6400,2448.0,199.60693600122,78.2772298044,20.636712354662
Panasonic,Lumix DMC-FZ330,1040,6400,2448.0,200.61408261938,78.67218926250197,20.658330484707
Panasonic,Lumix DMC-FZ330,1040,6400,2448.0,201.62122923754,79.06714872060392,20.679832157365
Panasonic,Lumix DMC-FZ330,1040,6400,2448.0,202.6283758557,79.46210817870588,20.701218569206
Panasonic,Lumix DMC-FZ330,1040,6400,2448.0,203.63552247386,79.85706763680784,20.722490898513
Panasonic,Lumix DMC-FZ330,1040,6400,2448.0,204.64266909202,80.25202709490979,20.743650305654
Panasonic,Lumix DMC-FZ330,1040,6400,2448.0,205.64981571018,80.64698655301177,20.764697933445
Panasonic,Lumix DMC-FZ330,1040,6400,2448.0,206.65696232834,81.04194601111374,20.785634907498
Panasonic,Lumix DMC-FZ330,1040,6400,2448.0,207.6641089465,81.43690546921569,20.806462336566
Panasonic,Lumix DMC-FZ330,1040,6400,2448.0,208.67125556466,81.83186492731764,20.827181312877
Panasonic,Lumix DMC-FZ330,1040,6400,2448.0,209.67840218282,82.2268243854196,20.847792912459
Panasonic,Lumix DMC-FZ330,1040,6400,2448.0,210.68554880098,82.62178384352157,20.868298195463
Panasonic,Lumix DMC-FZ330,1040,6400,2448.0,211.69269541914,83.01674330162353,20.888698206467
Panasonic,Lumix DMC-FZ330,1040,6400,2448.0,212.6998420373,83.41170275972549,20.908993974782
Panasonic,Lumix DMC-FZ330,1040,6400,2448.0,213.70698865546,83.80666221782745,20.929186514751
Panasonic,Lumix DMC-FZ330,1040,6400,2448.0,214.71413527362,84.20162167592942,20.94927682603
Panasonic,Lumix DMC-FZ330,1040,6400,2448.0,215.72128189178,84.59658113403137,20.969265893876
Panasonic,Lumix DMC-FZ330,1040,6400,2448.0,216.72842850994,84.99154059213333,20.989154689419
Panasonic,Lumix DMC-FZ330,1040,6400,2448.0,217.7355751281,85.3865000502353,21.008944169931
Panasonic,Lumix DMC-FZ330,1040,6400,2448.0,218.74272174625,85.78145950833334,21.028635279089
Panasonic,Lumix DMC-FZ330,1040,6400,2448.0,219.74986836441,86.17641896643529,21.048228947229
Panasonic,Lumix DMC-FZ330,1040,6400,2448.0,220.75701498257,86.57137842453726,21.067726091596
Panasonic,Lumix DMC-FZ330,1040,6400,2448.0,221.76416160073,86.96633788263922,21.08712761659
Panasonic,Lumix DMC-FZ330,1040,6400,2448.0,222.77130821889,87.36129734074117,21.106434414004
Panasonic,Lumix DMC-FZ330,1040,6400,2448.0,223.77845483705,87.75625679884314,21.125647363255
Panasonic,Lumix DMC-FZ330,1040,6400,2448.0,224.78560145521,88.1512162569451,21.144767331613
Panasonic,Lumix DMC-FZ330,1040,6400,2448.0,225.79274807337,88.54617571504706,21.163795174424
Panasonic,Lumix DMC-FZ330,1040,6400,2448.0,226.79989469153,88.94113517314902,21.182731735325
Panasonic,Lumix DMC-FZ330,1040,6400,2448.0,227.80704130969,89.33609463125097,21.201577846459
Panasonic,Lumix DMC-FZ330,1040,6400,2448.0,228.81418792785,89.73105408935295,21.220334328681
Panasonic,Lumix DMC-FZ330,1040,6400,2448.0,229.82133454601,90.1260135474549,21.239001991762
Panasonic,Lumix DMC-FZ330,1040,6400,2448.0,230.82848116417,90.52097300555685,21.257581634588
Panasonic,Lumix DMC-FZ330,1040,6400,2448.0,231.83562778233,90.91593246365882,21.276074045349
Panasonic,Lumix DMC-FZ330,1040,6400,2448.0,232.84277440049,91.31089192176078,21.294480001736
Panasonic,Lumix DMC-FZ330,1040,6400,2448.0,233.84992101865,91.70585137986275,21.312800271123
Panasonic,Lumix DMC-FZ330,1040,6400,2448.0,234.85706763681,92.1008108379647,21.331035610747
Panasonic,Lumix DMC-FZ330,1040,6400,2448.0,235.86421425497,92.49577029606667,21.349186767887
Panasonic,Lumix DMC-FZ330,1040,6400,2448.0,236.87136087313,92.89072975416862,21.367254480038
Panasonic,Lumix DMC-FZ330,1040,6400,2448.0,237.87850749129,93.2856892122706,21.385239475081
Panasonic,Lumix DMC-FZ330,1040,6400,2448.0,238.88565410945,93.68064867037255,21.403142471449
Panasonic,Lumix DMC-FZ330,1040,6400,2448.0,239.89280072761,94.07560812847451,21.420964178287
Panasonic,Lumix DMC-FZ330,1040,6400,2448.0,240.89994734577,94.47056758657646,21.438705295616
Panasonic,Lumix DMC-FZ330,1040,6400,2448.0,241.90709396392,94.86552704467451,21.456366514484
Panasonic,Lumix DMC-FZ330,1040,6400,2448.0,242.91424058208,95.26048650277646,21.473948517121
Panasonic,Lumix DMC-FZ330,1040,6400,2448.0,243.92138720024,95.65544596087842,21.49145197709
Panasonic,Lumix DMC-FZ330,1040,6400,2448.0,244.9285338184,96.0504054189804,21.508877559428
Panasonic,Lumix DMC-FZ330,1040,6400,2448.0,245.93568043656,96.44536487708235,21.526225920793
Panasonic,Lumix DMC-FZ330,1040,6400,2448.0,246.94282705472,96.84032433518432,21.543497709602
Panasonic,Lumix DMC-FZ330,1040,6400,2448.0,247.94997367288,97.23528379328627,21.560693566171
Panasonic,Lumix DMC-FZ330,1040,6400,2448.0,248.95712029104,97.63024325138824,21.577814122845
Panasonic,Lumix DMC-FZ330,1040,6400,2448.0,249.9642669092,98.0252027094902,21.594860004134
Panasonic,Lumix DMC-FZ330,1040,6400,2448.0,250.97141352736,98.42016216759215,21.611831826837
Panasonic,Lumix DMC-FZ330,1040,6400,2448.0,251.97856014552,98.81512162569412,21.628730200174
Panasonic,Lumix DMC-FZ330,1040,6400,2448.0,252.98570676368,99.21008108379608,21.645555725904
Panasonic,Lumix DMC-FZ330,1040,6400,2448.0,253.99285338184,99.60504054189803,21.662308998449
Panasonic,Lumix DMC-FZ330,1040,6400,2448.0,255,100.0,21.678990605012
