brand,model,sensor_id,iso_manufacturer,iso_measured,gray_level_255,gray_pct,snr_db
Panasonic,Lumix DMC GF6,872,160,152.0,0.2366733583184,0.0928130816934902,0
Panasonic,Lumix DMC GF6,872,160,152.0,0.32222178492258,0.12636148428336472,2.5236839304038
Panasonic,Lumix DMC GF6,872,160,152.0,0.34387119854829,0.13485145041109411,3.049792992987
Panasonic,Lumix DMC GF6,872,160,152.0,0.5002997606511,0.19619598456905885,6.0365927690342
Panasonic,Lumix DMC GF6,872,160,152.0,0.76256212880081,0.299043972078749,9.2795407534186
Panasonic,Lumix DMC GF6,872,160,152.0,1.6416485411202,0.6437837416157647,14.775027086342
Panasonic,Lumix DMC GF6,872,160,152.0,3.3981282591817,1.3325993173261568,19.42094523665
Panasonic,Lumix DMC GF6,872,160,152.0,7.3505299119481,2.8825607497835684,23.768089278269
Panasonic,Lumix DMC GF6,872,160,152.0,14.615809035681,5.731689817914118,27.259304999326
Panasonic,Lumix DMC GF6,872,160,152.0,15.589024383715,6.11334289557451,27.573220572567
Panasonic,Lumix DMC GF6,872,160,152.0,16.562239731749,6.494995973234902,27.86638889184
Panasonic,Lumix DMC GF6,872,160,152.0,17.535455079782,6.876649050894902,28.141345719104
Panasonic,Lumix DMC GF6,872,160,152.0,18.508670427816,7.258302128555294,28.4001928899
Panasonic,Lumix DMC GF6,872,160,152.0,19.48188577585,7.639955206215686,28.64469132867
Panasonic,Lumix DMC GF6,872,160,152.0,20.455101123883,8.021608283875686,28.876330530713
Panasonic,Lumix DMC GF6,872,160,152.0,21.428316471917,8.403261361536078,29.096381284724
Panasonic,Lumix DMC GF6,872,160,152.0,22.401531819951,8.78491443919647,29.305936245845
Panasonic,Lumix DMC GF6,872,160,152.0,23.374747167984,9.166567516856471,29.505941558892
Panasonic,Lumix DMC GF6,872,160,152.0,24.347962516018,9.548220594516863,29.697221792457
Panasonic,Lumix DMC GF6,872,160,152.0,25.321177864052,9.929873672177255,29.880499807124
Panasonic,Lumix DMC GF6,872,160,152.0,26.294393212085,10.311526749837254,30.056412740587
Panasonic,Lumix DMC GF6,872,160,152.0,27.267608560119,10.693179827497648,30.225524983215
Panasonic,Lumix DMC GF6,872,160,152.0,28.240823908153,11.07483290515804,30.388338797198
Panasonic,Lumix DMC GF6,872,160,152.0,29.214039256186,11.45648598281804,30.54530307326
Panasonic,Lumix DMC GF6,872,160,152.0,30.18725460422,11.838139060478433,30.696820602478
Panasonic,Lumix DMC GF6,872,160,152.0,31.160469952254,12.219792138138825,30.843254154575
Panasonic,Lumix DMC GF6,872,160,152.0,32.133685300288,12.601445215799215,30.984931589659
Panasonic,Lumix DMC GF6,872,160,152.0,33.106900648321,12.983098293459216,31.122150181652
Panasonic,Lumix DMC GF6,872,160,152.0,34.080115996355,13.364751371119606,31.255180294554
Panasonic,Lumix DMC GF6,872,160,152.0,35.053331344389,13.74640444878,31.384268524112
Panasonic,Lumix DMC GF6,872,160,152.0,36.026546692422,14.128057526440003,31.509640395322
Panasonic,Lumix DMC GF6,872,160,152.0,36.999762040456,14.509710604100393,31.631502688857
Panasonic,Lumix DMC GF6,872,160,152.0,37.97297738849,14.891363681760787,31.750045455904
Panasonic,Lumix DMC GF6,872,160,152.0,38.946192736523,15.273016759420784,31.865443770067
Panasonic,Lumix DMC GF6,872,160,152.0,39.919408084557,15.654669837081176,31.977859256366
Panasonic,Lumix DMC GF6,872,160,152.0,40.892623432591,16.036322914741568,32.08744143046
Panasonic,Lumix DMC GF6,872,160,152.0,41.865838780624,16.41797599240157,32.194328875608
Panasonic,Lumix DMC GF6,872,160,152.0,42.839054128658,16.79962907006196,32.29865028036
Panasonic,Lumix DMC GF6,872,160,152.0,43.812269476692,17.181282147722353,32.400525356247
Panasonic,Lumix DMC GF6,872,160,152.0,44.785484824725,17.562935225382354,32.500065651734
Panasonic,Lumix DMC GF6,872,160,152.0,45.758700172759,17.944588303042742,32.597375276145
Panasonic,Lumix DMC GF6,872,160,152.0,46.731915520793,18.326241380703138,32.692551545253
Panasonic,Lumix DMC GF6,872,160,152.0,47.705130868826,18.707894458363135,32.785685558459
Panasonic,Lumix DMC GF6,872,160,152.0,48.67834621686,19.08954753602353,32.876862716065
Panasonic,Lumix DMC GF6,872,160,152.0,49.651561564894,19.471200613683923,32.966163183944
Panasonic,Lumix DMC GF6,872,160,152.0,50.624776912927,19.85285369134392,33.053662311883
Panasonic,Lumix DMC GF6,872,160,152.0,51.597992260961,20.234506769004316,33.139431011027
Panasonic,Lumix DMC GF6,872,160,152.0,52.571207608995,20.616159846664708,33.223536095117
Panasonic,Lumix DMC GF6,872,160,152.0,53.544422957028,20.997812924324705,33.306040589613
Panasonic,Lumix DMC GF6,872,160,152.0,54.517638305062,21.379466001985097,33.387004012252
Panasonic,Lumix DMC GF6,872,160,152.0,55.490853653096,21.761119079645493,33.466482628149
Panasonic,Lumix DMC GF6,872,160,152.0,56.464069001129,22.14277215730549,33.544529682148
Panasonic,Lumix DMC GF6,872,160,152.0,57.437284349163,22.524425234965882,33.621195610838
Panasonic,Lumix DMC GF6,872,160,152.0,58.410499697197,22.906078312626274,33.696528236295
Panasonic,Lumix DMC GF6,872,160,152.0,59.38371504523,23.28773139028627,33.77057294344
Panasonic,Lumix DMC GF6,872,160,152.0,60.356930393264,23.669384467946667,33.843372842616
Panasonic,Lumix DMC GF6,872,160,152.0,61.330145741298,24.051037545607056,33.914968918862
Panasonic,Lumix DMC GF6,872,160,152.0,62.303361089331,24.43269062326706,33.985400169146
Panasonic,Lumix DMC GF6,872,160,152.0,63.276576437365,24.814343700927452,34.054703728715
Panasonic,Lumix DMC GF6,872,160,152.0,64.249791785399,25.195996778587844,34.12291498758
Panasonic,Lumix DMC GF6,872,160,152.0,65.223007133433,25.577649856248236,34.190067698039
Panasonic,Lumix DMC GF6,872,160,152.0,66.196222481466,25.959302933908234,34.256194074059
Panasonic,Lumix DMC GF6,872,160,152.0,67.1694378295,26.34095601156863,34.321324883232
Panasonic,Lumix DMC GF6,872,160,152.0,68.142653177534,26.72260908922902,34.385489531985
Panasonic,Lumix DMC GF6,872,160,152.0,69.115868525567,27.104262166889022,34.448716144594
Panasonic,Lumix DMC GF6,872,160,152.0,70.089083873601,27.485915244549414,34.511031636573
Panasonic,Lumix DMC GF6,872,160,152.0,71.062299221635,27.867568322209806,34.572461782875
Panasonic,Lumix DMC GF6,872,160,152.0,72.035514569668,28.2492213998698,34.633031281365
Panasonic,Lumix DMC GF6,872,160,152.0,73.008729917702,28.630874477530195,34.692763811938
Panasonic,Lumix DMC GF6,872,160,152.0,73.981945265736,29.012527555190587,34.751682091647
Panasonic,Lumix DMC GF6,872,160,152.0,74.955160613769,29.394180632850585,34.809807926141
Panasonic,Lumix DMC GF6,872,160,152.0,75.928375961803,29.77583371051098,34.867162257729
Panasonic,Lumix DMC GF6,872,160,152.0,76.901591309837,30.157486788171372,34.923765210311
Panasonic,Lumix DMC GF6,872,160,152.0,77.87480665787,30.539139865831373,34.979636131433
Panasonic,Lumix DMC GF6,872,160,152.0,78.848022005904,30.920792943491765,35.03479363167
Panasonic,Lumix DMC GF6,872,160,152.0,79.821237353938,31.302446021152157,35.089255621554
Panasonic,Lumix DMC GF6,872,160,152.0,80.794452701971,31.68409909881216,35.143039346213
Panasonic,Lumix DMC GF6,872,160,152.0,81.767668050005,32.06575217647255,35.196161417897
Panasonic,Lumix DMC GF6,872,160,152.0,82.740883398039,32.447405254132946,35.248637846545
Panasonic,Lumix DMC GF6,872,160,152.0,83.714098746072,32.829058331792936,35.300484068527
Panasonic,Lumix DMC GF6,872,160,152.0,84.687314094106,33.21071140945333,35.351714973695
Panasonic,Lumix DMC GF6,872,160,152.0,85.66052944214,33.59236448711373,35.40234493086
Panasonic,Lumix DMC GF6,872,160,152.0,86.633744790173,33.974017564773725,35.452387811797
Panasonic,Lumix DMC GF6,872,160,152.0,87.606960138207,34.35567064243411,35.501857013894
Panasonic,Lumix DMC GF6,872,160,152.0,88.580175486241,34.73732372009451,35.550765481519
Panasonic,Lumix DMC GF6,872,160,152.0,89.553390834274,35.118976797754506,35.599125726197
Panasonic,Lumix DMC GF6,872,160,152.0,90.526606182308,35.5006298754149,35.646949845687
Panasonic,Lumix DMC GF6,872,160,152.0,91.499821530342,35.8822829530753,35.694249542009
Panasonic,Lumix DMC GF6,872,160,152.0,92.473036878375,36.263936030735294,35.741036138505
Panasonic,Lumix DMC GF6,872,160,152.0,93.446252226409,36.64558910839569,35.787320595994
Panasonic,Lumix DMC GF6,872,160,152.0,94.419467574443,37.02724218605608,35.833113528069
Panasonic,Lumix DMC GF6,872,160,152.0,95.392682922476,37.40889526371608,35.878425215604
Panasonic,Lumix DMC GF6,872,160,152.0,96.36589827051,37.79054834137647,35.9232656205
Panasonic,Lumix DMC GF6,872,160,152.0,97.339113618544,38.17220141903687,35.967644398745
Panasonic,Lumix DMC GF6,872,160,152.0,98.312328966578,38.553854496697255,36.011570912794
Panasonic,Lumix DMC GF6,872,160,152.0,99.285544314611,38.93550757435725,36.05505424335
Panasonic,Lumix DMC GF6,872,160,152.0,100.25875966264,39.31716065201569,36.098103200538
Panasonic,Lumix DMC GF6,872,160,152.0,101.23197501068,39.698813729678434,36.140726334553
Panasonic,Lumix DMC GF6,872,160,152.0,102.20519035871,40.08046680733726,36.18293194577
Panasonic,Lumix DMC GF6,872,160,152.0,103.17840570675,40.462119885,36.224728094384
Panasonic,Lumix DMC GF6,872,160,152.0,104.15162105478,40.84377296265882,36.266122609574
Panasonic,Lumix DMC GF6,872,160,152.0,105.12483640281,41.22542604031765,36.307123098252
Panasonic,Lumix DMC GF6,872,160,152.0,106.09805175085,41.6070791179804,36.347736953383
Panasonic,Lumix DMC GF6,872,160,152.0,107.07126709888,41.988732195639216,36.387971361935
Panasonic,Lumix DMC GF6,872,160,152.0,108.04448244691,42.37038527329804,36.427833312456
Panasonic,Lumix DMC GF6,872,160,152.0,109.01769779495,42.75203835096078,36.467329602306
Panasonic,Lumix DMC GF6,872,160,152.0,109.99091314298,43.133691428619606,36.506466844565
Panasonic,Lumix DMC GF6,872,160,152.0,110.96412849102,43.515344506282354,36.545251474629
Panasonic,Lumix DMC GF6,872,160,152.0,111.93734383905,43.89699758394118,36.583689756519
Panasonic,Lumix DMC GF6,872,160,152.0,112.91055918708,44.2786506616,36.621787788906
Panasonic,Lumix DMC GF6,872,160,152.0,113.88377453512,44.660303739262744,36.659551510879
Panasonic,Lumix DMC GF6,872,160,152.0,114.85698988315,45.04195681692157,36.69698670746
Panasonic,Lumix DMC GF6,872,160,152.0,115.83020523118,45.423609894580395,36.734099014883
Panasonic,Lumix DMC GF6,872,160,152.0,116.80342057922,45.805262972243135,36.770893925657
Panasonic,Lumix DMC GF6,872,160,152.0,117.77663592725,46.18691604990196,36.807376793399
Panasonic,Lumix DMC GF6,872,160,152.0,118.74985127528,46.568569127560785,36.843552837484
Panasonic,Lumix DMC GF6,872,160,152.0,119.72306662332,46.95022220522353,36.879427147492
Panasonic,Lumix DMC GF6,872,160,152.0,120.69628197135,47.33187528288235,36.915004687469
Panasonic,Lumix DMC GF6,872,160,152.0,121.66949731939,47.7135283605451,36.950290300028
Panasonic,Lumix DMC GF6,872,160,152.0,122.64271266742,48.09518143820392,36.985288710267
Panasonic,Lumix DMC GF6,872,160,152.0,123.61592801545,48.47683451586274,37.020004529548
Panasonic,Lumix DMC GF6,872,160,152.0,124.58914336349,48.85848759352549,37.05444225911
Panasonic,Lumix DMC GF6,872,160,152.0,125.56235871152,49.24014067118432,37.088606293547
Panasonic,Lumix DMC GF6,872,160,152.0,126.53557405955,49.62179374884313,37.122500924153
Panasonic,Lumix DMC GF6,872,160,152.0,127.50878940759,50.00344682650588,37.15613034213
Panasonic,Lumix DMC GF6,872,160,152.0,128.48200475562,50.38509990416471,37.189498641673
Panasonic,Lumix DMC GF6,872,160,152.0,129.45522010366,50.766752981827445,37.222609822946
Panasonic,Lumix DMC GF6,872,160,152.0,130.42843545169,51.14840605948628,37.255467794932
Panasonic,Lumix DMC GF6,872,160,152.0,131.40165079972,51.53005913714509,37.288076378186
Panasonic,Lumix DMC GF6,872,160,152.0,132.37486614776,51.91171221480785,37.320439307479
Panasonic,Lumix DMC GF6,872,160,152.0,133.34808149579,52.293365292466675,37.35256023435
Panasonic,Lumix DMC GF6,872,160,152.0,134.32129684382,52.67501837012549,37.384442729553
Panasonic,Lumix DMC GF6,872,160,152.0,135.29451219186,53.05667144778824,37.416090285428
Panasonic,Lumix DMC GF6,872,160,152.0,136.26772753989,53.43832452544706,37.447506318177
Panasonic,Lumix DMC GF6,872,160,152.0,137.24094288792,53.81997760310588,37.47869417006
Panasonic,Lumix DMC GF6,872,160,152.0,138.21415823596,54.20163068076863,37.509657111513
Panasonic,Lumix DMC GF6,872,160,152.0,139.18737358399,54.58328375842745,37.540398343192
Panasonic,Lumix DMC GF6,872,160,152.0,140.16058893203,54.964936836090196,37.570920997941
Panasonic,Lumix DMC GF6,872,160,152.0,141.13380428006,55.346589913749014,37.601228142696
Panasonic,Lumix DMC GF6,872,160,152.0,142.10701962809,55.72824299140784,37.631322780317
Panasonic,Lumix DMC GF6,872,160,152.0,143.08023497613,56.10989606907059,37.661207851365
Panasonic,Lumix DMC GF6,872,160,152.0,144.05345032416,56.49154914672941,37.690886235807
Panasonic,Lumix DMC GF6,872,160,152.0,145.02666567219,56.873202224388244,37.720360754674
Panasonic,Lumix DMC GF6,872,160,152.0,145.99988102023,57.25485530205098,37.749634171653
Panasonic,Lumix DMC GF6,872,160,152.0,146.97309636826,57.6365083797098,37.778709194635
Panasonic,Lumix DMC GF6,872,160,152.0,147.9463117163,58.01816145737254,37.807588477203
Panasonic,Lumix DMC GF6,872,160,152.0,148.91952706433,58.39981453503137,37.836274620074
Panasonic,Lumix DMC GF6,872,160,152.0,149.89274241236,58.7814676126902,37.864770172497
Panasonic,Lumix DMC GF6,872,160,152.0,150.8659577604,59.16312069035294,37.893077633598
Panasonic,Lumix DMC GF6,872,160,152.0,151.83917310843,59.54477376801176,37.921199453687
Panasonic,Lumix DMC GF6,872,160,152.0,152.81238845646,59.92642684567059,37.949138035519
Panasonic,Lumix DMC GF6,872,160,152.0,153.7856038045,60.30807992333334,37.97689573552
Panasonic,Lumix DMC GF6,872,160,152.0,154.75881915253,60.68973300099216,38.004474864966
Panasonic,Lumix DMC GF6,872,160,152.0,155.73203450056,61.07138607865098,38.031877691129
Panasonic,Lumix DMC GF6,872,160,152.0,156.7052498486,61.45303915631373,38.059106438392
Panasonic,Lumix DMC GF6,872,160,152.0,157.67846519663,61.83469223397255,38.086163289316
Panasonic,Lumix DMC GF6,872,160,152.0,158.65168054467,62.216345311635294,38.113050385687
Panasonic,Lumix DMC GF6,872,160,152.0,159.6248958927,62.59799838929412,38.139769829524
Panasonic,Lumix DMC GF6,872,160,152.0,160.59811124073,62.97965146695294,38.166323684055
Panasonic,Lumix DMC GF6,872,160,152.0,161.57132658877,63.36130454461569,38.192713974668
Panasonic,Lumix DMC GF6,872,160,152.0,162.5445419368,63.74295762227451,38.218942689829
Panasonic,Lumix DMC GF6,872,160,152.0,163.51775728483,64.12461069993334,38.245011781974
Panasonic,Lumix DMC GF6,872,160,152.0,164.49097263287,64.50626377759609,38.270923168376
Panasonic,Lumix DMC GF6,872,160,152.0,165.4641879809,64.8879168552549,38.29667873198
Panasonic,Lumix DMC GF6,872,160,152.0,166.43740332893,65.26956993291373,38.322280322219
Panasonic,Lumix DMC GF6,872,160,152.0,167.41061867697,65.65122301057646,38.347729755809
Panasonic,Lumix DMC GF6,872,160,152.0,168.383834025,66.0328760882353,38.373028817507
Panasonic,Lumix DMC GF6,872,160,152.0,169.35704937304,66.41452916589805,38.398179260866
Panasonic,Lumix DMC GF6,872,160,152.0,170.33026472107,66.79618224355686,38.423182808948
Panasonic,Lumix DMC GF6,872,160,152.0,171.3034800691,67.17783532121568,38.448041155037
Panasonic,Lumix DMC GF6,872,160,152.0,172.27669541714,67.55948839887843,38.472755963311
Panasonic,Lumix DMC GF6,872,160,152.0,173.24991076517,67.94114147653725,38.497328869512
Panasonic,Lumix DMC GF6,872,160,152.0,174.2231261132,68.3227945541961,38.52176148159
Panasonic,Lumix DMC GF6,872,160,152.0,175.19634146124,68.70444763185883,38.546055380323
Panasonic,Lumix DMC GF6,872,160,152.0,176.16955680927,69.08610070951765,38.570212119931
Panasonic,Lumix DMC GF6,872,160,152.0,177.14277215731,69.46775378718038,38.594233228667
Panasonic,Lumix DMC GF6,872,160,152.0,178.11598750534,69.84940686483921,38.618120209389
Panasonic,Lumix DMC GF6,872,160,152.0,179.08920285337,70.23105994249804,38.641874540124
Panasonic,Lumix DMC GF6,872,160,152.0,180.06241820141,70.61271302016078,38.665497674607
Panasonic,Lumix DMC GF6,872,160,152.0,181.03563354944,70.99436609781961,38.688991042814
Panasonic,Lumix DMC GF6,872,160,152.0,182.00884889747,71.37601917547842,38.712356051475
Panasonic,Lumix DMC GF6,872,160,152.0,182.98206424551,71.75767225314118,38.735594084576
Panasonic,Lumix DMC GF6,872,160,152.0,183.95527959354,72.1393253308,38.758706503846
Panasonic,Lumix DMC GF6,872,160,152.0,184.92849494157,72.52097840845883,38.78169464923
Panasonic,Lumix DMC GF6,872,160,152.0,185.90171028961,72.90263148612158,38.804559839355
Panasonic,Lumix DMC GF6,872,160,152.0,186.87492563764,73.28428456378039,38.827303371976
Panasonic,Lumix DMC GF6,872,160,152.0,187.84814098568,73.66593764144314,38.849926524418
Panasonic,Lumix DMC GF6,872,160,152.0,188.82135633371,74.04759071910196,38.872430553996
Panasonic,Lumix DMC GF6,872,160,152.0,189.79457168174,74.42924379676079,38.894816698439
Panasonic,Lumix DMC GF6,872,160,152.0,190.76778702978,74.81089687442353,38.917086176287
Panasonic,Lumix DMC GF6,872,160,152.0,191.74100237781,75.19254995208236,38.939240187292
Panasonic,Lumix DMC GF6,872,160,152.0,192.71421772584,75.57420302974117,38.961279912795
Panasonic,Lumix DMC GF6,872,160,152.0,193.68743307388,75.95585610740392,38.98320651611
Panasonic,Lumix DMC GF6,872,160,152.0,194.66064842191,76.33750918506274,39.005021142879
Panasonic,Lumix DMC GF6,872,160,152.0,195.63386376995,76.71916226272549,39.026724921437
Panasonic,Lumix DMC GF6,872,160,152.0,196.60707911798,77.10081534038432,39.04831896315
Panasonic,Lumix DMC GF6,872,160,152.0,197.58029446601,77.48246841804314,39.069804362761
Panasonic,Lumix DMC GF6,872,160,152.0,198.55350981405,77.86412149570587,39.091182198717
Panasonic,Lumix DMC GF6,872,160,152.0,199.52672516208,78.2457745733647,39.112453533489
Panasonic,Lumix DMC GF6,872,160,152.0,200.49994051011,78.62742765102352,39.133619413889
Panasonic,Lumix DMC GF6,872,160,152.0,201.47315585815,79.00908072868627,39.154680871374
Panasonic,Lumix DMC GF6,872,160,152.0,202.44637120618,79.39073380634511,39.175638922345
Panasonic,Lumix DMC GF6,872,160,152.0,203.41958655421,79.77238688400394,39.196494568441
Panasonic,Lumix DMC GF6,872,160,152.0,204.39280190225,80.15403996166667,39.217248796819
Panasonic,Lumix DMC GF6,872,160,152.0,205.36601725028,80.5356930393255,39.237902580436
Panasonic,Lumix DMC GF6,872,160,152.0,206.33923259832,80.91734611698823,39.258456878317
Panasonic,Lumix DMC GF6,872,160,152.0,207.31244794635,81.29899919464705,39.278912635823
Panasonic,Lumix DMC GF6,872,160,152.0,208.28566329438,81.68065227230588,39.299270784906
Panasonic,Lumix DMC GF6,872,160,152.0,209.25887864242,82.06230534996863,39.319532244362
Panasonic,Lumix DMC GF6,872,160,152.0,210.23209399045,82.44395842762745,39.339697920079
Panasonic,Lumix DMC GF6,872,160,152.0,211.20530933848,82.82561150528626,39.359768705277
Panasonic,Lumix DMC GF6,872,160,152.0,212.17852468652,83.20726458294902,39.379745480741
Panasonic,Lumix DMC GF6,872,160,152.0,213.15174003455,83.58891766060785,39.399629115055
Panasonic,Lumix DMC GF6,872,160,152.0,214.12495538259,83.9705707382706,39.419420464821
Panasonic,Lumix DMC GF6,872,160,152.0,215.09817073062,84.35222381592942,39.439120374884
Panasonic,Lumix DMC GF6,872,160,152.0,216.07138607865,84.73387689358823,39.45872967854
Panasonic,Lumix DMC GF6,872,160,152.0,217.04460142669,85.11552997125098,39.478249197752
Panasonic,Lumix DMC GF6,872,160,152.0,218.01781677472,85.4971830489098,39.497679743348
Panasonic,Lumix DMC GF6,872,160,152.0,218.99103212275,85.87883612656863,39.517022115228
Panasonic,Lumix DMC GF6,872,160,152.0,219.96424747079,86.26048920423138,39.536277102553
Panasonic,Lumix DMC GF6,872,160,152.0,220.93746281882,86.64214228189019,39.55544548394
Panasonic,Lumix DMC GF6,872,160,152.0,221.91067816685,87.02379535954901,39.57452802765
Panasonic,Lumix DMC GF6,872,160,152.0,222.88389351489,87.40544843721176,39.593525491766
Panasonic,Lumix DMC GF6,872,160,152.0,223.85710886292,87.78710151487059,39.612438624378
Panasonic,Lumix DMC GF6,872,160,152.0,224.83032421096,88.16875459253333,39.631268163752
Panasonic,Lumix DMC GF6,872,160,152.0,225.80353955899,88.55040767019216,39.650014838508
Panasonic,Lumix DMC GF6,872,160,152.0,226.77675490702,88.93206074785098,39.668679367779
Panasonic,Lumix DMC GF6,872,160,152.0,227.74997025506,89.31371382551372,39.687262461383
Panasonic,Lumix DMC GF6,872,160,152.0,228.72318560309,89.69536690317254,39.705764819976
Panasonic,Lumix DMC GF6,872,160,152.0,229.69640095112,90.07701998083138,39.724187135217
Panasonic,Lumix DMC GF6,872,160,152.0,230.66961629916,90.45867305849413,39.742530089913
Panasonic,Lumix DMC GF6,872,160,152.0,231.64283164719,90.84032613615295,39.760794358174
Panasonic,Lumix DMC GF6,872,160,152.0,232.61604699522,91.22197921381176,39.778980605561
Panasonic,Lumix DMC GF6,872,160,152.0,233.58926234326,91.60363229147451,39.797089489227
Panasonic,Lumix DMC GF6,872,160,152.0,234.56247769129,91.98528536913334,39.815121658059
Panasonic,Lumix DMC GF6,872,160,152.0,235.53569303933,92.36693844679607,39.833077752817
Panasonic,Lumix DMC GF6,872,160,152.0,236.50890838736,92.74859152445491,39.850958406268
Panasonic,Lumix DMC GF6,872,160,152.0,237.48212373539,93.13024460211372,39.868764243319
Panasonic,Lumix DMC GF6,872,160,152.0,238.45533908343,93.51189767977647,39.886495881146
Panasonic,Lumix DMC GF6,872,160,152.0,239.42855443146,93.89355075743528,39.904153929322
Panasonic,Lumix DMC GF6,872,160,152.0,240.40176977949,94.27520383509412,39.92173898994
Panasonic,Lumix DMC GF6,872,160,152.0,241.37498512753,94.65685691275687,39.939251657737
Panasonic,Lumix DMC GF6,872,160,152.0,242.34820047556,95.03850999041569,39.95669252021
Panasonic,Lumix DMC GF6,872,160,152.0,243.3214158236,95.42016306807844,39.974062157736
Panasonic,Lumix DMC GF6,872,160,152.0,244.29463117163,95.80181614573725,39.991361143687
Panasonic,Lumix DMC GF6,872,160,152.0,245.26784651966,96.18346922339607,40.008590044537
Panasonic,Lumix DMC GF6,872,160,152.0,246.2410618677,96.56512230105882,40.02574941998
Panasonic,Lumix DMC GF6,872,160,152.0,247.21427721573,96.94677537871765,40.042839823032
Panasonic,Lumix DMC GF6,872,160,152.0,248.18749256376,97.32842845637647,40.059861800137
Panasonic,Lumix DMC GF6,872,160,152.0,249.1607079118,97.7100815340392,40.076815891276
Panasonic,Lumix DMC GF6,872,160,152.0,250.13392325983,98.09173461169803,40.093702630062
Panasonic,Lumix DMC GF6,872,160,152.0,251.10713860786,98.47338768935685,40.110522543842
Panasonic,Lumix DMC GF6,872,160,152.0,252.0803539559,98.8550407670196,40.127276153797
Panasonic,Lumix DMC GF6,872,160,152.0,253.05356930393,99.23669384467844,40.143963975036
Panasonic,Lumix DMC GF6,872,160,152.0,254.02678465197,99.61834692234117,40.160586516689
Panasonic,Lumix DMC GF6,872,160,152.0,255,100.0,40.177144282
Panasonic,Lumix DMC GF6,872,200,191.0,0.32222178492258,0.12636148428336472,0
Panasonic,Lumix DMC GF6,872,200,191.0,0.34387119854829,0.13485145041109411,0.53815188270692
Panasonic,Lumix DMC GF6,872,200,191.0,0.5002997606511,0.19619598456905885,3.6068813926018
Panasonic,Lumix DMC GF6,872,200,191.0,0.76256212880081,0.299043972078749,6.9698328175754
Panasonic,Lumix DMC GF6,872,200,191.0,1.6416485411202,0.6437837416157647,12.758337196764
Panasonic,Lumix DMC GF6,872,200,191.0,3.3981282591817,1.3325993173261568,17.731547093341
Panasonic,Lumix DMC GF6,872,200,191.0,7.3505299119481,2.8825607497835684,22.392827775195
Panasonic,Lumix DMC GF6,872,200,191.0,14.615809035681,5.731689817914118,26.086400266792
Panasonic,Lumix DMC GF6,872,200,191.0,15.589024383715,6.11334289557451,26.415244810057
Panasonic,Lumix DMC GF6,872,200,191.0,16.562239731749,6.494995973234902,26.721846793082
Panasonic,Lumix DMC GF6,872,200,191.0,17.535455079782,6.876649050894902,27.008958548657
Panasonic,Lumix DMC GF6,872,200,191.0,18.508670427816,7.258302128555294,27.278858577778
Panasonic,Lumix DMC GF6,872,200,191.0,19.48188577585,7.639955206215686,27.533453353219
Panasonic,Lumix DMC GF6,872,200,191.0,20.455101123883,8.021608283875686,27.774353364818
Panasonic,Lumix DMC GF6,872,200,191.0,21.428316471917,8.403261361536078,28.00293081108
Panasonic,Lumix DMC GF6,872,200,191.0,22.401531819951,8.78491443919647,28.220363981309
Panasonic,Lumix DMC GF6,872,200,191.0,23.374747167984,9.166567516856471,28.427671832078
Panasonic,Lumix DMC GF6,872,200,191.0,24.347962516018,9.548220594516863,28.625741235001
Panasonic,Lumix DMC GF6,872,200,191.0,25.321177864052,9.929873672177255,28.815348675027
Panasonic,Lumix DMC GF6,872,200,191.0,26.294393212085,10.311526749837254,28.997177696032
Panasonic,Lumix DMC GF6,872,200,191.0,27.267608560119,10.693179827497648,29.171833051483
Panasonic,Lumix DMC GF6,872,200,191.0,28.240823908153,11.07483290515804,29.339852276351
Panasonic,Lumix DMC GF6,872,200,191.0,29.214039256186,11.45648598281804,29.501715221819
Panasonic,Lumix DMC GF6,872,200,191.0,30.18725460422,11.838139060478433,29.657851966622
Panasonic,Lumix DMC GF6,872,200,191.0,31.160469952254,12.219792138138825,29.80864942433
Panasonic,Lumix DMC GF6,872,200,191.0,32.133685300288,12.601445215799215,29.954456895191
Panasonic,Lumix DMC GF6,872,200,191.0,33.106900648321,12.983098293459216,30.095590757749
Panasonic,Lumix DMC GF6,872,200,191.0,34.080115996355,13.364751371119606,30.232338454713
Panasonic,Lumix DMC GF6,872,200,191.0,35.053331344389,13.74640444878,30.364961896255
Panasonic,Lumix DMC GF6,872,200,191.0,36.026546692422,14.128057526440003,30.493700379605
Panasonic,Lumix DMC GF6,872,200,191.0,36.999762040456,14.509710604100393,30.618773104857
Panasonic,Lumix DMC GF6,872,200,191.0,37.97297738849,14.891363681760787,30.74038135194
Panasonic,Lumix DMC GF6,872,200,191.0,38.946192736523,15.273016759420784,30.858710371871
Panasonic,Lumix DMC GF6,872,200,191.0,39.919408084557,15.654669837081176,30.973931036001
Panasonic,Lumix DMC GF6,872,200,191.0,40.892623432591,16.036322914741568,31.086201279331
Panasonic,Lumix DMC GF6,872,200,191.0,41.865838780624,16.41797599240157,31.195667367914
Panasonic,Lumix DMC GF6,872,200,191.0,42.839054128658,16.79962907006196,31.302465015369
Panasonic,Lumix DMC GF6,872,200,191.0,43.812269476692,17.181282147722353,31.406720369488
Panasonic,Lumix DMC GF6,872,200,191.0,44.785484824725,17.562935225382354,31.50855088661
Panasonic,Lumix DMC GF6,872,200,191.0,45.758700172759,17.944588303042742,31.608066108684
Panasonic,Lumix DMC GF6,872,200,191.0,46.731915520793,18.326241380703138,31.705368355705
Panasonic,Lumix DMC GF6,872,200,191.0,47.705130868826,18.707894458363135,31.800553344305
Panasonic,Lumix DMC GF6,872,200,191.0,48.67834621686,19.08954753602353,31.893710741733
Panasonic,Lumix DMC GF6,872,200,191.0,49.651561564894,19.471200613683923,31.984924663119
Panasonic,Lumix DMC GF6,872,200,191.0,50.624776912927,19.85285369134392,32.074274118848
Panasonic,Lumix DMC GF6,872,200,191.0,51.597992260961,20.234506769004316,32.161833417901
Panasonic,Lumix DMC GF6,872,200,191.0,52.571207608995,20.616159846664708,32.247672532262
Panasonic,Lumix DMC GF6,872,200,191.0,53.544422957028,20.997812924324705,32.331857426786
Panasonic,Lumix DMC GF6,872,200,191.0,54.517638305062,21.379466001985097,32.414450358398
Panasonic,Lumix DMC GF6,872,200,191.0,55.490853653096,21.761119079645493,32.495510147945
Panasonic,Lumix DMC GF6,872,200,191.0,56.464069001129,22.14277215730549,32.575092427667
Panasonic,Lumix DMC GF6,872,200,191.0,57.437284349163,22.524425234965882,32.653249866835
Panasonic,Lumix DMC GF6,872,200,191.0,58.410499697197,22.906078312626274,32.730032377835
Panasonic,Lumix DMC GF6,872,200,191.0,59.38371504523,23.28773139028627,32.805487304691
Panasonic,Lumix DMC GF6,872,200,191.0,60.356930393264,23.669384467946667,32.879659595783
Panasonic,Lumix DMC GF6,872,200,191.0,61.330145741298,24.051037545607056,32.952591962326
Panasonic,Lumix DMC GF6,872,200,191.0,62.303361089331,24.43269062326706,33.024325023988
Panasonic,Lumix DMC GF6,872,200,191.0,63.276576437365,24.814343700927452,33.094897442879
Panasonic,Lumix DMC GF6,872,200,191.0,64.249791785399,25.195996778587844,33.16434604701
Panasonic,Lumix DMC GF6,872,200,191.0,65.223007133433,25.577649856248236,33.232705944183
Panasonic,Lumix DMC GF6,872,200,191.0,66.196222481466,25.959302933908234,33.30001062721
Panasonic,Lumix DMC GF6,872,200,191.0,67.1694378295,26.34095601156863,33.366292071214
Panasonic,Lumix DMC GF6,872,200,191.0,68.142653177534,26.72260908922902,33.431580823735
Panasonic,Lumix DMC GF6,872,200,191.0,69.115868525567,27.104262166889022,33.495906088256
Panasonic,Lumix DMC GF6,872,200,191.0,70.089083873601,27.485915244549414,33.55929580173
Panasonic,Lumix DMC GF6,872,200,191.0,71.062299221635,27.867568322209806,33.621776706594
Panasonic,Lumix DMC GF6,872,200,191.0,72.035514569668,28.2492213998698,33.683374417764
Panasonic,Lumix DMC GF6,872,200,191.0,73.008729917702,28.630874477530195,33.744113484992
Panasonic,Lumix DMC GF6,872,200,191.0,73.981945265736,29.012527555190587,33.80401745099
Panasonic,Lumix DMC GF6,872,200,191.0,74.955160613769,29.394180632850585,33.863108905647
Panasonic,Lumix DMC GF6,872,200,191.0,75.928375961803,29.77583371051098,33.92140953665
Panasonic,Lumix DMC GF6,872,200,191.0,76.901591309837,30.157486788171372,33.9789401768
Panasonic,Lumix DMC GF6,872,200,191.0,77.87480665787,30.539139865831373,34.035720848264
Panasonic,Lumix DMC GF6,872,200,191.0,78.848022005904,30.920792943491765,34.091770804013
Panasonic,Lumix DMC GF6,872,200,191.0,79.821237353938,31.302446021152157,34.147108566647
Panasonic,Lumix DMC GF6,872,200,191.0,80.794452701971,31.68409909881216,34.201751964801
Panasonic,Lumix DMC GF6,872,200,191.0,81.767668050005,32.06575217647255,34.255718167324
Panasonic,Lumix DMC GF6,872,200,191.0,82.740883398039,32.447405254132946,34.309023715375
Panasonic,Lumix DMC GF6,872,200,191.0,83.714098746072,32.829058331792936,34.361684552594
Panasonic,Lumix DMC GF6,872,200,191.0,84.687314094106,33.21071140945333,34.413716053494
Panasonic,Lumix DMC GF6,872,200,191.0,85.66052944214,33.59236448711373,34.465133050174
Panasonic,Lumix DMC GF6,872,200,191.0,86.633744790173,33.974017564773725,34.5159498575
Panasonic,Lumix DMC GF6,872,200,191.0,87.606960138207,34.35567064243411,34.566180296834
Panasonic,Lumix DMC GF6,872,200,191.0,88.580175486241,34.73732372009451,34.615837718427
Panasonic,Lumix DMC GF6,872,200,191.0,89.553390834274,35.118976797754506,34.664935022547
Panasonic,Lumix DMC GF6,872,200,191.0,90.526606182308,35.5006298754149,34.713484679453
Panasonic,Lumix DMC GF6,872,200,191.0,91.499821530342,35.8822829530753,34.761498748262
Panasonic,Lumix DMC GF6,872,200,191.0,92.473036878375,36.263936030735294,34.808988894796
Panasonic,Lumix DMC GF6,872,200,191.0,93.446252226409,36.64558910839569,34.85596640848
Panasonic,Lumix DMC GF6,872,200,191.0,94.419467574443,37.02724218605608,34.902442218334
Panasonic,Lumix DMC GF6,872,200,191.0,95.392682922476,37.40889526371608,34.948426908128
Panasonic,Lumix DMC GF6,872,200,191.0,96.36589827051,37.79054834137647,34.993930730757
Panasonic,Lumix DMC GF6,872,200,191.0,97.339113618544,38.17220141903687,35.038963621866
Panasonic,Lumix DMC GF6,872,200,191.0,98.312328966578,38.553854496697255,35.083535212788
Panasonic,Lumix DMC GF6,872,200,191.0,99.285544314611,38.93550757435725,35.127654842831
Panasonic,Lumix DMC GF6,872,200,191.0,100.25875966264,39.31716065201569,35.171331570944
Panasonic,Lumix DMC GF6,872,200,191.0,101.23197501068,39.698813729678434,35.214574186818
Panasonic,Lumix DMC GF6,872,200,191.0,102.20519035871,40.08046680733726,35.257391221436
Panasonic,Lumix DMC GF6,872,200,191.0,103.17840570675,40.462119885,35.299790957111
Panasonic,Lumix DMC GF6,872,200,191.0,104.15162105478,40.84377296265882,35.34178143705
Panasonic,Lumix DMC GF6,872,200,191.0,105.12483640281,41.22542604031765,35.383370474456
Panasonic,Lumix DMC GF6,872,200,191.0,106.09805175085,41.6070791179804,35.424565661203
Panasonic,Lumix DMC GF6,872,200,191.0,107.07126709888,41.988732195639216,35.465374376109
Panasonic,Lumix DMC GF6,872,200,191.0,108.04448244691,42.37038527329804,35.505803792824
Panasonic,Lumix DMC GF6,872,200,191.0,109.01769779495,42.75203835096078,35.545860887358
Panasonic,Lumix DMC GF6,872,200,191.0,109.99091314298,43.133691428619606,35.585552445265
Panasonic,Lumix DMC GF6,872,200,191.0,110.96412849102,43.515344506282354,35.624885068507
Panasonic,Lumix DMC GF6,872,200,191.0,111.93734383905,43.89699758394118,35.663865182009
Panasonic,Lumix DMC GF6,872,200,191.0,112.91055918708,44.2786506616,35.702499039926
Panasonic,Lumix DMC GF6,872,200,191.0,113.88377453512,44.660303739262744,35.740792731638
Panasonic,Lumix DMC GF6,872,200,191.0,114.85698988315,45.04195681692157,35.778752187477
Panasonic,Lumix DMC GF6,872,200,191.0,115.83020523118,45.423609894580395,35.816383184214
Panasonic,Lumix DMC GF6,872,200,191.0,116.80342057922,45.805262972243135,35.853691350311
Panasonic,Lumix DMC GF6,872,200,191.0,117.77663592725,46.18691604990196,35.890682170949
Panasonic,Lumix DMC GF6,872,200,191.0,118.74985127528,46.568569127560785,35.927360992844
Panasonic,Lumix DMC GF6,872,200,191.0,119.72306662332,46.95022220522353,35.963733028863
Panasonic,Lumix DMC GF6,872,200,191.0,120.69628197135,47.33187528288235,35.999803362454
Panasonic,Lumix DMC GF6,872,200,191.0,121.66949731939,47.7135283605451,36.035576951888
Panasonic,Lumix DMC GF6,872,200,191.0,122.64271266742,48.09518143820392,36.071058634332
Panasonic,Lumix DMC GF6,872,200,191.0,123.61592801545,48.47683451586274,36.106253129755
Panasonic,Lumix DMC GF6,872,200,191.0,124.58914336349,48.85848759352549,36.141165044685
Panasonic,Lumix DMC GF6,872,200,191.0,125.56235871152,49.24014067118432,36.175798875808
Panasonic,Lumix DMC GF6,872,200,191.0,126.53557405955,49.62179374884313,36.210159013431
Panasonic,Lumix DMC GF6,872,200,191.0,127.50878940759,50.00344682650588,36.244249744806
Panasonic,Lumix DMC GF6,872,200,191.0,128.48200475562,50.38509990416471,36.278075257333
Panasonic,Lumix DMC GF6,872,200,191.0,129.45522010366,50.766752981827445,36.311639641627
Panasonic,Lumix DMC GF6,872,200,191.0,130.42843545169,51.14840605948628,36.34494689448
Panasonic,Lumix DMC GF6,872,200,191.0,131.40165079972,51.53005913714509,36.378000921706
Panasonic,Lumix DMC GF6,872,200,191.0,132.37486614776,51.91171221480785,36.410805540874
Panasonic,Lumix DMC GF6,872,200,191.0,133.34808149579,52.293365292466675,36.443364483953
Panasonic,Lumix DMC GF6,872,200,191.0,134.32129684382,52.67501837012549,36.47568139984
Panasonic,Lumix DMC GF6,872,200,191.0,135.29451219186,53.05667144778824,36.507759856814
Panasonic,Lumix DMC GF6,872,200,191.0,136.26772753989,53.43832452544706,36.539603344887
Panasonic,Lumix DMC GF6,872,200,191.0,137.24094288792,53.81997760310588,36.571215278074
Panasonic,Lumix DMC GF6,872,200,191.0,138.21415823596,54.20163068076863,36.602598996584
Panasonic,Lumix DMC GF6,872,200,191.0,139.18737358399,54.58328375842745,36.633757768931
Panasonic,Lumix DMC GF6,872,200,191.0,140.16058893203,54.964936836090196,36.664694793966
Panasonic,Lumix DMC GF6,872,200,191.0,141.13380428006,55.346589913749014,36.695413202846
Panasonic,Lumix DMC GF6,872,200,191.0,142.10701962809,55.72824299140784,36.725916060926
Panasonic,Lumix DMC GF6,872,200,191.0,143.08023497613,56.10989606907059,36.756206369589
Panasonic,Lumix DMC GF6,872,200,191.0,144.05345032416,56.49154914672941,36.786287068012
Panasonic,Lumix DMC GF6,872,200,191.0,145.02666567219,56.873202224388244,36.816161034876
Panasonic,Lumix DMC GF6,872,200,191.0,145.99988102023,57.25485530205098,36.845831090008
Panasonic,Lumix DMC GF6,872,200,191.0,146.97309636826,57.6365083797098,36.875299995976
Panasonic,Lumix DMC GF6,872,200,191.0,147.9463117163,58.01816145737254,36.904570459627
Panasonic,Lumix DMC GF6,872,200,191.0,148.91952706433,58.39981453503137,36.933645133579
Panasonic,Lumix DMC GF6,872,200,191.0,149.89274241236,58.7814676126902,36.96252661765
Panasonic,Lumix DMC GF6,872,200,191.0,150.8659577604,59.16312069035294,36.991217460257
Panasonic,Lumix DMC GF6,872,200,191.0,151.83917310843,59.54477376801176,37.019720159757
Panasonic,Lumix DMC GF6,872,200,191.0,152.81238845646,59.92642684567059,37.048037165753
Panasonic,Lumix DMC GF6,872,200,191.0,153.7856038045,60.30807992333334,37.076170880346
Panasonic,Lumix DMC GF6,872,200,191.0,154.75881915253,60.68973300099216,37.104123659364
Panasonic,Lumix DMC GF6,872,200,191.0,155.73203450056,61.07138607865098,37.131897813532
Panasonic,Lumix DMC GF6,872,200,191.0,156.7052498486,61.45303915631373,37.159495609626
Panasonic,Lumix DMC GF6,872,200,191.0,157.67846519663,61.83469223397255,37.18691927157
Panasonic,Lumix DMC GF6,872,200,191.0,158.65168054467,62.216345311635294,37.214170981516
Panasonic,Lumix DMC GF6,872,200,191.0,159.6248958927,62.59799838929412,37.241252880879
Panasonic,Lumix DMC GF6,872,200,191.0,160.59811124073,62.97965146695294,37.268167071343
Panasonic,Lumix DMC GF6,872,200,191.0,161.57132658877,63.36130454461569,37.294915615844
Panasonic,Lumix DMC GF6,872,200,191.0,162.5445419368,63.74295762227451,37.321500539507
Panasonic,Lumix DMC GF6,872,200,191.0,163.51775728483,64.12461069993334,37.34792383057
Panasonic,Lumix DMC GF6,872,200,191.0,164.49097263287,64.50626377759609,37.374187441274
Panasonic,Lumix DMC GF6,872,200,191.0,165.4641879809,64.8879168552549,37.400293288721
Panasonic,Lumix DMC GF6,872,200,191.0,166.43740332893,65.26956993291373,37.426243255719
Panasonic,Lumix DMC GF6,872,200,191.0,167.41061867697,65.65122301057646,37.452039191588
Panasonic,Lumix DMC GF6,872,200,191.0,168.383834025,66.0328760882353,37.477682912954
Panasonic,Lumix DMC GF6,872,200,191.0,169.35704937304,66.41452916589805,37.503176204511
Panasonic,Lumix DMC GF6,872,200,191.0,170.33026472107,66.79618224355686,37.528520819768
Panasonic,Lumix DMC GF6,872,200,191.0,171.3034800691,67.17783532121568,37.553718481768
Panasonic,Lumix DMC GF6,872,200,191.0,172.27669541714,67.55948839887843,37.578770883791
Panasonic,Lumix DMC GF6,872,200,191.0,173.24991076517,67.94114147653725,37.603679690035
Panasonic,Lumix DMC GF6,872,200,191.0,174.2231261132,68.3227945541961,37.628446536277
Panasonic,Lumix DMC GF6,872,200,191.0,175.19634146124,68.70444763185883,37.653073030517
Panasonic,Lumix DMC GF6,872,200,191.0,176.16955680927,69.08610070951765,37.677560753603
Panasonic,Lumix DMC GF6,872,200,191.0,177.14277215731,69.46775378718038,37.701911259838
Panasonic,Lumix DMC GF6,872,200,191.0,178.11598750534,69.84940686483921,37.726126077573
Panasonic,Lumix DMC GF6,872,200,191.0,179.08920285337,70.23105994249804,37.750206709775
Panasonic,Lumix DMC GF6,872,200,191.0,180.06241820141,70.61271302016078,37.774154634595
Panasonic,Lumix DMC GF6,872,200,191.0,181.03563354944,70.99436609781961,37.797971305902
Panasonic,Lumix DMC GF6,872,200,191.0,182.00884889747,71.37601917547842,37.821658153819
Panasonic,Lumix DMC GF6,872,200,191.0,182.98206424551,71.75767225314118,37.845216585233
Panasonic,Lumix DMC GF6,872,200,191.0,183.95527959354,72.1393253308,37.868647984294
Panasonic,Lumix DMC GF6,872,200,191.0,184.92849494157,72.52097840845883,37.891953712908
Panasonic,Lumix DMC GF6,872,200,191.0,185.90171028961,72.90263148612158,37.915135111205
Panasonic,Lumix DMC GF6,872,200,191.0,186.87492563764,73.28428456378039,37.938193498003
Panasonic,Lumix DMC GF6,872,200,191.0,187.84814098568,73.66593764144314,37.961130171258
Panasonic,Lumix DMC GF6,872,200,191.0,188.82135633371,74.04759071910196,37.983946408501
Panasonic,Lumix DMC GF6,872,200,191.0,189.79457168174,74.42924379676079,38.006643467261
Panasonic,Lumix DMC GF6,872,200,191.0,190.76778702978,74.81089687442353,38.029222585487
Panasonic,Lumix DMC GF6,872,200,191.0,191.74100237781,75.19254995208236,38.051684981946
Panasonic,Lumix DMC GF6,872,200,191.0,192.71421772584,75.57420302974117,38.074031856618
Panasonic,Lumix DMC GF6,872,200,191.0,193.68743307388,75.95585610740392,38.096264391083
Panasonic,Lumix DMC GF6,872,200,191.0,194.66064842191,76.33750918506274,38.118383748894
Panasonic,Lumix DMC GF6,872,200,191.0,195.63386376995,76.71916226272549,38.140391075939
Panasonic,Lumix DMC GF6,872,200,191.0,196.60707911798,77.10081534038432,38.1622875008
Panasonic,Lumix DMC GF6,872,200,191.0,197.58029446601,77.48246841804314,38.184074135098
Panasonic,Lumix DMC GF6,872,200,191.0,198.55350981405,77.86412149570587,38.205752073831
Panasonic,Lumix DMC GF6,872,200,191.0,199.52672516208,78.2457745733647,38.227322395705
Panasonic,Lumix DMC GF6,872,200,191.0,200.49994051011,78.62742765102352,38.248786163453
Panasonic,Lumix DMC GF6,872,200,191.0,201.47315585815,79.00908072868627,38.270144424152
Panasonic,Lumix DMC GF6,872,200,191.0,202.44637120618,79.39073380634511,38.291398209524
Panasonic,Lumix DMC GF6,872,200,191.0,203.41958655421,79.77238688400394,38.31254853624
Panasonic,Lumix DMC GF6,872,200,191.0,204.39280190225,80.15403996166667,38.333596406209
Panasonic,Lumix DMC GF6,872,200,191.0,205.36601725028,80.5356930393255,38.354542806861
Panasonic,Lumix DMC GF6,872,200,191.0,206.33923259832,80.91734611698823,38.375388711427
Panasonic,Lumix DMC GF6,872,200,191.0,207.31244794635,81.29899919464705,38.396135079206
Panasonic,Lumix DMC GF6,872,200,191.0,208.28566329438,81.68065227230588,38.416782855837
Panasonic,Lumix DMC GF6,872,200,191.0,209.25887864242,82.06230534996863,38.437332973546
Panasonic,Lumix DMC GF6,872,200,191.0,210.23209399045,82.44395842762745,38.45778635141
Panasonic,Lumix DMC GF6,872,200,191.0,211.20530933848,82.82561150528626,38.478143895594
Panasonic,Lumix DMC GF6,872,200,191.0,212.17852468652,83.20726458294902,38.498406499596
Panasonic,Lumix DMC GF6,872,200,191.0,213.15174003455,83.58891766060785,38.518575044483
Panasonic,Lumix DMC GF6,872,200,191.0,214.12495538259,83.9705707382706,38.538650399115
Panasonic,Lumix DMC GF6,872,200,191.0,215.09817073062,84.35222381592942,38.558633420377
Panasonic,Lumix DMC GF6,872,200,191.0,216.07138607865,84.73387689358823,38.578524953391
Panasonic,Lumix DMC GF6,872,200,191.0,217.04460142669,85.11552997125098,38.598325831734
Panasonic,Lumix DMC GF6,872,200,191.0,218.01781677472,85.4971830489098,38.618036877647
Panasonic,Lumix DMC GF6,872,200,191.0,218.99103212275,85.87883612656863,38.637658902238
Panasonic,Lumix DMC GF6,872,200,191.0,219.96424747079,86.26048920423138,38.657192705684
Panasonic,Lumix DMC GF6,872,200,191.0,220.93746281882,86.64214228189019,38.676639077425
Panasonic,Lumix DMC GF6,872,200,191.0,221.91067816685,87.02379535954901,38.695998796355
Panasonic,Lumix DMC GF6,872,200,191.0,222.88389351489,87.40544843721176,38.71527263101
Panasonic,Lumix DMC GF6,872,200,191.0,223.85710886292,87.78710151487059,38.734461339752
Panasonic,Lumix DMC GF6,872,200,191.0,224.83032421096,88.16875459253333,38.753565670943
Panasonic,Lumix DMC GF6,872,200,191.0,225.80353955899,88.55040767019216,38.772586363125
Panasonic,Lumix DMC GF6,872,200,191.0,226.77675490702,88.93206074785098,38.791524145189
Panasonic,Lumix DMC GF6,872,200,191.0,227.74997025506,89.31371382551372,38.810379736542
Panasonic,Lumix DMC GF6,872,200,191.0,228.72318560309,89.69536690317254,38.829153847272
Panasonic,Lumix DMC GF6,872,200,191.0,229.69640095112,90.07701998083138,38.847847178307
Panasonic,Lumix DMC GF6,872,200,191.0,230.66961629916,90.45867305849413,38.866460421571
Panasonic,Lumix DMC GF6,872,200,191.0,231.64283164719,90.84032613615295,38.884994260141
Panasonic,Lumix DMC GF6,872,200,191.0,232.61604699522,91.22197921381176,38.903449368394
Panasonic,Lumix DMC GF6,872,200,191.0,233.58926234326,91.60363229147451,38.921826412154
Panasonic,Lumix DMC GF6,872,200,191.0,234.56247769129,91.98528536913334,38.940126048838
Panasonic,Lumix DMC GF6,872,200,191.0,235.53569303933,92.36693844679607,38.958348927596
Panasonic,Lumix DMC GF6,872,200,191.0,236.50890838736,92.74859152445491,38.976495689448
Panasonic,Lumix DMC GF6,872,200,191.0,237.48212373539,93.13024460211372,38.994566967422
Panasonic,Lumix DMC GF6,872,200,191.0,238.45533908343,93.51189767977647,39.012563386681
Panasonic,Lumix DMC GF6,872,200,191.0,239.42855443146,93.89355075743528,39.030485564659
Panasonic,Lumix DMC GF6,872,200,191.0,240.40176977949,94.27520383509412,39.048334111183
Panasonic,Lumix DMC GF6,872,200,191.0,241.37498512753,94.65685691275687,39.0661096286
Panasonic,Lumix DMC GF6,872,200,191.0,242.34820047556,95.03850999041569,39.083812711898
Panasonic,Lumix DMC GF6,872,200,191.0,243.3214158236,95.42016306807844,39.101443948825
Panasonic,Lumix DMC GF6,872,200,191.0,244.29463117163,95.80181614573725,39.119003920007
Panasonic,Lumix DMC GF6,872,200,191.0,245.26784651966,96.18346922339607,39.136493199062
Panasonic,Lumix DMC GF6,872,200,191.0,246.2410618677,96.56512230105882,39.153912352711
Panasonic,Lumix DMC GF6,872,200,191.0,247.21427721573,96.94677537871765,39.171261940891
Panasonic,Lumix DMC GF6,872,200,191.0,248.18749256376,97.32842845637647,39.188542516859
Panasonic,Lumix DMC GF6,872,200,191.0,249.1607079118,97.7100815340392,39.205754627303
Panasonic,Lumix DMC GF6,872,200,191.0,250.13392325983,98.09173461169803,39.222898812439
Panasonic,Lumix DMC GF6,872,200,191.0,251.10713860786,98.47338768935685,39.239975606119
Panasonic,Lumix DMC GF6,872,200,191.0,252.0803539559,98.8550407670196,39.256985535926
Panasonic,Lumix DMC GF6,872,200,191.0,253.05356930393,99.23669384467844,39.273929123275
Panasonic,Lumix DMC GF6,872,200,191.0,254.02678465197,99.61834692234117,39.290806883506
Panasonic,Lumix DMC GF6,872,200,191.0,255,100.0,39.30761932598
Panasonic,Lumix DMC GF6,872,400,373.0,0.34387119854829,0.13485145041109411,0
Panasonic,Lumix DMC GF6,872,400,373.0,0.5002997606511,0.19619598456905885,2.9437630891523
Panasonic,Lumix DMC GF6,872,400,373.0,0.76256212880081,0.299043972078749,6.1258658364141
Panasonic,Lumix DMC GF6,872,400,373.0,1.6416485411202,0.6437837416157647,11.482954146401
Panasonic,Lumix DMC GF6,872,400,373.0,3.3981282591817,1.3325993173261568,15.989691969316
Panasonic,Lumix DMC GF6,872,400,373.0,7.3505299119481,2.8825607497835684,20.217038811729
Panasonic,Lumix DMC GF6,872,400,373.0,14.615809035681,5.731689817914118,23.638381759932
Panasonic,Lumix DMC GF6,872,400,373.0,15.589024383715,6.11334289557451,23.947429164867
Panasonic,Lumix DMC GF6,872,400,373.0,16.562239731749,6.494995973234902,24.236261599275
Panasonic,Lumix DMC GF6,872,400,373.0,17.535455079782,6.876649050894902,24.507334948278
Panasonic,Lumix DMC GF6,872,400,373.0,18.508670427816,7.258302128555294,24.762686391594
Panasonic,Lumix DMC GF6,872,400,373.0,19.48188577585,7.639955206215686,25.004023958069
Panasonic,Lumix DMC GF6,872,400,373.0,20.455101123883,8.021608283875686,25.232793450053
Panasonic,Lumix DMC GF6,872,400,373.0,21.428316471917,8.403261361536078,25.450229248003
Panasonic,Lumix DMC GF6,872,400,373.0,22.401531819951,8.78491443919647,25.657393426077
Panasonic,Lumix DMC GF6,872,400,373.0,23.374747167984,9.166567516856471,25.855206254359
Panasonic,Lumix DMC GF6,872,400,373.0,24.347962516018,9.548220594516863,26.044470261157
Panasonic,Lumix DMC GF6,872,400,373.0,25.321177864052,9.929873672177255,26.225889416286
Panasonic,Lumix DMC GF6,872,400,373.0,26.294393212085,10.311526749837254,26.400084573011
Panasonic,Lumix DMC GF6,872,400,373.0,27.267608560119,10.693179827497648,26.5676060091
Panasonic,Lumix DMC GF6,872,400,373.0,28.240823908153,11.07483290515804,26.728943695581
Panasonic,Lumix DMC GF6,872,400,373.0,29.214039256186,11.45648598281804,26.884535768789
Panasonic,Lumix DMC GF6,872,400,373.0,30.18725460422,11.838139060478433,27.034775569273
Panasonic,Lumix DMC GF6,872,400,373.0,31.160469952254,12.219792138138825,27.18001752831
Panasonic,Lumix DMC GF6,872,400,373.0,32.133685300288,12.601445215799215,27.320582120731
Panasonic,Lumix DMC GF6,872,400,373.0,33.106900648321,12.983098293459216,27.456760055943
Panasonic,Lumix DMC GF6,872,400,373.0,34.080115996355,13.364751371119606,27.588815843249
Panasonic,Lumix DMC GF6,872,400,373.0,35.053331344389,13.74640444878,27.716990840107
Panasonic,Lumix DMC GF6,872,400,373.0,36.026546692422,14.128057526440003,27.841505870584
Panasonic,Lumix DMC GF6,872,400,373.0,36.999762040456,14.509710604100393,27.962563484607
Panasonic,Lumix DMC GF6,872,400,373.0,37.97297738849,14.891363681760787,28.080349915445
Panasonic,Lumix DMC GF6,872,400,373.0,38.946192736523,15.273016759420784,28.195036782459
Panasonic,Lumix DMC GF6,872,400,373.0,39.919408084557,15.654669837081176,28.306782577805
Panasonic,Lumix DMC GF6,872,400,373.0,40.892623432591,16.036322914741568,28.415733969132
Panasonic,Lumix DMC GF6,872,400,373.0,41.865838780624,16.41797599240157,28.522026944886
Panasonic,Lumix DMC GF6,872,400,373.0,42.839054128658,16.79962907006196,28.625787824473
Panasonic,Lumix DMC GF6,872,400,373.0,43.812269476692,17.181282147722353,28.727134151945
Panasonic,Lumix DMC GF6,872,400,373.0,44.785484824725,17.562935225382354,28.826175488932
Panasonic,Lumix DMC GF6,872,400,373.0,45.758700172759,17.944588303042742,28.923014120143
Panasonic,Lumix DMC GF6,872,400,373.0,46.731915520793,18.326241380703138,29.017745682724
Panasonic,Lumix DMC GF6,872,400,373.0,47.705130868826,18.707894458363135,29.110459729121
Panasonic,Lumix DMC GF6,872,400,373.0,48.67834621686,19.08954753602353,29.201240231698
Panasonic,Lumix DMC GF6,872,400,373.0,49.651561564894,19.471200613683923,29.290166036172
Panasonic,Lumix DMC GF6,872,400,373.0,50.624776912927,19.85285369134392,29.377311269977
Panasonic,Lumix DMC GF6,872,400,373.0,51.597992260961,20.234506769004316,29.462745710812
Panasonic,Lumix DMC GF6,872,400,373.0,52.571207608995,20.616159846664708,29.546535119944
Panasonic,Lumix DMC GF6,872,400,373.0,53.544422957028,20.997812924324705,29.628741544228
Panasonic,Lumix DMC GF6,872,400,373.0,54.517638305062,21.379466001985097,29.709423590292
Panasonic,Lumix DMC GF6,872,400,373.0,55.490853653096,21.761119079645493,29.788636673918
Panasonic,Lumix DMC GF6,872,400,373.0,56.464069001129,22.14277215730549,29.866433247249
Panasonic,Lumix DMC GF6,872,400,373.0,57.437284349163,22.524425234965882,29.942863006157
Panasonic,Lumix DMC GF6,872,400,373.0,58.410499697197,22.906078312626274,30.017973079796
Panasonic,Lumix DMC GF6,872,400,373.0,59.38371504523,23.28773139028627,30.091808204163
Panasonic,Lumix DMC GF6,872,400,373.0,60.356930393264,23.669384467946667,30.164410881243
Panasonic,Lumix DMC GF6,872,400,373.0,61.330145741298,24.051037545607056,30.235821525153
Panasonic,Lumix DMC GF6,872,400,373.0,62.303361089331,24.43269062326706,30.306078596547
Panasonic,Lumix DMC GF6,872,400,373.0,63.276576437365,24.814343700927452,30.375218726381
Panasonic,Lumix DMC GF6,872,400,373.0,64.249791785399,25.195996778587844,30.44327683004
Panasonic,Lumix DMC GF6,872,400,373.0,65.223007133433,25.577649856248236,30.510286212716
Panasonic,Lumix DMC GF6,872,400,373.0,66.196222481466,25.959302933908234,30.576278666817
Panasonic,Lumix DMC GF6,872,400,373.0,67.1694378295,26.34095601156863,30.641284562133
Panasonic,Lumix DMC GF6,872,400,373.0,68.142653177534,26.72260908922902,30.705332929386
Panasonic,Lumix DMC GF6,872,400,373.0,69.115868525567,27.104262166889022,30.768451537743
Panasonic,Lumix DMC GF6,872,400,373.0,70.089083873601,27.485915244549414,30.830666966798
Panasonic,Lumix DMC GF6,872,400,373.0,71.062299221635,27.867568322209806,30.892004673505
Panasonic,Lumix DMC GF6,872,400,373.0,72.035514569668,28.2492213998698,30.952489054468
Panasonic,Lumix DMC GF6,872,400,373.0,73.008729917702,28.630874477530195,31.012143503975
Panasonic,Lumix DMC GF6,872,400,373.0,73.981945265736,29.012527555190587,31.070990468114
Panasonic,Lumix DMC GF6,872,400,373.0,74.955160613769,29.394180632850585,31.129051495295
Panasonic,Lumix DMC GF6,872,400,373.0,75.928375961803,29.77583371051098,31.186347283448
Panasonic,Lumix DMC GF6,872,400,373.0,76.901591309837,30.157486788171372,31.242897724165
Panasonic,Lumix DMC GF6,872,400,373.0,77.87480665787,30.539139865831373,31.298721944016
Panasonic,Lumix DMC GF6,872,400,373.0,78.848022005904,30.920792943491765,31.353838343251
Panasonic,Lumix DMC GF6,872,400,373.0,79.821237353938,31.302446021152157,31.408264632093
Panasonic,Lumix DMC GF6,872,400,373.0,80.794452701971,31.68409909881216,31.462017864787
Panasonic,Lumix DMC GF6,872,400,373.0,81.767668050005,32.06575217647255,31.515114471582
Panasonic,Lumix DMC GF6,872,400,373.0,82.740883398039,32.447405254132946,31.567570288781
Panasonic,Lumix DMC GF6,872,400,373.0,83.714098746072,32.829058331792936,31.619400587013
Panasonic,Lumix DMC GF6,872,400,373.0,84.687314094106,33.21071140945333,31.670620097839
Panasonic,Lumix DMC GF6,872,400,373.0,85.66052944214,33.59236448711373,31.721243038813
Panasonic,Lumix DMC GF6,872,400,373.0,86.633744790173,33.974017564773725,31.771283137105
Panasonic,Lumix DMC GF6,872,400,373.0,87.606960138207,34.35567064243411,31.820753651783
Panasonic,Lumix DMC GF6,872,400,373.0,88.580175486241,34.73732372009451,31.869667394844
Panasonic,Lumix DMC GF6,872,400,373.0,89.553390834274,35.118976797754506,31.918036751079
Panasonic,Lumix DMC GF6,872,400,373.0,90.526606182308,35.5006298754149,31.965873696847
Panasonic,Lumix DMC GF6,872,400,373.0,91.499821530342,35.8822829530753,32.013189817826
Panasonic,Lumix DMC GF6,872,400,373.0,92.473036878375,36.263936030735294,32.059996325817
Panasonic,Lumix DMC GF6,872,400,373.0,93.446252226409,36.64558910839569,32.106304074647
Panasonic,Lumix DMC GF6,872,400,373.0,94.419467574443,37.02724218605608,32.152123575244
Panasonic,Lumix DMC GF6,872,400,373.0,95.392682922476,37.40889526371608,32.19746500992
Panasonic,Lumix DMC GF6,872,400,373.0,96.36589827051,37.79054834137647,32.242338245923
Panasonic,Lumix DMC GF6,872,400,373.0,97.339113618544,38.17220141903687,32.286752848294
Panasonic,Lumix DMC GF6,872,400,373.0,98.312328966578,38.553854496697255,32.330718092079
Panasonic,Lumix DMC GF6,872,400,373.0,99.285544314611,38.93550757435725,32.374242973929
Panasonic,Lumix DMC GF6,872,400,373.0,100.25875966264,39.31716065201569,32.417336223123
Panasonic,Lumix DMC GF6,872,400,373.0,101.23197501068,39.698813729678434,32.460006312059
Panasonic,Lumix DMC GF6,872,400,373.0,102.20519035871,40.08046680733726,32.502261466225
Panasonic,Lumix DMC GF6,872,400,373.0,103.17840570675,40.462119885,32.5441096737
Panasonic,Lumix DMC GF6,872,400,373.0,104.15162105478,40.84377296265882,32.585558694198
Panasonic,Lumix DMC GF6,872,400,373.0,105.12483640281,41.22542604031765,32.626616067687
Panasonic,Lumix DMC GF6,872,400,373.0,106.09805175085,41.6070791179804,32.667289122605
Panasonic,Lumix DMC GF6,872,400,373.0,107.07126709888,41.988732195639216,32.707584983696
Panasonic,Lumix DMC GF6,872,400,373.0,108.04448244691,42.37038527329804,32.747510579486
Panasonic,Lumix DMC GF6,872,400,373.0,109.01769779495,42.75203835096078,32.78707264942
Panasonic,Lumix DMC GF6,872,400,373.0,109.99091314298,43.133691428619606,32.826277750677
Panasonic,Lumix DMC GF6,872,400,373.0,110.96412849102,43.515344506282354,32.865132264681
Panasonic,Lumix DMC GF6,872,400,373.0,111.93734383905,43.89699758394118,32.903642403326
Panasonic,Lumix DMC GF6,872,400,373.0,112.91055918708,44.2786506616,32.941814214922
Panasonic,Lumix DMC GF6,872,400,373.0,113.88377453512,44.660303739262744,32.97965358989
Panasonic,Lumix DMC GF6,872,400,373.0,114.85698988315,45.04195681692157,33.017166266207
Panasonic,Lumix DMC GF6,872,400,373.0,115.83020523118,45.423609894580395,33.054357834619
Panasonic,Lumix DMC GF6,872,400,373.0,116.80342057922,45.805262972243135,33.091233743634
Panasonic,Lumix DMC GF6,872,400,373.0,117.77663592725,46.18691604990196,33.127799304305
Panasonic,Lumix DMC GF6,872,400,373.0,118.74985127528,46.568569127560785,33.164059694811
Panasonic,Lumix DMC GF6,872,400,373.0,119.72306662332,46.95022220522353,33.200019964856
Panasonic,Lumix DMC GF6,872,400,373.0,120.69628197135,47.33187528288235,33.235685039878
Panasonic,Lumix DMC GF6,872,400,373.0,121.66949731939,47.7135283605451,33.271059725094
Panasonic,Lumix DMC GF6,872,400,373.0,122.64271266742,48.09518143820392,33.306148709379
Panasonic,Lumix DMC GF6,872,400,373.0,123.61592801545,48.47683451586274,33.340956568993
Panasonic,Lumix DMC GF6,872,400,373.0,124.58914336349,48.85848759352549,33.375487771152
Panasonic,Lumix DMC GF6,872,400,373.0,125.56235871152,49.24014067118432,33.40974667747
Panasonic,Lumix DMC GF6,872,400,373.0,126.53557405955,49.62179374884313,33.443737547256
Panasonic,Lumix DMC GF6,872,400,373.0,127.50878940759,50.00344682650588,33.47746454069
Panasonic,Lumix DMC GF6,872,400,373.0,128.48200475562,50.38509990416471,33.510931721875
Panasonic,Lumix DMC GF6,872,400,373.0,129.45522010366,50.766752981827445,33.54414306177
Panasonic,Lumix DMC GF6,872,400,373.0,130.42843545169,51.14840605948628,33.577102441013
Panasonic,Lumix DMC GF6,872,400,373.0,131.40165079972,51.53005913714509,33.609813652644
Panasonic,Lumix DMC GF6,872,400,373.0,132.37486614776,51.91171221480785,33.642280404714
Panasonic,Lumix DMC GF6,872,400,373.0,133.34808149579,52.293365292466675,33.674506322811
Panasonic,Lumix DMC GF6,872,400,373.0,134.32129684382,52.67501837012549,33.706494952483
Panasonic,Lumix DMC GF6,872,400,373.0,135.29451219186,53.05667144778824,33.738249761574
Panasonic,Lumix DMC GF6,872,400,373.0,136.26772753989,53.43832452544706,33.769774142484
Panasonic,Lumix DMC GF6,872,400,373.0,137.24094288792,53.81997760310588,33.801071414335
Panasonic,Lumix DMC GF6,872,400,373.0,138.21415823596,54.20163068076863,33.832144825069
Panasonic,Lumix DMC GF6,872,400,373.0,139.18737358399,54.58328375842745,33.862997553466
Panasonic,Lumix DMC GF6,872,400,373.0,140.16058893203,54.964936836090196,33.893632711097
Panasonic,Lumix DMC GF6,872,400,373.0,141.13380428006,55.346589913749014,33.924053344201
Panasonic,Lumix DMC GF6,872,400,373.0,142.10701962809,55.72824299140784,33.954262435503
Panasonic,Lumix DMC GF6,872,400,373.0,143.08023497613,56.10989606907059,33.984262905966
Panasonic,Lumix DMC GF6,872,400,373.0,144.05345032416,56.49154914672941,34.014057616486
Panasonic,Lumix DMC GF6,872,400,373.0,145.02666567219,56.873202224388244,34.043649369523
Panasonic,Lumix DMC GF6,872,400,373.0,145.99988102023,57.25485530205098,34.073040910688
Panasonic,Lumix DMC GF6,872,400,373.0,146.97309636826,57.6365083797098,34.102234930264
Panasonic,Lumix DMC GF6,872,400,373.0,147.9463117163,58.01816145737254,34.131234064683
Panasonic,Lumix DMC GF6,872,400,373.0,148.91952706433,58.39981453503137,34.160040897959
Panasonic,Lumix DMC GF6,872,400,373.0,149.89274241236,58.7814676126902,34.18865796306
Panasonic,Lumix DMC GF6,872,400,373.0,150.8659577604,59.16312069035294,34.217087743249
Panasonic,Lumix DMC GF6,872,400,373.0,151.83917310843,59.54477376801176,34.245332673374
Panasonic,Lumix DMC GF6,872,400,373.0,152.81238845646,59.92642684567059,34.273395141118
Panasonic,Lumix DMC GF6,872,400,373.0,153.7856038045,60.30807992333334,34.30127748821
Panasonic,Lumix DMC GF6,872,400,373.0,154.75881915253,60.68973300099216,34.328982011595
Panasonic,Lumix DMC GF6,872,400,373.0,155.73203450056,61.07138607865098,34.356510964571
Panasonic,Lumix DMC GF6,872,400,373.0,156.7052498486,61.45303915631373,34.383866557883
Panasonic,Lumix DMC GF6,872,400,373.0,157.67846519663,61.83469223397255,34.411050960793
Panasonic,Lumix DMC GF6,872,400,373.0,158.65168054467,62.216345311635294,34.438066302107
Panasonic,Lumix DMC GF6,872,400,373.0,159.6248958927,62.59799838929412,34.464914671178
Panasonic,Lumix DMC GF6,872,400,373.0,160.59811124073,62.97965146695294,34.491598118873
Panasonic,Lumix DMC GF6,872,400,373.0,161.57132658877,63.36130454461569,34.518118658509
Panasonic,Lumix DMC GF6,872,400,373.0,162.5445419368,63.74295762227451,34.544478266772
Panasonic,Lumix DMC GF6,872,400,373.0,163.51775728483,64.12461069993334,34.570678884591
Panasonic,Lumix DMC GF6,872,400,373.0,164.49097263287,64.50626377759609,34.596722418002
Panasonic,Lumix DMC GF6,872,400,373.0,165.4641879809,64.8879168552549,34.622610738977
Panasonic,Lumix DMC GF6,872,400,373.0,166.43740332893,65.26956993291373,34.648345686227
Panasonic,Lumix DMC GF6,872,400,373.0,167.41061867697,65.65122301057646,34.673929065993
Panasonic,Lumix DMC GF6,872,400,373.0,168.383834025,66.0328760882353,34.699362652798
Panasonic,Lumix DMC GF6,872,400,373.0,169.35704937304,66.41452916589805,34.72464819019
Panasonic,Lumix DMC GF6,872,400,373.0,170.33026472107,66.79618224355686,34.749787391457
Panasonic,Lumix DMC GF6,872,400,373.0,171.3034800691,67.17783532121568,34.774781940325
Panasonic,Lumix DMC GF6,872,400,373.0,172.27669541714,67.55948839887843,34.79963349163
Panasonic,Lumix DMC GF6,872,400,373.0,173.24991076517,67.94114147653725,34.824343671977
Panasonic,Lumix DMC GF6,872,400,373.0,174.2231261132,68.3227945541961,34.848914080383
Panasonic,Lumix DMC GF6,872,400,373.0,175.19634146124,68.70444763185883,34.873346288888
Panasonic,Lumix DMC GF6,872,400,373.0,176.16955680927,69.08610070951765,34.897641843168
Panasonic,Lumix DMC GF6,872,400,373.0,177.14277215731,69.46775378718038,34.921802263113
Panasonic,Lumix DMC GF6,872,400,373.0,178.11598750534,69.84940686483921,34.945829043404
Panasonic,Lumix DMC GF6,872,400,373.0,179.08920285337,70.23105994249804,34.969723654061
Panasonic,Lumix DMC GF6,872,400,373.0,180.06241820141,70.61271302016078,34.993487540988
Panasonic,Lumix DMC GF6,872,400,373.0,181.03563354944,70.99436609781961,35.017122126496
Panasonic,Lumix DMC GF6,872,400,373.0,182.00884889747,71.37601917547842,35.040628809811
Panasonic,Lumix DMC GF6,872,400,373.0,182.98206424551,71.75767225314118,35.064008967572
Panasonic,Lumix DMC GF6,872,400,373.0,183.95527959354,72.1393253308,35.087263954317
Panasonic,Lumix DMC GF6,872,400,373.0,184.92849494157,72.52097840845883,35.110395102951
Panasonic,Lumix DMC GF6,872,400,373.0,185.90171028961,72.90263148612158,35.133403725203
Panasonic,Lumix DMC GF6,872,400,373.0,186.87492563764,73.28428456378039,35.156291112075
Panasonic,Lumix DMC GF6,872,400,373.0,187.84814098568,73.66593764144314,35.179058534276
Panasonic,Lumix DMC GF6,872,400,373.0,188.82135633371,74.04759071910196,35.201707242642
Panasonic,Lumix DMC GF6,872,400,373.0,189.79457168174,74.42924379676079,35.224238468552
Panasonic,Lumix DMC GF6,872,400,373.0,190.76778702978,74.81089687442353,35.246653424328
Panasonic,Lumix DMC GF6,872,400,373.0,191.74100237781,75.19254995208236,35.268953303624
Panasonic,Lumix DMC GF6,872,400,373.0,192.71421772584,75.57420302974117,35.29113928181
Panasonic,Lumix DMC GF6,872,400,373.0,193.68743307388,75.95585610740392,35.313212516344
Panasonic,Lumix DMC GF6,872,400,373.0,194.66064842191,76.33750918506274,35.335174147131
Panasonic,Lumix DMC GF6,872,400,373.0,195.63386376995,76.71916226272549,35.357025296879
Panasonic,Lumix DMC GF6,872,400,373.0,196.60707911798,77.10081534038432,35.37876707144
Panasonic,Lumix DMC GF6,872,400,373.0,197.58029446601,77.48246841804314,35.400400560149
Panasonic,Lumix DMC GF6,872,400,373.0,198.55350981405,77.86412149570587,35.421926836151
Panasonic,Lumix DMC GF6,872,400,373.0,199.52672516208,78.2457745733647,35.443346956718
Panasonic,Lumix DMC GF6,872,400,373.0,200.49994051011,78.62742765102352,35.46466196356
Panasonic,Lumix DMC GF6,872,400,373.0,201.47315585815,79.00908072868627,35.485872883132
Panasonic,Lumix DMC GF6,872,400,373.0,202.44637120618,79.39073380634511,35.50698072693
Panasonic,Lumix DMC GF6,872,400,373.0,203.41958655421,79.77238688400394,35.527986491776
Panasonic,Lumix DMC GF6,872,400,373.0,204.39280190225,80.15403996166667,35.548891160107
Panasonic,Lumix DMC GF6,872,400,373.0,205.36601725028,80.5356930393255,35.569695700243
Panasonic,Lumix DMC GF6,872,400,373.0,206.33923259832,80.91734611698823,35.590401066664
Panasonic,Lumix DMC GF6,872,400,373.0,207.31244794635,81.29899919464705,35.611008200265
Panasonic,Lumix DMC GF6,872,400,373.0,208.28566329438,81.68065227230588,35.631518028618
Panasonic,Lumix DMC GF6,872,400,373.0,209.25887864242,82.06230534996863,35.651931466221
Panasonic,Lumix DMC GF6,872,400,373.0,210.23209399045,82.44395842762745,35.67224941474
Panasonic,Lumix DMC GF6,872,400,373.0,211.20530933848,82.82561150528626,35.692472763251
Panasonic,Lumix DMC GF6,872,400,373.0,212.17852468652,83.20726458294902,35.712602388471
Panasonic,Lumix DMC GF6,872,400,373.0,213.15174003455,83.58891766060785,35.732639154989
Panasonic,Lumix DMC GF6,872,400,373.0,214.12495538259,83.9705707382706,35.752583915486
Panasonic,Lumix DMC GF6,872,400,373.0,215.09817073062,84.35222381592942,35.772437510952
Panasonic,Lumix DMC GF6,872,400,373.0,216.07138607865,84.73387689358823,35.792200770902
Panasonic,Lumix DMC GF6,872,400,373.0,217.04460142669,85.11552997125098,35.81187451358
Panasonic,Lumix DMC GF6,872,400,373.0,218.01781677472,85.4971830489098,35.831459546167
Panasonic,Lumix DMC GF6,872,400,373.0,218.99103212275,85.87883612656863,35.850956664973
Panasonic,Lumix DMC GF6,872,400,373.0,219.96424747079,86.26048920423138,35.870366655639
Panasonic,Lumix DMC GF6,872,400,373.0,220.93746281882,86.64214228189019,35.889690293318
Panasonic,Lumix DMC GF6,872,400,373.0,221.91067816685,87.02379535954901,35.908928342871
Panasonic,Lumix DMC GF6,872,400,373.0,222.88389351489,87.40544843721176,35.928081559038
Panasonic,Lumix DMC GF6,872,400,373.0,223.85710886292,87.78710151487059,35.947150686624
Panasonic,Lumix DMC GF6,872,400,373.0,224.83032421096,88.16875459253333,35.966136460668
Panasonic,Lumix DMC GF6,872,400,373.0,225.80353955899,88.55040767019216,35.985039606614
Panasonic,Lumix DMC GF6,872,400,373.0,226.77675490702,88.93206074785098,36.003860840478
Panasonic,Lumix DMC GF6,872,400,373.0,227.74997025506,89.31371382551372,36.02260086901
Panasonic,Lumix DMC GF6,872,400,373.0,228.72318560309,89.69536690317254,36.041260389854
Panasonic,Lumix DMC GF6,872,400,373.0,229.69640095112,90.07701998083138,36.059840091702
Panasonic,Lumix DMC GF6,872,400,373.0,230.66961629916,90.45867305849413,36.078340654448
Panasonic,Lumix DMC GF6,872,400,373.0,231.64283164719,90.84032613615295,36.096762749337
Panasonic,Lumix DMC GF6,872,400,373.0,232.61604699522,91.22197921381176,36.115107039111
Panasonic,Lumix DMC GF6,872,400,373.0,233.58926234326,91.60363229147451,36.133374178151
Panasonic,Lumix DMC GF6,872,400,373.0,234.56247769129,91.98528536913334,36.151564812619
Panasonic,Lumix DMC GF6,872,400,373.0,235.53569303933,92.36693844679607,36.169679580593
Panasonic,Lumix DMC GF6,872,400,373.0,236.50890838736,92.74859152445491,36.187719112204
Panasonic,Lumix DMC GF6,872,400,373.0,237.48212373539,93.13024460211372,36.205684029763
Panasonic,Lumix DMC GF6,872,400,373.0,238.45533908343,93.51189767977647,36.223574947894
Panasonic,Lumix DMC GF6,872,400,373.0,239.42855443146,93.89355075743528,36.241392473659
Panasonic,Lumix DMC GF6,872,400,373.0,240.40176977949,94.27520383509412,36.259137206679
Panasonic,Lumix DMC GF6,872,400,373.0,241.37498512753,94.65685691275687,36.276809739261
Panasonic,Lumix DMC GF6,872,400,373.0,242.34820047556,95.03850999041569,36.294410656508
Panasonic,Lumix DMC GF6,872,400,373.0,243.3214158236,95.42016306807844,36.311940536444
Panasonic,Lumix DMC GF6,872,400,373.0,244.29463117163,95.80181614573725,36.329399950121
Panasonic,Lumix DMC GF6,872,400,373.0,245.26784651966,96.18346922339607,36.346789461735
Panasonic,Lumix DMC GF6,872,400,373.0,246.2410618677,96.56512230105882,36.364109628733
Panasonic,Lumix DMC GF6,872,400,373.0,247.21427721573,96.94677537871765,36.381361001921
Panasonic,Lumix DMC GF6,872,400,373.0,248.18749256376,97.32842845637647,36.398544125569
Panasonic,Lumix DMC GF6,872,400,373.0,249.1607079118,97.7100815340392,36.415659537514
Panasonic,Lumix DMC GF6,872,400,373.0,250.13392325983,98.09173461169803,36.43270776926
Panasonic,Lumix DMC GF6,872,400,373.0,251.10713860786,98.47338768935685,36.44968934608
Panasonic,Lumix DMC GF6,872,400,373.0,252.0803539559,98.8550407670196,36.46660478711
Panasonic,Lumix DMC GF6,872,400,373.0,253.05356930393,99.23669384467844,36.483454605444
Panasonic,Lumix DMC GF6,872,400,373.0,254.02678465197,99.61834692234117,36.50023930823
Panasonic,Lumix DMC GF6,872,400,373.0,255,100.0,36.516959396759
Panasonic,Lumix DMC GF6,872,800,815.0,0.5002997606511,0.19619598456905885,0
Panasonic,Lumix DMC GF6,872,800,815.0,0.76256212880081,0.299043972078749,3.2045395341912
Panasonic,Lumix DMC GF6,872,800,815.0,1.6416485411202,0.6437837416157647,8.6119444458753
Panasonic,Lumix DMC GF6,872,800,815.0,3.3981282591817,1.3325993173261568,13.168315664049
Panasonic,Lumix DMC GF6,872,800,815.0,7.3505299119481,2.8825607497835684,17.437726352966
Panasonic,Lumix DMC GF6,872,800,815.0,14.615809035681,5.731689817914118,20.883578707527
Panasonic,Lumix DMC GF6,872,800,815.0,15.589024383715,6.11334289557451,21.194354496958
Panasonic,Lumix DMC GF6,872,800,815.0,16.562239731749,6.494995973234902,21.484732184435
Panasonic,Lumix DMC GF6,872,800,815.0,17.535455079782,6.876649050894902,21.757195296405
Panasonic,Lumix DMC GF6,872,800,815.0,18.508670427816,7.258302128555294,22.013803357565
Panasonic,Lumix DMC GF6,872,800,815.0,19.48188577585,7.639955206215686,22.256282655946
Panasonic,Lumix DMC GF6,872,800,815.0,20.455101123883,8.021608283875686,22.486094060335
Panasonic,Lumix DMC GF6,872,800,815.0,21.428316471917,8.403261361536078,22.704484493493
Panasonic,Lumix DMC GF6,872,800,815.0,22.401531819951,8.78491443919647,22.912526555094
Panasonic,Lumix DMC GF6,872,800,815.0,23.374747167984,9.166567516856471,23.11114941366
Panasonic,Lumix DMC GF6,872,800,815.0,24.347962516018,9.548220594516863,23.301163171559
Panasonic,Lumix DMC GF6,872,800,815.0,25.321177864052,9.929873672177255,23.48327828584
Panasonic,Lumix DMC GF6,872,800,815.0,26.294393212085,10.311526749837254,23.658121198365
Panasonic,Lumix DMC GF6,872,800,815.0,27.267608560119,10.693179827497648,23.826247027255
Panasonic,Lumix DMC GF6,872,800,815.0,28.240823908153,11.07483290515804,23.988149956821
Panasonic,Lumix DMC GF6,872,800,815.0,29.214039256186,11.45648598281804,24.144271807968
Panasonic,Lumix DMC GF6,872,800,815.0,30.18725460422,11.838139060478433,24.295009157516
Panasonic,Lumix DMC GF6,872,800,815.0,31.160469952254,12.219792138138825,24.44071929088
Panasonic,Lumix DMC GF6,872,800,815.0,32.133685300288,12.601445215799215,24.581725209681
Panasonic,Lumix DMC GF6,872,800,815.0,33.106900648321,12.983098293459216,24.718319868391
Panasonic,Lumix DMC GF6,872,800,815.0,34.080115996355,13.364751371119606,24.850769777852
Panasonic,Lumix DMC GF6,872,800,815.0,35.053331344389,13.74640444878,24.979318085681
Panasonic,Lumix DMC GF6,872,800,815.0,36.026546692422,14.128057526440003,25.104187221913
Panasonic,Lumix DMC GF6,872,800,815.0,36.999762040456,14.509710604100393,25.225581181347
Panasonic,Lumix DMC GF6,872,800,815.0,37.97297738849,14.891363681760787,25.343687500733
Panasonic,Lumix DMC GF6,872,800,815.0,38.946192736523,15.273016759420784,25.458678978401
Panasonic,Lumix DMC GF6,872,800,815.0,39.919408084557,15.654669837081176,25.570715175493
Panasonic,Lumix DMC GF6,872,800,815.0,40.892623432591,16.036322914741568,25.679943731185
Panasonic,Lumix DMC GF6,872,800,815.0,41.865838780624,16.41797599240157,25.786501518852
Panasonic,Lumix DMC GF6,872,800,815.0,42.839054128658,16.79962907006196,25.890515665674
Panasonic,Lumix DMC GF6,872,800,815.0,43.812269476692,17.181282147722353,25.992104454546
Panasonic,Lumix DMC GF6,872,800,815.0,44.785484824725,17.562935225382354,26.091378124213
Panasonic,Lumix DMC GF6,872,800,815.0,45.758700172759,17.944588303042742,26.188439581082
Panasonic,Lumix DMC GF6,872,800,815.0,46.731915520793,18.326241380703138,26.283385034138
Panasonic,Lumix DMC GF6,872,800,815.0,47.705130868826,18.707894458363135,26.37630456271
Panasonic,Lumix DMC GF6,872,800,815.0,48.67834621686,19.08954753602353,26.467282625413
Panasonic,Lumix DMC GF6,872,800,815.0,49.651561564894,19.471200613683923,26.556398517435
Panasonic,Lumix DMC GF6,872,800,815.0,50.624776912927,19.85285369134392,26.643726782307
Panasonic,Lumix DMC GF6,872,800,815.0,51.597992260961,20.234506769004316,26.729337583498
Panasonic,Lumix DMC GF6,872,800,815.0,52.571207608995,20.616159846664708,26.813297040428
Panasonic,Lumix DMC GF6,872,800,815.0,53.544422957028,20.997812924324705,26.895667532915
Panasonic,Lumix DMC GF6,872,800,815.0,54.517638305062,21.379466001985097,26.976507977539
Panasonic,Lumix DMC GF6,872,800,815.0,55.490853653096,21.761119079645493,27.055874078977
Panasonic,Lumix DMC GF6,872,800,815.0,56.464069001129,22.14277215730549,27.133818558966
Panasonic,Lumix DMC GF6,872,800,815.0,57.437284349163,22.524425234965882,27.210391365257
Panasonic,Lumix DMC GF6,872,800,815.0,58.410499697197,22.906078312626274,27.285639862604
Panasonic,Lumix DMC GF6,872,800,815.0,59.38371504523,23.28773139028627,27.359609007612
Panasonic,Lumix DMC GF6,872,800,815.0,60.356930393264,23.669384467946667,27.432341509058
Panasonic,Lumix DMC GF6,872,800,815.0,61.330145741298,24.051037545607056,27.503877975107
Panasonic,Lumix DMC GF6,872,800,815.0,62.303361089331,24.43269062326706,27.574257048673
Panasonic,Lumix DMC GF6,872,800,815.0,63.276576437365,24.814343700927452,27.643515532073
Panasonic,Lumix DMC GF6,872,800,815.0,64.249791785399,25.195996778587844,27.711688501953
Panasonic,Lumix DMC GF6,872,800,815.0,65.223007133433,25.577649856248236,27.778809415402
Panasonic,Lumix DMC GF6,872,800,815.0,66.196222481466,25.959302933908234,27.84491020803
Panasonic,Lumix DMC GF6,872,800,815.0,67.1694378295,26.34095601156863,27.910021384745
Panasonic,Lumix DMC GF6,872,800,815.0,68.142653177534,26.72260908922902,27.974172103872
Panasonic,Lumix DMC GF6,872,800,815.0,69.115868525567,27.104262166889022,28.037390255171
Panasonic,Lumix DMC GF6,872,800,815.0,70.089083873601,27.485915244549414,28.099702532305
Panasonic,Lumix DMC GF6,872,800,815.0,71.062299221635,27.867568322209806,28.1611345002
Panasonic,Lumix DMC GF6,872,800,815.0,72.035514569668,28.2492213998698,28.221710657741
Panasonic,Lumix DMC GF6,872,800,815.0,73.008729917702,28.630874477530195,28.281454496175
Panasonic,Lumix DMC GF6,872,800,815.0,73.981945265736,29.012527555190587,28.340388553569
Panasonic,Lumix DMC GF6,872,800,815.0,74.955160613769,29.394180632850585,28.398534465647
Panasonic,Lumix DMC GF6,872,800,815.0,75.928375961803,29.77583371051098,28.455913013282
Panasonic,Lumix DMC GF6,872,800,815.0,76.901591309837,30.157486788171372,28.512544166906
Panasonic,Lumix DMC GF6,872,800,815.0,77.87480665787,30.539139865831373,28.568447128075
Panasonic,Lumix DMC GF6,872,800,815.0,78.848022005904,30.920792943491765,28.62364036841
Panasonic,Lumix DMC GF6,872,800,815.0,79.821237353938,31.302446021152157,28.678141666098
Panasonic,Lumix DMC GF6,872,800,815.0,80.794452701971,31.68409909881216,28.731968140147
Panasonic,Lumix DMC GF6,872,800,815.0,81.767668050005,32.06575217647255,28.78513628255
Panasonic,Lumix DMC GF6,872,800,815.0,82.740883398039,32.447405254132946,28.837661988515
Panasonic,Lumix DMC GF6,872,800,815.0,83.714098746072,32.829058331792936,28.889560584891
Panasonic,Lumix DMC GF6,872,800,815.0,84.687314094106,33.21071140945333,28.940846856932
Panasonic,Lumix DMC GF6,872,800,815.0,85.66052944214,33.59236448711373,28.991535073492
Panasonic,Lumix DMC GF6,872,800,815.0,86.633744790173,33.974017564773725,29.041639010784
Panasonic,Lumix DMC GF6,872,800,815.0,87.606960138207,34.35567064243411,29.091171974786
Panasonic,Lumix DMC GF6,872,800,815.0,88.580175486241,34.73732372009451,29.140146822383
Panasonic,Lumix DMC GF6,872,800,815.0,89.553390834274,35.118976797754506,29.188575981341
Panasonic,Lumix DMC GF6,872,800,815.0,90.526606182308,35.5006298754149,29.236471469182
Panasonic,Lumix DMC GF6,872,800,815.0,91.499821530342,35.8822829530753,29.283844911031
Panasonic,Lumix DMC GF6,872,800,815.0,92.473036878375,36.263936030735294,29.330707556506
Panasonic,Lumix DMC GF6,872,800,815.0,93.446252226409,36.64558910839569,29.377070295707
Panasonic,Lumix DMC GF6,872,800,815.0,94.419467574443,37.02724218605608,29.422943674365
Panasonic,Lumix DMC GF6,872,800,815.0,95.392682922476,37.40889526371608,29.468337908205
Panasonic,Lumix DMC GF6,872,800,815.0,96.36589827051,37.79054834137647,29.513262896558
Panasonic,Lumix DMC GF6,872,800,815.0,97.339113618544,38.17220141903687,29.557728235293
Panasonic,Lumix DMC GF6,872,800,815.0,98.312328966578,38.553854496697255,29.601743229083
Panasonic,Lumix DMC GF6,872,800,815.0,99.285544314611,38.93550757435725,29.645316903065
Panasonic,Lumix DMC GF6,872,800,815.0,100.25875966264,39.31716065201569,29.688458013919
Panasonic,Lumix DMC GF6,872,800,815.0,101.23197501068,39.698813729678434,29.731175060408
Panasonic,Lumix DMC GF6,872,800,815.0,102.20519035871,40.08046680733726,29.773476293398
Panasonic,Lumix DMC GF6,872,800,815.0,103.17840570675,40.462119885,29.815369725404
Panasonic,Lumix DMC GF6,872,800,815.0,104.15162105478,40.84377296265882,29.856863139682
Panasonic,Lumix DMC GF6,872,800,815.0,105.12483640281,41.22542604031765,29.89796409888
Panasonic,Lumix DMC GF6,872,800,815.0,106.09805175085,41.6070791179804,29.938679953302
Panasonic,Lumix DMC GF6,872,800,815.0,107.07126709888,41.988732195639216,29.979017848772
Panasonic,Lumix DMC GF6,872,800,815.0,108.04448244691,42.37038527329804,30.018984734154
Panasonic,Lumix DMC GF6,872,800,815.0,109.01769779495,42.75203835096078,30.058587368512
Panasonic,Lumix DMC GF6,872,800,815.0,109.99091314298,43.133691428619606,30.097832327964
Panasonic,Lumix DMC GF6,872,800,815.0,110.96412849102,43.515344506282354,30.136726012218
Panasonic,Lumix DMC GF6,872,800,815.0,111.93734383905,43.89699758394118,30.175274650826
Panasonic,Lumix DMC GF6,872,800,815.0,112.91055918708,44.2786506616,30.213484309157
Panasonic,Lumix DMC GF6,872,800,815.0,113.88377453512,44.660303739262744,30.251360894117
Panasonic,Lumix DMC GF6,872,800,815.0,114.85698988315,45.04195681692157,30.288910159619
Panasonic,Lumix DMC GF6,872,800,815.0,115.83020523118,45.423609894580395,30.326137711815
Panasonic,Lumix DMC GF6,872,800,815.0,116.80342057922,45.805262972243135,30.363049014117
Panasonic,Lumix DMC GF6,872,800,815.0,117.77663592725,46.18691604990196,30.399649391993
Panasonic,Lumix DMC GF6,872,800,815.0,118.74985127528,46.568569127560785,30.435944037575
Panasonic,Lumix DMC GF6,872,800,815.0,119.72306662332,46.95022220522353,30.47193801407
Panasonic,Lumix DMC GF6,872,800,815.0,120.69628197135,47.33187528288235,30.507636259993
Panasonic,Lumix DMC GF6,872,800,815.0,121.66949731939,47.7135283605451,30.543043593223
Panasonic,Lumix DMC GF6,872,800,815.0,122.64271266742,48.09518143820392,30.578164714903
Panasonic,Lumix DMC GF6,872,800,815.0,123.61592801545,48.47683451586274,30.613004213178
Panasonic,Lumix DMC GF6,872,800,815.0,124.58914336349,48.85848759352549,30.647566566785
Panasonic,Lumix DMC GF6,872,800,815.0,125.56235871152,49.24014067118432,30.681856148506
Panasonic,Lumix DMC GF6,872,800,815.0,126.53557405955,49.62179374884313,30.71587722848
Panasonic,Lumix DMC GF6,872,800,815.0,127.50878940759,50.00344682650588,30.749633977389
Panasonic,Lumix DMC GF6,872,800,815.0,128.48200475562,50.38509990416471,30.783130469527
Panasonic,Lumix DMC GF6,872,800,815.0,129.45522010366,50.766752981827445,30.816370685739
Panasonic,Lumix DMC GF6,872,800,815.0,130.42843545169,51.14840605948628,30.84935851626
Panasonic,Lumix DMC GF6,872,800,815.0,131.40165079972,51.53005913714509,30.882097763446
Panasonic,Lumix DMC GF6,872,800,815.0,132.37486614776,51.91171221480785,30.914592144394
Panasonic,Lumix DMC GF6,872,800,815.0,133.34808149579,52.293365292466675,30.946845293476
Panasonic,Lumix DMC GF6,872,800,815.0,134.32129684382,52.67501837012549,30.978860764773
Panasonic,Lumix DMC GF6,872,800,815.0,135.29451219186,53.05667144778824,31.010642034423
Panasonic,Lumix DMC GF6,872,800,815.0,136.26772753989,53.43832452544706,31.042192502882
Panasonic,Lumix DMC GF6,872,800,815.0,137.24094288792,53.81997760310588,31.073515497105
Panasonic,Lumix DMC GF6,872,800,815.0,138.21415823596,54.20163068076863,31.104614272648
Panasonic,Lumix DMC GF6,872,800,815.0,139.18737358399,54.58328375842745,31.135492015696
Panasonic,Lumix DMC GF6,872,800,815.0,140.16058893203,54.964936836090196,31.16615184502
Panasonic,Lumix DMC GF6,872,800,815.0,141.13380428006,55.346589913749014,31.196596813864
Panasonic,Lumix DMC GF6,872,800,815.0,142.10701962809,55.72824299140784,31.22682991177
Panasonic,Lumix DMC GF6,872,800,815.0,143.08023497613,56.10989606907059,31.256854066332
Panasonic,Lumix DMC GF6,872,800,815.0,144.05345032416,56.49154914672941,31.286672144901
Panasonic,Lumix DMC GF6,872,800,815.0,145.02666567219,56.873202224388244,31.316286956224
Panasonic,Lumix DMC GF6,872,800,815.0,145.99988102023,57.25485530205098,31.345701252027
Panasonic,Lumix DMC GF6,872,800,815.0,146.97309636826,57.6365083797098,31.374917728554
Panasonic,Lumix DMC GF6,872,800,815.0,147.9463117163,58.01816145737254,31.403939028042
Panasonic,Lumix DMC GF6,872,800,815.0,148.91952706433,58.39981453503137,31.432767740156
Panasonic,Lumix DMC GF6,872,800,815.0,149.89274241236,58.7814676126902,31.461406403374
Panasonic,Lumix DMC GF6,872,800,815.0,150.8659577604,59.16312069035294,31.489857506327
Panasonic,Lumix DMC GF6,872,800,815.0,151.83917310843,59.54477376801176,31.518123489096
Panasonic,Lumix DMC GF6,872,800,815.0,152.81238845646,59.92642684567059,31.546206744465
Panasonic,Lumix DMC GF6,872,800,815.0,153.7856038045,60.30807992333334,31.574109619135
Panasonic,Lumix DMC GF6,872,800,815.0,154.75881915253,60.68973300099216,31.601834414901
Panasonic,Lumix DMC GF6,872,800,815.0,155.73203450056,61.07138607865098,31.629383389789
Panasonic,Lumix DMC GF6,872,800,815.0,156.7052498486,61.45303915631373,31.656758759159
Panasonic,Lumix DMC GF6,872,800,815.0,157.67846519663,61.83469223397255,31.683962696773
Panasonic,Lumix DMC GF6,872,800,815.0,158.65168054467,62.216345311635294,31.710997335829
Panasonic,Lumix DMC GF6,872,800,815.0,159.6248958927,62.59799838929412,31.737864769966
Panasonic,Lumix DMC GF6,872,800,815.0,160.59811124073,62.97965146695294,31.764567054232
Panasonic,Lumix DMC GF6,872,800,815.0,161.57132658877,63.36130454461569,31.79110620603
Panasonic,Lumix DMC GF6,872,800,815.0,162.5445419368,63.74295762227451,31.817484206029
Panasonic,Lumix DMC GF6,872,800,815.0,163.51775728483,64.12461069993334,31.843702999055
Panasonic,Lumix DMC GF6,872,800,815.0,164.49097263287,64.50626377759609,31.869764494942
Panasonic,Lumix DMC GF6,872,800,815.0,165.4641879809,64.8879168552549,31.895670569376
Panasonic,Lumix DMC GF6,872,800,815.0,166.43740332893,65.26956993291373,31.921423064697
Panasonic,Lumix DMC GF6,872,800,815.0,167.41061867697,65.65122301057646,31.947023790687
Panasonic,Lumix DMC GF6,872,800,815.0,168.383834025,66.0328760882353,31.972474525334
Panasonic,Lumix DMC GF6,872,800,815.0,169.35704937304,66.41452916589805,31.997777015569
Panasonic,Lumix DMC GF6,872,800,815.0,170.33026472107,66.79618224355686,32.022932977987
Panasonic,Lumix DMC GF6,872,800,815.0,171.3034800691,67.17783532121568,32.047944099546
Panasonic,Lumix DMC GF6,872,800,815.0,172.27669541714,67.55948839887843,32.072812038245
Panasonic,Lumix DMC GF6,872,800,815.0,173.24991076517,67.94114147653725,32.097538423779
Panasonic,Lumix DMC GF6,872,800,815.0,174.2231261132,68.3227945541961,32.122124858185
Panasonic,Lumix DMC GF6,872,800,815.0,175.19634146124,68.70444763185883,32.146572916462
Panasonic,Lumix DMC GF6,872,800,815.0,176.16955680927,69.08610070951765,32.170884147173
Panasonic,Lumix DMC GF6,872,800,815.0,177.14277215731,69.46775378718038,32.195060073039
Panasonic,Lumix DMC GF6,872,800,815.0,178.11598750534,69.84940686483921,32.219102191507
Panasonic,Lumix DMC GF6,872,800,815.0,179.08920285337,70.23105994249804,32.243011975305
Panasonic,Lumix DMC GF6,872,800,815.0,180.06241820141,70.61271302016078,32.266790872986
Panasonic,Lumix DMC GF6,872,800,815.0,181.03563354944,70.99436609781961,32.290440309453
Panasonic,Lumix DMC GF6,872,800,815.0,182.00884889747,71.37601917547842,32.31396168647
Panasonic,Lumix DMC GF6,872,800,815.0,182.98206424551,71.75767225314118,32.337356383163
Panasonic,Lumix DMC GF6,872,800,815.0,183.95527959354,72.1393253308,32.360625756501
Panasonic,Lumix DMC GF6,872,800,815.0,184.92849494157,72.52097840845883,32.38377114177
Panasonic,Lumix DMC GF6,872,800,815.0,185.90171028961,72.90263148612158,32.406793853033
Panasonic,Lumix DMC GF6,872,800,815.0,186.87492563764,73.28428456378039,32.429695183575
Panasonic,Lumix DMC GF6,872,800,815.0,187.84814098568,73.66593764144314,32.452476406343
Panasonic,Lumix DMC GF6,872,800,815.0,188.82135633371,74.04759071910196,32.475138774366
Panasonic,Lumix DMC GF6,872,800,815.0,189.79457168174,74.42924379676079,32.497683521169
Panasonic,Lumix DMC GF6,872,800,815.0,190.76778702978,74.81089687442353,32.520111861176
Panasonic,Lumix DMC GF6,872,800,815.0,191.74100237781,75.19254995208236,32.542424990105
Panasonic,Lumix DMC GF6,872,800,815.0,192.71421772584,75.57420302974117,32.564624085347
Panasonic,Lumix DMC GF6,872,800,815.0,193.68743307388,75.95585610740392,32.586710306337
Panasonic,Lumix DMC GF6,872,800,815.0,194.66064842191,76.33750918506274,32.608684794923
Panasonic,Lumix DMC GF6,872,800,815.0,195.63386376995,76.71916226272549,32.630548675714
Panasonic,Lumix DMC GF6,872,800,815.0,196.60707911798,77.10081534038432,32.652303056428
Panasonic,Lumix DMC GF6,872,800,815.0,197.58029446601,77.48246841804314,32.67394902823
Panasonic,Lumix DMC GF6,872,800,815.0,198.55350981405,77.86412149570587,32.695487666056
Panasonic,Lumix DMC GF6,872,800,815.0,199.52672516208,78.2457745733647,32.716920028937
Panasonic,Lumix DMC GF6,872,800,815.0,200.49994051011,78.62742765102352,32.738247160309
Panasonic,Lumix DMC GF6,872,800,815.0,201.47315585815,79.00908072868627,32.759470088318
Panasonic,Lumix DMC GF6,872,800,815.0,202.44637120618,79.39073380634511,32.780589826119
Panasonic,Lumix DMC GF6,872,800,815.0,203.41958655421,79.77238688400394,32.801607372164
Panasonic,Lumix DMC GF6,872,800,815.0,204.39280190225,80.15403996166667,32.822523710483
Panasonic,Lumix DMC GF6,872,800,815.0,205.36601725028,80.5356930393255,32.843339810968
Panasonic,Lumix DMC GF6,872,800,815.0,206.33923259832,80.91734611698823,32.864056629633
Panasonic,Lumix DMC GF6,872,800,815.0,207.31244794635,81.29899919464705,32.884675108886
Panasonic,Lumix DMC GF6,872,800,815.0,208.28566329438,81.68065227230588,32.905196177777
Panasonic,Lumix DMC GF6,872,800,815.0,209.25887864242,82.06230534996863,32.92562075226
Panasonic,Lumix DMC GF6,872,800,815.0,210.23209399045,82.44395842762745,32.945949735427
Panasonic,Lumix DMC GF6,872,800,815.0,211.20530933848,82.82561150528626,32.966184017756
Panasonic,Lumix DMC GF6,872,800,815.0,212.17852468652,83.20726458294902,32.986324477341
Panasonic,Lumix DMC GF6,872,800,815.0,213.15174003455,83.58891766060785,33.006371980119
Panasonic,Lumix DMC GF6,872,800,815.0,214.12495538259,83.9705707382706,33.026327380099
Panasonic,Lumix DMC GF6,872,800,815.0,215.09817073062,84.35222381592942,33.046191519574
Panasonic,Lumix DMC GF6,872,800,815.0,216.07138607865,84.73387689358823,33.065965229338
Panasonic,Lumix DMC GF6,872,800,815.0,217.04460142669,85.11552997125098,33.085649328892
Panasonic,Lumix DMC GF6,872,800,815.0,218.01781677472,85.4971830489098,33.105244626649
Panasonic,Lumix DMC GF6,872,800,815.0,218.99103212275,85.87883612656863,33.124751920136
Panasonic,Lumix DMC GF6,872,800,815.0,219.96424747079,86.26048920423138,33.144171996181
Panasonic,Lumix DMC GF6,872,800,815.0,220.93746281882,86.64214228189019,33.163505631111
Panasonic,Lumix DMC GF6,872,800,815.0,221.91067816685,87.02379535954901,33.182753590934
Panasonic,Lumix DMC GF6,872,800,815.0,222.88389351489,87.40544843721176,33.201916631523
Panasonic,Lumix DMC GF6,872,800,815.0,223.85710886292,87.78710151487059,33.220995498792
Panasonic,Lumix DMC GF6,872,800,815.0,224.83032421096,88.16875459253333,33.239990928872
Panasonic,Lumix DMC GF6,872,800,815.0,225.80353955899,88.55040767019216,33.25890364828
Panasonic,Lumix DMC GF6,872,800,815.0,226.77675490702,88.93206074785098,33.277734374087
Panasonic,Lumix DMC GF6,872,800,815.0,227.74997025506,89.31371382551372,33.296483814079
Panasonic,Lumix DMC GF6,872,800,815.0,228.72318560309,89.69536690317254,33.31515266692
Panasonic,Lumix DMC GF6,872,800,815.0,229.69640095112,90.07701998083138,33.333741622304
Panasonic,Lumix DMC GF6,872,800,815.0,230.66961629916,90.45867305849413,33.35225136111
Panasonic,Lumix DMC GF6,872,800,815.0,231.64283164719,90.84032613615295,33.370682555553
Panasonic,Lumix DMC GF6,872,800,815.0,232.61604699522,91.22197921381176,33.389035869327
Panasonic,Lumix DMC GF6,872,800,815.0,233.58926234326,91.60363229147451,33.40731195775
Panasonic,Lumix DMC GF6,872,800,815.0,234.56247769129,91.98528536913334,33.425511467907
Panasonic,Lumix DMC GF6,872,800,815.0,235.53569303933,92.36693844679607,33.443635038781
Panasonic,Lumix DMC GF6,872,800,815.0,236.50890838736,92.74859152445491,33.461683301394
Panasonic,Lumix DMC GF6,872,800,815.0,237.48212373539,93.13024460211372,33.479656878937
Panasonic,Lumix DMC GF6,872,800,815.0,238.45533908343,93.51189767977647,33.497556386895
Panasonic,Lumix DMC GF6,872,800,815.0,239.42855443146,93.89355075743528,33.515382433179
Panasonic,Lumix DMC GF6,872,800,815.0,240.40176977949,94.27520383509412,33.533135618247
Panasonic,Lumix DMC GF6,872,800,815.0,241.37498512753,94.65685691275687,33.550816535226
Panasonic,Lumix DMC GF6,872,800,815.0,242.34820047556,95.03850999041569,33.568425770031
Panasonic,Lumix DMC GF6,872,800,815.0,243.3214158236,95.42016306807844,33.585963901478
Panasonic,Lumix DMC GF6,872,800,815.0,244.29463117163,95.80181614573725,33.603431501406
Panasonic,Lumix DMC GF6,872,800,815.0,245.26784651966,96.18346922339607,33.62082913478
Panasonic,Lumix DMC GF6,872,800,815.0,246.2410618677,96.56512230105882,33.638157359808
Panasonic,Lumix DMC GF6,872,800,815.0,247.21427721573,96.94677537871765,33.655416728041
Panasonic,Lumix DMC GF6,872,800,815.0,248.18749256376,97.32842845637647,33.672607784486
Panasonic,Lumix DMC GF6,872,800,815.0,249.1607079118,97.7100815340392,33.689731067704
Panasonic,Lumix DMC GF6,872,800,815.0,250.13392325983,98.09173461169803,33.706787109912
Panasonic,Lumix DMC GF6,872,800,815.0,251.10713860786,98.47338768935685,33.723776437085
Panasonic,Lumix DMC GF6,872,800,815.0,252.0803539559,98.8550407670196,33.74069956905
Panasonic,Lumix DMC GF6,872,800,815.0,253.05356930393,99.23669384467844,33.757557019582
Panasonic,Lumix DMC GF6,872,800,815.0,254.02678465197,99.61834692234117,33.774349296498
Panasonic,Lumix DMC GF6,872,800,815.0,255,100.0,33.791076901752
Panasonic,Lumix DMC GF6,872,1600,1514.0,0.76256212880081,0.299043972078749,0
Panasonic,Lumix DMC GF6,872,1600,1514.0,1.6416485411202,0.6437837416157647,5.4616849099405
Panasonic,Lumix DMC GF6,872,1600,1514.0,3.3981282591817,1.3325993173261568,10.072903554536
Panasonic,Lumix DMC GF6,872,1600,1514.0,7.3505299119481,2.8825607497835684,14.389847239488
Panasonic,Lumix DMC GF6,872,1600,1514.0,14.615809035681,5.731689817914118,17.863853086082
Panasonic,Lumix DMC GF6,872,1600,1514.0,15.589024383715,6.11334289557451,18.176627170053
Panasonic,Lumix DMC GF6,872,1600,1514.0,16.562239731749,6.494995973234902,18.46879287498
Panasonic,Lumix DMC GF6,872,1600,1514.0,17.535455079782,6.876649050894902,18.742865259073
Panasonic,Lumix DMC GF6,872,1600,1514.0,18.508670427816,7.258302128555294,19.000929374498
Panasonic,Lumix DMC GF6,872,1600,1514.0,19.48188577585,7.639955206215686,19.244732396697
Panasonic,Lumix DMC GF6,872,1600,1514.0,20.455101123883,8.021608283875686,19.475752450247
Panasonic,Lumix DMC GF6,872,1600,1514.0,21.428316471917,8.403261361536078,19.69525083848
Panasonic,Lumix DMC GF6,872,1600,1514.0,22.401531819951,8.78491443919647,19.904312241319
Panasonic,Lumix DMC GF6,872,1600,1514.0,23.374747167984,9.166567516856471,20.103876049482
Panasonic,Lumix DMC GF6,872,1600,1514.0,24.347962516018,9.548220594516863,20.294761073483
Panasonic,Lumix DMC GF6,872,1600,1514.0,25.321177864052,9.929873672177255,20.477685234772
Panasonic,Lumix DMC GF6,872,1600,1514.0,26.294393212085,10.311526749837254,20.653281410266
Panasonic,Lumix DMC GF6,872,1600,1514.0,27.267608560119,10.693179827497648,20.822110295309
Panasonic,Lumix DMC GF6,872,1600,1514.0,28.240823908153,11.07483290515804,20.984670931942
Panasonic,Lumix DMC GF6,872,1600,1514.0,29.214039256186,11.45648598281804,21.141409391702
Panasonic,Lumix DMC GF6,872,1600,1514.0,30.18725460422,11.838139060478433,21.292725986912
Panasonic,Lumix DMC GF6,872,1600,1514.0,31.160469952254,12.219792138138825,21.438981299099
Panasonic,Lumix DMC GF6,872,1600,1514.0,32.133685300288,12.601445215799215,21.58050124937
Panasonic,Lumix DMC GF6,872,1600,1514.0,33.106900648321,12.983098293459216,21.717581387347
Panasonic,Lumix DMC GF6,872,1600,1514.0,34.080115996355,13.364751371119606,21.850490538516
Panasonic,Lumix DMC GF6,872,1600,1514.0,35.053331344389,13.74640444878,21.979473921534
Panasonic,Lumix DMC GF6,872,1600,1514.0,36.026546692422,14.128057526440003,22.104755825092
Panasonic,Lumix DMC GF6,872,1600,1514.0,36.999762040456,14.509710604100393,22.226541916811
Panasonic,Lumix DMC GF6,872,1600,1514.0,37.97297738849,14.891363681760787,22.345021243087
Panasonic,Lumix DMC GF6,872,1600,1514.0,38.946192736523,15.273016759420784,22.460367968142
Panasonic,Lumix DMC GF6,872,1600,1514.0,39.919408084557,15.654669837081176,22.572742891966
Panasonic,Lumix DMC GF6,872,1600,1514.0,40.892623432591,16.036322914741568,22.68229477998
Panasonic,Lumix DMC GF6,872,1600,1514.0,41.865838780624,16.41797599240157,22.789161531707
Panasonic,Lumix DMC GF6,872,1600,1514.0,42.839054128658,16.79962907006196,22.893471211257
Panasonic,Lumix DMC GF6,872,1600,1514.0,43.812269476692,17.181282147722353,22.995342958725
Panasonic,Lumix DMC GF6,872,1600,1514.0,44.785484824725,17.562935225382354,23.094887798636
Panasonic,Lumix DMC GF6,872,1600,1514.0,45.758700172759,17.944588303042742,23.192209359038
Panasonic,Lumix DMC GF6,872,1600,1514.0,46.731915520793,18.326241380703138,23.287404512831
Panasonic,Lumix DMC GF6,872,1600,1514.0,47.705130868826,18.707894458363135,23.380563951198
Panasonic,Lumix DMC GF6,872,1600,1514.0,48.67834621686,19.08954753602353,23.471772697545
Panasonic,Lumix DMC GF6,872,1600,1514.0,49.651561564894,19.471200613683923,23.561110569232
Panasonic,Lumix DMC GF6,872,1600,1514.0,50.624776912927,19.85285369134392,23.648652593287
Panasonic,Lumix DMC GF6,872,1600,1514.0,51.597992260961,20.234506769004316,23.734469381516
Panasonic,Lumix DMC GF6,872,1600,1514.0,52.571207608995,20.616159846664708,23.818627469655
Panasonic,Lumix DMC GF6,872,1600,1514.0,53.544422957028,20.997812924324705,23.901189624627
Panasonic,Lumix DMC GF6,872,1600,1514.0,54.517638305062,21.379466001985097,23.982215123426
Panasonic,Lumix DMC GF6,872,1600,1514.0,55.490853653096,21.761119079645493,24.061760006704
Panasonic,Lumix DMC GF6,872,1600,1514.0,56.464069001129,22.14277215730549,24.139877309784
Panasonic,Lumix DMC GF6,872,1600,1514.0,57.437284349163,22.524425234965882,24.216617273439
Panasonic,Lumix DMC GF6,872,1600,1514.0,58.410499697197,22.906078312626274,24.29202753654
Panasonic,Lumix DMC GF6,872,1600,1514.0,59.38371504523,23.28773139028627,24.36615331241
Panasonic,Lumix DMC GF6,872,1600,1514.0,60.356930393264,23.669384467946667,24.439037550502
Panasonic,Lumix DMC GF6,872,1600,1514.0,61.330145741298,24.051037545607056,24.510721084843
Panasonic,Lumix DMC GF6,872,1600,1514.0,62.303361089331,24.43269062326706,24.581242770525
Panasonic,Lumix DMC GF6,872,1600,1514.0,63.276576437365,24.814343700927452,24.650639609375
Panasonic,Lumix DMC GF6,872,1600,1514.0,64.249791785399,25.195996778587844,24.718946865818
Panasonic,Lumix DMC GF6,872,1600,1514.0,65.223007133433,25.577649856248236,24.786198173831
Panasonic,Lumix DMC GF6,872,1600,1514.0,66.196222481466,25.959302933908234,24.85242563581
Panasonic,Lumix DMC GF6,872,1600,1514.0,67.1694378295,26.34095601156863,24.917659914053
Panasonic,Lumix DMC GF6,872,1600,1514.0,68.142653177534,26.72260908922902,24.981930315529
Panasonic,Lumix DMC GF6,872,1600,1514.0,69.115868525567,27.104262166889022,25.045264870502
Panasonic,Lumix DMC GF6,872,1600,1514.0,70.089083873601,27.485915244549414,25.10769040554
Panasonic,Lumix DMC GF6,872,1600,1514.0,71.062299221635,27.867568322209806,25.16923261139
Panasonic,Lumix DMC GF6,872,1600,1514.0,72.035514569668,28.2492213998698,25.229916106137
Panasonic,Lumix DMC GF6,872,1600,1514.0,73.008729917702,28.630874477530195,25.289764494032
Panasonic,Lumix DMC GF6,872,1600,1514.0,73.981945265736,29.012527555190587,25.348800420356
Panasonic,Lumix DMC GF6,872,1600,1514.0,74.955160613769,29.394180632850585,25.407045622617
Panasonic,Lumix DMC GF6,872,1600,1514.0,75.928375961803,29.77583371051098,25.464520978381
Panasonic,Lumix DMC GF6,872,1600,1514.0,76.901591309837,30.157486788171372,25.521246550002
Panasonic,Lumix DMC GF6,872,1600,1514.0,77.87480665787,30.539139865831373,25.577241626474
Panasonic,Lumix DMC GF6,872,1600,1514.0,78.848022005904,30.920792943491765,25.63252476264
Panasonic,Lumix DMC GF6,872,1600,1514.0,79.821237353938,31.302446021152157,25.687113815948
Panasonic,Lumix DMC GF6,872,1600,1514.0,80.794452701971,31.68409909881216,25.741025980937
Panasonic,Lumix DMC GF6,872,1600,1514.0,81.767668050005,32.06575217647255,25.794277821619
Panasonic,Lumix DMC GF6,872,1600,1514.0,82.740883398039,32.447405254132946,25.846885301908
Panasonic,Lumix DMC GF6,872,1600,1514.0,83.714098746072,32.829058331792936,25.898863814239
Panasonic,Lumix DMC GF6,872,1600,1514.0,84.687314094106,33.21071140945333,25.950228206501
Panasonic,Lumix DMC GF6,872,1600,1514.0,85.66052944214,33.59236448711373,26.000992807404
Panasonic,Lumix DMC GF6,872,1600,1514.0,86.633744790173,33.974017564773725,26.051171450383
Panasonic,Lumix DMC GF6,872,1600,1514.0,87.606960138207,34.35567064243411,26.100777496149
Panasonic,Lumix DMC GF6,872,1600,1514.0,88.580175486241,34.73732372009451,26.14982385397
Panasonic,Lumix DMC GF6,872,1600,1514.0,89.553390834274,35.118976797754506,26.198323001763
Panasonic,Lumix DMC GF6,872,1600,1514.0,90.526606182308,35.5006298754149,26.246287005091
Panasonic,Lumix DMC GF6,872,1600,1514.0,91.499821530342,35.8822829530753,26.293727535119
Panasonic,Lumix DMC GF6,872,1600,1514.0,92.473036878375,36.263936030735294,26.340655885604
Panasonic,Lumix DMC GF6,872,1600,1514.0,93.446252226409,36.64558910839569,26.387082988985
Panasonic,Lumix DMC GF6,872,1600,1514.0,94.419467574443,37.02724218605608,26.433019431623
Panasonic,Lumix DMC GF6,872,1600,1514.0,95.392682922476,37.40889526371608,26.478475468245
Panasonic,Lumix DMC GF6,872,1600,1514.0,96.36589827051,37.79054834137647,26.523461035642
Panasonic,Lumix DMC GF6,872,1600,1514.0,97.339113618544,38.17220141903687,26.567985765673
Panasonic,Lumix DMC GF6,872,1600,1514.0,98.312328966578,38.553854496697255,26.612058997602
Panasonic,Lumix DMC GF6,872,1600,1514.0,99.285544314611,38.93550757435725,26.65568978983
Panasonic,Lumix DMC GF6,872,1600,1514.0,100.25875966264,39.31716065201569,26.698886931032
Panasonic,Lumix DMC GF6,872,1600,1514.0,101.23197501068,39.698813729678434,26.741658950756
Panasonic,Lumix DMC GF6,872,1600,1514.0,102.20519035871,40.08046680733726,26.784014129507
Panasonic,Lumix DMC GF6,872,1600,1514.0,103.17840570675,40.462119885,26.825960508339
Panasonic,Lumix DMC GF6,872,1600,1514.0,104.15162105478,40.84377296265882,26.867505897999
Panasonic,Lumix DMC GF6,872,1600,1514.0,105.12483640281,41.22542604031765,26.908657887629
Panasonic,Lumix DMC GF6,872,1600,1514.0,106.09805175085,41.6070791179804,26.949423853069
Panasonic,Lumix DMC GF6,872,1600,1514.0,107.07126709888,41.988732195639216,26.989810964771
Panasonic,Lumix DMC GF6,872,1600,1514.0,108.04448244691,42.37038527329804,27.029826195351
Panasonic,Lumix DMC GF6,872,1600,1514.0,109.01769779495,42.75203835096078,27.069476326794
Panasonic,Lumix DMC GF6,872,1600,1514.0,109.99091314298,43.133691428619606,27.108767957341
Panasonic,Lumix DMC GF6,872,1600,1514.0,110.96412849102,43.515344506282354,27.147707508062
Panasonic,Lumix DMC GF6,872,1600,1514.0,111.93734383905,43.89699758394118,27.186301229138
Panasonic,Lumix DMC GF6,872,1600,1514.0,112.91055918708,44.2786506616,27.22455520587
Panasonic,Lumix DMC GF6,872,1600,1514.0,113.88377453512,44.660303739262744,27.262475364426
Panasonic,Lumix DMC GF6,872,1600,1514.0,114.85698988315,45.04195681692157,27.300067477335
Panasonic,Lumix DMC GF6,872,1600,1514.0,115.83020523118,45.423609894580395,27.337337168756
Panasonic,Lumix DMC GF6,872,1600,1514.0,116.80342057922,45.805262972243135,27.374289919513
Panasonic,Lumix DMC GF6,872,1600,1514.0,117.77663592725,46.18691604990196,27.41093107192
Panasonic,Lumix DMC GF6,872,1600,1514.0,118.74985127528,46.568569127560785,27.447265834415
Panasonic,Lumix DMC GF6,872,1600,1514.0,119.72306662332,46.95022220522353,27.483299285986
Panasonic,Lumix DMC GF6,872,1600,1514.0,120.69628197135,47.33187528288235,27.519036380428
Panasonic,Lumix DMC GF6,872,1600,1514.0,121.66949731939,47.7135283605451,27.554481950422
Panasonic,Lumix DMC GF6,872,1600,1514.0,122.64271266742,48.09518143820392,27.589640711446
Panasonic,Lumix DMC GF6,872,1600,1514.0,123.61592801545,48.47683451586274,27.624517265539
Panasonic,Lumix DMC GF6,872,1600,1514.0,124.58914336349,48.85848759352549,27.659116104904
Panasonic,Lumix DMC GF6,872,1600,1514.0,125.56235871152,49.24014067118432,27.693441615376
Panasonic,Lumix DMC GF6,872,1600,1514.0,126.53557405955,49.62179374884313,27.727498079752
Panasonic,Lumix DMC GF6,872,1600,1514.0,127.50878940759,50.00344682650588,27.761289680994
Panasonic,Lumix DMC GF6,872,1600,1514.0,128.48200475562,50.38509990416471,27.794820505306
Panasonic,Lumix DMC GF6,872,1600,1514.0,129.45522010366,50.766752981827445,27.828094545091
Panasonic,Lumix DMC GF6,872,1600,1514.0,130.42843545169,51.14840605948628,27.861115701805
Panasonic,Lumix DMC GF6,872,1600,1514.0,131.40165079972,51.53005913714509,27.893887788692
Panasonic,Lumix DMC GF6,872,1600,1514.0,132.37486614776,51.91171221480785,27.926414533426
Panasonic,Lumix DMC GF6,872,1600,1514.0,133.34808149579,52.293365292466675,27.95869958065
Panasonic,Lumix DMC GF6,872,1600,1514.0,134.32129684382,52.67501837012549,27.990746494424
Panasonic,Lumix DMC GF6,872,1600,1514.0,135.29451219186,53.05667144778824,28.022558760578
Panasonic,Lumix DMC GF6,872,1600,1514.0,136.26772753989,53.43832452544706,28.054139788991
Panasonic,Lumix DMC GF6,872,1600,1514.0,137.24094288792,53.81997760310588,28.085492915775
Panasonic,Lumix DMC GF6,872,1600,1514.0,138.21415823596,54.20163068076863,28.11662140539
Panasonic,Lumix DMC GF6,872,1600,1514.0,139.18737358399,54.58328375842745,28.14752845268
Panasonic,Lumix DMC GF6,872,1600,1514.0,140.16058893203,54.964936836090196,28.178217184835
Panasonic,Lumix DMC GF6,872,1600,1514.0,141.13380428006,55.346589913749014,28.208690663293
Panasonic,Lumix DMC GF6,872,1600,1514.0,142.10701962809,55.72824299140784,28.238951885564
Panasonic,Lumix DMC GF6,872,1600,1514.0,143.08023497613,56.10989606907059,28.269003786999
Panasonic,Lumix DMC GF6,872,1600,1514.0,144.05345032416,56.49154914672941,28.2988492425
Panasonic,Lumix DMC GF6,872,1600,1514.0,145.02666567219,56.873202224388244,28.328491068161
Panasonic,Lumix DMC GF6,872,1600,1514.0,145.99988102023,57.25485530205098,28.357932022867
Panasonic,Lumix DMC GF6,872,1600,1514.0,146.97309636826,57.6365083797098,28.387174809829
Panasonic,Lumix DMC GF6,872,1600,1514.0,147.9463117163,58.01816145737254,28.416222078072
Panasonic,Lumix DMC GF6,872,1600,1514.0,148.91952706433,58.39981453503137,28.445076423874
Panasonic,Lumix DMC GF6,872,1600,1514.0,149.89274241236,58.7814676126902,28.473740392158
Panasonic,Lumix DMC GF6,872,1600,1514.0,150.8659577604,59.16312069035294,28.502216477833
Panasonic,Lumix DMC GF6,872,1600,1514.0,151.83917310843,59.54477376801176,28.5305071271
Panasonic,Lumix DMC GF6,872,1600,1514.0,152.81238845646,59.92642684567059,28.558614738708
Panasonic,Lumix DMC GF6,872,1600,1514.0,153.7856038045,60.30807992333334,28.586541665178
Panasonic,Lumix DMC GF6,872,1600,1514.0,154.75881915253,60.68973300099216,28.614290213975
Panasonic,Lumix DMC GF6,872,1600,1514.0,155.73203450056,61.07138607865098,28.641862648659
Panasonic,Lumix DMC GF6,872,1600,1514.0,156.7052498486,61.45303915631373,28.669261189986
Panasonic,Lumix DMC GF6,872,1600,1514.0,157.67846519663,61.83469223397255,28.696488016984
Panasonic,Lumix DMC GF6,872,1600,1514.0,158.65168054467,62.216345311635294,28.723545267988
Panasonic,Lumix DMC GF6,872,1600,1514.0,159.6248958927,62.59799838929412,28.75043504165
Panasonic,Lumix DMC GF6,872,1600,1514.0,160.59811124073,62.97965146695294,28.777159397912
Panasonic,Lumix DMC GF6,872,1600,1514.0,161.57132658877,63.36130454461569,28.803720358954
Panasonic,Lumix DMC GF6,872,1600,1514.0,162.5445419368,63.74295762227451,28.830119910111
Panasonic,Lumix DMC GF6,872,1600,1514.0,163.51775728483,64.12461069993334,28.856360000761
Panasonic,Lumix DMC GF6,872,1600,1514.0,164.49097263287,64.50626377759609,28.882442545187
Panasonic,Lumix DMC GF6,872,1600,1514.0,165.4641879809,64.8879168552549,28.908369423418
Panasonic,Lumix DMC GF6,872,1600,1514.0,166.43740332893,65.26956993291373,28.934142482039
Panasonic,Lumix DMC GF6,872,1600,1514.0,167.41061867697,65.65122301057646,28.959763534979
Panasonic,Lumix DMC GF6,872,1600,1514.0,168.383834025,66.0328760882353,28.985234364275
Panasonic,Lumix DMC GF6,872,1600,1514.0,169.35704937304,66.41452916589805,29.01055672082
Panasonic,Lumix DMC GF6,872,1600,1514.0,170.33026472107,66.79618224355686,29.035732325079
Panasonic,Lumix DMC GF6,872,1600,1514.0,171.3034800691,67.17783532121568,29.060762867792
Panasonic,Lumix DMC GF6,872,1600,1514.0,172.27669541714,67.55948839887843,29.085650010656
Panasonic,Lumix DMC GF6,872,1600,1514.0,173.24991076517,67.94114147653725,29.110395386984
Panasonic,Lumix DMC GF6,872,1600,1514.0,174.2231261132,68.3227945541961,29.135000602348
Panasonic,Lumix DMC GF6,872,1600,1514.0,175.19634146124,68.70444763185883,29.159467235206
Panasonic,Lumix DMC GF6,872,1600,1514.0,176.16955680927,69.08610070951765,29.183796837505
Panasonic,Lumix DMC GF6,872,1600,1514.0,177.14277215731,69.46775378718038,29.207990935275
Panasonic,Lumix DMC GF6,872,1600,1514.0,178.11598750534,69.84940686483921,29.2320510292
Panasonic,Lumix DMC GF6,872,1600,1514.0,179.08920285337,70.23105994249804,29.255978595178
Panasonic,Lumix DMC GF6,872,1600,1514.0,180.06241820141,70.61271302016078,29.279775084862
Panasonic,Lumix DMC GF6,872,1600,1514.0,181.03563354944,70.99436609781961,29.30344192619
Panasonic,Lumix DMC GF6,872,1600,1514.0,182.00884889747,71.37601917547842,29.326980523896
Panasonic,Lumix DMC GF6,872,1600,1514.0,182.98206424551,71.75767225314118,29.350392260013
Panasonic,Lumix DMC GF6,872,1600,1514.0,183.95527959354,72.1393253308,29.373678494358
Panasonic,Lumix DMC GF6,872,1600,1514.0,184.92849494157,72.52097840845883,29.396840565004
Panasonic,Lumix DMC GF6,872,1600,1514.0,185.90171028961,72.90263148612158,29.419879788745
Panasonic,Lumix DMC GF6,872,1600,1514.0,186.87492563764,73.28428456378039,29.44279746154
Panasonic,Lumix DMC GF6,872,1600,1514.0,187.84814098568,73.66593764144314,29.465594858953
Panasonic,Lumix DMC GF6,872,1600,1514.0,188.82135633371,74.04759071910196,29.488273236578
Panasonic,Lumix DMC GF6,872,1600,1514.0,189.79457168174,74.42924379676079,29.510833830455
Panasonic,Lumix DMC GF6,872,1600,1514.0,190.76778702978,74.81089687442353,29.533277857471
Panasonic,Lumix DMC GF6,872,1600,1514.0,191.74100237781,75.19254995208236,29.555606515755
Panasonic,Lumix DMC GF6,872,1600,1514.0,192.71421772584,75.57420302974117,29.577820985063
Panasonic,Lumix DMC GF6,872,1600,1514.0,193.68743307388,75.95585610740392,29.599922427149
Panasonic,Lumix DMC GF6,872,1600,1514.0,194.66064842191,76.33750918506274,29.621911986131
Panasonic,Lumix DMC GF6,872,1600,1514.0,195.63386376995,76.71916226272549,29.643790788846
Panasonic,Lumix DMC GF6,872,1600,1514.0,196.60707911798,77.10081534038432,29.665559945197
Panasonic,Lumix DMC GF6,872,1600,1514.0,197.58029446601,77.48246841804314,29.687220548487
Panasonic,Lumix DMC GF6,872,1600,1514.0,198.55350981405,77.86412149570587,29.708773675752
Panasonic,Lumix DMC GF6,872,1600,1514.0,199.52672516208,78.2457745733647,29.730220388082
Panasonic,Lumix DMC GF6,872,1600,1514.0,200.49994051011,78.62742765102352,29.751561730932
Panasonic,Lumix DMC GF6,872,1600,1514.0,201.47315585815,79.00908072868627,29.772798734429
Panasonic,Lumix DMC GF6,872,1600,1514.0,202.44637120618,79.39073380634511,29.793932413669
Panasonic,Lumix DMC GF6,872,1600,1514.0,203.41958655421,79.77238688400394,29.81496376901
Panasonic,Lumix DMC GF6,872,1600,1514.0,204.39280190225,80.15403996166667,29.835893786354
Panasonic,Lumix DMC GF6,872,1600,1514.0,205.36601725028,80.5356930393255,29.856723437426
Panasonic,Lumix DMC GF6,872,1600,1514.0,206.33923259832,80.91734611698823,29.877453680041
Panasonic,Lumix DMC GF6,872,1600,1514.0,207.31244794635,81.29899919464705,29.898085458373
Panasonic,Lumix DMC GF6,872,1600,1514.0,208.28566329438,81.68065227230588,29.918619703208
Panasonic,Lumix DMC GF6,872,1600,1514.0,209.25887864242,82.06230534996863,29.939057332201
Panasonic,Lumix DMC GF6,872,1600,1514.0,210.23209399045,82.44395842762745,29.959399250116
Panasonic,Lumix DMC GF6,872,1600,1514.0,211.20530933848,82.82561150528626,29.97964634907
Panasonic,Lumix DMC GF6,872,1600,1514.0,212.17852468652,83.20726458294902,29.999799508769
Panasonic,Lumix DMC GF6,872,1600,1514.0,213.15174003455,83.58891766060785,30.019859596732
Panasonic,Lumix DMC GF6,872,1600,1514.0,214.12495538259,83.9705707382706,30.03982746852
Panasonic,Lumix DMC GF6,872,1600,1514.0,215.09817073062,84.35222381592942,30.059703967952
Panasonic,Lumix DMC GF6,872,1600,1514.0,216.07138607865,84.73387689358823,30.079489927318
Panasonic,Lumix DMC GF6,872,1600,1514.0,217.04460142669,85.11552997125098,30.099186167592
Panasonic,Lumix DMC GF6,872,1600,1514.0,218.01781677472,85.4971830489098,30.118793498634
Panasonic,Lumix DMC GF6,872,1600,1514.0,218.99103212275,85.87883612656863,30.138312719387
Panasonic,Lumix DMC GF6,872,1600,1514.0,219.96424747079,86.26048920423138,30.157744618077
Panasonic,Lumix DMC GF6,872,1600,1514.0,220.93746281882,86.64214228189019,30.1770899724
Panasonic,Lumix DMC GF6,872,1600,1514.0,221.91067816685,87.02379535954901,30.196349549711
Panasonic,Lumix DMC GF6,872,1600,1514.0,222.88389351489,87.40544843721176,30.215524107207
Panasonic,Lumix DMC GF6,872,1600,1514.0,223.85710886292,87.78710151487059,30.234614392101
Panasonic,Lumix DMC GF6,872,1600,1514.0,224.83032421096,88.16875459253333,30.253621141804
Panasonic,Lumix DMC GF6,872,1600,1514.0,225.80353955899,88.55040767019216,30.272545084089
Panasonic,Lumix DMC GF6,872,1600,1514.0,226.77675490702,88.93206074785098,30.291386937262
Panasonic,Lumix DMC GF6,872,1600,1514.0,227.74997025506,89.31371382551372,30.310147410323
Panasonic,Lumix DMC GF6,872,1600,1514.0,228.72318560309,89.69536690317254,30.328827203129
Panasonic,Lumix DMC GF6,872,1600,1514.0,229.69640095112,90.07701998083138,30.347427006548
Panasonic,Lumix DMC GF6,872,1600,1514.0,230.66961629916,90.45867305849413,30.365947502614
Panasonic,Lumix DMC GF6,872,1600,1514.0,231.64283164719,90.84032613615295,30.384389364674
Panasonic,Lumix DMC GF6,872,1600,1514.0,232.61604699522,91.22197921381176,30.402753257541
Panasonic,Lumix DMC GF6,872,1600,1514.0,233.58926234326,91.60363229147451,30.421039837628
Panasonic,Lumix DMC GF6,872,1600,1514.0,234.56247769129,91.98528536913334,30.4392497531
Panasonic,Lumix DMC GF6,872,1600,1514.0,235.53569303933,92.36693844679607,30.457383644002
Panasonic,Lumix DMC GF6,872,1600,1514.0,236.50890838736,92.74859152445491,30.475442142401
Panasonic,Lumix DMC GF6,872,1600,1514.0,237.48212373539,93.13024460211372,30.493425872513
Panasonic,Lumix DMC GF6,872,1600,1514.0,238.45533908343,93.51189767977647,30.511335450836
Panasonic,Lumix DMC GF6,872,1600,1514.0,239.42855443146,93.89355075743528,30.529171486274
Panasonic,Lumix DMC GF6,872,1600,1514.0,240.40176977949,94.27520383509412,30.546934580265
Panasonic,Lumix DMC GF6,872,1600,1514.0,241.37498512753,94.65685691275687,30.564625326897
Panasonic,Lumix DMC GF6,872,1600,1514.0,242.34820047556,95.03850999041569,30.582244313032
Panasonic,Lumix DMC GF6,872,1600,1514.0,243.3214158236,95.42016306807844,30.599792118422
Panasonic,Lumix DMC GF6,872,1600,1514.0,244.29463117163,95.80181614573725,30.617269315819
Panasonic,Lumix DMC GF6,872,1600,1514.0,245.26784651966,96.18346922339607,30.634676471095
Panasonic,Lumix DMC GF6,872,1600,1514.0,246.2410618677,96.56512230105882,30.652014143343
Panasonic,Lumix DMC GF6,872,1600,1514.0,247.21427721573,96.94677537871765,30.669282884994
Panasonic,Lumix DMC GF6,872,1600,1514.0,248.18749256376,97.32842845637647,30.686483241913
Panasonic,Lumix DMC GF6,872,1600,1514.0,249.1607079118,97.7100815340392,30.703615753509
Panasonic,Lumix DMC GF6,872,1600,1514.0,250.13392325983,98.09173461169803,30.720680952837
Panasonic,Lumix DMC GF6,872,1600,1514.0,251.10713860786,98.47338768935685,30.737679366692
Panasonic,Lumix DMC GF6,872,1600,1514.0,252.0803539559,98.8550407670196,30.75461151571
Panasonic,Lumix DMC GF6,872,1600,1514.0,253.05356930393,99.23669384467844,30.771477914464
Panasonic,Lumix DMC GF6,872,1600,1514.0,254.02678465197,99.61834692234117,30.788279071558
Panasonic,Lumix DMC GF6,872,1600,1514.0,255,100.0,30.805015489717
Panasonic,Lumix DMC GF6,872,3200,3017.0,1.6416485411202,0.6437837416157647,0
Panasonic,Lumix DMC GF6,872,3200,3017.0,3.3981282591817,1.3325993173261568,5.3150910403657
Panasonic,Lumix DMC GF6,872,3200,3017.0,7.3505299119481,2.8825607497835684,10.358843227235
Panasonic,Lumix DMC GF6,872,3200,3017.0,14.615809035681,5.731689817914118,14.331090653393
Panasonic,Lumix DMC GF6,872,3200,3017.0,15.589024383715,6.11334289557451,14.681423658552
Panasonic,Lumix DMC GF6,872,3200,3017.0,16.562239731749,6.494995973234902,15.007441513977
Panasonic,Lumix DMC GF6,872,3200,3017.0,17.535455079782,6.876649050894902,15.312176324742
Panasonic,Lumix DMC GF6,872,3200,3017.0,18.508670427816,7.258302128555294,15.598138150681
Panasonic,Lumix DMC GF6,872,3200,3017.0,19.48188577585,7.639955206215686,15.867426772308
Panasonic,Lumix DMC GF6,872,3200,3017.0,20.455101123883,8.021608283875686,16.121815325056
Panasonic,Lumix DMC GF6,872,3200,3017.0,21.428316471917,8.403261361536078,16.362813841211
Panasonic,Lumix DMC GF6,872,3200,3017.0,22.401531819951,8.78491443919647,16.591718191567
Panasonic,Lumix DMC GF6,872,3200,3017.0,23.374747167984,9.166567516856471,16.809648251213
Panasonic,Lumix DMC GF6,872,3200,3017.0,24.347962516018,9.548220594516863,17.017577999106
Panasonic,Lumix DMC GF6,872,3200,3017.0,25.321177864052,9.929873672177255,17.216359501682
Panasonic,Lumix DMC GF6,872,3200,3017.0,26.294393212085,10.311526749837254,17.40674220435
Panasonic,Lumix DMC GF6,872,3200,3017.0,27.267608560119,10.693179827497648,17.589388584232
Panasonic,Lumix DMC GF6,872,3200,3017.0,28.240823908153,11.07483290515804,17.764886952779
Panasonic,Lumix DMC GF6,872,3200,3017.0,29.214039256186,11.45648598281804,17.933762005368
Panasonic,Lumix DMC GF6,872,3200,3017.0,30.18725460422,11.838139060478433,18.096483574623
Panasonic,Lumix DMC GF6,872,3200,3017.0,31.160469952254,12.219792138138825,18.253473940197
Panasonic,Lumix DMC GF6,872,3200,3017.0,32.133685300288,12.601445215799215,18.405113969872
Panasonic,Lumix DMC GF6,872,3200,3017.0,33.106900648321,12.983098293459216,18.551748307939
Panasonic,Lumix DMC GF6,872,3200,3017.0,34.080115996355,13.364751371119606,18.693689781839
Panasonic,Lumix DMC GF6,872,3200,3017.0,35.053331344389,13.74640444878,18.831223163474
Panasonic,Lumix DMC GF6,872,3200,3017.0,36.026546692422,14.128057526440003,18.964608394719
Panasonic,Lumix DMC GF6,872,3200,3017.0,36.999762040456,14.509710604100393,19.094083365669
Panasonic,Lumix DMC GF6,872,3200,3017.0,37.97297738849,14.891363681760787,19.219866317631
Panasonic,Lumix DMC GF6,872,3200,3017.0,38.946192736523,15.273016759420784,19.342157929752
Panasonic,Lumix DMC GF6,872,3200,3017.0,39.919408084557,15.654669837081176,19.461143137701
Panasonic,Lumix DMC GF6,872,3200,3017.0,40.892623432591,16.036322914741568,19.576992724454
Panasonic,Lumix DMC GF6,872,3200,3017.0,41.865838780624,16.41797599240157,19.689864716422
Panasonic,Lumix DMC GF6,872,3200,3017.0,42.839054128658,16.79962907006196,19.799905612685
Panasonic,Lumix DMC GF6,872,3200,3017.0,43.812269476692,17.181282147722353,19.907251470578
Panasonic,Lumix DMC GF6,872,3200,3017.0,44.785484824725,17.562935225382354,20.012028867228
Panasonic,Lumix DMC GF6,872,3200,3017.0,45.758700172759,17.944588303042742,20.114355753574
Panasonic,Lumix DMC GF6,872,3200,3017.0,46.731915520793,18.326241380703138,20.214342214913
Panasonic,Lumix DMC GF6,872,3200,3017.0,47.705130868826,18.707894458363135,20.312091149942
Panasonic,Lumix DMC GF6,872,3200,3017.0,48.67834621686,19.08954753602353,20.40769887848
Panasonic,Lumix DMC GF6,872,3200,3017.0,49.651561564894,19.471200613683923,20.501255686661
Panasonic,Lumix DMC GF6,872,3200,3017.0,50.624776912927,19.85285369134392,20.592846317106
Panasonic,Lumix DMC GF6,872,3200,3017.0,51.597992260961,20.234506769004316,20.682550410586
Panasonic,Lumix DMC GF6,872,3200,3017.0,52.571207608995,20.616159846664708,20.770442904793
Panasonic,Lumix DMC GF6,872,3200,3017.0,53.544422957028,20.997812924324705,20.856594395114
Panasonic,Lumix DMC GF6,872,3200,3017.0,54.517638305062,21.379466001985097,20.941071461626
Panasonic,Lumix DMC GF6,872,3200,3017.0,55.490853653096,21.761119079645493,21.023936966054
Panasonic,Lumix DMC GF6,872,3200,3017.0,56.464069001129,22.14277215730549,21.1052503219
Panasonic,Lumix DMC GF6,872,3200,3017.0,57.437284349163,22.524425234965882,21.185067740611
Panasonic,Lumix DMC GF6,872,3200,3017.0,58.410499697197,22.906078312626274,21.263442456263
Panasonic,Lumix DMC GF6,872,3200,3017.0,59.38371504523,23.28773139028627,21.340424930979
Panasonic,Lumix DMC GF6,872,3200,3017.0,60.356930393264,23.669384467946667,21.41606304301
Panasonic,Lumix DMC GF6,872,3200,3017.0,61.330145741298,24.051037545607056,21.490402259207
Panasonic,Lumix DMC GF6,872,3200,3017.0,62.303361089331,24.43269062326706,21.563485793402
Panasonic,Lumix DMC GF6,872,3200,3017.0,63.276576437365,24.814343700927452,21.635354752056
Panasonic,Lumix DMC GF6,872,3200,3017.0,64.249791785399,25.195996778587844,21.706048268374
Panasonic,Lumix DMC GF6,872,3200,3017.0,65.223007133433,25.577649856248236,21.77560362597
Panasonic,Lumix DMC GF6,872,3200,3017.0,66.196222481466,25.959302933908234,21.844056373024
Panasonic,Lumix DMC GF6,872,3200,3017.0,67.1694378295,26.34095601156863,21.911440427815
Panasonic,Lumix DMC GF6,872,3200,3017.0,68.142653177534,26.72260908922902,21.977788176377
Panasonic,Lumix DMC GF6,872,3200,3017.0,69.115868525567,27.104262166889022,22.043130562981
Panasonic,Lumix DMC GF6,872,3200,3017.0,70.089083873601,27.485915244549414,22.107497174063
Panasonic,Lumix DMC GF6,872,3200,3017.0,71.062299221635,27.867568322209806,22.170916316153
Panasonic,Lumix DMC GF6,872,3200,3017.0,72.035514569668,28.2492213998698,22.23341508832
Panasonic,Lumix DMC GF6,872,3200,3017.0,73.008729917702,28.630874477530195,22.295019449577
Panasonic,Lumix DMC GF6,872,3200,3017.0,73.981945265736,29.012527555190587,22.355754281667
Panasonic,Lumix DMC GF6,872,3200,3017.0,74.955160613769,29.394180632850585,22.4156434476
Panasonic,Lumix DMC GF6,872,3200,3017.0,75.928375961803,29.77583371051098,22.474709846285
Panasonic,Lumix DMC GF6,872,3200,3017.0,76.901591309837,30.157486788171372,22.532975463556
Panasonic,Lumix DMC GF6,872,3200,3017.0,77.87480665787,30.539139865831373,22.590461419884
Panasonic,Lumix DMC GF6,872,3200,3017.0,78.848022005904,30.920792943491765,22.64718801502
Panasonic,Lumix DMC GF6,872,3200,3017.0,79.821237353938,31.302446021152157,22.703174769807
Panasonic,Lumix DMC GF6,872,3200,3017.0,80.794452701971,31.68409909881216,22.758440465368
Panasonic,Lumix DMC GF6,872,3200,3017.0,81.767668050005,32.06575217647255,22.813003179877
Panasonic,Lumix DMC GF6,872,3200,3017.0,82.740883398039,32.447405254132946,22.86688032307
Panasonic,Lumix DMC GF6,872,3200,3017.0,83.714098746072,32.829058331792936,22.920088668677
Panasonic,Lumix DMC GF6,872,3200,3017.0,84.687314094106,33.21071140945333,22.97264438492
Panasonic,Lumix DMC GF6,872,3200,3017.0,85.66052944214,33.59236448711373,23.024563063199
Panasonic,Lumix DMC GF6,872,3200,3017.0,86.633744790173,33.974017564773725,23.075859745116
Panasonic,Lumix DMC GF6,872,3200,3017.0,87.606960138207,34.35567064243411,23.126548947933
Panasonic,Lumix DMC GF6,872,3200,3017.0,88.580175486241,34.73732372009451,23.17664468858
Panasonic,Lumix DMC GF6,872,3200,3017.0,89.553390834274,35.118976797754506,23.226160506307
Panasonic,Lumix DMC GF6,872,3200,3017.0,90.526606182308,35.5006298754149,23.275109484076
Panasonic,Lumix DMC GF6,872,3200,3017.0,91.499821530342,35.8822829530753,23.323504268765
Panasonic,Lumix DMC GF6,872,3200,3017.0,92.473036878375,36.263936030735294,23.371357090279
Panasonic,Lumix DMC GF6,872,3200,3017.0,93.446252226409,36.64558910839569,23.418679779617
Panasonic,Lumix DMC GF6,872,3200,3017.0,94.419467574443,37.02724218605608,23.465483785983
Panasonic,Lumix DMC GF6,872,3200,3017.0,95.392682922476,37.40889526371608,23.511780192991
Panasonic,Lumix DMC GF6,872,3200,3017.0,96.36589827051,37.79054834137647,23.55757973401
Panasonic,Lumix DMC GF6,872,3200,3017.0,97.339113618544,38.17220141903687,23.602892806734
Panasonic,Lumix DMC GF6,872,3200,3017.0,98.312328966578,38.553854496697255,23.647729486985
Panasonic,Lumix DMC GF6,872,3200,3017.0,99.285544314611,38.93550757435725,23.692099541829
Panasonic,Lumix DMC GF6,872,3200,3017.0,100.25875966264,39.31716065201569,23.736012442023
Panasonic,Lumix DMC GF6,872,3200,3017.0,101.23197501068,39.698813729678434,23.779477373853
Panasonic,Lumix DMC GF6,872,3200,3017.0,102.20519035871,40.08046680733726,23.822503250375
Panasonic,Lumix DMC GF6,872,3200,3017.0,103.17840570675,40.462119885,23.86509872212
Panasonic,Lumix DMC GF6,872,3200,3017.0,104.15162105478,40.84377296265882,23.907272187272
Panasonic,Lumix DMC GF6,872,3200,3017.0,105.12483640281,41.22542604031765,23.949031801366
Panasonic,Lumix DMC GF6,872,3200,3017.0,106.09805175085,41.6070791179804,23.990385486518
Panasonic,Lumix DMC GF6,872,3200,3017.0,107.07126709888,41.988732195639216,24.031340940228
Panasonic,Lumix DMC GF6,872,3200,3017.0,108.04448244691,42.37038527329804,24.071905643769
Panasonic,Lumix DMC GF6,872,3200,3017.0,109.01769779495,42.75203835096078,24.11208687019
Panasonic,Lumix DMC GF6,872,3200,3017.0,109.99091314298,43.133691428619606,24.151891691953
Panasonic,Lumix DMC GF6,872,3200,3017.0,110.96412849102,43.515344506282354,24.191326988224
Panasonic,Lumix DMC GF6,872,3200,3017.0,111.93734383905,43.89699758394118,24.230399451836
Panasonic,Lumix DMC GF6,872,3200,3017.0,112.91055918708,44.2786506616,24.269115595941
Panasonic,Lumix DMC GF6,872,3200,3017.0,113.88377453512,44.660303739262744,24.307481760372
Panasonic,Lumix DMC GF6,872,3200,3017.0,114.85698988315,45.04195681692157,24.345504117722
Panasonic,Lumix DMC GF6,872,3200,3017.0,115.83020523118,45.423609894580395,24.383188679161
Panasonic,Lumix DMC GF6,872,3200,3017.0,116.80342057922,45.805262972243135,24.420541300004
Panasonic,Lumix DMC GF6,872,3200,3017.0,117.77663592725,46.18691604990196,24.457567685044
Panasonic,Lumix DMC GF6,872,3200,3017.0,118.74985127528,46.568569127560785,24.494273393647
Panasonic,Lumix DMC GF6,872,3200,3017.0,119.72306662332,46.95022220522353,24.530663844652
Panasonic,Lumix DMC GF6,872,3200,3017.0,120.69628197135,47.33187528288235,24.566744321053
Panasonic,Lumix DMC GF6,872,3200,3017.0,121.66949731939,47.7135283605451,24.602519974491
Panasonic,Lumix DMC GF6,872,3200,3017.0,122.64271266742,48.09518143820392,24.637995829566
Panasonic,Lumix DMC GF6,872,3200,3017.0,123.61592801545,48.47683451586274,24.673176787972
Panasonic,Lumix DMC GF6,872,3200,3017.0,124.58914336349,48.85848759352549,24.708067632462
Panasonic,Lumix DMC GF6,872,3200,3017.0,125.56235871152,49.24014067118432,24.742673030657
Panasonic,Lumix DMC GF6,872,3200,3017.0,126.53557405955,49.62179374884313,24.77699753871
Panasonic,Lumix DMC GF6,872,3200,3017.0,127.50878940759,50.00344682650588,24.811045604813
Panasonic,Lumix DMC GF6,872,3200,3017.0,128.48200475562,50.38509990416471,24.844821572581
Panasonic,Lumix DMC GF6,872,3200,3017.0,129.45522010366,50.766752981827445,24.878329684293
Panasonic,Lumix DMC GF6,872,3200,3017.0,130.42843545169,51.14840605948628,24.911574084016
Panasonic,Lumix DMC GF6,872,3200,3017.0,131.40165079972,51.53005913714509,24.944558820609
Panasonic,Lumix DMC GF6,872,3200,3017.0,132.37486614776,51.91171221480785,24.977287850609
Panasonic,Lumix DMC GF6,872,3200,3017.0,133.34808149579,52.293365292466675,25.009765041013
Panasonic,Lumix DMC GF6,872,3200,3017.0,134.32129684382,52.67501837012549,25.041994171956
Panasonic,Lumix DMC GF6,872,3200,3017.0,135.29451219186,53.05667144778824,25.073978939284
Panasonic,Lumix DMC GF6,872,3200,3017.0,136.26772753989,53.43832452544706,25.105722957044
Panasonic,Lumix DMC GF6,872,3200,3017.0,137.24094288792,53.81997760310588,25.137229759867
Panasonic,Lumix DMC GF6,872,3200,3017.0,138.21415823596,54.20163068076863,25.168502805282
Panasonic,Lumix DMC GF6,872,3200,3017.0,139.18737358399,54.58328375842745,25.199545475934
Panasonic,Lumix DMC GF6,872,3200,3017.0,140.16058893203,54.964936836090196,25.230361081729
Panasonic,Lumix DMC GF6,872,3200,3017.0,141.13380428006,55.346589913749014,25.260952861897
Panasonic,Lumix DMC GF6,872,3200,3017.0,142.10701962809,55.72824299140784,25.291323986995
Panasonic,Lumix DMC GF6,872,3200,3017.0,143.08023497613,56.10989606907059,25.321477560822
Panasonic,Lumix DMC GF6,872,3200,3017.0,144.05345032416,56.49154914672941,25.351416622284
Panasonic,Lumix DMC GF6,872,3200,3017.0,145.02666567219,56.873202224388244,25.381144147184
Panasonic,Lumix DMC GF6,872,3200,3017.0,145.99988102023,57.25485530205098,25.410663049954
Panasonic,Lumix DMC GF6,872,3200,3017.0,146.97309636826,57.6365083797098,25.439976185331
Panasonic,Lumix DMC GF6,872,3200,3017.0,147.9463117163,58.01816145737254,25.469086349971
Panasonic,Lumix DMC GF6,872,3200,3017.0,148.91952706433,58.39981453503137,25.497996284014
Panasonic,Lumix DMC GF6,872,3200,3017.0,149.89274241236,58.7814676126902,25.526708672592
Panasonic,Lumix DMC GF6,872,3200,3017.0,150.8659577604,59.16312069035294,25.55522614729
Panasonic,Lumix DMC GF6,872,3200,3017.0,151.83917310843,59.54477376801176,25.583551287558
Panasonic,Lumix DMC GF6,872,3200,3017.0,152.81238845646,59.92642684567059,25.61168662208
Panasonic,Lumix DMC GF6,872,3200,3017.0,153.7856038045,60.30807992333334,25.63963463009
Panasonic,Lumix DMC GF6,872,3200,3017.0,154.75881915253,60.68973300099216,25.667397742656
Panasonic,Lumix DMC GF6,872,3200,3017.0,155.73203450056,61.07138607865098,25.694978343914
Panasonic,Lumix DMC GF6,872,3200,3017.0,156.7052498486,61.45303915631373,25.722378772271
Panasonic,Lumix DMC GF6,872,3200,3017.0,157.67846519663,61.83469223397255,25.749601321561
Panasonic,Lumix DMC GF6,872,3200,3017.0,158.65168054467,62.216345311635294,25.776648242172
Panasonic,Lumix DMC GF6,872,3200,3017.0,159.6248958927,62.59799838929412,25.803521742133
Panasonic,Lumix DMC GF6,872,3200,3017.0,160.59811124073,62.97965146695294,25.830223988171
Panasonic,Lumix DMC GF6,872,3200,3017.0,161.57132658877,63.36130454461569,25.85675710673
Panasonic,Lumix DMC GF6,872,3200,3017.0,162.5445419368,63.74295762227451,25.883123184967
Panasonic,Lumix DMC GF6,872,3200,3017.0,163.51775728483,64.12461069993334,25.909324271706
Panasonic,Lumix DMC GF6,872,3200,3017.0,164.49097263287,64.50626377759609,25.935362378376
Panasonic,Lumix DMC GF6,872,3200,3017.0,165.4641879809,64.8879168552549,25.961239479911
Panasonic,Lumix DMC GF6,872,3200,3017.0,166.43740332893,65.26956993291373,25.986957515627
Panasonic,Lumix DMC GF6,872,3200,3017.0,167.41061867697,65.65122301057646,26.012518390074
Panasonic,Lumix DMC GF6,872,3200,3017.0,168.383834025,66.0328760882353,26.037923973856
Panasonic,Lumix DMC GF6,872,3200,3017.0,169.35704937304,66.41452916589805,26.063176104438
Panasonic,Lumix DMC GF6,872,3200,3017.0,170.33026472107,66.79618224355686,26.088276586921
Panasonic,Lumix DMC GF6,872,3200,3017.0,171.3034800691,67.17783532121568,26.113227194795
Panasonic,Lumix DMC GF6,872,3200,3017.0,172.27669541714,67.55948839887843,26.138029670672
Panasonic,Lumix DMC GF6,872,3200,3017.0,173.24991076517,67.94114147653725,26.162685727002
Panasonic,Lumix DMC GF6,872,3200,3017.0,174.2231261132,68.3227945541961,26.187197046757
Panasonic,Lumix DMC GF6,872,3200,3017.0,175.19634146124,68.70444763185883,26.211565284112
Panasonic,Lumix DMC GF6,872,3200,3017.0,176.16955680927,69.08610070951765,26.235792065089
Panasonic,Lumix DMC GF6,872,3200,3017.0,177.14277215731,69.46775378718038,26.259878988196
Panasonic,Lumix DMC GF6,872,3200,3017.0,178.11598750534,69.84940686483921,26.283827625042
Panasonic,Lumix DMC GF6,872,3200,3017.0,179.08920285337,70.23105994249804,26.307639520939
Panasonic,Lumix DMC GF6,872,3200,3017.0,180.06241820141,70.61271302016078,26.331316195481
Panasonic,Lumix DMC GF6,872,3200,3017.0,181.03563354944,70.99436609781961,26.354859143114
Panasonic,Lumix DMC GF6,872,3200,3017.0,182.00884889747,71.37601917547842,26.378269833684
Panasonic,Lumix DMC GF6,872,3200,3017.0,182.98206424551,71.75767225314118,26.401549712977
Panasonic,Lumix DMC GF6,872,3200,3017.0,183.95527959354,72.1393253308,26.424700203238
Panasonic,Lumix DMC GF6,872,3200,3017.0,184.92849494157,72.52097840845883,26.447722703682
Panasonic,Lumix DMC GF6,872,3200,3017.0,185.90171028961,72.90263148612158,26.470618590982
Panasonic,Lumix DMC GF6,872,3200,3017.0,186.87492563764,73.28428456378039,26.493389219757
Panasonic,Lumix DMC GF6,872,3200,3017.0,187.84814098568,73.66593764144314,26.516035923036
Panasonic,Lumix DMC GF6,872,3200,3017.0,188.82135633371,74.04759071910196,26.538560012715
Panasonic,Lumix DMC GF6,872,3200,3017.0,189.79457168174,74.42924379676079,26.560962779999
Panasonic,Lumix DMC GF6,872,3200,3017.0,190.76778702978,74.81089687442353,26.583245495838
Panasonic,Lumix DMC GF6,872,3200,3017.0,191.74100237781,75.19254995208236,26.605409411346
Panasonic,Lumix DMC GF6,872,3200,3017.0,192.71421772584,75.57420302974117,26.627455758211
Panasonic,Lumix DMC GF6,872,3200,3017.0,193.68743307388,75.95585610740392,26.649385749095
Panasonic,Lumix DMC GF6,872,3200,3017.0,194.66064842191,76.33750918506274,26.671200578023
Panasonic,Lumix DMC GF6,872,3200,3017.0,195.63386376995,76.71916226272549,26.692901420763
Panasonic,Lumix DMC GF6,872,3200,3017.0,196.60707911798,77.10081534038432,26.714489435197
Panasonic,Lumix DMC GF6,872,3200,3017.0,197.58029446601,77.48246841804314,26.73596576168
Panasonic,Lumix DMC GF6,872,3200,3017.0,198.55350981405,77.86412149570587,26.757331523392
Panasonic,Lumix DMC GF6,872,3200,3017.0,199.52672516208,78.2457745733647,26.778587826682
Panasonic,Lumix DMC GF6,872,3200,3017.0,200.49994051011,78.62742765102352,26.799735761399
Panasonic,Lumix DMC GF6,872,3200,3017.0,201.47315585815,79.00908072868627,26.820776401224
Panasonic,Lumix DMC GF6,872,3200,3017.0,202.44637120618,79.39073380634511,26.841710803981
Panasonic,Lumix DMC GF6,872,3200,3017.0,203.41958655421,79.77238688400394,26.862540011953
Panasonic,Lumix DMC GF6,872,3200,3017.0,204.39280190225,80.15403996166667,26.883265052182
Panasonic,Lumix DMC GF6,872,3200,3017.0,205.36601725028,80.5356930393255,26.903886936765
Panasonic,Lumix DMC GF6,872,3200,3017.0,206.33923259832,80.91734611698823,26.924406663141
Panasonic,Lumix DMC GF6,872,3200,3017.0,207.31244794635,81.29899919464705,26.944825214377
Panasonic,Lumix DMC GF6,872,3200,3017.0,208.28566329438,81.68065227230588,26.965143559435
Panasonic,Lumix DMC GF6,872,3200,3017.0,209.25887864242,82.06230534996863,26.985362653447
Panasonic,Lumix DMC GF6,872,3200,3017.0,210.23209399045,82.44395842762745,27.005483437975
Panasonic,Lumix DMC GF6,872,3200,3017.0,211.20530933848,82.82561150528626,27.025506841264
Panasonic,Lumix DMC GF6,872,3200,3017.0,212.17852468652,83.20726458294902,27.045433778494
Panasonic,Lumix DMC GF6,872,3200,3017.0,213.15174003455,83.58891766060785,27.065265152024
Panasonic,Lumix DMC GF6,872,3200,3017.0,214.12495538259,83.9705707382706,27.08500185163
Panasonic,Lumix DMC GF6,872,3200,3017.0,215.09817073062,84.35222381592942,27.104644754736
Panasonic,Lumix DMC GF6,872,3200,3017.0,216.07138607865,84.73387689358823,27.124194726644
Panasonic,Lumix DMC GF6,872,3200,3017.0,217.04460142669,85.11552997125098,27.143652620754
Panasonic,Lumix DMC GF6,872,3200,3017.0,218.01781677472,85.4971830489098,27.163019278781
Panasonic,Lumix DMC GF6,872,3200,3017.0,218.99103212275,85.87883612656863,27.18229553097
Panasonic,Lumix DMC GF6,872,3200,3017.0,219.96424747079,86.26048920423138,27.201482196299
Panasonic,Lumix DMC GF6,872,3200,3017.0,220.93746281882,86.64214228189019,27.220580082686
Panasonic,Lumix DMC GF6,872,3200,3017.0,221.91067816685,87.02379535954901,27.239589987186
Panasonic,Lumix DMC GF6,872,3200,3017.0,222.88389351489,87.40544843721176,27.25851269618
Panasonic,Lumix DMC GF6,872,3200,3017.0,223.85710886292,87.78710151487059,27.277348985572
Panasonic,Lumix DMC GF6,872,3200,3017.0,224.83032421096,88.16875459253333,27.296099620969
Panasonic,Lumix DMC GF6,872,3200,3017.0,225.80353955899,88.55040767019216,27.314765357865
Panasonic,Lumix DMC GF6,872,3200,3017.0,226.77675490702,88.93206074785098,27.333346941817
Panasonic,Lumix DMC GF6,872,3200,3017.0,227.74997025506,89.31371382551372,27.351845108617
Panasonic,Lumix DMC GF6,872,3200,3017.0,228.72318560309,89.69536690317254,27.370260584464
Panasonic,Lumix DMC GF6,872,3200,3017.0,229.69640095112,90.07701998083138,27.38859408613
Panasonic,Lumix DMC GF6,872,3200,3017.0,230.66961629916,90.45867305849413,27.406846321119
Panasonic,Lumix DMC GF6,872,3200,3017.0,231.64283164719,90.84032613615295,27.425017987831
Panasonic,Lumix DMC GF6,872,3200,3017.0,232.61604699522,91.22197921381176,27.443109775714
Panasonic,Lumix DMC GF6,872,3200,3017.0,233.58926234326,91.60363229147451,27.461122365415
Panasonic,Lumix DMC GF6,872,3200,3017.0,234.56247769129,91.98528536913334,27.479056428933
Panasonic,Lumix DMC GF6,872,3200,3017.0,235.53569303933,92.36693844679607,27.496912629762
Panasonic,Lumix DMC GF6,872,3200,3017.0,236.50890838736,92.74859152445491,27.514691623037
Panasonic,Lumix DMC GF6,872,3200,3017.0,237.48212373539,93.13024460211372,27.532394055666
Panasonic,Lumix DMC GF6,872,3200,3017.0,238.45533908343,93.51189767977647,27.550020566479
Panasonic,Lumix DMC GF6,872,3200,3017.0,239.42855443146,93.89355075743528,27.567571786349
Panasonic,Lumix DMC GF6,872,3200,3017.0,240.40176977949,94.27520383509412,27.585048338335
Panasonic,Lumix DMC GF6,872,3200,3017.0,241.37498512753,94.65685691275687,27.602450837801
Panasonic,Lumix DMC GF6,872,3200,3017.0,242.34820047556,95.03850999041569,27.61977989255
Panasonic,Lumix DMC GF6,872,3200,3017.0,243.3214158236,95.42016306807844,27.637036102941
Panasonic,Lumix DMC GF6,872,3200,3017.0,244.29463117163,95.80181614573725,27.654220062013
Panasonic,Lumix DMC GF6,872,3200,3017.0,245.26784651966,96.18346922339607,27.671332355603
Panasonic,Lumix DMC GF6,872,3200,3017.0,246.2410618677,96.56512230105882,27.688373562463
Panasonic,Lumix DMC GF6,872,3200,3017.0,247.21427721573,96.94677537871765,27.705344254372
Panasonic,Lumix DMC GF6,872,3200,3017.0,248.18749256376,97.32842845637647,27.722244996248
Panasonic,Lumix DMC GF6,872,3200,3017.0,249.1607079118,97.7100815340392,27.739076346258
Panasonic,Lumix DMC GF6,872,3200,3017.0,250.13392325983,98.09173461169803,27.755838855925
Panasonic,Lumix DMC GF6,872,3200,3017.0,251.10713860786,98.47338768935685,27.772533070231
Panasonic,Lumix DMC GF6,872,3200,3017.0,252.0803539559,98.8550407670196,27.789159527723
Panasonic,Lumix DMC GF6,872,3200,3017.0,253.05356930393,99.23669384467844,27.805718760612
Panasonic,Lumix DMC GF6,872,3200,3017.0,254.02678465197,99.61834692234117,27.822211294871
Panasonic,Lumix DMC GF6,872,3200,3017.0,255,100.0,27.838637650336
Panasonic,Lumix DMC GF6,872,6400,5859.0,3.3981282591817,1.3325993173261568,0
Panasonic,Lumix DMC GF6,872,6400,5859.0,7.3505299119481,2.8825607497835684,5.464383544521
Panasonic,Lumix DMC GF6,872,6400,5859.0,14.615809035681,5.731689817914118,9.8038317182854
Panasonic,Lumix DMC GF6,872,6400,5859.0,15.589024383715,6.11334289557451,10.185359460598
Panasonic,Lumix DMC GF6,872,6400,5859.0,16.562239731749,6.494995973234902,10.540007894073
Panasonic,Lumix DMC GF6,872,6400,5859.0,17.535455079782,6.876649050894902,10.871118272562
Panasonic,Lumix DMC GF6,872,6400,5859.0,18.508670427816,7.258302128555294,11.18146195256
Panasonic,Lumix DMC GF6,872,6400,5859.0,19.48188577585,7.639955206215686,11.473361085523
Panasonic,Lumix DMC GF6,872,6400,5859.0,20.455101123883,8.021608283875686,11.748779249674
Panasonic,Lumix DMC GF6,872,6400,5859.0,21.428316471917,8.403261361536078,12.009390530574
Panasonic,Lumix DMC GF6,872,6400,5859.0,22.401531819951,8.78491443919647,12.256632885834
Panasonic,Lumix DMC GF6,872,6400,5859.0,23.374747167984,9.166567516856471,12.491749872281
Panasonic,Lumix DMC GF6,872,6400,5859.0,24.347962516018,9.548220594516863,12.715823635117
Panasonic,Lumix DMC GF6,872,6400,5859.0,25.321177864052,9.929873672177255,12.929801252778
Panasonic,Lumix DMC GF6,872,6400,5859.0,26.294393212085,10.311526749837254,13.134515970825
Panasonic,Lumix DMC GF6,872,6400,5859.0,27.267608560119,10.693179827497648,13.330704462481
Panasonic,Lumix DMC GF6,872,6400,5859.0,28.240823908153,11.07483290515804,13.519020969868
Panasonic,Lumix DMC GF6,872,6400,5859.0,29.214039256186,11.45648598281804,13.700048974242
Panasonic,Lumix DMC GF6,872,6400,5859.0,30.18725460422,11.838139060478433,13.874310892298
Panasonic,Lumix DMC GF6,872,6400,5859.0,31.160469952254,12.219792138138825,14.042276183347
Panasonic,Lumix DMC GF6,872,6400,5859.0,32.133685300288,12.601445215799215,14.204368167776
Panasonic,Lumix DMC GF6,872,6400,5859.0,33.106900648321,12.983098293459216,14.360969793338
Panasonic,Lumix DMC GF6,872,6400,5859.0,34.080115996355,13.364751371119606,14.512428536905
Panasonic,Lumix DMC GF6,872,6400,5859.0,35.053331344389,13.74640444878,14.659060591597
Panasonic,Lumix DMC GF6,872,6400,5859.0,36.026546692422,14.128057526440003,14.801154459896
Panasonic,Lumix DMC GF6,872,6400,5859.0,36.999762040456,14.509710604100393,14.938974050353
Panasonic,Lumix DMC GF6,872,6400,5859.0,37.97297738849,14.891363681760787,15.072761357407
Panasonic,Lumix DMC GF6,872,6400,5859.0,38.946192736523,15.273016759420784,15.202738789413
Panasonic,Lumix DMC GF6,872,6400,5859.0,39.919408084557,15.654669837081176,15.329111198495
Panasonic,Lumix DMC GF6,872,6400,5859.0,40.892623432591,16.036322914741568,15.452067656581
Panasonic,Lumix DMC GF6,872,6400,5859.0,41.865838780624,16.41797599240157,15.571783014515
Panasonic,Lumix DMC GF6,872,6400,5859.0,42.839054128658,16.79962907006196,15.688419275068
Panasonic,Lumix DMC GF6,872,6400,5859.0,43.812269476692,17.181282147722353,15.802126805677
Panasonic,Lumix DMC GF6,872,6400,5859.0,44.785484824725,17.562935225382354,15.913045412718
Panasonic,Lumix DMC GF6,872,6400,5859.0,45.758700172759,17.944588303042742,16.021305295719
Panasonic,Lumix DMC GF6,872,6400,5859.0,46.731915520793,18.326241380703138,16.127027897159
Panasonic,Lumix DMC GF6,872,6400,5859.0,47.705130868826,18.707894458363135,16.230326661168
Panasonic,Lumix DMC GF6,872,6400,5859.0,48.67834621686,19.08954753602353,16.331307712531
Panasonic,Lumix DMC GF6,872,6400,5859.0,49.651561564894,19.471200613683923,16.430070465771
Panasonic,Lumix DMC GF6,872,6400,5859.0,50.624776912927,19.85285369134392,16.526708172702
Panasonic,Lumix DMC GF6,872,6400,5859.0,51.597992260961,20.234506769004316,16.621308415738
Panasonic,Lumix DMC GF6,872,6400,5859.0,52.571207608995,20.616159846664708,16.713953553222
Panasonic,Lumix DMC GF6,872,6400,5859.0,53.544422957028,20.997812924324705,16.804721122234
Panasonic,Lumix DMC GF6,872,6400,5859.0,54.517638305062,21.379466001985097,16.893684203638
Panasonic,Lumix DMC GF6,872,6400,5859.0,55.490853653096,21.761119079645493,16.9809117535
Panasonic,Lumix DMC GF6,872,6400,5859.0,56.464069001129,22.14277215730549,17.066468904503
Panasonic,Lumix DMC GF6,872,6400,5859.0,57.437284349163,22.524425234965882,17.150417240551
Panasonic,Lumix DMC GF6,872,6400,5859.0,58.410499697197,22.906078312626274,17.232815047343
Panasonic,Lumix DMC GF6,872,6400,5859.0,59.38371504523,23.28773139028627,17.313717541397
Panasonic,Lumix DMC GF6,872,6400,5859.0,60.356930393264,23.669384467946667,17.393177079672
Panasonic,Lumix DMC GF6,872,6400,5859.0,61.330145741298,24.051037545607056,17.471243351748
Panasonic,Lumix DMC GF6,872,6400,5859.0,62.303361089331,24.43269062326706,17.547963556238
Panasonic,Lumix DMC GF6,872,6400,5859.0,63.276576437365,24.814343700927452,17.623382562967
Panasonic,Lumix DMC GF6,872,6400,5859.0,64.249791785399,25.195996778587844,17.697543062262
Panasonic,Lumix DMC GF6,872,6400,5859.0,65.223007133433,25.577649856248236,17.770485702547
Panasonic,Lumix DMC GF6,872,6400,5859.0,66.196222481466,25.959302933908234,17.84224921734
Panasonic,Lumix DMC GF6,872,6400,5859.0,67.1694378295,26.34095601156863,17.912870542585
Panasonic,Lumix DMC GF6,872,6400,5859.0,68.142653177534,26.72260908922902,17.982384925203
Panasonic,Lumix DMC GF6,872,6400,5859.0,69.115868525567,27.104262166889022,18.050826023628
Panasonic,Lumix DMC GF6,872,6400,5859.0,70.089083873601,27.485915244549414,18.118226001024
Panasonic,Lumix DMC GF6,872,6400,5859.0,71.062299221635,27.867568322209806,18.184615611803
Panasonic,Lumix DMC GF6,872,6400,5859.0,72.035514569668,28.2492213998698,18.250024282028
Panasonic,Lumix DMC GF6,872,6400,5859.0,73.008729917702,28.630874477530195,18.314480184189
Panasonic,Lumix DMC GF6,872,6400,5859.0,73.981945265736,29.012527555190587,18.378010306828
Panasonic,Lumix DMC GF6,872,6400,5859.0,74.955160613769,29.394180632850585,18.440640519431
Panasonic,Lumix DMC GF6,872,6400,5859.0,75.928375961803,29.77583371051098,18.502395632957
Panasonic,Lumix DMC GF6,872,6400,5859.0,76.901591309837,30.157486788171372,18.56329945636
Panasonic,Lumix DMC GF6,872,6400,5859.0,77.87480665787,30.539139865831373,18.62337484941
Panasonic,Lumix DMC GF6,872,6400,5859.0,78.848022005904,30.920792943491765,18.682643772099
Panasonic,Lumix DMC GF6,872,6400,5859.0,79.821237353938,31.302446021152157,18.741127330893
Panasonic,Lumix DMC GF6,872,6400,5859.0,80.794452701971,31.68409909881216,18.798845822072
Panasonic,Lumix DMC GF6,872,6400,5859.0,81.767668050005,32.06575217647255,18.855818772368
Panasonic,Lumix DMC GF6,872,6400,5859.0,82.740883398039,32.447405254132946,18.912064977096
Panasonic,Lumix DMC GF6,872,6400,5859.0,83.714098746072,32.829058331792936,18.967602535977
Panasonic,Lumix DMC GF6,872,6400,5859.0,84.687314094106,33.21071140945333,19.022448886799
Panasonic,Lumix DMC GF6,872,6400,5859.0,85.66052944214,33.59236448711373,19.076620837077
Panasonic,Lumix DMC GF6,872,6400,5859.0,86.633744790173,33.974017564773725,19.130134593862
Panasonic,Lumix DMC GF6,872,6400,5859.0,87.606960138207,34.35567064243411,19.183005791809
Panasonic,Lumix DMC GF6,872,6400,5859.0,88.580175486241,34.73732372009451,19.235249519634
Panasonic,Lumix DMC GF6,872,6400,5859.0,89.553390834274,35.118976797754506,19.286880345077
Panasonic,Lumix DMC GF6,872,6400,5859.0,90.526606182308,35.5006298754149,19.337912338451
Panasonic,Lumix DMC GF6,872,6400,5859.0,91.499821530342,35.8822829530753,19.388359094888
Panasonic,Lumix DMC GF6,872,6400,5859.0,92.473036878375,36.263936030735294,19.438233755363
Panasonic,Lumix DMC GF6,872,6400,5859.0,93.446252226409,36.64558910839569,19.487549026571
Panasonic,Lumix DMC GF6,872,6400,5859.0,94.419467574443,37.02724218605608,19.536317199731
Panasonic,Lumix DMC GF6,872,6400,5859.0,95.392682922476,37.40889526371608,19.584550168401
Panasonic,Lumix DMC GF6,872,6400,5859.0,96.36589827051,37.79054834137647,19.632259445337
Panasonic,Lumix DMC GF6,872,6400,5859.0,97.339113618544,38.17220141903687,19.679456178481
Panasonic,Lumix DMC GF6,872,6400,5859.0,98.312328966578,38.553854496697255,19.726151166127
Panasonic,Lumix DMC GF6,872,6400,5859.0,99.285544314611,38.93550757435725,19.772354871298
Panasonic,Lumix DMC GF6,872,6400,5859.0,100.25875966264,39.31716065201569,19.81807743541
Panasonic,Lumix DMC GF6,872,6400,5859.0,101.23197501068,39.698813729678434,19.863328691238
Panasonic,Lumix DMC GF6,872,6400,5859.0,102.20519035871,40.08046680733726,19.908118175245
Panasonic,Lumix DMC GF6,872,6400,5859.0,103.17840570675,40.462119885,19.952455139304
Panasonic,Lumix DMC GF6,872,6400,5859.0,104.15162105478,40.84377296265882,19.996348561846
Panasonic,Lumix DMC GF6,872,6400,5859.0,105.12483640281,41.22542604031765,20.03980715847
Panasonic,Lumix DMC GF6,872,6400,5859.0,106.09805175085,41.6070791179804,20.08283939205
Panasonic,Lumix DMC GF6,872,6400,5859.0,107.07126709888,41.988732195639216,20.125453482359
Panasonic,Lumix DMC GF6,872,6400,5859.0,108.04448244691,42.37038527329804,20.167657415241
Panasonic,Lumix DMC GF6,872,6400,5859.0,109.01769779495,42.75203835096078,20.209458951359
Panasonic,Lumix DMC GF6,872,6400,5859.0,109.99091314298,43.133691428619606,20.250865634539
Panasonic,Lumix DMC GF6,872,6400,5859.0,110.96412849102,43.515344506282354,20.291884799729
Panasonic,Lumix DMC GF6,872,6400,5859.0,111.93734383905,43.89699758394118,20.332523580606
Panasonic,Lumix DMC GF6,872,6400,5859.0,112.91055918708,44.2786506616,20.372788916831
Panasonic,Lumix DMC GF6,872,6400,5859.0,113.88377453512,44.660303739262744,20.41268756099
Panasonic,Lumix DMC GF6,872,6400,5859.0,114.85698988315,45.04195681692157,20.452226085222
Panasonic,Lumix DMC GF6,872,6400,5859.0,115.83020523118,45.423609894580395,20.491410887565
Panasonic,Lumix DMC GF6,872,6400,5859.0,116.80342057922,45.805262972243135,20.530248198018
Panasonic,Lumix DMC GF6,872,6400,5859.0,117.77663592725,46.18691604990196,20.568744084348
Panasonic,Lumix DMC GF6,872,6400,5859.0,118.74985127528,46.568569127560785,20.606904457649
Panasonic,Lumix DMC GF6,872,6400,5859.0,119.72306662332,46.95022220522353,20.644735077663
Panasonic,Lumix DMC GF6,872,6400,5859.0,120.69628197135,47.33187528288235,20.682241557879
Panasonic,Lumix DMC GF6,872,6400,5859.0,121.66949731939,47.7135283605451,20.719429370424
Panasonic,Lumix DMC GF6,872,6400,5859.0,122.64271266742,48.09518143820392,20.756303850746
Panasonic,Lumix DMC GF6,872,6400,5859.0,123.61592801545,48.47683451586274,20.792870202108
Panasonic,Lumix DMC GF6,872,6400,5859.0,124.58914336349,48.85848759352549,20.8291334999
Panasonic,Lumix DMC GF6,872,6400,5859.0,125.56235871152,49.24014067118432,20.865098695776
Panasonic,Lumix DMC GF6,872,6400,5859.0,126.53557405955,49.62179374884313,20.900770621628
Panasonic,Lumix DMC GF6,872,6400,5859.0,127.50878940759,50.00344682650588,20.9361539934
Panasonic,Lumix DMC GF6,872,6400,5859.0,128.48200475562,50.38509990416471,20.971253414753
Panasonic,Lumix DMC GF6,872,6400,5859.0,129.45522010366,50.766752981827445,21.006073380583
Panasonic,Lumix DMC GF6,872,6400,5859.0,130.42843545169,51.14840605948628,21.040618280414
Panasonic,Lumix DMC GF6,872,6400,5859.0,131.40165079972,51.53005913714509,21.074892401643
Panasonic,Lumix DMC GF6,872,6400,5859.0,132.37486614776,51.91171221480785,21.108899932678
Panasonic,Lumix DMC GF6,872,6400,5859.0,133.34808149579,52.293365292466675,21.142644965948
Panasonic,Lumix DMC GF6,872,6400,5859.0,134.32129684382,52.67501837012549,21.176131500801
Panasonic,Lumix DMC GF6,872,6400,5859.0,135.29451219186,53.05667144778824,21.209363446293
Panasonic,Lumix DMC GF6,872,6400,5859.0,136.26772753989,53.43832452544706,21.242344623877
Panasonic,Lumix DMC GF6,872,6400,5859.0,137.24094288792,53.81997760310588,21.275078769993
Panasonic,Lumix DMC GF6,872,6400,5859.0,138.21415823596,54.20163068076863,21.307569538556
Panasonic,Lumix DMC GF6,872,6400,5859.0,139.18737358399,54.58328375842745,21.339820503363
Panasonic,Lumix DMC GF6,872,6400,5859.0,140.16058893203,54.964936836090196,21.371835160412
Panasonic,Lumix DMC GF6,872,6400,5859.0,141.13380428006,55.346589913749014,21.403616930128
Panasonic,Lumix DMC GF6,872,6400,5859.0,142.10701962809,55.72824299140784,21.435169159525
Panasonic,Lumix DMC GF6,872,6400,5859.0,143.08023497613,56.10989606907059,21.46649512428
Panasonic,Lumix DMC GF6,872,6400,5859.0,144.05345032416,56.49154914672941,21.49759803074
Panasonic,Lumix DMC GF6,872,6400,5859.0,145.02666567219,56.873202224388244,21.528481017858
Panasonic,Lumix DMC GF6,872,6400,5859.0,145.99988102023,57.25485530205098,21.559147159061
Panasonic,Lumix DMC GF6,872,6400,5859.0,146.97309636826,57.6365083797098,21.589599464057
Panasonic,Lumix DMC GF6,872,6400,5859.0,147.9463117163,58.01816145737254,21.619840880573
Panasonic,Lumix DMC GF6,872,6400,5859.0,148.91952706433,58.39981453503137,21.649874296047
Panasonic,Lumix DMC GF6,872,6400,5859.0,149.89274241236,58.7814676126902,21.679702539249
Panasonic,Lumix DMC GF6,872,6400,5859.0,150.8659577604,59.16312069035294,21.709328381857
Panasonic,Lumix DMC GF6,872,6400,5859.0,151.83917310843,59.54477376801176,21.738754539977
Panasonic,Lumix DMC GF6,872,6400,5859.0,152.81238845646,59.92642684567059,21.767983675616
Panasonic,Lumix DMC GF6,872,6400,5859.0,153.7856038045,60.30807992333334,21.7970183981
Panasonic,Lumix DMC GF6,872,6400,5859.0,154.75881915253,60.68973300099216,21.825861265458
Panasonic,Lumix DMC GF6,872,6400,5859.0,155.73203450056,61.07138607865098,21.854514785743
Panasonic,Lumix DMC GF6,872,6400,5859.0,156.7052498486,61.45303915631373,21.882981418332
Panasonic,Lumix DMC GF6,872,6400,5859.0,157.67846519663,61.83469223397255,21.911263575166
Panasonic,Lumix DMC GF6,872,6400,5859.0,158.65168054467,62.216345311635294,21.93936362196
Panasonic,Lumix DMC GF6,872,6400,5859.0,159.6248958927,62.59799838929412,21.967283879377
Panasonic,Lumix DMC GF6,872,6400,5859.0,160.59811124073,62.97965146695294,21.995026624156
Panasonic,Lumix DMC GF6,872,6400,5859.0,161.57132658877,63.36130454461569,22.022594090212
Panasonic,Lumix DMC GF6,872,6400,5859.0,162.5445419368,63.74295762227451,22.0499884697
Panasonic,Lumix DMC GF6,872,6400,5859.0,163.51775728483,64.12461069993334,22.077211914049
Panasonic,Lumix DMC GF6,872,6400,5859.0,164.49097263287,64.50626377759609,22.104266534956
Panasonic,Lumix DMC GF6,872,6400,5859.0,165.4641879809,64.8879168552549,22.131154405361
Panasonic,Lumix DMC GF6,872,6400,5859.0,166.43740332893,65.26956993291373,22.157877560383
Panasonic,Lumix DMC GF6,872,6400,5859.0,167.41061867697,65.65122301057646,22.184437998233
Panasonic,Lumix DMC GF6,872,6400,5859.0,168.383834025,66.0328760882353,22.210837681101
Panasonic,Lumix DMC GF6,872,6400,5859.0,169.35704937304,66.41452916589805,22.23707853601
Panasonic,Lumix DMC GF6,872,6400,5859.0,170.33026472107,66.79618224355686,22.263162455651
Panasonic,Lumix DMC GF6,872,6400,5859.0,171.3034800691,67.17783532121568,22.289091299193
Panasonic,Lumix DMC GF6,872,6400,5859.0,172.27669541714,67.55948839887843,22.314866893063
Panasonic,Lumix DMC GF6,872,6400,5859.0,173.24991076517,67.94114147653725,22.340491031715
Panasonic,Lumix DMC GF6,872,6400,5859.0,174.2231261132,68.3227945541961,22.365965478365
Panasonic,Lumix DMC GF6,872,6400,5859.0,175.19634146124,68.70444763185883,22.391291965709
Panasonic,Lumix DMC GF6,872,6400,5859.0,176.16955680927,69.08610070951765,22.416472196627
Panasonic,Lumix DMC GF6,872,6400,5859.0,177.14277215731,69.46775378718038,22.441507844855
Panasonic,Lumix DMC GF6,872,6400,5859.0,178.11598750534,69.84940686483921,22.46640055565
Panasonic,Lumix DMC GF6,872,6400,5859.0,179.08920285337,70.23105994249804,22.491151946426
Panasonic,Lumix DMC GF6,872,6400,5859.0,180.06241820141,70.61271302016078,22.515763607381
Panasonic,Lumix DMC GF6,872,6400,5859.0,181.03563354944,70.99436609781961,22.540237102101
Panasonic,Lumix DMC GF6,872,6400,5859.0,182.00884889747,71.37601917547842,22.564573968146
Panasonic,Lumix DMC GF6,872,6400,5859.0,182.98206424551,71.75767225314118,22.588775717631
Panasonic,Lumix DMC GF6,872,6400,5859.0,183.95527959354,72.1393253308,22.612843837772
Panasonic,Lumix DMC GF6,872,6400,5859.0,184.92849494157,72.52097840845883,22.636779791439
Panasonic,Lumix DMC GF6,872,6400,5859.0,185.90171028961,72.90263148612158,22.660585017675
Panasonic,Lumix DMC GF6,872,6400,5859.0,186.87492563764,73.28428456378039,22.684260932216
Panasonic,Lumix DMC GF6,872,6400,5859.0,187.84814098568,73.66593764144314,22.707808927983
Panasonic,Lumix DMC GF6,872,6400,5859.0,188.82135633371,74.04759071910196,22.731230375575
Panasonic,Lumix DMC GF6,872,6400,5859.0,189.79457168174,74.42924379676079,22.75452662374
Panasonic,Lumix DMC GF6,872,6400,5859.0,190.76778702978,74.81089687442353,22.777698999835
Panasonic,Lumix DMC GF6,872,6400,5859.0,191.74100237781,75.19254995208236,22.800748810275
Panasonic,Lumix DMC GF6,872,6400,5859.0,192.71421772584,75.57420302974117,22.823677340972
Panasonic,Lumix DMC GF6,872,6400,5859.0,193.68743307388,75.95585610740392,22.846485857758
Panasonic,Lumix DMC GF6,872,6400,5859.0,194.66064842191,76.33750918506274,22.869175606803
Panasonic,Lumix DMC GF6,872,6400,5859.0,195.63386376995,76.71916226272549,22.891747815017
Panasonic,Lumix DMC GF6,872,6400,5859.0,196.60707911798,77.10081534038432,22.914203690445
Panasonic,Lumix DMC GF6,872,6400,5859.0,197.58029446601,77.48246841804314,22.93654442265
Panasonic,Lumix DMC GF6,872,6400,5859.0,198.55350981405,77.86412149570587,22.958771183088
Panasonic,Lumix DMC GF6,872,6400,5859.0,199.52672516208,78.2457745733647,22.980885125472
Panasonic,Lumix DMC GF6,872,6400,5859.0,200.49994051011,78.62742765102352,23.00288738613
Panasonic,Lumix DMC GF6,872,6400,5859.0,201.47315585815,79.00908072868627,23.024779084349
Panasonic,Lumix DMC GF6,872,6400,5859.0,202.44637120618,79.39073380634511,23.046561322713
Panasonic,Lumix DMC GF6,872,6400,5859.0,203.41958655421,79.77238688400394,23.068235187437
Panasonic,Lumix DMC GF6,872,6400,5859.0,204.39280190225,80.15403996166667,23.089801748685
Panasonic,Lumix DMC GF6,872,6400,5859.0,205.36601725028,80.5356930393255,23.111262060885
Panasonic,Lumix DMC GF6,872,6400,5859.0,206.33923259832,80.91734611698823,23.132617163035
Panasonic,Lumix DMC GF6,872,6400,5859.0,207.31244794635,81.29899919464705,23.153868079003
Panasonic,Lumix DMC GF6,872,6400,5859.0,208.28566329438,81.68065227230588,23.175015817819
Panasonic,Lumix DMC GF6,872,6400,5859.0,209.25887864242,82.06230534996863,23.196061373957
Panasonic,Lumix DMC GF6,872,6400,5859.0,210.23209399045,82.44395842762745,23.217005727617
Panasonic,Lumix DMC GF6,872,6400,5859.0,211.20530933848,82.82561150528626,23.237849844992
Panasonic,Lumix DMC GF6,872,6400,5859.0,212.17852468652,83.20726458294902,23.258594678538
Panasonic,Lumix DMC GF6,872,6400,5859.0,213.15174003455,83.58891766060785,23.279241167228
Panasonic,Lumix DMC GF6,872,6400,5859.0,214.12495538259,83.9705707382706,23.299790236807
Panasonic,Lumix DMC GF6,872,6400,5859.0,215.09817073062,84.35222381592942,23.32024280004
Panasonic,Lumix DMC GF6,872,6400,5859.0,216.07138607865,84.73387689358823,23.340599756951
Panasonic,Lumix DMC GF6,872,6400,5859.0,217.04460142669,85.11552997125098,23.360861995058
Panasonic,Lumix DMC GF6,872,6400,5859.0,218.01781677472,85.4971830489098,23.381030389606
Panasonic,Lumix DMC GF6,872,6400,5859.0,218.99103212275,85.87883612656863,23.401105803789
Panasonic,Lumix DMC GF6,872,6400,5859.0,219.96424747079,86.26048920423138,23.421089088973
Panasonic,Lumix DMC GF6,872,6400,5859.0,220.93746281882,86.64214228189019,23.440981084905
Panasonic,Lumix DMC GF6,872,6400,5859.0,221.91067816685,87.02379535954901,23.460782619931
Panasonic,Lumix DMC GF6,872,6400,5859.0,222.88389351489,87.40544843721176,23.480494511195
Panasonic,Lumix DMC GF6,872,6400,5859.0,223.85710886292,87.78710151487059,23.500117564841
Panasonic,Lumix DMC GF6,872,6400,5859.0,224.83032421096,88.16875459253333,23.51965257621
Panasonic,Lumix DMC GF6,872,6400,5859.0,225.80353955899,88.55040767019216,23.539100330033
Panasonic,Lumix DMC GF6,872,6400,5859.0,226.77675490702,88.93206074785098,23.558461600615
Panasonic,Lumix DMC GF6,872,6400,5859.0,227.74997025506,89.31371382551372,23.577737152021
Panasonic,Lumix DMC GF6,872,6400,5859.0,228.72318560309,89.69536690317254,23.596927738258
Panasonic,Lumix DMC GF6,872,6400,5859.0,229.69640095112,90.07701998083138,23.616034103443
Panasonic,Lumix DMC GF6,872,6400,5859.0,230.66961629916,90.45867305849413,23.635056981982
Panasonic,Lumix DMC GF6,872,6400,5859.0,231.64283164719,90.84032613615295,23.653997098736
Panasonic,Lumix DMC GF6,872,6400,5859.0,232.61604699522,91.22197921381176,23.672855169184
Panasonic,Lumix DMC GF6,872,6400,5859.0,233.58926234326,91.60363229147451,23.691631899583
Panasonic,Lumix DMC GF6,872,6400,5859.0,234.56247769129,91.98528536913334,23.71032798713
Panasonic,Lumix DMC GF6,872,6400,5859.0,235.53569303933,92.36693844679607,23.728944120112
Panasonic,Lumix DMC GF6,872,6400,5859.0,236.50890838736,92.74859152445491,23.747480978057
Panasonic,Lumix DMC GF6,872,6400,5859.0,237.48212373539,93.13024460211372,23.765939231887
Panasonic,Lumix DMC GF6,872,6400,5859.0,238.45533908343,93.51189767977647,23.784319544053
Panasonic,Lumix DMC GF6,872,6400,5859.0,239.42855443146,93.89355075743528,23.802622568686
Panasonic,Lumix DMC GF6,872,6400,5859.0,240.40176977949,94.27520383509412,23.82084895173
Panasonic,Lumix DMC GF6,872,6400,5859.0,241.37498512753,94.65685691275687,23.838999331081
Panasonic,Lumix DMC GF6,872,6400,5859.0,242.34820047556,95.03850999041569,23.857074336717
Panasonic,Lumix DMC GF6,872,6400,5859.0,243.3214158236,95.42016306807844,23.87507459083
Panasonic,Lumix DMC GF6,872,6400,5859.0,244.29463117163,95.80181614573725,23.893000707953
Panasonic,Lumix DMC GF6,872,6400,5859.0,245.26784651966,96.18346922339607,23.910853295088
Panasonic,Lumix DMC GF6,872,6400,5859.0,246.2410618677,96.56512230105882,23.928632951821
Panasonic,Lumix DMC GF6,872,6400,5859.0,247.21427721573,96.94677537871765,23.946340270451
Panasonic,Lumix DMC GF6,872,6400,5859.0,248.18749256376,97.32842845637647,23.963975836101
Panasonic,Lumix DMC GF6,872,6400,5859.0,249.1607079118,97.7100815340392,23.981540226836
Panasonic,Lumix DMC GF6,872,6400,5859.0,250.13392325983,98.09173461169803,23.999034013774
Panasonic,Lumix DMC GF6,872,6400,5859.0,251.10713860786,98.47338768935685,24.016457761202
Panasonic,Lumix DMC GF6,872,6400,5859.0,252.0803539559,98.8550407670196,24.033812026675
Panasonic,Lumix DMC GF6,872,6400,5859.0,253.05356930393,99.23669384467844,24.051097361133
Panasonic,Lumix DMC GF6,872,6400,5859.0,254.02678465197,99.61834692234117,24.068314308996
Panasonic,Lumix DMC GF6,872,6400,5859.0,255,100.0,24.085463408273
Panasonic,Lumix DMC GF6,872,12800,11591.0,7.3505299119481,2.8825607497835684,0
Panasonic,Lumix DMC GF6,872,12800,11591.0,14.615809035681,5.731689817914118,5.0726970823585
Panasonic,Lumix DMC GF6,872,12800,11591.0,15.589024383715,6.11334289557451,5.5250563238876
Panasonic,Lumix DMC GF6,872,12800,11591.0,16.562239731749,6.494995973234902,5.9460282402265
Panasonic,Lumix DMC GF6,872,12800,11591.0,17.535455079782,6.876649050894902,6.3393707003842
Panasonic,Lumix DMC GF6,872,12800,11591.0,18.508670427816,7.258302128555294,6.70822106527
Panasonic,Lumix DMC GF6,872,12800,11591.0,19.48188577585,7.639955206215686,7.0552244452941
Panasonic,Lumix DMC GF6,872,12800,11591.0,20.455101123883,8.021608283875686,7.3826305635596
Panasonic,Lumix DMC GF6,872,12800,11591.0,21.428316471917,8.403261361536078,7.6923680033133
Panasonic,Lumix DMC GF6,872,12800,11591.0,22.401531819951,8.78491443919647,7.9861018834095
Panasonic,Lumix DMC GF6,872,12800,11591.0,23.374747167984,9.166567516856471,8.2652792027556
Panasonic,Lumix DMC GF6,872,12800,11591.0,24.347962516018,9.548220594516863,8.5311648812472
Panasonic,Lumix DMC GF6,872,12800,11591.0,25.321177864052,9.929873672177255,8.7848706923475
Panasonic,Lumix DMC GF6,872,12800,11591.0,26.294393212085,10.311526749837254,9.0273787016709
Panasonic,Lumix DMC GF6,872,12800,11591.0,27.267608560119,10.693179827497648,9.2595604142784
Panasonic,Lumix DMC GF6,872,12800,11591.0,28.240823908153,11.07483290515804,9.4821925374296
Panasonic,Lumix DMC GF6,872,12800,11591.0,29.214039256186,11.45648598281804,9.6959700499305
Panasonic,Lumix DMC GF6,872,12800,11591.0,30.18725460422,11.838139060478433,9.9015171102349
Panasonic,Lumix DMC GF6,872,12800,11591.0,31.160469952254,12.219792138138825,10.099396216913
Panasonic,Lumix DMC GF6,872,12800,11591.0,32.133685300288,12.601445215799215,10.290115945772
Panasonic,Lumix DMC GF6,872,12800,11591.0,33.106900648321,12.983098293459216,10.474137519962
Panasonic,Lumix DMC GF6,872,12800,11591.0,34.080115996355,13.364751371119606,10.651880417223
Panasonic,Lumix DMC GF6,872,12800,11591.0,35.053331344389,13.74640444878,10.823727178032
Panasonic,Lumix DMC GF6,872,12800,11591.0,36.026546692422,14.128057526440003,10.990027546905
Panasonic,Lumix DMC GF6,872,12800,11591.0,36.999762040456,14.509710604100393,11.151102054301
Panasonic,Lumix DMC GF6,872,12800,11591.0,37.97297738849,14.891363681760787,11.307245126975
Panasonic,Lumix DMC GF6,872,12800,11591.0,38.946192736523,15.273016759420784,11.458727798984
Panasonic,Lumix DMC GF6,872,12800,11591.0,39.919408084557,15.654669837081176,11.605800083
Panasonic,Lumix DMC GF6,872,12800,11591.0,40.892623432591,16.036322914741568,11.748693051494
Panasonic,Lumix DMC GF6,872,12800,11591.0,41.865838780624,16.41797599240157,11.887620669116
Panasonic,Lumix DMC GF6,872,12800,11591.0,42.839054128658,16.79962907006196,12.022781410941
Panasonic,Lumix DMC GF6,872,12800,11591.0,43.812269476692,17.181282147722353,12.154359695738
Panasonic,Lumix DMC GF6,872,12800,11591.0,44.785484824725,17.562935225382354,12.282527158915
Panasonic,Lumix DMC GF6,872,12800,11591.0,45.758700172759,17.944588303042742,12.407443786068
Panasonic,Lumix DMC GF6,872,12800,11591.0,46.731915520793,18.326241380703138,12.529258924923
Panasonic,Lumix DMC GF6,872,12800,11591.0,47.705130868826,18.707894458363135,12.648112190924
Panasonic,Lumix DMC GF6,872,12800,11591.0,48.67834621686,19.08954753602353,12.764134279498
Panasonic,Lumix DMC GF6,872,12800,11591.0,49.651561564894,19.471200613683923,12.877447696229
Panasonic,Lumix DMC GF6,872,12800,11591.0,50.624776912927,19.85285369134392,12.988167414647
Panasonic,Lumix DMC GF6,872,12800,11591.0,51.597992260961,20.234506769004316,13.096401469996
Panasonic,Lumix DMC GF6,872,12800,11591.0,52.571207608995,20.616159846664708,13.202251496288
Panasonic,Lumix DMC GF6,872,12800,11591.0,53.544422957028,20.997812924324705,13.305813212948
Panasonic,Lumix DMC GF6,872,12800,11591.0,54.517638305062,21.379466001985097,13.407176866612
Panasonic,Lumix DMC GF6,872,12800,11591.0,55.490853653096,21.761119079645493,13.506427632888
Panasonic,Lumix DMC GF6,872,12800,11591.0,56.464069001129,22.14277215730549,13.603645982341
Panasonic,Lumix DMC GF6,872,12800,11591.0,57.437284349163,22.524425234965882,13.698908014421
Panasonic,Lumix DMC GF6,872,12800,11591.0,58.410499697197,22.906078312626274,13.792285762626
Panasonic,Lumix DMC GF6,872,12800,11591.0,59.38371504523,23.28773139028627,13.883847473795
Panasonic,Lumix DMC GF6,872,12800,11591.0,60.356930393264,23.669384467946667,13.973657864108
Panasonic,Lumix DMC GF6,872,12800,11591.0,61.330145741298,24.051037545607056,14.061778354057
Panasonic,Lumix DMC GF6,872,12800,11591.0,62.303361089331,24.43269062326706,14.148267284425
Panasonic,Lumix DMC GF6,872,12800,11591.0,63.276576437365,24.814343700927452,14.233180115055
Panasonic,Lumix DMC GF6,872,12800,11591.0,64.249791785399,25.195996778587844,14.316569608032
Panasonic,Lumix DMC GF6,872,12800,11591.0,65.223007133433,25.577649856248236,14.398485996704
Panasonic,Lumix DMC GF6,872,12800,11591.0,66.196222481466,25.959302933908234,14.478977141821
Panasonic,Lumix DMC GF6,872,12800,11591.0,67.1694378295,26.34095601156863,14.558088675952
Panasonic,Lumix DMC GF6,872,12800,11591.0,68.142653177534,26.72260908922902,14.635864137204
Panasonic,Lumix DMC GF6,872,12800,11591.0,69.115868525567,27.104262166889022,14.712345093181
Panasonic,Lumix DMC GF6,872,12800,11591.0,70.089083873601,27.485915244549414,14.787571256008
Panasonic,Lumix DMC GF6,872,12800,11591.0,71.062299221635,27.867568322209806,14.861580589188
Panasonic,Lumix DMC GF6,872,12800,11591.0,72.035514569668,28.2492213998698,14.934409406963
Panasonic,Lumix DMC GF6,872,12800,11591.0,73.008729917702,28.630874477530195,15.006092466795
Panasonic,Lumix DMC GF6,872,12800,11591.0,73.981945265736,29.012527555190587,15.076663055542
Panasonic,Lumix DMC GF6,872,12800,11591.0,74.955160613769,29.394180632850585,15.146153069813
Panasonic,Lumix DMC GF6,872,12800,11591.0,75.928375961803,29.77583371051098,15.214593090975
Panasonic,Lumix DMC GF6,872,12800,11591.0,76.901591309837,30.157486788171372,15.282012455229
Panasonic,Lumix DMC GF6,872,12800,11591.0,77.87480665787,30.539139865831373,15.348439319138
Panasonic,Lumix DMC GF6,872,12800,11591.0,78.848022005904,30.920792943491765,15.413900720945
Panasonic,Lumix DMC GF6,872,12800,11591.0,79.821237353938,31.302446021152157,15.478422638011
Panasonic,Lumix DMC GF6,872,12800,11591.0,80.794452701971,31.68409909881216,15.542030040645
Panasonic,Lumix DMC GF6,872,12800,11591.0,81.767668050005,32.06575217647255,15.604746942617
Panasonic,Lumix DMC GF6,872,12800,11591.0,82.740883398039,32.447405254132946,15.666596448566
Panasonic,Lumix DMC GF6,872,12800,11591.0,83.714098746072,32.829058331792936,15.727600798551
Panasonic,Lumix DMC GF6,872,12800,11591.0,84.687314094106,33.21071140945333,15.78778140993
Panasonic,Lumix DMC GF6,872,12800,11591.0,85.66052944214,33.59236448711373,15.847158916769
Panasonic,Lumix DMC GF6,872,12800,11591.0,86.633744790173,33.974017564773725,15.905753206941
Panasonic,Lumix DMC GF6,872,12800,11591.0,87.606960138207,34.35567064243411,15.963583457089
Panasonic,Lumix DMC GF6,872,12800,11591.0,88.580175486241,34.73732372009451,16.020668165572
Panasonic,Lumix DMC GF6,872,12800,11591.0,89.553390834274,35.118976797754506,16.077025183567
Panasonic,Lumix DMC GF6,872,12800,11591.0,90.526606182308,35.5006298754149,16.132671744411
Panasonic,Lumix DMC GF6,872,12800,11591.0,91.499821530342,35.8822829530753,16.187624491331
Panasonic,Lumix DMC GF6,872,12800,11591.0,92.473036878375,36.263936030735294,16.241899503644
Panasonic,Lumix DMC GF6,872,12800,11591.0,93.446252226409,36.64558910839569,16.295512321542
Panasonic,Lumix DMC GF6,872,12800,11591.0,94.419467574443,37.02724218605608,16.348477969539
Panasonic,Lumix DMC GF6,872,12800,11591.0,95.392682922476,37.40889526371608,16.400810978678
Panasonic,Lumix DMC GF6,872,12800,11591.0,96.36589827051,37.79054834137647,16.452525407565
Panasonic,Lumix DMC GF6,872,12800,11591.0,97.339113618544,38.17220141903687,16.503634862308
Panasonic,Lumix DMC GF6,872,12800,11591.0,98.312328966578,38.553854496697255,16.554152515424
Panasonic,Lumix DMC GF6,872,12800,11591.0,99.285544314611,38.93550757435725,16.604091123782
Panasonic,Lumix DMC GF6,872,12800,11591.0,100.25875966264,39.31716065201569,16.65346304564
Panasonic,Lumix DMC GF6,872,12800,11591.0,101.23197501068,39.698813729678434,16.702280256825
Panasonic,Lumix DMC GF6,872,12800,11591.0,102.20519035871,40.08046680733726,16.750554366104
Panasonic,Lumix DMC GF6,872,12800,11591.0,103.17840570675,40.462119885,16.798296629813
Panasonic,Lumix DMC GF6,872,12800,11591.0,104.15162105478,40.84377296265882,16.845517965754
Panasonic,Lumix DMC GF6,872,12800,11591.0,105.12483640281,41.22542604031765,16.89222896644
Panasonic,Lumix DMC GF6,872,12800,11591.0,106.09805175085,41.6070791179804,16.938439911689
Panasonic,Lumix DMC GF6,872,12800,11591.0,107.07126709888,41.988732195639216,16.984160780634
Panasonic,Lumix DMC GF6,872,12800,11591.0,108.04448244691,42.37038527329804,17.029401263156
Panasonic,Lumix DMC GF6,872,12800,11591.0,109.01769779495,42.75203835096078,17.074170770799
Panasonic,Lumix DMC GF6,872,12800,11591.0,109.99091314298,43.133691428619606,17.118478447164
Panasonic,Lumix DMC GF6,872,12800,11591.0,110.96412849102,43.515344506282354,17.162333177842
Panasonic,Lumix DMC GF6,872,12800,11591.0,111.93734383905,43.89699758394118,17.205743599888
Panasonic,Lumix DMC GF6,872,12800,11591.0,112.91055918708,44.2786506616,17.248718110868
Panasonic,Lumix DMC GF6,872,12800,11591.0,113.88377453512,44.660303739262744,17.291264877509
Panasonic,Lumix DMC GF6,872,12800,11591.0,114.85698988315,45.04195681692157,17.333391843958
Panasonic,Lumix DMC GF6,872,12800,11591.0,115.83020523118,45.423609894580395,17.375106739685
Panasonic,Lumix DMC GF6,872,12800,11591.0,116.80342057922,45.805262972243135,17.416417087037
Panasonic,Lumix DMC GF6,872,12800,11591.0,117.77663592725,46.18691604990196,17.457330208473
Panasonic,Lumix DMC GF6,872,12800,11591.0,118.74985127528,46.568569127560785,17.497853233481
Panasonic,Lumix DMC GF6,872,12800,11591.0,119.72306662332,46.95022220522353,17.537993105206
Panasonic,Lumix DMC GF6,872,12800,11591.0,120.69628197135,47.33187528288235,17.577756586799
Panasonic,Lumix DMC GF6,872,12800,11591.0,121.66949731939,47.7135283605451,17.617150267498
Panasonic,Lumix DMC GF6,872,12800,11591.0,122.64271266742,48.09518143820392,17.65618056846
Panasonic,Lumix DMC GF6,872,12800,11591.0,123.61592801545,48.47683451586274,17.694853748352
Panasonic,Lumix DMC GF6,872,12800,11591.0,124.58914336349,48.85848759352549,17.733175908712
Panasonic,Lumix DMC GF6,872,12800,11591.0,125.56235871152,49.24014067118432,17.771152999093
Panasonic,Lumix DMC GF6,872,12800,11591.0,126.53557405955,49.62179374884313,17.808790822007
Panasonic,Lumix DMC GF6,872,12800,11591.0,127.50878940759,50.00344682650588,17.846095037659
Panasonic,Lumix DMC GF6,872,12800,11591.0,128.48200475562,50.38509990416471,17.883071168507
Panasonic,Lumix DMC GF6,872,12800,11591.0,129.45522010366,50.766752981827445,17.919724603634
Panasonic,Lumix DMC GF6,872,12800,11591.0,130.42843545169,51.14840605948628,17.956060602953
Panasonic,Lumix DMC GF6,872,12800,11591.0,131.40165079972,51.53005913714509,17.992084301248
Panasonic,Lumix DMC GF6,872,12800,11591.0,132.37486614776,51.91171221480785,18.02780071206
Panasonic,Lumix DMC GF6,872,12800,11591.0,133.34808149579,52.293365292466675,18.063214731428
Panasonic,Lumix DMC GF6,872,12800,11591.0,134.32129684382,52.67501837012549,18.098331141481
Panasonic,Lumix DMC GF6,872,12800,11591.0,135.29451219186,53.05667144778824,18.133154613901
Panasonic,Lumix DMC GF6,872,12800,11591.0,136.26772753989,53.43832452544706,18.167689713256
Panasonic,Lumix DMC GF6,872,12800,11591.0,137.24094288792,53.81997760310588,18.201940900209
Panasonic,Lumix DMC GF6,872,12800,11591.0,138.21415823596,54.20163068076863,18.235912534605
Panasonic,Lumix DMC GF6,872,12800,11591.0,139.18737358399,54.58328375842745,18.269608878451
Panasonic,Lumix DMC GF6,872,12800,11591.0,140.16058893203,54.964936836090196,18.303034098785
Panasonic,Lumix DMC GF6,872,12800,11591.0,141.13380428006,55.346589913749014,18.336192270444
Panasonic,Lumix DMC GF6,872,12800,11591.0,142.10701962809,55.72824299140784,18.369087378724
Panasonic,Lumix DMC GF6,872,12800,11591.0,143.08023497613,56.10989606907059,18.401723321961
Panasonic,Lumix DMC GF6,872,12800,11591.0,144.05345032416,56.49154914672941,18.434103914005
Panasonic,Lumix DMC GF6,872,12800,11591.0,145.02666567219,56.873202224388244,18.46623288662
Panasonic,Lumix DMC GF6,872,12800,11591.0,145.99988102023,57.25485530205098,18.498113891788
Panasonic,Lumix DMC GF6,872,12800,11591.0,146.97309636826,57.6365083797098,18.529750503948
Panasonic,Lumix DMC GF6,872,12800,11591.0,147.9463117163,58.01816145737254,18.56114622214
Panasonic,Lumix DMC GF6,872,12800,11591.0,148.91952706433,58.39981453503137,18.592304472096
Panasonic,Lumix DMC GF6,872,12800,11591.0,149.89274241236,58.7814676126902,18.623228608242
Panasonic,Lumix DMC GF6,872,12800,11591.0,150.8659577604,59.16312069035294,18.653921915643
Panasonic,Lumix DMC GF6,872,12800,11591.0,151.83917310843,59.54477376801176,18.684387611881
Panasonic,Lumix DMC GF6,872,12800,11591.0,152.81238845646,59.92642684567059,18.714628848865
Panasonic,Lumix DMC GF6,872,12800,11591.0,153.7856038045,60.30807992333334,18.744648714592
Panasonic,Lumix DMC GF6,872,12800,11591.0,154.75881915253,60.68973300099216,18.774450234838
Panasonic,Lumix DMC GF6,872,12800,11591.0,155.73203450056,61.07138607865098,18.804036374802
Panasonic,Lumix DMC GF6,872,12800,11591.0,156.7052498486,61.45303915631373,18.833410040694
Panasonic,Lumix DMC GF6,872,12800,11591.0,157.67846519663,61.83469223397255,18.862574081269
Panasonic,Lumix DMC GF6,872,12800,11591.0,158.65168054467,62.216345311635294,18.891531289319
Panasonic,Lumix DMC GF6,872,12800,11591.0,159.6248958927,62.59799838929412,18.92028440311
Panasonic,Lumix DMC GF6,872,12800,11591.0,160.59811124073,62.97965146695294,18.948836107776
Panasonic,Lumix DMC GF6,872,12800,11591.0,161.57132658877,63.36130454461569,18.977189036673
Panasonic,Lumix DMC GF6,872,12800,11591.0,162.5445419368,63.74295762227451,19.005345772682
Panasonic,Lumix DMC GF6,872,12800,11591.0,163.51775728483,64.12461069993334,19.033308849481
Panasonic,Lumix DMC GF6,872,12800,11591.0,164.49097263287,64.50626377759609,19.061080752771
Panasonic,Lumix DMC GF6,872,12800,11591.0,165.4641879809,64.8879168552549,19.088663921468
Panasonic,Lumix DMC GF6,872,12800,11591.0,166.43740332893,65.26956993291373,19.116060748856
Panasonic,Lumix DMC GF6,872,12800,11591.0,167.41061867697,65.65122301057646,19.143273583706
Panasonic,Lumix DMC GF6,872,12800,11591.0,168.383834025,66.0328760882353,19.170304731362
Panasonic,Lumix DMC GF6,872,12800,11591.0,169.35704937304,66.41452916589805,19.197156454794
Panasonic,Lumix DMC GF6,872,12800,11591.0,170.33026472107,66.79618224355686,19.223830975618
Panasonic,Lumix DMC GF6,872,12800,11591.0,171.3034800691,67.17783532121568,19.250330475087
Panasonic,Lumix DMC GF6,872,12800,11591.0,172.27669541714,67.55948839887843,19.276657095054
Panasonic,Lumix DMC GF6,872,12800,11591.0,173.24991076517,67.94114147653725,19.302812938904
Panasonic,Lumix DMC GF6,872,12800,11591.0,174.2231261132,68.3227945541961,19.328800072462
Panasonic,Lumix DMC GF6,872,12800,11591.0,175.19634146124,68.70444763185883,19.35462052487
Panasonic,Lumix DMC GF6,872,12800,11591.0,176.16955680927,69.08610070951765,19.380276289444
Panasonic,Lumix DMC GF6,872,12800,11591.0,177.14277215731,69.46775378718038,19.405769324502
Panasonic,Lumix DMC GF6,872,12800,11591.0,178.11598750534,69.84940686483921,19.431101554171
Panasonic,Lumix DMC GF6,872,12800,11591.0,179.08920285337,70.23105994249804,19.456274869171
Panasonic,Lumix DMC GF6,872,12800,11591.0,180.06241820141,70.61271302016078,19.481291127575
Panasonic,Lumix DMC GF6,872,12800,11591.0,181.03563354944,70.99436609781961,19.506152155551
Panasonic,Lumix DMC GF6,872,12800,11591.0,182.00884889747,71.37601917547842,19.530859748076
Panasonic,Lumix DMC GF6,872,12800,11591.0,182.98206424551,71.75767225314118,19.555415669642
Panasonic,Lumix DMC GF6,872,12800,11591.0,183.95527959354,72.1393253308,19.57982165493
Panasonic,Lumix DMC GF6,872,12800,11591.0,184.92849494157,72.52097840845883,19.604079409474
Panasonic,Lumix DMC GF6,872,12800,11591.0,185.90171028961,72.90263148612158,19.628190610304
Panasonic,Lumix DMC GF6,872,12800,11591.0,186.87492563764,73.28428456378039,19.65215690657
Panasonic,Lumix DMC GF6,872,12800,11591.0,187.84814098568,73.66593764144314,19.675979920152
Panasonic,Lumix DMC GF6,872,12800,11591.0,188.82135633371,74.04759071910196,19.699661246252
Panasonic,Lumix DMC GF6,872,12800,11591.0,189.79457168174,74.42924379676079,19.72320245397
Panasonic,Lumix DMC GF6,872,12800,11591.0,190.76778702978,74.81089687442353,19.746605086863
Panasonic,Lumix DMC GF6,872,12800,11591.0,191.74100237781,75.19254995208236,19.769870663496
Panasonic,Lumix DMC GF6,872,12800,11591.0,192.71421772584,75.57420302974117,19.79300067797
Panasonic,Lumix DMC GF6,872,12800,11591.0,193.68743307388,75.95585610740392,19.815996600437
Panasonic,Lumix DMC GF6,872,12800,11591.0,194.66064842191,76.33750918506274,19.838859877613
Panasonic,Lumix DMC GF6,872,12800,11591.0,195.63386376995,76.71916226272549,19.86159193326
Panasonic,Lumix DMC GF6,872,12800,11591.0,196.60707911798,77.10081534038432,19.884194168668
Panasonic,Lumix DMC GF6,872,12800,11591.0,197.58029446601,77.48246841804314,19.906667963125
Panasonic,Lumix DMC GF6,872,12800,11591.0,198.55350981405,77.86412149570587,19.929014674362
Panasonic,Lumix DMC GF6,872,12800,11591.0,199.52672516208,78.2457745733647,19.951235639004
Panasonic,Lumix DMC GF6,872,12800,11591.0,200.49994051011,78.62742765102352,19.973332172999
Panasonic,Lumix DMC GF6,872,12800,11591.0,201.47315585815,79.00908072868627,19.995305572035
Panasonic,Lumix DMC GF6,872,12800,11591.0,202.44637120618,79.39073380634511,20.017157111955
Panasonic,Lumix DMC GF6,872,12800,11591.0,203.41958655421,79.77238688400394,20.038888049152
Panasonic,Lumix DMC GF6,872,12800,11591.0,204.39280190225,80.15403996166667,20.060499620964
Panasonic,Lumix DMC GF6,872,12800,11591.0,205.36601725028,80.5356930393255,20.081993046049
Panasonic,Lumix DMC GF6,872,12800,11591.0,206.33923259832,80.91734611698823,20.103369524757
Panasonic,Lumix DMC GF6,872,12800,11591.0,207.31244794635,81.29899919464705,20.124630239496
Panasonic,Lumix DMC GF6,872,12800,11591.0,208.28566329438,81.68065227230588,20.145776355077
Panasonic,Lumix DMC GF6,872,12800,11591.0,209.25887864242,82.06230534996863,20.166809019066
Panasonic,Lumix DMC GF6,872,12800,11591.0,210.23209399045,82.44395842762745,20.187729362114
Panasonic,Lumix DMC GF6,872,12800,11591.0,211.20530933848,82.82561150528626,20.208538498289
Panasonic,Lumix DMC GF6,872,12800,11591.0,212.17852468652,83.20726458294902,20.229237525393
Panasonic,Lumix DMC GF6,872,12800,11591.0,213.15174003455,83.58891766060785,20.249827525277
Panasonic,Lumix DMC GF6,872,12800,11591.0,214.12495538259,83.9705707382706,20.270309564143
Panasonic,Lumix DMC GF6,872,12800,11591.0,215.09817073062,84.35222381592942,20.290684692845
Panasonic,Lumix DMC GF6,872,12800,11591.0,216.07138607865,84.73387689358823,20.310953947177
Panasonic,Lumix DMC GF6,872,12800,11591.0,217.04460142669,85.11552997125098,20.331118348158
Panasonic,Lumix DMC GF6,872,12800,11591.0,218.01781677472,85.4971830489098,20.351178902309
Panasonic,Lumix DMC GF6,872,12800,11591.0,218.99103212275,85.87883612656863,20.371136601926
Panasonic,Lumix DMC GF6,872,12800,11591.0,219.96424747079,86.26048920423138,20.390992425341
Panasonic,Lumix DMC GF6,872,12800,11591.0,220.93746281882,86.64214228189019,20.410747337184
Panasonic,Lumix DMC GF6,872,12800,11591.0,221.91067816685,87.02379535954901,20.430402288631
Panasonic,Lumix DMC GF6,872,12800,11591.0,222.88389351489,87.40544843721176,20.449958217658
Panasonic,Lumix DMC GF6,872,12800,11591.0,223.85710886292,87.78710151487059,20.469416049276
Panasonic,Lumix DMC GF6,872,12800,11591.0,224.83032421096,88.16875459253333,20.488776695769
Panasonic,Lumix DMC GF6,872,12800,11591.0,225.80353955899,88.55040767019216,20.508041056925
Panasonic,Lumix DMC GF6,872,12800,11591.0,226.77675490702,88.93206074785098,20.52721002026
Panasonic,Lumix DMC GF6,872,12800,11591.0,227.74997025506,89.31371382551372,20.54628446124
Panasonic,Lumix DMC GF6,872,12800,11591.0,228.72318560309,89.69536690317254,20.565265243497
Panasonic,Lumix DMC GF6,872,12800,11591.0,229.69640095112,90.07701998083138,20.584153219035
Panasonic,Lumix DMC GF6,872,12800,11591.0,230.66961629916,90.45867305849413,20.602949228443
Panasonic,Lumix DMC GF6,872,12800,11591.0,231.64283164719,90.84032613615295,20.62165410109
Panasonic,Lumix DMC GF6,872,12800,11591.0,232.61604699522,91.22197921381176,20.640268655327
Panasonic,Lumix DMC GF6,872,12800,11591.0,233.58926234326,91.60363229147451,20.658793698677
Panasonic,Lumix DMC GF6,872,12800,11591.0,234.56247769129,91.98528536913334,20.677230028025
Panasonic,Lumix DMC GF6,872,12800,11591.0,235.53569303933,92.36693844679607,20.695578429801
Panasonic,Lumix DMC GF6,872,12800,11591.0,236.50890838736,92.74859152445491,20.713839680164
Panasonic,Lumix DMC GF6,872,12800,11591.0,237.48212373539,93.13024460211372,20.732014545174
Panasonic,Lumix DMC GF6,872,12800,11591.0,238.45533908343,93.51189767977647,20.750103780969
Panasonic,Lumix DMC GF6,872,12800,11591.0,239.42855443146,93.89355075743528,20.768108133933
Panasonic,Lumix DMC GF6,872,12800,11591.0,240.40176977949,94.27520383509412,20.786028340861
Panasonic,Lumix DMC GF6,872,12800,11591.0,241.37498512753,94.65685691275687,20.803865129123
Panasonic,Lumix DMC GF6,872,12800,11591.0,242.34820047556,95.03850999041569,20.821619216821
Panasonic,Lumix DMC GF6,872,12800,11591.0,243.3214158236,95.42016306807844,20.839291312946
Panasonic,Lumix DMC GF6,872,12800,11591.0,244.29463117163,95.80181614573725,20.856882117528
Panasonic,Lumix DMC GF6,872,12800,11591.0,245.26784651966,96.18346922339607,20.874392321791
Panasonic,Lumix DMC GF6,872,12800,11591.0,246.2410618677,96.56512230105882,20.891822608291
Panasonic,Lumix DMC GF6,872,12800,11591.0,247.21427721573,96.94677537871765,20.909173651065
Panasonic,Lumix DMC GF6,872,12800,11591.0,248.18749256376,97.32842845637647,20.92644611577
Panasonic,Lumix DMC GF6,872,12800,11591.0,249.1607079118,97.7100815340392,20.943640659818
Panasonic,Lumix DMC GF6,872,12800,11591.0,250.13392325983,98.09173461169803,20.960757932513
Panasonic,Lumix DMC GF6,872,12800,11591.0,251.10713860786,98.47338768935685,20.977798575184
Panasonic,Lumix DMC GF6,872,12800,11591.0,252.0803539559,98.8550407670196,20.99476322131
Panasonic,Lumix DMC GF6,872,12800,11591.0,253.05356930393,99.23669384467844,21.011652496649
Panasonic,Lumix DMC GF6,872,12800,11591.0,254.02678465197,99.61834692234117,21.028467019363
Panasonic,Lumix DMC GF6,872,12800,11591.0,255,100.0,21.045207400139
Panasonic,Lumix DMC GF6,872,25600,22287.0,14.615809035681,5.731689817914118,0
Panasonic,Lumix DMC GF6,872,25600,22287.0,15.589024383715,6.11334289557451,0.50709709873522
Panasonic,Lumix DMC GF6,872,25600,22287.0,16.562239731749,6.494995973234902,0.98079226145667
Panasonic,Lumix DMC GF6,872,25600,22287.0,17.535455079782,6.876649050894902,1.4249504014931
Panasonic,Lumix DMC GF6,872,25600,22287.0,18.508670427816,7.258302128555294,1.8428082126362
Panasonic,Lumix DMC GF6,872,25600,22287.0,19.48188577585,7.639955206215686,2.2371031297264
Panasonic,Lumix DMC GF6,872,25600,22287.0,20.455101123883,8.021608283875686,2.6101708174581
Panasonic,Lumix DMC GF6,872,25600,22287.0,21.428316471917,8.403261361536078,2.9640199760159
Panasonic,Lumix DMC GF6,872,25600,22287.0,22.401531819951,8.78491443919647,3.3003905157836
Panasonic,Lumix DMC GF6,872,25600,22287.0,23.374747167984,9.166567516856471,3.620799349367
Panasonic,Lumix DMC GF6,872,25600,22287.0,24.347962516018,9.548220594516863,3.9265768346838
Panasonic,Lumix DMC GF6,872,25600,22287.0,25.321177864052,9.929873672177255,4.2188960696644
Panasonic,Lumix DMC GF6,872,25600,22287.0,26.294393212085,10.311526749837254,4.4987966575797
Panasonic,Lumix DMC GF6,872,25600,22287.0,27.267608560119,10.693179827497648,4.7672041497442
Panasonic,Lumix DMC GF6,872,25600,22287.0,28.240823908153,11.07483290515804,5.0249460758522
Panasonic,Lumix DMC GF6,872,25600,22287.0,29.214039256186,11.45648598281804,5.2727652561489
Panasonic,Lumix DMC GF6,872,25600,22287.0,30.18725460422,11.838139060478433,5.5113309302763
Panasonic,Lumix DMC GF6,872,25600,22287.0,31.160469952254,12.219792138138825,5.7412481187505
Panasonic,Lumix DMC GF6,872,25600,22287.0,32.133685300288,12.601445215799215,5.9630655434236
Panasonic,Lumix DMC GF6,872,25600,22287.0,33.106900648321,12.983098293459216,6.1772823650743
Panasonic,Lumix DMC GF6,872,25600,22287.0,34.080115996355,13.364751371119606,6.3843539438889
Panasonic,Lumix DMC GF6,872,25600,22287.0,35.053331344389,13.74640444878,6.5846967880155
Panasonic,Lumix DMC GF6,872,25600,22287.0,36.026546692422,14.128057526440003,6.778692823689
Panasonic,Lumix DMC GF6,872,25600,22287.0,36.999762040456,14.509710604100393,6.9666930955054
Panasonic,Lumix DMC GF6,872,25600,22287.0,37.97297738849,14.891363681760787,7.1490209856765
Panasonic,Lumix DMC GF6,872,25600,22287.0,38.946192736523,15.273016759420784,7.3259750253544
Panasonic,Lumix DMC GF6,872,25600,22287.0,39.919408084557,15.654669837081176,7.4978313584803
Panasonic,Lumix DMC GF6,872,25600,22287.0,40.892623432591,16.036322914741568,7.6648459084121
Panasonic,Lumix DMC GF6,872,25600,22287.0,41.865838780624,16.41797599240157,7.8272562893103
Panasonic,Lumix DMC GF6,872,25600,22287.0,42.839054128658,16.79962907006196,7.9852834975017
Panasonic,Lumix DMC GF6,872,25600,22287.0,43.812269476692,17.181282147722353,8.1391334125027
Panasonic,Lumix DMC GF6,872,25600,22287.0,44.785484824725,17.562935225382354,8.2889981328147
Panasonic,Lumix DMC GF6,872,25600,22287.0,45.758700172759,17.944588303042742,8.4350571678228
Panasonic,Lumix DMC GF6,872,25600,22287.0,46.731915520793,18.326241380703138,8.5774785039886
Panasonic,Lumix DMC GF6,872,25600,22287.0,47.705130868826,18.707894458363135,8.7164195608948
Panasonic,Lumix DMC GF6,872,25600,22287.0,48.67834621686,19.08954753602353,8.8520280505077
Panasonic,Lumix DMC GF6,872,25600,22287.0,49.651561564894,19.471200613683923,8.9844427511612
Panasonic,Lumix DMC GF6,872,25600,22287.0,50.624776912927,19.85285369134392,9.1137942062096
Panasonic,Lumix DMC GF6,872,25600,22287.0,51.597992260961,20.234506769004316,9.2402053559656
Panasonic,Lumix DMC GF6,872,25600,22287.0,52.571207608995,20.616159846664708,9.3637921104117
Panasonic,Lumix DMC GF6,872,25600,22287.0,53.544422957028,20.997812924324705,9.4846638692153
Panasonic,Lumix DMC GF6,872,25600,22287.0,54.517638305062,21.379466001985097,9.6029239947481
Panasonic,Lumix DMC GF6,872,25600,22287.0,55.490853653096,21.761119079645493,9.7186702431084
Panasonic,Lumix DMC GF6,872,25600,22287.0,56.464069001129,22.14277215730549,9.8319951575341
Panasonic,Lumix DMC GF6,872,25600,22287.0,57.437284349163,22.524425234965882,9.9429864280685
Panasonic,Lumix DMC GF6,872,25600,22287.0,58.410499697197,22.906078312626274,10.051727220888
Panasonic,Lumix DMC GF6,872,25600,22287.0,59.38371504523,23.28773139028627,10.158296480306
Panasonic,Lumix DMC GF6,872,25600,22287.0,60.356930393264,23.669384467946667,10.262769206117
Panasonic,Lumix DMC GF6,872,25600,22287.0,61.330145741298,24.051037545607056,10.365216708666
Panasonic,Lumix DMC GF6,872,25600,22287.0,62.303361089331,24.43269062326706,10.465706843733
Panasonic,Lumix DMC GF6,872,25600,22287.0,63.276576437365,24.814343700927452,10.564304229132
Panasonic,Lumix DMC GF6,872,25600,22287.0,64.249791785399,25.195996778587844,10.661070444693
Panasonic,Lumix DMC GF6,872,25600,22287.0,65.223007133433,25.577649856248236,10.756064217128
Panasonic,Lumix DMC GF6,872,25600,22287.0,66.196222481466,25.959302933908234,10.849341591138
Panasonic,Lumix DMC GF6,872,25600,22287.0,67.1694378295,26.34095601156863,10.940956087954
Panasonic,Lumix DMC GF6,872,25600,22287.0,68.142653177534,26.72260908922902,11.030958852416
Panasonic,Lumix DMC GF6,872,25600,22287.0,69.115868525567,27.104262166889022,11.119398789553
Panasonic,Lumix DMC GF6,872,25600,22287.0,70.089083873601,27.485915244549414,11.206322691561
Panasonic,Lumix DMC GF6,872,25600,22287.0,71.062299221635,27.867568322209806,11.291775355962
Panasonic,Lumix DMC GF6,872,25600,22287.0,72.035514569668,28.2492213998698,11.375799695681
Panasonic,Lumix DMC GF6,872,25600,22287.0,73.008729917702,28.630874477530195,11.458436841676
Panasonic,Lumix DMC GF6,872,25600,22287.0,73.981945265736,29.012527555190587,11.539726238736
Panasonic,Lumix DMC GF6,872,25600,22287.0,74.955160613769,29.394180632850585,11.619705734967
Panasonic,Lumix DMC GF6,872,25600,22287.0,75.928375961803,29.77583371051098,11.698411665462
Panasonic,Lumix DMC GF6,872,25600,22287.0,76.901591309837,30.157486788171372,11.775878930606
Panasonic,Lumix DMC GF6,872,25600,22287.0,77.87480665787,30.539139865831373,11.852141069413
Panasonic,Lumix DMC GF6,872,25600,22287.0,78.848022005904,30.920792943491765,11.927230328278
Panasonic,Lumix DMC GF6,872,25600,22287.0,79.821237353938,31.302446021152157,12.001177725475
Panasonic,Lumix DMC GF6,872,25600,22287.0,80.794452701971,31.68409909881216,12.074013111707
Panasonic,Lumix DMC GF6,872,25600,22287.0,81.767668050005,32.06575217647255,12.145765227009
Panasonic,Lumix DMC GF6,872,25600,22287.0,82.740883398039,32.447405254132946,12.21646175425
Panasonic,Lumix DMC GF6,872,25600,22287.0,83.714098746072,32.829058331792936,12.286129369478
Panasonic,Lumix DMC GF6,872,25600,22287.0,84.687314094106,33.21071140945333,12.354793789325
Panasonic,Lumix DMC GF6,872,25600,22287.0,85.66052944214,33.59236448711373,12.422479815686
Panasonic,Lumix DMC GF6,872,25600,22287.0,86.633744790173,33.974017564773725,12.489211377844
Panasonic,Lumix DMC GF6,872,25600,22287.0,87.606960138207,34.35567064243411,12.555011572217
Panasonic,Lumix DMC GF6,872,25600,22287.0,88.580175486241,34.73732372009451,12.61990269989
Panasonic,Lumix DMC GF6,872,25600,22287.0,89.553390834274,35.118976797754506,12.683906302075
Panasonic,Lumix DMC GF6,872,25600,22287.0,90.526606182308,35.5006298754149,12.747043193634
Panasonic,Lumix DMC GF6,872,25600,22287.0,91.499821530342,35.8822829530753,12.809333494788
Panasonic,Lumix DMC GF6,872,25600,22287.0,92.473036878375,36.263936030735294,12.870796661131
Panasonic,Lumix DMC GF6,872,25600,22287.0,93.446252226409,36.64558910839569,12.931451512058
Panasonic,Lumix DMC GF6,872,25600,22287.0,94.419467574443,37.02724218605608,12.991316257699
Panasonic,Lumix DMC GF6,872,25600,22287.0,95.392682922476,37.40889526371608,13.05040852446
Panasonic,Lumix DMC GF6,872,25600,22287.0,96.36589827051,37.79054834137647,13.108745379246
Panasonic,Lumix DMC GF6,872,25600,22287.0,97.339113618544,38.17220141903687,13.166343352461
Panasonic,Lumix DMC GF6,872,25600,22287.0,98.312328966578,38.553854496697255,13.223218459841
Panasonic,Lumix DMC GF6,872,25600,22287.0,99.285544314611,38.93550757435725,13.279386223203
Panasonic,Lumix DMC GF6,872,25600,22287.0,100.25875966264,39.31716065201569,13.33486169017
Panasonic,Lumix DMC GF6,872,25600,22287.0,101.23197501068,39.698813729678434,13.389659452925
Panasonic,Lumix DMC GF6,872,25600,22287.0,102.20519035871,40.08046680733726,13.443793666064
Panasonic,Lumix DMC GF6,872,25600,22287.0,103.17840570675,40.462119885,13.497278063585
Panasonic,Lumix DMC GF6,872,25600,22287.0,104.15162105478,40.84377296265882,13.550125975071
Panasonic,Lumix DMC GF6,872,25600,22287.0,105.12483640281,41.22542604031765,13.602350341111
Panasonic,Lumix DMC GF6,872,25600,22287.0,106.09805175085,41.6070791179804,13.653963728
Panasonic,Lumix DMC GF6,872,25600,22287.0,107.07126709888,41.988732195639216,13.704978341754
Panasonic,Lumix DMC GF6,872,25600,22287.0,108.04448244691,42.37038527329804,13.755406041492
Panasonic,Lumix DMC GF6,872,25600,22287.0,109.01769779495,42.75203835096078,13.805258352194
Panasonic,Lumix DMC GF6,872,25600,22287.0,109.99091314298,43.133691428619606,13.854546476903
Panasonic,Lumix DMC GF6,872,25600,22287.0,110.96412849102,43.515344506282354,13.903281308358
Panasonic,Lumix DMC GF6,872,25600,22287.0,111.93734383905,43.89699758394118,13.951473440136
Panasonic,Lumix DMC GF6,872,25600,22287.0,112.91055918708,44.2786506616,13.999133177284
Panasonic,Lumix DMC GF6,872,25600,22287.0,113.88377453512,44.660303739262744,14.046270546498
Panasonic,Lumix DMC GF6,872,25600,22287.0,114.85698988315,45.04195681692157,14.09289530586
Panasonic,Lumix DMC GF6,872,25600,22287.0,115.83020523118,45.423609894580395,14.139016954158
Panasonic,Lumix DMC GF6,872,25600,22287.0,116.80342057922,45.805262972243135,14.184644739807
Panasonic,Lumix DMC GF6,872,25600,22287.0,117.77663592725,46.18691604990196,14.229787669397
Panasonic,Lumix DMC GF6,872,25600,22287.0,118.74985127528,46.568569127560785,14.27445451588
Panasonic,Lumix DMC GF6,872,25600,22287.0,119.72306662332,46.95022220522353,14.318653826423
Panasonic,Lumix DMC GF6,872,25600,22287.0,120.69628197135,47.33187528288235,14.362393929931
Panasonic,Lumix DMC GF6,872,25600,22287.0,121.66949731939,47.7135283605451,14.405682944264
Panasonic,Lumix DMC GF6,872,25600,22287.0,122.64271266742,48.09518143820392,14.448528783166
Panasonic,Lumix DMC GF6,872,25600,22287.0,123.61592801545,48.47683451586274,14.490939162913
Panasonic,Lumix DMC GF6,872,25600,22287.0,124.58914336349,48.85848759352549,14.53292160869
Panasonic,Lumix DMC GF6,872,25600,22287.0,125.56235871152,49.24014067118432,14.574483460723
Panasonic,Lumix DMC GF6,872,25600,22287.0,126.53557405955,49.62179374884313,14.61563188017
Panasonic,Lumix DMC GF6,872,25600,22287.0,127.50878940759,50.00344682650588,14.656373854774
Panasonic,Lumix DMC GF6,872,25600,22287.0,128.48200475562,50.38509990416471,14.696716204305
Panasonic,Lumix DMC GF6,872,25600,22287.0,129.45522010366,50.766752981827445,14.73666558579
Panasonic,Lumix DMC GF6,872,25600,22287.0,130.42843545169,51.14840605948628,14.776228498542
Panasonic,Lumix DMC GF6,872,25600,22287.0,131.40165079972,51.53005913714509,14.815411289003
Panasonic,Lumix DMC GF6,872,25600,22287.0,132.37486614776,51.91171221480785,14.854220155396
Panasonic,Lumix DMC GF6,872,25600,22287.0,133.34808149579,52.293365292466675,14.892661152216
Panasonic,Lumix DMC GF6,872,25600,22287.0,134.32129684382,52.67501837012549,14.930740194542
Panasonic,Lumix DMC GF6,872,25600,22287.0,135.29451219186,53.05667144778824,14.968463062197
Panasonic,Lumix DMC GF6,872,25600,22287.0,136.26772753989,53.43832452544706,15.005835403755
Panasonic,Lumix DMC GF6,872,25600,22287.0,137.24094288792,53.81997760310588,15.042862740402
Panasonic,Lumix DMC GF6,872,25600,22287.0,138.21415823596,54.20163068076863,15.079550469657
Panasonic,Lumix DMC GF6,872,25600,22287.0,139.18737358399,54.58328375842745,15.11590386896
Panasonic,Lumix DMC GF6,872,25600,22287.0,140.16058893203,54.964936836090196,15.151928099135
Panasonic,Lumix DMC GF6,872,25600,22287.0,141.13380428006,55.346589913749014,15.187628207726
Panasonic,Lumix DMC GF6,872,25600,22287.0,142.10701962809,55.72824299140784,15.223009132219
Panasonic,Lumix DMC GF6,872,25600,22287.0,143.08023497613,56.10989606907059,15.25807570315
Panasonic,Lumix DMC GF6,872,25600,22287.0,144.05345032416,56.49154914672941,15.292832647111
Panasonic,Lumix DMC GF6,872,25600,22287.0,145.02666567219,56.873202224388244,15.32728458964
Panasonic,Lumix DMC GF6,872,25600,22287.0,145.99988102023,57.25485530205098,15.361436058027
Panasonic,Lumix DMC GF6,872,25600,22287.0,146.97309636826,57.6365083797098,15.395291484015
Panasonic,Lumix DMC GF6,872,25600,22287.0,147.9463117163,58.01816145737254,15.428855206413
Panasonic,Lumix DMC GF6,872,25600,22287.0,148.91952706433,58.39981453503137,15.462131473619
Panasonic,Lumix DMC GF6,872,25600,22287.0,149.89274241236,58.7814676126902,15.495124446066
Panasonic,Lumix DMC GF6,872,25600,22287.0,150.8659577604,59.16312069035294,15.527838198576
Panasonic,Lumix DMC GF6,872,25600,22287.0,151.83917310843,59.54477376801176,15.560276722648
Panasonic,Lumix DMC GF6,872,25600,22287.0,152.81238845646,59.92642684567059,15.592443928662
Panasonic,Lumix DMC GF6,872,25600,22287.0,153.7856038045,60.30807992333334,15.624343648017
Panasonic,Lumix DMC GF6,872,25600,22287.0,154.75881915253,60.68973300099216,15.655979635198
Panasonic,Lumix DMC GF6,872,25600,22287.0,155.73203450056,61.07138607865098,15.687355569774
Panasonic,Lumix DMC GF6,872,25600,22287.0,156.7052498486,61.45303915631373,15.71847505834
Panasonic,Lumix DMC GF6,872,25600,22287.0,157.67846519663,61.83469223397255,15.74934163639
Panasonic,Lumix DMC GF6,872,25600,22287.0,158.65168054467,62.216345311635294,15.779958770131
Panasonic,Lumix DMC GF6,872,25600,22287.0,159.6248958927,62.59799838929412,15.810329858248
Panasonic,Lumix DMC GF6,872,25600,22287.0,160.59811124073,62.97965146695294,15.840458233603
Panasonic,Lumix DMC GF6,872,25600,22287.0,161.57132658877,63.36130454461569,15.87034716489
Panasonic,Lumix DMC GF6,872,25600,22287.0,162.5445419368,63.74295762227451,15.899999858238
Panasonic,Lumix DMC GF6,872,25600,22287.0,163.51775728483,64.12461069993334,15.929419458757
Panasonic,Lumix DMC GF6,872,25600,22287.0,164.49097263287,64.50626377759609,15.95860905205
Panasonic,Lumix DMC GF6,872,25600,22287.0,165.4641879809,64.8879168552549,15.987571665667
Panasonic,Lumix DMC GF6,872,25600,22287.0,166.43740332893,65.26956993291373,16.016310270523
Panasonic,Lumix DMC GF6,872,25600,22287.0,167.41061867697,65.65122301057646,16.044827782271
Panasonic,Lumix DMC GF6,872,25600,22287.0,168.383834025,66.0328760882353,16.073127062634
Panasonic,Lumix DMC GF6,872,25600,22287.0,169.35704937304,66.41452916589805,16.101210920697
Panasonic,Lumix DMC GF6,872,25600,22287.0,170.33026472107,66.79618224355686,16.129082114164
Panasonic,Lumix DMC GF6,872,25600,22287.0,171.3034800691,67.17783532121568,16.156743350572
Panasonic,Lumix DMC GF6,872,25600,22287.0,172.27669541714,67.55948839887843,16.184197288481
Panasonic,Lumix DMC GF6,872,25600,22287.0,173.24991076517,67.94114147653725,16.211446538615
Panasonic,Lumix DMC GF6,872,25600,22287.0,174.2231261132,68.3227945541961,16.238493664981
Panasonic,Lumix DMC GF6,872,25600,22287.0,175.19634146124,68.70444763185883,16.265341185954
Panasonic,Lumix DMC GF6,872,25600,22287.0,176.16955680927,69.08610070951765,16.291991575327
Panasonic,Lumix DMC GF6,872,25600,22287.0,177.14277215731,69.46775378718038,16.318447263334
Panasonic,Lumix DMC GF6,872,25600,22287.0,178.11598750534,69.84940686483921,16.344710637648
Panasonic,Lumix DMC GF6,872,25600,22287.0,179.08920285337,70.23105994249804,16.370784044343
Panasonic,Lumix DMC GF6,872,25600,22287.0,180.06241820141,70.61271302016078,16.396669788835
Panasonic,Lumix DMC GF6,872,25600,22287.0,181.03563354944,70.99436609781961,16.422370136795
Panasonic,Lumix DMC GF6,872,25600,22287.0,182.00884889747,71.37601917547842,16.447887315039
Panasonic,Lumix DMC GF6,872,25600,22287.0,182.98206424551,71.75767225314118,16.47322351239
Panasonic,Lumix DMC GF6,872,25600,22287.0,183.95527959354,72.1393253308,16.498380880518
Panasonic,Lumix DMC GF6,872,25600,22287.0,184.92849494157,72.52097840845883,16.523361534761
Panasonic,Lumix DMC GF6,872,25600,22287.0,185.90171028961,72.90263148612158,16.548167554915
Panasonic,Lumix DMC GF6,872,25600,22287.0,186.87492563764,73.28428456378039,16.572800986013
Panasonic,Lumix DMC GF6,872,25600,22287.0,187.84814098568,73.66593764144314,16.597263839074
Panasonic,Lumix DMC GF6,872,25600,22287.0,188.82135633371,74.04759071910196,16.621558091841
Panasonic,Lumix DMC GF6,872,25600,22287.0,189.79457168174,74.42924379676079,16.645685689492
Panasonic,Lumix DMC GF6,872,25600,22287.0,190.76778702978,74.81089687442353,16.669648545335
Panasonic,Lumix DMC GF6,872,25600,22287.0,191.74100237781,75.19254995208236,16.693448541487
Panasonic,Lumix DMC GF6,872,25600,22287.0,192.71421772584,75.57420302974117,16.717087529531
Panasonic,Lumix DMC GF6,872,25600,22287.0,193.68743307388,75.95585610740392,16.74056733116
Panasonic,Lumix DMC GF6,872,25600,22287.0,194.66064842191,76.33750918506274,16.763889738802
Panasonic,Lumix DMC GF6,872,25600,22287.0,195.63386376995,76.71916226272549,16.787056516228
Panasonic,Lumix DMC GF6,872,25600,22287.0,196.60707911798,77.10081534038432,16.810069399149
Panasonic,Lumix DMC GF6,872,25600,22287.0,197.58029446601,77.48246841804314,16.832930095794
Panasonic,Lumix DMC GF6,872,25600,22287.0,198.55350981405,77.86412149570587,16.855640287472
Panasonic,Lumix DMC GF6,872,25600,22287.0,199.52672516208,78.2457745733647,16.878201629123
Panasonic,Lumix DMC GF6,872,25600,22287.0,200.49994051011,78.62742765102352,16.900615749858
Panasonic,Lumix DMC GF6,872,25600,22287.0,201.47315585815,79.00908072868627,16.922884253475
Panasonic,Lumix DMC GF6,872,25600,22287.0,202.44637120618,79.39073380634511,16.945008718975
Panasonic,Lumix DMC GF6,872,25600,22287.0,203.41958655421,79.77238688400394,16.966990701056
Panasonic,Lumix DMC GF6,872,25600,22287.0,204.39280190225,80.15403996166667,16.988831730598
Panasonic,Lumix DMC GF6,872,25600,22287.0,205.36601725028,80.5356930393255,17.010533315137
Panasonic,Lumix DMC GF6,872,25600,22287.0,206.33923259832,80.91734611698823,17.032096939329
Panasonic,Lumix DMC GF6,872,25600,22287.0,207.31244794635,81.29899919464705,17.053524065393
Panasonic,Lumix DMC GF6,872,25600,22287.0,208.28566329438,81.68065227230588,17.074816133561
Panasonic,Lumix DMC GF6,872,25600,22287.0,209.25887864242,82.06230534996863,17.095974562497
Panasonic,Lumix DMC GF6,872,25600,22287.0,210.23209399045,82.44395842762745,17.117000749722
Panasonic,Lumix DMC GF6,872,25600,22287.0,211.20530933848,82.82561150528626,17.13789607202
Panasonic,Lumix DMC GF6,872,25600,22287.0,212.17852468652,83.20726458294902,17.158661885838
Panasonic,Lumix DMC GF6,872,25600,22287.0,213.15174003455,83.58891766060785,17.179299527676
Panasonic,Lumix DMC GF6,872,25600,22287.0,214.12495538259,83.9705707382706,17.199810314465
Panasonic,Lumix DMC GF6,872,25600,22287.0,215.09817073062,84.35222381592942,17.220195543941
Panasonic,Lumix DMC GF6,872,25600,22287.0,216.07138607865,84.73387689358823,17.240456495009
Panasonic,Lumix DMC GF6,872,25600,22287.0,217.04460142669,85.11552997125098,17.260594428091
Panasonic,Lumix DMC GF6,872,25600,22287.0,218.01781677472,85.4971830489098,17.280610585482
Panasonic,Lumix DMC GF6,872,25600,22287.0,218.99103212275,85.87883612656863,17.300506191678
Panasonic,Lumix DMC GF6,872,25600,22287.0,219.96424747079,86.26048920423138,17.320282453717
Panasonic,Lumix DMC GF6,872,25600,22287.0,220.93746281882,86.64214228189019,17.339940561491
Panasonic,Lumix DMC GF6,872,25600,22287.0,221.91067816685,87.02379535954901,17.359481688071
Panasonic,Lumix DMC GF6,872,25600,22287.0,222.88389351489,87.40544843721176,17.378906990011
Panasonic,Lumix DMC GF6,872,25600,22287.0,223.85710886292,87.78710151487059,17.398217607649
Panasonic,Lumix DMC GF6,872,25600,22287.0,224.83032421096,88.16875459253333,17.417414665405
Panasonic,Lumix DMC GF6,872,25600,22287.0,225.80353955899,88.55040767019216,17.436499272066
Panasonic,Lumix DMC GF6,872,25600,22287.0,226.77675490702,88.93206074785098,17.455472521069
Panasonic,Lumix DMC GF6,872,25600,22287.0,227.74997025506,89.31371382551372,17.47433549078
Panasonic,Lumix DMC GF6,872,25600,22287.0,228.72318560309,89.69536690317254,17.493089244755
Panasonic,Lumix DMC GF6,872,25600,22287.0,229.69640095112,90.07701998083138,17.511734832015
Panasonic,Lumix DMC GF6,872,25600,22287.0,230.66961629916,90.45867305849413,17.530273287292
Panasonic,Lumix DMC GF6,872,25600,22287.0,231.64283164719,90.84032613615295,17.54870563129
Panasonic,Lumix DMC GF6,872,25600,22287.0,232.61604699522,91.22197921381176,17.567032870931
Panasonic,Lumix DMC GF6,872,25600,22287.0,233.58926234326,91.60363229147451,17.585255999589
Panasonic,Lumix DMC GF6,872,25600,22287.0,234.56247769129,91.98528536913334,17.603375997335
Panasonic,Lumix DMC GF6,872,25600,22287.0,235.53569303933,92.36693844679607,17.621393831164
Panasonic,Lumix DMC GF6,872,25600,22287.0,236.50890838736,92.74859152445491,17.639310455222
Panasonic,Lumix DMC GF6,872,25600,22287.0,237.48212373539,93.13024460211372,17.657126811027
Panasonic,Lumix DMC GF6,872,25600,22287.0,238.45533908343,93.51189767977647,17.674843827685
Panasonic,Lumix DMC GF6,872,25600,22287.0,239.42855443146,93.89355075743528,17.692462422106
Panasonic,Lumix DMC GF6,872,25600,22287.0,240.40176977949,94.27520383509412,17.709983499206
Panasonic,Lumix DMC GF6,872,25600,22287.0,241.37498512753,94.65685691275687,17.727407952115
Panasonic,Lumix DMC GF6,872,25600,22287.0,242.34820047556,95.03850999041569,17.744736662375
Panasonic,Lumix DMC GF6,872,25600,22287.0,243.3214158236,95.42016306807844,17.761970500133
Panasonic,Lumix DMC GF6,872,25600,22287.0,244.29463117163,95.80181614573725,17.779110324335
Panasonic,Lumix DMC GF6,872,25600,22287.0,245.26784651966,96.18346922339607,17.796156982911
Panasonic,Lumix DMC GF6,872,25600,22287.0,246.2410618677,96.56512230105882,17.813111312957
Panasonic,Lumix DMC GF6,872,25600,22287.0,247.21427721573,96.94677537871765,17.829974140921
Panasonic,Lumix DMC GF6,872,25600,22287.0,248.18749256376,97.32842845637647,17.846746282769
Panasonic,Lumix DMC GF6,872,25600,22287.0,249.1607079118,97.7100815340392,17.863428544165
Panasonic,Lumix DMC GF6,872,25600,22287.0,250.13392325983,98.09173461169803,17.880021720638
Panasonic,Lumix DMC GF6,872,25600,22287.0,251.10713860786,98.47338768935685,17.896526597744
Panasonic,Lumix DMC GF6,872,25600,22287.0,252.0803539559,98.8550407670196,17.912943951232
Panasonic,Lumix DMC GF6,872,25600,22287.0,253.05356930393,99.23669384467844,17.929274547202
Panasonic,Lumix DMC GF6,872,25600,22287.0,254.02678465197,99.61834692234117,17.945519142259
Panasonic,Lumix DMC GF6,872,25600,22287.0,255,100.0,17.961678483669
