brand,model,sensor_id,iso_manufacturer,iso_measured,gray_level_255,gray_pct,snr_db
Pentax,K 01,783,100,86.0,0.046748440464148,0.018332721750646274,0
Pentax,K 01,783,100,86.0,0.07072003748618,0.027733348033796075,3.2962286881604
Pentax,K 01,783,100,86.0,0.12004171205194,0.04707518119683921,7.3342802638727
Pentax,K 01,783,100,86.0,0.2104094734402,0.08251351899615687,11.342150796141
Pentax,K 01,783,100,86.0,0.38432650403308,0.15071627609140392,15.276526021019
Pentax,K 01,783,100,86.0,0.51816792835773,0.20320310915989412,17.083681926143
Pentax,K 01,783,100,86.0,1.0747928540085,0.4214873937288236,21.138036667147
Pentax,K 01,783,100,86.0,2.1690707926816,0.8506159971300392,24.667318448893
Pentax,K 01,783,100,86.0,4.3777925721108,1.7167814008277646,27.958966107712
Pentax,K 01,783,100,86.0,5.3924573795112,2.1146891684357643,28.904198647876
Pentax,K 01,783,100,86.0,6.4071221869115,2.5125969360437255,29.677101807752
Pentax,K 01,783,100,86.0,7.4217869943119,2.9105047036517258,30.330282264579
Pentax,K 01,783,100,86.0,8.4364518017123,3.308412471259726,30.895457739569
Pentax,K 01,783,100,86.0,9.4511166091126,3.706320238867686,31.393221989599
Pentax,K 01,783,100,86.0,10.465781416513,4.104228006475686,31.837701208955
Pentax,K 01,783,100,86.0,11.480446223913,4.50213577408353,32.239005082858
Pentax,K 01,783,100,86.0,12.495111031314,4.9000435416917645,32.604617356045
Pentax,K 01,783,100,86.0,13.509775838714,5.2979513092996084,32.940232625076
Pentax,K 01,783,100,86.0,14.524440646114,5.695859076907451,33.250284449419
Pentax,K 01,783,100,86.0,15.539105453515,6.093766844515686,33.538292022185
Pentax,K 01,783,100,86.0,16.553770260915,6.491674612123529,33.807095387765
Pentax,K 01,783,100,86.0,17.568435068316,6.889582379731764,34.059019602636
Pentax,K 01,783,100,86.0,18.583099875716,7.287490147339609,34.295992128022
Pentax,K 01,783,100,86.0,19.597764683116,7.685397914947452,34.519628579737
Pentax,K 01,783,100,86.0,20.612429490517,8.083305682555686,34.73129654586
Pentax,K 01,783,100,86.0,21.627094297917,8.48121345016353,34.932163875587
Pentax,K 01,783,100,86.0,22.641759105317,8.879121217771372,35.123235762855
Pentax,K 01,783,100,86.0,23.656423912718,9.277028985379609,35.305383606264
Pentax,K 01,783,100,86.0,24.671088720118,9.67493675298745,35.479367740641
Pentax,K 01,783,100,86.0,25.685753527518,10.072844520595293,35.645855538134
Pentax,K 01,783,100,86.0,26.700418334919,10.47075228820353,35.805435966338
Pentax,K 01,783,100,86.0,27.715083142319,10.868660055811372,35.958631404223
Pentax,K 01,783,100,86.0,28.729747949719,11.266567823419214,36.105907313147
Pentax,K 01,783,100,86.0,29.74441275712,11.66447559102745,36.247680213801
Pentax,K 01,783,100,86.0,30.75907756452,12.062383358635294,36.384324313105
Pentax,K 01,783,100,86.0,31.773742371921,12.46029112624353,36.516177046256
Pentax,K 01,783,100,86.0,32.788407179321,12.858198893851371,36.643543740263
Pentax,K 01,783,100,86.0,33.803071986721,13.256106661459215,36.766701560952
Pentax,K 01,783,100,86.0,34.817736794122,13.654014429067452,36.885902871588
Pentax,K 01,783,100,86.0,35.832401601522,14.051922196675296,37.001378105335
Pentax,K 01,783,100,86.0,36.847066408922,14.449829964283136,37.113338233605
Pentax,K 01,783,100,86.0,37.861731216323,14.847737731891373,37.221976896654
Pentax,K 01,783,100,86.0,38.876396023723,15.245645499499213,37.32747225041
Pentax,K 01,783,100,86.0,39.891060831123,15.643553267107057,37.429988573698
Pentax,K 01,783,100,86.0,40.905725638524,16.041461034715294,37.529677672225
Pentax,K 01,783,100,86.0,41.920390445924,16.439368802323138,37.626680109409
Pentax,K 01,783,100,86.0,42.935055253325,16.837276569931372,37.721126289046
Pentax,K 01,783,100,86.0,43.949720060725,17.235184337539216,37.813137410732
Pentax,K 01,783,100,86.0,44.964384868125,17.63309210514706,37.902826315555
Pentax,K 01,783,100,86.0,45.979049675526,18.030999872755295,37.990298236854
Pentax,K 01,783,100,86.0,46.993714482926,18.42890764036314,38.075651468544
Pentax,K 01,783,100,86.0,48.008379290326,18.82681540797098,38.158977961641
Pentax,K 01,783,100,86.0,49.023044097727,19.224723175579218,38.240363858036
Pentax,K 01,783,100,86.0,50.037708905127,19.62263094318706,38.319889969294
Pentax,K 01,783,100,86.0,51.052373712527,20.020538710794902,38.39763220712
Pentax,K 01,783,100,86.0,52.067038519928,20.418446478403133,38.473661971235
Pentax,K 01,783,100,86.0,53.081703327328,20.81635424601098,38.548046499626
Pentax,K 01,783,100,86.0,54.096368134728,21.214262013618825,38.620849185458
Pentax,K 01,783,100,86.0,55.111032942129,21.61216978122706,38.692129864391
Pentax,K 01,783,100,86.0,56.125697749529,22.010077548834904,38.761945075551
Pentax,K 01,783,100,86.0,57.14036255693,22.40798531644314,38.830348299013
Pentax,K 01,783,100,86.0,58.15502736433,22.805893084050982,38.897390172272
Pentax,K 01,783,100,86.0,59.16969217173,23.203800851658823,38.963118687907
Pentax,K 01,783,100,86.0,60.184356979131,23.601708619267058,39.027579374364
Pentax,K 01,783,100,86.0,61.199021786531,23.9996163868749,39.090815461545
Pentax,K 01,783,100,86.0,62.213686593931,24.397524154482745,39.152868032736
Pentax,K 01,783,100,86.0,63.228351401332,24.79543192209098,39.213776164172
Pentax,K 01,783,100,86.0,64.243016208732,25.193339689698824,39.273577053459
Pentax,K 01,783,100,86.0,65.257681016132,25.591247457306665,39.332306137878
Pentax,K 01,783,100,86.0,66.272345823533,25.9891552249149,39.38999720353
Pentax,K 01,783,100,86.0,67.287010630933,26.387062992522743,39.446682486148
Pentax,K 01,783,100,86.0,68.301675438333,26.784970760130587,39.502392764339
Pentax,K 01,783,100,86.0,69.316340245734,27.182878527738826,39.557157445914
Pentax,K 01,783,100,86.0,70.331005053134,27.58078629534667,39.611004647932
Pentax,K 01,783,100,86.0,71.345669860535,27.9786940629549,39.663961270973
Pentax,K 01,783,100,86.0,72.360334667935,28.37660183056275,39.71605306816
Pentax,K 01,783,100,86.0,73.374999475335,28.77450959817059,39.767304709343
Pentax,K 01,783,100,86.0,74.389664282736,29.172417365778823,39.817739840872
Pentax,K 01,783,100,86.0,75.404329090136,29.570325133386667,39.867381141294
Pentax,K 01,783,100,86.0,76.418993897536,29.968232900994508,39.916250373321
Pentax,K 01,783,100,86.0,77.433658704937,30.366140668602746,39.964368432351
Pentax,K 01,783,100,86.0,78.448323512337,30.76404843621059,40.011755391828
Pentax,K 01,783,100,86.0,79.462988319738,31.161956203818825,40.058430545665
Pentax,K 01,783,100,86.0,80.477653127138,31.559863971426665,40.104412447978
Pentax,K 01,783,100,86.0,81.492317934538,31.957771739034506,40.149718950312
Pentax,K 01,783,100,86.0,82.506982741939,32.355679506642744,40.19436723656
Pentax,K 01,783,100,86.0,83.521647549339,32.753587274250584,40.238373855744
Pentax,K 01,783,100,86.0,84.536312356739,33.15149504185843,40.281754752799
Pentax,K 01,783,100,86.0,85.55097716414,33.54940280946666,40.324525297526
Pentax,K 01,783,100,86.0,86.56564197154,33.94731057707451,40.366700311827
Pentax,K 01,783,100,86.0,87.58030677894,34.34521834468235,40.408294095344
Pentax,K 01,783,100,86.0,88.594971586341,34.74312611229059,40.449320449626
Pentax,K 01,783,100,86.0,89.609636393741,35.14103387989843,40.489792700904
Pentax,K 01,783,100,86.0,90.624301201142,35.53894164750667,40.529723721592
Pentax,K 01,783,100,86.0,91.638966008542,35.93684941511451,40.569125950573
Pentax,K 01,783,100,86.0,92.653630815942,36.33475718272235,40.608011412377
Pentax,K 01,783,100,86.0,93.668295623343,36.73266495033059,40.646391735303
Pentax,K 01,783,100,86.0,94.682960430743,37.130572717938435,40.68427816857
Pentax,K 01,783,100,86.0,95.697625238143,37.528480485546275,40.721681598536
Pentax,K 01,783,100,86.0,96.712290045544,37.92638825315451,40.758612564079
Pentax,K 01,783,100,86.0,97.726954852944,38.324296020762354,40.795081271157
Pentax,K 01,783,100,86.0,98.741619660344,38.722203788370194,40.831097606617
Pentax,K 01,783,100,86.0,99.756284467745,39.12011155597843,40.866671151305
Pentax,K 01,783,100,86.0,100.77094927515,39.51801932358824,40.901811192497
Pentax,K 01,783,100,86.0,101.78561408255,39.91592709119608,40.936526735717
Pentax,K 01,783,100,86.0,102.80027888995,40.31383485880392,40.970826515958
Pentax,K 01,783,100,86.0,103.81494369735,40.71174262641177,41.004719008359
Pentax,K 01,783,100,86.0,104.82960850475,41.10965039401961,41.03821243835
Pentax,K 01,783,100,86.0,105.84427331215,41.50755816162745,41.07131479132
Pentax,K 01,783,100,86.0,106.85893811955,41.9054659292353,41.104033821815
Pentax,K 01,783,100,86.0,107.87360292695,42.30337369684314,41.136377062296
Pentax,K 01,783,100,86.0,108.88826773435,42.70128146445098,41.168351831497
Pentax,K 01,783,100,86.0,109.90293254175,43.099189232058826,41.199965242383
Pentax,K 01,783,100,86.0,110.91759734915,43.49709699966667,41.231224209751
Pentax,K 01,783,100,86.0,111.93226215655,43.89500476727451,41.262135457477
Pentax,K 01,783,100,86.0,112.94692696395,44.292912534882355,41.292705525435
Pentax,K 01,783,100,86.0,113.96159177135,44.690820302490195,41.322940776112
Pentax,K 01,783,100,86.0,114.97625657875,45.088728070098036,41.352847400924
Pentax,K 01,783,100,86.0,115.99092138615,45.48663583770588,41.382431426252
Pentax,K 01,783,100,86.0,117.00558619355,45.88454360531372,41.411698719221
Pentax,K 01,783,100,86.0,118.02025100095,46.28245137292157,41.440654993221
Pentax,K 01,783,100,86.0,119.03491580835,46.68035914052941,41.469305813199
Pentax,K 01,783,100,86.0,120.04958061575,47.07826690813726,41.497656600718
Pentax,K 01,783,100,86.0,121.06424542315,47.4761746757451,41.525712638807
Pentax,K 01,783,100,86.0,122.07891023055,47.87408244335294,41.553479076611
Pentax,K 01,783,100,86.0,123.09357503795,48.27199021096079,41.580960933837
Pentax,K 01,783,100,86.0,124.10823984535,48.66989797856863,41.60816310503
Pentax,K 01,783,100,86.0,125.12290465275,49.06780574617647,41.635090363667
Pentax,K 01,783,100,86.0,126.13756946015,49.465713513784316,41.661747366086
Pentax,K 01,783,100,86.0,127.15223426755,49.863621281392156,41.688138655258
Pentax,K 01,783,100,86.0,128.16689907496,50.261529049003926,41.71426866441
Pentax,K 01,783,100,86.0,129.18156388236,50.65943681661176,41.740141720501
Pentax,K 01,783,100,86.0,130.19622868976,51.057344584219614,41.765762047566
Pentax,K 01,783,100,86.0,131.21089349716,51.45525235182744,41.791133769928
Pentax,K 01,783,100,86.0,132.22555830456,51.853160119435294,41.816260915283
Pentax,K 01,783,100,86.0,133.24022311196,52.251067887043135,41.841147417674
Pentax,K 01,783,100,86.0,134.25488791936,52.648975654650975,41.865797120343
Pentax,K 01,783,100,86.0,135.26955272676,53.046883422258816,41.89021377848
Pentax,K 01,783,100,86.0,136.28421753416,53.44479118986667,41.914401061874
Pentax,K 01,783,100,86.0,137.29888234156,53.8426989574745,41.938362557453
Pentax,K 01,783,100,86.0,138.31354714896,54.24060672508235,41.962101771741
Pentax,K 01,783,100,86.0,139.32821195636,54.638514492690206,41.985622133223
Pentax,K 01,783,100,86.0,140.34287676376,55.03642226029803,42.008926994616
Pentax,K 01,783,100,86.0,141.35754157116,55.43433002790589,42.032019635072
Pentax,K 01,783,100,86.0,142.37220637856,55.83223779551373,42.054903262288
Pentax,K 01,783,100,86.0,143.38687118596,56.23014556312157,42.077581014549
Pentax,K 01,783,100,86.0,144.40153599336,56.62805333072941,42.100055962699
Pentax,K 01,783,100,86.0,145.41620080076,57.02596109833726,42.122331112036
Pentax,K 01,783,100,86.0,146.43086560816,57.423868865945096,42.144409404149
Pentax,K 01,783,100,86.0,147.44553041556,57.82177663355294,42.166293718689
Pentax,K 01,783,100,86.0,148.46019522296,58.21968440116079,42.187986875071
Pentax,K 01,783,100,86.0,149.47486003036,58.61759216876863,42.209491634135
Pentax,K 01,783,100,86.0,150.48952483776,59.01549993637647,42.230810699731
Pentax,K 01,783,100,86.0,151.50418964516,59.41340770398432,42.251946720266
Pentax,K 01,783,100,86.0,152.51885445256,59.81131547159215,42.272902290192
Pentax,K 01,783,100,86.0,153.53351925996,60.20922323920001,42.293679951444
Pentax,K 01,783,100,86.0,154.54818406736,60.60713100680785,42.314282194833
Pentax,K 01,783,100,86.0,155.56284887476,61.00503877441569,42.334711461394
Pentax,K 01,783,100,86.0,156.57751368216,61.40294654202353,42.354970143688
Pentax,K 01,783,100,86.0,157.59217848957,61.80085430963529,42.375060587061
Pentax,K 01,783,100,86.0,158.60684329697,62.19876207724314,42.394985090866
Pentax,K 01,783,100,86.0,159.62150810437,62.596669844850986,42.414745909641
Pentax,K 01,783,100,86.0,160.63617291177,62.994577612458826,42.434345254256
Pentax,K 01,783,100,86.0,161.65083771917,63.39248538006667,42.453785293018
Pentax,K 01,783,100,86.0,162.66550252657,63.79039314767452,42.473068152743
Pentax,K 01,783,100,86.0,163.68016733397,64.18830091528235,42.492195919797
Pentax,K 01,783,100,86.0,164.69483214137,64.5862086828902,42.511170641099
Pentax,K 01,783,100,86.0,165.70949694877,64.98411645049804,42.529994325102
Pentax,K 01,783,100,86.0,166.72416175617,65.38202421810588,42.548668942735
Pentax,K 01,783,100,86.0,167.73882656357,65.77993198571373,42.567196428323
Pentax,K 01,783,100,86.0,168.75349137097,66.17783975332158,42.585578680472
Pentax,K 01,783,100,86.0,169.76815617837,66.57574752092941,42.603817562936
Pentax,K 01,783,100,86.0,170.78282098577,66.97365528853726,42.621914905453
Pentax,K 01,783,100,86.0,171.79748579317,67.3715630561451,42.639872504554
Pentax,K 01,783,100,86.0,172.81215060057,67.76947082375294,42.657692124355
Pentax,K 01,783,100,86.0,173.82681540797,68.16737859136079,42.675375497319
Pentax,K 01,783,100,86.0,174.84148021537,68.56528635896863,42.692924325001
Pentax,K 01,783,100,86.0,175.85614502277,68.96319412657647,42.710340278764
Pentax,K 01,783,100,86.0,176.87080983017,69.36110189418432,42.727625000485
Pentax,K 01,783,100,86.0,177.88547463757,69.75900966179216,42.744780103234
Pentax,K 01,783,100,86.0,178.90013944497,70.1569174294,42.76180717193
Pentax,K 01,783,100,86.0,179.91480425237,70.55482519700784,42.778707763988
Pentax,K 01,783,100,86.0,180.92946905977,70.95273296461569,42.79548340994
Pentax,K 01,783,100,86.0,181.94413386717,71.35064073222352,42.812135614043
Pentax,K 01,783,100,86.0,182.95879867457,71.74854849983137,42.828665854866
Pentax,K 01,783,100,86.0,183.97346348197,72.1464562674392,42.845075585867
Pentax,K 01,783,100,86.0,184.98812828937,72.54436403504705,42.861366235944
Pentax,K 01,783,100,86.0,186.00279309678,72.94227180265884,42.877539209983
Pentax,K 01,783,100,86.0,187.01745790418,73.34017957026666,42.893595889383
Pentax,K 01,783,100,86.0,188.03212271158,73.73808733787452,42.909537632567
Pentax,K 01,783,100,86.0,189.04678751898,74.13599510548235,42.925365775481
Pentax,K 01,783,100,86.0,190.06145232638,74.5339028730902,42.941081632084
Pentax,K 01,783,100,86.0,191.07611713378,74.93181064069803,42.956686494815
Pentax,K 01,783,100,86.0,192.09078194118,75.3297184083059,42.972181635056
Pentax,K 01,783,100,86.0,193.10544674858,75.72762617591373,42.987568303579
Pentax,K 01,783,100,86.0,194.12011155598,76.12553394352157,43.002847730981
Pentax,K 01,783,100,86.0,195.13477636338,76.52344171112941,43.018021128112
Pentax,K 01,783,100,86.0,196.14944117078,76.92134947873726,43.033089686484
Pentax,K 01,783,100,86.0,197.16410597818,77.3192572463451,43.048054578677
Pentax,K 01,783,100,86.0,198.17877078558,77.71716501395295,43.062916958731
Pentax,K 01,783,100,86.0,199.19343559298,78.11507278156078,43.077677962528
Pentax,K 01,783,100,86.0,200.20810040038,78.51298054916863,43.092338708164
Pentax,K 01,783,100,86.0,201.22276520778,78.91088831677646,43.106900296314
Pentax,K 01,783,100,86.0,202.23743001518,79.30879608438431,43.121363810582
Pentax,K 01,783,100,86.0,203.25209482258,79.70670385199216,43.135730317853
Pentax,K 01,783,100,86.0,204.26675962998,80.10461161959999,43.150000868622
Pentax,K 01,783,100,86.0,205.28142443738,80.50251938720784,43.164176497328
Pentax,K 01,783,100,86.0,206.29608924478,80.90042715481569,43.178258222669
Pentax,K 01,783,100,86.0,207.31075405218,81.29833492242352,43.19224704792
Pentax,K 01,783,100,86.0,208.32541885958,81.69624269003137,43.206143961232
Pentax,K 01,783,100,86.0,209.34008366698,82.09415045763922,43.21994993593
Pentax,K 01,783,100,86.0,210.35474847438,82.49205822524705,43.233665930808
Pentax,K 01,783,100,86.0,211.36941328178,82.8899659928549,43.247292890403
Pentax,K 01,783,100,86.0,212.38407808918,83.28787376046274,43.260831745279
Pentax,K 01,783,100,86.0,213.39874289658,83.68578152807058,43.274283412293
Pentax,K 01,783,100,86.0,214.41340770398,84.08368929567843,43.287648794855
Pentax,K 01,783,100,86.0,215.42807251139,84.48159706329021,43.300928783193
Pentax,K 01,783,100,86.0,216.44273731879,84.87950483089803,43.314124254595
Pentax,K 01,783,100,86.0,217.45740212619,85.27741259850589,43.327236073657
Pentax,K 01,783,100,86.0,218.47206693359,85.67532036611372,43.340265092525
Pentax,K 01,783,100,86.0,219.48673174099,86.07322813372157,43.353212151123
Pentax,K 01,783,100,86.0,220.50139654839,86.4711359013294,43.366078077387
Pentax,K 01,783,100,86.0,221.51606135579,86.86904366893725,43.378863687483
Pentax,K 01,783,100,86.0,222.53072616319,87.2669514365451,43.391569786026
Pentax,K 01,783,100,86.0,223.54539097059,87.66485920415295,43.404197166295
Pentax,K 01,783,100,86.0,224.56005577799,88.06276697176078,43.416746610438
Pentax,K 01,783,100,86.0,225.57472058539,88.46067473936863,43.429218889677
Pentax,K 01,783,100,86.0,226.58938539279,88.85858250697648,43.441614764504
Pentax,K 01,783,100,86.0,227.60405020019,89.25649027458431,43.453934984879
Pentax,K 01,783,100,86.0,228.61871500759,89.65439804219216,43.466180290419
Pentax,K 01,783,100,86.0,229.63337981499,90.0523058098,43.478351410579
Pentax,K 01,783,100,86.0,230.64804462239,90.45021357740784,43.490449064838
Pentax,K 01,783,100,86.0,231.66270942979,90.84812134501568,43.502473962878
Pentax,K 01,783,100,86.0,232.67737423719,91.24602911262353,43.514426804752
Pentax,K 01,783,100,86.0,233.69203904459,91.64393688023137,43.526308281056
Pentax,K 01,783,100,86.0,234.70670385199,92.04184464783921,43.538119073098
Pentax,K 01,783,100,86.0,235.72136865939,92.43975241544706,43.549859853058
Pentax,K 01,783,100,86.0,236.73603346679,92.8376601830549,43.561531284144
Pentax,K 01,783,100,86.0,237.75069827419,93.23556795066274,43.573134020755
Pentax,K 01,783,100,86.0,238.76536308159,93.63347571827059,43.584668708626
Pentax,K 01,783,100,86.0,239.78002788899,94.03138348587842,43.596135984979
Pentax,K 01,783,100,86.0,240.79469269639,94.42929125348628,43.607536478672
Pentax,K 01,783,100,86.0,241.80935750379,94.82719902109412,43.618870810338
Pentax,K 01,783,100,86.0,242.82402231119,95.22510678870196,43.630139592526
Pentax,K 01,783,100,86.0,243.8386871186,95.62301455631372,43.641343429838
Pentax,K 01,783,100,86.0,244.853351926,96.02092232392157,43.652482919061
Pentax,K 01,783,100,86.0,245.8680167334,96.4188300915294,43.663558649302
Pentax,K 01,783,100,86.0,246.8826815408,96.81673785913726,43.674571202113
Pentax,K 01,783,100,86.0,247.8973463482,97.2146456267451,43.685521151618
Pentax,K 01,783,100,86.0,248.9120111556,97.61255339435294,43.696409064636
Pentax,K 01,783,100,86.0,249.926675963,98.01046116196078,43.707235500801
Pentax,K 01,783,100,86.0,250.9413407704,98.40836892956862,43.718001012684
Pentax,K 01,783,100,86.0,251.9560055778,98.80627669717647,43.728706145901
Pentax,K 01,783,100,86.0,252.9706703852,99.20418446478432,43.739351439234
Pentax,K 01,783,100,86.0,253.9853351926,99.60209223239215,43.749937424741
Pentax,K 01,783,100,86.0,255,100.0,43.760464627858
Pentax,K 01,783,200,172.0,0.07072003748618,0.027733348033796075,0
Pentax,K 01,783,200,172.0,0.12004171205194,0.04707518119683921,4.0751304705222
Pentax,K 01,783,200,172.0,0.2104094734402,0.08251351899615687,8.1325405024528
Pentax,K 01,783,200,172.0,0.38432650403308,0.15071627609140392,12.125849661645
Pentax,K 01,783,200,172.0,0.51816792835773,0.20320310915989412,13.961555704624
Pentax,K 01,783,200,172.0,1.0747928540085,0.4214873937288236,18.076230802347
Pentax,K 01,783,200,172.0,2.1690707926816,0.8506159971300392,21.64774767833
Pentax,K 01,783,200,172.0,4.3777925721108,1.7167814008277646,24.970503648238
Pentax,K 01,783,200,172.0,5.3924573795112,2.1146891684357643,25.924135292603
Pentax,K 01,783,200,172.0,6.4071221869115,2.5125969360437255,26.704060726765
Pentax,K 01,783,200,172.0,7.4217869943119,2.9105047036517258,27.363422827464
Pentax,K 01,783,200,172.0,8.4364518017123,3.308412471259726,27.93422655207
Pentax,K 01,783,200,172.0,9.4511166091126,3.706320238867686,28.437233419277
Pentax,K 01,783,200,172.0,10.465781416513,4.104228006475686,28.886674195775
Pentax,K 01,783,200,172.0,11.480446223913,4.50213577408353,29.292727155082
Pentax,K 01,783,200,172.0,12.495111031314,4.9000435416917645,29.662922910159
Pentax,K 01,783,200,172.0,13.509775838714,5.2979513092996084,30.002989182934
Pentax,K 01,783,200,172.0,14.524440646114,5.695859076907451,30.317383617291
Pentax,K 01,783,200,172.0,15.539105453515,6.093766844515686,30.609643344814
Pentax,K 01,783,200,172.0,16.553770260915,6.491674612123529,30.882622051891
Pentax,K 01,783,200,172.0,17.568435068316,6.889582379731764,31.138655359965
Pentax,K 01,783,200,172.0,18.583099875716,7.287490147339609,31.379679044553
Pentax,K 01,783,200,172.0,19.597764683116,7.685397914947452,31.607315358652
Pentax,K 01,783,200,172.0,20.612429490517,8.083305682555686,31.822937257037
Pentax,K 01,783,200,172.0,21.627094297917,8.48121345016353,32.027716978851
Pentax,K 01,783,200,172.0,22.641759105317,8.879121217771372,32.222663347034
Pentax,K 01,783,200,172.0,23.656423912718,9.277028985379609,32.408650789211
Pentax,K 01,783,200,172.0,24.671088720118,9.67493675298745,32.586442190996
Pentax,K 01,783,200,172.0,25.685753527518,10.072844520595293,32.756707090303
Pentax,K 01,783,200,172.0,26.700418334919,10.47075228820353,32.920036307676
Pentax,K 01,783,200,172.0,27.715083142319,10.868660055811372,33.076953818728
Pentax,K 01,783,200,172.0,28.729747949719,11.266567823419214,33.227926469832
Pentax,K 01,783,200,172.0,29.74441275712,11.66447559102745,33.373371990674
Pentax,K 01,783,200,172.0,30.75907756452,12.062383358635294,33.513665649795
Pentax,K 01,783,200,172.0,31.773742371921,12.46029112624353,33.649145819838
Pentax,K 01,783,200,172.0,32.788407179321,12.858198893851371,33.780118660025
Pentax,K 01,783,200,172.0,33.803071986721,13.256106661459215,33.906862078717
Pentax,K 01,783,200,172.0,34.817736794122,13.654014429067452,34.029629104899
Pentax,K 01,783,200,172.0,35.832401601522,14.051922196675296,34.148650771336
Pentax,K 01,783,200,172.0,36.847066408922,14.449829964283136,34.264138591864
Pentax,K 01,783,200,172.0,37.861731216323,14.847737731891373,34.376286699511
Pentax,K 01,783,200,172.0,38.876396023723,15.245645499499213,34.485273699669
Pentax,K 01,783,200,172.0,39.891060831123,15.643553267107057,34.591264282715
Pentax,K 01,783,200,172.0,40.905725638524,16.041461034715294,34.694410632588
Pentax,K 01,783,200,172.0,41.920390445924,16.439368802323138,34.794853661551
Pentax,K 01,783,200,172.0,42.935055253325,16.837276569931372,34.892724096241
Pentax,K 01,783,200,172.0,43.949720060725,17.235184337539216,34.988143436001
Pentax,K 01,783,200,172.0,44.964384868125,17.63309210514706,35.081224801104
Pentax,K 01,783,200,172.0,45.979049675526,18.030999872755295,35.172073685701
Pentax,K 01,783,200,172.0,46.993714482926,18.42890764036314,35.26078862806
Pentax,K 01,783,200,172.0,48.008379290326,18.82681540797098,35.347461808756
Pentax,K 01,783,200,172.0,49.023044097727,19.224723175579218,35.432179585921
Pentax,K 01,783,200,172.0,50.037708905127,19.62263094318706,35.515022975326
Pentax,K 01,783,200,172.0,51.052373712527,20.020538710794902,35.596068081982
Pentax,K 01,783,200,172.0,52.067038519928,20.418446478403133,35.675386489027
Pentax,K 01,783,200,172.0,53.081703327328,20.81635424601098,35.753045608863
Pentax,K 01,783,200,172.0,54.096368134728,21.214262013618825,35.829109000865
Pentax,K 01,783,200,172.0,55.111032942129,21.61216978122706,35.903636659397
Pentax,K 01,783,200,172.0,56.125697749529,22.010077548834904,35.97668527542
Pentax,K 01,783,200,172.0,57.14036255693,22.40798531644314,36.048308474531
Pentax,K 01,783,200,172.0,58.15502736433,22.805893084050982,36.118557033948
Pentax,K 01,783,200,172.0,59.16969217173,23.203800851658823,36.187479080623
Pentax,K 01,783,200,172.0,60.184356979131,23.601708619267058,36.255120272435
Pentax,K 01,783,200,172.0,61.199021786531,23.9996163868749,36.321523964149
Pentax,K 01,783,200,172.0,62.213686593931,24.397524154482745,36.386731359676
Pentax,K 01,783,200,172.0,63.228351401332,24.79543192209098,36.450781651943
Pentax,K 01,783,200,172.0,64.243016208732,25.193339689698824,36.513712151584
Pentax,K 01,783,200,172.0,65.257681016132,25.591247457306665,36.575558405498
Pentax,K 01,783,200,172.0,66.272345823533,25.9891552249149,36.636354306217
Pentax,K 01,783,200,172.0,67.287010630933,26.387062992522743,36.696132192927
Pentax,K 01,783,200,172.0,68.301675438333,26.784970760130587,36.754922944895
Pentax,K 01,783,200,172.0,69.316340245734,27.182878527738826,36.812756067977
Pentax,K 01,783,200,172.0,70.331005053134,27.58078629534667,36.869659774813
Pentax,K 01,783,200,172.0,71.345669860535,27.9786940629549,36.925661059251
Pentax,K 01,783,200,172.0,72.360334667935,28.37660183056275,36.980785765497
Pentax,K 01,783,200,172.0,73.374999475335,28.77450959817059,37.035058652427
Pentax,K 01,783,200,172.0,74.389664282736,29.172417365778823,37.088503453467
Pentax,K 01,783,200,172.0,75.404329090136,29.570325133386667,37.141142932398
Pentax,K 01,783,200,172.0,76.418993897536,29.968232900994508,37.192998935415
Pentax,K 01,783,200,172.0,77.433658704937,30.366140668602746,37.244092439745
Pentax,K 01,783,200,172.0,78.448323512337,30.76404843621059,37.294443599079
Pentax,K 01,783,200,172.0,79.462988319738,31.161956203818825,37.344071786083
Pentax,K 01,783,200,172.0,80.477653127138,31.559863971426665,37.392995632188
Pentax,K 01,783,200,172.0,81.492317934538,31.957771739034506,37.441233064898
Pentax,K 01,783,200,172.0,82.506982741939,32.355679506642744,37.488801342756
Pentax,K 01,783,200,172.0,83.521647549339,32.753587274250584,37.53571708819
Pentax,K 01,783,200,172.0,84.536312356739,33.15149504185843,37.581996318349
Pentax,K 01,783,200,172.0,85.55097716414,33.54940280946666,37.627654474103
Pentax,K 01,783,200,172.0,86.56564197154,33.94731057707451,37.672706447325
Pentax,K 01,783,200,172.0,87.58030677894,34.34521834468235,37.717166606577
Pentax,K 01,783,200,172.0,88.594971586341,34.74312611229059,37.761048821313
Pentax,K 01,783,200,172.0,89.609636393741,35.14103387989843,37.804366484694
Pentax,K 01,783,200,172.0,90.624301201142,35.53894164750667,37.847132535124
Pentax,K 01,783,200,172.0,91.638966008542,35.93684941511451,37.88935947657
Pentax,K 01,783,200,172.0,92.653630815942,36.33475718272235,37.931059397772
Pentax,K 01,783,200,172.0,93.668295623343,36.73266495033059,37.972243990397
Pentax,K 01,783,200,172.0,94.682960430743,37.130572717938435,38.012924566208
Pentax,K 01,783,200,172.0,95.697625238143,37.528480485546275,38.053112073325
Pentax,K 01,783,200,172.0,96.712290045544,37.92638825315451,38.092817111616
Pentax,K 01,783,200,172.0,97.726954852944,38.324296020762354,38.132049947289
Pentax,K 01,783,200,172.0,98.741619660344,38.722203788370194,38.170820526725
Pentax,K 01,783,200,172.0,99.756284467745,39.12011155597843,38.209138489601
Pentax,K 01,783,200,172.0,100.77094927515,39.51801932358824,38.247013181346
Pentax,K 01,783,200,172.0,101.78561408255,39.91592709119608,38.284453664979
Pentax,K 01,783,200,172.0,102.80027888995,40.31383485880392,38.321468732346
Pentax,K 01,783,200,172.0,103.81494369735,40.71174262641177,38.358066914811
Pentax,K 01,783,200,172.0,104.82960850475,41.10965039401961,38.394256493426
Pentax,K 01,783,200,172.0,105.84427331215,41.50755816162745,38.430045508607
Pentax,K 01,783,200,172.0,106.85893811955,41.9054659292353,38.465441769346
Pentax,K 01,783,200,172.0,107.87360292695,42.30337369684314,38.50045286199
Pentax,K 01,783,200,172.0,108.88826773435,42.70128146445098,38.535086158606
Pentax,K 01,783,200,172.0,109.90293254175,43.099189232058826,38.569348824954
Pentax,K 01,783,200,172.0,110.91759734915,43.49709699966667,38.603247828102
Pentax,K 01,783,200,172.0,111.93226215655,43.89500476727451,38.63678994368
Pentax,K 01,783,200,172.0,112.94692696395,44.292912534882355,38.669981762816
Pentax,K 01,783,200,172.0,113.96159177135,44.690820302490195,38.702829698758
Pentax,K 01,783,200,172.0,114.97625657875,45.088728070098036,38.735339993199
Pentax,K 01,783,200,172.0,115.99092138615,45.48663583770588,38.767518722329
Pentax,K 01,783,200,172.0,117.00558619355,45.88454360531372,38.799371802614
Pentax,K 01,783,200,172.0,118.02025100095,46.28245137292157,38.830904996338
Pentax,K 01,783,200,172.0,119.03491580835,46.68035914052941,38.862123916892
Pentax,K 01,783,200,172.0,120.04958061575,47.07826690813726,38.893034033847
Pentax,K 01,783,200,172.0,121.06424542315,47.4761746757451,38.923640677817
Pentax,K 01,783,200,172.0,122.07891023055,47.87408244335294,38.953949045102
Pentax,K 01,783,200,172.0,123.09357503795,48.27199021096079,38.983964202161
Pentax,K 01,783,200,172.0,124.10823984535,48.66989797856863,39.013691089878
Pentax,K 01,783,200,172.0,125.12290465275,49.06780574617647,39.043134527674
Pentax,K 01,783,200,172.0,126.13756946015,49.465713513784316,39.072299217437
Pentax,K 01,783,200,172.0,127.15223426755,49.863621281392156,39.101189747303
Pentax,K 01,783,200,172.0,128.16689907496,50.261529049003926,39.129810595284
Pentax,K 01,783,200,172.0,129.18156388236,50.65943681661176,39.158166132753
Pentax,K 01,783,200,172.0,130.19622868976,51.057344584219614,39.18626062779
Pentax,K 01,783,200,172.0,131.21089349716,51.45525235182744,39.214098248401
Pentax,K 01,783,200,172.0,132.22555830456,51.853160119435294,39.24168306561
Pentax,K 01,783,200,172.0,133.24022311196,52.251067887043135,39.269019056436
Pentax,K 01,783,200,172.0,134.25488791936,52.648975654650975,39.296110106752
Pentax,K 01,783,200,172.0,135.26955272676,53.046883422258816,39.322960014041
Pentax,K 01,783,200,172.0,136.28421753416,53.44479118986667,39.349572490045
Pentax,K 01,783,200,172.0,137.29888234156,53.8426989574745,39.375951163317
Pentax,K 01,783,200,172.0,138.31354714896,54.24060672508235,39.402099581681
Pentax,K 01,783,200,172.0,139.32821195636,54.638514492690206,39.428021214597
Pentax,K 01,783,200,172.0,140.34287676376,55.03642226029803,39.453719455443
Pentax,K 01,783,200,172.0,141.35754157116,55.43433002790589,39.479197623716
Pentax,K 01,783,200,172.0,142.37220637856,55.83223779551373,39.504458967151
Pentax,K 01,783,200,172.0,143.38687118596,56.23014556312157,39.529506663766
Pentax,K 01,783,200,172.0,144.40153599336,56.62805333072941,39.554343823837
Pentax,K 01,783,200,172.0,145.41620080076,57.02596109833726,39.578973491797
Pentax,K 01,783,200,172.0,146.43086560816,57.423868865945096,39.603398648076
Pentax,K 01,783,200,172.0,147.44553041556,57.82177663355294,39.627622210877
Pentax,K 01,783,200,172.0,148.46019522296,58.21968440116079,39.651647037883
Pentax,K 01,783,200,172.0,149.47486003036,58.61759216876863,39.675475927916
Pentax,K 01,783,200,172.0,150.48952483776,59.01549993637647,39.69911162253
Pentax,K 01,783,200,172.0,151.50418964516,59.41340770398432,39.722556807561
Pentax,K 01,783,200,172.0,152.51885445256,59.81131547159215,39.745814114618
Pentax,K 01,783,200,172.0,153.53351925996,60.20922323920001,39.76888612252
Pentax,K 01,783,200,172.0,154.54818406736,60.60713100680785,39.791775358702
Pentax,K 01,783,200,172.0,155.56284887476,61.00503877441569,39.814484300554
Pentax,K 01,783,200,172.0,156.57751368216,61.40294654202353,39.837015376735
Pentax,K 01,783,200,172.0,157.59217848957,61.80085430963529,39.85937096843
Pentax,K 01,783,200,172.0,158.60684329697,62.19876207724314,39.881553410578
Pentax,K 01,783,200,172.0,159.62150810437,62.596669844850986,39.903564993052
Pentax,K 01,783,200,172.0,160.63617291177,62.994577612458826,39.925407961806
Pentax,K 01,783,200,172.0,161.65083771917,63.39248538006667,39.947084519985
Pentax,K 01,783,200,172.0,162.66550252657,63.79039314767452,39.968596829001
Pentax,K 01,783,200,172.0,163.68016733397,64.18830091528235,39.989947009574
Pentax,K 01,783,200,172.0,164.69483214137,64.5862086828902,40.011137142741
Pentax,K 01,783,200,172.0,165.70949694877,64.98411645049804,40.032169270834
Pentax,K 01,783,200,172.0,166.72416175617,65.38202421810588,40.053045398429
Pentax,K 01,783,200,172.0,167.73882656357,65.77993198571373,40.073767493267
Pentax,K 01,783,200,172.0,168.75349137097,66.17783975332158,40.094337487142
Pentax,K 01,783,200,172.0,169.76815617837,66.57574752092941,40.114757276768
Pentax,K 01,783,200,172.0,170.78282098577,66.97365528853726,40.13502872462
Pentax,K 01,783,200,172.0,171.79748579317,67.3715630561451,40.155153659746
Pentax,K 01,783,200,172.0,172.81215060057,67.76947082375294,40.175133878556
Pentax,K 01,783,200,172.0,173.82681540797,68.16737859136079,40.194971145592
Pentax,K 01,783,200,172.0,174.84148021537,68.56528635896863,40.214667194272
Pentax,K 01,783,200,172.0,175.85614502277,68.96319412657647,40.234223727609
Pentax,K 01,783,200,172.0,176.87080983017,69.36110189418432,40.253642418921
Pentax,K 01,783,200,172.0,177.88547463757,69.75900966179216,40.272924912505
Pentax,K 01,783,200,172.0,178.90013944497,70.1569174294,40.292072824305
Pentax,K 01,783,200,172.0,179.91480425237,70.55482519700784,40.311087742552
Pentax,K 01,783,200,172.0,180.92946905977,70.95273296461569,40.329971228395
Pentax,K 01,783,200,172.0,181.94413386717,71.35064073222352,40.348724816504
Pentax,K 01,783,200,172.0,182.95879867457,71.74854849983137,40.367350015662
Pentax,K 01,783,200,172.0,183.97346348197,72.1464562674392,40.385848309342
Pentax,K 01,783,200,172.0,184.98812828937,72.54436403504705,40.404221156267
Pentax,K 01,783,200,172.0,186.00279309678,72.94227180265884,40.422469990948
Pentax,K 01,783,200,172.0,187.01745790418,73.34017957026666,40.44059622422
Pentax,K 01,783,200,172.0,188.03212271158,73.73808733787452,40.45860124375
Pentax,K 01,783,200,172.0,189.04678751898,74.13599510548235,40.476486414543
Pentax,K 01,783,200,172.0,190.06145232638,74.5339028730902,40.494253079425
Pentax,K 01,783,200,172.0,191.07611713378,74.93181064069803,40.51190255952
Pentax,K 01,783,200,172.0,192.09078194118,75.3297184083059,40.529436154712
Pentax,K 01,783,200,172.0,193.10544674858,75.72762617591373,40.54685514409
Pentax,K 01,783,200,172.0,194.12011155598,76.12553394352157,40.564160786393
Pentax,K 01,783,200,172.0,195.13477636338,76.52344171112941,40.581354320427
Pentax,K 01,783,200,172.0,196.14944117078,76.92134947873726,40.598436965489
Pentax,K 01,783,200,172.0,197.16410597818,77.3192572463451,40.615409921766
Pentax,K 01,783,200,172.0,198.17877078558,77.71716501395295,40.632274370732
Pentax,K 01,783,200,172.0,199.19343559298,78.11507278156078,40.649031475528
Pentax,K 01,783,200,172.0,200.20810040038,78.51298054916863,40.665682381339
Pentax,K 01,783,200,172.0,201.22276520778,78.91088831677646,40.682228215761
Pentax,K 01,783,200,172.0,202.23743001518,79.30879608438431,40.69867008915
Pentax,K 01,783,200,172.0,203.25209482258,79.70670385199216,40.715009094975
Pentax,K 01,783,200,172.0,204.26675962998,80.10461161959999,40.731246310151
Pentax,K 01,783,200,172.0,205.28142443738,80.50251938720784,40.747382795372
Pentax,K 01,783,200,172.0,206.29608924478,80.90042715481569,40.763419595432
Pentax,K 01,783,200,172.0,207.31075405218,81.29833492242352,40.779357739534
Pentax,K 01,783,200,172.0,208.32541885958,81.69624269003137,40.795198241603
Pentax,K 01,783,200,172.0,209.34008366698,82.09415045763922,40.810942100579
Pentax,K 01,783,200,172.0,210.35474847438,82.49205822524705,40.82659030071
Pentax,K 01,783,200,172.0,211.36941328178,82.8899659928549,40.842143811835
Pentax,K 01,783,200,172.0,212.38407808918,83.28787376046274,40.857603589663
Pentax,K 01,783,200,172.0,213.39874289658,83.68578152807058,40.872970576043
Pentax,K 01,783,200,172.0,214.41340770398,84.08368929567843,40.888245699228
Pentax,K 01,783,200,172.0,215.42807251139,84.48159706329021,40.903429874134
Pentax,K 01,783,200,172.0,216.44273731879,84.87950483089803,40.918524002587
Pentax,K 01,783,200,172.0,217.45740212619,85.27741259850589,40.933528973578
Pentax,K 01,783,200,172.0,218.47206693359,85.67532036611372,40.948445663496
Pentax,K 01,783,200,172.0,219.48673174099,86.07322813372157,40.963274936363
Pentax,K 01,783,200,172.0,220.50139654839,86.4711359013294,40.978017644068
Pentax,K 01,783,200,172.0,221.51606135579,86.86904366893725,40.992674626587
Pentax,K 01,783,200,172.0,222.53072616319,87.2669514365451,41.007246712203
Pentax,K 01,783,200,172.0,223.54539097059,87.66485920415295,41.021734717719
Pentax,K 01,783,200,172.0,224.56005577799,88.06276697176078,41.03613944867
Pentax,K 01,783,200,172.0,225.57472058539,88.46067473936863,41.050461699522
Pentax,K 01,783,200,172.0,226.58938539279,88.85858250697648,41.064702253878
Pentax,K 01,783,200,172.0,227.60405020019,89.25649027458431,41.078861884667
Pentax,K 01,783,200,172.0,228.61871500759,89.65439804219216,41.092941354341
Pentax,K 01,783,200,172.0,229.63337981499,90.0523058098,41.106941415056
Pentax,K 01,783,200,172.0,230.64804462239,90.45021357740784,41.120862808857
Pentax,K 01,783,200,172.0,231.66270942979,90.84812134501568,41.134706267858
Pentax,K 01,783,200,172.0,232.67737423719,91.24602911262353,41.148472514415
Pentax,K 01,783,200,172.0,233.69203904459,91.64393688023137,41.162162261296
Pentax,K 01,783,200,172.0,234.70670385199,92.04184464783921,41.175776211849
Pentax,K 01,783,200,172.0,235.72136865939,92.43975241544706,41.189315060165
Pentax,K 01,783,200,172.0,236.73603346679,92.8376601830549,41.202779491239
Pentax,K 01,783,200,172.0,237.75069827419,93.23556795066274,41.216170181125
Pentax,K 01,783,200,172.0,238.76536308159,93.63347571827059,41.229487797092
Pentax,K 01,783,200,172.0,239.78002788899,94.03138348587842,41.242732997769
Pentax,K 01,783,200,172.0,240.79469269639,94.42929125348628,41.255906433296
Pentax,K 01,783,200,172.0,241.80935750379,94.82719902109412,41.269008745467
Pentax,K 01,783,200,172.0,242.82402231119,95.22510678870196,41.282040567868
Pentax,K 01,783,200,172.0,243.8386871186,95.62301455631372,41.295002526019
Pentax,K 01,783,200,172.0,244.853351926,96.02092232392157,41.307895237503
Pentax,K 01,783,200,172.0,245.8680167334,96.4188300915294,41.320719312104
Pentax,K 01,783,200,172.0,246.8826815408,96.81673785913726,41.333475351933
Pentax,K 01,783,200,172.0,247.8973463482,97.2146456267451,41.346163951555
Pentax,K 01,783,200,172.0,248.9120111556,97.61255339435294,41.358785698113
Pentax,K 01,783,200,172.0,249.926675963,98.01046116196078,41.371341171452
Pentax,K 01,783,200,172.0,250.9413407704,98.40836892956862,41.383830944233
Pentax,K 01,783,200,172.0,251.9560055778,98.80627669717647,41.396255582055
Pentax,K 01,783,200,172.0,252.9706703852,99.20418446478432,41.408615643565
Pentax,K 01,783,200,172.0,253.9853351926,99.60209223239215,41.420911680572
Pentax,K 01,783,200,172.0,255,100.0,41.433144238159
Pentax,K 01,783,400,346.0,0.12004171205194,0.04707518119683921,0
Pentax,K 01,783,400,346.0,0.2104094734402,0.08251351899615687,4.2216551118995
Pentax,K 01,783,400,346.0,0.38432650403308,0.15071627609140392,8.4206387859034
Pentax,K 01,783,400,346.0,0.51816792835773,0.20320310915989412,10.360046566981
Pentax,K 01,783,400,346.0,1.0747928540085,0.4214873937288236,14.701168094282
Pentax,K 01,783,400,346.0,2.1690707926816,0.8506159971300392,18.431075432086
Pentax,K 01,783,400,346.0,4.3777925721108,1.7167814008277646,21.856044063166
Pentax,K 01,783,400,346.0,5.3924573795112,2.1146891684357643,22.832108660076
Pentax,K 01,783,400,346.0,6.4071221869115,2.5125969360437255,23.628669583543
Pentax,K 01,783,400,346.0,7.4217869943119,2.9105047036517258,24.301129695411
Pentax,K 01,783,400,346.0,8.4364518017123,3.308412471259726,24.882713104979
Pentax,K 01,783,400,346.0,9.4511166091126,3.706320238867686,25.394896989701
Pentax,K 01,783,400,346.0,10.465781416513,4.104228006475686,25.852359885028
Pentax,K 01,783,400,346.0,11.480446223913,4.50213577408353,26.265574570128
Pentax,K 01,783,400,346.0,12.495111031314,4.9000435416917645,26.642273309776
Pentax,K 01,783,400,346.0,13.509775838714,5.2979513092996084,26.988326548125
Pentax,K 01,783,400,346.0,14.524440646114,5.695859076907451,27.308295785492
Pentax,K 01,783,400,346.0,15.539105453515,6.093766844515686,27.605795533109
Pentax,K 01,783,400,346.0,16.553770260915,6.491674612123529,27.883738314194
Pentax,K 01,783,400,346.0,17.568435068316,6.889582379731764,28.144505286508
Pentax,K 01,783,400,346.0,18.583099875716,7.287490147339609,28.390068020344
Pentax,K 01,783,400,346.0,19.597764683116,7.685397914947452,28.622077296171
Pentax,K 01,783,400,346.0,20.612429490517,8.083305682555686,28.841929085488
Pentax,K 01,783,400,346.0,21.627094297917,8.48121345016353,29.050814403977
Pentax,K 01,783,400,346.0,22.641759105317,8.879121217771372,29.249757545442
Pentax,K 01,783,400,346.0,23.656423912718,9.277028985379609,29.439645800492
Pentax,K 01,783,400,346.0,24.671088720118,9.67493675298745,29.621252838022
Pentax,K 01,783,400,346.0,25.685753527518,10.072844520595293,29.795257304335
Pentax,K 01,783,400,346.0,26.700418334919,10.47075228820353,29.962257767257
Pentax,K 01,783,400,346.0,27.715083142319,10.868660055811372,30.122784834371
Pentax,K 01,783,400,346.0,28.729747949719,11.266567823419214,30.277311063072
Pentax,K 01,783,400,346.0,29.74441275712,11.66447559102745,30.426259128223
Pentax,K 01,783,400,346.0,30.75907756452,12.062383358635294,30.570008602454
Pentax,K 01,783,400,346.0,31.773742371921,12.46029112624353,30.708901622552
Pentax,K 01,783,400,346.0,32.788407179321,12.858198893851371,30.843247654516
Pentax,K 01,783,400,346.0,33.803071986721,13.256106661459215,30.973327523975
Pentax,K 01,783,400,346.0,34.817736794122,13.654014429067452,31.099396843811
Pentax,K 01,783,400,346.0,35.832401601522,14.051922196675296,31.221688943997
Pentax,K 01,783,400,346.0,36.847066408922,14.449829964283136,31.340417387949
Pentax,K 01,783,400,346.0,37.861731216323,14.847737731891373,31.455778143478
Pentax,K 01,783,400,346.0,38.876396023723,15.245645499499213,31.567951463709
Pentax,K 01,783,400,346.0,39.891060831123,15.643553267107057,31.677103523251
Pentax,K 01,783,400,346.0,40.905725638524,16.041461034715294,31.783387846853
Pentax,K 01,783,400,346.0,41.920390445924,16.439368802323138,31.886946561348
Pentax,K 01,783,400,346.0,42.935055253325,16.837276569931372,31.98791149648
Pentax,K 01,783,400,346.0,43.949720060725,17.235184337539216,32.086405155974
Pentax,K 01,783,400,346.0,44.964384868125,17.63309210514706,32.182541576798
Pentax,K 01,783,400,346.0,45.979049675526,18.030999872755295,32.276427091687
Pentax,K 01,783,400,346.0,46.993714482926,18.42890764036314,32.368161007738
Pentax,K 01,783,400,346.0,48.008379290326,18.82681540797098,32.457836211904
Pentax,K 01,783,400,346.0,49.023044097727,19.224723175579218,32.545539712637
Pentax,K 01,783,400,346.0,50.037708905127,19.62263094318706,32.631353125605
Pentax,K 01,783,400,346.0,51.052373712527,20.020538710794902,32.715353110252
Pentax,K 01,783,400,346.0,52.067038519928,20.418446478403133,32.797611763074
Pentax,K 01,783,400,346.0,53.081703327328,20.81635424601098,32.878196972642
Pentax,K 01,783,400,346.0,54.096368134728,21.214262013618825,32.957172740759
Pentax,K 01,783,400,346.0,55.111032942129,21.61216978122706,33.034599473557
Pentax,K 01,783,400,346.0,56.125697749529,22.010077548834904,33.110534245843
Pentax,K 01,783,400,346.0,57.14036255693,22.40798531644314,33.185031041594
Pentax,K 01,783,400,346.0,58.15502736433,22.805893084050982,33.258140973133
Pentax,K 01,783,400,346.0,59.16969217173,23.203800851658823,33.329912481224
Pentax,K 01,783,400,346.0,60.184356979131,23.601708619267058,33.400391518029
Pentax,K 01,783,400,346.0,61.199021786531,23.9996163868749,33.469621714679
Pentax,K 01,783,400,346.0,62.213686593931,24.397524154482745,33.537644534964
Pentax,K 01,783,400,346.0,63.228351401332,24.79543192209098,33.60449941652
Pentax,K 01,783,400,346.0,64.243016208732,25.193339689698824,33.670223900697
Pentax,K 01,783,400,346.0,65.257681016132,25.591247457306665,33.734853752189
Pentax,K 01,783,400,346.0,66.272345823533,25.9891552249149,33.798423069382
Pentax,K 01,783,400,346.0,67.287010630933,26.387062992522743,33.860964386258
Pentax,K 01,783,400,346.0,68.301675438333,26.784970760130587,33.922508766634
Pentax,K 01,783,400,346.0,69.316340245734,27.182878527738826,33.983085891404
Pentax,K 01,783,400,346.0,70.331005053134,27.58078629534667,34.042724139414
Pentax,K 01,783,400,346.0,71.345669860535,27.9786940629549,34.101450662501
Pentax,K 01,783,400,346.0,72.360334667935,28.37660183056275,34.159291455207
Pentax,K 01,783,400,346.0,73.374999475335,28.77450959817059,34.216271419614
Pentax,K 01,783,400,346.0,74.389664282736,29.172417365778823,34.272414425697
Pentax,K 01,783,400,346.0,75.404329090136,29.570325133386667,34.327743367571
Pentax,K 01,783,400,346.0,76.418993897536,29.968232900994508,34.382280215954
Pentax,K 01,783,400,346.0,77.433658704937,30.366140668602746,34.436046067153
Pentax,K 01,783,400,346.0,78.448323512337,30.76404843621059,34.489061188848
Pentax,K 01,783,400,346.0,79.462988319738,31.161956203818825,34.541345062909
Pentax,K 01,783,400,346.0,80.477653127138,31.559863971426665,34.592916425492
Pentax,K 01,783,400,346.0,81.492317934538,31.957771739034506,34.643793304609
Pentax,K 01,783,400,346.0,82.506982741939,32.355679506642744,34.693993055355
Pentax,K 01,783,400,346.0,83.521647549339,32.753587274250584,34.743532392976
Pentax,K 01,783,400,346.0,84.536312356739,33.15149504185843,34.792427423934
Pentax,K 01,783,400,346.0,85.55097716414,33.54940280946666,34.840693675102
Pentax,K 01,783,400,346.0,86.56564197154,33.94731057707451,34.888346121236
Pentax,K 01,783,400,346.0,87.58030677894,34.34521834468235,34.935399210833
Pentax,K 01,783,400,346.0,88.594971586341,34.74312611229059,34.981866890499
Pentax,K 01,783,400,346.0,89.609636393741,35.14103387989843,35.027762627918
Pentax,K 01,783,400,346.0,90.624301201142,35.53894164750667,35.073099433521
Pentax,K 01,783,400,346.0,91.638966008542,35.93684941511451,35.117889880952
Pentax,K 01,783,400,346.0,92.653630815942,36.33475718272235,35.162146126389
Pentax,K 01,783,400,346.0,93.668295623343,36.73266495033059,35.205879926816
Pentax,K 01,783,400,346.0,94.682960430743,37.130572717938435,35.249102657311
Pentax,K 01,783,400,346.0,95.697625238143,37.528480485546275,35.291825327395
Pentax,K 01,783,400,346.0,96.712290045544,37.92638825315451,35.334058596524
Pentax,K 01,783,400,346.0,97.726954852944,38.324296020762354,35.375812788773
Pentax,K 01,783,400,346.0,98.741619660344,38.722203788370194,35.417097906747
Pentax,K 01,783,400,346.0,99.756284467745,39.12011155597843,35.457923644785
Pentax,K 01,783,400,346.0,100.77094927515,39.51801932358824,35.498299401496
Pentax,K 01,783,400,346.0,101.78561408255,39.91592709119608,35.538234291655
Pentax,K 01,783,400,346.0,102.80027888995,40.31383485880392,35.577737157516
Pentax,K 01,783,400,346.0,103.81494369735,40.71174262641177,35.616816579561
Pentax,K 01,783,400,346.0,104.82960850475,41.10965039401961,35.655480886726
Pentax,K 01,783,400,346.0,105.84427331215,41.50755816162745,35.693738166136
Pentax,K 01,783,400,346.0,106.85893811955,41.9054659292353,35.731596272365
Pentax,K 01,783,400,346.0,107.87360292695,42.30337369684314,35.769062836269
Pentax,K 01,783,400,346.0,108.88826773435,42.70128146445098,35.80614527339
Pentax,K 01,783,400,346.0,109.90293254175,43.099189232058826,35.842850791983
Pentax,K 01,783,400,346.0,110.91759734915,43.49709699966667,35.879186400658
Pentax,K 01,783,400,346.0,111.93226215655,43.89500476727451,35.91515891569
Pentax,K 01,783,400,346.0,112.94692696395,44.292912534882355,35.950774967978
Pentax,K 01,783,400,346.0,113.96159177135,44.690820302490195,35.98604100971
Pentax,K 01,783,400,346.0,114.97625657875,45.088728070098036,36.020963320717
Pentax,K 01,783,400,346.0,115.99092138615,45.48663583770588,36.055548014561
Pentax,K 01,783,400,346.0,117.00558619355,45.88454360531372,36.089801044342
Pentax,K 01,783,400,346.0,118.02025100095,46.28245137292157,36.123728208264
Pentax,K 01,783,400,346.0,119.03491580835,46.68035914052941,36.157335154957
Pentax,K 01,783,400,346.0,120.04958061575,47.07826690813726,36.190627388576
Pentax,K 01,783,400,346.0,121.06424542315,47.4761746757451,36.223610273683
Pentax,K 01,783,400,346.0,122.07891023055,47.87408244335294,36.256289039918
Pentax,K 01,783,400,346.0,123.09357503795,48.27199021096079,36.288668786491
Pentax,K 01,783,400,346.0,124.10823984535,48.66989797856863,36.320754486472
Pentax,K 01,783,400,346.0,125.12290465275,49.06780574617647,36.35255099092
Pentax,K 01,783,400,346.0,126.13756946015,49.465713513784316,36.384063032834
Pentax,K 01,783,400,346.0,127.15223426755,49.863621281392156,36.415295230953
Pentax,K 01,783,400,346.0,128.16689907496,50.261529049003926,36.446252093398
Pentax,K 01,783,400,346.0,129.18156388236,50.65943681661176,36.476938021177
Pentax,K 01,783,400,346.0,130.19622868976,51.057344584219614,36.507357311545
Pentax,K 01,783,400,346.0,131.21089349716,51.45525235182744,36.537514161238
Pentax,K 01,783,400,346.0,132.22555830456,51.853160119435294,36.567412669582
Pentax,K 01,783,400,346.0,133.24022311196,52.251067887043135,36.59705684148
Pentax,K 01,783,400,346.0,134.25488791936,52.648975654650975,36.626450590285
Pentax,K 01,783,400,346.0,135.26955272676,53.046883422258816,36.655597740573
Pentax,K 01,783,400,346.0,136.28421753416,53.44479118986667,36.684502030797
Pentax,K 01,783,400,346.0,137.29888234156,53.8426989574745,36.713167115856
Pentax,K 01,783,400,346.0,138.31354714896,54.24060672508235,36.741596569563
Pentax,K 01,783,400,346.0,139.32821195636,54.638514492690206,36.769793887023
Pentax,K 01,783,400,346.0,140.34287676376,55.03642226029803,36.797762486923
Pentax,K 01,783,400,346.0,141.35754157116,55.43433002790589,36.825505713745
Pentax,K 01,783,400,346.0,142.37220637856,55.83223779551373,36.85302683989
Pentax,K 01,783,400,346.0,143.38687118596,56.23014556312157,36.880329067738
Pentax,K 01,783,400,346.0,144.40153599336,56.62805333072941,36.907415531627
Pentax,K 01,783,400,346.0,145.41620080076,57.02596109833726,36.934289299762
Pentax,K 01,783,400,346.0,146.43086560816,57.423868865945096,36.960953376063
Pentax,K 01,783,400,346.0,147.44553041556,57.82177663355294,36.987410701947
Pentax,K 01,783,400,346.0,148.46019522296,58.21968440116079,37.013664158045
Pentax,K 01,783,400,346.0,149.47486003036,58.61759216876863,37.039716565864
Pentax,K 01,783,400,346.0,150.48952483776,59.01549993637647,37.065570689394
Pentax,K 01,783,400,346.0,151.50418964516,59.41340770398432,37.091229236656
Pentax,K 01,783,400,346.0,152.51885445256,59.81131547159215,37.116694861202
Pentax,K 01,783,400,346.0,153.53351925996,60.20922323920001,37.141970163563
Pentax,K 01,783,400,346.0,154.54818406736,60.60713100680785,37.167057692654
Pentax,K 01,783,400,346.0,155.56284887476,61.00503877441569,37.191959947124
Pentax,K 01,783,400,346.0,156.57751368216,61.40294654202353,37.216679376669
Pentax,K 01,783,400,346.0,157.59217848957,61.80085430963529,37.241218383301
Pentax,K 01,783,400,346.0,158.60684329697,62.19876207724314,37.265579322577
Pentax,K 01,783,400,346.0,159.62150810437,62.596669844850986,37.289764504784
Pentax,K 01,783,400,346.0,160.63617291177,62.994577612458826,37.313776196093
Pentax,K 01,783,400,346.0,161.65083771917,63.39248538006667,37.337616619672
Pentax,K 01,783,400,346.0,162.66550252657,63.79039314767452,37.361287956765
Pentax,K 01,783,400,346.0,163.68016733397,64.18830091528235,37.384792347739
Pentax,K 01,783,400,346.0,164.69483214137,64.5862086828902,37.408131893095
Pentax,K 01,783,400,346.0,165.70949694877,64.98411645049804,37.431308654454
Pentax,K 01,783,400,346.0,166.72416175617,65.38202421810588,37.454324655506
Pentax,K 01,783,400,346.0,167.73882656357,65.77993198571373,37.477181882935
Pentax,K 01,783,400,346.0,168.75349137097,66.17783975332158,37.499882287312
Pentax,K 01,783,400,346.0,169.76815617837,66.57574752092941,37.522427783965
Pentax,K 01,783,400,346.0,170.78282098577,66.97365528853726,37.544820253822
Pentax,K 01,783,400,346.0,171.79748579317,67.3715630561451,37.567061544228
Pentax,K 01,783,400,346.0,172.81215060057,67.76947082375294,37.589153469737
Pentax,K 01,783,400,346.0,173.82681540797,68.16737859136079,37.611097812883
Pentax,K 01,783,400,346.0,174.84148021537,68.56528635896863,37.632896324926
Pentax,K 01,783,400,346.0,175.85614502277,68.96319412657647,37.654550726583
Pentax,K 01,783,400,346.0,176.87080983017,69.36110189418432,37.676062708725
Pentax,K 01,783,400,346.0,177.88547463757,69.75900966179216,37.697433933068
Pentax,K 01,783,400,346.0,178.90013944497,70.1569174294,37.718666032836
Pentax,K 01,783,400,346.0,179.91480425237,70.55482519700784,37.739760613408
Pentax,K 01,783,400,346.0,180.92946905977,70.95273296461569,37.760719252943
Pentax,K 01,783,400,346.0,181.94413386717,71.35064073222352,37.781543502995
Pentax,K 01,783,400,346.0,182.95879867457,71.74854849983137,37.802234889104
Pentax,K 01,783,400,346.0,183.97346348197,72.1464562674392,37.822794911374
Pentax,K 01,783,400,346.0,184.98812828937,72.54436403504705,37.843225045033
Pentax,K 01,783,400,346.0,186.00279309678,72.94227180265884,37.863526740979
Pentax,K 01,783,400,346.0,187.01745790418,73.34017957026666,37.883701426312
Pentax,K 01,783,400,346.0,188.03212271158,73.73808733787452,37.903750504851
Pentax,K 01,783,400,346.0,189.04678751898,74.13599510548235,37.923675357632
Pentax,K 01,783,400,346.0,190.06145232638,74.5339028730902,37.943477343403
Pentax,K 01,783,400,346.0,191.07611713378,74.93181064069803,37.963157799096
Pentax,K 01,783,400,346.0,192.09078194118,75.3297184083059,37.982718040293
Pentax,K 01,783,400,346.0,193.10544674858,75.72762617591373,38.002159361675
Pentax,K 01,783,400,346.0,194.12011155598,76.12553394352157,38.021483037462
Pentax,K 01,783,400,346.0,195.13477636338,76.52344171112941,38.040690321841
Pentax,K 01,783,400,346.0,196.14944117078,76.92134947873726,38.059782449383
Pentax,K 01,783,400,346.0,197.16410597818,77.3192572463451,38.078760635449
Pentax,K 01,783,400,346.0,198.17877078558,77.71716501395295,38.097626076585
Pentax,K 01,783,400,346.0,199.19343559298,78.11507278156078,38.116379950905
Pentax,K 01,783,400,346.0,200.20810040038,78.51298054916863,38.135023418473
Pentax,K 01,783,400,346.0,201.22276520778,78.91088831677646,38.153557621662
Pentax,K 01,783,400,346.0,202.23743001518,79.30879608438431,38.171983685515
Pentax,K 01,783,400,346.0,203.25209482258,79.70670385199216,38.190302718092
Pentax,K 01,783,400,346.0,204.26675962998,80.10461161959999,38.208515810808
Pentax,K 01,783,400,346.0,205.28142443738,80.50251938720784,38.226624038766
Pentax,K 01,783,400,346.0,206.29608924478,80.90042715481569,38.244628461075
Pentax,K 01,783,400,346.0,207.31075405218,81.29833492242352,38.262530121173
Pentax,K 01,783,400,346.0,208.32541885958,81.69624269003137,38.280330047123
Pentax,K 01,783,400,346.0,209.34008366698,82.09415045763922,38.298029251924
Pentax,K 01,783,400,346.0,210.35474847438,82.49205822524705,38.315628733794
Pentax,K 01,783,400,346.0,211.36941328178,82.8899659928549,38.333129476459
Pentax,K 01,783,400,346.0,212.38407808918,83.28787376046274,38.350532449432
Pentax,K 01,783,400,346.0,213.39874289658,83.68578152807058,38.367838608283
Pentax,K 01,783,400,346.0,214.41340770398,84.08368929567843,38.385048894907
Pentax,K 01,783,400,346.0,215.42807251139,84.48159706329021,38.402164237778
Pentax,K 01,783,400,346.0,216.44273731879,84.87950483089803,38.419185552207
Pentax,K 01,783,400,346.0,217.45740212619,85.27741259850589,38.436113740585
Pentax,K 01,783,400,346.0,218.47206693359,85.67532036611372,38.452949692628
Pentax,K 01,783,400,346.0,219.48673174099,86.07322813372157,38.46969428561
Pentax,K 01,783,400,346.0,220.50139654839,86.4711359013294,38.486348384592
Pentax,K 01,783,400,346.0,221.51606135579,86.86904366893725,38.50291284265
Pentax,K 01,783,400,346.0,222.53072616319,87.2669514365451,38.519388501093
Pentax,K 01,783,400,346.0,223.54539097059,87.66485920415295,38.535776189678
Pentax,K 01,783,400,346.0,224.56005577799,88.06276697176078,38.552076726819
Pentax,K 01,783,400,346.0,225.57472058539,88.46067473936863,38.568290919794
Pentax,K 01,783,400,346.0,226.58938539279,88.85858250697648,38.584419564944
Pentax,K 01,783,400,346.0,227.60405020019,89.25649027458431,38.600463447867
Pentax,K 01,783,400,346.0,228.61871500759,89.65439804219216,38.616423343615
Pentax,K 01,783,400,346.0,229.63337981499,90.0523058098,38.632300016876
Pentax,K 01,783,400,346.0,230.64804462239,90.45021357740784,38.648094222161
Pentax,K 01,783,400,346.0,231.66270942979,90.84812134501568,38.663806703981
Pentax,K 01,783,400,346.0,232.67737423719,91.24602911262353,38.679438197022
Pentax,K 01,783,400,346.0,233.69203904459,91.64393688023137,38.694989426318
Pentax,K 01,783,400,346.0,234.70670385199,92.04184464783921,38.710461107419
Pentax,K 01,783,400,346.0,235.72136865939,92.43975241544706,38.725853946552
Pentax,K 01,783,400,346.0,236.73603346679,92.8376601830549,38.741168640786
Pentax,K 01,783,400,346.0,237.75069827419,93.23556795066274,38.756405878186
Pentax,K 01,783,400,346.0,238.76536308159,93.63347571827059,38.771566337966
Pentax,K 01,783,400,346.0,239.78002788899,94.03138348587842,38.786650690644
Pentax,K 01,783,400,346.0,240.79469269639,94.42929125348628,38.801659598184
Pentax,K 01,783,400,346.0,241.80935750379,94.82719902109412,38.816593714145
Pentax,K 01,783,400,346.0,242.82402231119,95.22510678870196,38.831453683818
Pentax,K 01,783,400,346.0,243.8386871186,95.62301455631372,38.846240144366
Pentax,K 01,783,400,346.0,244.853351926,96.02092232392157,38.860953724961
Pentax,K 01,783,400,346.0,245.8680167334,96.4188300915294,38.875595046915
Pentax,K 01,783,400,346.0,246.8826815408,96.81673785913726,38.890164723808
Pentax,K 01,783,400,346.0,247.8973463482,97.2146456267451,38.904663361619
Pentax,K 01,783,400,346.0,248.9120111556,97.61255339435294,38.919091558847
Pentax,K 01,783,400,346.0,249.926675963,98.01046116196078,38.933449906637
Pentax,K 01,783,400,346.0,250.9413407704,98.40836892956862,38.947738988895
Pentax,K 01,783,400,346.0,251.9560055778,98.80627669717647,38.961959382408
Pentax,K 01,783,400,346.0,252.9706703852,99.20418446478432,38.976111656958
Pentax,K 01,783,400,346.0,253.9853351926,99.60209223239215,38.990196375435
Pentax,K 01,783,400,346.0,255,100.0,39.004214093947
Pentax,K 01,783,800,701.0,0.2104094734402,0.08251351899615687,0
Pentax,K 01,783,800,701.0,0.38432650403308,0.15071627609140392,4.4129837850853
Pentax,K 01,783,800,701.0,0.51816792835773,0.20320310915989412,6.4684430184653
Pentax,K 01,783,800,701.0,1.0747928540085,0.4214873937288236,11.084336358643
Pentax,K 01,783,800,701.0,2.1690707926816,0.8506159971300392,15.025087775871
Pentax,K 01,783,800,701.0,4.3777925721108,1.7167814008277646,18.592487787288
Pentax,K 01,783,800,701.0,5.3924573795112,2.1146891684357643,19.599614139636
Pentax,K 01,783,800,701.0,6.4071221869115,2.5125969360437255,20.418816972072
Pentax,K 01,783,800,701.0,7.4217869943119,2.9105047036517258,21.108721024227
Pentax,K 01,783,800,701.0,8.4364518017123,3.308412471259726,21.704313894212
Pentax,K 01,783,800,701.0,9.4511166091126,3.706320238867686,22.228119174386
Pentax,K 01,783,800,701.0,10.465781416513,4.104228006475686,22.695475591515
Pentax,K 01,783,800,701.0,11.480446223913,4.50213577408353,23.117293033808
Pentax,K 01,783,800,701.0,12.495111031314,4.9000435416917645,23.501604681226
Pentax,K 01,783,800,701.0,13.509775838714,5.2979513092996084,23.854494911299
Pentax,K 01,783,800,701.0,14.524440646114,5.695859076907451,24.180681487236
Pentax,K 01,783,800,701.0,15.539105453515,6.093766844515686,24.483895719376
Pentax,K 01,783,800,701.0,16.553770260915,6.491674612123529,24.76713918508
Pentax,K 01,783,800,701.0,17.568435068316,6.889582379731764,25.032862128258
Pentax,K 01,783,800,701.0,18.583099875716,7.287490147339609,25.2830905373
Pentax,K 01,783,800,701.0,19.597764683116,7.685397914947452,25.519518639665
Pentax,K 01,783,800,701.0,20.612429490517,8.083305682555686,25.743577515201
Pentax,K 01,783,800,701.0,21.627094297917,8.48121345016353,25.956486858493
Pentax,K 01,783,800,701.0,22.641759105317,8.879121217771372,26.1592946204
Pentax,K 01,783,800,701.0,23.656423912718,9.277028985379609,26.35290778006
Pentax,K 01,783,800,701.0,24.671088720118,9.67493675298745,26.538116525239
Pentax,K 01,783,800,701.0,25.685753527518,10.072844520595293,26.715613464814
Pentax,K 01,783,800,701.0,26.700418334919,10.47075228820353,26.886009049126
Pentax,K 01,783,800,701.0,27.715083142319,10.868660055811372,27.049844061805
Pentax,K 01,783,800,701.0,28.729747949719,11.266567823419214,27.207599825696
Pentax,K 01,783,800,701.0,29.74441275712,11.66447559102745,27.359706606874
Pentax,K 01,783,800,701.0,30.75907756452,12.062383358635294,27.506550585335
Pentax,K 01,783,800,701.0,31.773742371921,12.46029112624353,27.648479675888
Pentax,K 01,783,800,701.0,32.788407179321,12.858198893851371,27.785808419477
Pentax,K 01,783,800,701.0,33.803071986721,13.256106661459215,27.918822117493
Pentax,K 01,783,800,701.0,34.817736794122,13.654014429067452,28.047780345381
Pentax,K 01,783,800,701.0,35.832401601522,14.051922196675296,28.17291995408
Pentax,K 01,783,800,701.0,36.847066408922,14.449829964283136,28.294457646306
Pentax,K 01,783,800,701.0,37.861731216323,14.847737731891373,28.412592197936
Pentax,K 01,783,800,701.0,38.876396023723,15.245645499499213,28.527506381571
Pentax,K 01,783,800,701.0,39.891060831123,15.643553267107057,28.639368638915
Pentax,K 01,783,800,701.0,40.905725638524,16.041461034715294,28.748334540339
Pentax,K 01,783,800,701.0,41.920390445924,16.439368802323138,28.854548063283
Pentax,K 01,783,800,701.0,42.935055253325,16.837276569931372,28.958142715846
Pentax,K 01,783,800,701.0,43.949720060725,17.235184337539216,29.059242527502
Pentax,K 01,783,800,701.0,44.964384868125,17.63309210514706,29.157962925371
Pentax,K 01,783,800,701.0,45.979049675526,18.030999872755295,29.254411511538
Pentax,K 01,783,800,701.0,46.993714482926,18.42890764036314,29.34868875454
Pentax,K 01,783,800,701.0,48.008379290326,18.82681540797098,29.440888606136
Pentax,K 01,783,800,701.0,49.023044097727,19.224723175579218,29.531099052841
Pentax,K 01,783,800,701.0,50.037708905127,19.62263094318706,29.619402610345
Pentax,K 01,783,800,701.0,51.052373712527,20.020538710794902,29.705876767748
Pentax,K 01,783,800,701.0,52.067038519928,20.418446478403133,29.79059438762
Pentax,K 01,783,800,701.0,53.081703327328,20.81635424601098,29.873624067036
Pentax,K 01,783,800,701.0,54.096368134728,21.214262013618825,29.955030464083
Pentax,K 01,783,800,701.0,55.111032942129,21.61216978122706,30.034874593716
Pentax,K 01,783,800,701.0,56.125697749529,22.010077548834904,30.11321409635
Pentax,K 01,783,800,701.0,57.14036255693,22.40798531644314,30.190103482154
Pentax,K 01,783,800,701.0,58.15502736433,22.805893084050982,30.265594353639
Pentax,K 01,783,800,701.0,59.16969217173,23.203800851658823,30.339735608807
Pentax,K 01,783,800,701.0,60.184356979131,23.601708619267058,30.412573626859
Pentax,K 01,783,800,701.0,61.199021786531,23.9996163868749,30.484152438248
Pentax,K 01,783,800,701.0,62.213686593931,24.397524154482745,30.554513880612
Pentax,K 01,783,800,701.0,63.228351401332,24.79543192209098,30.62369774198
Pentax,K 01,783,800,701.0,64.243016208732,25.193339689698824,30.691741892481
Pentax,K 01,783,800,701.0,65.257681016132,25.591247457306665,30.75868240564
Pentax,K 01,783,800,701.0,66.272345823533,25.9891552249149,30.824553670233
Pentax,K 01,783,800,701.0,67.287010630933,26.387062992522743,30.889388493579
Pentax,K 01,783,800,701.0,68.301675438333,26.784970760130587,30.953218197027
Pentax,K 01,783,800,701.0,69.316340245734,27.182878527738826,31.01607270435
Pentax,K 01,783,800,701.0,70.331005053134,27.58078629534667,31.077980623665
Pentax,K 01,783,800,701.0,71.345669860535,27.9786940629549,31.13896932343
Pentax,K 01,783,800,701.0,72.360334667935,28.37660183056275,31.199065003043
Pentax,K 01,783,800,701.0,73.374999475335,28.77450959817059,31.258292758479
Pentax,K 01,783,800,701.0,74.389664282736,29.172417365778823,31.316676643386
Pentax,K 01,783,800,701.0,75.404329090136,29.570325133386667,31.374239726012
Pentax,K 01,783,800,701.0,76.418993897536,29.968232900994508,31.431004142299
Pentax,K 01,783,800,701.0,77.433658704937,30.366140668602746,31.486991145446
Pentax,K 01,783,800,701.0,78.448323512337,30.76404843621059,31.542221152225
Pentax,K 01,783,800,701.0,79.462988319738,31.161956203818825,31.596713786299
Pentax,K 01,783,800,701.0,80.477653127138,31.559863971426665,31.650487918767
Pentax,K 01,783,800,701.0,81.492317934538,31.957771739034506,31.703561706157
Pentax,K 01,783,800,701.0,82.506982741939,32.355679506642744,31.75595262605
Pentax,K 01,783,800,701.0,83.521647549339,32.753587274250584,31.807677510509
Pentax,K 01,783,800,701.0,84.536312356739,33.15149504185843,31.858752577477
Pentax,K 01,783,800,701.0,85.55097716414,33.54940280946666,31.909193460292
Pentax,K 01,783,800,701.0,86.56564197154,33.94731057707451,31.959015235446
Pentax,K 01,783,800,701.0,87.58030677894,34.34521834468235,32.008232448716
Pentax,K 01,783,800,701.0,88.594971586341,34.74312611229059,32.056859139785
Pentax,K 01,783,800,701.0,89.609636393741,35.14103387989843,32.104908865446
Pentax,K 01,783,800,701.0,90.624301201142,35.53894164750667,32.152394721495
Pentax,K 01,783,800,701.0,91.638966008542,35.93684941511451,32.199329363392
Pentax,K 01,783,800,701.0,92.653630815942,36.33475718272235,32.245725025788
Pentax,K 01,783,800,701.0,93.668295623343,36.73266495033059,32.291593540968
Pentax,K 01,783,800,701.0,94.682960430743,37.130572717938435,32.336946356306
Pentax,K 01,783,800,701.0,95.697625238143,37.528480485546275,32.381794550777
Pentax,K 01,783,800,701.0,96.712290045544,37.92638825315451,32.426148850598
Pentax,K 01,783,800,701.0,97.726954852944,38.324296020762354,32.470019644039
Pentax,K 01,783,800,701.0,98.741619660344,38.722203788370194,32.513416995478
Pentax,K 01,783,800,701.0,99.756284467745,39.12011155597843,32.556350658719
Pentax,K 01,783,800,701.0,100.77094927515,39.51801932358824,32.598830089645
Pentax,K 01,783,800,701.0,101.78561408255,39.91592709119608,32.640864458221
Pentax,K 01,783,800,701.0,102.80027888995,40.31383485880392,32.682462659912
Pentax,K 01,783,800,701.0,103.81494369735,40.71174262641177,32.723633326523
Pentax,K 01,783,800,701.0,104.82960850475,41.10965039401961,32.764384836519
Pentax,K 01,783,800,701.0,105.84427331215,41.50755816162745,32.80472532484
Pentax,K 01,783,800,701.0,106.85893811955,41.9054659292353,32.84466269225
Pentax,K 01,783,800,701.0,107.87360292695,42.30337369684314,32.884204614236
Pentax,K 01,783,800,701.0,108.88826773435,42.70128146445098,32.92335854949
Pentax,K 01,783,800,701.0,109.90293254175,43.099189232058826,32.962131748
Pentax,K 01,783,800,701.0,110.91759734915,43.49709699966667,33.000531258759
Pentax,K 01,783,800,701.0,111.93226215655,43.89500476727451,33.038563937132
Pentax,K 01,783,800,701.0,112.94692696395,44.292912534882355,33.076236451874
Pentax,K 01,783,800,701.0,113.96159177135,44.690820302490195,33.11355529185
Pentax,K 01,783,800,701.0,114.97625657875,45.088728070098036,33.15052677244
Pentax,K 01,783,800,701.0,115.99092138615,45.48663583770588,33.187157041671
Pentax,K 01,783,800,701.0,117.00558619355,45.88454360531372,33.223452086078
Pentax,K 01,783,800,701.0,118.02025100095,46.28245137292157,33.259417736307
Pentax,K 01,783,800,701.0,119.03491580835,46.68035914052941,33.295059672485
Pentax,K 01,783,800,701.0,120.04958061575,47.07826690813726,33.33038342935
Pentax,K 01,783,800,701.0,121.06424542315,47.4761746757451,33.365394401176
Pentax,K 01,783,800,701.0,122.07891023055,47.87408244335294,33.400097846482
Pentax,K 01,783,800,701.0,123.09357503795,48.27199021096079,33.43449889255
Pentax,K 01,783,800,701.0,124.10823984535,48.66989797856863,33.468602539754
Pentax,K 01,783,800,701.0,125.12290465275,49.06780574617647,33.502413665718
Pentax,K 01,783,800,701.0,126.13756946015,49.465713513784316,33.535937029294
Pentax,K 01,783,800,701.0,127.15223426755,49.863621281392156,33.56917727439
Pentax,K 01,783,800,701.0,128.16689907496,50.261529049003926,33.602138933642
Pentax,K 01,783,800,701.0,129.18156388236,50.65943681661176,33.634826431942
Pentax,K 01,783,800,701.0,130.19622868976,51.057344584219614,33.667244089818
Pentax,K 01,783,800,701.0,131.21089349716,51.45525235182744,33.699396126701
Pentax,K 01,783,800,701.0,132.22555830456,51.853160119435294,33.731286664044
Pentax,K 01,783,800,701.0,133.24022311196,52.251067887043135,33.762919728337
Pentax,K 01,783,800,701.0,134.25488791936,52.648975654650975,33.794299254003
Pentax,K 01,783,800,701.0,135.26955272676,53.046883422258816,33.825429086177
Pentax,K 01,783,800,701.0,136.28421753416,53.44479118986667,33.856312983396
Pentax,K 01,783,800,701.0,137.29888234156,53.8426989574745,33.88695462017
Pentax,K 01,783,800,701.0,138.31354714896,54.24060672508235,33.917357589474
Pentax,K 01,783,800,701.0,139.32821195636,54.638514492690206,33.947525405143
Pentax,K 01,783,800,701.0,140.34287676376,55.03642226029803,33.977461504174
Pentax,K 01,783,800,701.0,141.35754157116,55.43433002790589,34.007169248951
Pentax,K 01,783,800,701.0,142.37220637856,55.83223779551373,34.036651929393
Pentax,K 01,783,800,701.0,143.38687118596,56.23014556312157,34.065912765017
Pentax,K 01,783,800,701.0,144.40153599336,56.62805333072941,34.094954906933
Pentax,K 01,783,800,701.0,145.41620080076,57.02596109833726,34.123781439767
Pentax,K 01,783,800,701.0,146.43086560816,57.423868865945096,34.152395383522
Pentax,K 01,783,800,701.0,147.44553041556,57.82177663355294,34.180799695366
Pentax,K 01,783,800,701.0,148.46019522296,58.21968440116079,34.208997271364
Pentax,K 01,783,800,701.0,149.47486003036,58.61759216876863,34.23699094815
Pentax,K 01,783,800,701.0,150.48952483776,59.01549993637647,34.264783504542
Pentax,K 01,783,800,701.0,151.50418964516,59.41340770398432,34.292377663102
Pentax,K 01,783,800,701.0,152.51885445256,59.81131547159215,34.319776091644
Pentax,K 01,783,800,701.0,153.53351925996,60.20922323920001,34.34698140469
Pentax,K 01,783,800,701.0,154.54818406736,60.60713100680785,34.373996164884
Pentax,K 01,783,800,701.0,155.56284887476,61.00503877441569,34.400822884353
Pentax,K 01,783,800,701.0,156.57751368216,61.40294654202353,34.427464026023
Pentax,K 01,783,800,701.0,157.59217848957,61.80085430963529,34.453922004899
Pentax,K 01,783,800,701.0,158.60684329697,62.19876207724314,34.480199189299
Pentax,K 01,783,800,701.0,159.62150810437,62.596669844850986,34.50629790205
Pentax,K 01,783,800,701.0,160.63617291177,62.994577612458826,34.532220421643
Pentax,K 01,783,800,701.0,161.65083771917,63.39248538006667,34.557968983356
Pentax,K 01,783,800,701.0,162.66550252657,63.79039314767452,34.58354578034
Pentax,K 01,783,800,701.0,163.68016733397,64.18830091528235,34.608952964668
Pentax,K 01,783,800,701.0,164.69483214137,64.5862086828902,34.634192648357
Pentax,K 01,783,800,701.0,165.70949694877,64.98411645049804,34.659266904357
Pentax,K 01,783,800,701.0,166.72416175617,65.38202421810588,34.684177767503
Pentax,K 01,783,800,701.0,167.73882656357,65.77993198571373,34.708927235449
Pentax,K 01,783,800,701.0,168.75349137097,66.17783975332158,34.733517269564
Pentax,K 01,783,800,701.0,169.76815617837,66.57574752092941,34.757949795808
Pentax,K 01,783,800,701.0,170.78282098577,66.97365528853726,34.782226705579
Pentax,K 01,783,800,701.0,171.79748579317,67.3715630561451,34.806349856533
Pentax,K 01,783,800,701.0,172.81215060057,67.76947082375294,34.830321073382
Pentax,K 01,783,800,701.0,173.82681540797,68.16737859136079,34.854142148671
Pentax,K 01,783,800,701.0,174.84148021537,68.56528635896863,34.877814843525
Pentax,K 01,783,800,701.0,175.85614502277,68.96319412657647,34.901340888383
Pentax,K 01,783,800,701.0,176.87080983017,69.36110189418432,34.924721983703
Pentax,K 01,783,800,701.0,177.88547463757,69.75900966179216,34.947959800652
Pentax,K 01,783,800,701.0,178.90013944497,70.1569174294,34.971055981778
Pentax,K 01,783,800,701.0,179.91480425237,70.55482519700784,34.994012141652
Pentax,K 01,783,800,701.0,180.92946905977,70.95273296461569,35.016829867508
Pentax,K 01,783,800,701.0,181.94413386717,71.35064073222352,35.03951071985
Pentax,K 01,783,800,701.0,182.95879867457,71.74854849983137,35.062056233052
Pentax,K 01,783,800,701.0,183.97346348197,72.1464562674392,35.084467915936
Pentax,K 01,783,800,701.0,184.98812828937,72.54436403504705,35.106747252339
Pentax,K 01,783,800,701.0,186.00279309678,72.94227180265884,35.12889570166
Pentax,K 01,783,800,701.0,187.01745790418,73.34017957026666,35.15091469939
Pentax,K 01,783,800,701.0,188.03212271158,73.73808733787452,35.172805657638
Pentax,K 01,783,800,701.0,189.04678751898,74.13599510548235,35.19456996563
Pentax,K 01,783,800,701.0,190.06145232638,74.5339028730902,35.216208990204
Pentax,K 01,783,800,701.0,191.07611713378,74.93181064069803,35.237724076287
Pentax,K 01,783,800,701.0,192.09078194118,75.3297184083059,35.259116547361
Pentax,K 01,783,800,701.0,193.10544674858,75.72762617591373,35.280387705915
Pentax,K 01,783,800,701.0,194.12011155598,76.12553394352157,35.301538833891
Pentax,K 01,783,800,701.0,195.13477636338,76.52344171112941,35.322571193106
Pentax,K 01,783,800,701.0,196.14944117078,76.92134947873726,35.343486025679
Pentax,K 01,783,800,701.0,197.16410597818,77.3192572463451,35.364284554435
Pentax,K 01,783,800,701.0,198.17877078558,77.71716501395295,35.3849679833
Pentax,K 01,783,800,701.0,199.19343559298,78.11507278156078,35.405537497694
Pentax,K 01,783,800,701.0,200.20810040038,78.51298054916863,35.425994264903
Pentax,K 01,783,800,701.0,201.22276520778,78.91088831677646,35.446339434449
Pentax,K 01,783,800,701.0,202.23743001518,79.30879608438431,35.46657413845
Pentax,K 01,783,800,701.0,203.25209482258,79.70670385199216,35.486699491967
Pentax,K 01,783,800,701.0,204.26675962998,80.10461161959999,35.506716593345
Pentax,K 01,783,800,701.0,205.28142443738,80.50251938720784,35.526626524547
Pentax,K 01,783,800,701.0,206.29608924478,80.90042715481569,35.546430351477
Pentax,K 01,783,800,701.0,207.31075405218,81.29833492242352,35.566129124295
Pentax,K 01,783,800,701.0,208.32541885958,81.69624269003137,35.585723877729
Pentax,K 01,783,800,701.0,209.34008366698,82.09415045763922,35.605215631371
Pentax,K 01,783,800,701.0,210.35474847438,82.49205822524705,35.624605389973
Pentax,K 01,783,800,701.0,211.36941328178,82.8899659928549,35.643894143736
Pentax,K 01,783,800,701.0,212.38407808918,83.28787376046274,35.663082868584
Pentax,K 01,783,800,701.0,213.39874289658,83.68578152807058,35.682172526443
Pentax,K 01,783,800,701.0,214.41340770398,84.08368929567843,35.701164065502
Pentax,K 01,783,800,701.0,215.42807251139,84.48159706329021,35.720058420476
Pentax,K 01,783,800,701.0,216.44273731879,84.87950483089803,35.73885651286
Pentax,K 01,783,800,701.0,217.45740212619,85.27741259850589,35.757559251176
Pentax,K 01,783,800,701.0,218.47206693359,85.67532036611372,35.776167531218
Pentax,K 01,783,800,701.0,219.48673174099,86.07322813372157,35.794682236283
Pentax,K 01,783,800,701.0,220.50139654839,86.4711359013294,35.813104237407
Pentax,K 01,783,800,701.0,221.51606135579,86.86904366893725,35.831434393591
Pentax,K 01,783,800,701.0,222.53072616319,87.2669514365451,35.849673552017
Pentax,K 01,783,800,701.0,223.54539097059,87.66485920415295,35.86782254827
Pentax,K 01,783,800,701.0,224.56005577799,88.06276697176078,35.885882206542
Pentax,K 01,783,800,701.0,225.57472058539,88.46067473936863,35.903853339845
Pentax,K 01,783,800,701.0,226.58938539279,88.85858250697648,35.921736750204
Pentax,K 01,783,800,701.0,227.60405020019,89.25649027458431,35.939533228863
Pentax,K 01,783,800,701.0,228.61871500759,89.65439804219216,35.957243556471
Pentax,K 01,783,800,701.0,229.63337981499,90.0523058098,35.974868503271
Pentax,K 01,783,800,701.0,230.64804462239,90.45021357740784,35.992408829287
Pentax,K 01,783,800,701.0,231.66270942979,90.84812134501568,36.009865284501
Pentax,K 01,783,800,701.0,232.67737423719,91.24602911262353,36.02723860903
Pentax,K 01,783,800,701.0,233.69203904459,91.64393688023137,36.044529533298
Pentax,K 01,783,800,701.0,234.70670385199,92.04184464783921,36.061738778206
Pentax,K 01,783,800,701.0,235.72136865939,92.43975241544706,36.078867055293
Pentax,K 01,783,800,701.0,236.73603346679,92.8376601830549,36.095915066901
Pentax,K 01,783,800,701.0,237.75069827419,93.23556795066274,36.112883506332
Pentax,K 01,783,800,701.0,238.76536308159,93.63347571827059,36.129773058002
Pentax,K 01,783,800,701.0,239.78002788899,94.03138348587842,36.146584397588
Pentax,K 01,783,800,701.0,240.79469269639,94.42929125348628,36.163318192186
Pentax,K 01,783,800,701.0,241.80935750379,94.82719902109412,36.179975100444
Pentax,K 01,783,800,701.0,242.82402231119,95.22510678870196,36.196555772714
Pentax,K 01,783,800,701.0,243.8386871186,95.62301455631372,36.213060851183
Pentax,K 01,783,800,701.0,244.853351926,96.02092232392157,36.229490970014
Pentax,K 01,783,800,701.0,245.8680167334,96.4188300915294,36.245846755476
Pentax,K 01,783,800,701.0,246.8826815408,96.81673785913726,36.262128826077
Pentax,K 01,783,800,701.0,247.8973463482,97.2146456267451,36.278337792688
Pentax,K 01,783,800,701.0,248.9120111556,97.61255339435294,36.294474258674
Pentax,K 01,783,800,701.0,249.926675963,98.01046116196078,36.310538820009
Pentax,K 01,783,800,701.0,250.9413407704,98.40836892956862,36.326532065403
Pentax,K 01,783,800,701.0,251.9560055778,98.80627669717647,36.342454576414
Pentax,K 01,783,800,701.0,252.9706703852,99.20418446478432,36.358306927567
Pentax,K 01,783,800,701.0,253.9853351926,99.60209223239215,36.374089686466
Pentax,K 01,783,800,701.0,255,100.0,36.389803413904
Pentax,K 01,783,1600,1329.0,0.38432650403308,0.15071627609140392,0
Pentax,K 01,783,1600,1329.0,0.51816792835773,0.20320310915989412,2.2054612320808
Pentax,K 01,783,1600,1329.0,1.0747928540085,0.4214873937288236,7.2161125959132
Pentax,K 01,783,1600,1329.0,2.1690707926816,0.8506159971300392,11.503485587137
Pentax,K 01,783,1600,1329.0,4.3777925721108,1.7167814008277646,15.326887980982
Pentax,K 01,783,1600,1329.0,5.3924573795112,2.1146891684357643,16.391030111731
Pentax,K 01,783,1600,1329.0,6.4071221869115,2.5125969360437255,17.251465007929
Pentax,K 01,783,1600,1329.0,7.4217869943119,2.9105047036517258,17.97264297481
Pentax,K 01,783,1600,1329.0,8.4364518017123,3.308412471259726,18.592823893869
Pentax,K 01,783,1600,1329.0,9.4511166091126,3.706320238867686,19.136511234701
Pentax,K 01,783,1600,1329.0,10.465781416513,4.104228006475686,19.620311974471
Pentax,K 01,783,1600,1329.0,11.480446223913,4.50213577408353,20.055986016495
Pentax,K 01,783,1600,1329.0,12.495111031314,4.9000435416917645,20.452157606023
Pentax,K 01,783,1600,1329.0,13.509775838714,5.2979513092996084,20.81533487243
Pentax,K 01,783,1600,1329.0,14.524440646114,5.695859076907451,21.150547309999
Pentax,K 01,783,1600,1329.0,15.539105453515,6.093766844515686,21.46176066305
Pentax,K 01,783,1600,1329.0,16.553770260915,6.491674612123529,21.752156206758
Pentax,K 01,783,1600,1329.0,17.568435068316,6.889582379731764,22.024324241211
Pentax,K 01,783,1600,1329.0,18.583099875716,7.287490147339609,22.280401529665
Pentax,K 01,783,1600,1329.0,19.597764683116,7.685397914947452,22.52217106556
Pentax,K 01,783,1600,1329.0,20.612429490517,8.083305682555686,22.751135893318
Pentax,K 01,783,1600,1329.0,21.627094297917,8.48121345016353,22.968574666368
Pentax,K 01,783,1600,1329.0,22.641759105317,8.879121217771372,23.175584099836
Pentax,K 01,783,1600,1329.0,23.656423912718,9.277028985379609,23.37311185474
Pentax,K 01,783,1600,1329.0,24.671088720118,9.67493675298745,23.561982326281
Pentax,K 01,783,1600,1329.0,25.685753527518,10.072844520595293,23.742917095068
Pentax,K 01,783,1600,1329.0,26.700418334919,10.47075228820353,23.916551312298
Pentax,K 01,783,1600,1329.0,27.715083142319,10.868660055811372,24.083446950617
Pentax,K 01,783,1600,1329.0,28.729747949719,11.266567823419214,24.244103612766
Pentax,K 01,783,1600,1329.0,29.74441275712,11.66447559102745,24.398967418306
Pentax,K 01,783,1600,1329.0,30.75907756452,12.062383358635294,24.548438363979
Pentax,K 01,783,1600,1329.0,31.773742371921,12.46029112624353,24.692876461521
Pentax,K 01,783,1600,1329.0,32.788407179321,12.858198893851371,24.83260688851
Pentax,K 01,783,1600,1329.0,33.803071986721,13.256106661459215,24.967924336582
Pentax,K 01,783,1600,1329.0,34.817736794122,13.654014429067452,25.099096702418
Pentax,K 01,783,1600,1329.0,35.832401601522,14.051922196675296,25.226368237106
Pentax,K 01,783,1600,1329.0,36.847066408922,14.449829964283136,25.349962246442
Pentax,K 01,783,1600,1329.0,37.861731216323,14.847737731891373,25.470083416828
Pentax,K 01,783,1600,1329.0,38.876396023723,15.245645499499213,25.586919827314
Pentax,K 01,783,1600,1329.0,39.891060831123,15.643553267107057,25.70064469724
Pentax,K 01,783,1600,1329.0,40.905725638524,16.041461034715294,25.81141791007
Pentax,K 01,783,1600,1329.0,41.920390445924,16.439368802323138,25.919387346932
Pentax,K 01,783,1600,1329.0,42.935055253325,16.837276569931372,26.024690057651
Pentax,K 01,783,1600,1329.0,43.949720060725,17.235184337539216,26.127453292485
Pentax,K 01,783,1600,1329.0,44.964384868125,17.63309210514706,26.227795413938
Pentax,K 01,783,1600,1329.0,45.979049675526,18.030999872755295,26.325826705022
Pentax,K 01,783,1600,1329.0,46.993714482926,18.42890764036314,26.421650087725
Pentax,K 01,783,1600,1329.0,48.008379290326,18.82681540797098,26.515361763417
Pentax,K 01,783,1600,1329.0,49.023044097727,19.224723175579218,26.607051785126
Pentax,K 01,783,1600,1329.0,50.037708905127,19.62263094318706,26.696804570215
Pentax,K 01,783,1600,1329.0,51.052373712527,20.020538710794902,26.78469936074
Pentax,K 01,783,1600,1329.0,52.067038519928,20.418446478403133,26.870810637766
Pentax,K 01,783,1600,1329.0,53.081703327328,20.81635424601098,26.95520849506
Pentax,K 01,783,1600,1329.0,54.096368134728,21.214262013618825,27.037958976847
Pentax,K 01,783,1600,1329.0,55.111032942129,21.61216978122706,27.119124383687
Pentax,K 01,783,1600,1329.0,56.125697749529,22.010077548834904,27.198763550031
Pentax,K 01,783,1600,1329.0,57.14036255693,22.40798531644314,27.276932096518
Pentax,K 01,783,1600,1329.0,58.15502736433,22.805893084050982,27.35368265976
Pentax,K 01,783,1600,1329.0,59.16969217173,23.203800851658823,27.429065101935
Pentax,K 01,783,1600,1329.0,60.184356979131,23.601708619267058,27.503126702326
Pentax,K 01,783,1600,1329.0,61.199021786531,23.9996163868749,27.575912332601
Pentax,K 01,783,1600,1329.0,62.213686593931,24.397524154482745,27.647464617491
Pentax,K 01,783,1600,1329.0,63.228351401332,24.79543192209098,27.717824082279
Pentax,K 01,783,1600,1329.0,64.243016208732,25.193339689698824,27.787029288397
Pentax,K 01,783,1600,1329.0,65.257681016132,25.591247457306665,27.855116958247
Pentax,K 01,783,1600,1329.0,66.272345823533,25.9891552249149,27.922122090264
Pentax,K 01,783,1600,1329.0,67.287010630933,26.387062992522743,27.988078065128
Pentax,K 01,783,1600,1329.0,68.301675438333,26.784970760130587,28.053016743918
Pentax,K 01,783,1600,1329.0,69.316340245734,27.182878527738826,28.116968558935
Pentax,K 01,783,1600,1329.0,70.331005053134,27.58078629534667,28.179962597846
Pentax,K 01,783,1600,1329.0,71.345669860535,27.9786940629549,28.24202668172
Pentax,K 01,783,1600,1329.0,72.360334667935,28.37660183056275,28.303187437495
Pentax,K 01,783,1600,1329.0,73.374999475335,28.77450959817059,28.363470365323
Pentax,K 01,783,1600,1329.0,74.389664282736,29.172417365778823,28.422899901249
Pentax,K 01,783,1600,1329.0,75.404329090136,29.570325133386667,28.481499475583
Pentax,K 01,783,1600,1329.0,76.418993897536,29.968232900994508,28.539291567332
Pentax,K 01,783,1600,1329.0,77.433658704937,30.366140668602746,28.596297754992
Pentax,K 01,783,1600,1329.0,78.448323512337,30.76404843621059,28.652538764002
Pentax,K 01,783,1600,1329.0,79.462988319738,31.161956203818825,28.708034511111
Pentax,K 01,783,1600,1329.0,80.477653127138,31.559863971426665,28.7628041459
Pentax,K 01,783,1600,1329.0,81.492317934538,31.957771739034506,28.81686608967
Pentax,K 01,783,1600,1329.0,82.506982741939,32.355679506642744,28.870238071902
Pentax,K 01,783,1600,1329.0,83.521647549339,32.753587274250584,28.92293716446
Pentax,K 01,783,1600,1329.0,84.536312356739,33.15149504185843,28.974979813709
Pentax,K 01,783,1600,1329.0,85.55097716414,33.54940280946666,29.026381870699
Pentax,K 01,783,1600,1329.0,86.56564197154,33.94731057707451,29.077158619541
Pentax,K 01,783,1600,1329.0,87.58030677894,34.34521834468235,29.127324804125
Pentax,K 01,783,1600,1329.0,88.594971586341,34.74312611229059,29.17689465327
Pentax,K 01,783,1600,1329.0,89.609636393741,35.14103387989843,29.225881904443
Pentax,K 01,783,1600,1329.0,90.624301201142,35.53894164750667,29.274299826109
Pentax,K 01,783,1600,1329.0,91.638966008542,35.93684941511451,29.322161238845
Pentax,K 01,783,1600,1329.0,92.653630815942,36.33475718272235,29.369478535264
Pentax,K 01,783,1600,1329.0,93.668295623343,36.73266495033059,29.41626369885
Pentax,K 01,783,1600,1329.0,94.682960430743,37.130572717938435,29.46252832177
Pentax,K 01,783,1600,1329.0,95.697625238143,37.528480485546275,29.508283621721
Pentax,K 01,783,1600,1329.0,96.712290045544,37.92638825315451,29.553540457887
Pentax,K 01,783,1600,1329.0,97.726954852944,38.324296020762354,29.598309346053
Pentax,K 01,783,1600,1329.0,98.741619660344,38.722203788370194,29.642600472924
Pentax,K 01,783,1600,1329.0,99.756284467745,39.12011155597843,29.686423709721
Pentax,K 01,783,1600,1329.0,100.77094927515,39.51801932358824,29.729788625063
Pentax,K 01,783,1600,1329.0,101.78561408255,39.91592709119608,29.772704497217
Pentax,K 01,783,1600,1329.0,102.80027888995,40.31383485880392,29.815180325718
Pentax,K 01,783,1600,1329.0,103.81494369735,40.71174262641177,29.857224842426
Pentax,K 01,783,1600,1329.0,104.82960850475,41.10965039401961,29.898846522033
Pentax,K 01,783,1600,1329.0,105.84427331215,41.50755816162745,29.940053592062
Pentax,K 01,783,1600,1329.0,106.85893811955,41.9054659292353,29.980854042385
Pentax,K 01,783,1600,1329.0,107.87360292695,42.30337369684314,30.021255634287
Pentax,K 01,783,1600,1329.0,108.88826773435,42.70128146445098,30.061265909101
Pentax,K 01,783,1600,1329.0,109.90293254175,43.099189232058826,30.10089219644
Pentax,K 01,783,1600,1329.0,110.91759734915,43.49709699966667,30.14014162205
Pentax,K 01,783,1600,1329.0,111.93226215655,43.89500476727451,30.179021115296
Pentax,K 01,783,1600,1329.0,112.94692696395,44.292912534882355,30.217537416313
Pentax,K 01,783,1600,1329.0,113.96159177135,44.690820302490195,30.255697082834
Pentax,K 01,783,1600,1329.0,114.97625657875,45.088728070098036,30.293506496712
Pentax,K 01,783,1600,1329.0,115.99092138615,45.48663583770588,30.330971870149
Pentax,K 01,783,1600,1329.0,117.00558619355,45.88454360531372,30.368099251659
Pentax,K 01,783,1600,1329.0,118.02025100095,46.28245137292157,30.404894531767
Pentax,K 01,783,1600,1329.0,119.03491580835,46.68035914052941,30.441363448465
Pentax,K 01,783,1600,1329.0,120.04958061575,47.07826690813726,30.477511592426
Pentax,K 01,783,1600,1329.0,121.06424542315,47.4761746757451,30.513344412011
Pentax,K 01,783,1600,1329.0,122.07891023055,47.87408244335294,30.548867218055
Pentax,K 01,783,1600,1329.0,123.09357503795,48.27199021096079,30.584085188455
Pentax,K 01,783,1600,1329.0,124.10823984535,48.66989797856863,30.619003372571
Pentax,K 01,783,1600,1329.0,125.12290465275,49.06780574617647,30.653626695443
Pentax,K 01,783,1600,1329.0,126.13756946015,49.465713513784316,30.687959961843
Pentax,K 01,783,1600,1329.0,127.15223426755,49.863621281392156,30.722007860151
Pentax,K 01,783,1600,1329.0,128.16689907496,50.261529049003926,30.755774966093
Pentax,K 01,783,1600,1329.0,129.18156388236,50.65943681661176,30.789265746313
Pentax,K 01,783,1600,1329.0,130.19622868976,51.057344584219614,30.822484561818
Pentax,K 01,783,1600,1329.0,131.21089349716,51.45525235182744,30.855435671278
Pentax,K 01,783,1600,1329.0,132.22555830456,51.853160119435294,30.888123234207
Pentax,K 01,783,1600,1329.0,133.24022311196,52.251067887043135,30.920551314014
Pentax,K 01,783,1600,1329.0,134.25488791936,52.648975654650975,30.952723880943
Pentax,K 01,783,1600,1329.0,135.26955272676,53.046883422258816,30.984644814897
Pentax,K 01,783,1600,1329.0,136.28421753416,53.44479118986667,31.016317908159
Pentax,K 01,783,1600,1329.0,137.29888234156,53.8426989574745,31.04774686801
Pentax,K 01,783,1600,1329.0,138.31354714896,54.24060672508235,31.078935319251
Pentax,K 01,783,1600,1329.0,139.32821195636,54.638514492690206,31.109886806631
Pentax,K 01,783,1600,1329.0,140.34287676376,55.03642226029803,31.140604797185
Pentax,K 01,783,1600,1329.0,141.35754157116,55.43433002790589,31.171092682491
Pentax,K 01,783,1600,1329.0,142.37220637856,55.83223779551373,31.201353780843
Pentax,K 01,783,1600,1329.0,143.38687118596,56.23014556312157,31.231391339347
Pentax,K 01,783,1600,1329.0,144.40153599336,56.62805333072941,31.261208535942
Pentax,K 01,783,1600,1329.0,145.41620080076,57.02596109833726,31.290808481353
Pentax,K 01,783,1600,1329.0,146.43086560816,57.423868865945096,31.320194220967
Pentax,K 01,783,1600,1329.0,147.44553041556,57.82177663355294,31.349368736658
Pentax,K 01,783,1600,1329.0,148.46019522296,58.21968440116079,31.378334948533
Pentax,K 01,783,1600,1329.0,149.47486003036,58.61759216876863,31.40709571663
Pentax,K 01,783,1600,1329.0,150.48952483776,59.01549993637647,31.435653842556
Pentax,K 01,783,1600,1329.0,151.50418964516,59.41340770398432,31.464012071063
Pentax,K 01,783,1600,1329.0,152.51885445256,59.81131547159215,31.492173091578
Pentax,K 01,783,1600,1329.0,153.53351925996,60.20922323920001,31.520139539682
Pentax,K 01,783,1600,1329.0,154.54818406736,60.60713100680785,31.547913998534
Pentax,K 01,783,1600,1329.0,155.56284887476,61.00503877441569,31.575499000254
Pentax,K 01,783,1600,1329.0,156.57751368216,61.40294654202353,31.602897027259
Pentax,K 01,783,1600,1329.0,157.59217848957,61.80085430963529,31.630110513552
Pentax,K 01,783,1600,1329.0,158.60684329697,62.19876207724314,31.65714184598
Pentax,K 01,783,1600,1329.0,159.62150810437,62.596669844850986,31.683993365433
Pentax,K 01,783,1600,1329.0,160.63617291177,62.994577612458826,31.710667368029
Pentax,K 01,783,1600,1329.0,161.65083771917,63.39248538006667,31.737166106236
Pentax,K 01,783,1600,1329.0,162.66550252657,63.79039314767452,31.763491789981
Pentax,K 01,783,1600,1329.0,163.68016733397,64.18830091528235,31.789646587709
Pentax,K 01,783,1600,1329.0,164.69483214137,64.5862086828902,31.815632627416
Pentax,K 01,783,1600,1329.0,165.70949694877,64.98411645049804,31.841451997651
Pentax,K 01,783,1600,1329.0,166.72416175617,65.38202421810588,31.867106748481
Pentax,K 01,783,1600,1329.0,167.73882656357,65.77993198571373,31.892598892431
Pentax,K 01,783,1600,1329.0,168.75349137097,66.17783975332158,31.917930405399
Pentax,K 01,783,1600,1329.0,169.76815617837,66.57574752092941,31.943103227535
Pentax,K 01,783,1600,1329.0,170.78282098577,66.97365528853726,31.9681192641
Pentax,K 01,783,1600,1329.0,171.79748579317,67.3715630561451,31.992980386297
Pentax,K 01,783,1600,1329.0,172.81215060057,67.76947082375294,32.017688432078
Pentax,K 01,783,1600,1329.0,173.82681540797,68.16737859136079,32.042245206928
Pentax,K 01,783,1600,1329.0,174.84148021537,68.56528635896863,32.066652484622
Pentax,K 01,783,1600,1329.0,175.85614502277,68.96319412657647,32.090912007968
Pentax,K 01,783,1600,1329.0,176.87080983017,69.36110189418432,32.115025489518
Pentax,K 01,783,1600,1329.0,177.88547463757,69.75900966179216,32.13899461227
Pentax,K 01,783,1600,1329.0,178.90013944497,70.1569174294,32.162821030338
Pentax,K 01,783,1600,1329.0,179.91480425237,70.55482519700784,32.186506369616
Pentax,K 01,783,1600,1329.0,180.92946905977,70.95273296461569,32.210052228411
Pentax,K 01,783,1600,1329.0,181.94413386717,71.35064073222352,32.233460178063
Pentax,K 01,783,1600,1329.0,182.95879867457,71.74854849983137,32.256731763552
Pentax,K 01,783,1600,1329.0,183.97346348197,72.1464562674392,32.279868504084
Pentax,K 01,783,1600,1329.0,184.98812828937,72.54436403504705,32.302871893657
Pentax,K 01,783,1600,1329.0,186.00279309678,72.94227180265884,32.325743401619
Pentax,K 01,783,1600,1329.0,187.01745790418,73.34017957026666,32.348484473208
Pentax,K 01,783,1600,1329.0,188.03212271158,73.73808733787452,32.371096530071
Pentax,K 01,783,1600,1329.0,189.04678751898,74.13599510548235,32.393580970783
Pentax,K 01,783,1600,1329.0,190.06145232638,74.5339028730902,32.415939171335
Pentax,K 01,783,1600,1329.0,191.07611713378,74.93181064069803,32.438172485625
Pentax,K 01,783,1600,1329.0,192.09078194118,75.3297184083059,32.460282245923
Pentax,K 01,783,1600,1329.0,193.10544674858,75.72762617591373,32.482269763332
Pentax,K 01,783,1600,1329.0,194.12011155598,76.12553394352157,32.504136328232
Pentax,K 01,783,1600,1329.0,195.13477636338,76.52344171112941,32.525883210717
Pentax,K 01,783,1600,1329.0,196.14944117078,76.92134947873726,32.547511661015
Pentax,K 01,783,1600,1329.0,197.16410597818,77.3192572463451,32.569022909902
Pentax,K 01,783,1600,1329.0,198.17877078558,77.71716501395295,32.590418169105
Pentax,K 01,783,1600,1329.0,199.19343559298,78.11507278156078,32.611698631687
Pentax,K 01,783,1600,1329.0,200.20810040038,78.51298054916863,32.632865472436
Pentax,K 01,783,1600,1329.0,201.22276520778,78.91088831677646,32.653919848231
Pentax,K 01,783,1600,1329.0,202.23743001518,79.30879608438431,32.674862898405
Pentax,K 01,783,1600,1329.0,203.25209482258,79.70670385199216,32.6956957451
Pentax,K 01,783,1600,1329.0,204.26675962998,80.10461161959999,32.716419493609
Pentax,K 01,783,1600,1329.0,205.28142443738,80.50251938720784,32.737035232714
Pentax,K 01,783,1600,1329.0,206.29608924478,80.90042715481569,32.757544035008
Pentax,K 01,783,1600,1329.0,207.31075405218,81.29833492242352,32.777946957222
Pentax,K 01,783,1600,1329.0,208.32541885958,81.69624269003137,32.798245040529
Pentax,K 01,783,1600,1329.0,209.34008366698,82.09415045763922,32.818439310853
Pentax,K 01,783,1600,1329.0,210.35474847438,82.49205822524705,32.838530779161
Pentax,K 01,783,1600,1329.0,211.36941328178,82.8899659928549,32.858520441757
Pentax,K 01,783,1600,1329.0,212.38407808918,83.28787376046274,32.87840928056
Pentax,K 01,783,1600,1329.0,213.39874289658,83.68578152807058,32.898198263382
Pentax,K 01,783,1600,1329.0,214.41340770398,84.08368929567843,32.917888344196
Pentax,K 01,783,1600,1329.0,215.42807251139,84.48159706329021,32.937480463398
Pentax,K 01,783,1600,1329.0,216.44273731879,84.87950483089803,32.956975548066
Pentax,K 01,783,1600,1329.0,217.45740212619,85.27741259850589,32.976374512207
Pentax,K 01,783,1600,1329.0,218.47206693359,85.67532036611372,32.995678257001
Pentax,K 01,783,1600,1329.0,219.48673174099,86.07322813372157,33.014887671047
Pentax,K 01,783,1600,1329.0,220.50139654839,86.4711359013294,33.034003630585
Pentax,K 01,783,1600,1329.0,221.51606135579,86.86904366893725,33.053026999733
Pentax,K 01,783,1600,1329.0,222.53072616319,87.2669514365451,33.071958630707
Pentax,K 01,783,1600,1329.0,223.54539097059,87.66485920415295,33.090799364036
Pentax,K 01,783,1600,1329.0,224.56005577799,88.06276697176078,33.109550028779
Pentax,K 01,783,1600,1329.0,225.57472058539,88.46067473936863,33.128211442728
Pentax,K 01,783,1600,1329.0,226.58938539279,88.85858250697648,33.146784412614
Pentax,K 01,783,1600,1329.0,227.60405020019,89.25649027458431,33.165269734308
Pentax,K 01,783,1600,1329.0,228.61871500759,89.65439804219216,33.183668193009
Pentax,K 01,783,1600,1329.0,229.63337981499,90.0523058098,33.201980563438
Pentax,K 01,783,1600,1329.0,230.64804462239,90.45021357740784,33.220207610023
Pentax,K 01,783,1600,1329.0,231.66270942979,90.84812134501568,33.23835008708
Pentax,K 01,783,1600,1329.0,232.67737423719,91.24602911262353,33.256408738992
Pentax,K 01,783,1600,1329.0,233.69203904459,91.64393688023137,33.274384300378
Pentax,K 01,783,1600,1329.0,234.70670385199,92.04184464783921,33.292277496271
Pentax,K 01,783,1600,1329.0,235.72136865939,92.43975241544706,33.310089042275
Pentax,K 01,783,1600,1329.0,236.73603346679,92.8376601830549,33.327819644735
Pentax,K 01,783,1600,1329.0,237.75069827419,93.23556795066274,33.345470000893
Pentax,K 01,783,1600,1329.0,238.76536308159,93.63347571827059,33.363040799041
Pentax,K 01,783,1600,1329.0,239.78002788899,94.03138348587842,33.38053271868
Pentax,K 01,783,1600,1329.0,240.79469269639,94.42929125348628,33.397946430663
Pentax,K 01,783,1600,1329.0,241.80935750379,94.82719902109412,33.415282597345
Pentax,K 01,783,1600,1329.0,242.82402231119,95.22510678870196,33.432541872724
Pentax,K 01,783,1600,1329.0,243.8386871186,95.62301455631372,33.449724902581
Pentax,K 01,783,1600,1329.0,244.853351926,96.02092232392157,33.466832324618
Pentax,K 01,783,1600,1329.0,245.8680167334,96.4188300915294,33.483864768591
Pentax,K 01,783,1600,1329.0,246.8826815408,96.81673785913726,33.500822856442
Pentax,K 01,783,1600,1329.0,247.8973463482,97.2146456267451,33.517707202429
Pentax,K 01,783,1600,1329.0,248.9120111556,97.61255339435294,33.534518413251
Pentax,K 01,783,1600,1329.0,249.926675963,98.01046116196078,33.551257088169
Pentax,K 01,783,1600,1329.0,250.9413407704,98.40836892956862,33.567923819131
Pentax,K 01,783,1600,1329.0,251.9560055778,98.80627669717647,33.58451919089
Pentax,K 01,783,1600,1329.0,252.9706703852,99.20418446478432,33.601043781116
Pentax,K 01,783,1600,1329.0,253.9853351926,99.60209223239215,33.617498160516
Pentax,K 01,783,1600,1329.0,255,100.0,33.63388289294
Pentax,K 01,783,3200,2724.0,0.51816792835773,0.20320310915989412,0
Pentax,K 01,783,3200,2724.0,1.0747928540085,0.4214873937288236,5.4385240642181
Pentax,K 01,783,3200,2724.0,2.1690707926816,0.8506159971300392,10.17817789452
Pentax,K 01,783,3200,2724.0,4.3777925721108,1.7167814008277646,14.394984696434
Pentax,K 01,783,3200,2724.0,5.3924573795112,2.1146891684357643,15.554744249393
Pentax,K 01,783,3200,2724.0,6.4071221869115,2.5125969360437255,16.486197049467
Pentax,K 01,783,3200,2724.0,7.4217869943119,2.9105047036517258,17.262244934603
Pentax,K 01,783,3200,2724.0,8.4364518017123,3.308412471259726,17.926123393764
Pentax,K 01,783,3200,2724.0,9.4511166091126,3.706320238867686,18.505456772272
Pentax,K 01,783,3200,2724.0,10.465781416513,4.104228006475686,19.018909084505
Pentax,K 01,783,3200,2724.0,11.480446223913,4.50213577408353,19.479651289028
Pentax,K 01,783,3200,2724.0,12.495111031314,4.9000435416917645,19.897307896413
Pentax,K 01,783,3200,2724.0,13.509775838714,5.2979513092996084,20.279115895908
Pentax,K 01,783,3200,2724.0,14.524440646114,5.695859076907451,20.630648461289
Pentax,K 01,783,3200,2724.0,15.539105453515,6.093766844515686,20.956285146096
Pentax,K 01,783,3200,2724.0,16.553770260915,6.491674612123529,21.259527764276
Pentax,K 01,783,3200,2724.0,17.568435068316,6.889582379731764,21.543218765086
Pentax,K 01,783,3200,2724.0,18.583099875716,7.287490147339609,21.809695989765
Pentax,K 01,783,3200,2724.0,19.597764683116,7.685397914947452,22.060904747276
Pentax,K 01,783,3200,2724.0,20.612429490517,8.083305682555686,22.298480547244
Pentax,K 01,783,3200,2724.0,21.627094297917,8.48121345016353,22.523811219093
Pentax,K 01,783,3200,2724.0,22.641759105317,8.879121217771372,22.73808426797
Pentax,K 01,783,3200,2724.0,23.656423912718,9.277028985379609,22.942323473351
Pentax,K 01,783,3200,2724.0,24.671088720118,9.67493675298745,23.137417526139
Pentax,K 01,783,3200,2724.0,25.685753527518,10.072844520595293,23.324142689681
Pentax,K 01,783,3200,2724.0,26.700418334919,10.47075228820353,23.503180916915
Pentax,K 01,783,3200,2724.0,27.715083142319,10.868660055811372,23.675134471739
Pentax,K 01,783,3200,2724.0,28.729747949719,11.266567823419214,23.840537831764
Pentax,K 01,783,3200,2724.0,29.74441275712,11.66447559102745,23.999867455663
Pentax,K 01,783,3200,2724.0,30.75907756452,12.062383358635294,24.153549857745
Pentax,K 01,783,3200,2724.0,31.773742371921,12.46029112624353,24.30196832914
Pentax,K 01,783,3200,2724.0,32.788407179321,12.858198893851371,24.445468568317
Pentax,K 01,783,3200,2724.0,33.803071986721,13.256106661459215,24.584363426149
Pentax,K 01,783,3200,2724.0,34.817736794122,13.654014429067452,24.718936927164
Pentax,K 01,783,3200,2724.0,35.832401601522,14.051922196675296,24.849447695233
Pentax,K 01,783,3200,2724.0,36.847066408922,14.449829964283136,24.976131886309
Pentax,K 01,783,3200,2724.0,37.861731216323,14.847737731891373,25.099205710754
Pentax,K 01,783,3200,2724.0,38.876396023723,15.245645499499213,25.218867612176
Pentax,K 01,783,3200,2724.0,39.891060831123,15.643553267107057,25.335300157305
Pentax,K 01,783,3200,2724.0,40.905725638524,16.041461034715294,25.448671681625
Pentax,K 01,783,3200,2724.0,41.920390445924,16.439368802323138,25.559137727616
Pentax,K 01,783,3200,2724.0,42.935055253325,16.837276569931372,25.66684230614
Pentax,K 01,783,3200,2724.0,43.949720060725,17.235184337539216,25.771919006405
Pentax,K 01,783,3200,2724.0,44.964384868125,17.63309210514706,25.874491975759
Pentax,K 01,783,3200,2724.0,45.979049675526,18.030999872755295,25.974676787203
Pentax,K 01,783,3200,2724.0,46.993714482926,18.42890764036314,26.07258120967
Pentax,K 01,783,3200,2724.0,48.008379290326,18.82681540797098,26.168305893857
Pentax,K 01,783,3200,2724.0,49.023044097727,19.224723175579218,26.261944984467
Pentax,K 01,783,3200,2724.0,50.037708905127,19.62263094318706,26.353586668109
Pentax,K 01,783,3200,2724.0,51.052373712527,20.020538710794902,26.443313664801
Pentax,K 01,783,3200,2724.0,52.067038519928,20.418446478403133,26.5312036699
Pentax,K 01,783,3200,2724.0,53.081703327328,20.81635424601098,26.617329752313
Pentax,K 01,783,3200,2724.0,54.096368134728,21.214262013618825,26.701760714089
Pentax,K 01,783,3200,2724.0,55.111032942129,21.61216978122706,26.784561415789
Pentax,K 01,783,3200,2724.0,56.125697749529,22.010077548834904,26.865793071457
Pentax,K 01,783,3200,2724.0,57.14036255693,22.40798531644314,26.945513516548
Pentax,K 01,783,3200,2724.0,58.15502736433,22.805893084050982,27.023777451723
Pentax,K 01,783,3200,2724.0,59.16969217173,23.203800851658823,27.100636665066
Pentax,K 01,783,3200,2724.0,60.184356979131,23.601708619267058,27.17614023498
Pentax,K 01,783,3200,2724.0,61.199021786531,23.9996163868749,27.250334715744
Pentax,K 01,783,3200,2724.0,62.213686593931,24.397524154482745,27.32326430746
Pentax,K 01,783,3200,2724.0,63.228351401332,24.79543192209098,27.394971011965
Pentax,K 01,783,3200,2724.0,64.243016208732,25.193339689698824,27.465494776046
Pentax,K 01,783,3200,2724.0,65.257681016132,25.591247457306665,27.534873623201
Pentax,K 01,783,3200,2724.0,66.272345823533,25.9891552249149,27.603143775012
Pentax,K 01,783,3200,2724.0,67.287010630933,26.387062992522743,27.67033976311
Pentax,K 01,783,3200,2724.0,68.301675438333,26.784970760130587,27.736494532575
Pentax,K 01,783,3200,2724.0,69.316340245734,27.182878527738826,27.801639537558
Pentax,K 01,783,3200,2724.0,70.331005053134,27.58078629534667,27.865804829823
Pentax,K 01,783,3200,2724.0,71.345669860535,27.9786940629549,27.929019140799
Pentax,K 01,783,3200,2724.0,72.360334667935,28.37660183056275,27.991309957743
Pentax,K 01,783,3200,2724.0,73.374999475335,28.77450959817059,28.052703594479
Pentax,K 01,783,3200,2724.0,74.389664282736,29.172417365778823,28.113225257194
Pentax,K 01,783,3200,2724.0,75.404329090136,29.570325133386667,28.172899105684
Pentax,K 01,783,3200,2724.0,76.418993897536,29.968232900994508,28.231748310433
Pentax,K 01,783,3200,2724.0,77.433658704937,30.366140668602746,28.28979510585
Pentax,K 01,783,3200,2724.0,78.448323512337,30.76404843621059,28.347060839981
Pentax,K 01,783,3200,2724.0,79.462988319738,31.161956203818825,28.403566020966
Pentax,K 01,783,3200,2724.0,80.477653127138,31.559863971426665,28.459330360485
Pentax,K 01,783,3200,2724.0,81.492317934538,31.957771739034506,28.51437281445
Pentax,K 01,783,3200,2724.0,82.506982741939,32.355679506642744,28.568711621114
Pentax,K 01,783,3200,2724.0,83.521647549339,32.753587274250584,28.622364336825
Pentax,K 01,783,3200,2724.0,84.536312356739,33.15149504185843,28.675347869571
Pentax,K 01,783,3200,2724.0,85.55097716414,33.54940280946666,28.7276785105
Pentax,K 01,783,3200,2724.0,86.56564197154,33.94731057707451,28.779371963535
Pentax,K 01,783,3200,2724.0,87.58030677894,34.34521834468235,28.830443373248
Pentax,K 01,783,3200,2724.0,88.594971586341,34.74312611229059,28.880907351089
Pentax,K 01,783,3200,2724.0,89.609636393741,35.14103387989843,28.930778000107
Pentax,K 01,783,3200,2724.0,90.624301201142,35.53894164750667,28.980068938245
Pentax,K 01,783,3200,2724.0,91.638966008542,35.93684941511451,29.028793320325
Pentax,K 01,783,3200,2724.0,92.653630815942,36.33475718272235,29.076963858796
Pentax,K 01,783,3200,2724.0,93.668295623343,36.73266495033059,29.12459284334
Pentax,K 01,783,3200,2724.0,94.682960430743,37.130572717938435,29.171692159397
Pentax,K 01,783,3200,2724.0,95.697625238143,37.528480485546275,29.218273305697
Pentax,K 01,783,3200,2724.0,96.712290045544,37.92638825315451,29.264347410837
Pentax,K 01,783,3200,2724.0,97.726954852944,38.324296020762354,29.309925248998
Pentax,K 01,783,3200,2724.0,98.741619660344,38.722203788370194,29.355017254823
Pentax,K 01,783,3200,2724.0,99.756284467745,39.12011155597843,29.399633537526
Pentax,K 01,783,3200,2724.0,100.77094927515,39.51801932358824,29.443783894283
Pentax,K 01,783,3200,2724.0,101.78561408255,39.91592709119608,29.487477822932
Pentax,K 01,783,3200,2724.0,102.80027888995,40.31383485880392,29.530724534038
Pentax,K 01,783,3200,2724.0,103.81494369735,40.71174262641177,29.57353296236
Pentax,K 01,783,3200,2724.0,104.82960850475,41.10965039401961,29.615911777744
Pentax,K 01,783,3200,2724.0,105.84427331215,41.50755816162745,29.657869395491
Pentax,K 01,783,3200,2724.0,106.85893811955,41.9054659292353,29.699413986218
Pentax,K 01,783,3200,2724.0,107.87360292695,42.30337369684314,29.74055348525
Pentax,K 01,783,3200,2724.0,108.88826773435,42.70128146445098,29.781295601562
Pentax,K 01,783,3200,2724.0,109.90293254175,43.099189232058826,29.821647826305
Pentax,K 01,783,3200,2724.0,110.91759734915,43.49709699966667,29.86161744093
Pentax,K 01,783,3200,2724.0,111.93226215655,43.89500476727451,29.90121152494
Pentax,K 01,783,3200,2724.0,112.94692696395,44.292912534882355,29.940436963283
Pentax,K 01,783,3200,2724.0,113.96159177135,44.690820302490195,29.979300453419
Pentax,K 01,783,3200,2724.0,114.97625657875,45.088728070098036,30.017808512058
Pentax,K 01,783,3200,2724.0,115.99092138615,45.48663583770588,30.055967481605
Pentax,K 01,783,3200,2724.0,117.00558619355,45.88454360531372,30.093783536319
Pentax,K 01,783,3200,2724.0,118.02025100095,46.28245137292157,30.131262688203
Pentax,K 01,783,3200,2724.0,119.03491580835,46.68035914052941,30.168410792633
Pentax,K 01,783,3200,2724.0,120.04958061575,47.07826690813726,30.205233553757
Pentax,K 01,783,3200,2724.0,121.06424542315,47.4761746757451,30.24173652965
Pentax,K 01,783,3200,2724.0,122.07891023055,47.87408244335294,30.27792513726
Pentax,K 01,783,3200,2724.0,123.09357503795,48.27199021096079,30.313804657145
Pentax,K 01,783,3200,2724.0,124.10823984535,48.66989797856863,30.349380238007
Pentax,K 01,783,3200,2724.0,125.12290465275,49.06780574617647,30.38465690105
Pentax,K 01,783,3200,2724.0,126.13756946015,49.465713513784316,30.41963954415
Pentax,K 01,783,3200,2724.0,127.15223426755,49.863621281392156,30.454332945863
Pentax,K 01,783,3200,2724.0,128.16689907496,50.261529049003926,30.488741769261
Pentax,K 01,783,3200,2724.0,129.18156388236,50.65943681661176,30.522870565632
Pentax,K 01,783,3200,2724.0,130.19622868976,51.057344584219614,30.556723778014
Pentax,K 01,783,3200,2724.0,131.21089349716,51.45525235182744,30.590305744607
Pentax,K 01,783,3200,2724.0,132.22555830456,51.853160119435294,30.623620702038
Pentax,K 01,783,3200,2724.0,133.24022311196,52.251067887043135,30.656672788513
Pentax,K 01,783,3200,2724.0,134.25488791936,52.648975654650975,30.689466046837
Pentax,K 01,783,3200,2724.0,135.26955272676,53.046883422258816,30.722004427321
Pentax,K 01,783,3200,2724.0,136.28421753416,53.44479118986667,30.754291790588
Pentax,K 01,783,3200,2724.0,137.29888234156,53.8426989574745,30.786331910261
Pentax,K 01,783,3200,2724.0,138.31354714896,54.24060672508235,30.818128475558
Pentax,K 01,783,3200,2724.0,139.32821195636,54.638514492690206,30.849685093791
Pentax,K 01,783,3200,2724.0,140.34287676376,55.03642226029803,30.881005292773
Pentax,K 01,783,3200,2724.0,141.35754157116,55.43433002790589,30.912092523132
Pentax,K 01,783,3200,2724.0,142.37220637856,55.83223779551373,30.94295016055
Pentax,K 01,783,3200,2724.0,143.38687118596,56.23014556312157,30.973581507915
Pentax,K 01,783,3200,2724.0,144.40153599336,56.62805333072941,31.003989797399
Pentax,K 01,783,3200,2724.0,145.41620080076,57.02596109833726,31.034178192461
Pentax,K 01,783,3200,2724.0,146.43086560816,57.423868865945096,31.064149789783
Pentax,K 01,783,3200,2724.0,147.44553041556,57.82177663355294,31.093907621132
Pentax,K 01,783,3200,2724.0,148.46019522296,58.21968440116079,31.123454655165
Pentax,K 01,783,3200,2724.0,149.47486003036,58.61759216876863,31.152793799165
Pentax,K 01,783,3200,2724.0,150.48952483776,59.01549993637647,31.181927900722
Pentax,K 01,783,3200,2724.0,151.50418964516,59.41340770398432,31.210859749357
Pentax,K 01,783,3200,2724.0,152.51885445256,59.81131547159215,31.239592078086
Pentax,K 01,783,3200,2724.0,153.53351925996,60.20922323920001,31.268127564942
Pentax,K 01,783,3200,2724.0,154.54818406736,60.60713100680785,31.296468834431
Pentax,K 01,783,3200,2724.0,155.56284887476,61.00503877441569,31.324618458956
Pentax,K 01,783,3200,2724.0,156.57751368216,61.40294654202353,31.352578960184
Pentax,K 01,783,3200,2724.0,157.59217848957,61.80085430963529,31.38035281037
Pentax,K 01,783,3200,2724.0,158.60684329697,62.19876207724314,31.407942433641
Pentax,K 01,783,3200,2724.0,159.62150810437,62.596669844850986,31.435350207237
Pentax,K 01,783,3200,2724.0,160.63617291177,62.994577612458826,31.46257846271
Pentax,K 01,783,3200,2724.0,161.65083771917,63.39248538006667,31.489629487089
Pentax,K 01,783,3200,2724.0,162.66550252657,63.79039314767452,31.516505524007
Pentax,K 01,783,3200,2724.0,163.68016733397,64.18830091528235,31.543208774788
Pentax,K 01,783,3200,2724.0,164.69483214137,64.5862086828902,31.569741399509
Pentax,K 01,783,3200,2724.0,165.70949694877,64.98411645049804,31.596105518017
Pentax,K 01,783,3200,2724.0,166.72416175617,65.38202421810588,31.622303210931
Pentax,K 01,783,3200,2724.0,167.73882656357,65.77993198571373,31.648336520594
Pentax,K 01,783,3200,2724.0,168.75349137097,66.17783975332158,31.674207452012
Pentax,K 01,783,3200,2724.0,169.76815617837,66.57574752092941,31.699917973757
Pentax,K 01,783,3200,2724.0,170.78282098577,66.97365528853726,31.725470018845
Pentax,K 01,783,3200,2724.0,171.79748579317,67.3715630561451,31.750865485583
Pentax,K 01,783,3200,2724.0,172.81215060057,67.76947082375294,31.7761062384
Pentax,K 01,783,3200,2724.0,173.82681540797,68.16737859136079,31.801194108646
Pentax,K 01,783,3200,2724.0,174.84148021537,68.56528635896863,31.826130895369
Pentax,K 01,783,3200,2724.0,175.85614502277,68.96319412657647,31.85091836607
Pentax,K 01,783,3200,2724.0,176.87080983017,69.36110189418432,31.875558257439
Pentax,K 01,783,3200,2724.0,177.88547463757,69.75900966179216,31.900052276063
Pentax,K 01,783,3200,2724.0,178.90013944497,70.1569174294,31.92440209912
Pentax,K 01,783,3200,2724.0,179.91480425237,70.55482519700784,31.948609375051
Pentax,K 01,783,3200,2724.0,180.92946905977,70.95273296461569,31.97267572421
Pentax,K 01,783,3200,2724.0,181.94413386717,71.35064073222352,31.996602739501
Pentax,K 01,783,3200,2724.0,182.95879867457,71.74854849983137,32.020391986995
Pentax,K 01,783,3200,2724.0,183.97346348197,72.1464562674392,32.044045006523
Pentax,K 01,783,3200,2724.0,184.98812828937,72.54436403504705,32.06756331227
Pentax,K 01,783,3200,2724.0,186.00279309678,72.94227180265884,32.09094839333
Pentax,K 01,783,3200,2724.0,187.01745790418,73.34017957026666,32.114201714263
Pentax,K 01,783,3200,2724.0,188.03212271158,73.73808733787452,32.137324715631
Pentax,K 01,783,3200,2724.0,189.04678751898,74.13599510548235,32.160318814519
Pentax,K 01,783,3200,2724.0,190.06145232638,74.5339028730902,32.183185405038
Pentax,K 01,783,3200,2724.0,191.07611713378,74.93181064069803,32.205925858826
Pentax,K 01,783,3200,2724.0,192.09078194118,75.3297184083059,32.228541525524
Pentax,K 01,783,3200,2724.0,193.10544674858,75.72762617591373,32.251033733243
Pentax,K 01,783,3200,2724.0,194.12011155598,76.12553394352157,32.273403789022
Pentax,K 01,783,3200,2724.0,195.13477636338,76.52344171112941,32.295652979271
Pentax,K 01,783,3200,2724.0,196.14944117078,76.92134947873726,32.317782570201
Pentax,K 01,783,3200,2724.0,197.16410597818,77.3192572463451,32.339793808246
Pentax,K 01,783,3200,2724.0,198.17877078558,77.71716501395295,32.361687920473
Pentax,K 01,783,3200,2724.0,199.19343559298,78.11507278156078,32.383466114979
Pentax,K 01,783,3200,2724.0,200.20810040038,78.51298054916863,32.405129581282
Pentax,K 01,783,3200,2724.0,201.22276520778,78.91088831677646,32.4266794907
Pentax,K 01,783,3200,2724.0,202.23743001518,79.30879608438431,32.44811699672
Pentax,K 01,783,3200,2724.0,203.25209482258,79.70670385199216,32.469443235356
Pentax,K 01,783,3200,2724.0,204.26675962998,80.10461161959999,32.490659325502
Pentax,K 01,783,3200,2724.0,205.28142443738,80.50251938720784,32.511766369276
Pentax,K 01,783,3200,2724.0,206.29608924478,80.90042715481569,32.53276545235
Pentax,K 01,783,3200,2724.0,207.31075405218,81.29833492242352,32.553657644277
Pentax,K 01,783,3200,2724.0,208.32541885958,81.69624269003137,32.57444399881
Pentax,K 01,783,3200,2724.0,209.34008366698,82.09415045763922,32.595125554208
Pentax,K 01,783,3200,2724.0,210.35474847438,82.49205822524705,32.615703333544
Pentax,K 01,783,3200,2724.0,211.36941328178,82.8899659928549,32.636178344993
Pentax,K 01,783,3200,2724.0,212.38407808918,83.28787376046274,32.656551582125
Pentax,K 01,783,3200,2724.0,213.39874289658,83.68578152807058,32.676824024181
Pentax,K 01,783,3200,2724.0,214.41340770398,84.08368929567843,32.696996636354
Pentax,K 01,783,3200,2724.0,215.42807251139,84.48159706329021,32.717070370049
Pentax,K 01,783,3200,2724.0,216.44273731879,84.87950483089803,32.737046163148
Pentax,K 01,783,3200,2724.0,217.45740212619,85.27741259850589,32.756924940267
Pentax,K 01,783,3200,2724.0,218.47206693359,85.67532036611372,32.776707612999
Pentax,K 01,783,3200,2724.0,219.48673174099,86.07322813372157,32.796395080163
Pentax,K 01,783,3200,2724.0,220.50139654839,86.4711359013294,32.815988228041
Pentax,K 01,783,3200,2724.0,221.51606135579,86.86904366893725,32.835487930605
Pentax,K 01,783,3200,2724.0,222.53072616319,87.2669514365451,32.854895049749
Pentax,K 01,783,3200,2724.0,223.54539097059,87.66485920415295,32.874210435511
Pentax,K 01,783,3200,2724.0,224.56005577799,88.06276697176078,32.893434926285
Pentax,K 01,783,3200,2724.0,225.57472058539,88.46067473936863,32.912569349035
Pentax,K 01,783,3200,2724.0,226.58938539279,88.85858250697648,32.931614519502
Pentax,K 01,783,3200,2724.0,227.60405020019,89.25649027458431,32.950571242408
Pentax,K 01,783,3200,2724.0,228.61871500759,89.65439804219216,32.969440311648
Pentax,K 01,783,3200,2724.0,229.63337981499,90.0523058098,32.988222510491
Pentax,K 01,783,3200,2724.0,230.64804462239,90.45021357740784,33.00691861176
Pentax,K 01,783,3200,2724.0,231.66270942979,90.84812134501568,33.025529378025
Pentax,K 01,783,3200,2724.0,232.67737423719,91.24602911262353,33.044055561779
Pentax,K 01,783,3200,2724.0,233.69203904459,91.64393688023137,33.062497905615
Pentax,K 01,783,3200,2724.0,234.70670385199,92.04184464783921,33.080857142401
Pentax,K 01,783,3200,2724.0,235.72136865939,92.43975241544706,33.099133995446
Pentax,K 01,783,3200,2724.0,236.73603346679,92.8376601830549,33.117329178669
Pentax,K 01,783,3200,2724.0,237.75069827419,93.23556795066274,33.135443396758
Pentax,K 01,783,3200,2724.0,238.76536308159,93.63347571827059,33.15347734533
Pentax,K 01,783,3200,2724.0,239.78002788899,94.03138348587842,33.171431711085
Pentax,K 01,783,3200,2724.0,240.79469269639,94.42929125348628,33.189307171958
Pentax,K 01,783,3200,2724.0,241.80935750379,94.82719902109412,33.207104397268
Pentax,K 01,783,3200,2724.0,242.82402231119,95.22510678870196,33.224824047864
Pentax,K 01,783,3200,2724.0,243.8386871186,95.62301455631372,33.242466776264
Pentax,K 01,783,3200,2724.0,244.853351926,96.02092232392157,33.2600332268
Pentax,K 01,783,3200,2724.0,245.8680167334,96.4188300915294,33.277524035748
Pentax,K 01,783,3200,2724.0,246.8826815408,96.81673785913726,33.294939831467
Pentax,K 01,783,3200,2724.0,247.8973463482,97.2146456267451,33.312281234527
Pentax,K 01,783,3200,2724.0,248.9120111556,97.61255339435294,33.329548857837
Pentax,K 01,783,3200,2724.0,249.926675963,98.01046116196078,33.346743306773
Pentax,K 01,783,3200,2724.0,250.9413407704,98.40836892956862,33.363865179297
Pentax,K 01,783,3200,2724.0,251.9560055778,98.80627669717647,33.380915066083
Pentax,K 01,783,3200,2724.0,252.9706703852,99.20418446478432,33.397893550629
Pentax,K 01,783,3200,2724.0,253.9853351926,99.60209223239215,33.414801209378
Pentax,K 01,783,3200,2724.0,255,100.0,33.431638611826
Pentax,K 01,783,6400,5594.0,1.0747928540085,0.4214873937288236,0
Pentax,K 01,783,6400,5594.0,2.1690707926816,0.8506159971300392,5.2397452340939
Pentax,K 01,783,6400,5594.0,4.3777925721108,1.7167814008277646,9.9965975025386
Pentax,K 01,783,6400,5594.0,5.3924573795112,2.1146891684357643,11.306613285331
Pentax,K 01,783,6400,5594.0,6.4071221869115,2.5125969360437255,12.355312003909
Pentax,K 01,783,6400,5594.0,7.4217869943119,2.9105047036517258,13.225465266761
Pentax,K 01,783,6400,5594.0,8.4364518017123,3.308412471259726,13.966591025039
Pentax,K 01,783,6400,5594.0,9.4511166091126,3.706320238867686,14.61050604999
Pentax,K 01,783,6400,5594.0,10.465781416513,4.104228006475686,15.178780629768
Pentax,K 01,783,6400,5594.0,11.480446223913,4.50213577408353,15.686664655262
Pentax,K 01,783,6400,5594.0,12.495111031314,4.9000435416917645,16.145309458051
Pentax,K 01,783,6400,5594.0,13.509775838714,5.2979513092996084,16.563098822769
Pentax,K 01,783,6400,5594.0,14.524440646114,5.695859076907451,16.946484125168
Pentax,K 01,783,6400,5594.0,15.539105453515,6.093766844515686,17.300528885982
Pentax,K 01,783,6400,5594.0,16.553770260915,6.491674612123529,17.629275582627
Pentax,K 01,783,6400,5594.0,17.568435068316,6.889582379731764,17.935999715756
Pentax,K 01,783,6400,5594.0,18.583099875716,7.287490147339609,18.223390089004
Pentax,K 01,783,6400,5594.0,19.597764683116,7.685397914947452,18.493679467987
Pentax,K 01,783,6400,5594.0,20.612429490517,8.083305682555686,18.74874106399
Pentax,K 01,783,6400,5594.0,21.627094297917,8.48121345016353,18.990160977338
Pentax,K 01,783,6400,5594.0,22.641759105317,8.879121217771372,19.219293407967
Pentax,K 01,783,6400,5594.0,23.656423912718,9.277028985379609,19.43730330215
Pentax,K 01,783,6400,5594.0,24.671088720118,9.67493675298745,19.645199698274
Pentax,K 01,783,6400,5594.0,25.685753527518,10.072844520595293,19.843862090959
Pentax,K 01,783,6400,5594.0,26.700418334919,10.47075228820353,20.034061487768
Pentax,K 01,783,6400,5594.0,27.715083142319,10.868660055811372,20.216477384238
Pentax,K 01,783,6400,5594.0,28.729747949719,11.266567823419214,20.391711566283
Pentax,K 01,783,6400,5594.0,29.74441275712,11.66447559102745,20.560299422223
Pentax,K 01,783,6400,5594.0,30.75907756452,12.062383358635294,20.722719282128
Pentax,K 01,783,6400,5594.0,31.773742371921,12.46029112624353,20.879400181314
Pentax,K 01,783,6400,5594.0,32.788407179321,12.858198893851371,21.030728355095
Pentax,K 01,783,6400,5594.0,33.803071986721,13.256106661459215,21.177052704503
Pentax,K 01,783,6400,5594.0,34.817736794122,13.654014429067452,21.318689421706
Pentax,K 01,783,6400,5594.0,35.832401601522,14.051922196675296,21.455925924791
Pentax,K 01,783,6400,5594.0,36.847066408922,14.449829964283136,21.589024221508
Pentax,K 01,783,6400,5594.0,37.861731216323,14.847737731891373,21.718223798156
Pentax,K 01,783,6400,5594.0,38.876396023723,15.245645499499213,21.84374411151
Pentax,K 01,783,6400,5594.0,39.891060831123,15.643553267107057,21.965786747192
Pentax,K 01,783,6400,5594.0,40.905725638524,16.041461034715294,22.084537296442
Pentax,K 01,783,6400,5594.0,41.920390445924,16.439368802323138,22.200166994086
Pentax,K 01,783,6400,5594.0,42.935055253325,16.837276569931372,22.312834153084
Pentax,K 01,783,6400,5594.0,43.949720060725,17.235184337539216,22.422685425143
Pentax,K 01,783,6400,5594.0,44.964384868125,17.63309210514706,22.529856911982
Pentax,K 01,783,6400,5594.0,45.979049675526,18.030999872755295,22.634475147926
Pentax,K 01,783,6400,5594.0,46.993714482926,18.42890764036314,22.736657971217
Pentax,K 01,783,6400,5594.0,48.008379290326,18.82681540797098,22.836515298794
Pentax,K 01,783,6400,5594.0,49.023044097727,19.224723175579218,22.934149817026
Pentax,K 01,783,6400,5594.0,50.037708905127,19.62263094318706,23.029657599097
Pentax,K 01,783,6400,5594.0,51.052373712527,20.020538710794902,23.123128658134
Pentax,K 01,783,6400,5594.0,52.067038519928,20.418446478403133,23.214647443932
Pentax,K 01,783,6400,5594.0,53.081703327328,20.81635424601098,23.304293290005
Pentax,K 01,783,6400,5594.0,54.096368134728,21.214262013618825,23.392140816796
Pentax,K 01,783,6400,5594.0,55.111032942129,21.61216978122706,23.478260296079
Pentax,K 01,783,6400,5594.0,56.125697749529,22.010077548834904,23.562717980948
Pentax,K 01,783,6400,5594.0,57.14036255693,22.40798531644314,23.645576405197
Pentax,K 01,783,6400,5594.0,58.15502736433,22.805893084050982,23.726894655435
Pentax,K 01,783,6400,5594.0,59.16969217173,23.203800851658823,23.806728618845
Pentax,K 01,783,6400,5594.0,60.184356979131,23.601708619267058,23.88513120916
Pentax,K 01,783,6400,5594.0,61.199021786531,23.9996163868749,23.962152573094
Pentax,K 01,783,6400,5594.0,62.213686593931,24.397524154482745,24.037840279228
Pentax,K 01,783,6400,5594.0,63.228351401332,24.79543192209098,24.112239491097
Pentax,K 01,783,6400,5594.0,64.243016208732,25.193339689698824,24.185393126047
Pentax,K 01,783,6400,5594.0,65.257681016132,25.591247457306665,24.257342001214
Pentax,K 01,783,6400,5594.0,66.272345823533,25.9891552249149,24.328124967885
Pentax,K 01,783,6400,5594.0,67.287010630933,26.387062992522743,24.397779035308
Pentax,K 01,783,6400,5594.0,68.301675438333,26.784970760130587,24.466339484935
Pentax,K 01,783,6400,5594.0,69.316340245734,27.182878527738826,24.53383997597
Pentax,K 01,783,6400,5594.0,70.331005053134,27.58078629534667,24.600312643002
Pentax,K 01,783,6400,5594.0,71.345669860535,27.9786940629549,24.665788186422
Pentax,K 01,783,6400,5594.0,72.360334667935,28.37660183056275,24.730295956254
Pentax,K 01,783,6400,5594.0,73.374999475335,28.77450959817059,24.793864029962
Pentax,K 01,783,6400,5594.0,74.389664282736,29.172417365778823,24.856519284754
Pentax,K 01,783,6400,5594.0,75.404329090136,29.570325133386667,24.918287464828
Pentax,K 01,783,6400,5594.0,76.418993897536,29.968232900994508,24.979193243992
Pentax,K 01,783,6400,5594.0,77.433658704937,30.366140668602746,25.039260284026
Pentax,K 01,783,6400,5594.0,78.448323512337,30.76404843621059,25.098511289127
Pentax,K 01,783,6400,5594.0,79.462988319738,31.161956203818825,25.15696805675
Pentax,K 01,783,6400,5594.0,80.477653127138,31.559863971426665,25.214651525135
Pentax,K 01,783,6400,5594.0,81.492317934538,31.957771739034506,25.271581817754
Pentax,K 01,783,6400,5594.0,82.506982741939,32.355679506642744,25.327778284942
Pentax,K 01,783,6400,5594.0,83.521647549339,32.753587274250584,25.383259542893
Pentax,K 01,783,6400,5594.0,84.536312356739,33.15149504185843,25.438043510251
Pentax,K 01,783,6400,5594.0,85.55097716414,33.54940280946666,25.492147442437
Pentax,K 01,783,6400,5594.0,86.56564197154,33.94731057707451,25.545587963906
Pentax,K 01,783,6400,5594.0,87.58030677894,34.34521834468235,25.598381098467
Pentax,K 01,783,6400,5594.0,88.594971586341,34.74312611229059,25.650542297807
Pentax,K 01,783,6400,5594.0,89.609636393741,35.14103387989843,25.702086468345
Pentax,K 01,783,6400,5594.0,90.624301201142,35.53894164750667,25.753027996533
Pentax,K 01,783,6400,5594.0,91.638966008542,35.93684941511451,25.803380772707
Pentax,K 01,783,6400,5594.0,92.653630815942,36.33475718272235,25.853158213591
Pentax,K 01,783,6400,5594.0,93.668295623343,36.73266495033059,25.902373283541
Pentax,K 01,783,6400,5594.0,94.682960430743,37.130572717938435,25.951038514613
Pentax,K 01,783,6400,5594.0,95.697625238143,37.528480485546275,25.999166025532
Pentax,K 01,783,6400,5594.0,96.712290045544,37.92638825315451,26.046767539635
Pentax,K 01,783,6400,5594.0,97.726954852944,38.324296020762354,26.093854401849
Pentax,K 01,783,6400,5594.0,98.741619660344,38.722203788370194,26.140437594777
Pentax,K 01,783,6400,5594.0,99.756284467745,39.12011155597843,26.186527753931
Pentax,K 01,783,6400,5594.0,100.77094927515,39.51801932358824,26.232135182177
Pentax,K 01,783,6400,5594.0,101.78561408255,39.91592709119608,26.277269863442
Pentax,K 01,783,6400,5594.0,102.80027888995,40.31383485880392,26.321941475713
Pentax,K 01,783,6400,5594.0,103.81494369735,40.71174262641177,26.366159403398
Pentax,K 01,783,6400,5594.0,104.82960850475,41.10965039401961,26.409932749049
Pentax,K 01,783,6400,5594.0,105.84427331215,41.50755816162745,26.453270344527
Pentax,K 01,783,6400,5594.0,106.85893811955,41.9054659292353,26.496180761604
Pentax,K 01,783,6400,5594.0,107.87360292695,42.30337369684314,26.538672322066
Pentax,K 01,783,6400,5594.0,108.88826773435,42.70128146445098,26.580753107315
Pentax,K 01,783,6400,5594.0,109.90293254175,43.099189232058826,26.622430967532
Pentax,K 01,783,6400,5594.0,110.91759734915,43.49709699966667,26.663713530397
Pentax,K 01,783,6400,5594.0,111.93226215655,43.89500476727451,26.704608209403
Pentax,K 01,783,6400,5594.0,112.94692696395,44.292912534882355,26.745122211792
Pentax,K 01,783,6400,5594.0,113.96159177135,44.690820302490195,26.785262546121
Pentax,K 01,783,6400,5594.0,114.97625657875,45.088728070098036,26.825036029489
Pentax,K 01,783,6400,5594.0,115.99092138615,45.48663583770588,26.864449294436
Pentax,K 01,783,6400,5594.0,117.00558619355,45.88454360531372,26.903508795536
Pentax,K 01,783,6400,5594.0,118.02025100095,46.28245137292157,26.942220815697
Pentax,K 01,783,6400,5594.0,119.03491580835,46.68035914052941,26.98059147219
Pentax,K 01,783,6400,5594.0,120.04958061575,47.07826690813726,27.018626722407
Pentax,K 01,783,6400,5594.0,121.06424542315,47.4761746757451,27.056332369379
Pentax,K 01,783,6400,5594.0,122.07891023055,47.87408244335294,27.093714067058
Pentax,K 01,783,6400,5594.0,123.09357503795,48.27199021096079,27.130777325367
Pentax,K 01,783,6400,5594.0,124.10823984535,48.66989797856863,27.167527515051
Pentax,K 01,783,6400,5594.0,125.12290465275,49.06780574617647,27.203969872315
Pentax,K 01,783,6400,5594.0,126.13756946015,49.465713513784316,27.240109503274
Pentax,K 01,783,6400,5594.0,127.15223426755,49.863621281392156,27.275951388224
Pentax,K 01,783,6400,5594.0,128.16689907496,50.261529049003926,27.311500385737
Pentax,K 01,783,6400,5594.0,129.18156388236,50.65943681661176,27.346761236585
Pentax,K 01,783,6400,5594.0,130.19622868976,51.057344584219614,27.381738567522
Pentax,K 01,783,6400,5594.0,131.21089349716,51.45525235182744,27.416436894898
Pentax,K 01,783,6400,5594.0,132.22555830456,51.853160119435294,27.450860628146
Pentax,K 01,783,6400,5594.0,133.24022311196,52.251067887043135,27.485014073121
Pentax,K 01,783,6400,5594.0,134.25488791936,52.648975654650975,27.518901435319
Pentax,K 01,783,6400,5594.0,135.26955272676,53.046883422258816,27.552526822967
Pentax,K 01,783,6400,5594.0,136.28421753416,53.44479118986667,27.585894249996
Pentax,K 01,783,6400,5594.0,137.29888234156,53.8426989574745,27.619007638901
Pentax,K 01,783,6400,5594.0,138.31354714896,54.24060672508235,27.651870823495
Pentax,K 01,783,6400,5594.0,139.32821195636,54.638514492690206,27.684487551559
Pentax,K 01,783,6400,5594.0,140.34287676376,55.03642226029803,27.716861487393
Pentax,K 01,783,6400,5594.0,141.35754157116,55.43433002790589,27.748996214277
Pentax,K 01,783,6400,5594.0,142.37220637856,55.83223779551373,27.780895236839
Pentax,K 01,783,6400,5594.0,143.38687118596,56.23014556312157,27.812561983333
Pentax,K 01,783,6400,5594.0,144.40153599336,56.62805333072941,27.843999807846
Pentax,K 01,783,6400,5594.0,145.41620080076,57.02596109833726,27.875211992418
Pentax,K 01,783,6400,5594.0,146.43086560816,57.423868865945096,27.906201749086
Pentax,K 01,783,6400,5594.0,147.44553041556,57.82177663355294,27.936972221862
Pentax,K 01,783,6400,5594.0,148.46019522296,58.21968440116079,27.967526488637
Pentax,K 01,783,6400,5594.0,149.47486003036,58.61759216876863,27.99786756302
Pentax,K 01,783,6400,5594.0,150.48952483776,59.01549993637647,28.027998396114
Pentax,K 01,783,6400,5594.0,151.50418964516,59.41340770398432,28.057921878233
Pentax,K 01,783,6400,5594.0,152.51885445256,59.81131547159215,28.087640840557
Pentax,K 01,783,6400,5594.0,153.53351925996,60.20922323920001,28.11715805673
Pentax,K 01,783,6400,5594.0,154.54818406736,60.60713100680785,28.146476244412
Pentax,K 01,783,6400,5594.0,155.56284887476,61.00503877441569,28.175598066773
Pentax,K 01,783,6400,5594.0,156.57751368216,61.40294654202353,28.204526133935
Pentax,K 01,783,6400,5594.0,157.59217848957,61.80085430963529,28.233263004375
Pentax,K 01,783,6400,5594.0,158.60684329697,62.19876207724314,28.261811186274
Pentax,K 01,783,6400,5594.0,159.62150810437,62.596669844850986,28.290173138828
Pentax,K 01,783,6400,5594.0,160.63617291177,62.994577612458826,28.318351273513
Pentax,K 01,783,6400,5594.0,161.65083771917,63.39248538006667,28.346347955309
Pentax,K 01,783,6400,5594.0,162.66550252657,63.79039314767452,28.374165503891
Pentax,K 01,783,6400,5594.0,163.68016733397,64.18830091528235,28.401806194775
Pentax,K 01,783,6400,5594.0,164.69483214137,64.5862086828902,28.429272260428
Pentax,K 01,783,6400,5594.0,165.70949694877,64.98411645049804,28.456565891353
Pentax,K 01,783,6400,5594.0,166.72416175617,65.38202421810588,28.483689237128
Pentax,K 01,783,6400,5594.0,167.73882656357,65.77993198571373,28.510644407419
Pentax,K 01,783,6400,5594.0,168.75349137097,66.17783975332158,28.537433472965
Pentax,K 01,783,6400,5594.0,169.76815617837,66.57574752092941,28.564058466523
Pentax,K 01,783,6400,5594.0,170.78282098577,66.97365528853726,28.590521383796
Pentax,K 01,783,6400,5594.0,171.79748579317,67.3715630561451,28.616824184324
Pentax,K 01,783,6400,5594.0,172.81215060057,67.76947082375294,28.642968792354
Pentax,K 01,783,6400,5594.0,173.82681540797,68.16737859136079,28.668957097679
Pentax,K 01,783,6400,5594.0,174.84148021537,68.56528635896863,28.694790956459
Pentax,K 01,783,6400,5594.0,175.85614502277,68.96319412657647,28.72047219201
Pentax,K 01,783,6400,5594.0,176.87080983017,69.36110189418432,28.746002595577
Pentax,K 01,783,6400,5594.0,177.88547463757,69.75900966179216,28.771383927077
Pentax,K 01,783,6400,5594.0,178.90013944497,70.1569174294,28.79661791583
Pentax,K 01,783,6400,5594.0,179.91480425237,70.55482519700784,28.821706261261
Pentax,K 01,783,6400,5594.0,180.92946905977,70.95273296461569,28.846650633581
Pentax,K 01,783,6400,5594.0,181.94413386717,71.35064073222352,28.871452674461
Pentax,K 01,783,6400,5594.0,182.95879867457,71.74854849983137,28.89611399767
Pentax,K 01,783,6400,5594.0,183.97346348197,72.1464562674392,28.920636189707
Pentax,K 01,783,6400,5594.0,184.98812828937,72.54436403504705,28.945020810411
Pentax,K 01,783,6400,5594.0,186.00279309678,72.94227180265884,28.969269393555
Pentax,K 01,783,6400,5594.0,187.01745790418,73.34017957026666,28.993383447421
Pentax,K 01,783,6400,5594.0,188.03212271158,73.73808733787452,29.017364455366
Pentax,K 01,783,6400,5594.0,189.04678751898,74.13599510548235,29.041213876362
Pentax,K 01,783,6400,5594.0,190.06145232638,74.5339028730902,29.064933145532
Pentax,K 01,783,6400,5594.0,191.07611713378,74.93181064069803,29.088523674664
Pentax,K 01,783,6400,5594.0,192.09078194118,75.3297184083059,29.111986852715
Pentax,K 01,783,6400,5594.0,193.10544674858,75.72762617591373,29.135324046299
Pentax,K 01,783,6400,5594.0,194.12011155598,76.12553394352157,29.158536600165
Pentax,K 01,783,6400,5594.0,195.13477636338,76.52344171112941,29.181625837661
Pentax,K 01,783,6400,5594.0,196.14944117078,76.92134947873726,29.204593061183
Pentax,K 01,783,6400,5594.0,197.16410597818,77.3192572463451,29.227439552615
Pentax,K 01,783,6400,5594.0,198.17877078558,77.71716501395295,29.250166573762
Pentax,K 01,783,6400,5594.0,199.19343559298,78.11507278156078,29.27277536676
Pentax,K 01,783,6400,5594.0,200.20810040038,78.51298054916863,29.295267154486
Pentax,K 01,783,6400,5594.0,201.22276520778,78.91088831677646,29.317643140956
Pentax,K 01,783,6400,5594.0,202.23743001518,79.30879608438431,29.339904511705
Pentax,K 01,783,6400,5594.0,203.25209482258,79.70670385199216,29.362052434169
Pentax,K 01,783,6400,5594.0,204.26675962998,80.10461161959999,29.384088058047
Pentax,K 01,783,6400,5594.0,205.28142443738,80.50251938720784,29.40601251566
Pentax,K 01,783,6400,5594.0,206.29608924478,80.90042715481569,29.4278269223
Pentax,K 01,783,6400,5594.0,207.31075405218,81.29833492242352,29.449532376568
Pentax,K 01,783,6400,5594.0,208.32541885958,81.69624269003137,29.471129960706
Pentax,K 01,783,6400,5594.0,209.34008366698,82.09415045763922,29.492620740921
Pentax,K 01,783,6400,5594.0,210.35474847438,82.49205822524705,29.514005767698
Pentax,K 01,783,6400,5594.0,211.36941328178,82.8899659928549,29.535286076108
Pentax,K 01,783,6400,5594.0,212.38407808918,83.28787376046274,29.55646268611
Pentax,K 01,783,6400,5594.0,213.39874289658,83.68578152807058,29.577536602842
Pentax,K 01,783,6400,5594.0,214.41340770398,84.08368929567843,29.598508816904
Pentax,K 01,783,6400,5594.0,215.42807251139,84.48159706329021,29.619380304642
Pentax,K 01,783,6400,5594.0,216.44273731879,84.87950483089803,29.640152028417
Pentax,K 01,783,6400,5594.0,217.45740212619,85.27741259850589,29.66082493687
Pentax,K 01,783,6400,5594.0,218.47206693359,85.67532036611372,29.681399965184
Pentax,K 01,783,6400,5594.0,219.48673174099,86.07322813372157,29.701878035336
Pentax,K 01,783,6400,5594.0,220.50139654839,86.4711359013294,29.722260056343
Pentax,K 01,783,6400,5594.0,221.51606135579,86.86904366893725,29.742546924506
Pentax,K 01,783,6400,5594.0,222.53072616319,87.2669514365451,29.762739523644
Pentax,K 01,783,6400,5594.0,223.54539097059,87.66485920415295,29.782838725325
Pentax,K 01,783,6400,5594.0,224.56005577799,88.06276697176078,29.802845389093
Pentax,K 01,783,6400,5594.0,225.57472058539,88.46067473936863,29.822760362686
Pentax,K 01,783,6400,5594.0,226.58938539279,88.85858250697648,29.842584482252
Pentax,K 01,783,6400,5594.0,227.60405020019,89.25649027458431,29.862318572559
Pentax,K 01,783,6400,5594.0,228.61871500759,89.65439804219216,29.8819634472
Pentax,K 01,783,6400,5594.0,229.63337981499,90.0523058098,29.901519908796
Pentax,K 01,783,6400,5594.0,230.64804462239,90.45021357740784,29.920988749188
Pentax,K 01,783,6400,5594.0,231.66270942979,90.84812134501568,29.940370749635
Pentax,K 01,783,6400,5594.0,232.67737423719,91.24602911262353,29.959666680996
Pentax,K 01,783,6400,5594.0,233.69203904459,91.64393688023137,29.978877303917
Pentax,K 01,783,6400,5594.0,234.70670385199,92.04184464783921,29.998003369011
Pentax,K 01,783,6400,5594.0,235.72136865939,92.43975241544706,30.01704561703
Pentax,K 01,783,6400,5594.0,236.73603346679,92.8376601830549,30.036004779041
Pentax,K 01,783,6400,5594.0,237.75069827419,93.23556795066274,30.05488157659
Pentax,K 01,783,6400,5594.0,238.76536308159,93.63347571827059,30.073676721872
Pentax,K 01,783,6400,5594.0,239.78002788899,94.03138348587842,30.092390917885
Pentax,K 01,783,6400,5594.0,240.79469269639,94.42929125348628,30.111024858595
Pentax,K 01,783,6400,5594.0,241.80935750379,94.82719902109412,30.129579229083
Pentax,K 01,783,6400,5594.0,242.82402231119,95.22510678870196,30.1480547057
Pentax,K 01,783,6400,5594.0,243.8386871186,95.62301455631372,30.166451956214
Pentax,K 01,783,6400,5594.0,244.853351926,96.02092232392157,30.184771639956
Pentax,K 01,783,6400,5594.0,245.8680167334,96.4188300915294,30.203014407956
Pentax,K 01,783,6400,5594.0,246.8826815408,96.81673785913726,30.22118090309
Pentax,K 01,783,6400,5594.0,247.8973463482,97.2146456267451,30.239271760207
Pentax,K 01,783,6400,5594.0,248.9120111556,97.61255339435294,30.257287606268
Pentax,K 01,783,6400,5594.0,249.926675963,98.01046116196078,30.275229060475
Pentax,K 01,783,6400,5594.0,250.9413407704,98.40836892956862,30.293096734397
Pentax,K 01,783,6400,5594.0,251.9560055778,98.80627669717647,30.310891232094
Pentax,K 01,783,6400,5594.0,252.9706703852,99.20418446478432,30.328613150242
Pentax,K 01,783,6400,5594.0,253.9853351926,99.60209223239215,30.346263078254
Pentax,K 01,783,6400,5594.0,255,100.0,30.36384159839
Pentax,K 01,783,12800,11045.0,2.1690707926816,0.8506159971300392,0
Pentax,K 01,783,12800,11045.0,4.3777925721108,1.7167814008277646,5.2772587055296
Pentax,K 01,783,12800,11045.0,5.3924573795112,2.1146891684357643,6.7566080322085
Pentax,K 01,783,12800,11045.0,6.4071221869115,2.5125969360437255,7.9463037043643
Pentax,K 01,783,12800,11045.0,7.4217869943119,2.9105047036517258,8.9357304405926
Pentax,K 01,783,12800,11045.0,8.4364518017123,3.308412471259726,9.7790956359279
Pentax,K 01,783,12800,11045.0,9.4511166091126,3.706320238867686,10.511637993174
Pentax,K 01,783,12800,11045.0,10.465781416513,4.104228006475686,11.157485622097
Pentax,K 01,783,12800,11045.0,11.480446223913,4.50213577408353,11.733839986556
Pentax,K 01,783,12800,11045.0,12.495111031314,4.9000435416917645,12.253368085123
Pentax,K 01,783,12800,11045.0,13.509775838714,5.2979513092996084,12.725649210447
Pentax,K 01,783,12800,11045.0,14.524440646114,5.695859076907451,13.158090685239
Pentax,K 01,783,12800,11045.0,15.539105453515,6.093766844515686,13.556529755802
Pentax,K 01,783,12800,11045.0,16.553770260915,6.491674612123529,13.925641978183
Pentax,K 01,783,12800,11045.0,17.568435068316,6.889582379731764,14.269225942649
Pentax,K 01,783,12800,11045.0,18.583099875716,7.287490147339609,14.590406506906
Pentax,K 01,783,12800,11045.0,19.597764683116,7.685397914947452,14.891782877325
Pentax,K 01,783,12800,11045.0,20.612429490517,8.083305682555686,15.175538481885
Pentax,K 01,783,12800,11045.0,21.627094297917,8.48121345016353,15.443523820708
Pentax,K 01,783,12800,11045.0,22.641759105317,8.879121217771372,15.69731985027
Pentax,K 01,783,12800,11045.0,23.656423912718,9.277028985379609,15.938287111161
Pentax,K 01,783,12800,11045.0,24.671088720118,9.67493675298745,16.167604258215
Pentax,K 01,783,12800,11045.0,25.685753527518,10.072844520595293,16.386298605696
Pentax,K 01,783,12800,11045.0,26.700418334919,10.47075228820353,16.595270581542
Pentax,K 01,783,12800,11045.0,27.715083142319,10.868660055811372,16.795313482754
Pentax,K 01,783,12800,11045.0,28.729747949719,11.266567823419214,16.987129568118
Pentax,K 01,783,12800,11045.0,29.74441275712,11.66447559102745,17.171343268502
Pentax,K 01,783,12800,11045.0,30.75907756452,12.062383358635294,17.348512108658
Pentax,K 01,783,12800,11045.0,31.773742371921,12.46029112624353,17.519135797063
Pentax,K 01,783,12800,11045.0,32.788407179321,12.858198893851371,17.683663838041
Pentax,K 01,783,12800,11045.0,33.803071986721,13.256106661459215,17.842501943361
Pentax,K 01,783,12800,11045.0,34.817736794122,13.654014429067452,17.996017461996
Pentax,K 01,783,12800,11045.0,35.832401601522,14.051922196675296,18.144544001848
Pentax,K 01,783,12800,11045.0,36.847066408922,14.449829964283136,18.288385382565
Pentax,K 01,783,12800,11045.0,37.861731216323,14.847737731891373,18.427819031545
Pentax,K 01,783,12800,11045.0,38.876396023723,15.245645499499213,18.563098914019
Pentax,K 01,783,12800,11045.0,39.891060831123,15.643553267107057,18.694458071339
Pentax,K 01,783,12800,11045.0,40.905725638524,16.041461034715294,18.822110828266
Pentax,K 01,783,12800,11045.0,41.920390445924,16.439368802323138,18.946254719385
Pentax,K 01,783,12800,11045.0,42.935055253325,16.837276569931372,19.067072176165
Pentax,K 01,783,12800,11045.0,43.949720060725,17.235184337539216,19.184732009265
Pentax,K 01,783,12800,11045.0,44.964384868125,17.63309210514706,19.29939071497
Pentax,K 01,783,12800,11045.0,45.979049675526,18.030999872755295,19.411193630075
Pentax,K 01,783,12800,11045.0,46.993714482926,18.42890764036314,19.520275955672
Pentax,K 01,783,12800,11045.0,48.008379290326,18.82681540797098,19.626763667195
Pentax,K 01,783,12800,11045.0,49.023044097727,19.224723175579218,19.730774325457
Pentax,K 01,783,12800,11045.0,50.037708905127,19.62263094318706,19.832417801237
Pentax,K 01,783,12800,11045.0,51.052373712527,20.020538710794902,19.931796924179
Pentax,K 01,783,12800,11045.0,52.067038519928,20.418446478403133,20.029008065235
Pentax,K 01,783,12800,11045.0,53.081703327328,20.81635424601098,20.124141660601
Pentax,K 01,783,12800,11045.0,54.096368134728,21.214262013618825,20.217282684009
Pentax,K 01,783,12800,11045.0,55.111032942129,21.61216978122706,20.308511073343
Pentax,K 01,783,12800,11045.0,56.125697749529,22.010077548834904,20.397902116728
Pentax,K 01,783,12800,11045.0,57.14036255693,22.40798531644314,20.485526802612
Pentax,K 01,783,12800,11045.0,58.15502736433,22.805893084050982,20.571452137759
Pentax,K 01,783,12800,11045.0,59.16969217173,23.203800851658823,20.655741436611
Pentax,K 01,783,12800,11045.0,60.184356979131,23.601708619267058,20.73845458503
Pentax,K 01,783,12800,11045.0,61.199021786531,23.9996163868749,20.81964828108
Pentax,K 01,783,12800,11045.0,62.213686593931,24.397524154482745,20.899376255195
Pentax,K 01,783,12800,11045.0,63.228351401332,24.79543192209098,20.977689471799
Pentax,K 01,783,12800,11045.0,64.243016208732,25.193339689698824,21.054636314219
Pentax,K 01,783,12800,11045.0,65.257681016132,25.591247457306665,21.130262754503
Pentax,K 01,783,12800,11045.0,66.272345823533,25.9891552249149,21.204612509601
Pentax,K 01,783,12800,11045.0,67.287010630933,26.387062992522743,21.277727185189
Pentax,K 01,783,12800,11045.0,68.301675438333,26.784970760130587,21.34964640829
Pentax,K 01,783,12800,11045.0,69.316340245734,27.182878527738826,21.420407949704
Pentax,K 01,783,12800,11045.0,70.331005053134,27.58078629534667,21.490047837191
Pentax,K 01,783,12800,11045.0,71.345669860535,27.9786940629549,21.558600460198
Pentax,K 01,783,12800,11045.0,72.360334667935,28.37660183056275,21.626098666902
Pentax,K 01,783,12800,11045.0,73.374999475335,28.77450959817059,21.692573854215
Pentax,K 01,783,12800,11045.0,74.389664282736,29.172417365778823,21.758056051348
Pentax,K 01,783,12800,11045.0,75.404329090136,29.570325133386667,21.822573997498
Pentax,K 01,783,12800,11045.0,76.418993897536,29.968232900994508,21.886155214119
Pentax,K 01,783,12800,11045.0,77.433658704937,30.366140668602746,21.948826072237
Pentax,K 01,783,12800,11045.0,78.448323512337,30.76404843621059,22.01061185521
Pentax,K 01,783,12800,11045.0,79.462988319738,31.161956203818825,22.071536817283
Pentax,K 01,783,12800,11045.0,80.477653127138,31.559863971426665,22.131624238286
Pentax,K 01,783,12800,11045.0,81.492317934538,31.957771739034506,22.19089647476
Pentax,K 01,783,12800,11045.0,82.506982741939,32.355679506642744,22.249375007802
Pentax,K 01,783,12800,11045.0,83.521647549339,32.753587274250584,22.30708048786
Pentax,K 01,783,12800,11045.0,84.536312356739,33.15149504185843,22.364032776719
Pentax,K 01,783,12800,11045.0,85.55097716414,33.54940280946666,22.420250986879
Pentax,K 01,783,12800,11045.0,86.56564197154,33.94731057707451,22.475753518528
Pentax,K 01,783,12800,11045.0,87.58030677894,34.34521834468235,22.530558094262
Pentax,K 01,783,12800,11045.0,88.594971586341,34.74312611229059,22.584681791737
Pentax,K 01,783,12800,11045.0,89.609636393741,35.14103387989843,22.638141074385
Pentax,K 01,783,12800,11045.0,90.624301201142,35.53894164750667,22.690951820328
Pentax,K 01,783,12800,11045.0,91.638966008542,35.93684941511451,22.743129349628
Pentax,K 01,783,12800,11045.0,92.653630815942,36.33475718272235,22.794688449968
Pentax,K 01,783,12800,11045.0,93.668295623343,36.73266495033059,22.845643400889
Pentax,K 01,783,12800,11045.0,94.682960430743,37.130572717938435,22.896007996666
Pentax,K 01,783,12800,11045.0,95.697625238143,37.528480485546275,22.945795567913
Pentax,K 01,783,12800,11045.0,96.712290045544,37.92638825315451,22.995019002017
Pentax,K 01,783,12800,11045.0,97.726954852944,38.324296020762354,23.043690762451
Pentax,K 01,783,12800,11045.0,98.741619660344,38.722203788370194,23.091822907057
Pentax,K 01,783,12800,11045.0,99.756284467745,39.12011155597843,23.139427105363
Pentax,K 01,783,12800,11045.0,100.77094927515,39.51801932358824,23.186514654983
Pentax,K 01,783,12800,11045.0,101.78561408255,39.91592709119608,23.233096497165
Pentax,K 01,783,12800,11045.0,102.80027888995,40.31383485880392,23.279183231546
Pentax,K 01,783,12800,11045.0,103.81494369735,40.71174262641177,23.324785130144
Pentax,K 01,783,12800,11045.0,104.82960850475,41.10965039401961,23.369912150653
Pentax,K 01,783,12800,11045.0,105.84427331215,41.50755816162745,23.414573949067
Pentax,K 01,783,12800,11045.0,106.85893811955,41.9054659292353,23.458779891686
Pentax,K 01,783,12800,11045.0,107.87360292695,42.30337369684314,23.502539066527
Pentax,K 01,783,12800,11045.0,108.88826773435,42.70128146445098,23.545860294184
Pentax,K 01,783,12800,11045.0,109.90293254175,43.099189232058826,23.588752138164
Pentax,K 01,783,12800,11045.0,110.91759734915,43.49709699966667,23.631222914736
Pentax,K 01,783,12800,11045.0,111.93226215655,43.89500476727451,23.673280702306
Pentax,K 01,783,12800,11045.0,112.94692696395,44.292912534882355,23.714933350359
Pentax,K 01,783,12800,11045.0,113.96159177135,44.690820302490195,23.756188487989
Pentax,K 01,783,12800,11045.0,114.97625657875,45.088728070098036,23.79705353203
Pentax,K 01,783,12800,11045.0,115.99092138615,45.48663583770588,23.837535694823
Pentax,K 01,783,12800,11045.0,117.00558619355,45.88454360531372,23.877641991627
Pentax,K 01,783,12800,11045.0,118.02025100095,46.28245137292157,23.917379247706
Pentax,K 01,783,12800,11045.0,119.03491580835,46.68035914052941,23.956754105094
Pentax,K 01,783,12800,11045.0,120.04958061575,47.07826690813726,23.995773029066
Pentax,K 01,783,12800,11045.0,121.06424542315,47.4761746757451,24.034442314329
Pentax,K 01,783,12800,11045.0,122.07891023055,47.87408244335294,24.072768090941
Pentax,K 01,783,12800,11045.0,123.09357503795,48.27199021096079,24.110756329979
Pentax,K 01,783,12800,11045.0,124.10823984535,48.66989797856863,24.148412848966
Pentax,K 01,783,12800,11045.0,125.12290465275,49.06780574617647,24.185743317069
Pentax,K 01,783,12800,11045.0,126.13756946015,49.465713513784316,24.222753260079
Pentax,K 01,783,12800,11045.0,127.15223426755,49.863621281392156,24.259448065187
Pentax,K 01,783,12800,11045.0,128.16689907496,50.261529049003926,24.295832985558
Pentax,K 01,783,12800,11045.0,129.18156388236,50.65943681661176,24.331913144726
Pentax,K 01,783,12800,11045.0,130.19622868976,51.057344584219614,24.367693540805
Pentax,K 01,783,12800,11045.0,131.21089349716,51.45525235182744,24.403179050533
Pentax,K 01,783,12800,11045.0,132.22555830456,51.853160119435294,24.438374433155
Pentax,K 01,783,12800,11045.0,133.24022311196,52.251067887043135,24.473284334154
Pentax,K 01,783,12800,11045.0,134.25488791936,52.648975654650975,24.507913288833
Pentax,K 01,783,12800,11045.0,135.26955272676,53.046883422258816,24.542265725756
Pentax,K 01,783,12800,11045.0,136.28421753416,53.44479118986667,24.576345970064
Pentax,K 01,783,12800,11045.0,137.29888234156,53.8426989574745,24.610158246654
Pentax,K 01,783,12800,11045.0,138.31354714896,54.24060672508235,24.643706683242
Pentax,K 01,783,12800,11045.0,139.32821195636,54.638514492690206,24.676995313313
Pentax,K 01,783,12800,11045.0,140.34287676376,55.03642226029803,24.710028078954
Pentax,K 01,783,12800,11045.0,141.35754157116,55.43433002790589,24.742808833586
Pentax,K 01,783,12800,11045.0,142.37220637856,55.83223779551373,24.775341344592
Pentax,K 01,783,12800,11045.0,143.38687118596,56.23014556312157,24.807629295854
Pentax,K 01,783,12800,11045.0,144.40153599336,56.62805333072941,24.83967629019
Pentax,K 01,783,12800,11045.0,145.41620080076,57.02596109833726,24.87148585171
Pentax,K 01,783,12800,11045.0,146.43086560816,57.423868865945096,24.903061428081
Pentax,K 01,783,12800,11045.0,147.44553041556,57.82177663355294,24.934406392718
Pentax,K 01,783,12800,11045.0,148.46019522296,58.21968440116079,24.965524046892
Pentax,K 01,783,12800,11045.0,149.47486003036,58.61759216876863,24.996417621764
Pentax,K 01,783,12800,11045.0,150.48952483776,59.01549993637647,25.027090280353
Pentax,K 01,783,12800,11045.0,151.50418964516,59.41340770398432,25.057545119432
Pentax,K 01,783,12800,11045.0,152.51885445256,59.81131547159215,25.087785171356
Pentax,K 01,783,12800,11045.0,153.53351925996,60.20922323920001,25.117813405833
Pentax,K 01,783,12800,11045.0,154.54818406736,60.60713100680785,25.147632731634
Pentax,K 01,783,12800,11045.0,155.56284887476,61.00503877441569,25.177245998239
Pentax,K 01,783,12800,11045.0,156.57751368216,61.40294654202353,25.206655997438
Pentax,K 01,783,12800,11045.0,157.59217848957,61.80085430963529,25.235865464868
Pentax,K 01,783,12800,11045.0,158.60684329697,62.19876207724314,25.264877081508
Pentax,K 01,783,12800,11045.0,159.62150810437,62.596669844850986,25.293693475119
Pentax,K 01,783,12800,11045.0,160.63617291177,62.994577612458826,25.322317221639
Pentax,K 01,783,12800,11045.0,161.65083771917,63.39248538006667,25.350750846535
Pentax,K 01,783,12800,11045.0,162.66550252657,63.79039314767452,25.378996826107
Pentax,K 01,783,12800,11045.0,163.68016733397,64.18830091528235,25.40705758875
Pentax,K 01,783,12800,11045.0,164.69483214137,64.5862086828902,25.434935516185
Pentax,K 01,783,12800,11045.0,165.70949694877,64.98411645049804,25.462632944638
Pentax,K 01,783,12800,11045.0,166.72416175617,65.38202421810588,25.490152165989
Pentax,K 01,783,12800,11045.0,167.73882656357,65.77993198571373,25.517495428887
Pentax,K 01,783,12800,11045.0,168.75349137097,66.17783975332158,25.544664939824
Pentax,K 01,783,12800,11045.0,169.76815617837,66.57574752092941,25.571662864183
Pentax,K 01,783,12800,11045.0,170.78282098577,66.97365528853726,25.598491327245
Pentax,K 01,783,12800,11045.0,171.79748579317,67.3715630561451,25.625152415177
Pentax,K 01,783,12800,11045.0,172.81215060057,67.76947082375294,25.651648175977
Pentax,K 01,783,12800,11045.0,173.82681540797,68.16737859136079,25.677980620401
Pentax,K 01,783,12800,11045.0,174.84148021537,68.56528635896863,25.704151722857
Pentax,K 01,783,12800,11045.0,175.85614502277,68.96319412657647,25.730163422273
Pentax,K 01,783,12800,11045.0,176.87080983017,69.36110189418432,25.756017622941
Pentax,K 01,783,12800,11045.0,177.88547463757,69.75900966179216,25.781716195333
Pentax,K 01,783,12800,11045.0,178.90013944497,70.1569174294,25.807260976899
Pentax,K 01,783,12800,11045.0,179.91480425237,70.55482519700784,25.832653772831
Pentax,K 01,783,12800,11045.0,180.92946905977,70.95273296461569,25.85789635682
Pentax,K 01,783,12800,11045.0,181.94413386717,71.35064073222352,25.882990471776
Pentax,K 01,783,12800,11045.0,182.95879867457,71.74854849983137,25.907937830539
Pentax,K 01,783,12800,11045.0,183.97346348197,72.1464562674392,25.932740116561
Pentax,K 01,783,12800,11045.0,184.98812828937,72.54436403504705,25.957398984578
Pentax,K 01,783,12800,11045.0,186.00279309678,72.94227180265884,25.981916061252
Pentax,K 01,783,12800,11045.0,187.01745790418,73.34017957026666,26.006292945805
Pentax,K 01,783,12800,11045.0,188.03212271158,73.73808733787452,26.030531210632
Pentax,K 01,783,12800,11045.0,189.04678751898,74.13599510548235,26.05463240189
Pentax,K 01,783,12800,11045.0,190.06145232638,74.5339028730902,26.078598040087
Pentax,K 01,783,12800,11045.0,191.07611713378,74.93181064069803,26.102429620634
Pentax,K 01,783,12800,11045.0,192.09078194118,75.3297184083059,26.126128614403
Pentax,K 01,783,12800,11045.0,193.10544674858,75.72762617591373,26.149696468253
Pentax,K 01,783,12800,11045.0,194.12011155598,76.12553394352157,26.173134605551
Pentax,K 01,783,12800,11045.0,195.13477636338,76.52344171112941,26.196444426676
Pentax,K 01,783,12800,11045.0,196.14944117078,76.92134947873726,26.219627309513
Pentax,K 01,783,12800,11045.0,197.16410597818,77.3192572463451,26.242684609927
Pentax,K 01,783,12800,11045.0,198.17877078558,77.71716501395295,26.265617662232
Pentax,K 01,783,12800,11045.0,199.19343559298,78.11507278156078,26.288427779642
Pentax,K 01,783,12800,11045.0,200.20810040038,78.51298054916863,26.311116254715
Pentax,K 01,783,12800,11045.0,201.22276520778,78.91088831677646,26.333684359778
Pentax,K 01,783,12800,11045.0,202.23743001518,79.30879608438431,26.356133347356
Pentax,K 01,783,12800,11045.0,203.25209482258,79.70670385199216,26.378464450567
Pentax,K 01,783,12800,11045.0,204.26675962998,80.10461161959999,26.400678883531
Pentax,K 01,783,12800,11045.0,205.28142443738,80.50251938720784,26.422777841752
Pentax,K 01,783,12800,11045.0,206.29608924478,80.90042715481569,26.444762502497
Pentax,K 01,783,12800,11045.0,207.31075405218,81.29833492242352,26.466634025164
Pentax,K 01,783,12800,11045.0,208.32541885958,81.69624269003137,26.488393551641
Pentax,K 01,783,12800,11045.0,209.34008366698,82.09415045763922,26.510042206658
Pentax,K 01,783,12800,11045.0,210.35474847438,82.49205822524705,26.531581098125
Pentax,K 01,783,12800,11045.0,211.36941328178,82.8899659928549,26.553011317469
Pentax,K 01,783,12800,11045.0,212.38407808918,83.28787376046274,26.574333939955
Pentax,K 01,783,12800,11045.0,213.39874289658,83.68578152807058,26.595550025004
Pentax,K 01,783,12800,11045.0,214.41340770398,84.08368929567843,26.616660616506
Pentax,K 01,783,12800,11045.0,215.42807251139,84.48159706329021,26.637666743113
Pentax,K 01,783,12800,11045.0,216.44273731879,84.87950483089803,26.658569418544
Pentax,K 01,783,12800,11045.0,217.45740212619,85.27741259850589,26.679369641864
Pentax,K 01,783,12800,11045.0,218.47206693359,85.67532036611372,26.700068397768
Pentax,K 01,783,12800,11045.0,219.48673174099,86.07322813372157,26.720666656853
Pentax,K 01,783,12800,11045.0,220.50139654839,86.4711359013294,26.741165375889
Pentax,K 01,783,12800,11045.0,221.51606135579,86.86904366893725,26.761565498077
Pentax,K 01,783,12800,11045.0,222.53072616319,87.2669514365451,26.781867953302
Pentax,K 01,783,12800,11045.0,223.54539097059,87.66485920415295,26.802073658386
Pentax,K 01,783,12800,11045.0,224.56005577799,88.06276697176078,26.82218351733
Pentax,K 01,783,12800,11045.0,225.57472058539,88.46067473936863,26.842198421551
Pentax,K 01,783,12800,11045.0,226.58938539279,88.85858250697648,26.862119250112
Pentax,K 01,783,12800,11045.0,227.60405020019,89.25649027458431,26.881946869954
Pentax,K 01,783,12800,11045.0,228.61871500759,89.65439804219216,26.901682136112
Pentax,K 01,783,12800,11045.0,229.63337981499,90.0523058098,26.921325891935
Pentax,K 01,783,12800,11045.0,230.64804462239,90.45021357740784,26.940878969297
Pentax,K 01,783,12800,11045.0,231.66270942979,90.84812134501568,26.960342188801
Pentax,K 01,783,12800,11045.0,232.67737423719,91.24602911262353,26.979716359988
Pentax,K 01,783,12800,11045.0,233.69203904459,91.64393688023137,26.999002281526
Pentax,K 01,783,12800,11045.0,234.70670385199,92.04184464783921,27.018200741413
Pentax,K 01,783,12800,11045.0,235.72136865939,92.43975241544706,27.037312517156
Pentax,K 01,783,12800,11045.0,236.73603346679,92.8376601830549,27.056338375963
Pentax,K 01,783,12800,11045.0,237.75069827419,93.23556795066274,27.075279074923
Pentax,K 01,783,12800,11045.0,238.76536308159,93.63347571827059,27.094135361181
Pentax,K 01,783,12800,11045.0,239.78002788899,94.03138348587842,27.112907972109
Pentax,K 01,783,12800,11045.0,240.79469269639,94.42929125348628,27.131597635482
Pentax,K 01,783,12800,11045.0,241.80935750379,94.82719902109412,27.150205069639
Pentax,K 01,783,12800,11045.0,242.82402231119,95.22510678870196,27.168730983643
Pentax,K 01,783,12800,11045.0,243.8386871186,95.62301455631372,27.187176077446
Pentax,K 01,783,12800,11045.0,244.853351926,96.02092232392157,27.20554104204
Pentax,K 01,783,12800,11045.0,245.8680167334,96.4188300915294,27.223826559609
Pentax,K 01,783,12800,11045.0,246.8826815408,96.81673785913726,27.24203330368
Pentax,K 01,783,12800,11045.0,247.8973463482,97.2146456267451,27.260161939265
Pentax,K 01,783,12800,11045.0,248.9120111556,97.61255339435294,27.27821312301
Pentax,K 01,783,12800,11045.0,249.926675963,98.01046116196078,27.296187503327
Pentax,K 01,783,12800,11045.0,250.9413407704,98.40836892956862,27.314085720536
Pentax,K 01,783,12800,11045.0,251.9560055778,98.80627669717647,27.331908406997
Pentax,K 01,783,12800,11045.0,252.9706703852,99.20418446478432,27.349656187243
Pentax,K 01,783,12800,11045.0,253.9853351926,99.60209223239215,27.367329678104
Pentax,K 01,783,12800,11045.0,255,100.0,27.38492948884
Pentax,K 01,783,25600,22192.0,4.3777925721108,1.7167814008277646,0
Pentax,K 01,783,25600,22192.0,5.3924573795112,2.1146891684357643,1.6137492844412
Pentax,K 01,783,25600,22192.0,6.4071221869115,2.5125969360437255,2.9229099818675
Pentax,K 01,783,25600,22192.0,7.4217869943119,2.9105047036517258,4.0192638192857
Pentax,K 01,783,25600,22192.0,8.4364518017123,3.308412471259726,4.9589215064181
Pentax,K 01,783,25600,22192.0,9.4511166091126,3.706320238867686,5.7786536711979
Pentax,K 01,783,25600,22192.0,10.465781416513,4.104228006475686,6.5038362777039
Pentax,K 01,783,25600,22192.0,11.480446223913,4.50213577408353,7.1526981434834
Pentax,K 01,783,25600,22192.0,12.495111031314,4.9000435416917645,7.7387602074823
Pentax,K 01,783,25600,22192.0,13.509775838714,5.2979513092996084,8.2723177091716
Pentax,K 01,783,25600,22192.0,14.524440646114,5.695859076907451,8.7613829389169
Pentax,K 01,783,25600,22192.0,15.539105453515,6.093766844515686,9.212307994169
Pentax,K 01,783,25600,22192.0,16.553770260915,6.491674612123529,9.6302094612494
Pentax,K 01,783,25600,22192.0,17.568435068316,6.889582379731764,10.019266000589
Pentax,K 01,783,25600,22192.0,18.583099875716,7.287490147339609,10.382931826597
Pentax,K 01,783,25600,22192.0,19.597764683116,7.685397914947452,10.724093024292
Pentax,K 01,783,25600,22192.0,20.612429490517,8.083305682555686,11.045184094738
Pentax,K 01,783,25600,22192.0,21.627094297917,8.48121345016353,11.348276252242
Pentax,K 01,783,25600,22192.0,22.641759105317,8.879121217771372,11.635145285557
Pentax,K 01,783,25600,22192.0,23.656423912718,9.277028985379609,11.907324389418
Pentax,K 01,783,25600,22192.0,24.671088720118,9.67493675298745,12.166145777353
Pentax,K 01,783,25600,22192.0,25.685753527518,10.072844520595293,12.412773807132
Pentax,K 01,783,25600,22192.0,26.700418334919,10.47075228820353,12.648231606226
Pentax,K 01,783,25600,22192.0,27.715083142319,10.868660055811372,12.873422663364
Pentax,K 01,783,25600,22192.0,28.729747949719,11.266567823419214,13.089148481366
Pentax,K 01,783,25600,22192.0,29.74441275712,11.66447559102745,13.296123118928
Pentax,K 01,783,25600,22192.0,30.75907756452,12.062383358635294,13.494985253542
Pentax,K 01,783,25600,22192.0,31.773742371921,12.46029112624353,13.686308253211
Pentax,K 01,783,25600,22192.0,32.788407179321,12.858198893851371,13.870608636618
Pentax,K 01,783,25600,22192.0,33.803071986721,13.256106661459215,14.048353219806
Pentax,K 01,783,25600,22192.0,34.817736794122,13.654014429067452,14.219965185276
Pentax,K 01,783,25600,22192.0,35.832401601522,14.051922196675296,14.385829261595
Pentax,K 01,783,25600,22192.0,36.847066408922,14.449829964283136,14.54629616452
Pentax,K 01,783,25600,22192.0,37.861731216323,14.847737731891373,14.701686421668
Pentax,K 01,783,25600,22192.0,38.876396023723,15.245645499499213,14.852293679993
Pentax,K 01,783,25600,22192.0,39.891060831123,15.643553267107057,14.998387577208
Pentax,K 01,783,25600,22192.0,40.905725638524,16.041461034715294,15.140216243909
Pentax,K 01,783,25600,22192.0,41.920390445924,16.439368802323138,15.278008491573
Pentax,K 01,783,25600,22192.0,42.935055253325,16.837276569931372,15.411975732269
Pentax,K 01,783,25600,22192.0,43.949720060725,17.235184337539216,15.542313668327
Pentax,K 01,783,25600,22192.0,44.964384868125,17.63309210514706,15.669203784033
Pentax,K 01,783,25600,22192.0,45.979049675526,18.030999872755295,15.792814666358
Pentax,K 01,783,25600,22192.0,46.993714482926,18.42890764036314,15.913303177515
Pentax,K 01,783,25600,22192.0,48.008379290326,18.82681540797098,16.030815498729
Pentax,K 01,783,25600,22192.0,49.023044097727,19.224723175579218,16.145488061684
Pentax,K 01,783,25600,22192.0,50.037708905127,19.62263094318706,16.25744838175
Pentax,K 01,783,25600,22192.0,51.052373712527,20.020538710794902,16.366815805061
Pentax,K 01,783,25600,22192.0,52.067038519928,20.418446478403133,16.473702179836
Pentax,K 01,783,25600,22192.0,53.081703327328,20.81635424601098,16.57821246091
Pentax,K 01,783,25600,22192.0,54.096368134728,21.214262013618825,16.680445255228
Pentax,K 01,783,25600,22192.0,55.111032942129,21.61216978122706,16.780493315036
Pentax,K 01,783,25600,22192.0,56.125697749529,22.010077548834904,16.878443984634
Pentax,K 01,783,25600,22192.0,57.14036255693,22.40798531644314,16.974379605783
Pentax,K 01,783,25600,22192.0,58.15502736433,22.805893084050982,17.068377886255
Pentax,K 01,783,25600,22192.0,59.16969217173,23.203800851658823,17.16051223544
Pentax,K 01,783,25600,22192.0,60.184356979131,23.601708619267058,17.250852070449
Pentax,K 01,783,25600,22192.0,61.199021786531,23.9996163868749,17.339463095744
Pentax,K 01,783,25600,22192.0,62.213686593931,24.397524154482745,17.426407558991
Pentax,K 01,783,25600,22192.0,63.228351401332,24.79543192209098,17.511744485483
Pentax,K 01,783,25600,22192.0,64.243016208732,25.193339689698824,17.595529893245
Pentax,K 01,783,25600,22192.0,65.257681016132,25.591247457306665,17.677816990685
Pentax,K 01,783,25600,22192.0,66.272345823533,25.9891552249149,17.758656358442
Pentax,K 01,783,25600,22192.0,67.287010630933,26.387062992522743,17.838096116928
Pentax,K 01,783,25600,22192.0,68.301675438333,26.784970760130587,17.91618208086
Pentax,K 01,783,25600,22192.0,69.316340245734,27.182878527738826,17.992957901987
Pentax,K 01,783,25600,22192.0,70.331005053134,27.58078629534667,18.068465201062
Pentax,K 01,783,25600,22192.0,71.345669860535,27.9786940629549,18.142743689997
Pentax,K 01,783,25600,22192.0,72.360334667935,28.37660183056275,18.215831285087
Pentax,K 01,783,25600,22192.0,73.374999475335,28.77450959817059,18.287764212034
Pentax,K 01,783,25600,22192.0,74.389664282736,29.172417365778823,18.358577103495
Pentax,K 01,783,25600,22192.0,75.404329090136,29.570325133386667,18.428303089767
Pentax,K 01,783,25600,22192.0,76.418993897536,29.968232900994508,18.496973883177
Pentax,K 01,783,25600,22192.0,77.433658704937,30.366140668602746,18.564619856688
Pentax,K 01,783,25600,22192.0,78.448323512337,30.76404843621059,18.631270117196
Pentax,K 01,783,25600,22192.0,79.462988319738,31.161956203818825,18.696952573926
Pentax,K 01,783,25600,22192.0,80.477653127138,31.559863971426665,18.761694002321
Pentax,K 01,783,25600,22192.0,81.492317934538,31.957771739034506,18.825520103774
Pentax,K 01,783,25600,22192.0,82.506982741939,32.355679506642744,18.888455561512
Pentax,K 01,783,25600,22192.0,83.521647549339,32.753587274250584,18.950524092931
Pentax,K 01,783,25600,22192.0,84.536312356739,33.15149504185843,19.011748498648
Pentax,K 01,783,25600,22192.0,85.55097716414,33.54940280946666,19.072150708505
Pentax,K 01,783,25600,22192.0,86.56564197154,33.94731057707451,19.131751824756
Pentax,K 01,783,25600,22192.0,87.58030677894,34.34521834468235,19.190572162631
Pentax,K 01,783,25600,22192.0,88.594971586341,34.74312611229059,19.248631288473
Pentax,K 01,783,25600,22192.0,89.609636393741,35.14103387989843,19.305948055617
Pentax,K 01,783,25600,22192.0,90.624301201142,35.53894164750667,19.36254063816
Pentax,K 01,783,25600,22192.0,91.638966008542,35.93684941511451,19.418426562784
Pentax,K 01,783,25600,22192.0,92.653630815942,36.33475718272235,19.473622738743
Pentax,K 01,783,25600,22192.0,93.668295623343,36.73266495033059,19.528145486162
Pentax,K 01,783,25600,22192.0,94.682960430743,37.130572717938435,19.582010562742
Pentax,K 01,783,25600,22192.0,95.697625238143,37.528480485546275,19.635233188985
Pentax,K 01,783,25600,22192.0,96.712290045544,37.92638825315451,19.68782807203
Pentax,K 01,783,25600,22192.0,97.726954852944,38.324296020762354,19.739809428201
Pentax,K 01,783,25600,22192.0,98.741619660344,38.722203788370194,19.791191004338
Pentax,K 01,783,25600,22192.0,99.756284467745,39.12011155597843,19.841986097991
Pentax,K 01,783,25600,22192.0,100.77094927515,39.51801932358824,19.89220757655
Pentax,K 01,783,25600,22192.0,101.78561408255,39.91592709119608,19.941867895381
Pentax,K 01,783,25600,22192.0,102.80027888995,40.31383485880392,19.990979115023
Pentax,K 01,783,25600,22192.0,103.81494369735,40.71174262641177,20.039552917497
Pentax,K 01,783,25600,22192.0,104.82960850475,41.10965039401961,20.087600621807
Pentax,K 01,783,25600,22192.0,105.84427331215,41.50755816162745,20.135133198641
Pentax,K 01,783,25600,22192.0,106.85893811955,41.9054659292353,20.182161284361
Pentax,K 01,783,25600,22192.0,107.87360292695,42.30337369684314,20.22869519429
Pentax,K 01,783,25600,22192.0,108.88826773435,42.70128146445098,20.274744935361
Pentax,K 01,783,25600,22192.0,109.90293254175,43.099189232058826,20.320320218147
Pentax,K 01,783,25600,22192.0,110.91759734915,43.49709699966667,20.365430468317
Pentax,K 01,783,25600,22192.0,111.93226215655,43.89500476727451,20.410084837557
Pentax,K 01,783,25600,22192.0,112.94692696395,44.292912534882355,20.45429221396
Pentax,K 01,783,25600,22192.0,113.96159177135,44.690820302490195,20.49806123195
Pentax,K 01,783,25600,22192.0,114.97625657875,45.088728070098036,20.541400281736
Pentax,K 01,783,25600,22192.0,115.99092138615,45.48663583770588,20.584317518338
Pentax,K 01,783,25600,22192.0,117.00558619355,45.88454360531372,20.6268208702
Pentax,K 01,783,25600,22192.0,118.02025100095,46.28245137292157,20.668918047421
Pentax,K 01,783,25600,22192.0,119.03491580835,46.68035914052941,20.710616549612
Pentax,K 01,783,25600,22192.0,120.04958061575,47.07826690813726,20.751923673411
Pentax,K 01,783,25600,22192.0,121.06424542315,47.4761746757451,20.792846519665
Pentax,K 01,783,25600,22192.0,122.07891023055,47.87408244335294,20.833392000302
Pentax,K 01,783,25600,22192.0,123.09357503795,48.27199021096079,20.873566844906
Pentax,K 01,783,25600,22192.0,124.10823984535,48.66989797856863,20.913377607006
Pentax,K 01,783,25600,22192.0,125.12290465275,49.06780574617647,20.952830670107
Pentax,K 01,783,25600,22192.0,126.13756946015,49.465713513784316,20.991932253462
Pentax,K 01,783,25600,22192.0,127.15223426755,49.863621281392156,21.030688417601
Pentax,K 01,783,25600,22192.0,128.16689907496,50.261529049003926,21.069105069634
Pentax,K 01,783,25600,22192.0,129.18156388236,50.65943681661176,21.107187968339
Pentax,K 01,783,25600,22192.0,130.19622868976,51.057344584219614,21.144942729034
Pentax,K 01,783,25600,22192.0,131.21089349716,51.45525235182744,21.182374828261
Pentax,K 01,783,25600,22192.0,132.22555830456,51.853160119435294,21.219489608276
Pentax,K 01,783,25600,22192.0,133.24022311196,52.251067887043135,21.256292281364
Pentax,K 01,783,25600,22192.0,134.25488791936,52.648975654650975,21.292787933979
Pentax,K 01,783,25600,22192.0,135.26955272676,53.046883422258816,21.328981530727
Pentax,K 01,783,25600,22192.0,136.28421753416,53.44479118986667,21.364877918189
Pentax,K 01,783,25600,22192.0,137.29888234156,53.8426989574745,21.4004818286
Pentax,K 01,783,25600,22192.0,138.31354714896,54.24060672508235,21.435797883383
Pentax,K 01,783,25600,22192.0,139.32821195636,54.638514492690206,21.470830596554
Pentax,K 01,783,25600,22192.0,140.34287676376,55.03642226029803,21.505584377992
Pentax,K 01,783,25600,22192.0,141.35754157116,55.43433002790589,21.54006353659
Pentax,K 01,783,25600,22192.0,142.37220637856,55.83223779551373,21.574272283288
Pentax,K 01,783,25600,22192.0,143.38687118596,56.23014556312157,21.608214733994
Pentax,K 01,783,25600,22192.0,144.40153599336,56.62805333072941,21.641894912397
Pentax,K 01,783,25600,22192.0,145.41620080076,57.02596109833726,21.675316752677
Pentax,K 01,783,25600,22192.0,146.43086560816,57.423868865945096,21.708484102119
Pentax,K 01,783,25600,22192.0,147.44553041556,57.82177663355294,21.741400723629
Pentax,K 01,783,25600,22192.0,148.46019522296,58.21968440116079,21.774070298167
Pentax,K 01,783,25600,22192.0,149.47486003036,58.61759216876863,21.806496427083
Pentax,K 01,783,25600,22192.0,150.48952483776,59.01549993637647,21.838682634384
Pentax,K 01,783,25600,22192.0,151.50418964516,59.41340770398432,21.870632368908
Pentax,K 01,783,25600,22192.0,152.51885445256,59.81131547159215,21.902349006435
Pentax,K 01,783,25600,22192.0,153.53351925996,60.20922323920001,21.933835851716
Pentax,K 01,783,25600,22192.0,154.54818406736,60.60713100680785,21.965096140435
Pentax,K 01,783,25600,22192.0,155.56284887476,61.00503877441569,21.996133041106
Pentax,K 01,783,25600,22192.0,156.57751368216,61.40294654202353,22.026949656905
Pentax,K 01,783,25600,22192.0,157.59217848957,61.80085430963529,22.05754902744
Pentax,K 01,783,25600,22192.0,158.60684329697,62.19876207724314,22.087934130459
Pentax,K 01,783,25600,22192.0,159.62150810437,62.596669844850986,22.118107883509
Pentax,K 01,783,25600,22192.0,160.63617291177,62.994577612458826,22.148073145531
Pentax,K 01,783,25600,22192.0,161.65083771917,63.39248538006667,22.177832718407
Pentax,K 01,783,25600,22192.0,162.66550252657,63.79039314767452,22.207389348461
Pentax,K 01,783,25600,22192.0,163.68016733397,64.18830091528235,22.236745727902
Pentax,K 01,783,25600,22192.0,164.69483214137,64.5862086828902,22.26590449623
Pentax,K 01,783,25600,22192.0,165.70949694877,64.98411645049804,22.294868241588
Pentax,K 01,783,25600,22192.0,166.72416175617,65.38202421810588,22.323639502081
Pentax,K 01,783,25600,22192.0,167.73882656357,65.77993198571373,22.352220767045
Pentax,K 01,783,25600,22192.0,168.75349137097,66.17783975332158,22.380614478277
Pentax,K 01,783,25600,22192.0,169.76815617837,66.57574752092941,22.408823031236
Pentax,K 01,783,25600,22192.0,170.78282098577,66.97365528853726,22.436848776192
Pentax,K 01,783,25600,22192.0,171.79748579317,67.3715630561451,22.464694019351
Pentax,K 01,783,25600,22192.0,172.81215060057,67.76947082375294,22.492361023943
Pentax,K 01,783,25600,22192.0,173.82681540797,68.16737859136079,22.519852011273
Pentax,K 01,783,25600,22192.0,174.84148021537,68.56528635896863,22.547169161743
Pentax,K 01,783,25600,22192.0,175.85614502277,68.96319412657647,22.574314615844
Pentax,K 01,783,25600,22192.0,176.87080983017,69.36110189418432,22.601290475119
Pentax,K 01,783,25600,22192.0,177.88547463757,69.75900966179216,22.628098803091
Pentax,K 01,783,25600,22192.0,178.90013944497,70.1569174294,22.654741626174
Pentax,K 01,783,25600,22192.0,179.91480425237,70.55482519700784,22.681220934546
Pentax,K 01,783,25600,22192.0,180.92946905977,70.95273296461569,22.707538683007
Pentax,K 01,783,25600,22192.0,181.94413386717,71.35064073222352,22.733696791801
Pentax,K 01,783,25600,22192.0,182.95879867457,71.74854849983137,22.759697147426
Pentax,K 01,783,25600,22192.0,183.97346348197,72.1464562674392,22.785541603413
Pentax,K 01,783,25600,22192.0,184.98812828937,72.54436403504705,22.811231981083
Pentax,K 01,783,25600,22192.0,186.00279309678,72.94227180265884,22.836770070284
Pentax,K 01,783,25600,22192.0,187.01745790418,73.34017957026666,22.86215763011
Pentax,K 01,783,25600,22192.0,188.03212271158,73.73808733787452,22.887396389595
Pentax,K 01,783,25600,22192.0,189.04678751898,74.13599510548235,22.912488048391
Pentax,K 01,783,25600,22192.0,190.06145232638,74.5339028730902,22.937434277422
Pentax,K 01,783,25600,22192.0,191.07611713378,74.93181064069803,22.962236719529
Pentax,K 01,783,25600,22192.0,192.09078194118,75.3297184083059,22.986896990088
Pentax,K 01,783,25600,22192.0,193.10544674858,75.72762617591373,23.011416677616
Pentax,K 01,783,25600,22192.0,194.12011155598,76.12553394352157,23.035797344359
Pentax,K 01,783,25600,22192.0,195.13477636338,76.52344171112941,23.060040526867
Pentax,K 01,783,25600,22192.0,196.14944117078,76.92134947873726,23.084147736546
Pentax,K 01,783,25600,22192.0,197.16410597818,77.3192572463451,23.108120460208
Pentax,K 01,783,25600,22192.0,198.17877078558,77.71716501395295,23.131960160588
Pentax,K 01,783,25600,22192.0,199.19343559298,78.11507278156078,23.155668276868
Pentax,K 01,783,25600,22192.0,200.20810040038,78.51298054916863,23.179246225171
Pentax,K 01,783,25600,22192.0,201.22276520778,78.91088831677646,23.202695399049
Pentax,K 01,783,25600,22192.0,202.23743001518,79.30879608438431,23.22601716996
Pentax,K 01,783,25600,22192.0,203.25209482258,79.70670385199216,23.249212887725
Pentax,K 01,783,25600,22192.0,204.26675962998,80.10461161959999,23.272283880982
Pentax,K 01,783,25600,22192.0,205.28142443738,80.50251938720784,23.295231457625
Pentax,K 01,783,25600,22192.0,206.29608924478,80.90042715481569,23.318056905226
Pentax,K 01,783,25600,22192.0,207.31075405218,81.29833492242352,23.340761491457
Pentax,K 01,783,25600,22192.0,208.32541885958,81.69624269003137,23.363346464492
Pentax,K 01,783,25600,22192.0,209.34008366698,82.09415045763922,23.385813053404
Pentax,K 01,783,25600,22192.0,210.35474847438,82.49205822524705,23.408162468552
Pentax,K 01,783,25600,22192.0,211.36941328178,82.8899659928549,23.430395901952
Pentax,K 01,783,25600,22192.0,212.38407808918,83.28787376046274,23.452514527649
Pentax,K 01,783,25600,22192.0,213.39874289658,83.68578152807058,23.474519502074
Pentax,K 01,783,25600,22192.0,214.41340770398,84.08368929567843,23.496411964387
Pentax,K 01,783,25600,22192.0,215.42807251139,84.48159706329021,23.518193036824
Pentax,K 01,783,25600,22192.0,216.44273731879,84.87950483089803,23.539863825026
Pentax,K 01,783,25600,22192.0,217.45740212619,85.27741259850589,23.561425418363
Pentax,K 01,783,25600,22192.0,218.47206693359,85.67532036611372,23.582878890247
Pentax,K 01,783,25600,22192.0,219.48673174099,86.07322813372157,23.604225298447
Pentax,K 01,783,25600,22192.0,220.50139654839,86.4711359013294,23.625465685385
Pentax,K 01,783,25600,22192.0,221.51606135579,86.86904366893725,23.64660107843
Pentax,K 01,783,25600,22192.0,222.53072616319,87.2669514365451,23.667632490188
Pentax,K 01,783,25600,22192.0,223.54539097059,87.66485920415295,23.688560918777
Pentax,K 01,783,25600,22192.0,224.56005577799,88.06276697176078,23.709387348108
Pentax,K 01,783,25600,22192.0,225.57472058539,88.46067473936863,23.730112748143
Pentax,K 01,783,25600,22192.0,226.58938539279,88.85858250697648,23.750738075164
Pentax,K 01,783,25600,22192.0,227.60405020019,89.25649027458431,23.771264272023
Pentax,K 01,783,25600,22192.0,228.61871500759,89.65439804219216,23.791692268392
Pentax,K 01,783,25600,22192.0,229.63337981499,90.0523058098,23.812022981007
Pentax,K 01,783,25600,22192.0,230.64804462239,90.45021357740784,23.832257313907
Pentax,K 01,783,25600,22192.0,231.66270942979,90.84812134501568,23.852396158663
Pentax,K 01,783,25600,22192.0,232.67737423719,91.24602911262353,23.872440394606
Pentax,K 01,783,25600,22192.0,233.69203904459,91.64393688023137,23.892390889051
Pentax,K 01,783,25600,22192.0,234.70670385199,92.04184464783921,23.912248497511
Pentax,K 01,783,25600,22192.0,235.72136865939,92.43975241544706,23.932014063913
Pentax,K 01,783,25600,22192.0,236.73603346679,92.8376601830549,23.951688420801
Pentax,K 01,783,25600,22192.0,237.75069827419,93.23556795066274,23.97127238954
Pentax,K 01,783,25600,22192.0,238.76536308159,93.63347571827059,23.990766780515
Pentax,K 01,783,25600,22192.0,239.78002788899,94.03138348587842,24.010172393328
Pentax,K 01,783,25600,22192.0,240.79469269639,94.42929125348628,24.029490016979
Pentax,K 01,783,25600,22192.0,241.80935750379,94.82719902109412,24.048720430062
Pentax,K 01,783,25600,22192.0,242.82402231119,95.22510678870196,24.067864400938
Pentax,K 01,783,25600,22192.0,243.8386871186,95.62301455631372,24.086922687917
Pentax,K 01,783,25600,22192.0,244.853351926,96.02092232392157,24.105896039432
Pentax,K 01,783,25600,22192.0,245.8680167334,96.4188300915294,24.124785194207
Pentax,K 01,783,25600,22192.0,246.8826815408,96.81673785913726,24.143590881423
Pentax,K 01,783,25600,22192.0,247.8973463482,97.2146456267451,24.162313820884
Pentax,K 01,783,25600,22192.0,248.9120111556,97.61255339435294,24.180954723173
Pentax,K 01,783,25600,22192.0,249.926675963,98.01046116196078,24.19951428981
Pentax,K 01,783,25600,22192.0,250.9413407704,98.40836892956862,24.217993213406
Pentax,K 01,783,25600,22192.0,251.9560055778,98.80627669717647,24.236392177808
Pentax,K 01,783,25600,22192.0,252.9706703852,99.20418446478432,24.254711858251
Pentax,K 01,783,25600,22192.0,253.9853351926,99.60209223239215,24.272952921497
Pentax,K 01,783,25600,22192.0,255,100.0,24.291116025979
