brand,model,sensor_id,iso_manufacturer,iso_measured,gray_level_255,gray_pct,snr_db
Pentax,K-5 II,829,80,68.0,0.020639313264087,0.008093848338857648,0
Pentax,K-5 II,829,80,68.0,0.024540389241374,0.009623682055440785,1.2954934072168
Pentax,K-5 II,829,80,68.0,0.047193757472593,0.0185073558716051,5.9311126037264
Pentax,K-5 II,829,80,68.0,0.083124683415766,0.032597915065006276,9.5798965690186
Pentax,K-5 II,829,80,68.0,0.15801627624399,0.061967167154505884,13.318208480429
Pentax,K-5 II,829,80,68.0,0.34739107586272,0.13623179445596864,17.432083653733
Pentax,K-5 II,829,80,68.0,0.56874534154231,0.2230373888401216,19.822456402906
Pentax,K-5 II,829,80,68.0,1.0884470850959,0.4268419941552549,22.834317821123
Pentax,K-5 II,829,80,68.0,2.1457382217091,0.8414659692976864,25.881280518476
Pentax,K-5 II,829,80,68.0,4.7637955122226,1.8681551028323924,29.380029698187
Pentax,K-5 II,829,80,68.0,7.7747746654335,3.048931241346471,31.494647116674
Pentax,K-5 II,829,80,68.0,8.7838572178195,3.4446498893409805,32.017269807152
Pentax,K-5 II,829,80,68.0,9.7929397702055,3.84036853733549,32.481454512067
Pentax,K-5 II,829,80,68.0,10.802022322591,4.236087185329803,32.898754380593
Pentax,K-5 II,829,80,68.0,11.811104874977,4.6318058333243135,33.277604061821
Pentax,K-5 II,829,80,68.0,12.820187427363,5.027524481318824,33.624349934274
Pentax,K-5 II,829,80,68.0,13.829269979749,5.423243129313334,33.94388718386
Pentax,K-5 II,829,80,68.0,14.838352532135,5.818961777307843,34.240071066461
Pentax,K-5 II,829,80,68.0,15.847435084521,6.214680425302353,34.515992076286
Pentax,K-5 II,829,80,68.0,16.856517636907,6.610399073296863,34.774165723346
Pentax,K-5 II,829,80,68.0,17.865600189293,7.006117721291373,35.016666868054
Pentax,K-5 II,829,80,68.0,18.874682741679,7.401836369285881,35.245226981159
Pentax,K-5 II,829,80,68.0,19.883765294065,7.797555017280393,35.46130596773
Pentax,K-5 II,829,80,68.0,20.892847846451,8.193273665274903,35.66614614242
Pentax,K-5 II,829,80,68.0,21.901930398837,8.588992313269411,35.860813427486
Pentax,K-5 II,829,80,68.0,22.911012951223,8.984710961263922,36.04622923965
Pentax,K-5 II,829,80,68.0,23.920095503609,9.380429609258432,36.223195482229
Pentax,K-5 II,829,80,68.0,24.929178055995,9.776148257252942,36.392414357582
Pentax,K-5 II,829,80,68.0,25.938260608381,10.171866905247452,36.554504236944
Pentax,K-5 II,829,80,68.0,26.947343160767,10.56758555324196,36.710012493203
Pentax,K-5 II,829,80,68.0,27.956425713153,10.96330420123647,36.85942596843
Pentax,K-5 II,829,80,68.0,28.965508265539,11.35902284923098,37.003179580738
Pentax,K-5 II,829,80,68.0,29.974590817925,11.75474149722549,37.141663453789
Pentax,K-5 II,829,80,68.0,30.983673370311,12.15046014522,37.275228863162
Pentax,K-5 II,829,80,68.0,31.992755922697,12.54617879321451,37.404193227646
Pentax,K-5 II,829,80,68.0,33.001838475083,12.941897441209019,37.528844323826
Pentax,K-5 II,829,80,68.0,34.010921027469,13.33761608920353,37.649443864622
Pentax,K-5 II,829,80,68.0,35.020003579855,13.733334737198039,37.766230553609
Pentax,K-5 II,829,80,68.0,36.029086132241,14.129053385192547,37.879422704647
Pentax,K-5 II,829,80,68.0,37.038168684627,14.52477203318706,37.989220499012
Pentax,K-5 II,829,80,68.0,38.047251237013,14.920490681181569,38.095807938601
Pentax,K-5 II,829,80,68.0,39.056333789399,15.316209329176079,38.199354543037
Pentax,K-5 II,829,80,68.0,40.065416341785,15.711927977170589,38.300016829936
Pentax,K-5 II,829,80,68.0,41.074498894171,16.1076466251651,38.397939610766
Pentax,K-5 II,829,80,68.0,42.083581446557,16.503365273159606,38.493257129184
Pentax,K-5 II,829,80,68.0,43.092663998943,16.89908392115412,38.586094064293
Pentax,K-5 II,829,80,68.0,44.101746551329,17.29480256914863,38.676566417607
Pentax,K-5 II,829,80,68.0,45.110829103715,17.690521217143136,38.764782299531
Pentax,K-5 II,829,80,68.0,46.119911656101,18.08623986513765,38.850842628715
Pentax,K-5 II,829,80,68.0,47.128994208487,18.481958513132156,38.934841755618
Pentax,K-5 II,829,80,68.0,48.138076760873,18.877677161126666,39.016868019927
Pentax,K-5 II,829,80,68.0,49.147159313259,19.273395809121176,39.09700425007
Pentax,K-5 II,829,80,68.0,50.156241865645,19.669114457115686,39.175328211903
Pentax,K-5 II,829,80,68.0,51.165324418031,20.064833105110193,39.251913012653
Pentax,K-5 II,829,80,68.0,52.174406970417,20.46055175310471,39.326827465359
Pentax,K-5 II,829,80,68.0,53.183489522803,20.856270401099216,39.400136418363
Pentax,K-5 II,829,80,68.0,54.192572075189,21.251989049093726,39.471901053804
Pentax,K-5 II,829,80,68.0,55.201654627575,21.647707697088237,39.542179158528
Pentax,K-5 II,829,80,68.0,56.210737179961,22.043426345082747,39.611025370451
Pentax,K-5 II,829,80,68.0,57.219819732347,22.439144993077253,39.678491402961
Pentax,K-5 II,829,80,68.0,58.228902284733,22.834863641071763,39.744626249693
Pentax,K-5 II,829,80,68.0,59.237984837119,23.230582289066277,39.809476371689
Pentax,K-5 II,829,80,68.0,60.247067389505,23.626300937060783,39.873085868733
Pentax,K-5 II,829,80,68.0,61.256149941891,24.022019585055297,39.935496636443
Pentax,K-5 II,829,80,68.0,62.265232494277,24.417738233049803,39.996748510515
Pentax,K-5 II,829,80,68.0,63.274315046663,24.813456881044313,40.056879399356
Pentax,K-5 II,829,80,68.0,64.283397599049,25.209175529038824,40.115925406218
Pentax,K-5 II,829,80,68.0,65.292480151435,25.604894177033334,40.173920941809
Pentax,K-5 II,829,80,68.0,66.301562703821,26.000612825027847,40.23089882826
Pentax,K-5 II,829,80,68.0,67.310645256207,26.39633147302235,40.286890395229
Pentax,K-5 II,829,80,68.0,68.319727808593,26.792050121016864,40.341925568854
Pentax,K-5 II,829,80,68.0,69.328810360979,27.187768769011374,40.396032954171
Pentax,K-5 II,829,80,68.0,70.337892913365,27.58348741700588,40.449239911577
Pentax,K-5 II,829,80,68.0,71.346975465751,27.979206065000394,40.501572627839
Pentax,K-5 II,829,80,68.0,72.356058018137,28.374924712994904,40.553056182113
Pentax,K-5 II,829,80,68.0,73.365140570523,28.77064336098941,40.603714607386
Pentax,K-5 II,829,80,68.0,74.374223122909,29.16636200898392,40.653570947716
Pentax,K-5 II,829,80,68.0,75.383305675295,29.562080656978434,40.70264731162
Pentax,K-5 II,829,80,68.0,76.392388227681,29.957799304972937,40.750964921894
Pentax,K-5 II,829,80,68.0,77.401470780067,30.35351795296745,40.798544162176
Pentax,K-5 II,829,80,68.0,78.410553332453,30.749236600961964,40.845404620481
Pentax,K-5 II,829,80,68.0,79.419635884838,31.14495524895608,40.891565129954
Pentax,K-5 II,829,80,68.0,80.428718437224,31.540673896950587,40.937043807049
Pentax,K-5 II,829,80,68.0,81.43780098961,31.936392544945097,40.981858087322
Pentax,K-5 II,829,80,68.0,82.446883541996,32.332111192939614,41.026024759019
Pentax,K-5 II,829,80,68.0,83.455966094382,32.72782984093412,41.069559994626
Pentax,K-5 II,829,80,68.0,84.465048646768,33.12354848892863,41.112479380509
Pentax,K-5 II,829,80,68.0,85.474131199154,33.51926713692313,41.154797944803
Pentax,K-5 II,829,80,68.0,86.48321375154,33.91498578491765,41.19653018366
Pentax,K-5 II,829,80,68.0,87.492296303926,34.31070443291215,41.237690085969
Pentax,K-5 II,829,80,68.0,88.501378856312,34.70642308090667,41.278291156663
Pentax,K-5 II,829,80,68.0,89.510461408698,35.10214172890118,41.318346438702
Pentax,K-5 II,829,80,68.0,90.519543961084,35.49786037689569,41.357868533821
Pentax,K-5 II,829,80,68.0,91.52862651347,35.8935790248902,41.396869622128
Pentax,K-5 II,829,80,68.0,92.537709065856,36.28929767288471,41.435361480627
Pentax,K-5 II,829,80,68.0,93.546791618242,36.685016320879214,41.473355500737
Pentax,K-5 II,829,80,68.0,94.555874170628,37.08073496887373,41.510862704867
Pentax,K-5 II,829,80,68.0,95.564956723014,37.47645361686824,41.547893762111
Pentax,K-5 II,829,80,68.0,96.5740392754,37.87217226486274,41.584459003123
Pentax,K-5 II,829,80,68.0,97.583121827786,38.267890912857254,41.620568434213
Pentax,K-5 II,829,80,68.0,98.592204380172,38.66360956085177,41.656231750716
Pentax,K-5 II,829,80,68.0,99.601286932558,39.059328208846274,41.691458349688
Pentax,K-5 II,829,80,68.0,100.61036948494,39.45504685683922,41.726257341951
Pentax,K-5 II,829,80,68.0,101.61945203733,39.850765504835294,41.760637563543
Pentax,K-5 II,829,80,68.0,102.62853458972,40.24648415283137,41.794607586604
Pentax,K-5 II,829,80,68.0,103.6376171421,40.642202800823526,41.828175729718
Pentax,K-5 II,829,80,68.0,104.64669969449,41.03792144881961,41.861350067768
Pentax,K-5 II,829,80,68.0,105.65578224687,41.433640096811764,41.894138441306
Pentax,K-5 II,829,80,68.0,106.66486479926,41.82935874480784,41.926548465484
Pentax,K-5 II,829,80,68.0,107.67394735165,42.225077392803925,41.95858753856
Pentax,K-5 II,829,80,68.0,108.68302990403,42.62079604079608,41.990262850011
Pentax,K-5 II,829,80,68.0,109.69211245642,43.01651468879216,42.021581388267
Pentax,K-5 II,829,80,68.0,110.7011950088,43.41223333678431,42.052549948092
Pentax,K-5 II,829,80,68.0,111.71027756119,43.80795198478039,42.083175137631
Pentax,K-5 II,829,80,68.0,112.71936011358,44.20367063277647,42.113463385139
Pentax,K-5 II,829,80,68.0,113.72844266596,44.599389280768634,42.143420945407
Pentax,K-5 II,829,80,68.0,114.73752521835,44.9951079287647,42.17305390591
Pentax,K-5 II,829,80,68.0,115.74660777073,45.39082657675686,42.202368192681
Pentax,K-5 II,829,80,68.0,116.75569032312,45.78654522475294,42.231369575928
Pentax,K-5 II,829,80,68.0,117.76477287551,46.182263872749026,42.260063675417
Pentax,K-5 II,829,80,68.0,118.77385542789,46.57798252074117,42.288455965617
Pentax,K-5 II,829,80,68.0,119.78293798028,46.97370116873725,42.316551780629
Pentax,K-5 II,829,80,68.0,120.79202053266,47.36941981672941,42.344356318913
Pentax,K-5 II,829,80,68.0,121.80110308505,47.765138464725496,42.371874647812
Pentax,K-5 II,829,80,68.0,122.81018563744,48.160857112721565,42.399111707892
Pentax,K-5 II,829,80,68.0,123.81926818982,48.55657576071372,42.426072317104
Pentax,K-5 II,829,80,68.0,124.82835074221,48.952294408709804,42.452761174777
Pentax,K-5 II,829,80,68.0,125.83743329459,49.34801305670196,42.47918286545
Pentax,K-5 II,829,80,68.0,126.84651584698,49.74373170469804,42.505341862549
Pentax,K-5 II,829,80,68.0,127.85559839937,50.13945035269411,42.531242531923
Pentax,K-5 II,829,80,68.0,128.86468095175,50.535169000686274,42.556889135234
Pentax,K-5 II,829,80,68.0,129.87376350414,50.930887648682344,42.582285833222
Pentax,K-5 II,829,80,68.0,130.88284605652,51.32660629667451,42.607436688836
Pentax,K-5 II,829,80,68.0,131.89192860891,51.722324944670596,42.632345670252
Pentax,K-5 II,829,80,68.0,132.9010111613,52.11804359266667,42.657016653769
Pentax,K-5 II,829,80,68.0,133.91009371368,52.51376224065882,42.681453426603
Pentax,K-5 II,829,80,68.0,134.91917626607,52.909480888654905,42.705659689566
Pentax,K-5 II,829,80,68.0,135.92825881845,53.30519953664705,42.729639059655
Pentax,K-5 II,829,80,68.0,136.93734137084,53.70091818464313,42.753395072539
Pentax,K-5 II,829,80,68.0,137.94642392323,54.09663683263921,42.776931184956
Pentax,K-5 II,829,80,68.0,138.95550647561,54.492355480631375,42.800250777027
Pentax,K-5 II,829,80,68.0,139.964589028,54.88807412862745,42.823357154474
Pentax,K-5 II,829,80,68.0,140.97367158038,55.28379277661961,42.846253550775
Pentax,K-5 II,829,80,68.0,141.98275413277,55.67951142461569,42.868943129228
Pentax,K-5 II,829,80,68.0,142.99183668516,56.07523007261176,42.891428984948
Pentax,K-5 II,829,80,68.0,144.00091923754,56.47094872060392,42.913714146795
Pentax,K-5 II,829,80,68.0,145.01000178993,56.8666673686,42.93580157923
Pentax,K-5 II,829,80,68.0,146.01908434231,57.26238601659216,42.95769418411
Pentax,K-5 II,829,80,68.0,147.0281668947,57.65810466458824,42.979394802422
Pentax,K-5 II,829,80,68.0,148.03724944709,58.05382331258432,43.000906215951
Pentax,K-5 II,829,80,68.0,149.04633199947,58.44954196057647,43.022231148901
Pentax,K-5 II,829,80,68.0,150.05541455186,58.845260608572545,43.043372269453
Pentax,K-5 II,829,80,68.0,151.06449710424,59.24097925656471,43.064332191276
Pentax,K-5 II,829,80,68.0,152.07357965663,59.636697904560776,43.085113474983
Pentax,K-5 II,829,80,68.0,153.08266220902,60.03241655255685,43.105718629543
Pentax,K-5 II,829,80,68.0,154.0917447614,60.42813520054903,43.126150113647
Pentax,K-5 II,829,80,68.0,155.10082731379,60.8238538485451,43.146410337022
Pentax,K-5 II,829,80,68.0,156.10990986617,61.21957249653725,43.166501661712
Pentax,K-5 II,829,80,68.0,157.11899241856,61.61529114453334,43.18642640331
Pentax,K-5 II,829,80,68.0,158.12807497095,62.011009792529414,43.206186832157
Pentax,K-5 II,829,80,68.0,159.13715752333,62.40672844052156,43.225785174498
Pentax,K-5 II,829,80,68.0,160.14624007572,62.802447088517646,43.2452236136
Pentax,K-5 II,829,80,68.0,161.1553226281,63.19816573650981,43.264504290843
Pentax,K-5 II,829,80,68.0,162.16440518049,63.593884384505884,43.283629306766
Pentax,K-5 II,829,80,68.0,163.17348773288,63.98960303250196,43.302600722093
Pentax,K-5 II,829,80,68.0,164.18257028526,64.38532168049412,43.321420558712
Pentax,K-5 II,829,80,68.0,165.19165283765,64.78104032849019,43.340090800639
Pentax,K-5 II,829,80,68.0,166.20073539003,65.17675897648235,43.358613394943
Pentax,K-5 II,829,80,68.0,167.20981794242,65.57247762447844,43.376990252648
Pentax,K-5 II,829,80,68.0,168.21890049481,65.9681962724745,43.395223249601
Pentax,K-5 II,829,80,68.0,169.22798304719,66.36391492046667,43.413314227325
Pentax,K-5 II,829,80,68.0,170.23706559958,66.75963356846275,43.431264993835
Pentax,K-5 II,829,80,68.0,171.24614815196,67.1553522164549,43.449077324437
Pentax,K-5 II,829,80,68.0,172.25523070435,67.55107086445098,43.466752962505
Pentax,K-5 II,829,80,68.0,173.26431325674,67.94678951244705,43.484293620224
Pentax,K-5 II,829,80,68.0,174.27339580912,68.34250816043921,43.501700979327
Pentax,K-5 II,829,80,68.0,175.28247836151,68.73822680843529,43.518976691799
Pentax,K-5 II,829,80,68.0,176.29156091389,69.13394545642745,43.536122380565
Pentax,K-5 II,829,80,68.0,177.30064346628,69.52966410442353,43.553139640159
Pentax,K-5 II,829,80,68.0,178.30972601867,69.92538275241961,43.570030037371
Pentax,K-5 II,829,80,68.0,179.31880857105,70.32110140041176,43.58679511188
Pentax,K-5 II,829,80,68.0,180.32789112344,70.71682004840784,43.603436376866
Pentax,K-5 II,829,80,68.0,181.33697367582,71.1125386964,43.619955319604
Pentax,K-5 II,829,80,68.0,182.34605622821,71.50825734439607,43.636353402047
Pentax,K-5 II,829,80,68.0,183.3551387806,71.90397599239216,43.652632061384
Pentax,K-5 II,829,80,68.0,184.36422133298,72.29969464038432,43.668792710592
Pentax,K-5 II,829,80,68.0,185.37330388537,72.6954132883804,43.684836738967
Pentax,K-5 II,829,80,68.0,186.38238643775,73.09113193637255,43.700765512642
Pentax,K-5 II,829,80,68.0,187.39146899014,73.48685058436863,43.716580375091
Pentax,K-5 II,829,80,68.0,188.40055154253,73.8825692323647,43.73228264762
Pentax,K-5 II,829,80,68.0,189.40963409491,74.27828788035686,43.747873629845
Pentax,K-5 II,829,80,68.0,190.4187166473,74.67400652835293,43.763354600156
Pentax,K-5 II,829,80,68.0,191.42779919968,75.0697251763451,43.778726816167
Pentax,K-5 II,829,80,68.0,192.43688175207,75.46544382434118,43.793991515162
Pentax,K-5 II,829,80,68.0,193.44596430446,75.86116247233726,43.809149914519
Pentax,K-5 II,829,80,68.0,194.45504685684,76.25688112032941,43.824203212131
Pentax,K-5 II,829,80,68.0,195.46412940923,76.65259976832549,43.839152586809
Pentax,K-5 II,829,80,68.0,196.47321196161,77.04831841631764,43.853999198682
Pentax,K-5 II,829,80,68.0,197.482294514,77.44403706431372,43.868744189583
Pentax,K-5 II,829,80,68.0,198.49137706639,77.8397557123098,43.883388683422
Pentax,K-5 II,829,80,68.0,199.50045961877,78.23547436030196,43.897933786556
Pentax,K-5 II,829,80,68.0,200.50954217116,78.63119300829804,43.912380588146
Pentax,K-5 II,829,80,68.0,201.51862472354,79.0269116562902,43.926730160504
Pentax,K-5 II,829,80,68.0,202.52770727593,79.42263030428627,43.940983559435
Pentax,K-5 II,829,80,68.0,203.53678982832,79.81834895228235,43.955141824563
Pentax,K-5 II,829,80,68.0,204.5458723807,80.2140676002745,43.969205979663
Pentax,K-5 II,829,80,68.0,205.55495493309,80.60978624827058,43.983177032968
Pentax,K-5 II,829,80,68.0,206.56403748547,81.00550489626275,43.997055977479
Pentax,K-5 II,829,80,68.0,207.57312003786,81.40122354425883,44.010843791266
Pentax,K-5 II,829,80,68.0,208.58220259025,81.7969421922549,44.02454143776
Pentax,K-5 II,829,80,68.0,209.59128514263,82.19266084024706,44.038149866037
Pentax,K-5 II,829,80,68.0,210.60036769502,82.58837948824313,44.051670011098
Pentax,K-5 II,829,80,68.0,211.6094502474,82.98409813623529,44.06510279414
Pentax,K-5 II,829,80,68.0,212.61853279979,83.37981678423137,44.078449122823
Pentax,K-5 II,829,80,68.0,213.62761535218,83.77553543222744,44.091709891525
Pentax,K-5 II,829,80,68.0,214.63669790456,84.17125408021961,44.104885981602
Pentax,K-5 II,829,80,68.0,215.64578045695,84.56697272821569,44.117978261628
Pentax,K-5 II,829,80,68.0,216.65486300933,84.96269137620784,44.130987587639
Pentax,K-5 II,829,80,68.0,217.66394556172,85.35841002420392,44.143914803368
Pentax,K-5 II,829,80,68.0,218.67302811411,85.7541286722,44.156760740479
Pentax,K-5 II,829,80,68.0,219.68211066649,86.14984732019215,44.169526218784
Pentax,K-5 II,829,80,68.0,220.69119321888,86.54556596818823,44.18221204647
Pentax,K-5 II,829,80,68.0,221.70027577126,86.9412846161804,44.194819020311
Pentax,K-5 II,829,80,68.0,222.70935832365,87.33700326417647,44.207347925874
Pentax,K-5 II,829,80,68.0,223.71844087604,87.73272191217255,44.21979953773
Pentax,K-5 II,829,80,68.0,224.72752342842,88.1284405601647,44.232174619651
Pentax,K-5 II,829,80,68.0,225.73660598081,88.52415920816078,44.244473924806
Pentax,K-5 II,829,80,68.0,226.74568853319,88.91987785615294,44.256698195953
Pentax,K-5 II,829,80,68.0,227.75477108558,89.31559650414901,44.268848165625
Pentax,K-5 II,829,80,68.0,228.76385363797,89.71131515214509,44.280924556316
Pentax,K-5 II,829,80,68.0,229.77293619035,90.10703380013726,44.292928080655
Pentax,K-5 II,829,80,68.0,230.78201874274,90.50275244813334,44.304859441585
Pentax,K-5 II,829,80,68.0,231.79110129512,90.89847109612549,44.316719332535
Pentax,K-5 II,829,80,68.0,232.80018384751,91.29418974412157,44.328508437581
Pentax,K-5 II,829,80,68.0,233.8092663999,91.68990839211764,44.340227431617
Pentax,K-5 II,829,80,68.0,234.81834895228,92.0856270401098,44.351876980513
Pentax,K-5 II,829,80,68.0,235.82743150467,92.48134568810588,44.363457741269
Pentax,K-5 II,829,80,68.0,236.83651405705,92.87706433609804,44.374970362172
Pentax,K-5 II,829,80,68.0,237.84559660944,93.27278298409412,44.386415482945
Pentax,K-5 II,829,80,68.0,238.85467916183,93.6685016320902,44.397793734892
Pentax,K-5 II,829,80,68.0,239.86376171421,94.06422028008235,44.409105741045
Pentax,K-5 II,829,80,68.0,240.8728442666,94.45993892807843,44.420352116304
Pentax,K-5 II,829,80,68.0,241.88192681898,94.85565757607058,44.431533467572
Pentax,K-5 II,829,80,68.0,242.89100937137,95.25137622406666,44.442650393895
Pentax,K-5 II,829,80,68.0,243.90009192375,95.64709487205883,44.453703486587
Pentax,K-5 II,829,80,68.0,244.90917447614,96.0428135200549,44.464693329369
Pentax,K-5 II,829,80,68.0,245.91825702853,96.43853216805098,44.475620498487
Pentax,K-5 II,829,80,68.0,246.92733958091,96.83425081604314,44.48648556284
Pentax,K-5 II,829,80,68.0,247.9364221333,97.22996946403921,44.497289084102
Pentax,K-5 II,829,80,68.0,248.94550468568,97.62568811203137,44.50803161684
Pentax,K-5 II,829,80,68.0,249.95458723807,98.02140676002745,44.518713708631
Pentax,K-5 II,829,80,68.0,250.96366979046,98.41712540802352,44.529335900175
Pentax,K-5 II,829,80,68.0,251.97275234284,98.81284405601569,44.53989872541
Pentax,K-5 II,829,80,68.0,252.98183489523,99.20856270401177,44.550402711619
Pentax,K-5 II,829,80,68.0,253.99091744761,99.60428135200392,44.560848379539
Pentax,K-5 II,829,80,68.0,255,100.0,44.571236243466
Pentax,K-5 II,829,100,85.0,0.024540389241374,0.009623682055440785,0
Pentax,K-5 II,829,100,85.0,0.047193757472593,0.0185073558716051,4.7036307733465
Pentax,K-5 II,829,100,85.0,0.083124683415766,0.032597915065006276,8.41675486506
Pentax,K-5 II,829,100,85.0,0.15801627624399,0.061967167154505884,12.22167662354
Pentax,K-5 II,829,100,85.0,0.34739107586272,0.13623179445596864,16.395440568206
Pentax,K-5 II,829,100,85.0,0.56874534154231,0.2230373888401216,18.810440781919
Pentax,K-5 II,829,100,85.0,1.0884470850959,0.4268419941552549,21.84335814165
Pentax,K-5 II,829,100,85.0,2.1457382217091,0.8414659692976864,24.903634512711
Pentax,K-5 II,829,100,85.0,4.7637955122226,1.8681551028323924,28.41305173127
Pentax,K-5 II,829,100,85.0,7.7747746654335,3.048931241346471,30.534123472528
Pentax,K-5 II,829,100,85.0,8.7838572178195,3.4446498893409805,31.058551872653
Pentax,K-5 II,829,100,85.0,9.7929397702055,3.84036853733549,31.52445108356
Pentax,K-5 II,829,100,85.0,10.802022322591,4.236087185329803,31.943397863087
Pentax,K-5 II,829,100,85.0,11.811104874977,4.6318058333243135,32.323842458852
Pentax,K-5 II,829,100,85.0,12.820187427363,5.027524481318824,32.67214197481
Pentax,K-5 II,829,100,85.0,13.829269979749,5.423243129313334,32.993199218987
Pentax,K-5 II,829,100,85.0,14.838352532135,5.818961777307843,33.29087501673
Pentax,K-5 II,829,100,85.0,15.847435084521,6.214680425302353,33.568264029892
Pentax,K-5 II,829,100,85.0,16.856517636907,6.610399073296863,33.827884952229
Pentax,K-5 II,829,100,85.0,17.865600189293,7.006117721291373,34.071815120784
Pentax,K-5 II,829,100,85.0,18.874682741679,7.401836369285881,34.301787964115
Pentax,K-5 II,829,100,85.0,19.883765294065,7.797555017280393,34.519264957418
Pentax,K-5 II,829,100,85.0,20.892847846451,8.193273665274903,34.725489691038
Pentax,K-5 II,829,100,85.0,21.901930398837,8.588992313269411,34.921529136038
Pentax,K-5 II,829,100,85.0,22.911012951223,8.984710961263922,35.108305580803
Pentax,K-5 II,829,100,85.0,23.920095503609,9.380429609258432,35.286621660364
Pentax,K-5 II,829,100,85.0,24.929178055995,9.776148257252942,35.457180197015
Pentax,K-5 II,829,100,85.0,25.938260608381,10.171866905247452,35.620600091776
Pentax,K-5 II,829,100,85.0,26.947343160767,10.56758555324196,35.777429173939
Pentax,K-5 II,829,100,85.0,27.956425713153,10.96330420123647,35.928154681746
Pentax,K-5 II,829,100,85.0,28.965508265539,11.35902284923098,36.073211879661
Pentax,K-5 II,829,100,85.0,29.974590817925,11.75474149722549,36.212991196184
Pentax,K-5 II,829,100,85.0,30.983673370311,12.15046014522,36.347844176909
Pentax,K-5 II,829,100,85.0,31.992755922697,12.54617879321451,36.478088481252
Pentax,K-5 II,829,100,85.0,33.001838475083,12.941897441209019,36.604012101461
Pentax,K-5 II,829,100,85.0,34.010921027469,13.33761608920353,36.725876944811
Pentax,K-5 II,829,100,85.0,35.020003579855,13.733334737198039,36.843921890937
Pentax,K-5 II,829,100,85.0,36.029086132241,14.129053385192547,36.958365413983
Pentax,K-5 II,829,100,85.0,37.038168684627,14.52477203318706,37.069407841827
Pentax,K-5 II,829,100,85.0,38.047251237013,14.920490681181569,37.177233311066
Pentax,K-5 II,829,100,85.0,39.056333789399,15.316209329176079,37.282011465608
Pentax,K-5 II,829,100,85.0,40.065416341785,15.711927977170589,37.383898938217
Pentax,K-5 II,829,100,85.0,41.074498894171,16.1076466251651,37.483040647451
Pentax,K-5 II,829,100,85.0,42.083581446557,16.503365273159606,37.579570936933
Pentax,K-5 II,829,100,85.0,43.092663998943,16.89908392115412,37.673614579407
Pentax,K-5 II,829,100,85.0,44.101746551329,17.29480256914863,37.765287664387
Pentax,K-5 II,829,100,85.0,45.110829103715,17.690521217143136,37.854698385241
Pentax,K-5 II,829,100,85.0,46.119911656101,18.08623986513765,37.941947739064
Pentax,K-5 II,829,100,85.0,47.128994208487,18.481958513132156,38.027130150697
Pentax,K-5 II,829,100,85.0,48.138076760873,18.877677161126666,38.110334030535
Pentax,K-5 II,829,100,85.0,49.147159313259,19.273395809121176,38.191642274401
Pentax,K-5 II,829,100,85.0,50.156241865645,19.669114457115686,38.271132712532
Pentax,K-5 II,829,100,85.0,51.165324418031,20.064833105110193,38.348878513793
Pentax,K-5 II,829,100,85.0,52.174406970417,20.46055175310471,38.424948550363
Pentax,K-5 II,829,100,85.0,53.183489522803,20.856270401099216,38.499407727432
Pentax,K-5 II,829,100,85.0,54.192572075189,21.251989049093726,38.57231728189
Pentax,K-5 II,829,100,85.0,55.201654627575,21.647707697088237,38.643735053405
Pentax,K-5 II,829,100,85.0,56.210737179961,22.043426345082747,38.713715730935
Pentax,K-5 II,829,100,85.0,57.219819732347,22.439144993077253,38.782311077266
Pentax,K-5 II,829,100,85.0,58.228902284733,22.834863641071763,38.849570133912
Pentax,K-5 II,829,100,85.0,59.237984837119,23.230582289066277,38.91553940838
Pentax,K-5 II,829,100,85.0,60.247067389505,23.626300937060783,38.980263045606
Pentax,K-5 II,829,100,85.0,61.256149941891,24.022019585055297,39.043782985136
Pentax,K-5 II,829,100,85.0,62.265232494277,24.417738233049803,39.106139105451
Pentax,K-5 II,829,100,85.0,63.274315046663,24.813456881044313,39.167369356672
Pentax,K-5 II,829,100,85.0,64.283397599049,25.209175529038824,39.227509882762
Pentax,K-5 II,829,100,85.0,65.292480151435,25.604894177033334,39.286595134199
Pentax,K-5 II,829,100,85.0,66.301562703821,26.000612825027847,39.344657971993
Pentax,K-5 II,829,100,85.0,67.310645256207,26.39633147302235,39.401729763848
Pentax,K-5 II,829,100,85.0,68.319727808593,26.792050121016864,39.457840473156
Pentax,K-5 II,829,100,85.0,69.328810360979,27.187768769011374,39.513018741458
Pentax,K-5 II,829,100,85.0,70.337892913365,27.58348741700588,39.567291964949
Pentax,K-5 II,829,100,85.0,71.346975465751,27.979206065000394,39.620686365519
Pentax,K-5 II,829,100,85.0,72.356058018137,28.374924712994904,39.673227056807
Pentax,K-5 II,829,100,85.0,73.365140570523,28.77064336098941,39.724938105674
Pentax,K-5 II,829,100,85.0,74.374223122909,29.16636200898392,39.775842589472
Pentax,K-5 II,829,100,85.0,75.383305675295,29.562080656978434,39.825962649453
Pentax,K-5 II,829,100,85.0,76.392388227681,29.957799304972937,39.87531954062
Pentax,K-5 II,829,100,85.0,77.401470780067,30.35351795296745,39.923933678308
Pentax,K-5 II,829,100,85.0,78.410553332453,30.749236600961964,39.971824681741
Pentax,K-5 II,829,100,85.0,79.419635884838,31.14495524895608,40.019011414804
Pentax,K-5 II,829,100,85.0,80.428718437224,31.540673896950587,40.065512024241
Pentax,K-5 II,829,100,85.0,81.43780098961,31.936392544945097,40.111343975463
Pentax,K-5 II,829,100,85.0,82.446883541996,32.332111192939614,40.156524086158
Pentax,K-5 II,829,100,85.0,83.455966094382,32.72782984093412,40.201068557844
Pentax,K-5 II,829,100,85.0,84.465048646768,33.12354848892863,40.244993005535
Pentax,K-5 II,829,100,85.0,85.474131199154,33.51926713692313,40.288312485636
Pentax,K-5 II,829,100,85.0,86.48321375154,33.91498578491765,40.331041522203
Pentax,K-5 II,829,100,85.0,87.492296303926,34.31070443291215,40.37319413168
Pentax,K-5 II,829,100,85.0,88.501378856312,34.70642308090667,40.414783846212
Pentax,K-5 II,829,100,85.0,89.510461408698,35.10214172890118,40.455823735636
Pentax,K-5 II,829,100,85.0,90.519543961084,35.49786037689569,40.496326428247
Pentax,K-5 II,829,100,85.0,91.52862651347,35.8935790248902,40.536304130396
Pentax,K-5 II,829,100,85.0,92.537709065856,36.28929767288471,40.575768645028
Pentax,K-5 II,829,100,85.0,93.546791618242,36.685016320879214,40.614731389206
Pentax,K-5 II,829,100,85.0,94.555874170628,37.08073496887373,40.653203410693
Pentax,K-5 II,829,100,85.0,95.564956723014,37.47645361686824,40.691195403658
Pentax,K-5 II,829,100,85.0,96.5740392754,37.87217226486274,40.728717723556
Pentax,K-5 II,829,100,85.0,97.583121827786,38.267890912857254,40.765780401226
Pentax,K-5 II,829,100,85.0,98.592204380172,38.66360956085177,40.802393156277
Pentax,K-5 II,829,100,85.0,99.601286932558,39.059328208846274,40.838565409776
Pentax,K-5 II,829,100,85.0,100.61036948494,39.45504685683922,40.874306296313
Pentax,K-5 II,829,100,85.0,101.61945203733,39.850765504835294,40.909624675448
Pentax,K-5 II,829,100,85.0,102.62853458972,40.24648415283137,40.944529142599
Pentax,K-5 II,829,100,85.0,103.6376171421,40.642202800823526,40.979028039402
Pentax,K-5 II,829,100,85.0,104.64669969449,41.03792144881961,41.013129463557
Pentax,K-5 II,829,100,85.0,105.65578224687,41.433640096811764,41.046841278211
Pentax,K-5 II,829,100,85.0,106.66486479926,41.82935874480784,41.080171120888
Pentax,K-5 II,829,100,85.0,107.67394735165,42.225077392803925,41.113126412006
Pentax,K-5 II,829,100,85.0,108.68302990403,42.62079604079608,41.145714362985
Pentax,K-5 II,829,100,85.0,109.69211245642,43.01651468879216,41.177941983995
Pentax,K-5 II,829,100,85.0,110.7011950088,43.41223333678431,41.209816091332
Pentax,K-5 II,829,100,85.0,111.71027756119,43.80795198478039,41.241343314473
Pentax,K-5 II,829,100,85.0,112.71936011358,44.20367063277647,41.272530102809
Pentax,K-5 II,829,100,85.0,113.72844266596,44.599389280768634,41.303382732073
Pentax,K-5 II,829,100,85.0,114.73752521835,44.9951079287647,41.33390731049
Pentax,K-5 II,829,100,85.0,115.74660777073,45.39082657675686,41.364109784656
Pentax,K-5 II,829,100,85.0,116.75569032312,45.78654522475294,41.393995945159
Pentax,K-5 II,829,100,85.0,117.76477287551,46.182263872749026,41.423571431961
Pentax,K-5 II,829,100,85.0,118.77385542789,46.57798252074117,41.45284173955
Pentax,K-5 II,829,100,85.0,119.78293798028,46.97370116873725,41.481812221871
Pentax,K-5 II,829,100,85.0,120.79202053266,47.36941981672941,41.510488097051
Pentax,K-5 II,829,100,85.0,121.80110308505,47.765138464725496,41.538874451934
Pentax,K-5 II,829,100,85.0,122.81018563744,48.160857112721565,41.566976246415
Pentax,K-5 II,829,100,85.0,123.81926818982,48.55657576071372,41.594798317611
Pentax,K-5 II,829,100,85.0,124.82835074221,48.952294408709804,41.622345383853
Pentax,K-5 II,829,100,85.0,125.83743329459,49.34801305670196,41.649622048518
Pentax,K-5 II,829,100,85.0,126.84651584698,49.74373170469804,41.676632803717
Pentax,K-5 II,829,100,85.0,127.85559839937,50.13945035269411,41.703382033823
Pentax,K-5 II,829,100,85.0,128.86468095175,50.535169000686274,41.729874018868
Pentax,K-5 II,829,100,85.0,129.87376350414,50.930887648682344,41.75611293781
Pentax,K-5 II,829,100,85.0,130.88284605652,51.32660629667451,41.782102871668
Pentax,K-5 II,829,100,85.0,131.89192860891,51.722324944670596,41.807847806536
Pentax,K-5 II,829,100,85.0,132.9010111613,52.11804359266667,41.833351636486
Pentax,K-5 II,829,100,85.0,133.91009371368,52.51376224065882,41.858618166363
Pentax,K-5 II,829,100,85.0,134.91917626607,52.909480888654905,41.883651114464
Pentax,K-5 II,829,100,85.0,135.92825881845,53.30519953664705,41.90845411513
Pentax,K-5 II,829,100,85.0,136.93734137084,53.70091818464313,41.933030721237
Pentax,K-5 II,829,100,85.0,137.94642392323,54.09663683263921,41.957384406591
Pentax,K-5 II,829,100,85.0,138.95550647561,54.492355480631375,41.981518568242
Pentax,K-5 II,829,100,85.0,139.964589028,54.88807412862745,42.005436528713
Pentax,K-5 II,829,100,85.0,140.97367158038,55.28379277661961,42.029141538146
Pentax,K-5 II,829,100,85.0,141.98275413277,55.67951142461569,42.052636776371
Pentax,K-5 II,829,100,85.0,142.99183668516,56.07523007261176,42.07592535491
Pentax,K-5 II,829,100,85.0,144.00091923754,56.47094872060392,42.099010318899
Pentax,K-5 II,829,100,85.0,145.01000178993,56.8666673686,42.121894648948
Pentax,K-5 II,829,100,85.0,146.01908434231,57.26238601659216,42.14458126294
Pentax,K-5 II,829,100,85.0,147.0281668947,57.65810466458824,42.167073017761
Pentax,K-5 II,829,100,85.0,148.03724944709,58.05382331258432,42.189372710977
Pentax,K-5 II,829,100,85.0,149.04633199947,58.44954196057647,42.211483082448
Pentax,K-5 II,829,100,85.0,150.05541455186,58.845260608572545,42.233406815895
Pentax,K-5 II,829,100,85.0,151.06449710424,59.24097925656471,42.255146540405
Pentax,K-5 II,829,100,85.0,152.07357965663,59.636697904560776,42.276704831896
Pentax,K-5 II,829,100,85.0,153.08266220902,60.03241655255685,42.298084214523
Pentax,K-5 II,829,100,85.0,154.0917447614,60.42813520054903,42.319287162049
Pentax,K-5 II,829,100,85.0,155.10082731379,60.8238538485451,42.340316099162
Pentax,K-5 II,829,100,85.0,156.10990986617,61.21957249653725,42.361173402753
Pentax,K-5 II,829,100,85.0,157.11899241856,61.61529114453334,42.381861403151
Pentax,K-5 II,829,100,85.0,158.12807497095,62.011009792529414,42.402382385325
Pentax,K-5 II,829,100,85.0,159.13715752333,62.40672844052156,42.422738590036
Pentax,K-5 II,829,100,85.0,160.14624007572,62.802447088517646,42.442932214963
Pentax,K-5 II,829,100,85.0,161.1553226281,63.19816573650981,42.46296541579
Pentax,K-5 II,829,100,85.0,162.16440518049,63.593884384505884,42.482840307257
Pentax,K-5 II,829,100,85.0,163.17348773288,63.98960303250196,42.50255896418
Pentax,K-5 II,829,100,85.0,164.18257028526,64.38532168049412,42.522123422441
Pentax,K-5 II,829,100,85.0,165.19165283765,64.78104032849019,42.541535679945
Pentax,K-5 II,829,100,85.0,166.20073539003,65.17675897648235,42.560797697551
Pentax,K-5 II,829,100,85.0,167.20981794242,65.57247762447844,42.579911399969
Pentax,K-5 II,829,100,85.0,168.21890049481,65.9681962724745,42.598878676637
Pentax,K-5 II,829,100,85.0,169.22798304719,66.36391492046667,42.617701382569
Pentax,K-5 II,829,100,85.0,170.23706559958,66.75963356846275,42.636381339175
Pentax,K-5 II,829,100,85.0,171.24614815196,67.1553522164549,42.65492033506
Pentax,K-5 II,829,100,85.0,172.25523070435,67.55107086445098,42.673320126797
Pentax,K-5 II,829,100,85.0,173.26431325674,67.94678951244705,42.691582439684
Pentax,K-5 II,829,100,85.0,174.27339580912,68.34250816043921,42.709708968467
Pentax,K-5 II,829,100,85.0,175.28247836151,68.73822680843529,42.727701378054
Pentax,K-5 II,829,100,85.0,176.29156091389,69.13394545642745,42.745561304201
Pentax,K-5 II,829,100,85.0,177.30064346628,69.52966410442353,42.763290354181
Pentax,K-5 II,829,100,85.0,178.30972601867,69.92538275241961,42.780890107436
Pentax,K-5 II,829,100,85.0,179.31880857105,70.32110140041176,42.798362116206
Pentax,K-5 II,829,100,85.0,180.32789112344,70.71682004840784,42.815707906143
Pentax,K-5 II,829,100,85.0,181.33697367582,71.1125386964,42.832928976909
Pentax,K-5 II,829,100,85.0,182.34605622821,71.50825734439607,42.850026802754
Pentax,K-5 II,829,100,85.0,183.3551387806,71.90397599239216,42.867002833082
Pentax,K-5 II,829,100,85.0,184.36422133298,72.29969464038432,42.883858492998
Pentax,K-5 II,829,100,85.0,185.37330388537,72.6954132883804,42.900595183842
Pentax,K-5 II,829,100,85.0,186.38238643775,73.09113193637255,42.917214283707
Pentax,K-5 II,829,100,85.0,187.39146899014,73.48685058436863,42.933717147945
Pentax,K-5 II,829,100,85.0,188.40055154253,73.8825692323647,42.950105109659
Pentax,K-5 II,829,100,85.0,189.40963409491,74.27828788035686,42.96637948018
Pentax,K-5 II,829,100,85.0,190.4187166473,74.67400652835293,42.98254154953
Pentax,K-5 II,829,100,85.0,191.42779919968,75.0697251763451,42.998592586881
Pentax,K-5 II,829,100,85.0,192.43688175207,75.46544382434118,43.014533840991
Pentax,K-5 II,829,100,85.0,193.44596430446,75.86116247233726,43.030366540636
Pentax,K-5 II,829,100,85.0,194.45504685684,76.25688112032941,43.046091895028
Pentax,K-5 II,829,100,85.0,195.46412940923,76.65259976832549,43.061711094222
Pentax,K-5 II,829,100,85.0,196.47321196161,77.04831841631764,43.077225309514
Pentax,K-5 II,829,100,85.0,197.482294514,77.44403706431372,43.092635693827
Pentax,K-5 II,829,100,85.0,198.49137706639,77.8397557123098,43.107943382088
Pentax,K-5 II,829,100,85.0,199.50045961877,78.23547436030196,43.123149491597
Pentax,K-5 II,829,100,85.0,200.50954217116,78.63119300829804,43.138255122383
Pentax,K-5 II,829,100,85.0,201.51862472354,79.0269116562902,43.153261357553
Pentax,K-5 II,829,100,85.0,202.52770727593,79.42263030428627,43.168169263635
Pentax,K-5 II,829,100,85.0,203.53678982832,79.81834895228235,43.182979890908
Pentax,K-5 II,829,100,85.0,204.5458723807,80.2140676002745,43.197694273724
Pentax,K-5 II,829,100,85.0,205.55495493309,80.60978624827058,43.212313430828
Pentax,K-5 II,829,100,85.0,206.56403748547,81.00550489626275,43.226838365661
Pentax,K-5 II,829,100,85.0,207.57312003786,81.40122354425883,43.241270066665
Pentax,K-5 II,829,100,85.0,208.58220259025,81.7969421922549,43.255609507572
Pentax,K-5 II,829,100,85.0,209.59128514263,82.19266084024706,43.269857647695
Pentax,K-5 II,829,100,85.0,210.60036769502,82.58837948824313,43.2840154322
Pentax,K-5 II,829,100,85.0,211.6094502474,82.98409813623529,43.298083792386
Pentax,K-5 II,829,100,85.0,212.61853279979,83.37981678423137,43.312063645946
Pentax,K-5 II,829,100,85.0,213.62761535218,83.77553543222744,43.325955897227
Pentax,K-5 II,829,100,85.0,214.63669790456,84.17125408021961,43.339761437487
Pentax,K-5 II,829,100,85.0,215.64578045695,84.56697272821569,43.353481145139
Pentax,K-5 II,829,100,85.0,216.65486300933,84.96269137620784,43.367115885992
Pentax,K-5 II,829,100,85.0,217.66394556172,85.35841002420392,43.380666513493
Pentax,K-5 II,829,100,85.0,218.67302811411,85.7541286722,43.39413386895
Pentax,K-5 II,829,100,85.0,219.68211066649,86.14984732019215,43.407518781763
Pentax,K-5 II,829,100,85.0,220.69119321888,86.54556596818823,43.420822069641
Pentax,K-5 II,829,100,85.0,221.70027577126,86.9412846161804,43.434044538819
Pentax,K-5 II,829,100,85.0,222.70935832365,87.33700326417647,43.447186984265
Pentax,K-5 II,829,100,85.0,223.71844087604,87.73272191217255,43.460250189892
Pentax,K-5 II,829,100,85.0,224.72752342842,88.1284405601647,43.47323492875
Pentax,K-5 II,829,100,85.0,225.73660598081,88.52415920816078,43.48614196323
Pentax,K-5 II,829,100,85.0,226.74568853319,88.91987785615294,43.498972045252
Pentax,K-5 II,829,100,85.0,227.75477108558,89.31559650414901,43.511725916452
Pentax,K-5 II,829,100,85.0,228.76385363797,89.71131515214509,43.524404308369
Pentax,K-5 II,829,100,85.0,229.77293619035,90.10703380013726,43.53700794262
Pentax,K-5 II,829,100,85.0,230.78201874274,90.50275244813334,43.54953753108
Pentax,K-5 II,829,100,85.0,231.79110129512,90.89847109612549,43.561993776049
Pentax,K-5 II,829,100,85.0,232.80018384751,91.29418974412157,43.574377370423
Pentax,K-5 II,829,100,85.0,233.8092663999,91.68990839211764,43.586688997859
Pentax,K-5 II,829,100,85.0,234.81834895228,92.0856270401098,43.598929332932
Pentax,K-5 II,829,100,85.0,235.82743150467,92.48134568810588,43.611099041295
Pentax,K-5 II,829,100,85.0,236.83651405705,92.87706433609804,43.623198779832
Pentax,K-5 II,829,100,85.0,237.84559660944,93.27278298409412,43.63522919681
Pentax,K-5 II,829,100,85.0,238.85467916183,93.6685016320902,43.647190932025
Pentax,K-5 II,829,100,85.0,239.86376171421,94.06422028008235,43.659084616944
Pentax,K-5 II,829,100,85.0,240.8728442666,94.45993892807843,43.670910874852
Pentax,K-5 II,829,100,85.0,241.88192681898,94.85565757607058,43.682670320985
Pentax,K-5 II,829,100,85.0,242.89100937137,95.25137622406666,43.694363562667
Pentax,K-5 II,829,100,85.0,243.90009192375,95.64709487205883,43.705991199445
Pentax,K-5 II,829,100,85.0,244.90917447614,96.0428135200549,43.717553823215
Pentax,K-5 II,829,100,85.0,245.91825702853,96.43853216805098,43.72905201835
Pentax,K-5 II,829,100,85.0,246.92733958091,96.83425081604314,43.740486361829
Pentax,K-5 II,829,100,85.0,247.9364221333,97.22996946403921,43.75185742335
Pentax,K-5 II,829,100,85.0,248.94550468568,97.62568811203137,43.763165765461
Pentax,K-5 II,829,100,85.0,249.95458723807,98.02140676002745,43.774411943665
Pentax,K-5 II,829,100,85.0,250.96366979046,98.41712540802352,43.785596506543
Pentax,K-5 II,829,100,85.0,251.97275234284,98.81284405601569,43.796719995867
Pentax,K-5 II,829,100,85.0,252.98183489523,99.20856270401177,43.807782946701
Pentax,K-5 II,829,100,85.0,253.99091744761,99.60428135200392,43.818785887519
Pentax,K-5 II,829,100,85.0,255,100.0,43.829729340307
Pentax,K-5 II,829,200,179.0,0.047193757472593,0.0185073558716051,0
Pentax,K-5 II,829,200,179.0,0.083124683415766,0.032597915065006276,4.065426193467
Pentax,K-5 II,829,200,179.0,0.15801627624399,0.061967167154505884,8.2740459001853
Pentax,K-5 II,829,200,179.0,0.34739107586272,0.13623179445596864,12.851209562261
Pentax,K-5 II,829,200,179.0,0.56874534154231,0.2230373888401216,15.44442375257
Pentax,K-5 II,829,200,179.0,1.0884470850959,0.4268419941552549,18.634278817549
Pentax,K-5 II,829,200,179.0,2.1457382217091,0.8414659692976864,21.7920211476
Pentax,K-5 II,829,200,179.0,4.7637955122226,1.8681551028323924,25.36869023867
Pentax,K-5 II,829,200,179.0,7.7747746654335,3.048931241346471,27.520996529784
Pentax,K-5 II,829,200,179.0,8.7838572178195,3.4446498893409805,28.053088096231
Pentax,K-5 II,829,200,179.0,9.7929397702055,3.84036853733549,28.525951296084
Pentax,K-5 II,829,200,179.0,10.802022322591,4.236087185329803,28.951353101726
Pentax,K-5 II,829,200,179.0,11.811104874977,4.6318058333243135,29.33786949975
Pentax,K-5 II,829,200,179.0,12.820187427363,5.027524481318824,29.691944051208
Pentax,K-5 II,829,200,179.0,13.829269979749,5.423243129313334,30.018540975964
Pentax,K-5 II,829,200,179.0,14.838352532135,5.818961777307843,30.321565929346
Pentax,K-5 II,829,200,179.0,15.847435084521,6.214680425302353,30.604147069942
Pentax,K-5 II,829,200,179.0,16.856517636907,6.610399073296863,30.86882862865
Pentax,K-5 II,829,200,179.0,17.865600189293,7.006117721291373,31.117707756266
Pentax,K-5 II,829,200,179.0,18.874682741679,7.401836369285881,31.352533494081
Pentax,K-5 II,829,200,179.0,19.883765294065,7.797555017280393,31.574779789954
Pentax,K-5 II,829,200,179.0,20.892847846451,8.193273665274903,31.785700321667
Pentax,K-5 II,829,200,179.0,21.901930398837,8.588992313269411,31.986370309553
Pentax,K-5 II,829,200,179.0,22.911012951223,8.984710961263922,32.177718856167
Pentax,K-5 II,829,200,179.0,23.920095503609,9.380429609258432,32.360554277047
Pentax,K-5 II,829,200,179.0,24.929178055995,9.776148257252942,32.535584169829
Pentax,K-5 II,829,200,179.0,25.938260608381,10.171866905247452,32.703431481063
Pentax,K-5 II,829,200,179.0,26.947343160767,10.56758555324196,32.864647491847
Pentax,K-5 II,829,200,179.0,27.956425713153,10.96330420123647,33.019722405221
Pentax,K-5 II,829,200,179.0,28.965508265539,11.35902284923098,33.169094047917
Pentax,K-5 II,829,200,179.0,29.974590817925,11.75474149722549,33.313155075641
Pentax,K-5 II,829,200,179.0,30.983673370311,12.15046014522,33.45225898046
Pentax,K-5 II,829,200,179.0,31.992755922697,12.54617879321451,33.586725131596
Pentax,K-5 II,829,200,179.0,33.001838475083,12.941897441209019,33.716843030459
Pentax,K-5 II,829,200,179.0,34.010921027469,13.33761608920353,33.84287592245
Pentax,K-5 II,829,200,179.0,35.020003579855,13.733334737198039,33.965063878815
Pentax,K-5 II,829,200,179.0,36.029086132241,14.129053385192547,34.08362643919
Pentax,K-5 II,829,200,179.0,37.038168684627,14.52477203318706,34.198764887913
Pentax,K-5 II,829,200,179.0,38.047251237013,14.920490681181569,34.310664223366
Pentax,K-5 II,829,200,179.0,39.056333789399,15.316209329176079,34.419494868724
Pentax,K-5 II,829,200,179.0,40.065416341785,15.711927977170589,34.525414163806
Pentax,K-5 II,829,200,179.0,41.074498894171,16.1076466251651,34.628567670819
Pentax,K-5 II,829,200,179.0,42.083581446557,16.503365273159606,34.72909032116
Pentax,K-5 II,829,200,179.0,43.092663998943,16.89908392115412,34.827107425951
Pentax,K-5 II,829,200,179.0,44.101746551329,17.29480256914863,34.922735569288
Pentax,K-5 II,829,200,179.0,45.110829103715,17.690521217143136,35.016083400162
Pentax,K-5 II,829,200,179.0,46.119911656101,18.08623986513765,35.107252336548
Pentax,K-5 II,829,200,179.0,47.128994208487,18.481958513132156,35.196337193086
Pentax,K-5 II,829,200,179.0,48.138076760873,18.877677161126666,35.283426742111
Pentax,K-5 II,829,200,179.0,49.147159313259,19.273395809121176,35.36860421633
Pentax,K-5 II,829,200,179.0,50.156241865645,19.669114457115686,35.451947760298
Pentax,K-5 II,829,200,179.0,51.165324418031,20.064833105110193,35.533530836806
Pentax,K-5 II,829,200,179.0,52.174406970417,20.46055175310471,35.613422593504
Pentax,K-5 II,829,200,179.0,53.183489522803,20.856270401099216,35.691688194314
Pentax,K-5 II,829,200,179.0,54.192572075189,21.251989049093726,35.768389119632
Pentax,K-5 II,829,200,179.0,55.201654627575,21.647707697088237,35.843583438774
Pentax,K-5 II,829,200,179.0,56.210737179961,22.043426345082747,35.917326057686
Pentax,K-5 II,829,200,179.0,57.219819732347,22.439144993077253,35.989668944575
Pentax,K-5 II,829,200,179.0,58.228902284733,22.834863641071763,36.060661335773
Pentax,K-5 II,829,200,179.0,59.237984837119,23.230582289066277,36.130349923877
Pentax,K-5 II,829,200,179.0,60.247067389505,23.626300937060783,36.198779029972
Pentax,K-5 II,829,200,179.0,61.256149941891,24.022019585055297,36.265990761514
Pentax,K-5 II,829,200,179.0,62.265232494277,24.417738233049803,36.332025157297
Pentax,K-5 II,829,200,179.0,63.274315046663,24.813456881044313,36.396920320738
Pentax,K-5 II,829,200,179.0,64.283397599049,25.209175529038824,36.460712542602
Pentax,K-5 II,829,200,179.0,65.292480151435,25.604894177033334,36.523436414149
Pentax,K-5 II,829,200,179.0,66.301562703821,26.000612825027847,36.585124931588
Pentax,K-5 II,829,200,179.0,67.310645256207,26.39633147302235,36.645809592629
Pentax,K-5 II,829,200,179.0,68.319727808593,26.792050121016864,36.705520485837
Pentax,K-5 II,829,200,179.0,69.328810360979,27.187768769011374,36.764286373427
Pentax,K-5 II,829,200,179.0,70.337892913365,27.58348741700588,36.82213476806
Pentax,K-5 II,829,200,179.0,71.346975465751,27.979206065000394,36.879092004168
Pentax,K-5 II,829,200,179.0,72.356058018137,28.374924712994904,36.935183304254
Pentax,K-5 II,829,200,179.0,73.365140570523,28.77064336098941,36.990432840601
Pentax,K-5 II,829,200,179.0,74.374223122909,29.16636200898392,37.044863792752
Pentax,K-5 II,829,200,179.0,75.383305675295,29.562080656978434,37.098498401115
Pentax,K-5 II,829,200,179.0,76.392388227681,29.957799304972937,37.151358016997
Pentax,K-5 II,829,200,179.0,77.401470780067,30.35351795296745,37.203463149348
Pentax,K-5 II,829,200,179.0,78.410553332453,30.749236600961964,37.254833508478
Pentax,K-5 II,829,200,179.0,79.419635884838,31.14495524895608,37.305488046966
Pentax,K-5 II,829,200,179.0,80.428718437224,31.540673896950587,37.355444997993
Pentax,K-5 II,829,200,179.0,81.43780098961,31.936392544945097,37.404721911275
Pentax,K-5 II,829,200,179.0,82.446883541996,32.332111192939614,37.453335686777
Pentax,K-5 II,829,200,179.0,83.455966094382,32.72782984093412,37.501302606385
Pentax,K-5 II,829,200,179.0,84.465048646768,33.12354848892863,37.548638363661
Pentax,K-5 II,829,200,179.0,85.474131199154,33.51926713692313,37.595358091831
Pentax,K-5 II,829,200,179.0,86.48321375154,33.91498578491765,37.641476390132
Pentax,K-5 II,829,200,179.0,87.492296303926,34.31070443291215,37.687007348627
Pentax,K-5 II,829,200,179.0,88.501378856312,34.70642308090667,37.731964571592
Pentax,K-5 II,829,200,179.0,89.510461408698,35.10214172890118,37.77636119958
Pentax,K-5 II,829,200,179.0,90.519543961084,35.49786037689569,37.820209930243
Pentax,K-5 II,829,200,179.0,91.52862651347,35.8935790248902,37.863523038003
Pentax,K-5 II,829,200,179.0,92.537709065856,36.28929767288471,37.906312392634
Pentax,K-5 II,829,200,179.0,93.546791618242,36.685016320879214,37.948589476848
Pentax,K-5 II,829,200,179.0,94.555874170628,37.08073496887373,37.990365402925
Pentax,K-5 II,829,200,179.0,95.564956723014,37.47645361686824,38.031650928463
Pentax,K-5 II,829,200,179.0,96.5740392754,37.87217226486274,38.072456471306
Pentax,K-5 II,829,200,179.0,97.583121827786,38.267890912857254,38.11279212368
Pentax,K-5 II,829,200,179.0,98.592204380172,38.66360956085177,38.152667665622
Pentax,K-5 II,829,200,179.0,99.601286932558,39.059328208846274,38.192092577702
Pentax,K-5 II,829,200,179.0,100.61036948494,39.45504685683922,38.231076053121
Pentax,K-5 II,829,200,179.0,101.61945203733,39.850765504835294,38.269627009196
Pentax,K-5 II,829,200,179.0,102.62853458972,40.24648415283137,38.307754098277
Pentax,K-5 II,829,200,179.0,103.6376171421,40.642202800823526,38.34546571813
Pentax,K-5 II,829,200,179.0,104.64669969449,41.03792144881961,38.38277002182
Pentax,K-5 II,829,200,179.0,105.65578224687,41.433640096811764,38.419674927115
Pentax,K-5 II,829,200,179.0,106.66486479926,41.82935874480784,38.456188125442
Pentax,K-5 II,829,200,179.0,107.67394735165,42.225077392803925,38.492317090427
Pentax,K-5 II,829,200,179.0,108.68302990403,42.62079604079608,38.528069086026
Pentax,K-5 II,829,200,179.0,109.69211245642,43.01651468879216,38.563451174291
Pentax,K-5 II,829,200,179.0,110.7011950088,43.41223333678431,38.598470222772
Pentax,K-5 II,829,200,179.0,111.71027756119,43.80795198478039,38.633132911588
Pentax,K-5 II,829,200,179.0,112.71936011358,44.20367063277647,38.667445740173
Pentax,K-5 II,829,200,179.0,113.72844266596,44.599389280768634,38.701415033731
Pentax,K-5 II,829,200,179.0,114.73752521835,44.9951079287647,38.735046949396
Pentax,K-5 II,829,200,179.0,115.74660777073,45.39082657675686,38.768347482126
Pentax,K-5 II,829,200,179.0,116.75569032312,45.78654522475294,38.801322470345
Pentax,K-5 II,829,200,179.0,117.76477287551,46.182263872749026,38.833977601332
Pentax,K-5 II,829,200,179.0,118.77385542789,46.57798252074117,38.86631841639
Pentax,K-5 II,829,200,179.0,119.78293798028,46.97370116873725,38.898350315792
Pentax,K-5 II,829,200,179.0,120.79202053266,47.36941981672941,38.930078563515
Pentax,K-5 II,829,200,179.0,121.80110308505,47.765138464725496,38.961508291787
Pentax,K-5 II,829,200,179.0,122.81018563744,48.160857112721565,38.992644505435
Pentax,K-5 II,829,200,179.0,123.81926818982,48.55657576071372,39.023492086063
Pentax,K-5 II,829,200,179.0,124.82835074221,48.952294408709804,39.054055796058
Pentax,K-5 II,829,200,179.0,125.83743329459,49.34801305670196,39.084340282432
Pentax,K-5 II,829,200,179.0,126.84651584698,49.74373170469804,39.114350080515
Pentax,K-5 II,829,200,179.0,127.85559839937,50.13945035269411,39.144089617496
Pentax,K-5 II,829,200,179.0,128.86468095175,50.535169000686274,39.173563215831
Pentax,K-5 II,829,200,179.0,129.87376350414,50.930887648682344,39.202775096513
Pentax,K-5 II,829,200,179.0,130.88284605652,51.32660629667451,39.231729382215
Pentax,K-5 II,829,200,179.0,131.89192860891,51.722324944670596,39.26043010032
Pentax,K-5 II,829,200,179.0,132.9010111613,52.11804359266667,39.288881185823
Pentax,K-5 II,829,200,179.0,133.91009371368,52.51376224065882,39.317086484134
Pentax,K-5 II,829,200,179.0,134.91917626607,52.909480888654905,39.34504975377
Pentax,K-5 II,829,200,179.0,135.92825881845,53.30519953664705,39.372774668949
Pentax,K-5 II,829,200,179.0,136.93734137084,53.70091818464313,39.400264822085
Pentax,K-5 II,829,200,179.0,137.94642392323,54.09663683263921,39.427523726196
Pentax,K-5 II,829,200,179.0,138.95550647561,54.492355480631375,39.45455481722
Pentax,K-5 II,829,200,179.0,139.964589028,54.88807412862745,39.481361456249
Pentax,K-5 II,829,200,179.0,140.97367158038,55.28379277661961,39.507946931682
Pentax,K-5 II,829,200,179.0,141.98275413277,55.67951142461569,39.534314461302
Pentax,K-5 II,829,200,179.0,142.99183668516,56.07523007261176,39.560467194279
Pentax,K-5 II,829,200,179.0,144.00091923754,56.47094872060392,39.586408213102
Pentax,K-5 II,829,200,179.0,145.01000178993,56.8666673686,39.612140535444
Pentax,K-5 II,829,200,179.0,146.01908434231,57.26238601659216,39.637667115963
Pentax,K-5 II,829,200,179.0,147.0281668947,57.65810466458824,39.662990848038
Pentax,K-5 II,829,200,179.0,148.03724944709,58.05382331258432,39.688114565449
Pentax,K-5 II,829,200,179.0,149.04633199947,58.44954196057647,39.713041044001
Pentax,K-5 II,829,200,179.0,150.05541455186,58.845260608572545,39.737773003084
Pentax,K-5 II,829,200,179.0,151.06449710424,59.24097925656471,39.762313107197
Pentax,K-5 II,829,200,179.0,152.07357965663,59.636697904560776,39.786663967402
Pentax,K-5 II,829,200,179.0,153.08266220902,60.03241655255685,39.810828142746
Pentax,K-5 II,829,200,179.0,154.0917447614,60.42813520054903,39.834808141626
Pentax,K-5 II,829,200,179.0,155.10082731379,60.8238538485451,39.858606423117
Pentax,K-5 II,829,200,179.0,156.10990986617,61.21957249653725,39.882225398249
Pentax,K-5 II,829,200,179.0,157.11899241856,61.61529114453334,39.905667431249
Pentax,K-5 II,829,200,179.0,158.12807497095,62.011009792529414,39.928934840741
Pentax,K-5 II,829,200,179.0,159.13715752333,62.40672844052156,39.952029900908
Pentax,K-5 II,829,200,179.0,160.14624007572,62.802447088517646,39.974954842617
Pentax,K-5 II,829,200,179.0,161.1553226281,63.19816573650981,39.997711854508
Pentax,K-5 II,829,200,179.0,162.16440518049,63.593884384505884,40.020303084051
Pentax,K-5 II,829,200,179.0,163.17348773288,63.98960303250196,40.042730638567
Pentax,K-5 II,829,200,179.0,164.18257028526,64.38532168049412,40.064996586223
Pentax,K-5 II,829,200,179.0,165.19165283765,64.78104032849019,40.087102956989
Pentax,K-5 II,829,200,179.0,166.20073539003,65.17675897648235,40.109051743572
Pentax,K-5 II,829,200,179.0,167.20981794242,65.57247762447844,40.130844902321
Pentax,K-5 II,829,200,179.0,168.21890049481,65.9681962724745,40.152484354098
Pentax,K-5 II,829,200,179.0,169.22798304719,66.36391492046667,40.173971985133
Pentax,K-5 II,829,200,179.0,170.23706559958,66.75963356846275,40.195309647848
Pentax,K-5 II,829,200,179.0,171.24614815196,67.1553522164549,40.216499161655
Pentax,K-5 II,829,200,179.0,172.25523070435,67.55107086445098,40.237542313737
Pentax,K-5 II,829,200,179.0,173.26431325674,67.94678951244705,40.258440859796
Pentax,K-5 II,829,200,179.0,174.27339580912,68.34250816043921,40.279196524792
Pentax,K-5 II,829,200,179.0,175.28247836151,68.73822680843529,40.29981100365
Pentax,K-5 II,829,200,179.0,176.29156091389,69.13394545642745,40.32028596195
Pentax,K-5 II,829,200,179.0,177.30064346628,69.52966410442353,40.340623036602
Pentax,K-5 II,829,200,179.0,178.30972601867,69.92538275241961,40.360823836495
Pentax,K-5 II,829,200,179.0,179.31880857105,70.32110140041176,40.380889943128
Pentax,K-5 II,829,200,179.0,180.32789112344,70.71682004840784,40.400822911232
Pentax,K-5 II,829,200,179.0,181.33697367582,71.1125386964,40.420624269364
Pentax,K-5 II,829,200,179.0,182.34605622821,71.50825734439607,40.44029552049
Pentax,K-5 II,829,200,179.0,183.3551387806,71.90397599239216,40.459838142549
Pentax,K-5 II,829,200,179.0,184.36422133298,72.29969464038432,40.479253589007
Pentax,K-5 II,829,200,179.0,185.37330388537,72.6954132883804,40.49854328939
Pentax,K-5 II,829,200,179.0,186.38238643775,73.09113193637255,40.517708649805
Pentax,K-5 II,829,200,179.0,187.39146899014,73.48685058436863,40.536751053444
Pentax,K-5 II,829,200,179.0,188.40055154253,73.8825692323647,40.555671861084
Pentax,K-5 II,829,200,179.0,189.40963409491,74.27828788035686,40.574472411557
Pentax,K-5 II,829,200,179.0,190.4187166473,74.67400652835293,40.593154022228
Pentax,K-5 II,829,200,179.0,191.42779919968,75.0697251763451,40.61171798944
Pentax,K-5 II,829,200,179.0,192.43688175207,75.46544382434118,40.630165588962
Pentax,K-5 II,829,200,179.0,193.44596430446,75.86116247233726,40.64849807642
Pentax,K-5 II,829,200,179.0,194.45504685684,76.25688112032941,40.666716687715
Pentax,K-5 II,829,200,179.0,195.46412940923,76.65259976832549,40.684822639434
Pentax,K-5 II,829,200,179.0,196.47321196161,77.04831841631764,40.702817129246
Pentax,K-5 II,829,200,179.0,197.482294514,77.44403706431372,40.720701336293
Pentax,K-5 II,829,200,179.0,198.49137706639,77.8397557123098,40.738476421568
Pentax,K-5 II,829,200,179.0,199.50045961877,78.23547436030196,40.756143528281
Pentax,K-5 II,829,200,179.0,200.50954217116,78.63119300829804,40.773703782223
Pentax,K-5 II,829,200,179.0,201.51862472354,79.0269116562902,40.791158292111
Pentax,K-5 II,829,200,179.0,202.52770727593,79.42263030428627,40.808508149937
Pentax,K-5 II,829,200,179.0,203.53678982832,79.81834895228235,40.825754431292
Pentax,K-5 II,829,200,179.0,204.5458723807,80.2140676002745,40.8428981957
Pentax,K-5 II,829,200,179.0,205.55495493309,80.60978624827058,40.859940486929
Pentax,K-5 II,829,200,179.0,206.56403748547,81.00550489626275,40.876882333302
Pentax,K-5 II,829,200,179.0,207.57312003786,81.40122354425883,40.893724747998
Pentax,K-5 II,829,200,179.0,208.58220259025,81.7969421922549,40.910468729349
Pentax,K-5 II,829,200,179.0,209.59128514263,82.19266084024706,40.927115261124
Pentax,K-5 II,829,200,179.0,210.60036769502,82.58837948824313,40.94366531281
Pentax,K-5 II,829,200,179.0,211.6094502474,82.98409813623529,40.960119839887
Pentax,K-5 II,829,200,179.0,212.61853279979,83.37981678423137,40.976479784094
Pentax,K-5 II,829,200,179.0,213.62761535218,83.77553543222744,40.99274607369
Pentax,K-5 II,829,200,179.0,214.63669790456,84.17125408021961,41.008919623709
Pentax,K-5 II,829,200,179.0,215.64578045695,84.56697272821569,41.025001336206
Pentax,K-5 II,829,200,179.0,216.65486300933,84.96269137620784,41.040992100505
Pentax,K-5 II,829,200,179.0,217.66394556172,85.35841002420392,41.056892793433
Pentax,K-5 II,829,200,179.0,218.67302811411,85.7541286722,41.072704279549
Pentax,K-5 II,829,200,179.0,219.68211066649,86.14984732019215,41.088427411376
Pentax,K-5 II,829,200,179.0,220.69119321888,86.54556596818823,41.10406302962
Pentax,K-5 II,829,200,179.0,221.70027577126,86.9412846161804,41.119611963383
Pentax,K-5 II,829,200,179.0,222.70935832365,87.33700326417647,41.135075030378
Pentax,K-5 II,829,200,179.0,223.71844087604,87.73272191217255,41.150453037135
Pentax,K-5 II,829,200,179.0,224.72752342842,88.1284405601647,41.165746779201
Pentax,K-5 II,829,200,179.0,225.73660598081,88.52415920816078,41.180957041339
Pentax,K-5 II,829,200,179.0,226.74568853319,88.91987785615294,41.196084597719
Pentax,K-5 II,829,200,179.0,227.75477108558,89.31559650414901,41.211130212108
Pentax,K-5 II,829,200,179.0,228.76385363797,89.71131515214509,41.226094638055
Pentax,K-5 II,829,200,179.0,229.77293619035,90.10703380013726,41.240978619069
Pentax,K-5 II,829,200,179.0,230.78201874274,90.50275244813334,41.255782888798
Pentax,K-5 II,829,200,179.0,231.79110129512,90.89847109612549,41.270508171199
Pentax,K-5 II,829,200,179.0,232.80018384751,91.29418974412157,41.285155180709
Pentax,K-5 II,829,200,179.0,233.8092663999,91.68990839211764,41.299724622408
Pentax,K-5 II,829,200,179.0,234.81834895228,92.0856270401098,41.314217192184
Pentax,K-5 II,829,200,179.0,235.82743150467,92.48134568810588,41.328633576887
Pentax,K-5 II,829,200,179.0,236.83651405705,92.87706433609804,41.342974454485
Pentax,K-5 II,829,200,179.0,237.84559660944,93.27278298409412,41.357240494217
Pentax,K-5 II,829,200,179.0,238.85467916183,93.6685016320902,41.37143235674
Pentax,K-5 II,829,200,179.0,239.86376171421,94.06422028008235,41.385550694275
Pentax,K-5 II,829,200,179.0,240.8728442666,94.45993892807843,41.399596150747
Pentax,K-5 II,829,200,179.0,241.88192681898,94.85565757607058,41.413569361926
Pentax,K-5 II,829,200,179.0,242.89100937137,95.25137622406666,41.427470955562
Pentax,K-5 II,829,200,179.0,243.90009192375,95.64709487205883,41.441301551519
Pentax,K-5 II,829,200,179.0,244.90917447614,96.0428135200549,41.455061761907
Pentax,K-5 II,829,200,179.0,245.91825702853,96.43853216805098,41.468752191206
Pentax,K-5 II,829,200,179.0,246.92733958091,96.83425081604314,41.482373436395
Pentax,K-5 II,829,200,179.0,247.9364221333,97.22996946403921,41.495926087073
Pentax,K-5 II,829,200,179.0,248.94550468568,97.62568811203137,41.50941072558
Pentax,K-5 II,829,200,179.0,249.95458723807,98.02140676002745,41.522827927114
Pentax,K-5 II,829,200,179.0,250.96366979046,98.41712540802352,41.536178259847
Pentax,K-5 II,829,200,179.0,251.97275234284,98.81284405601569,41.549462285038
Pentax,K-5 II,829,200,179.0,252.98183489523,99.20856270401177,41.562680557142
Pentax,K-5 II,829,200,179.0,253.99091744761,99.60428135200392,41.575833623924
Pentax,K-5 II,829,200,179.0,255,100.0,41.588922026558
Pentax,K-5 II,829,400,360.0,0.083124683415766,0.032597915065006276,0
Pentax,K-5 II,829,400,360.0,0.15801627624399,0.061967167154505884,4.4771086124011
Pentax,K-5 II,829,400,360.0,0.34739107586272,0.13623179445596864,9.3688780704526
Pentax,K-5 II,829,400,360.0,0.56874534154231,0.2230373888401216,12.118665779804
Pentax,K-5 II,829,400,360.0,1.0884470850959,0.4268419941552549,15.456178997356
Pentax,K-5 II,829,400,360.0,2.1457382217091,0.8414659692976864,18.709260265725
Pentax,K-5 II,829,400,360.0,4.7637955122226,1.8681551028323924,22.349580392654
Pentax,K-5 II,829,400,360.0,7.7747746654335,3.048931241346471,24.527693596296
Pentax,K-5 II,829,400,360.0,8.7838572178195,3.4446498893409805,25.065515115414
Pentax,K-5 II,829,400,360.0,9.7929397702055,3.84036853733549,25.543382141409
Pentax,K-5 II,829,400,360.0,10.802022322591,4.236087185329803,25.973261226835
Pentax,K-5 II,829,400,360.0,11.811104874977,4.6318058333243135,26.363860578302
Pentax,K-5 II,829,400,360.0,12.820187427363,5.027524481318824,26.721714825371
Pentax,K-5 II,829,400,360.0,13.829269979749,5.423243129313334,27.05185296022
Pentax,K-5 II,829,400,360.0,14.838352532135,5.818961777307843,27.358227967755
Pentax,K-5 II,829,400,360.0,15.847435084521,6.214680425302353,27.644003395561
Pentax,K-5 II,829,400,360.0,16.856517636907,6.610399073296863,27.911750465972
Pentax,K-5 II,829,400,360.0,17.865600189293,7.006117721291373,28.163587275795
Pentax,K-5 II,829,400,360.0,18.874682741679,7.401836369285881,28.401279370388
Pentax,K-5 II,829,400,360.0,19.883765294065,7.797555017280393,28.62631387855
Pentax,K-5 II,829,400,360.0,20.892847846451,8.193273665274903,28.839955132751
Pentax,K-5 II,829,400,360.0,21.901930398837,8.588992313269411,29.043287059812
Pentax,K-5 II,829,400,360.0,22.911012951223,8.984710961263922,29.237245946852
Pentax,K-5 II,829,400,360.0,23.920095503609,9.380429609258432,29.42264609109
Pentax,K-5 II,829,400,360.0,24.929178055995,9.776148257252942,29.600200110973
Pentax,K-5 II,829,400,360.0,25.938260608381,10.171866905247452,29.770535198828
Pentax,K-5 II,829,400,360.0,26.947343160767,10.56758555324196,29.934206250812
Pentax,K-5 II,829,400,360.0,27.956425713153,10.96330420123647,30.091706567524
Pentax,K-5 II,829,400,360.0,28.965508265539,11.35902284923098,30.243476645441
Pentax,K-5 II,829,400,360.0,29.974590817925,11.75474149722549,30.38991145384
Pentax,K-5 II,829,400,360.0,30.983673370311,12.15046014522,30.53136649991
Pentax,K-5 II,829,400,360.0,31.992755922697,12.54617879321451,30.668162916389
Pentax,K-5 II,829,400,360.0,33.001838475083,12.941897441209019,30.80059175488
Pentax,K-5 II,829,400,360.0,34.010921027469,13.33761608920353,30.928917629161
Pentax,K-5 II,829,400,360.0,35.020003579855,13.733334737198039,31.053381823116
Pentax,K-5 II,829,400,360.0,36.029086132241,14.129053385192547,31.174204954995
Pentax,K-5 II,829,400,360.0,37.038168684627,14.52477203318706,31.291589271902
Pentax,K-5 II,829,400,360.0,38.047251237013,14.920490681181569,31.405720634437
Pentax,K-5 II,829,400,360.0,39.056333789399,15.316209329176079,31.516770240376
Pentax,K-5 II,829,400,360.0,40.065416341785,15.711927977170589,31.624896127515
Pentax,K-5 II,829,400,360.0,41.074498894171,16.1076466251651,31.73024448878
Pentax,K-5 II,829,400,360.0,42.083581446557,16.503365273159606,31.832950827065
Pentax,K-5 II,829,400,360.0,43.092663998943,16.89908392115412,31.933140972669
Pentax,K-5 II,829,400,360.0,44.101746551329,17.29480256914863,32.030931982508
Pentax,K-5 II,829,400,360.0,45.110829103715,17.690521217143136,32.126432937196
Pentax,K-5 II,829,400,360.0,46.119911656101,18.08623986513765,32.219745649623
Pentax,K-5 II,829,400,360.0,47.128994208487,18.481958513132156,32.310965296553
Pentax,K-5 II,829,400,360.0,48.138076760873,18.877677161126666,32.400180983067
Pentax,K-5 II,829,400,360.0,49.147159313259,19.273395809121176,32.487476248253
Pentax,K-5 II,829,400,360.0,50.156241865645,19.669114457115686,32.572929519313
Pentax,K-5 II,829,400,360.0,51.165324418031,20.064833105110193,32.656614520288
Pentax,K-5 II,829,400,360.0,52.174406970417,20.46055175310471,32.738600640734
Pentax,K-5 II,829,400,360.0,53.183489522803,20.856270401099216,32.818953268965
Pentax,K-5 II,829,400,360.0,54.192572075189,21.251989049093726,32.897734093877
Pentax,K-5 II,829,400,360.0,55.201654627575,21.647707697088237,32.975001378837
Pentax,K-5 II,829,400,360.0,56.210737179961,22.043426345082747,33.050810210687
Pentax,K-5 II,829,400,360.0,57.219819732347,22.439144993077253,33.125212726522
Pentax,K-5 II,829,400,360.0,58.228902284733,22.834863641071763,33.198258320595
Pentax,K-5 II,829,400,360.0,59.237984837119,23.230582289066277,33.26999383338
Pentax,K-5 II,829,400,360.0,60.247067389505,23.626300937060783,33.340463724633
Pentax,K-5 II,829,400,360.0,61.256149941891,24.022019585055297,33.409710232031
Pentax,K-5 II,829,400,360.0,62.265232494277,24.417738233049803,33.477773516814
Pentax,K-5 II,829,400,360.0,63.274315046663,24.813456881044313,33.544691797688
Pentax,K-5 II,829,400,360.0,64.283397599049,25.209175529038824,33.610501474108
Pentax,K-5 II,829,400,360.0,65.292480151435,25.604894177033334,33.675237239927
Pentax,K-5 II,829,400,360.0,66.301562703821,26.000612825027847,33.738932188317
Pentax,K-5 II,829,400,360.0,67.310645256207,26.39633147302235,33.801617908732
Pentax,K-5 II,829,400,360.0,68.319727808593,26.792050121016864,33.863324576648
Pentax,K-5 II,829,400,360.0,69.328810360979,27.187768769011374,33.924081036705
Pentax,K-5 II,829,400,360.0,70.337892913365,27.58348741700588,33.983914879822
Pentax,K-5 II,829,400,360.0,71.346975465751,27.979206065000394,34.042852514812
Pentax,K-5 II,829,400,360.0,72.356058018137,28.374924712994904,34.100919234953
Pentax,K-5 II,829,400,360.0,73.365140570523,28.77064336098941,34.158139279934
Pentax,K-5 II,829,400,360.0,74.374223122909,29.16636200898392,34.214535893572
Pentax,K-5 II,829,400,360.0,75.383305675295,29.562080656978434,34.270131377613
Pentax,K-5 II,829,400,360.0,76.392388227681,29.957799304972937,34.324947141963
Pentax,K-5 II,829,400,360.0,77.401470780067,30.35351795296745,34.379003751609
Pentax,K-5 II,829,400,360.0,78.410553332453,30.749236600961964,34.432320970491
Pentax,K-5 II,829,400,360.0,79.419635884838,31.14495524895608,34.484917802572
Pentax,K-5 II,829,400,360.0,80.428718437224,31.540673896950587,34.536812530301
Pentax,K-5 II,829,400,360.0,81.43780098961,31.936392544945097,34.588022750674
Pentax,K-5 II,829,400,360.0,82.446883541996,32.332111192939614,34.638565409077
Pentax,K-5 II,829,400,360.0,83.455966094382,32.72782984093412,34.688456831058
Pentax,K-5 II,829,400,360.0,84.465048646768,33.12354848892863,34.737712752188
Pentax,K-5 II,829,400,360.0,85.474131199154,33.51926713692313,34.786348346148
Pentax,K-5 II,829,400,360.0,86.48321375154,33.91498578491765,34.83437825116
Pentax,K-5 II,829,400,360.0,87.492296303926,34.31070443291215,34.881816594885
Pentax,K-5 II,829,400,360.0,88.501378856312,34.70642308090667,34.928677017891
Pentax,K-5 II,829,400,360.0,89.510461408698,35.10214172890118,34.974972695782
Pentax,K-5 II,829,400,360.0,90.519543961084,35.49786037689569,35.020716360096
Pentax,K-5 II,829,400,360.0,91.52862651347,35.8935790248902,35.065920318027
Pentax,K-5 II,829,400,360.0,92.537709065856,36.28929767288471,35.110596471079
Pentax,K-5 II,829,400,360.0,93.546791618242,36.685016320879214,35.154756332694
Pentax,K-5 II,829,400,360.0,94.555874170628,37.08073496887373,35.198411044942
Pentax,K-5 II,829,400,360.0,95.564956723014,37.47645361686824,35.241571394317
Pentax,K-5 II,829,400,360.0,96.5740392754,37.87217226486274,35.284247826703
Pentax,K-5 II,829,400,360.0,97.583121827786,38.267890912857254,35.326450461568
Pentax,K-5 II,829,400,360.0,98.592204380172,38.66360956085177,35.368189105412
Pentax,K-5 II,829,400,360.0,99.601286932558,39.059328208846274,35.409473264545
Pentax,K-5 II,829,400,360.0,100.61036948494,39.45504685683922,35.45031215721
Pentax,K-5 II,829,400,360.0,101.61945203733,39.850765504835294,35.4907147251
Pentax,K-5 II,829,400,360.0,102.62853458972,40.24648415283137,35.530689644313
Pentax,K-5 II,829,400,360.0,103.6376171421,40.642202800823526,35.57024533576
Pentax,K-5 II,829,400,360.0,104.64669969449,41.03792144881961,35.609389975074
Pentax,K-5 II,829,400,360.0,105.65578224687,41.433640096811764,35.648131502042
Pentax,K-5 II,829,400,360.0,106.66486479926,41.82935874480784,35.686477629587
Pentax,K-5 II,829,400,360.0,107.67394735165,42.225077392803925,35.724435852327
Pentax,K-5 II,829,400,360.0,108.68302990403,42.62079604079608,35.762013454733
Pentax,K-5 II,829,400,360.0,109.69211245642,43.01651468879216,35.799217518911
Pentax,K-5 II,829,400,360.0,110.7011950088,43.41223333678431,35.836054932026
Pentax,K-5 II,829,400,360.0,111.71027756119,43.80795198478039,35.872532393391
Pentax,K-5 II,829,400,360.0,112.71936011358,44.20367063277647,35.908656421232
Pentax,K-5 II,829,400,360.0,113.72844266596,44.599389280768634,35.944433359156
Pentax,K-5 II,829,400,360.0,114.73752521835,44.9951079287647,35.979869382328
Pentax,K-5 II,829,400,360.0,115.74660777073,45.39082657675686,36.014970503386
Pentax,K-5 II,829,400,360.0,116.75569032312,45.78654522475294,36.049742578085
Pentax,K-5 II,829,400,360.0,117.76477287551,46.182263872749026,36.08419131071
Pentax,K-5 II,829,400,360.0,118.77385542789,46.57798252074117,36.118322259256
Pentax,K-5 II,829,400,360.0,119.78293798028,46.97370116873725,36.152140840377
Pentax,K-5 II,829,400,360.0,120.79202053266,47.36941981672941,36.185652334148
Pentax,K-5 II,829,400,360.0,121.80110308505,47.765138464725496,36.218861888605
Pentax,K-5 II,829,400,360.0,122.81018563744,48.160857112721565,36.251774524118
Pentax,K-5 II,829,400,360.0,123.81926818982,48.55657576071372,36.28439513757
Pentax,K-5 II,829,400,360.0,124.82835074221,48.952294408709804,36.316728506375
Pentax,K-5 II,829,400,360.0,125.83743329459,49.34801305670196,36.348779292332
Pentax,K-5 II,829,400,360.0,126.84651584698,49.74373170469804,36.380552045321
Pentax,K-5 II,829,400,360.0,127.85559839937,50.13945035269411,36.412051206856
Pentax,K-5 II,829,400,360.0,128.86468095175,50.535169000686274,36.4432811135
Pentax,K-5 II,829,400,360.0,129.87376350414,50.930887648682344,36.474246000142
Pentax,K-5 II,829,400,360.0,130.88284605652,51.32660629667451,36.504950003149
Pentax,K-5 II,829,400,360.0,131.89192860891,51.722324944670596,36.535397163398
Pentax,K-5 II,829,400,360.0,132.9010111613,52.11804359266667,36.565591429189
Pentax,K-5 II,829,400,360.0,133.91009371368,52.51376224065882,36.595536659053
Pentax,K-5 II,829,400,360.0,134.91917626607,52.909480888654905,36.625236624451
Pentax,K-5 II,829,400,360.0,135.92825881845,53.30519953664705,36.65469501237
Pentax,K-5 II,829,400,360.0,136.93734137084,53.70091818464313,36.683915427827
Pentax,K-5 II,829,400,360.0,137.94642392323,54.09663683263921,36.71290139628
Pentax,K-5 II,829,400,360.0,138.95550647561,54.492355480631375,36.741656365951
Pentax,K-5 II,829,400,360.0,139.964589028,54.88807412862745,36.770183710063
Pentax,K-5 II,829,400,360.0,140.97367158038,55.28379277661961,36.798486728997
Pentax,K-5 II,829,400,360.0,141.98275413277,55.67951142461569,36.826568652378
Pentax,K-5 II,829,400,360.0,142.99183668516,56.07523007261176,36.854432641075
Pentax,K-5 II,829,400,360.0,144.00091923754,56.47094872060392,36.882081789142
Pentax,K-5 II,829,400,360.0,145.01000178993,56.8666673686,36.909519125687
Pentax,K-5 II,829,400,360.0,146.01908434231,57.26238601659216,36.936747616673
Pentax,K-5 II,829,400,360.0,147.0281668947,57.65810466458824,36.96377016666
Pentax,K-5 II,829,400,360.0,148.03724944709,58.05382331258432,36.990589620491
Pentax,K-5 II,829,400,360.0,149.04633199947,58.44954196057647,37.017208764913
Pentax,K-5 II,829,400,360.0,150.05541455186,58.845260608572545,37.043630330147
Pentax,K-5 II,829,400,360.0,151.06449710424,59.24097925656471,37.069856991408
Pentax,K-5 II,829,400,360.0,152.07357965663,59.636697904560776,37.095891370367
Pentax,K-5 II,829,400,360.0,153.08266220902,60.03241655255685,37.121736036575
Pentax,K-5 II,829,400,360.0,154.0917447614,60.42813520054903,37.147393508831
Pentax,K-5 II,829,400,360.0,155.10082731379,60.8238538485451,37.172866256509
Pentax,K-5 II,829,400,360.0,156.10990986617,61.21957249653725,37.198156700842
Pentax,K-5 II,829,400,360.0,157.11899241856,61.61529114453334,37.223267216163
Pentax,K-5 II,829,400,360.0,158.12807497095,62.011009792529414,37.248200131112
Pentax,K-5 II,829,400,360.0,159.13715752333,62.40672844052156,37.272957729793
Pentax,K-5 II,829,400,360.0,160.14624007572,62.802447088517646,37.297542252907
Pentax,K-5 II,829,400,360.0,161.1553226281,63.19816573650981,37.321955898841
Pentax,K-5 II,829,400,360.0,162.16440518049,63.593884384505884,37.346200824729
Pentax,K-5 II,829,400,360.0,163.17348773288,63.98960303250196,37.370279147471
Pentax,K-5 II,829,400,360.0,164.18257028526,64.38532168049412,37.394192944733
Pentax,K-5 II,829,400,360.0,165.19165283765,64.78104032849019,37.417944255906
Pentax,K-5 II,829,400,360.0,166.20073539003,65.17675897648235,37.441535083037
Pentax,K-5 II,829,400,360.0,167.20981794242,65.57247762447844,37.464967391743
Pentax,K-5 II,829,400,360.0,168.21890049481,65.9681962724745,37.488243112078
Pentax,K-5 II,829,400,360.0,169.22798304719,66.36391492046667,37.511364139393
Pentax,K-5 II,829,400,360.0,170.23706559958,66.75963356846275,37.534332335157
Pentax,K-5 II,829,400,360.0,171.24614815196,67.1553522164549,37.557149527764
Pentax,K-5 II,829,400,360.0,172.25523070435,67.55107086445098,37.579817513306
Pentax,K-5 II,829,400,360.0,173.26431325674,67.94678951244705,37.60233805633
Pentax,K-5 II,829,400,360.0,174.27339580912,68.34250816043921,37.624712890576
Pentax,K-5 II,829,400,360.0,175.28247836151,68.73822680843529,37.646943719681
Pentax,K-5 II,829,400,360.0,176.29156091389,69.13394545642745,37.669032217881
Pentax,K-5 II,829,400,360.0,177.30064346628,69.52966410442353,37.690980030672
Pentax,K-5 II,829,400,360.0,178.30972601867,69.92538275241961,37.712788775474
Pentax,K-5 II,829,400,360.0,179.31880857105,70.32110140041176,37.734460042258
Pentax,K-5 II,829,400,360.0,180.32789112344,70.71682004840784,37.755995394164
Pentax,K-5 II,829,400,360.0,181.33697367582,71.1125386964,37.777396368104
Pentax,K-5 II,829,400,360.0,182.34605622821,71.50825734439607,37.798664475342
Pentax,K-5 II,829,400,360.0,183.3551387806,71.90397599239216,37.819801202062
Pentax,K-5 II,829,400,360.0,184.36422133298,72.29969464038432,37.840808009916
Pentax,K-5 II,829,400,360.0,185.37330388537,72.6954132883804,37.861686336566
Pentax,K-5 II,829,400,360.0,186.38238643775,73.09113193637255,37.8824375962
Pentax,K-5 II,829,400,360.0,187.39146899014,73.48685058436863,37.903063180045
Pentax,K-5 II,829,400,360.0,188.40055154253,73.8825692323647,37.923564456854
Pentax,K-5 II,829,400,360.0,189.40963409491,74.27828788035686,37.943942773392
Pentax,K-5 II,829,400,360.0,190.4187166473,74.67400652835293,37.964199454905
Pentax,K-5 II,829,400,360.0,191.42779919968,75.0697251763451,37.984335805568
Pentax,K-5 II,829,400,360.0,192.43688175207,75.46544382434118,38.004353108938
Pentax,K-5 II,829,400,360.0,193.44596430446,75.86116247233726,38.024252628377
Pentax,K-5 II,829,400,360.0,194.45504685684,76.25688112032941,38.04403560748
Pentax,K-5 II,829,400,360.0,195.46412940923,76.65259976832549,38.06370327048
Pentax,K-5 II,829,400,360.0,196.47321196161,77.04831841631764,38.083256822651
Pentax,K-5 II,829,400,360.0,197.482294514,77.44403706431372,38.102697450692
Pentax,K-5 II,829,400,360.0,198.49137706639,77.8397557123098,38.122026323111
Pentax,K-5 II,829,400,360.0,199.50045961877,78.23547436030196,38.141244590592
Pentax,K-5 II,829,400,360.0,200.50954217116,78.63119300829804,38.160353386354
Pentax,K-5 II,829,400,360.0,201.51862472354,79.0269116562902,38.179353826506
Pentax,K-5 II,829,400,360.0,202.52770727593,79.42263030428627,38.198247010384
Pentax,K-5 II,829,400,360.0,203.53678982832,79.81834895228235,38.21703402089
Pentax,K-5 II,829,400,360.0,204.5458723807,80.2140676002745,38.235715924813
Pentax,K-5 II,829,400,360.0,205.55495493309,80.60978624827058,38.254293773151
Pentax,K-5 II,829,400,360.0,206.56403748547,81.00550489626275,38.272768601415
Pentax,K-5 II,829,400,360.0,207.57312003786,81.40122354425883,38.291141429938
Pentax,K-5 II,829,400,360.0,208.58220259025,81.7969421922549,38.309413264163
Pentax,K-5 II,829,400,360.0,209.59128514263,82.19266084024706,38.327585094937
Pentax,K-5 II,829,400,360.0,210.60036769502,82.58837948824313,38.345657898785
Pentax,K-5 II,829,400,360.0,211.6094502474,82.98409813623529,38.363632638191
Pentax,K-5 II,829,400,360.0,212.61853279979,83.37981678423137,38.381510261862
Pentax,K-5 II,829,400,360.0,213.62761535218,83.77553543222744,38.399291704987
Pentax,K-5 II,829,400,360.0,214.63669790456,84.17125408021961,38.416977889497
Pentax,K-5 II,829,400,360.0,215.64578045695,84.56697272821569,38.434569724312
Pentax,K-5 II,829,400,360.0,216.65486300933,84.96269137620784,38.452068105582
Pentax,K-5 II,829,400,360.0,217.66394556172,85.35841002420392,38.469473916927
Pentax,K-5 II,829,400,360.0,218.67302811411,85.7541286722,38.486788029669
Pentax,K-5 II,829,400,360.0,219.68211066649,86.14984732019215,38.504011303059
Pentax,K-5 II,829,400,360.0,220.69119321888,86.54556596818823,38.521144584497
Pentax,K-5 II,829,400,360.0,221.70027577126,86.9412846161804,38.538188709749
Pentax,K-5 II,829,400,360.0,222.70935832365,87.33700326417647,38.555144503158
Pentax,K-5 II,829,400,360.0,223.71844087604,87.73272191217255,38.572012777855
Pentax,K-5 II,829,400,360.0,224.72752342842,88.1284405601647,38.588794335955
Pentax,K-5 II,829,400,360.0,225.73660598081,88.52415920816078,38.605489968758
Pentax,K-5 II,829,400,360.0,226.74568853319,88.91987785615294,38.622100456941
Pentax,K-5 II,829,400,360.0,227.75477108558,89.31559650414901,38.638626570748
Pentax,K-5 II,829,400,360.0,228.76385363797,89.71131515214509,38.655069070175
Pentax,K-5 II,829,400,360.0,229.77293619035,90.10703380013726,38.671428705149
Pentax,K-5 II,829,400,360.0,230.78201874274,90.50275244813334,38.687706215704
Pentax,K-5 II,829,400,360.0,231.79110129512,90.89847109612549,38.703902332158
Pentax,K-5 II,829,400,360.0,232.80018384751,91.29418974412157,38.720017775278
Pentax,K-5 II,829,400,360.0,233.8092663999,91.68990839211764,38.736053256446
Pentax,K-5 II,829,400,360.0,234.81834895228,92.0856270401098,38.752009477822
Pentax,K-5 II,829,400,360.0,235.82743150467,92.48134568810588,38.767887132503
Pentax,K-5 II,829,400,360.0,236.83651405705,92.87706433609804,38.783686904676
Pentax,K-5 II,829,400,360.0,237.84559660944,93.27278298409412,38.799409469771
Pentax,K-5 II,829,400,360.0,238.85467916183,93.6685016320902,38.815055494608
Pentax,K-5 II,829,400,360.0,239.86376171421,94.06422028008235,38.830625637545
Pentax,K-5 II,829,400,360.0,240.8728442666,94.45993892807843,38.846120548618
Pentax,K-5 II,829,400,360.0,241.88192681898,94.85565757607058,38.861540869681
Pentax,K-5 II,829,400,360.0,242.89100937137,95.25137622406666,38.876887234542
Pentax,K-5 II,829,400,360.0,243.90009192375,95.64709487205883,38.892160269098
Pentax,K-5 II,829,400,360.0,244.90917447614,96.0428135200549,38.907360591464
Pentax,K-5 II,829,400,360.0,245.91825702853,96.43853216805098,38.922488812102
Pentax,K-5 II,829,400,360.0,246.92733958091,96.83425081604314,38.937545533948
Pentax,K-5 II,829,400,360.0,247.9364221333,97.22996946403921,38.95253135253
Pentax,K-5 II,829,400,360.0,248.94550468568,97.62568811203137,38.967446856096
Pentax,K-5 II,829,400,360.0,249.95458723807,98.02140676002745,38.982292625725
Pentax,K-5 II,829,400,360.0,250.96366979046,98.41712540802352,38.997069235446
Pentax,K-5 II,829,400,360.0,251.97275234284,98.81284405601569,39.011777252352
Pentax,K-5 II,829,400,360.0,252.98183489523,99.20856270401177,39.026417236708
Pentax,K-5 II,829,400,360.0,253.99091744761,99.60428135200392,39.040989742062
Pentax,K-5 II,829,400,360.0,255,100.0,39.055495315354
Pentax,K-5 II,829,800,744.0,0.15801627624399,0.061967167154505884,0
Pentax,K-5 II,829,800,744.0,0.34739107586272,0.13623179445596864,5.3492175091621
Pentax,K-5 II,829,800,744.0,0.56874534154231,0.2230373888401216,8.3597505633991
Pentax,K-5 II,829,800,744.0,1.0884470850959,0.4268419941552549,11.966992184505
Pentax,K-5 II,829,800,744.0,2.1457382217091,0.8414659692976864,15.406444256621
Pentax,K-5 II,829,800,744.0,4.7637955122226,1.8681551028323924,19.171522224897
Pentax,K-5 II,829,800,744.0,7.7747746654335,3.048931241346471,21.394927156632
Pentax,K-5 II,829,800,744.0,8.7838572178195,3.4446498893409805,21.941714525389
Pentax,K-5 II,829,800,744.0,9.7929397702055,3.84036853733549,22.426991202819
Pentax,K-5 II,829,800,744.0,10.802022322591,4.236087185329803,22.863150006972
Pentax,K-5 II,829,800,744.0,11.811104874977,4.6318058333243135,23.259182630522
Pentax,K-5 II,829,800,744.0,12.820187427363,5.027524481318824,23.621819571989
Pentax,K-5 II,829,800,744.0,13.829269979749,5.423243129313334,23.956229497794
Pentax,K-5 II,829,800,744.0,14.838352532135,5.818961777307843,24.266467676801
Pentax,K-5 II,829,800,744.0,15.847435084521,6.214680425302353,24.555774277287
Pentax,K-5 II,829,800,744.0,16.856517636907,6.610399073296863,24.826779052879
Pentax,K-5 II,829,800,744.0,17.865600189293,7.006117721291373,25.08164558335
Pentax,K-5 II,829,800,744.0,18.874682741679,7.401836369285881,25.32217529297
Pentax,K-5 II,829,800,744.0,19.883765294065,7.797555017280393,25.549883993381
Pentax,K-5 II,829,800,744.0,20.892847846451,8.193273665274903,25.766059221917
Pentax,K-5 II,829,800,744.0,21.901930398837,8.588992313269411,25.971803880553
Pentax,K-5 II,829,800,744.0,22.911012951223,8.984710961263922,26.168069923682
Pentax,K-5 II,829,800,744.0,23.920095503609,9.380429609258432,26.355684698713
Pentax,K-5 II,829,800,744.0,24.929178055995,9.776148257252942,26.535371781833
Pentax,K-5 II,829,800,744.0,25.938260608381,10.171866905247452,26.707767633948
Pentax,K-5 II,829,800,744.0,26.947343160767,10.56758555324196,26.873435044107
Pentax,K-5 II,829,800,744.0,27.956425713153,10.96330420123647,27.032874076286
Pentax,K-5 II,829,800,744.0,28.965508265539,11.35902284923098,27.186531055947
Pentax,K-5 II,829,800,744.0,29.974590817925,11.75474149722549,27.334806003
Pentax,K-5 II,829,800,744.0,30.983673370311,12.15046014522,27.478058822682
Pentax,K-5 II,829,800,744.0,31.992755922697,12.54617879321451,27.616614495346
Pentax,K-5 II,829,800,744.0,33.001838475083,12.941897441209019,27.750767453322
Pentax,K-5 II,829,800,744.0,34.010921027469,13.33761608920353,27.880785293006
Pentax,K-5 II,829,800,744.0,35.020003579855,13.733334737198039,28.006911939748
Pentax,K-5 II,829,800,744.0,36.029086132241,14.129053385192547,28.129370359577
Pentax,K-5 II,829,800,744.0,37.038168684627,14.52477203318706,28.248364893437
Pentax,K-5 II,829,800,744.0,38.047251237013,14.920490681181569,28.364083275286
Pentax,K-5 II,829,800,744.0,39.056333789399,15.316209329176079,28.476698384092
Pentax,K-5 II,829,800,744.0,40.065416341785,15.711927977170589,28.586369770726
Pentax,K-5 II,829,800,744.0,41.074498894171,16.1076466251651,28.693244993605
Pentax,K-5 II,829,800,744.0,42.083581446557,16.503365273159606,28.797460791121
Pentax,K-5 II,829,800,744.0,43.092663998943,16.89908392115412,28.899144114217
Pentax,K-5 II,829,800,744.0,44.101746551329,17.29480256914863,28.998413038661
Pentax,K-5 II,829,800,744.0,45.110829103715,17.690521217143136,29.095377573457
Pentax,K-5 II,829,800,744.0,46.119911656101,18.08623986513765,29.190140379263
Pentax,K-5 II,829,800,744.0,47.128994208487,18.481958513132156,29.282797408576
Pentax,K-5 II,829,800,744.0,48.138076760873,18.877677161126666,29.373438477694
Pentax,K-5 II,829,800,744.0,49.147159313259,19.273395809121176,29.462147778986
Pentax,K-5 II,829,800,744.0,50.156241865645,19.669114457115686,29.549004340806
Pentax,K-5 II,829,800,744.0,51.165324418031,20.064833105110193,29.63408244133
Pentax,K-5 II,829,800,744.0,52.174406970417,20.46055175310471,29.717451981762
Pentax,K-5 II,829,800,744.0,53.183489522803,20.856270401099216,29.799178823584
Pentax,K-5 II,829,800,744.0,54.192572075189,21.251989049093726,29.879325093948
Pentax,K-5 II,829,800,744.0,55.201654627575,21.647707697088237,29.957949462742
Pentax,K-5 II,829,800,744.0,56.210737179961,22.043426345082747,30.03510739443
Pentax,K-5 II,829,800,744.0,57.219819732347,22.439144993077253,30.110851377369
Pentax,K-5 II,829,800,744.0,58.228902284733,22.834863641071763,30.18523113298
Pentax,K-5 II,829,800,744.0,59.237984837119,23.230582289066277,30.258293806868
Pentax,K-5 II,829,800,744.0,60.247067389505,23.626300937060783,30.330084143709
Pentax,K-5 II,829,800,744.0,61.256149941891,24.022019585055297,30.40064464755
Pentax,K-5 II,829,800,744.0,62.265232494277,24.417738233049803,30.470015728951
Pentax,K-5 II,829,800,744.0,63.274315046663,24.813456881044313,30.538235840239
Pentax,K-5 II,829,800,744.0,64.283397599049,25.209175529038824,30.605341600018
Pentax,K-5 II,829,800,744.0,65.292480151435,25.604894177033334,30.671367907935
Pentax,K-5 II,829,800,744.0,66.301562703821,26.000612825027847,30.736348050609
Pentax,K-5 II,829,800,744.0,67.310645256207,26.39633147302235,30.800313799517
Pentax,K-5 II,829,800,744.0,68.319727808593,26.792050121016864,30.863295501579
Pentax,K-5 II,829,800,744.0,69.328810360979,27.187768769011374,30.925322163058
Pentax,K-5 II,829,800,744.0,70.337892913365,27.58348741700588,30.986421527385
Pentax,K-5 II,829,800,744.0,71.346975465751,27.979206065000394,31.04662014741
Pentax,K-5 II,829,800,744.0,72.356058018137,28.374924712994904,31.105943452566
Pentax,K-5 II,829,800,744.0,73.365140570523,28.77064336098941,31.164415811352
Pentax,K-5 II,829,800,744.0,74.374223122909,29.16636200898392,31.222060589547
Pentax,K-5 II,829,800,744.0,75.383305675295,29.562080656978434,31.278900204468
Pentax,K-5 II,829,800,744.0,76.392388227681,29.957799304972937,31.334956175621
Pentax,K-5 II,829,800,744.0,77.401470780067,30.35351795296745,31.39024917201
Pentax,K-5 II,829,800,744.0,78.410553332453,30.749236600961964,31.444799056368
Pentax,K-5 II,829,800,744.0,79.419635884838,31.14495524895608,31.498624926553
Pentax,K-5 II,829,800,744.0,80.428718437224,31.540673896950587,31.551745154323
Pentax,K-5 II,829,800,744.0,81.43780098961,31.936392544945097,31.604177421677
Pentax,K-5 II,829,800,744.0,82.446883541996,32.332111192939614,31.65593875496
Pentax,K-5 II,829,800,744.0,83.455966094382,32.72782984093412,31.707045556878
Pentax,K-5 II,829,800,744.0,84.465048646768,33.12354848892863,31.757513636588
Pentax,K-5 II,829,800,744.0,85.474131199154,33.51926713692313,31.807358237993
Pentax,K-5 II,829,800,744.0,86.48321375154,33.91498578491765,31.856594066368
Pentax,K-5 II,829,800,744.0,87.492296303926,34.31070443291215,31.905235313441
Pentax,K-5 II,829,800,744.0,88.501378856312,34.70642308090667,31.953295681027
Pentax,K-5 II,829,800,744.0,89.510461408698,35.10214172890118,32.000788403325
Pentax,K-5 II,829,800,744.0,90.519543961084,35.49786037689569,32.04772626795
Pentax,K-5 II,829,800,744.0,91.52862651347,35.8935790248902,32.094121635802
Pentax,K-5 II,829,800,744.0,92.537709065856,36.28929767288471,32.139986459847
Pentax,K-5 II,829,800,744.0,93.546791618242,36.685016320879214,32.185332302864
Pentax,K-5 II,829,800,744.0,94.555874170628,37.08073496887373,32.230170354248
Pentax,K-5 II,829,800,744.0,95.564956723014,37.47645361686824,32.274511445912
Pentax,K-5 II,829,800,744.0,96.5740392754,37.87217226486274,32.318366067356
Pentax,K-5 II,829,800,744.0,97.583121827786,38.267890912857254,32.361744379943
Pentax,K-5 II,829,800,744.0,98.592204380172,38.66360956085177,32.404656230449
Pentax,K-5 II,829,800,744.0,99.601286932558,39.059328208846274,32.447111163912
Pentax,K-5 II,829,800,744.0,100.61036948494,39.45504685683922,32.489118435833
Pentax,K-5 II,829,800,744.0,101.61945203733,39.850765504835294,32.530687023774
Pentax,K-5 II,829,800,744.0,102.62853458972,40.24648415283137,32.571825638368
Pentax,K-5 II,829,800,744.0,103.6376171421,40.642202800823526,32.612542733804
Pentax,K-5 II,829,800,744.0,104.64669969449,41.03792144881961,32.652846517788
Pentax,K-5 II,829,800,744.0,105.65578224687,41.433640096811764,32.692744961037
Pentax,K-5 II,829,800,744.0,106.66486479926,41.82935874480784,32.732245806309
Pentax,K-5 II,829,800,744.0,107.67394735165,42.225077392803925,32.771356577019
Pentax,K-5 II,829,800,744.0,108.68302990403,42.62079604079608,32.810084585443
Pentax,K-5 II,829,800,744.0,109.69211245642,43.01651468879216,32.848436940545
Pentax,K-5 II,829,800,744.0,110.7011950088,43.41223333678431,32.886420555441
Pentax,K-5 II,829,800,744.0,111.71027756119,43.80795198478039,32.924042154533
Pentax,K-5 II,829,800,744.0,112.71936011358,44.20367063277647,32.961308280312
Pentax,K-5 II,829,800,744.0,113.72844266596,44.599389280768634,32.998225299857
Pentax,K-5 II,829,800,744.0,114.73752521835,44.9951079287647,33.034799411056
Pentax,K-5 II,829,800,744.0,115.74660777073,45.39082657675686,33.071036648542
Pentax,K-5 II,829,800,744.0,116.75569032312,45.78654522475294,33.106942889378
Pentax,K-5 II,829,800,744.0,117.76477287551,46.182263872749026,33.142523858494
Pentax,K-5 II,829,800,744.0,118.77385542789,46.57798252074117,33.177785133894
Pentax,K-5 II,829,800,744.0,119.78293798028,46.97370116873725,33.21273215164
Pentax,K-5 II,829,800,744.0,120.79202053266,47.36941981672941,33.247370210624
Pentax,K-5 II,829,800,744.0,121.80110308505,47.765138464725496,33.281704477147
Pentax,K-5 II,829,800,744.0,122.81018563744,48.160857112721565,33.315739989307
Pentax,K-5 II,829,800,744.0,123.81926818982,48.55657576071372,33.349481661199
Pentax,K-5 II,829,800,744.0,124.82835074221,48.952294408709804,33.382934286959
Pentax,K-5 II,829,800,744.0,125.83743329459,49.34801305670196,33.416102544629
Pentax,K-5 II,829,800,744.0,126.84651584698,49.74373170469804,33.44899099988
Pentax,K-5 II,829,800,744.0,127.85559839937,50.13945035269411,33.481604109582
Pentax,K-5 II,829,800,744.0,128.86468095175,50.535169000686274,33.513946225227
Pentax,K-5 II,829,800,744.0,129.87376350414,50.930887648682344,33.546021596234
Pentax,K-5 II,829,800,744.0,130.88284605652,51.32660629667451,33.577834373107
Pentax,K-5 II,829,800,744.0,131.89192860891,51.722324944670596,33.609388610488
Pentax,K-5 II,829,800,744.0,132.9010111613,52.11804359266667,33.640688270083
Pentax,K-5 II,829,800,744.0,133.91009371368,52.51376224065882,33.67173722348
Pentax,K-5 II,829,800,744.0,134.91917626607,52.909480888654905,33.70253925486
Pentax,K-5 II,829,800,744.0,135.92825881845,53.30519953664705,33.733098063614
Pentax,K-5 II,829,800,744.0,136.93734137084,53.70091818464313,33.763417266848
Pentax,K-5 II,829,800,744.0,137.94642392323,54.09663683263921,33.793500401812
Pentax,K-5 II,829,800,744.0,138.95550647561,54.492355480631375,33.823350928233
Pentax,K-5 II,829,800,744.0,139.964589028,54.88807412862745,33.852972230556
Pentax,K-5 II,829,800,744.0,140.97367158038,55.28379277661961,33.882367620123
Pentax,K-5 II,829,800,744.0,141.98275413277,55.67951142461569,33.911540337252
Pentax,K-5 II,829,800,744.0,142.99183668516,56.07523007261176,33.940493553263
Pentax,K-5 II,829,800,744.0,144.00091923754,56.47094872060392,33.969230372415
Pentax,K-5 II,829,800,744.0,145.01000178993,56.8666673686,33.997753833789
Pentax,K-5 II,829,800,744.0,146.01908434231,57.26238601659216,34.026066913095
Pentax,K-5 II,829,800,744.0,147.0281668947,57.65810466458824,34.054172524425
Pentax,K-5 II,829,800,744.0,148.03724944709,58.05382331258432,34.082073521941
Pentax,K-5 II,829,800,744.0,149.04633199947,58.44954196057647,34.109772701505
Pentax,K-5 II,829,800,744.0,150.05541455186,58.845260608572545,34.137272802257
Pentax,K-5 II,829,800,744.0,151.06449710424,59.24097925656471,34.164576508142
Pentax,K-5 II,829,800,744.0,152.07357965663,59.636697904560776,34.191686449377
Pentax,K-5 II,829,800,744.0,153.08266220902,60.03241655255685,34.218605203878
Pentax,K-5 II,829,800,744.0,154.0917447614,60.42813520054903,34.245335298638
Pentax,K-5 II,829,800,744.0,155.10082731379,60.8238538485451,34.271879211058
Pentax,K-5 II,829,800,744.0,156.10990986617,61.21957249653725,34.298239370236
Pentax,K-5 II,829,800,744.0,157.11899241856,61.61529114453334,34.324418158215
Pentax,K-5 II,829,800,744.0,158.12807497095,62.011009792529414,34.350417911188
Pentax,K-5 II,829,800,744.0,159.13715752333,62.40672844052156,34.376240920672
Pentax,K-5 II,829,800,744.0,160.14624007572,62.802447088517646,34.401889434632
Pentax,K-5 II,829,800,744.0,161.1553226281,63.19816573650981,34.427365658585
Pentax,K-5 II,829,800,744.0,162.16440518049,63.593884384505884,34.452671756657
Pentax,K-5 II,829,800,744.0,163.17348773288,63.98960303250196,34.477809852614
Pentax,K-5 II,829,800,744.0,164.18257028526,64.38532168049412,34.502782030858
Pentax,K-5 II,829,800,744.0,165.19165283765,64.78104032849019,34.527590337395
Pentax,K-5 II,829,800,744.0,166.20073539003,65.17675897648235,34.55223678077
Pentax,K-5 II,829,800,744.0,167.20981794242,65.57247762447844,34.576723332977
Pentax,K-5 II,829,800,744.0,168.21890049481,65.9681962724745,34.601051930342
Pentax,K-5 II,829,800,744.0,169.22798304719,66.36391492046667,34.625224474374
Pentax,K-5 II,829,800,744.0,170.23706559958,66.75963356846275,34.649242832596
Pentax,K-5 II,829,800,744.0,171.24614815196,67.1553522164549,34.673108839353
Pentax,K-5 II,829,800,744.0,172.25523070435,67.55107086445098,34.696824296586
Pentax,K-5 II,829,800,744.0,173.26431325674,67.94678951244705,34.7203909746
Pentax,K-5 II,829,800,744.0,174.27339580912,68.34250816043921,34.743810612791
Pentax,K-5 II,829,800,744.0,175.28247836151,68.73822680843529,34.767084920365
Pentax,K-5 II,829,800,744.0,176.29156091389,69.13394545642745,34.790215577036
Pentax,K-5 II,829,800,744.0,177.30064346628,69.52966410442353,34.813204233693
Pentax,K-5 II,829,800,744.0,178.30972601867,69.92538275241961,34.836052513061
Pentax,K-5 II,829,800,744.0,179.31880857105,70.32110140041176,34.858762010336
Pentax,K-5 II,829,800,744.0,180.32789112344,70.71682004840784,34.881334293805
Pentax,K-5 II,829,800,744.0,181.33697367582,71.1125386964,34.903770905445
Pentax,K-5 II,829,800,744.0,182.34605622821,71.50825734439607,34.926073361511
Pentax,K-5 II,829,800,744.0,183.3551387806,71.90397599239216,34.948243153103
Pentax,K-5 II,829,800,744.0,184.36422133298,72.29969464038432,34.970281746721
Pentax,K-5 II,829,800,744.0,185.37330388537,72.6954132883804,34.992190584801
Pentax,K-5 II,829,800,744.0,186.38238643775,73.09113193637255,35.013971086237
Pentax,K-5 II,829,800,744.0,187.39146899014,73.48685058436863,35.035624646896
Pentax,K-5 II,829,800,744.0,188.40055154253,73.8825692323647,35.057152640108
Pentax,K-5 II,829,800,744.0,189.40963409491,74.27828788035686,35.078556417149
Pentax,K-5 II,829,800,744.0,190.4187166473,74.67400652835293,35.099837307715
Pentax,K-5 II,829,800,744.0,191.42779919968,75.0697251763451,35.120996620372
Pentax,K-5 II,829,800,744.0,192.43688175207,75.46544382434118,35.142035643007
Pentax,K-5 II,829,800,744.0,193.44596430446,75.86116247233726,35.162955643258
Pentax,K-5 II,829,800,744.0,194.45504685684,76.25688112032941,35.183757868939
Pentax,K-5 II,829,800,744.0,195.46412940923,76.65259976832549,35.204443548446
Pentax,K-5 II,829,800,744.0,196.47321196161,77.04831841631764,35.225013891164
Pentax,K-5 II,829,800,744.0,197.482294514,77.44403706431372,35.245470087851
Pentax,K-5 II,829,800,744.0,198.49137706639,77.8397557123098,35.265813311024
Pentax,K-5 II,829,800,744.0,199.50045961877,78.23547436030196,35.286044715325
Pentax,K-5 II,829,800,744.0,200.50954217116,78.63119300829804,35.306165437885
Pentax,K-5 II,829,800,744.0,201.51862472354,79.0269116562902,35.326176598674
Pentax,K-5 II,829,800,744.0,202.52770727593,79.42263030428627,35.346079300848
Pentax,K-5 II,829,800,744.0,203.53678982832,79.81834895228235,35.365874631079
Pentax,K-5 II,829,800,744.0,204.5458723807,80.2140676002745,35.385563659885
Pentax,K-5 II,829,800,744.0,205.55495493309,80.60978624827058,35.405147441949
Pentax,K-5 II,829,800,744.0,206.56403748547,81.00550489626275,35.424627016426
Pentax,K-5 II,829,800,744.0,207.57312003786,81.40122354425883,35.444003407249
Pentax,K-5 II,829,800,744.0,208.58220259025,81.7969421922549,35.463277623425
Pentax,K-5 II,829,800,744.0,209.59128514263,82.19266084024706,35.482450659321
Pentax,K-5 II,829,800,744.0,210.60036769502,82.58837948824313,35.501523494949
Pentax,K-5 II,829,800,744.0,211.6094502474,82.98409813623529,35.520497096237
Pentax,K-5 II,829,800,744.0,212.61853279979,83.37981678423137,35.539372415301
Pentax,K-5 II,829,800,744.0,213.62761535218,83.77553543222744,35.558150390706
Pentax,K-5 II,829,800,744.0,214.63669790456,84.17125408021961,35.576831947721
Pentax,K-5 II,829,800,744.0,215.64578045695,84.56697272821569,35.595417998567
Pentax,K-5 II,829,800,744.0,216.65486300933,84.96269137620784,35.613909442667
Pentax,K-5 II,829,800,744.0,217.66394556172,85.35841002420392,35.632307166877
Pentax,K-5 II,829,800,744.0,218.67302811411,85.7541286722,35.650612045723
Pentax,K-5 II,829,800,744.0,219.68211066649,86.14984732019215,35.668824941629
Pentax,K-5 II,829,800,744.0,220.69119321888,86.54556596818823,35.686946705137
Pentax,K-5 II,829,800,744.0,221.70027577126,86.9412846161804,35.704978175124
Pentax,K-5 II,829,800,744.0,222.70935832365,87.33700326417647,35.722920179016
Pentax,K-5 II,829,800,744.0,223.71844087604,87.73272191217255,35.740773532995
Pentax,K-5 II,829,800,744.0,224.72752342842,88.1284405601647,35.758539042199
Pentax,K-5 II,829,800,744.0,225.73660598081,88.52415920816078,35.776217500925
Pentax,K-5 II,829,800,744.0,226.74568853319,88.91987785615294,35.793809692818
Pentax,K-5 II,829,800,744.0,227.75477108558,89.31559650414901,35.811316391064
Pentax,K-5 II,829,800,744.0,228.76385363797,89.71131515214509,35.828738358572
Pentax,K-5 II,829,800,744.0,229.77293619035,90.10703380013726,35.846076348158
Pentax,K-5 II,829,800,744.0,230.78201874274,90.50275244813334,35.863331102721
Pentax,K-5 II,829,800,744.0,231.79110129512,90.89847109612549,35.880503355416
Pentax,K-5 II,829,800,744.0,232.80018384751,91.29418974412157,35.897593829824
Pentax,K-5 II,829,800,744.0,233.8092663999,91.68990839211764,35.914603240118
Pentax,K-5 II,829,800,744.0,234.81834895228,92.0856270401098,35.931532291223
Pentax,K-5 II,829,800,744.0,235.82743150467,92.48134568810588,35.948381678981
Pentax,K-5 II,829,800,744.0,236.83651405705,92.87706433609804,35.965152090298
Pentax,K-5 II,829,800,744.0,237.84559660944,93.27278298409412,35.981844203303
Pentax,K-5 II,829,800,744.0,238.85467916183,93.6685016320902,35.998458687493
Pentax,K-5 II,829,800,744.0,239.86376171421,94.06422028008235,36.014996203881
Pentax,K-5 II,829,800,744.0,240.8728442666,94.45993892807843,36.031457405135
Pentax,K-5 II,829,800,744.0,241.88192681898,94.85565757607058,36.047842935724
Pentax,K-5 II,829,800,744.0,242.89100937137,95.25137622406666,36.064153432048
Pentax,K-5 II,829,800,744.0,243.90009192375,95.64709487205883,36.080389522577
Pentax,K-5 II,829,800,744.0,244.90917447614,96.0428135200549,36.09655182798
Pentax,K-5 II,829,800,744.0,245.91825702853,96.43853216805098,36.112640961253
Pentax,K-5 II,829,800,744.0,246.92733958091,96.83425081604314,36.128657527845
Pentax,K-5 II,829,800,744.0,247.9364221333,97.22996946403921,36.144602125782
Pentax,K-5 II,829,800,744.0,248.94550468568,97.62568811203137,36.160475345789
Pentax,K-5 II,829,800,744.0,249.95458723807,98.02140676002745,36.176277771406
Pentax,K-5 II,829,800,744.0,250.96366979046,98.41712540802352,36.192009979104
Pentax,K-5 II,829,800,744.0,251.97275234284,98.81284405601569,36.207672538401
Pentax,K-5 II,829,800,744.0,252.98183489523,99.20856270401177,36.223266011969
Pentax,K-5 II,829,800,744.0,253.99091744761,99.60428135200392,36.238790955748
Pentax,K-5 II,829,800,744.0,255,100.0,36.254247919051
Pentax,K-5 II,829,1600,1514.0,0.34739107586272,0.13623179445596864,0
Pentax,K-5 II,829,1600,1514.0,0.56874534154231,0.2230373888401216,3.5232276816965
Pentax,K-5 II,829,1600,1514.0,1.0884470850959,0.4268419941552549,7.7735086524531
Pentax,K-5 II,829,1600,1514.0,2.1457382217091,0.8414659692976864,11.747215750118
Pentax,K-5 II,829,1600,1514.0,4.7637955122226,1.8681551028323924,15.919018131639
Pentax,K-5 II,829,1600,1514.0,7.7747746654335,3.048931241346471,18.295629719422
Pentax,K-5 II,829,1600,1514.0,8.7838572178195,3.4446498893409805,18.872067870415
Pentax,K-5 II,829,1600,1514.0,9.7929397702055,3.84036853733549,19.381401191485
Pentax,K-5 II,829,1600,1514.0,10.802022322591,4.236087185329803,19.837514217062
Pentax,K-5 II,829,1600,1514.0,11.811104874977,4.6318058333243135,20.250403159243
Pentax,K-5 II,829,1600,1514.0,12.820187427363,5.027524481318824,20.62749974608
Pentax,K-5 II,829,1600,1514.0,13.829269979749,5.423243129313334,20.97447702493
Pentax,K-5 II,829,1600,1514.0,14.838352532135,5.818961777307843,21.295762347196
Pentax,K-5 II,829,1600,1514.0,15.847435084521,6.214680425302353,21.594876376319
Pentax,K-5 II,829,1600,1514.0,16.856517636907,6.610399073296863,21.874664322118
Pentax,K-5 II,829,1600,1514.0,17.865600189293,7.006117721291373,22.137458000786
Pentax,K-5 II,829,1600,1514.0,18.874682741679,7.401836369285881,22.385192117985
Pentax,K-5 II,829,1600,1514.0,19.883765294065,7.797555017280393,22.61948944233
Pentax,K-5 II,829,1600,1514.0,20.892847846451,8.193273665274903,22.841724337383
Pentax,K-5 II,829,1600,1514.0,21.901930398837,8.588992313269411,23.053070924094
Pentax,K-5 II,829,1600,1514.0,22.911012951223,8.984710961263922,23.254540124724
Pentax,K-5 II,829,1600,1514.0,23.920095503609,9.380429609258432,23.447008529244
Pentax,K-5 II,829,1600,1514.0,24.929178055995,9.776148257252942,23.631241156726
Pentax,K-5 II,829,1600,1514.0,25.938260608381,10.171866905247452,23.807909596794
Pentax,K-5 II,829,1600,1514.0,26.947343160767,10.56758555324196,23.977606611504
Pentax,K-5 II,829,1600,1514.0,27.956425713153,10.96330420123647,24.140857994541
Pentax,K-5 II,829,1600,1514.0,28.965508265539,11.35902284923098,24.298132283052
Pentax,K-5 II,829,1600,1514.0,29.974590817925,11.75474149722549,24.449848772045
Pentax,K-5 II,829,1600,1514.0,30.983673370311,12.15046014522,24.59638417506
Pentax,K-5 II,829,1600,1514.0,31.992755922697,12.54617879321451,24.738078196372
Pentax,K-5 II,829,1600,1514.0,33.001838475083,12.941897441209019,24.875238221252
Pentax,K-5 II,829,1600,1514.0,34.010921027469,13.33761608920353,25.008143286567
Pentax,K-5 II,829,1600,1514.0,35.020003579855,13.733334737198039,25.137047460181
Pentax,K-5 II,829,1600,1514.0,36.029086132241,14.129053385192547,25.262182731681
Pentax,K-5 II,829,1600,1514.0,37.038168684627,14.52477203318706,25.383761496799
Pentax,K-5 II,829,1600,1514.0,38.047251237013,14.920490681181569,25.50197870213
Pentax,K-5 II,829,1600,1514.0,39.056333789399,15.316209329176079,25.617013704395
Pentax,K-5 II,829,1600,1514.0,40.065416341785,15.711927977170589,25.729031888615
Pentax,K-5 II,829,1600,1514.0,41.074498894171,16.1076466251651,25.83818608176
Pentax,K-5 II,829,1600,1514.0,42.083581446557,16.503365273159606,25.944617792101
Pentax,K-5 II,829,1600,1514.0,43.092663998943,16.89908392115412,26.048458299431
Pentax,K-5 II,829,1600,1514.0,44.101746551329,17.29480256914863,26.149829617168
Pentax,K-5 II,829,1600,1514.0,45.110829103715,17.690521217143136,26.248845343989
Pentax,K-5 II,829,1600,1514.0,46.119911656101,18.08623986513765,26.34561141986
Pentax,K-5 II,829,1600,1514.0,47.128994208487,18.481958513132156,26.440226799064
Pentax,K-5 II,829,1600,1514.0,48.138076760873,18.877677161126666,26.532784050913
Pentax,K-5 II,829,1600,1514.0,49.147159313259,19.273395809121176,26.623369897279
Pentax,K-5 II,829,1600,1514.0,50.156241865645,19.669114457115686,26.712065694737
Pentax,K-5 II,829,1600,1514.0,51.165324418031,20.064833105110193,26.798947868045
Pentax,K-5 II,829,1600,1514.0,52.174406970417,20.46055175310471,26.884088300724
Pentax,K-5 II,829,1600,1514.0,53.183489522803,20.856270401099216,26.967554687734
Pentax,K-5 II,829,1600,1514.0,54.192572075189,21.251989049093726,27.04941085458
Pentax,K-5 II,829,1600,1514.0,55.201654627575,21.647707697088237,27.129717046607
Pentax,K-5 II,829,1600,1514.0,56.210737179961,22.043426345082747,27.208530191762
Pentax,K-5 II,829,1600,1514.0,57.219819732347,22.439144993077253,27.285904139689
Pentax,K-5 II,829,1600,1514.0,58.228902284733,22.834863641071763,27.361889879674
Pentax,K-5 II,829,1600,1514.0,59.237984837119,23.230582289066277,27.436535739643
Pentax,K-5 II,829,1600,1514.0,60.247067389505,23.626300937060783,27.50988756815
Pentax,K-5 II,829,1600,1514.0,61.256149941891,24.022019585055297,27.581988901083
Pentax,K-5 II,829,1600,1514.0,62.265232494277,24.417738233049803,27.652881114585
Pentax,K-5 II,829,1600,1514.0,63.274315046663,24.813456881044313,27.722603565551
Pentax,K-5 II,829,1600,1514.0,64.283397599049,25.209175529038824,27.791193720883
Pentax,K-5 II,829,1600,1514.0,65.292480151435,25.604894177033334,27.858687276566
Pentax,K-5 II,829,1600,1514.0,66.301562703821,26.000612825027847,27.925118267521
Pentax,K-5 II,829,1600,1514.0,67.310645256207,26.39633147302235,27.990519169063
Pentax,K-5 II,829,1600,1514.0,68.319727808593,26.792050121016864,28.054920990737
Pentax,K-5 II,829,1600,1514.0,69.328810360979,27.187768769011374,28.118353363201
Pentax,K-5 II,829,1600,1514.0,70.337892913365,27.58348741700588,28.180844618765
Pentax,K-5 II,829,1600,1514.0,71.346975465751,27.979206065000394,28.242421866141
Pentax,K-5 II,829,1600,1514.0,72.356058018137,28.374924712994904,28.303111059883
Pentax,K-5 II,829,1600,1514.0,73.365140570523,28.77064336098941,28.362937064979
Pentax,K-5 II,829,1600,1514.0,74.374223122909,29.16636200898392,28.421923716979
Pentax,K-5 II,829,1600,1514.0,75.383305675295,29.562080656978434,28.480093878044
Pentax,K-5 II,829,1600,1514.0,76.392388227681,29.957799304972937,28.537469489219
Pentax,K-5 II,829,1600,1514.0,77.401470780067,30.35351795296745,28.594071619253
Pentax,K-5 II,829,1600,1514.0,78.410553332453,30.749236600961964,28.649920510227
Pentax,K-5 II,829,1600,1514.0,79.419635884838,31.14495524895608,28.705035620234
Pentax,K-5 II,829,1600,1514.0,80.428718437224,31.540673896950587,28.75943566334
Pentax,K-5 II,829,1600,1514.0,81.43780098961,31.936392544945097,28.813138647037
Pentax,K-5 II,829,1600,1514.0,82.446883541996,32.332111192939614,28.866161907364
Pentax,K-5 II,829,1600,1514.0,83.455966094382,32.72782984093412,28.918522141871
Pentax,K-5 II,829,1600,1514.0,84.465048646768,33.12354848892863,28.970235440594
Pentax,K-5 II,829,1600,1514.0,85.474131199154,33.51926713692313,29.021317315162
Pentax,K-5 II,829,1600,1514.0,86.48321375154,33.91498578491765,29.071782726193
Pentax,K-5 II,829,1600,1514.0,87.492296303926,34.31070443291215,29.121646109081
Pentax,K-5 II,829,1600,1514.0,88.501378856312,34.70642308090667,29.170921398293
Pentax,K-5 II,829,1600,1514.0,89.510461408698,35.10214172890118,29.219622050278
Pentax,K-5 II,829,1600,1514.0,90.519543961084,35.49786037689569,29.26776106508
Pentax,K-5 II,829,1600,1514.0,91.52862651347,35.8935790248902,29.315351006748
Pentax,K-5 II,829,1600,1514.0,92.537709065856,36.28929767288471,29.362404022609
Pentax,K-5 II,829,1600,1514.0,93.546791618242,36.685016320879214,29.408931861499
Pentax,K-5 II,829,1600,1514.0,94.555874170628,37.08073496887373,29.454945890997
Pentax,K-5 II,829,1600,1514.0,95.564956723014,37.47645361686824,29.500457113745
Pentax,K-5 II,829,1600,1514.0,96.5740392754,37.87217226486274,29.545476182901
Pentax,K-5 II,829,1600,1514.0,97.583121827786,38.267890912857254,29.590013416783
Pentax,K-5 II,829,1600,1514.0,98.592204380172,38.66360956085177,29.634078812756
Pentax,K-5 II,829,1600,1514.0,99.601286932558,39.059328208846274,29.677682060401
Pentax,K-5 II,829,1600,1514.0,100.61036948494,39.45504685683922,29.720832554025
Pentax,K-5 II,829,1600,1514.0,101.61945203733,39.850765504835294,29.763539404529
Pentax,K-5 II,829,1600,1514.0,102.62853458972,40.24648415283137,29.805811450701
Pentax,K-5 II,829,1600,1514.0,103.6376171421,40.642202800823526,29.847657269937
Pentax,K-5 II,829,1600,1514.0,104.64669969449,41.03792144881961,29.889085188451
Pentax,K-5 II,829,1600,1514.0,105.65578224687,41.433640096811764,29.930103290984
Pentax,K-5 II,829,1600,1514.0,106.66486479926,41.82935874480784,29.970719430053
Pentax,K-5 II,829,1600,1514.0,107.67394735165,42.225077392803925,30.010941234756
Pentax,K-5 II,829,1600,1514.0,108.68302990403,42.62079604079608,30.050776119171
Pentax,K-5 II,829,1600,1514.0,109.69211245642,43.01651468879216,30.090231290361
Pentax,K-5 II,829,1600,1514.0,110.7011950088,43.41223333678431,30.129313756002
Pentax,K-5 II,829,1600,1514.0,111.71027756119,43.80795198478039,30.168030331678
Pentax,K-5 II,829,1600,1514.0,112.71936011358,44.20367063277647,30.206387647833
Pentax,K-5 II,829,1600,1514.0,113.72844266596,44.599389280768634,30.244392156418
Pentax,K-5 II,829,1600,1514.0,114.73752521835,44.9951079287647,30.282050137238
Pentax,K-5 II,829,1600,1514.0,115.74660777073,45.39082657675686,30.319367704021
Pentax,K-5 II,829,1600,1514.0,116.75569032312,45.78654522475294,30.356350810228
Pentax,K-5 II,829,1600,1514.0,117.76477287551,46.182263872749026,30.393005254597
Pentax,K-5 II,829,1600,1514.0,118.77385542789,46.57798252074117,30.429336686467
Pentax,K-5 II,829,1600,1514.0,119.78293798028,46.97370116873725,30.465350610856
Pentax,K-5 II,829,1600,1514.0,120.79202053266,47.36941981672941,30.501052393346
Pentax,K-5 II,829,1600,1514.0,121.80110308505,47.765138464725496,30.536447264743
Pentax,K-5 II,829,1600,1514.0,122.81018563744,48.160857112721565,30.571540325557
Pentax,K-5 II,829,1600,1514.0,123.81926818982,48.55657576071372,30.606336550293
Pentax,K-5 II,829,1600,1514.0,124.82835074221,48.952294408709804,30.640840791567
Pentax,K-5 II,829,1600,1514.0,125.83743329459,49.34801305670196,30.675057784057
Pentax,K-5 II,829,1600,1514.0,126.84651584698,49.74373170469804,30.708992148289
Pentax,K-5 II,829,1600,1514.0,127.85559839937,50.13945035269411,30.742648394285
Pentax,K-5 II,829,1600,1514.0,128.86468095175,50.535169000686274,30.776030925049
Pentax,K-5 II,829,1600,1514.0,129.87376350414,50.930887648682344,30.809144039936
Pentax,K-5 II,829,1600,1514.0,130.88284605652,51.32660629667451,30.84199193787
Pentax,K-5 II,829,1600,1514.0,131.89192860891,51.722324944670596,30.874578720454
Pentax,K-5 II,829,1600,1514.0,132.9010111613,52.11804359266667,30.906908394954
Pentax,K-5 II,829,1600,1514.0,133.91009371368,52.51376224065882,30.938984877167
Pentax,K-5 II,829,1600,1514.0,134.91917626607,52.909480888654905,30.970811994183
Pentax,K-5 II,829,1600,1514.0,135.92825881845,53.30519953664705,31.002393487049
Pentax,K-5 II,829,1600,1514.0,136.93734137084,53.70091818464313,31.033733013323
Pentax,K-5 II,829,1600,1514.0,137.94642392323,54.09663683263921,31.064834149545
Pentax,K-5 II,829,1600,1514.0,138.95550647561,54.492355480631375,31.095700393606
Pentax,K-5 II,829,1600,1514.0,139.964589028,54.88807412862745,31.126335167044
Pentax,K-5 II,829,1600,1514.0,140.97367158038,55.28379277661961,31.156741817245
Pentax,K-5 II,829,1600,1514.0,141.98275413277,55.67951142461569,31.186923619573
Pentax,K-5 II,829,1600,1514.0,142.99183668516,56.07523007261176,31.216883779417
Pentax,K-5 II,829,1600,1514.0,144.00091923754,56.47094872060392,31.246625434176
Pentax,K-5 II,829,1600,1514.0,145.01000178993,56.8666673686,31.276151655164
Pentax,K-5 II,829,1600,1514.0,146.01908434231,57.26238601659216,31.305465449454
Pentax,K-5 II,829,1600,1514.0,147.0281668947,57.65810466458824,31.334569761658
Pentax,K-5 II,829,1600,1514.0,148.03724944709,58.05382331258432,31.363467475642
Pentax,K-5 II,829,1600,1514.0,149.04633199947,58.44954196057647,31.39216141619
Pentax,K-5 II,829,1600,1514.0,150.05541455186,58.845260608572545,31.420654350602
Pentax,K-5 II,829,1600,1514.0,151.06449710424,59.24097925656471,31.448948990247
Pentax,K-5 II,829,1600,1514.0,152.07357965663,59.636697904560776,31.477047992055
Pentax,K-5 II,829,1600,1514.0,153.08266220902,60.03241655255685,31.504953959971
Pentax,K-5 II,829,1600,1514.0,154.0917447614,60.42813520054903,31.532669446351
Pentax,K-5 II,829,1600,1514.0,155.10082731379,60.8238538485451,31.560196953314
Pentax,K-5 II,829,1600,1514.0,156.10990986617,61.21957249653725,31.587538934056
Pentax,K-5 II,829,1600,1514.0,157.11899241856,61.61529114453334,31.614697794112
Pentax,K-5 II,829,1600,1514.0,158.12807497095,62.011009792529414,31.641675892587
Pentax,K-5 II,829,1600,1514.0,159.13715752333,62.40672844052156,31.668475543343
Pentax,K-5 II,829,1600,1514.0,160.14624007572,62.802447088517646,31.695099016143
Pentax,K-5 II,829,1600,1514.0,161.1553226281,63.19816573650981,31.721548537771
Pentax,K-5 II,829,1600,1514.0,162.16440518049,63.593884384505884,31.747826293107
Pentax,K-5 II,829,1600,1514.0,163.17348773288,63.98960303250196,31.773934426172
Pentax,K-5 II,829,1600,1514.0,164.18257028526,64.38532168049412,31.799875041142
Pentax,K-5 II,829,1600,1514.0,165.19165283765,64.78104032849019,31.825650203326
Pentax,K-5 II,829,1600,1514.0,166.20073539003,65.17675897648235,31.85126194012
Pentax,K-5 II,829,1600,1514.0,167.20981794242,65.57247762447844,31.876712241928
Pentax,K-5 II,829,1600,1514.0,168.21890049481,65.9681962724745,31.902003063058
Pentax,K-5 II,829,1600,1514.0,169.22798304719,66.36391492046667,31.927136322587
Pentax,K-5 II,829,1600,1514.0,170.23706559958,66.75963356846275,31.952113905205
Pentax,K-5 II,829,1600,1514.0,171.24614815196,67.1553522164549,31.97693766203
Pentax,K-5 II,829,1600,1514.0,172.25523070435,67.55107086445098,32.001609411401
Pentax,K-5 II,829,1600,1514.0,173.26431325674,67.94678951244705,32.026130939648
Pentax,K-5 II,829,1600,1514.0,174.27339580912,68.34250816043921,32.050504001839
Pentax,K-5 II,829,1600,1514.0,175.28247836151,68.73822680843529,32.074730322503
Pentax,K-5 II,829,1600,1514.0,176.29156091389,69.13394545642745,32.098811596336
Pentax,K-5 II,829,1600,1514.0,177.30064346628,69.52966410442353,32.122749488887
Pentax,K-5 II,829,1600,1514.0,178.30972601867,69.92538275241961,32.146545637219
Pentax,K-5 II,829,1600,1514.0,179.31880857105,70.32110140041176,32.170201650556
Pentax,K-5 II,829,1600,1514.0,180.32789112344,70.71682004840784,32.193719110912
Pentax,K-5 II,829,1600,1514.0,181.33697367582,71.1125386964,32.2170995737
Pentax,K-5 II,829,1600,1514.0,182.34605622821,71.50825734439607,32.240344568324
Pentax,K-5 II,829,1600,1514.0,183.3551387806,71.90397599239216,32.263455598758
Pentax,K-5 II,829,1600,1514.0,184.36422133298,72.29969464038432,32.286434144104
Pentax,K-5 II,829,1600,1514.0,185.37330388537,72.6954132883804,32.309281659139
Pentax,K-5 II,829,1600,1514.0,186.38238643775,73.09113193637255,32.331999574846
Pentax,K-5 II,829,1600,1514.0,187.39146899014,73.48685058436863,32.354589298927
Pentax,K-5 II,829,1600,1514.0,188.40055154253,73.8825692323647,32.377052216308
Pentax,K-5 II,829,1600,1514.0,189.40963409491,74.27828788035686,32.399389689629
Pentax,K-5 II,829,1600,1514.0,190.4187166473,74.67400652835293,32.421603059715
Pentax,K-5 II,829,1600,1514.0,191.42779919968,75.0697251763451,32.443693646043
Pentax,K-5 II,829,1600,1514.0,192.43688175207,75.46544382434118,32.46566274719
Pentax,K-5 II,829,1600,1514.0,193.44596430446,75.86116247233726,32.487511641275
Pentax,K-5 II,829,1600,1514.0,194.45504685684,76.25688112032941,32.509241586385
Pentax,K-5 II,829,1600,1514.0,195.46412940923,76.65259976832549,32.530853820991
Pentax,K-5 II,829,1600,1514.0,196.47321196161,77.04831841631764,32.552349564352
Pentax,K-5 II,829,1600,1514.0,197.482294514,77.44403706431372,32.573730016915
Pentax,K-5 II,829,1600,1514.0,198.49137706639,77.8397557123098,32.594996360697
Pentax,K-5 II,829,1600,1514.0,199.50045961877,78.23547436030196,32.616149759658
Pentax,K-5 II,829,1600,1514.0,200.50954217116,78.63119300829804,32.637191360071
Pentax,K-5 II,829,1600,1514.0,201.51862472354,79.0269116562902,32.658122290879
Pentax,K-5 II,829,1600,1514.0,202.52770727593,79.42263030428627,32.678943664038
Pentax,K-5 II,829,1600,1514.0,203.53678982832,79.81834895228235,32.699656574858
Pentax,K-5 II,829,1600,1514.0,204.5458723807,80.2140676002745,32.720262102335
Pentax,K-5 II,829,1600,1514.0,205.55495493309,80.60978624827058,32.740761309475
Pentax,K-5 II,829,1600,1514.0,206.56403748547,81.00550489626275,32.761155243602
Pentax,K-5 II,829,1600,1514.0,207.57312003786,81.40122354425883,32.781444936671
Pentax,K-5 II,829,1600,1514.0,208.58220259025,81.7969421922549,32.801631405563
Pentax,K-5 II,829,1600,1514.0,209.59128514263,82.19266084024706,32.821715652382
Pentax,K-5 II,829,1600,1514.0,210.60036769502,82.58837948824313,32.841698664735
Pentax,K-5 II,829,1600,1514.0,211.6094502474,82.98409813623529,32.861581416013
Pentax,K-5 II,829,1600,1514.0,212.61853279979,83.37981678423137,32.88136486566
Pentax,K-5 II,829,1600,1514.0,213.62761535218,83.77553543222744,32.901049959444
Pentax,K-5 II,829,1600,1514.0,214.63669790456,84.17125408021961,32.920637629707
Pentax,K-5 II,829,1600,1514.0,215.64578045695,84.56697272821569,32.940128795625
Pentax,K-5 II,829,1600,1514.0,216.65486300933,84.96269137620784,32.959524363452
Pentax,K-5 II,829,1600,1514.0,217.66394556172,85.35841002420392,32.978825226762
Pentax,K-5 II,829,1600,1514.0,218.67302811411,85.7541286722,32.99803226668
Pentax,K-5 II,829,1600,1514.0,219.68211066649,86.14984732019215,33.017146352121
Pentax,K-5 II,829,1600,1514.0,220.69119321888,86.54556596818823,33.036168340006
Pentax,K-5 II,829,1600,1514.0,221.70027577126,86.9412846161804,33.055099075485
Pentax,K-5 II,829,1600,1514.0,222.70935832365,87.33700326417647,33.073939392154
Pentax,K-5 II,829,1600,1514.0,223.71844087604,87.73272191217255,33.09269011226
Pentax,K-5 II,829,1600,1514.0,224.72752342842,88.1284405601647,33.11135204691
Pentax,K-5 II,829,1600,1514.0,225.73660598081,88.52415920816078,33.129925996268
Pentax,K-5 II,829,1600,1514.0,226.74568853319,88.91987785615294,33.148412749753
Pentax,K-5 II,829,1600,1514.0,227.75477108558,89.31559650414901,33.166813086232
Pentax,K-5 II,829,1600,1514.0,228.76385363797,89.71131515214509,33.185127774203
Pentax,K-5 II,829,1600,1514.0,229.77293619035,90.10703380013726,33.203357571981
Pentax,K-5 II,829,1600,1514.0,230.78201874274,90.50275244813334,33.221503227877
Pentax,K-5 II,829,1600,1514.0,231.79110129512,90.89847109612549,33.239565480373
Pentax,K-5 II,829,1600,1514.0,232.80018384751,91.29418974412157,33.257545058293
Pentax,K-5 II,829,1600,1514.0,233.8092663999,91.68990839211764,33.27544268097
Pentax,K-5 II,829,1600,1514.0,234.81834895228,92.0856270401098,33.293259058412
Pentax,K-5 II,829,1600,1514.0,235.82743150467,92.48134568810588,33.31099489146
Pentax,K-5 II,829,1600,1514.0,236.83651405705,92.87706433609804,33.328650871949
Pentax,K-5 II,829,1600,1514.0,237.84559660944,93.27278298409412,33.346227682855
Pentax,K-5 II,829,1600,1514.0,238.85467916183,93.6685016320902,33.363725998454
Pentax,K-5 II,829,1600,1514.0,239.86376171421,94.06422028008235,33.381146484462
Pentax,K-5 II,829,1600,1514.0,240.8728442666,94.45993892807843,33.398489798183
Pentax,K-5 II,829,1600,1514.0,241.88192681898,94.85565757607058,33.415756588648
Pentax,K-5 II,829,1600,1514.0,242.89100937137,95.25137622406666,33.432947496756
Pentax,K-5 II,829,1600,1514.0,243.90009192375,95.64709487205883,33.450063155407
Pentax,K-5 II,829,1600,1514.0,244.90917447614,96.0428135200549,33.467104189635
Pentax,K-5 II,829,1600,1514.0,245.91825702853,96.43853216805098,33.484071216738
Pentax,K-5 II,829,1600,1514.0,246.92733958091,96.83425081604314,33.500964846406
Pentax,K-5 II,829,1600,1514.0,247.9364221333,97.22996946403921,33.517785680842
Pentax,K-5 II,829,1600,1514.0,248.94550468568,97.62568811203137,33.534534314891
Pentax,K-5 II,829,1600,1514.0,249.95458723807,98.02140676002745,33.55121133615
Pentax,K-5 II,829,1600,1514.0,250.96366979046,98.41712540802352,33.567817325095
Pentax,K-5 II,829,1600,1514.0,251.97275234284,98.81284405601569,33.584352855187
Pentax,K-5 II,829,1600,1514.0,252.98183489523,99.20856270401177,33.600818492992
Pentax,K-5 II,829,1600,1514.0,253.99091744761,99.60428135200392,33.617214798283
Pentax,K-5 II,829,1600,1514.0,255,100.0,33.633542324157
Pentax,K-5 II,829,3200,2482.0,0.56874534154231,0.2230373888401216,0
Pentax,K-5 II,829,3200,2482.0,1.0884470850959,0.4268419941552549,4.7197364540575
Pentax,K-5 II,829,3200,2482.0,2.1457382217091,0.8414659692976864,9.1914003856674
Pentax,K-5 II,829,3200,2482.0,4.7637955122226,1.8681551028323924,13.831358658137
Pentax,K-5 II,829,3200,2482.0,7.7747746654335,3.048931241346471,16.406265598183
Pentax,K-5 II,829,3200,2482.0,8.7838572178195,3.4446498893409805,17.021942126
Pentax,K-5 II,829,3200,2482.0,9.7929397702055,3.84036853733549,17.563101276697
Pentax,K-5 II,829,3200,2482.0,10.802022322591,4.236087185329803,18.045496640872
Pentax,K-5 II,829,3200,2482.0,11.811104874977,4.6318058333243135,18.480413701849
Pentax,K-5 II,829,3200,2482.0,12.820187427363,5.027524481318824,18.876202367662
Pentax,K-5 II,829,3200,2482.0,13.829269979749,5.423243129313334,19.239207357384
Pentax,K-5 II,829,3200,2482.0,14.838352532135,5.818961777307843,19.574358726295
Pentax,K-5 II,829,3200,2482.0,15.847435084521,6.214680425302353,19.885560872377
Pentax,K-5 II,829,3200,2482.0,16.856517636907,6.610399073296863,20.175957004422
Pentax,K-5 II,829,3200,2482.0,17.865600189293,7.006117721291373,20.448113883099
Pentax,K-5 II,829,3200,2482.0,18.874682741679,7.401836369285881,20.704153945732
Pentax,K-5 II,829,3200,2482.0,19.883765294065,7.797555017280393,20.945851773335
Pentax,K-5 II,829,3200,2482.0,20.892847846451,8.193273665274903,21.174705822046
Pentax,K-5 II,829,3200,2482.0,21.901930398837,8.588992313269411,21.391992636773
Pentax,K-5 II,829,3200,2482.0,22.911012951223,8.984710961263922,21.598808427318
Pentax,K-5 II,829,3200,2482.0,23.920095503609,9.380429609258432,21.796101375016
Pentax,K-5 II,829,3200,2482.0,24.929178055995,9.776148257252942,21.984697037511
Pentax,K-5 II,829,3200,2482.0,25.938260608381,10.171866905247452,22.165318544081
Pentax,K-5 II,829,3200,2482.0,26.947343160767,10.56758555324196,22.338602809782
Pentax,K-5 II,829,3200,2482.0,27.956425713153,10.96330420123647,22.505113672258
Pentax,K-5 II,829,3200,2482.0,28.965508265539,11.35902284923098,22.665352624853
Pentax,K-5 II,829,3200,2482.0,29.974590817925,11.75474149722549,22.819767654026
Pentax,K-5 II,829,3200,2482.0,30.983673370311,12.15046014522,22.968760568288
Pentax,K-5 II,829,3200,2482.0,31.992755922697,12.54617879321451,23.112693116809
Pentax,K-5 II,829,3200,2482.0,33.001838475083,12.941897441209019,23.251892129416
Pentax,K-5 II,829,3200,2482.0,34.010921027469,13.33761608920353,23.386653859612
Pentax,K-5 II,829,3200,2482.0,35.020003579855,13.733334737198039,23.517247674186
Pentax,K-5 II,829,3200,2482.0,36.029086132241,14.129053385192547,23.643919203711
Pentax,K-5 II,829,3200,2482.0,37.038168684627,14.52477203318706,23.766893045621
Pentax,K-5 II,829,3200,2482.0,38.047251237013,14.920490681181569,23.886375093881
Pentax,K-5 II,829,3200,2482.0,39.056333789399,15.316209329176079,24.002554555376
Pentax,K-5 II,829,3200,2482.0,40.065416341785,15.711927977170589,24.115605702185
Pentax,K-5 II,829,3200,2482.0,41.074498894171,16.1076466251651,24.225689400124
Pentax,K-5 II,829,3200,2482.0,42.083581446557,16.503365273159606,24.332954446928
Pentax,K-5 II,829,3200,2482.0,43.092663998943,16.89908392115412,24.437538747796
Pentax,K-5 II,829,3200,2482.0,44.101746551329,17.29480256914863,24.539570351427
Pentax,K-5 II,829,3200,2482.0,45.110829103715,17.690521217143136,24.63916836591
Pentax,K-5 II,829,3200,2482.0,46.119911656101,18.08623986513765,24.736443770812
Pentax,K-5 II,829,3200,2482.0,47.128994208487,18.481958513132156,24.831500139223
Pentax,K-5 II,829,3200,2482.0,48.138076760873,18.877677161126666,24.92443428149
Pentax,K-5 II,829,3200,2482.0,49.147159313259,19.273395809121176,25.015336820585
Pentax,K-5 II,829,3200,2482.0,50.156241865645,19.669114457115686,25.104292707634
Pentax,K-5 II,829,3200,2482.0,51.165324418031,20.064833105110193,25.191381684921
Pentax,K-5 II,829,3200,2482.0,52.174406970417,20.46055175310471,25.276678702645
Pentax,K-5 II,829,3200,2482.0,53.183489522803,20.856270401099216,25.360254294859
Pentax,K-5 II,829,3200,2482.0,54.192572075189,21.251989049093726,25.442174919301
Pentax,K-5 II,829,3200,2482.0,55.201654627575,21.647707697088237,25.522503265183
Pentax,K-5 II,829,3200,2482.0,56.210737179961,22.043426345082747,25.6012985325
Pentax,K-5 II,829,3200,2482.0,57.219819732347,22.439144993077253,25.678616685966
Pentax,K-5 II,829,3200,2482.0,58.228902284733,22.834863641071763,25.754510686274
Pentax,K-5 II,829,3200,2482.0,59.237984837119,23.230582289066277,25.829030701088
Pentax,K-5 II,829,3200,2482.0,60.247067389505,23.626300937060783,25.902224297835
Pentax,K-5 II,829,3200,2482.0,61.256149941891,24.022019585055297,25.974136620175
Pentax,K-5 II,829,3200,2482.0,62.265232494277,24.417738233049803,26.044810549748
Pentax,K-5 II,829,3200,2482.0,63.274315046663,24.813456881044313,26.114286854675
Pentax,K-5 II,829,3200,2482.0,64.283397599049,25.209175529038824,26.182604326073
Pentax,K-5 II,829,3200,2482.0,65.292480151435,25.604894177033334,26.24979990373
Pentax,K-5 II,829,3200,2482.0,66.301562703821,26.000612825027847,26.315908791969
Pentax,K-5 II,829,3200,2482.0,67.310645256207,26.39633147302235,26.380964566581
Pentax,K-5 II,829,3200,2482.0,68.319727808593,26.792050121016864,26.444999273664
Pentax,K-5 II,829,3200,2482.0,69.328810360979,27.187768769011374,26.508043521077
Pentax,K-5 II,829,3200,2482.0,70.337892913365,27.58348741700588,26.570126563162
Pentax,K-5 II,829,3200,2482.0,71.346975465751,27.979206065000394,26.631276379332
Pentax,K-5 II,829,3200,2482.0,72.356058018137,28.374924712994904,26.69151974703
Pentax,K-5 II,829,3200,2482.0,73.365140570523,28.77064336098941,26.750882309555
Pentax,K-5 II,829,3200,2482.0,74.374223122909,29.16636200898392,26.809388639166
Pentax,K-5 II,829,3200,2482.0,75.383305675295,29.562080656978434,26.86706229587
Pentax,K-5 II,829,3200,2482.0,76.392388227681,29.957799304972937,26.923925882223
Pentax,K-5 II,829,3200,2482.0,77.401470780067,30.35351795296745,26.980001094481
Pentax,K-5 II,829,3200,2482.0,78.410553332453,30.749236600961964,27.035308770381
Pentax,K-5 II,829,3200,2482.0,79.419635884838,31.14495524895608,27.089868933815
Pentax,K-5 II,829,3200,2482.0,80.428718437224,31.540673896950587,27.143700836638
Pentax,K-5 II,829,3200,2482.0,81.43780098961,31.936392544945097,27.196822997829
Pentax,K-5 II,829,3200,2482.0,82.446883541996,32.332111192939614,27.249253240196
Pentax,K-5 II,829,3200,2482.0,83.455966094382,32.72782984093412,27.301008724817
Pentax,K-5 II,829,3200,2482.0,84.465048646768,33.12354848892863,27.352105983379
Pentax,K-5 II,829,3200,2482.0,85.474131199154,33.51926713692313,27.402560948563
Pentax,K-5 II,829,3200,2482.0,86.48321375154,33.91498578491765,27.452388982622
Pentax,K-5 II,829,3200,2482.0,87.492296303926,34.31070443291215,27.501604904273
Pentax,K-5 II,829,3200,2482.0,88.501378856312,34.70642308090667,27.550223014024
Pentax,K-5 II,829,3200,2482.0,89.510461408698,35.10214172890118,27.598257118042
Pentax,K-5 II,829,3200,2482.0,90.519543961084,35.49786037689569,27.64572055067
Pentax,K-5 II,829,3200,2482.0,91.52862651347,35.8935790248902,27.692626195667
Pentax,K-5 II,829,3200,2482.0,92.537709065856,36.28929767288471,27.738986506275
Pentax,K-5 II,829,3200,2482.0,93.546791618242,36.685016320879214,27.784813524175
Pentax,K-5 II,829,3200,2482.0,94.555874170628,37.08073496887373,27.830118897419
Pentax,K-5 II,829,3200,2482.0,95.564956723014,37.47645361686824,27.874913897388
Pentax,K-5 II,829,3200,2482.0,96.5740392754,37.87217226486274,27.919209434855
Pentax,K-5 II,829,3200,2482.0,97.583121827786,38.267890912857254,27.963016075195
Pentax,K-5 II,829,3200,2482.0,98.592204380172,38.66360956085177,28.006344052804
Pentax,K-5 II,829,3200,2482.0,99.601286932558,39.059328208846274,28.049203284775
Pentax,K-5 II,829,3200,2482.0,100.61036948494,39.45504685683922,28.091603383872
Pentax,K-5 II,829,3200,2482.0,101.61945203733,39.850765504835294,28.133553670852
Pentax,K-5 II,829,3200,2482.0,102.62853458972,40.24648415283137,28.175063186165
Pentax,K-5 II,829,3200,2482.0,103.6376171421,40.642202800823526,28.21614070108
Pentax,K-5 II,829,3200,2482.0,104.64669969449,41.03792144881961,28.256794728258
Pentax,K-5 II,829,3200,2482.0,105.65578224687,41.433640096811764,28.297033531815
Pentax,K-5 II,829,3200,2482.0,106.66486479926,41.82935874480784,28.336865136903
Pentax,K-5 II,829,3200,2482.0,107.67394735165,42.225077392803925,28.376297338826
Pentax,K-5 II,829,3200,2482.0,108.68302990403,42.62079604079608,28.415337711734
Pentax,K-5 II,829,3200,2482.0,109.69211245642,43.01651468879216,28.453993616903
Pentax,K-5 II,829,3200,2482.0,110.7011950088,43.41223333678431,28.492272210639
Pentax,K-5 II,829,3200,2482.0,111.71027756119,43.80795198478039,28.530180451808
Pentax,K-5 II,829,3200,2482.0,112.71936011358,44.20367063277647,28.567725109037
Pentax,K-5 II,829,3200,2482.0,113.72844266596,44.599389280768634,28.604912767574
Pentax,K-5 II,829,3200,2482.0,114.73752521835,44.9951079287647,28.641749835858
Pentax,K-5 II,829,3200,2482.0,115.74660777073,45.39082657675686,28.678242551783
Pentax,K-5 II,829,3200,2482.0,116.75569032312,45.78654522475294,28.714396988698
Pentax,K-5 II,829,3200,2482.0,117.76477287551,46.182263872749026,28.75021906114
Pentax,K-5 II,829,3200,2482.0,118.77385542789,46.57798252074117,28.78571453032
Pentax,K-5 II,829,3200,2482.0,119.78293798028,46.97370116873725,28.820889009373
Pentax,K-5 II,829,3200,2482.0,120.79202053266,47.36941981672941,28.855747968392
Pentax,K-5 II,829,3200,2482.0,121.80110308505,47.765138464725496,28.890296739242
Pentax,K-5 II,829,3200,2482.0,122.81018563744,48.160857112721565,28.924540520176
Pentax,K-5 II,829,3200,2482.0,123.81926818982,48.55657576071372,28.958484380261
Pentax,K-5 II,829,3200,2482.0,124.82835074221,48.952294408709804,28.992133263623
Pentax,K-5 II,829,3200,2482.0,125.83743329459,49.34801305670196,29.025491993516
Pentax,K-5 II,829,3200,2482.0,126.84651584698,49.74373170469804,29.058565276229
Pentax,K-5 II,829,3200,2482.0,127.85559839937,50.13945035269411,29.091357704834
Pentax,K-5 II,829,3200,2482.0,128.86468095175,50.535169000686274,29.123873762792
Pentax,K-5 II,829,3200,2482.0,129.87376350414,50.930887648682344,29.156117827407
Pentax,K-5 II,829,3200,2482.0,130.88284605652,51.32660629667451,29.18809417315
Pentax,K-5 II,829,3200,2482.0,131.89192860891,51.722324944670596,29.219806974856
Pentax,K-5 II,829,3200,2482.0,132.9010111613,52.11804359266667,29.251260310794
Pentax,K-5 II,829,3200,2482.0,133.91009371368,52.51376224065882,29.282458165622
Pentax,K-5 II,829,3200,2482.0,134.91917626607,52.909480888654905,29.313404433226
Pentax,K-5 II,829,3200,2482.0,135.92825881845,53.30519953664705,29.344102919459
Pentax,K-5 II,829,3200,2482.0,136.93734137084,53.70091818464313,29.37455734477
Pentax,K-5 II,829,3200,2482.0,137.94642392323,54.09663683263921,29.404771346744
Pentax,K-5 II,829,3200,2482.0,138.95550647561,54.492355480631375,29.434748482538
Pentax,K-5 II,829,3200,2482.0,139.964589028,54.88807412862745,29.464492231237
Pentax,K-5 II,829,3200,2482.0,140.97367158038,55.28379277661961,29.49400599612
Pentax,K-5 II,829,3200,2482.0,141.98275413277,55.67951142461569,29.523293106847
Pentax,K-5 II,829,3200,2482.0,142.99183668516,56.07523007261176,29.552356821562
Pentax,K-5 II,829,3200,2482.0,144.00091923754,56.47094872060392,29.581200328932
Pentax,K-5 II,829,3200,2482.0,145.01000178993,56.8666673686,29.609826750102
Pentax,K-5 II,829,3200,2482.0,146.01908434231,57.26238601659216,29.63823914059
Pentax,K-5 II,829,3200,2482.0,147.0281668947,57.65810466458824,29.666440492111
Pentax,K-5 II,829,3200,2482.0,148.03724944709,58.05382331258432,29.694433734344
Pentax,K-5 II,829,3200,2482.0,149.04633199947,58.44954196057647,29.72222173663
Pentax,K-5 II,829,3200,2482.0,150.05541455186,58.845260608572545,29.749807309621
Pentax,K-5 II,829,3200,2482.0,151.06449710424,59.24097925656471,29.777193206866
Pentax,K-5 II,829,3200,2482.0,152.07357965663,59.636697904560776,29.804382126349
Pentax,K-5 II,829,3200,2482.0,153.08266220902,60.03241655255685,29.83137671197
Pentax,K-5 II,829,3200,2482.0,154.0917447614,60.42813520054903,29.858179554986
Pentax,K-5 II,829,3200,2482.0,155.10082731379,60.8238538485451,29.884793195391
Pentax,K-5 II,829,3200,2482.0,156.10990986617,61.21957249653725,29.911220123266
Pentax,K-5 II,829,3200,2482.0,157.11899241856,61.61529114453334,29.937462780073
Pentax,K-5 II,829,3200,2482.0,158.12807497095,62.011009792529414,29.963523559913
Pentax,K-5 II,829,3200,2482.0,159.13715752333,62.40672844052156,29.989404810745
Pentax,K-5 II,829,3200,2482.0,160.14624007572,62.802447088517646,30.015108835559
Pentax,K-5 II,829,3200,2482.0,161.1553226281,63.19816573650981,30.04063789352
Pentax,K-5 II,829,3200,2482.0,162.16440518049,63.593884384505884,30.065994201071
Pentax,K-5 II,829,3200,2482.0,163.17348773288,63.98960303250196,30.091179933004
Pentax,K-5 II,829,3200,2482.0,164.18257028526,64.38532168049412,30.116197223496
Pentax,K-5 II,829,3200,2482.0,165.19165283765,64.78104032849019,30.141048167111
Pentax,K-5 II,829,3200,2482.0,166.20073539003,65.17675897648235,30.165734819779
Pentax,K-5 II,829,3200,2482.0,167.20981794242,65.57247762447844,30.190259199737
Pentax,K-5 II,829,3200,2482.0,168.21890049481,65.9681962724745,30.214623288441
Pentax,K-5 II,829,3200,2482.0,169.22798304719,66.36391492046667,30.238829031462
Pentax,K-5 II,829,3200,2482.0,170.23706559958,66.75963356846275,30.262878339338
Pentax,K-5 II,829,3200,2482.0,171.24614815196,67.1553522164549,30.286773088416
Pentax,K-5 II,829,3200,2482.0,172.25523070435,67.55107086445098,30.310515121659
Pentax,K-5 II,829,3200,2482.0,173.26431325674,67.94678951244705,30.334106249436
Pentax,K-5 II,829,3200,2482.0,174.27339580912,68.34250816043921,30.357548250282
Pentax,K-5 II,829,3200,2482.0,175.28247836151,68.73822680843529,30.380842871642
Pentax,K-5 II,829,3200,2482.0,176.29156091389,69.13394545642745,30.40399183059
Pentax,K-5 II,829,3200,2482.0,177.30064346628,69.52966410442353,30.426996814531
Pentax,K-5 II,829,3200,2482.0,178.30972601867,69.92538275241961,30.449859481875
Pentax,K-5 II,829,3200,2482.0,179.31880857105,70.32110140041176,30.472581462701
Pentax,K-5 II,829,3200,2482.0,180.32789112344,70.71682004840784,30.4951643594
Pentax,K-5 II,829,3200,2482.0,181.33697367582,71.1125386964,30.517609747292
Pentax,K-5 II,829,3200,2482.0,182.34605622821,71.50825734439607,30.539919175237
Pentax,K-5 II,829,3200,2482.0,183.3551387806,71.90397599239216,30.562094166224
Pentax,K-5 II,829,3200,2482.0,184.36422133298,72.29969464038432,30.58413621794
Pentax,K-5 II,829,3200,2482.0,185.37330388537,72.6954132883804,30.606046803331
Pentax,K-5 II,829,3200,2482.0,186.38238643775,73.09113193637255,30.627827371141
Pentax,K-5 II,829,3200,2482.0,187.39146899014,73.48685058436863,30.64947934644
Pentax,K-5 II,829,3200,2482.0,188.40055154253,73.8825692323647,30.671004131136
Pentax,K-5 II,829,3200,2482.0,189.40963409491,74.27828788035686,30.692403104476
Pentax,K-5 II,829,3200,2482.0,190.4187166473,74.67400652835293,30.713677623528
Pentax,K-5 II,829,3200,2482.0,191.42779919968,75.0697251763451,30.734829023658
Pentax,K-5 II,829,3200,2482.0,192.43688175207,75.46544382434118,30.755858618986
Pentax,K-5 II,829,3200,2482.0,193.44596430446,75.86116247233726,30.776767702837
Pentax,K-5 II,829,3200,2482.0,194.45504685684,76.25688112032941,30.797557548173
Pentax,K-5 II,829,3200,2482.0,195.46412940923,76.65259976832549,30.818229408024
Pentax,K-5 II,829,3200,2482.0,196.47321196161,77.04831841631764,30.838784515897
Pentax,K-5 II,829,3200,2482.0,197.482294514,77.44403706431372,30.859224086182
Pentax,K-5 II,829,3200,2482.0,198.49137706639,77.8397557123098,30.879549314541
Pentax,K-5 II,829,3200,2482.0,199.50045961877,78.23547436030196,30.899761378296
Pentax,K-5 II,829,3200,2482.0,200.50954217116,78.63119300829804,30.919861436798
Pentax,K-5 II,829,3200,2482.0,201.51862472354,79.0269116562902,30.939850631791
Pentax,K-5 II,829,3200,2482.0,202.52770727593,79.42263030428627,30.959730087769
Pentax,K-5 II,829,3200,2482.0,203.53678982832,79.81834895228235,30.979500912319
Pentax,K-5 II,829,3200,2482.0,204.5458723807,80.2140676002745,30.999164196459
Pentax,K-5 II,829,3200,2482.0,205.55495493309,80.60978624827058,31.018721014967
Pentax,K-5 II,829,3200,2482.0,206.56403748547,81.00550489626275,31.0381724267
Pentax,K-5 II,829,3200,2482.0,207.57312003786,81.40122354425883,31.057519474907
Pentax,K-5 II,829,3200,2482.0,208.58220259025,81.7969421922549,31.076763187537
Pentax,K-5 II,829,3200,2482.0,209.59128514263,82.19266084024706,31.095904577533
Pentax,K-5 II,829,3200,2482.0,210.60036769502,82.58837948824313,31.114944643123
Pentax,K-5 II,829,3200,2482.0,211.6094502474,82.98409813623529,31.133884368104
Pentax,K-5 II,829,3200,2482.0,212.61853279979,83.37981678423137,31.15272472212
Pentax,K-5 II,829,3200,2482.0,213.62761535218,83.77553543222744,31.171466660929
Pentax,K-5 II,829,3200,2482.0,214.63669790456,84.17125408021961,31.19011112667
Pentax,K-5 II,829,3200,2482.0,215.64578045695,84.56697272821569,31.208659048117
Pentax,K-5 II,829,3200,2482.0,216.65486300933,84.96269137620784,31.227111340932
Pentax,K-5 II,829,3200,2482.0,217.66394556172,85.35841002420392,31.245468907913
Pentax,K-5 II,829,3200,2482.0,218.67302811411,85.7541286722,31.263732639227
Pentax,K-5 II,829,3200,2482.0,219.68211066649,86.14984732019215,31.281903412652
Pentax,K-5 II,829,3200,2482.0,220.69119321888,86.54556596818823,31.299982093801
Pentax,K-5 II,829,3200,2482.0,221.70027577126,86.9412846161804,31.317969536345
Pentax,K-5 II,829,3200,2482.0,222.70935832365,87.33700326417647,31.335866582235
Pentax,K-5 II,829,3200,2482.0,223.71844087604,87.73272191217255,31.353674061913
Pentax,K-5 II,829,3200,2482.0,224.72752342842,88.1284405601647,31.371392794522
Pentax,K-5 II,829,3200,2482.0,225.73660598081,88.52415920816078,31.389023588107
Pentax,K-5 II,829,3200,2482.0,226.74568853319,88.91987785615294,31.406567239818
Pentax,K-5 II,829,3200,2482.0,227.75477108558,89.31559650414901,31.424024536103
Pentax,K-5 II,829,3200,2482.0,228.76385363797,89.71131515214509,31.441396252898
Pentax,K-5 II,829,3200,2482.0,229.77293619035,90.10703380013726,31.458683155814
Pentax,K-5 II,829,3200,2482.0,230.78201874274,90.50275244813334,31.475886000322
Pentax,K-5 II,829,3200,2482.0,231.79110129512,90.89847109612549,31.493005531924
Pentax,K-5 II,829,3200,2482.0,232.80018384751,91.29418974412157,31.510042486336
Pentax,K-5 II,829,3200,2482.0,233.8092663999,91.68990839211764,31.526997589652
Pentax,K-5 II,829,3200,2482.0,234.81834895228,92.0856270401098,31.543871558513
Pentax,K-5 II,829,3200,2482.0,235.82743150467,92.48134568810588,31.560665100272
Pentax,K-5 II,829,3200,2482.0,236.83651405705,92.87706433609804,31.57737891315
Pentax,K-5 II,829,3200,2482.0,237.84559660944,93.27278298409412,31.594013686397
Pentax,K-5 II,829,3200,2482.0,238.85467916183,93.6685016320902,31.610570100439
Pentax,K-5 II,829,3200,2482.0,239.86376171421,94.06422028008235,31.627048827035
Pentax,K-5 II,829,3200,2482.0,240.8728442666,94.45993892807843,31.643450529415
Pentax,K-5 II,829,3200,2482.0,241.88192681898,94.85565757607058,31.659775862432
Pentax,K-5 II,829,3200,2482.0,242.89100937137,95.25137622406666,31.676025472697
Pentax,K-5 II,829,3200,2482.0,243.90009192375,95.64709487205883,31.692199998718
Pentax,K-5 II,829,3200,2482.0,244.90917447614,96.0428135200549,31.708300071035
Pentax,K-5 II,829,3200,2482.0,245.91825702853,96.43853216805098,31.724326312352
Pentax,K-5 II,829,3200,2482.0,246.92733958091,96.83425081604314,31.740279337665
Pentax,K-5 II,829,3200,2482.0,247.9364221333,97.22996946403921,31.75615975439
Pentax,K-5 II,829,3200,2482.0,248.94550468568,97.62568811203137,31.771968162486
Pentax,K-5 II,829,3200,2482.0,249.95458723807,98.02140676002745,31.787705154577
Pentax,K-5 II,829,3200,2482.0,250.96366979046,98.41712540802352,31.803371316072
Pentax,K-5 II,829,3200,2482.0,251.97275234284,98.81284405601569,31.818967225277
Pentax,K-5 II,829,3200,2482.0,252.98183489523,99.20856270401177,31.834493453515
Pentax,K-5 II,829,3200,2482.0,253.99091744761,99.60428135200392,31.849950565235
Pentax,K-5 II,829,3200,2482.0,255,100.0,31.865339118122
Pentax,K-5 II,829,6400,5145.0,1.0884470850959,0.4268419941552549,0
Pentax,K-5 II,829,6400,5145.0,2.1457382217091,0.8414659692976864,4.8980128517972
Pentax,K-5 II,829,6400,5145.0,4.7637955122226,1.8681551028323924,10.038588315644
Pentax,K-5 II,829,6400,5145.0,7.7747746654335,3.048931241346471,12.866180178019
Pentax,K-5 II,829,6400,5145.0,8.7838572178195,3.4446498893409805,13.535766641347
Pentax,K-5 II,829,6400,5145.0,9.7929397702055,3.84036853733549,14.121830298806
Pentax,K-5 II,829,6400,5145.0,10.802022322591,4.236087185329803,14.642209432406
Pentax,K-5 II,829,6400,5145.0,11.811104874977,4.6318058333243135,15.109676388087
Pentax,K-5 II,829,6400,5145.0,12.820187427363,5.027524481318824,15.533670207643
Pentax,K-5 II,829,6400,5145.0,13.829269979749,5.423243129313334,15.921351742013
Pentax,K-5 II,829,6400,5145.0,14.838352532135,5.818961777307843,16.278274713253
Pentax,K-5 II,829,6400,5145.0,15.847435084521,6.214680425302353,16.608828323092
Pentax,K-5 II,829,6400,5145.0,16.856517636907,6.610399073296863,16.916538347079
Pentax,K-5 II,829,6400,5145.0,17.865600189293,7.006117721291373,17.204277485913
Pentax,K-5 II,829,6400,5145.0,18.874682741679,7.401836369285881,17.474415766803
Pentax,K-5 II,829,6400,5145.0,19.883765294065,7.797555017280393,17.728930292611
Pentax,K-5 II,829,6400,5145.0,20.892847846451,8.193273665274903,17.969486784295
Pentax,K-5 II,829,6400,5145.0,21.901930398837,8.588992313269411,18.197501148906
Pentax,K-5 II,829,6400,5145.0,22.911012951223,8.984710961263922,18.414186642471
Pentax,K-5 II,829,6400,5145.0,23.920095503609,9.380429609258432,18.620590472457
Pentax,K-5 II,829,6400,5145.0,24.929178055995,9.776148257252942,18.817622542627
Pentax,K-5 II,829,6400,5145.0,25.938260608381,10.171866905247452,19.006078271947
Pentax,K-5 II,829,6400,5145.0,26.947343160767,10.56758555324196,19.18665688897
Pentax,K-5 II,829,6400,5145.0,27.956425713153,10.96330420123647,19.359976232465
Pentax,K-5 II,829,6400,5145.0,28.965508265539,11.35902284923098,19.526584826063
Pentax,K-5 II,829,6400,5145.0,29.974590817925,11.75474149722549,19.686971805479
Pentax,K-5 II,829,6400,5145.0,30.983673370311,12.15046014522,19.841575138963
Pentax,K-5 II,829,6400,5145.0,31.992755922697,12.54617879321451,19.990788480014
Pentax,K-5 II,829,6400,5145.0,33.001838475083,12.941897441209019,20.134966915547
Pentax,K-5 II,829,6400,5145.0,34.010921027469,13.33761608920353,20.274431815679
Pentax,K-5 II,829,6400,5145.0,35.020003579855,13.733334737198039,20.409474947874
Pentax,K-5 II,829,6400,5145.0,36.029086132241,14.129053385192547,20.540361984927
Pentax,K-5 II,829,6400,5145.0,37.038168684627,14.52477203318706,20.667335510494
Pentax,K-5 II,829,6400,5145.0,38.047251237013,14.920490681181569,20.790617605834
Pentax,K-5 II,829,6400,5145.0,39.056333789399,15.316209329176079,20.910412085639
Pentax,K-5 II,829,6400,5145.0,40.065416341785,15.711927977170589,21.026906438388
Pentax,K-5 II,829,6400,5145.0,41.074498894171,16.1076466251651,21.140273516709
Pentax,K-5 II,829,6400,5145.0,42.083581446557,16.503365273159606,21.250673015322
Pentax,K-5 II,829,6400,5145.0,43.092663998943,16.89908392115412,21.358252767697
Pentax,K-5 II,829,6400,5145.0,44.101746551329,17.29480256914863,21.4631498874
Pentax,K-5 II,829,6400,5145.0,45.110829103715,17.690521217143136,21.565491775852
Pentax,K-5 II,829,6400,5145.0,46.119911656101,18.08623986513765,21.665397014794
Pentax,K-5 II,829,6400,5145.0,47.128994208487,18.481958513132156,21.76297615887
Pentax,K-5 II,829,6400,5145.0,48.138076760873,18.877677161126666,21.858332441428
Pentax,K-5 II,829,6400,5145.0,49.147159313259,19.273395809121176,21.951562404654
Pentax,K-5 II,829,6400,5145.0,50.156241865645,19.669114457115686,22.042756463552
Pentax,K-5 II,829,6400,5145.0,51.165324418031,20.064833105110193,22.131999411902
Pentax,K-5 II,829,6400,5145.0,52.174406970417,20.46055175310471,22.219370877204
Pentax,K-5 II,829,6400,5145.0,53.183489522803,20.856270401099216,22.304945730642
Pentax,K-5 II,829,6400,5145.0,54.192572075189,21.251989049093726,22.388794457285
Pentax,K-5 II,829,6400,5145.0,55.201654627575,21.647707697088237,22.470983491054
Pentax,K-5 II,829,6400,5145.0,56.210737179961,22.043426345082747,22.5515755184
Pentax,K-5 II,829,6400,5145.0,57.219819732347,22.439144993077253,22.63062975412
Pentax,K-5 II,829,6400,5145.0,58.228902284733,22.834863641071763,22.708202192322
Pentax,K-5 II,829,6400,5145.0,59.237984837119,23.230582289066277,22.784345835172
Pentax,K-5 II,829,6400,5145.0,60.247067389505,23.626300937060783,22.859110901734
Pentax,K-5 II,829,6400,5145.0,61.256149941891,24.022019585055297,22.932545018947
Pentax,K-5 II,829,6400,5145.0,62.265232494277,24.417738233049803,23.004693396531
Pentax,K-5 II,829,6400,5145.0,63.274315046663,24.813456881044313,23.075598987422
Pentax,K-5 II,829,6400,5145.0,64.283397599049,25.209175529038824,23.145302635143
Pentax,K-5 II,829,6400,5145.0,65.292480151435,25.604894177033334,23.213843209361
Pentax,K-5 II,829,6400,5145.0,66.301562703821,26.000612825027847,23.281257730757
Pentax,K-5 II,829,6400,5145.0,67.310645256207,26.39633147302235,23.347581486191
Pentax,K-5 II,829,6400,5145.0,68.319727808593,26.792050121016864,23.412848135055
Pentax,K-5 II,829,6400,5145.0,69.328810360979,27.187768769011374,23.477089807617
Pentax,K-5 II,829,6400,5145.0,70.337892913365,27.58348741700588,23.540337196055
Pentax,K-5 II,829,6400,5145.0,71.346975465751,27.979206065000394,23.602619638832
Pentax,K-5 II,829,6400,5145.0,72.356058018137,28.374924712994904,23.663965198987
Pentax,K-5 II,829,6400,5145.0,73.365140570523,28.77064336098941,23.724400736847
Pentax,K-5 II,829,6400,5145.0,74.374223122909,29.16636200898392,23.783951977655
Pentax,K-5 II,829,6400,5145.0,75.383305675295,29.562080656978434,23.842643574504
Pentax,K-5 II,829,6400,5145.0,76.392388227681,29.957799304972937,23.900499166985
Pentax,K-5 II,829,6400,5145.0,77.401470780067,30.35351795296745,23.957541435886
Pentax,K-5 II,829,6400,5145.0,78.410553332453,30.749236600961964,24.01379215425
Pentax,K-5 II,829,6400,5145.0,79.419635884838,31.14495524895608,24.069272235089
Pentax,K-5 II,829,6400,5145.0,80.428718437224,31.540673896950587,24.124001776011
Pentax,K-5 II,829,6400,5145.0,81.43780098961,31.936392544945097,24.178000100989
Pentax,K-5 II,829,6400,5145.0,82.446883541996,32.332111192939614,24.231285799494
Pentax,K-5 II,829,6400,5145.0,83.455966094382,32.72782984093412,24.283876763195
Pentax,K-5 II,829,6400,5145.0,84.465048646768,33.12354848892863,24.335790220386
Pentax,K-5 II,829,6400,5145.0,85.474131199154,33.51926713692313,24.387042768334
Pentax,K-5 II,829,6400,5145.0,86.48321375154,33.91498578491765,24.437650403668
Pentax,K-5 II,829,6400,5145.0,87.492296303926,34.31070443291215,24.487628550972
Pentax,K-5 II,829,6400,5145.0,88.501378856312,34.70642308090667,24.536992089695
Pentax,K-5 II,829,6400,5145.0,89.510461408698,35.10214172890118,24.585755379504
Pentax,K-5 II,829,6400,5145.0,90.519543961084,35.49786037689569,24.633932284171
Pentax,K-5 II,829,6400,5145.0,91.52862651347,35.8935790248902,24.681536194118
Pentax,K-5 II,829,6400,5145.0,92.537709065856,36.28929767288471,24.728580047692
Pentax,K-5 II,829,6400,5145.0,93.546791618242,36.685016320879214,24.775076351255
Pentax,K-5 II,829,6400,5145.0,94.555874170628,37.08073496887373,24.821037198178
Pentax,K-5 II,829,6400,5145.0,95.564956723014,37.47645361686824,24.866474286801
Pentax,K-5 II,829,6400,5145.0,96.5740392754,37.87217226486274,24.911398937428
Pentax,K-5 II,829,6400,5145.0,97.583121827786,38.267890912857254,24.955822108422
Pentax,K-5 II,829,6400,5145.0,98.592204380172,38.66360956085177,24.999754411446
Pentax,K-5 II,829,6400,5145.0,99.601286932558,39.059328208846274,25.043206125922
Pentax,K-5 II,829,6400,5145.0,100.61036948494,39.45504685683922,25.086187212736
Pentax,K-5 II,829,6400,5145.0,101.61945203733,39.850765504835294,25.128707327245
Pentax,K-5 II,829,6400,5145.0,102.62853458972,40.24648415283137,25.170775831635
Pentax,K-5 II,829,6400,5145.0,103.6376171421,40.642202800823526,25.212401806653
Pentax,K-5 II,829,6400,5145.0,104.64669969449,41.03792144881961,25.253594062762
Pentax,K-5 II,829,6400,5145.0,105.65578224687,41.433640096811764,25.294361150747
Pentax,K-5 II,829,6400,5145.0,106.66486479926,41.82935874480784,25.334711371813
Pentax,K-5 II,829,6400,5145.0,107.67394735165,42.225077392803925,25.374652787188
Pentax,K-5 II,829,6400,5145.0,108.68302990403,42.62079604079608,25.414193227275
Pentax,K-5 II,829,6400,5145.0,109.69211245642,43.01651468879216,25.453340300373
Pentax,K-5 II,829,6400,5145.0,110.7011950088,43.41223333678431,25.492101400985
Pentax,K-5 II,829,6400,5145.0,111.71027756119,43.80795198478039,25.530483717749
Pentax,K-5 II,829,6400,5145.0,112.71936011358,44.20367063277647,25.568494240995
Pentax,K-5 II,829,6400,5145.0,113.72844266596,44.599389280768634,25.606139769971
Pentax,K-5 II,829,6400,5145.0,114.73752521835,44.9951079287647,25.643426919732
Pentax,K-5 II,829,6400,5145.0,115.74660777073,45.39082657675686,25.680362127728
Pentax,K-5 II,829,6400,5145.0,116.75569032312,45.78654522475294,25.716951660098
Pentax,K-5 II,829,6400,5145.0,117.76477287551,46.182263872749026,25.753201617689
Pentax,K-5 II,829,6400,5145.0,118.77385542789,46.57798252074117,25.789117941815
Pentax,K-5 II,829,6400,5145.0,119.78293798028,46.97370116873725,25.82470641976
Pentax,K-5 II,829,6400,5145.0,120.79202053266,47.36941981672941,25.859972690055
Pentax,K-5 II,829,6400,5145.0,121.80110308505,47.765138464725496,25.894922247526
Pentax,K-5 II,829,6400,5145.0,122.81018563744,48.160857112721565,25.929560448134
Pentax,K-5 II,829,6400,5145.0,123.81926818982,48.55657576071372,25.963892513604
Pentax,K-5 II,829,6400,5145.0,124.82835074221,48.952294408709804,25.997923535877
Pentax,K-5 II,829,6400,5145.0,125.83743329459,49.34801305670196,26.031658481365
Pentax,K-5 II,829,6400,5145.0,126.84651584698,49.74373170469804,26.065102195042
Pentax,K-5 II,829,6400,5145.0,127.85559839937,50.13945035269411,26.098259404369
Pentax,K-5 II,829,6400,5145.0,128.86468095175,50.535169000686274,26.131134723054
Pentax,K-5 II,829,6400,5145.0,129.87376350414,50.930887648682344,26.163732654678
Pentax,K-5 II,829,6400,5145.0,130.88284605652,51.32660629667451,26.196057596161
Pentax,K-5 II,829,6400,5145.0,131.89192860891,51.722324944670596,26.228113841104
Pentax,K-5 II,829,6400,5145.0,132.9010111613,52.11804359266667,26.259905582998
Pentax,K-5 II,829,6400,5145.0,133.91009371368,52.51376224065882,26.291436918308
Pentax,K-5 II,829,6400,5145.0,134.91917626607,52.909480888654905,26.322711849441
Pentax,K-5 II,829,6400,5145.0,135.92825881845,53.30519953664705,26.353734287601
Pentax,K-5 II,829,6400,5145.0,136.93734137084,53.70091818464313,26.384508055538
Pentax,K-5 II,829,6400,5145.0,137.94642392323,54.09663683263921,26.41503689019
Pentax,K-5 II,829,6400,5145.0,138.95550647561,54.492355480631375,26.44532444523
Pentax,K-5 II,829,6400,5145.0,139.964589028,54.88807412862745,26.475374293525
Pentax,K-5 II,829,6400,5145.0,140.97367158038,55.28379277661961,26.505189929491
Pentax,K-5 II,829,6400,5145.0,141.98275413277,55.67951142461569,26.534774771375
Pentax,K-5 II,829,6400,5145.0,142.99183668516,56.07523007261176,26.564132163452
Pentax,K-5 II,829,6400,5145.0,144.00091923754,56.47094872060392,26.593265378142
Pentax,K-5 II,829,6400,5145.0,145.01000178993,56.8666673686,26.622177618046
Pentax,K-5 II,829,6400,5145.0,146.01908434231,57.26238601659216,26.650872017926
Pentax,K-5 II,829,6400,5145.0,147.0281668947,57.65810466458824,26.679351646599
Pentax,K-5 II,829,6400,5145.0,148.03724944709,58.05382331258432,26.707619508775
Pentax,K-5 II,829,6400,5145.0,149.04633199947,58.44954196057647,26.735678546825
Pentax,K-5 II,829,6400,5145.0,150.05541455186,58.845260608572545,26.763531642498
Pentax,K-5 II,829,6400,5145.0,151.06449710424,59.24097925656471,26.791181618571
Pentax,K-5 II,829,6400,5145.0,152.07357965663,59.636697904560776,26.818631240442
Pentax,K-5 II,829,6400,5145.0,153.08266220902,60.03241655255685,26.845883217678
Pentax,K-5 II,829,6400,5145.0,154.0917447614,60.42813520054903,26.872940205507
Pentax,K-5 II,829,6400,5145.0,155.10082731379,60.8238538485451,26.899804806255
Pentax,K-5 II,829,6400,5145.0,156.10990986617,61.21957249653725,26.926479570746
Pentax,K-5 II,829,6400,5145.0,157.11899241856,61.61529114453334,26.952966999648
Pentax,K-5 II,829,6400,5145.0,158.12807497095,62.011009792529414,26.97926954478
Pentax,K-5 II,829,6400,5145.0,159.13715752333,62.40672844052156,27.005389610375
Pentax,K-5 II,829,6400,5145.0,160.14624007572,62.802447088517646,27.031329554298
Pentax,K-5 II,829,6400,5145.0,161.1553226281,63.19816573650981,27.057091689237
Pentax,K-5 II,829,6400,5145.0,162.16440518049,63.593884384505884,27.082678283844
Pentax,K-5 II,829,6400,5145.0,163.17348773288,63.98960303250196,27.108091563845
Pentax,K-5 II,829,6400,5145.0,164.18257028526,64.38532168049412,27.133333713118
Pentax,K-5 II,829,6400,5145.0,165.19165283765,64.78104032849019,27.158406874732
Pentax,K-5 II,829,6400,5145.0,166.20073539003,65.17675897648235,27.183313151957
Pentax,K-5 II,829,6400,5145.0,167.20981794242,65.57247762447844,27.208054609246
Pentax,K-5 II,829,6400,5145.0,168.21890049481,65.9681962724745,27.232633273177
Pentax,K-5 II,829,6400,5145.0,169.22798304719,66.36391492046667,27.257051133379
Pentax,K-5 II,829,6400,5145.0,170.23706559958,66.75963356846275,27.281310143421
Pentax,K-5 II,829,6400,5145.0,171.24614815196,67.1553522164549,27.305412221679
Pentax,K-5 II,829,6400,5145.0,172.25523070435,67.55107086445098,27.329359252174
Pentax,K-5 II,829,6400,5145.0,173.26431325674,67.94678951244705,27.353153085387
Pentax,K-5 II,829,6400,5145.0,174.27339580912,68.34250816043921,27.376795539051
Pentax,K-5 II,829,6400,5145.0,175.28247836151,68.73822680843529,27.400288398919
Pentax,K-5 II,829,6400,5145.0,176.29156091389,69.13394545642745,27.423633419504
Pentax,K-5 II,829,6400,5145.0,177.30064346628,69.52966410442353,27.446832324812
Pentax,K-5 II,829,6400,5145.0,178.30972601867,69.92538275241961,27.469886809035
Pentax,K-5 II,829,6400,5145.0,179.31880857105,70.32110140041176,27.49279853724
Pentax,K-5 II,829,6400,5145.0,180.32789112344,70.71682004840784,27.51556914603
Pentax,K-5 II,829,6400,5145.0,181.33697367582,71.1125386964,27.53820024419
Pentax,K-5 II,829,6400,5145.0,182.34605622821,71.50825734439607,27.560693413311
Pentax,K-5 II,829,6400,5145.0,183.3551387806,71.90397599239216,27.5830502084
Pentax,K-5 II,829,6400,5145.0,184.36422133298,72.29969464038432,27.605272158474
Pentax,K-5 II,829,6400,5145.0,185.37330388537,72.6954132883804,27.627360767132
Pentax,K-5 II,829,6400,5145.0,186.38238643775,73.09113193637255,27.649317513116
Pentax,K-5 II,829,6400,5145.0,187.39146899014,73.48685058436863,27.671143850859
Pentax,K-5 II,829,6400,5145.0,188.40055154253,73.8825692323647,27.692841211006
Pentax,K-5 II,829,6400,5145.0,189.40963409491,74.27828788035686,27.71441100094
Pentax,K-5 II,829,6400,5145.0,190.4187166473,74.67400652835293,27.735854605275
Pentax,K-5 II,829,6400,5145.0,191.42779919968,75.0697251763451,27.757173386347
Pentax,K-5 II,829,6400,5145.0,192.43688175207,75.46544382434118,27.77836868469
Pentax,K-5 II,829,6400,5145.0,193.44596430446,75.86116247233726,27.799441819497
Pentax,K-5 II,829,6400,5145.0,194.45504685684,76.25688112032941,27.820394089069
Pentax,K-5 II,829,6400,5145.0,195.46412940923,76.65259976832549,27.841226771257
Pentax,K-5 II,829,6400,5145.0,196.47321196161,77.04831841631764,27.861941123886
Pentax,K-5 II,829,6400,5145.0,197.482294514,77.44403706431372,27.88253838517
Pentax,K-5 II,829,6400,5145.0,198.49137706639,77.8397557123098,27.903019774121
Pentax,K-5 II,829,6400,5145.0,199.50045961877,78.23547436030196,27.92338649094
Pentax,K-5 II,829,6400,5145.0,200.50954217116,78.63119300829804,27.943639717404
Pentax,K-5 II,829,6400,5145.0,201.51862472354,79.0269116562902,27.963780617239
Pentax,K-5 II,829,6400,5145.0,202.52770727593,79.42263030428627,27.983810336487
Pentax,K-5 II,829,6400,5145.0,203.53678982832,79.81834895228235,28.003730003862
Pentax,K-5 II,829,6400,5145.0,204.5458723807,80.2140676002745,28.023540731095
Pentax,K-5 II,829,6400,5145.0,205.55495493309,80.60978624827058,28.043243613277
Pentax,K-5 II,829,6400,5145.0,206.56403748547,81.00550489626275,28.062839729185
Pentax,K-5 II,829,6400,5145.0,207.57312003786,81.40122354425883,28.082330141605
Pentax,K-5 II,829,6400,5145.0,208.58220259025,81.7969421922549,28.101715897648
Pentax,K-5 II,829,6400,5145.0,209.59128514263,82.19266084024706,28.120998029056
Pentax,K-5 II,829,6400,5145.0,210.60036769502,82.58837948824313,28.140177552498
Pentax,K-5 II,829,6400,5145.0,211.6094502474,82.98409813623529,28.159255469867
Pentax,K-5 II,829,6400,5145.0,212.61853279979,83.37981678423137,28.17823276856
Pentax,K-5 II,829,6400,5145.0,213.62761535218,83.77553543222744,28.197110421758
Pentax,K-5 II,829,6400,5145.0,214.63669790456,84.17125408021961,28.215889388699
Pentax,K-5 II,829,6400,5145.0,215.64578045695,84.56697272821569,28.234570614939
Pentax,K-5 II,829,6400,5145.0,216.65486300933,84.96269137620784,28.253155032615
Pentax,K-5 II,829,6400,5145.0,217.66394556172,85.35841002420392,28.271643560692
Pentax,K-5 II,829,6400,5145.0,218.67302811411,85.7541286722,28.290037105216
Pentax,K-5 II,829,6400,5145.0,219.68211066649,86.14984732019215,28.308336559551
Pentax,K-5 II,829,6400,5145.0,220.69119321888,86.54556596818823,28.326542804614
Pentax,K-5 II,829,6400,5145.0,221.70027577126,86.9412846161804,28.344656709108
Pentax,K-5 II,829,6400,5145.0,222.70935832365,87.33700326417647,28.362679129743
Pentax,K-5 II,829,6400,5145.0,223.71844087604,87.73272191217255,28.380610911458
Pentax,K-5 II,829,6400,5145.0,224.72752342842,88.1284405601647,28.398452887634
Pentax,K-5 II,829,6400,5145.0,225.73660598081,88.52415920816078,28.416205880304
Pentax,K-5 II,829,6400,5145.0,226.74568853319,88.91987785615294,28.433870700358
Pentax,K-5 II,829,6400,5145.0,227.75477108558,89.31559650414901,28.451448147745
Pentax,K-5 II,829,6400,5145.0,228.76385363797,89.71131515214509,28.468939011665
Pentax,K-5 II,829,6400,5145.0,229.77293619035,90.10703380013726,28.486344070762
Pentax,K-5 II,829,6400,5145.0,230.78201874274,90.50275244813334,28.503664093315
Pentax,K-5 II,829,6400,5145.0,231.79110129512,90.89847109612549,28.520899837415
Pentax,K-5 II,829,6400,5145.0,232.80018384751,91.29418974412157,28.538052051147
Pentax,K-5 II,829,6400,5145.0,233.8092663999,91.68990839211764,28.555121472766
Pentax,K-5 II,829,6400,5145.0,234.81834895228,92.0856270401098,28.572108830866
Pentax,K-5 II,829,6400,5145.0,235.82743150467,92.48134568810588,28.589014844551
Pentax,K-5 II,829,6400,5145.0,236.83651405705,92.87706433609804,28.605840223595
Pentax,K-5 II,829,6400,5145.0,237.84559660944,93.27278298409412,28.622585668605
Pentax,K-5 II,829,6400,5145.0,238.85467916183,93.6685016320902,28.639251871177
Pentax,K-5 II,829,6400,5145.0,239.86376171421,94.06422028008235,28.65583951405
Pentax,K-5 II,829,6400,5145.0,240.8728442666,94.45993892807843,28.672349271258
Pentax,K-5 II,829,6400,5145.0,241.88192681898,94.85565757607058,28.688781808272
Pentax,K-5 II,829,6400,5145.0,242.89100937137,95.25137622406666,28.705137782152
Pentax,K-5 II,829,6400,5145.0,243.90009192375,95.64709487205883,28.721417841682
Pentax,K-5 II,829,6400,5145.0,244.90917447614,96.0428135200549,28.73762262751
Pentax,K-5 II,829,6400,5145.0,245.91825702853,96.43853216805098,28.753752772284
Pentax,K-5 II,829,6400,5145.0,246.92733958091,96.83425081604314,28.769808900783
Pentax,K-5 II,829,6400,5145.0,247.9364221333,97.22996946403921,28.785791630048
Pentax,K-5 II,829,6400,5145.0,248.94550468568,97.62568811203137,28.801701569509
Pentax,K-5 II,829,6400,5145.0,249.95458723807,98.02140676002745,28.817539321111
Pentax,K-5 II,829,6400,5145.0,250.96366979046,98.41712540802352,28.833305479431
Pentax,K-5 II,829,6400,5145.0,251.97275234284,98.81284405601569,28.849000631804
Pentax,K-5 II,829,6400,5145.0,252.98183489523,99.20856270401177,28.864625358433
Pentax,K-5 II,829,6400,5145.0,253.99091744761,99.60428135200392,28.880180232513
Pentax,K-5 II,829,6400,5145.0,255,100.0,28.895665820333
Pentax,K-5 II,829,12800,10123.0,2.1457382217091,0.8414659692976864,0
Pentax,K-5 II,829,12800,10123.0,4.7637955122226,1.8681551028323924,5.6616588513998
Pentax,K-5 II,829,12800,10123.0,7.7747746654335,3.048931241346471,8.8071993108623
Pentax,K-5 II,829,12800,10123.0,8.7838572178195,3.4446498893409805,9.5507681200077
Pentax,K-5 II,829,12800,10123.0,9.7929397702055,3.84036853733549,10.20037217363
Pentax,K-5 II,829,12800,10123.0,10.802022322591,4.236087185329803,10.7759644518
Pentax,K-5 II,829,12800,10123.0,11.811104874977,4.6318058333243135,11.291895906392
Pentax,K-5 II,829,12800,10123.0,12.820187427363,5.027524481318824,11.758808142931
Pentax,K-5 II,829,12800,10123.0,13.829269979749,5.423243129313334,12.184794387277
Pentax,K-5 II,829,12800,10123.0,14.838352532135,5.818961777307843,12.576142500669
Pentax,K-5 II,829,12800,10123.0,15.847435084521,6.214680425302353,12.937827681183
Pentax,K-5 II,829,12800,10123.0,16.856517636907,6.610399073296863,13.273849174272
Pentax,K-5 II,829,12800,10123.0,17.865600189293,7.006117721291373,13.587466425616
Pentax,K-5 II,829,12800,10123.0,18.874682741679,7.401836369285881,13.881368489099
Pentax,K-5 II,829,12800,10123.0,19.883765294065,7.797555017280393,14.157797989406
Pentax,K-5 II,829,12800,10123.0,20.892847846451,8.193273665274903,14.418643439274
Pentax,K-5 II,829,12800,10123.0,21.901930398837,8.588992313269411,14.665509077302
Pentax,K-5 II,829,12800,10123.0,22.911012951223,8.984710961263922,14.899768450245
Pentax,K-5 II,829,12800,10123.0,23.920095503609,9.380429609258432,15.122606050482
Pentax,K-5 II,829,12800,10123.0,24.929178055995,9.776148257252942,15.335050047898
Pentax,K-5 II,829,12800,10123.0,25.938260608381,10.171866905247452,15.537998293957
Pentax,K-5 II,829,12800,10123.0,26.947343160767,10.56758555324196,15.732239181523
Pentax,K-5 II,829,12800,10123.0,27.956425713153,10.96330420123647,15.918468527533
Pentax,K-5 II,829,12800,10123.0,28.965508265539,11.35902284923098,16.097303349365
Pentax,K-5 II,829,12800,10123.0,29.974590817925,11.75474149722549,16.269293192161
Pentax,K-5 II,829,12800,10123.0,30.983673370311,12.15046014522,16.434929508371
Pentax,K-5 II,829,12800,10123.0,31.992755922697,12.54617879321451,16.5946534756
Pentax,K-5 II,829,12800,10123.0,33.001838475083,12.941897441209019,16.748862552828
Pentax,K-5 II,829,12800,10123.0,34.010921027469,13.33761608920353,16.897916010206
Pentax,K-5 II,829,12800,10123.0,35.020003579855,13.733334737198039,17.042139618234
Pentax,K-5 II,829,12800,10123.0,36.029086132241,14.129053385192547,17.181829644246
Pentax,K-5 II,829,12800,10123.0,37.038168684627,14.52477203318706,17.31725627474
Pentax,K-5 II,829,12800,10123.0,38.047251237013,14.920490681181569,17.448666559191
Pentax,K-5 II,829,12800,10123.0,39.056333789399,15.316209329176079,17.576286952995
Pentax,K-5 II,829,12800,10123.0,40.065416341785,15.711927977170589,17.700325522937
Pentax,K-5 II,829,12800,10123.0,41.074498894171,16.1076466251651,17.820973867242
Pentax,K-5 II,829,12800,10123.0,42.083581446557,16.503365273159606,17.93840879315
Pentax,K-5 II,829,12800,10123.0,43.092663998943,16.89908392115412,18.052793787682
Pentax,K-5 II,829,12800,10123.0,44.101746551329,17.29480256914863,18.164280311268
Pentax,K-5 II,829,12800,10123.0,45.110829103715,17.690521217143136,18.273008939099
Pentax,K-5 II,829,12800,10123.0,46.119911656101,18.08623986513765,18.37911037113
Pentax,K-5 II,829,12800,10123.0,47.128994208487,18.481958513132156,18.482706328332
Pentax,K-5 II,829,12800,10123.0,48.138076760873,18.877677161126666,18.583910350186
Pentax,K-5 II,829,12800,10123.0,49.147159313259,19.273395809121176,18.682828506103
Pentax,K-5 II,829,12800,10123.0,50.156241865645,19.669114457115686,18.779560031645
Pentax,K-5 II,829,12800,10123.0,51.165324418031,20.064833105110193,18.874197898829
Pentax,K-5 II,829,12800,10123.0,52.174406970417,20.46055175310471,18.966829328509
Pentax,K-5 II,829,12800,10123.0,53.183489522803,20.856270401099216,19.057536251722
Pentax,K-5 II,829,12800,10123.0,54.192572075189,21.251989049093726,19.14639572595
Pentax,K-5 II,829,12800,10123.0,55.201654627575,21.647707697088237,19.233480311451
Pentax,K-5 II,829,12800,10123.0,56.210737179961,22.043426345082747,19.31885841216
Pentax,K-5 II,829,12800,10123.0,57.219819732347,22.439144993077253,19.402594585066
Pentax,K-5 II,829,12800,10123.0,58.228902284733,22.834863641071763,19.484749821481
Pentax,K-5 II,829,12800,10123.0,59.237984837119,23.230582289066277,19.565381803197
Pentax,K-5 II,829,12800,10123.0,60.247067389505,23.626300937060783,19.644545136176
Pentax,K-5 II,829,12800,10123.0,61.256149941891,24.022019585055297,19.72229156406
Pentax,K-5 II,829,12800,10123.0,62.265232494277,24.417738233049803,19.798670163579
Pentax,K-5 II,829,12800,10123.0,63.274315046663,24.813456881044313,19.87372752364
Pentax,K-5 II,829,12800,10123.0,64.283397599049,25.209175529038824,19.947507909699
Pentax,K-5 II,829,12800,10123.0,65.292480151435,25.604894177033334,20.020053414852
Pentax,K-5 II,829,12800,10123.0,66.301562703821,26.000612825027847,20.091404098896
Pentax,K-5 II,829,12800,10123.0,67.310645256207,26.39633147302235,20.161598116482
Pentax,K-5 II,829,12800,10123.0,68.319727808593,26.792050121016864,20.230671835387
Pentax,K-5 II,829,12800,10123.0,69.328810360979,27.187768769011374,20.298659945779
Pentax,K-5 II,829,12800,10123.0,70.337892913365,27.58348741700588,20.365595561297
Pentax,K-5 II,829,12800,10123.0,71.346975465751,27.979206065000394,20.431510312665
Pentax,K-5 II,829,12800,10123.0,72.356058018137,28.374924712994904,20.496434434485
Pentax,K-5 II,829,12800,10123.0,73.365140570523,28.77064336098941,20.560396845803
Pentax,K-5 II,829,12800,10123.0,74.374223122909,29.16636200898392,20.623425224965
Pentax,K-5 II,829,12800,10123.0,75.383305675295,29.562080656978434,20.685546079253
Pentax,K-5 II,829,12800,10123.0,76.392388227681,29.957799304972937,20.746784809712
Pentax,K-5 II,829,12800,10123.0,77.401470780067,30.35351795296745,20.80716577158
Pentax,K-5 II,829,12800,10123.0,78.410553332453,30.749236600961964,20.866712330659
Pentax,K-5 II,829,12800,10123.0,79.419635884838,31.14495524895608,20.925446915949
Pentax,K-5 II,829,12800,10123.0,80.428718437224,31.540673896950587,20.983391068853
Pentax,K-5 II,829,12800,10123.0,81.43780098961,31.936392544945097,21.04056548919
Pentax,K-5 II,829,12800,10123.0,82.446883541996,32.332111192939614,21.096990078287
Pentax,K-5 II,829,12800,10123.0,83.455966094382,32.72782984093412,21.152683979355
Pentax,K-5 II,829,12800,10123.0,84.465048646768,33.12354848892863,21.207665615349
Pentax,K-5 II,829,12800,10123.0,85.474131199154,33.51926713692313,21.261952724512
Pentax,K-5 II,829,12800,10123.0,86.48321375154,33.91498578491765,21.315562393746
Pentax,K-5 II,829,12800,10123.0,87.492296303926,34.31070443291215,21.368511089999
Pentax,K-5 II,829,12800,10123.0,88.501378856312,34.70642308090667,21.420814689774
Pentax,K-5 II,829,12800,10123.0,89.510461408698,35.10214172890118,21.472488506921
Pentax,K-5 II,829,12800,10123.0,90.519543961084,35.49786037689569,21.523547318811
Pentax,K-5 II,829,12800,10123.0,91.52862651347,35.8935790248902,21.574005391013
Pentax,K-5 II,829,12800,10123.0,92.537709065856,36.28929767288471,21.623876500571
Pentax,K-5 II,829,12800,10123.0,93.546791618242,36.685016320879214,21.67317395798
Pentax,K-5 II,829,12800,10123.0,94.555874170628,37.08073496887373,21.721910627941
Pentax,K-5 II,829,12800,10123.0,95.564956723014,37.47645361686824,21.77009894898
Pentax,K-5 II,829,12800,10123.0,96.5740392754,37.87217226486274,21.817750952
Pentax,K-5 II,829,12800,10123.0,97.583121827786,38.267890912857254,21.864878277841
Pentax,K-5 II,829,12800,10123.0,98.592204380172,38.66360956085177,21.911492193901
Pentax,K-5 II,829,12800,10123.0,99.601286932558,39.059328208846274,21.957603609896
Pentax,K-5 II,829,12800,10123.0,100.61036948494,39.45504685683922,22.003223092783
Pentax,K-5 II,829,12800,10123.0,101.61945203733,39.850765504835294,22.048360880929
Pentax,K-5 II,829,12800,10123.0,102.62853458972,40.24648415283137,22.09302689755
Pentax,K-5 II,829,12800,10123.0,103.6376171421,40.642202800823526,22.137230763475
Pentax,K-5 II,829,12800,10123.0,104.64669969449,41.03792144881961,22.180981809267
Pentax,K-5 II,829,12800,10123.0,105.65578224687,41.433640096811764,22.224289086753
Pentax,K-5 II,829,12800,10123.0,106.66486479926,41.82935874480784,22.267161379982
Pentax,K-5 II,829,12800,10123.0,107.67394735165,42.225077392803925,22.309607215651
Pentax,K-5 II,829,12800,10123.0,108.68302990403,42.62079604079608,22.351634873034
Pentax,K-5 II,829,12800,10123.0,109.69211245642,43.01651468879216,22.393252393434
Pentax,K-5 II,829,12800,10123.0,110.7011950088,43.41223333678431,22.434467589191
Pentax,K-5 II,829,12800,10123.0,111.71027756119,43.80795198478039,22.47528805227
Pentax,K-5 II,829,12800,10123.0,112.71936011358,44.20367063277647,22.515721162446
Pentax,K-5 II,829,12800,10123.0,113.72844266596,44.599389280768634,22.555774095123
Pentax,K-5 II,829,12800,10123.0,114.73752521835,44.9951079287647,22.595453828783
Pentax,K-5 II,829,12800,10123.0,115.74660777073,45.39082657675686,22.634767152115
Pentax,K-5 II,829,12800,10123.0,116.75569032312,45.78654522475294,22.673720670811
Pentax,K-5 II,829,12800,10123.0,117.76477287551,46.182263872749026,22.712320814073
Pentax,K-5 II,829,12800,10123.0,118.77385542789,46.57798252074117,22.750573840825
Pentax,K-5 II,829,12800,10123.0,119.78293798028,46.97370116873725,22.78848584566
Pentax,K-5 II,829,12800,10123.0,120.79202053266,47.36941981672941,22.82606276453
Pentax,K-5 II,829,12800,10123.0,121.80110308505,47.765138464725496,22.863310380187
Pentax,K-5 II,829,12800,10123.0,122.81018563744,48.160857112721565,22.9002343274
Pentax,K-5 II,829,12800,10123.0,123.81926818982,48.55657576071372,22.936840097949
Pentax,K-5 II,829,12800,10123.0,124.82835074221,48.952294408709804,22.973133045411
Pentax,K-5 II,829,12800,10123.0,125.83743329459,49.34801305670196,23.009118389748
Pentax,K-5 II,829,12800,10123.0,126.84651584698,49.74373170469804,23.044801221705
Pentax,K-5 II,829,12800,10123.0,127.85559839937,50.13945035269411,23.080186507032
Pentax,K-5 II,829,12800,10123.0,128.86468095175,50.535169000686274,23.115279090533
Pentax,K-5 II,829,12800,10123.0,129.87376350414,50.930887648682344,23.150083699952
Pentax,K-5 II,829,12800,10123.0,130.88284605652,51.32660629667451,23.18460494971
Pentax,K-5 II,829,12800,10123.0,131.89192860891,51.722324944670596,23.218847344484
Pentax,K-5 II,829,12800,10123.0,132.9010111613,52.11804359266667,23.252815282656
Pentax,K-5 II,829,12800,10123.0,133.91009371368,52.51376224065882,23.286513059625
Pentax,K-5 II,829,12800,10123.0,134.91917626607,52.909480888654905,23.319944870987
Pentax,K-5 II,829,12800,10123.0,135.92825881845,53.30519953664705,23.3531148156
Pentax,K-5 II,829,12800,10123.0,136.93734137084,53.70091818464313,23.386026898526
Pentax,K-5 II,829,12800,10123.0,137.94642392323,54.09663683263921,23.418685033867
Pentax,K-5 II,829,12800,10123.0,138.95550647561,54.492355480631375,23.451093047494
Pentax,K-5 II,829,12800,10123.0,139.964589028,54.88807412862745,23.483254679674
Pentax,K-5 II,829,12800,10123.0,140.97367158038,55.28379277661961,23.515173587596
Pentax,K-5 II,829,12800,10123.0,141.98275413277,55.67951142461569,23.546853347813
Pentax,K-5 II,829,12800,10123.0,142.99183668516,56.07523007261176,23.57829745859
Pentax,K-5 II,829,12800,10123.0,144.00091923754,56.47094872060392,23.609509342165
Pentax,K-5 II,829,12800,10123.0,145.01000178993,56.8666673686,23.640492346937
Pentax,K-5 II,829,12800,10123.0,146.01908434231,57.26238601659216,23.671249749565
Pentax,K-5 II,829,12800,10123.0,147.0281668947,57.65810466458824,23.701784757005
Pentax,K-5 II,829,12800,10123.0,148.03724944709,58.05382331258432,23.732100508466
Pentax,K-5 II,829,12800,10123.0,149.04633199947,58.44954196057647,23.762200077301
Pentax,K-5 II,829,12800,10123.0,150.05541455186,58.845260608572545,23.792086472837
Pentax,K-5 II,829,12800,10123.0,151.06449710424,59.24097925656471,23.821762642132
Pentax,K-5 II,829,12800,10123.0,152.07357965663,59.636697904560776,23.851231471685
Pentax,K-5 II,829,12800,10123.0,153.08266220902,60.03241655255685,23.880495789075
Pentax,K-5 II,829,12800,10123.0,154.0917447614,60.42813520054903,23.909558364554
Pentax,K-5 II,829,12800,10123.0,155.10082731379,60.8238538485451,23.938421912585
Pentax,K-5 II,829,12800,10123.0,156.10990986617,61.21957249653725,23.967089093325
Pentax,K-5 II,829,12800,10123.0,157.11899241856,61.61529114453334,23.99556251406
Pentax,K-5 II,829,12800,10123.0,158.12807497095,62.011009792529414,24.023844730601
Pentax,K-5 II,829,12800,10123.0,159.13715752333,62.40672844052156,24.051938248621
Pentax,K-5 II,829,12800,10123.0,160.14624007572,62.802447088517646,24.07984552496
Pentax,K-5 II,829,12800,10123.0,161.1553226281,63.19816573650981,24.107568968881
Pentax,K-5 II,829,12800,10123.0,162.16440518049,63.593884384505884,24.135110943294
Pentax,K-5 II,829,12800,10123.0,163.17348773288,63.98960303250196,24.162473765926
Pentax,K-5 II,829,12800,10123.0,164.18257028526,64.38532168049412,24.189659710475
Pentax,K-5 II,829,12800,10123.0,165.19165283765,64.78104032849019,24.216671007708
Pentax,K-5 II,829,12800,10123.0,166.20073539003,65.17675897648235,24.243509846537
Pentax,K-5 II,829,12800,10123.0,167.20981794242,65.57247762447844,24.270178375059
Pentax,K-5 II,829,12800,10123.0,168.21890049481,65.9681962724745,24.296678701558
Pentax,K-5 II,829,12800,10123.0,169.22798304719,66.36391492046667,24.32301289549
Pentax,K-5 II,829,12800,10123.0,170.23706559958,66.75963356846275,24.34918298842
Pentax,K-5 II,829,12800,10123.0,171.24614815196,67.1553522164549,24.375190974946
Pentax,K-5 II,829,12800,10123.0,172.25523070435,67.55107086445098,24.401038813586
Pentax,K-5 II,829,12800,10123.0,173.26431325674,67.94678951244705,24.426728427646
Pentax,K-5 II,829,12800,10123.0,174.27339580912,68.34250816043921,24.452261706051
Pentax,K-5 II,829,12800,10123.0,175.28247836151,68.73822680843529,24.477640504166
Pentax,K-5 II,829,12800,10123.0,176.29156091389,69.13394545642745,24.50286664458
Pentax,K-5 II,829,12800,10123.0,177.30064346628,69.52966410442353,24.527941917874
Pentax,K-5 II,829,12800,10123.0,178.30972601867,69.92538275241961,24.552868083367
Pentax,K-5 II,829,12800,10123.0,179.31880857105,70.32110140041176,24.577646869834
Pentax,K-5 II,829,12800,10123.0,180.32789112344,70.71682004840784,24.602279976213
Pentax,K-5 II,829,12800,10123.0,181.33697367582,71.1125386964,24.626769072285
Pentax,K-5 II,829,12800,10123.0,182.34605622821,71.50825734439607,24.651115799335
Pentax,K-5 II,829,12800,10123.0,183.3551387806,71.90397599239216,24.675321770796
Pentax,K-5 II,829,12800,10123.0,184.36422133298,72.29969464038432,24.699388572879
Pentax,K-5 II,829,12800,10123.0,185.37330388537,72.6954132883804,24.723317765175
Pentax,K-5 II,829,12800,10123.0,186.38238643775,73.09113193637255,24.747110881252
Pentax,K-5 II,829,12800,10123.0,187.39146899014,73.48685058436863,24.770769429226
Pentax,K-5 II,829,12800,10123.0,188.40055154253,73.8825692323647,24.794294892323
Pentax,K-5 II,829,12800,10123.0,189.40963409491,74.27828788035686,24.817688729422
Pentax,K-5 II,829,12800,10123.0,190.4187166473,74.67400652835293,24.840952375585
Pentax,K-5 II,829,12800,10123.0,191.42779919968,75.0697251763451,24.86408724257
Pentax,K-5 II,829,12800,10123.0,192.43688175207,75.46544382434118,24.887094719336
Pentax,K-5 II,829,12800,10123.0,193.44596430446,75.86116247233726,24.909976172527
Pentax,K-5 II,829,12800,10123.0,194.45504685684,76.25688112032941,24.932732946949
Pentax,K-5 II,829,12800,10123.0,195.46412940923,76.65259976832549,24.95536636603
Pentax,K-5 II,829,12800,10123.0,196.47321196161,77.04831841631764,24.977877732274
Pentax,K-5 II,829,12800,10123.0,197.482294514,77.44403706431372,25.000268327697
Pentax,K-5 II,829,12800,10123.0,198.49137706639,77.8397557123098,25.022539414253
Pentax,K-5 II,829,12800,10123.0,199.50045961877,78.23547436030196,25.044692234251
Pentax,K-5 II,829,12800,10123.0,200.50954217116,78.63119300829804,25.066728010762
Pentax,K-5 II,829,12800,10123.0,201.51862472354,79.0269116562902,25.088647948009
Pentax,K-5 II,829,12800,10123.0,202.52770727593,79.42263030428627,25.110453231758
Pentax,K-5 II,829,12800,10123.0,203.53678982832,79.81834895228235,25.132145029688
Pentax,K-5 II,829,12800,10123.0,204.5458723807,80.2140676002745,25.153724491759
Pentax,K-5 II,829,12800,10123.0,205.55495493309,80.60978624827058,25.175192750566
Pentax,K-5 II,829,12800,10123.0,206.56403748547,81.00550489626275,25.196550921691
Pentax,K-5 II,829,12800,10123.0,207.57312003786,81.40122354425883,25.217800104036
Pentax,K-5 II,829,12800,10123.0,208.58220259025,81.7969421922549,25.238941380158
Pentax,K-5 II,829,12800,10123.0,209.59128514263,82.19266084024706,25.25997581659
Pentax,K-5 II,829,12800,10123.0,210.60036769502,82.58837948824313,25.280904464153
Pentax,K-5 II,829,12800,10123.0,211.6094502474,82.98409813623529,25.301728358266
Pentax,K-5 II,829,12800,10123.0,212.61853279979,83.37981678423137,25.322448519244
Pentax,K-5 II,829,12800,10123.0,213.62761535218,83.77553543222744,25.343065952589
Pentax,K-5 II,829,12800,10123.0,214.63669790456,84.17125408021961,25.363581649279
Pentax,K-5 II,829,12800,10123.0,215.64578045695,84.56697272821569,25.383996586038
Pentax,K-5 II,829,12800,10123.0,216.65486300933,84.96269137620784,25.404311725619
Pentax,K-5 II,829,12800,10123.0,217.66394556172,85.35841002420392,25.424528017059
Pentax,K-5 II,829,12800,10123.0,218.67302811411,85.7541286722,25.444646395942
Pentax,K-5 II,829,12800,10123.0,219.68211066649,86.14984732019215,25.464667784654
Pentax,K-5 II,829,12800,10123.0,220.69119321888,86.54556596818823,25.484593092626
Pentax,K-5 II,829,12800,10123.0,221.70027577126,86.9412846161804,25.504423216578
Pentax,K-5 II,829,12800,10123.0,222.70935832365,87.33700326417647,25.524159040751
Pentax,K-5 II,829,12800,10123.0,223.71844087604,87.73272191217255,25.543801437144
Pentax,K-5 II,829,12800,10123.0,224.72752342842,88.1284405601647,25.563351265731
Pentax,K-5 II,829,12800,10123.0,225.73660598081,88.52415920816078,25.582809374684
Pentax,K-5 II,829,12800,10123.0,226.74568853319,88.91987785615294,25.602176600592
Pentax,K-5 II,829,12800,10123.0,227.75477108558,89.31559650414901,25.621453768662
Pentax,K-5 II,829,12800,10123.0,228.76385363797,89.71131515214509,25.640641692934
Pentax,K-5 II,829,12800,10123.0,229.77293619035,90.10703380013726,25.659741176472
Pentax,K-5 II,829,12800,10123.0,230.78201874274,90.50275244813334,25.678753011568
Pentax,K-5 II,829,12800,10123.0,231.79110129512,90.89847109612549,25.69767797993
Pentax,K-5 II,829,12800,10123.0,232.80018384751,91.29418974412157,25.716516852869
Pentax,K-5 II,829,12800,10123.0,233.8092663999,91.68990839211764,25.735270391485
Pentax,K-5 II,829,12800,10123.0,234.81834895228,92.0856270401098,25.753939346844
Pentax,K-5 II,829,12800,10123.0,235.82743150467,92.48134568810588,25.772524460154
Pentax,K-5 II,829,12800,10123.0,236.83651405705,92.87706433609804,25.791026462937
Pentax,K-5 II,829,12800,10123.0,237.84559660944,93.27278298409412,25.809446077196
Pentax,K-5 II,829,12800,10123.0,238.85467916183,93.6685016320902,25.827784015582
Pentax,K-5 II,829,12800,10123.0,239.86376171421,94.06422028008235,25.846040981551
Pentax,K-5 II,829,12800,10123.0,240.8728442666,94.45993892807843,25.864217669523
Pentax,K-5 II,829,12800,10123.0,241.88192681898,94.85565757607058,25.882314765037
Pentax,K-5 II,829,12800,10123.0,242.89100937137,95.25137622406666,25.9003329449
Pentax,K-5 II,829,12800,10123.0,243.90009192375,95.64709487205883,25.918272877337
Pentax,K-5 II,829,12800,10123.0,244.90917447614,96.0428135200549,25.936135222131
Pentax,K-5 II,829,12800,10123.0,245.91825702853,96.43853216805098,25.953920630769
Pentax,K-5 II,829,12800,10123.0,246.92733958091,96.83425081604314,25.971629746578
Pentax,K-5 II,829,12800,10123.0,247.9364221333,97.22996946403921,25.98926320486
Pentax,K-5 II,829,12800,10123.0,248.94550468568,97.62568811203137,26.006821633029
Pentax,K-5 II,829,12800,10123.0,249.95458723807,98.02140676002745,26.024305650735
Pentax,K-5 II,829,12800,10123.0,250.96366979046,98.41712540802352,26.041715869995
Pentax,K-5 II,829,12800,10123.0,251.97275234284,98.81284405601569,26.059052895319
Pentax,K-5 II,829,12800,10123.0,252.98183489523,99.20856270401177,26.076317323827
Pentax,K-5 II,829,12800,10123.0,253.99091744761,99.60428135200392,26.093509745374
Pentax,K-5 II,829,12800,10123.0,255,100.0,26.110630742667
Pentax,K-5 II,829,25600,20551.0,4.7637955122226,1.8681551028323924,0
Pentax,K-5 II,829,25600,20551.0,7.7747746654335,3.048931241346471,3.571035378273
Pentax,K-5 II,829,25600,20551.0,8.7838572178195,3.4446498893409805,4.4240021172914
Pentax,K-5 II,829,25600,20551.0,9.7929397702055,3.84036853733549,5.1709935704875
Pentax,K-5 II,829,25600,20551.0,10.802022322591,4.236087185329803,5.833866167831
Pentax,K-5 II,829,25600,20551.0,11.811104874977,4.6318058333243135,6.4284886380035
Pentax,K-5 II,829,25600,20551.0,12.820187427363,5.027524481318824,6.966728427089
Pentax,K-5 II,829,25600,20551.0,13.829269979749,5.423243129313334,7.457680145189
Pentax,K-5 II,829,25600,20551.0,14.838352532135,5.818961777307843,7.9084580526366
Pentax,K-5 II,829,25600,20551.0,15.847435084521,6.214680425302353,8.3247256231241
Pentax,K-5 II,829,25600,20551.0,16.856517636907,6.610399073296863,8.7110601227309
Pentax,K-5 II,829,25600,20551.0,17.865600189293,7.006117721291373,9.0712101103905
Pentax,K-5 II,829,25600,20551.0,18.874682741679,7.401836369285881,9.4082813941296
Pentax,K-5 II,829,25600,20551.0,19.883765294065,7.797555017280393,9.724873961438
Pentax,K-5 II,829,25600,20551.0,20.892847846451,8.193273665274903,10.023184559894
Pentax,K-5 II,829,25600,20551.0,21.901930398837,8.588992313269411,10.305084732423
Pentax,K-5 II,829,25600,20551.0,22.911012951223,8.984710961263922,10.572181002332
Pentax,K-5 II,829,25600,20551.0,23.920095503609,9.380429609258432,10.825861870633
Pentax,K-5 II,829,25600,20551.0,24.929178055995,9.776148257252942,11.067334930484
Pentax,K-5 II,829,25600,20551.0,25.938260608381,10.171866905247452,11.297656478923
Pentax,K-5 II,829,25600,20551.0,26.947343160767,10.56758555324196,11.51775536522
Pentax,K-5 II,829,25600,20551.0,27.956425713153,10.96330420123647,11.728452363824
Pentax,K-5 II,829,25600,20551.0,28.965508265539,11.35902284923098,11.930476037299
Pentax,K-5 II,829,25600,20551.0,29.974590817925,11.75474149722549,12.124475821064
Pentax,K-5 II,829,25600,20551.0,30.983673370311,12.15046014522,12.311032890369
Pentax,K-5 II,829,25600,20551.0,31.992755922697,12.54617879321451,12.490669242899
Pentax,K-5 II,829,25600,20551.0,33.001838475083,12.941897441209019,12.663855335099
Pentax,K-5 II,829,25600,20551.0,34.010921027469,13.33761608920353,12.83101653819
Pentax,K-5 II,829,25600,20551.0,35.020003579855,13.733334737198039,12.992538624749
Pentax,K-5 II,829,25600,20551.0,36.029086132241,14.129053385192547,13.148772454213
Pentax,K-5 II,829,25600,20551.0,37.038168684627,14.52477203318706,13.300037992706
Pentax,K-5 II,829,25600,20551.0,38.047251237013,14.920490681181569,13.446627776727
Pentax,K-5 II,829,25600,20551.0,39.056333789399,15.316209329176079,13.588809909875
Pentax,K-5 II,829,25600,20551.0,40.065416341785,15.711927977170589,13.726830665633
Pentax,K-5 II,829,25600,20551.0,41.074498894171,16.1076466251651,13.860916756288
Pentax,K-5 II,829,25600,20551.0,42.083581446557,16.503365273159606,13.991277317744
Pentax,K-5 II,829,25600,20551.0,43.092663998943,16.89908392115412,14.118105651521
Pentax,K-5 II,829,25600,20551.0,44.101746551329,17.29480256914863,14.241580758502
Pentax,K-5 II,829,25600,20551.0,45.110829103715,17.690521217143136,14.361868693358
Pentax,K-5 II,829,25600,20551.0,46.119911656101,18.08623986513765,14.479123764064
Pentax,K-5 II,829,25600,20551.0,47.128994208487,18.481958513132156,14.593489597113
Pentax,K-5 II,829,25600,20551.0,48.138076760873,18.877677161126666,14.705100085961
Pentax,K-5 II,829,25600,20551.0,49.147159313259,19.273395809121176,14.814080237601
Pentax,K-5 II,829,25600,20551.0,50.156241865645,19.669114457115686,14.92054693003
Pentax,K-5 II,829,25600,20551.0,51.165324418031,20.064833105110193,15.024609591544
Pentax,K-5 II,829,25600,20551.0,52.174406970417,20.46055175310471,15.126370811274
Pentax,K-5 II,829,25600,20551.0,53.183489522803,20.856270401099216,15.225926889083
Pentax,K-5 II,829,25600,20551.0,54.192572075189,21.251989049093726,15.323368331865
Pentax,K-5 II,829,25600,20551.0,55.201654627575,21.647707697088237,15.418780302331
Pentax,K-5 II,829,25600,20551.0,56.210737179961,22.043426345082747,15.512243025616
Pentax,K-5 II,829,25600,20551.0,57.219819732347,22.439144993077253,15.603832158331
Pentax,K-5 II,829,25600,20551.0,58.228902284733,22.834863641071763,15.693619124111
Pentax,K-5 II,829,25600,20551.0,59.237984837119,23.230582289066277,15.781671419228
Pentax,K-5 II,829,25600,20551.0,60.247067389505,23.626300937060783,15.868052891386
Pentax,K-5 II,829,25600,20551.0,61.256149941891,24.022019585055297,15.952823994455
Pentax,K-5 II,829,25600,20551.0,62.265232494277,24.417738233049803,16.036042021575
Pentax,K-5 II,829,25600,20551.0,63.274315046663,24.813456881044313,16.117761318779
Pentax,K-5 II,829,25600,20551.0,64.283397599049,25.209175529038824,16.198033481044
Pentax,K-5 II,829,25600,20551.0,65.292480151435,25.604894177033334,16.276907532467
Pentax,K-5 II,829,25600,20551.0,66.301562703821,26.000612825027847,16.354430092069
Pentax,K-5 II,829,25600,20551.0,67.310645256207,26.39633147302235,16.430645526565
Pentax,K-5 II,829,25600,20551.0,68.319727808593,26.792050121016864,16.50559609132
Pentax,K-5 II,829,25600,20551.0,69.328810360979,27.187768769011374,16.579322060538
Pentax,K-5 II,829,25600,20551.0,70.337892913365,27.58348741700588,16.651861847677
Pentax,K-5 II,829,25600,20551.0,71.346975465751,27.979206065000394,16.723252116924
Pentax,K-5 II,829,25600,20551.0,72.356058018137,28.374924712994904,16.793527886528
Pentax,K-5 II,829,25600,20551.0,73.365140570523,28.77064336098941,16.86272262468
Pentax,K-5 II,829,25600,20551.0,74.374223122909,29.16636200898392,16.930868338582
Pentax,K-5 II,829,25600,20551.0,75.383305675295,29.562080656978434,16.997995657255
Pentax,K-5 II,829,25600,20551.0,76.392388227681,29.957799304972937,17.064133908624
Pentax,K-5 II,829,25600,20551.0,77.401470780067,30.35351795296745,17.129311191328
Pentax,K-5 II,829,25600,20551.0,78.410553332453,30.749236600961964,17.193554441693
Pentax,K-5 II,829,25600,20551.0,79.419635884838,31.14495524895608,17.256889496239
Pentax,K-5 II,829,25600,20551.0,80.428718437224,31.540673896950587,17.319341150081
Pentax,K-5 II,829,25600,20551.0,81.43780098961,31.936392544945097,17.380933211536
Pentax,K-5 II,829,25600,20551.0,82.446883541996,32.332111192939614,17.441688553223
Pentax,K-5 II,829,25600,20551.0,83.455966094382,32.72782984093412,17.501629159937
Pentax,K-5 II,829,25600,20551.0,84.465048646768,33.12354848892863,17.560776173511
Pentax,K-5 II,829,25600,20551.0,85.474131199154,33.51926713692313,17.619149934913
Pentax,K-5 II,829,25600,20551.0,86.48321375154,33.91498578491765,17.676770023765
Pentax,K-5 II,829,25600,20551.0,87.492296303926,34.31070443291215,17.733655295476
Pentax,K-5 II,829,25600,20551.0,88.501378856312,34.70642308090667,17.789823916152
Pentax,K-5 II,829,25600,20551.0,89.510461408698,35.10214172890118,17.845293395452
Pentax,K-5 II,829,25600,20551.0,90.519543961084,35.49786037689569,17.900080617516
Pentax,K-5 II,829,25600,20551.0,91.52862651347,35.8935790248902,17.954201870115
Pentax,K-5 II,829,25600,20551.0,92.537709065856,36.28929767288471,18.00767287213
Pentax,K-5 II,829,25600,20551.0,93.546791618242,36.685016320879214,18.060508799483
Pentax,K-5 II,829,25600,20551.0,94.555874170628,37.08073496887373,18.112724309612
Pentax,K-5 II,829,25600,20551.0,95.564956723014,37.47645361686824,18.164333564603
Pentax,K-5 II,829,25600,20551.0,96.5740392754,37.87217226486274,18.215350253044
Pentax,K-5 II,829,25600,20551.0,97.583121827786,38.267890912857254,18.265787610705
Pentax,K-5 II,829,25600,20551.0,98.592204380172,38.66360956085177,18.315658440105
Pentax,K-5 II,829,25600,20551.0,99.601286932558,39.059328208846274,18.364975129044
Pentax,K-5 II,829,25600,20551.0,100.61036948494,39.45504685683922,18.413749668159
Pentax,K-5 II,829,25600,20551.0,101.61945203733,39.850765504835294,18.461993667568
Pentax,K-5 II,829,25600,20551.0,102.62853458972,40.24648415283137,18.50971837266
Pentax,K-5 II,829,25600,20551.0,103.6376171421,40.642202800823526,18.556934679075
Pentax,K-5 II,829,25600,20551.0,104.64669969449,41.03792144881961,18.603653146936
Pentax,K-5 II,829,25600,20551.0,105.65578224687,41.433640096811764,18.649884014362
Pentax,K-5 II,829,25600,20551.0,106.66486479926,41.82935874480784,18.695637210313
Pentax,K-5 II,829,25600,20551.0,107.67394735165,42.225077392803925,18.740922366814
Pentax,K-5 II,829,25600,20551.0,108.68302990403,42.62079604079608,18.78574883057
Pentax,K-5 II,829,25600,20551.0,109.69211245642,43.01651468879216,18.830125674036
Pentax,K-5 II,829,25600,20551.0,110.7011950088,43.41223333678431,18.874061705951
Pentax,K-5 II,829,25600,20551.0,111.71027756119,43.80795198478039,18.917565481378
Pentax,K-5 II,829,25600,20551.0,112.71936011358,44.20367063277647,18.960645311272
Pentax,K-5 II,829,25600,20551.0,113.72844266596,44.599389280768634,19.003309271605
Pentax,K-5 II,829,25600,20551.0,114.73752521835,44.9951079287647,19.04556521207
Pentax,K-5 II,829,25600,20551.0,115.74660777073,45.39082657675686,19.087420764391
Pentax,K-5 II,829,25600,20551.0,116.75569032312,45.78654522475294,19.128883350255
Pentax,K-5 II,829,25600,20551.0,117.76477287551,46.182263872749026,19.169960188888
Pentax,K-5 II,829,25600,20551.0,118.77385542789,46.57798252074117,19.2106583043
Pentax,K-5 II,829,25600,20551.0,119.78293798028,46.97370116873725,19.250984532201
Pentax,K-5 II,829,25600,20551.0,120.79202053266,47.36941981672941,19.290945526627
Pentax,K-5 II,829,25600,20551.0,121.80110308505,47.765138464725496,19.330547766271
Pentax,K-5 II,829,25600,20551.0,122.81018563744,48.160857112721565,19.369797560541
Pentax,K-5 II,829,25600,20551.0,123.81926818982,48.55657576071372,19.408701055368
Pentax,K-5 II,829,25600,20551.0,124.82835074221,48.952294408709804,19.447264238764
Pentax,K-5 II,829,25600,20551.0,125.83743329459,49.34801305670196,19.485492946144
Pentax,K-5 II,829,25600,20551.0,126.84651584698,49.74373170469804,19.523392865432
Pentax,K-5 II,829,25600,20551.0,127.85559839937,50.13945035269411,19.560969541956
Pentax,K-5 II,829,25600,20551.0,128.86468095175,50.535169000686274,19.598228383139
Pentax,K-5 II,829,25600,20551.0,129.87376350414,50.930887648682344,19.635174663003
Pentax,K-5 II,829,25600,20551.0,130.88284605652,51.32660629667451,19.671813526493
Pentax,K-5 II,829,25600,20551.0,131.89192860891,51.722324944670596,19.708149993623
Pentax,K-5 II,829,25600,20551.0,132.9010111613,52.11804359266667,19.744188963463
Pentax,K-5 II,829,25600,20551.0,133.91009371368,52.51376224065882,19.779935217967
Pentax,K-5 II,829,25600,20551.0,134.91917626607,52.909480888654905,19.815393425649
Pentax,K-5 II,829,25600,20551.0,135.92825881845,53.30519953664705,19.850568145123
Pentax,K-5 II,829,25600,20551.0,136.93734137084,53.70091818464313,19.885463828501
Pentax,K-5 II,829,25600,20551.0,137.94642392323,54.09663683263921,19.920084824662
Pentax,K-5 II,829,25600,20551.0,138.95550647561,54.492355480631375,19.954435382403
Pentax,K-5 II,829,25600,20551.0,139.964589028,54.88807412862745,19.988519653463
Pentax,K-5 II,829,25600,20551.0,140.97367158038,55.28379277661961,20.022341695437
Pentax,K-5 II,829,25600,20551.0,141.98275413277,55.67951142461569,20.055905474589
Pentax,K-5 II,829,25600,20551.0,142.99183668516,56.07523007261176,20.08921486855
Pentax,K-5 II,829,25600,20551.0,144.00091923754,56.47094872060392,20.122273668926
Pentax,K-5 II,829,25600,20551.0,145.01000178993,56.8666673686,20.155085583806
Pentax,K-5 II,829,25600,20551.0,146.01908434231,57.26238601659216,20.187654240184
Pentax,K-5 II,829,25600,20551.0,147.0281668947,57.65810466458824,20.219983186293
Pentax,K-5 II,829,25600,20551.0,148.03724944709,58.05382331258432,20.252075893853
Pentax,K-5 II,829,25600,20551.0,149.04633199947,58.44954196057647,20.283935760244
Pentax,K-5 II,829,25600,20551.0,150.05541455186,58.845260608572545,20.315566110599
Pentax,K-5 II,829,25600,20551.0,151.06449710424,59.24097925656471,20.346970199829
Pentax,K-5 II,829,25600,20551.0,152.07357965663,59.636697904560776,20.378151214573
Pentax,K-5 II,829,25600,20551.0,153.08266220902,60.03241655255685,20.409112275083
Pentax,K-5 II,829,25600,20551.0,154.0917447614,60.42813520054903,20.439856437045
Pentax,K-5 II,829,25600,20551.0,155.10082731379,60.8238538485451,20.470386693342
Pentax,K-5 II,829,25600,20551.0,156.10990986617,61.21957249653725,20.500705975747
Pentax,K-5 II,829,25600,20551.0,157.11899241856,61.61529114453334,20.530817156569
Pentax,K-5 II,829,25600,20551.0,158.12807497095,62.011009792529414,20.560723050246
Pentax,K-5 II,829,25600,20551.0,159.13715752333,62.40672844052156,20.590426414872
Pentax,K-5 II,829,25600,20551.0,160.14624007572,62.802447088517646,20.619929953692
Pentax,K-5 II,829,25600,20551.0,161.1553226281,63.19816573650981,20.649236316532
Pentax,K-5 II,829,25600,20551.0,162.16440518049,63.593884384505884,20.678348101192
Pentax,K-5 II,829,25600,20551.0,163.17348773288,63.98960303250196,20.707267854795
Pentax,K-5 II,829,25600,20551.0,164.18257028526,64.38532168049412,20.735998075084
Pentax,K-5 II,829,25600,20551.0,165.19165283765,64.78104032849019,20.764541211688
Pentax,K-5 II,829,25600,20551.0,166.20073539003,65.17675897648235,20.792899667342
Pentax,K-5 II,829,25600,20551.0,167.20981794242,65.57247762447844,20.82107579907
Pentax,K-5 II,829,25600,20551.0,168.21890049481,65.9681962724745,20.849071919331
Pentax,K-5 II,829,25600,20551.0,169.22798304719,66.36391492046667,20.876890297132
Pentax,K-5 II,829,25600,20551.0,170.23706559958,66.75963356846275,20.904533159102
Pentax,K-5 II,829,25600,20551.0,171.24614815196,67.1553522164549,20.932002690534
Pentax,K-5 II,829,25600,20551.0,172.25523070435,67.55107086445098,20.959301036402
Pentax,K-5 II,829,25600,20551.0,173.26431325674,67.94678951244705,20.986430302338
Pentax,K-5 II,829,25600,20551.0,174.27339580912,68.34250816043921,21.013392555584
Pentax,K-5 II,829,25600,20551.0,175.28247836151,68.73822680843529,21.040189825917
Pentax,K-5 II,829,25600,20551.0,176.29156091389,69.13394545642745,21.066824106543
Pentax,K-5 II,829,25600,20551.0,177.30064346628,69.52966410442353,21.093297354965
Pentax,K-5 II,829,25600,20551.0,178.30972601867,69.92538275241961,21.119611493829
Pentax,K-5 II,829,25600,20551.0,179.31880857105,70.32110140041176,21.145768411742
Pentax,K-5 II,829,25600,20551.0,180.32789112344,70.71682004840784,21.171769964067
Pentax,K-5 II,829,25600,20551.0,181.33697367582,71.1125386964,21.197617973694
Pentax,K-5 II,829,25600,20551.0,182.34605622821,71.50825734439607,21.223314231792
Pentax,K-5 II,829,25600,20551.0,183.3551387806,71.90397599239216,21.248860498536
Pentax,K-5 II,829,25600,20551.0,184.36422133298,72.29969464038432,21.274258503815
Pentax,K-5 II,829,25600,20551.0,185.37330388537,72.6954132883804,21.29950994792
Pentax,K-5 II,829,25600,20551.0,186.38238643775,73.09113193637255,21.324616502211
Pentax,K-5 II,829,25600,20551.0,187.39146899014,73.48685058436863,21.349579809769
Pentax,K-5 II,829,25600,20551.0,188.40055154253,73.8825692323647,21.374401486028
Pentax,K-5 II,829,25600,20551.0,189.40963409491,74.27828788035686,21.399083119384
Pentax,K-5 II,829,25600,20551.0,190.4187166473,74.67400652835293,21.4236262718
Pentax,K-5 II,829,25600,20551.0,191.42779919968,75.0697251763451,21.44803247938
Pentax,K-5 II,829,25600,20551.0,192.43688175207,75.46544382434118,21.472303252938
Pentax,K-5 II,829,25600,20551.0,193.44596430446,75.86116247233726,21.496440078548
Pentax,K-5 II,829,25600,20551.0,194.45504685684,76.25688112032941,21.520444418076
Pentax,K-5 II,829,25600,20551.0,195.46412940923,76.65259976832549,21.544317709704
Pentax,K-5 II,829,25600,20551.0,196.47321196161,77.04831841631764,21.568061368434
Pentax,K-5 II,829,25600,20551.0,197.482294514,77.44403706431372,21.591676786584
Pentax,K-5 II,829,25600,20551.0,198.49137706639,77.8397557123098,21.615165334266
Pentax,K-5 II,829,25600,20551.0,199.50045961877,78.23547436030196,21.638528359857
Pentax,K-5 II,829,25600,20551.0,200.50954217116,78.63119300829804,21.661767190448
Pentax,K-5 II,829,25600,20551.0,201.51862472354,79.0269116562902,21.684883132298
Pentax,K-5 II,829,25600,20551.0,202.52770727593,79.42263030428627,21.707877471255
Pentax,K-5 II,829,25600,20551.0,203.53678982832,79.81834895228235,21.730751473187
Pentax,K-5 II,829,25600,20551.0,204.5458723807,80.2140676002745,21.753506384383
Pentax,K-5 II,829,25600,20551.0,205.55495493309,80.60978624827058,21.776143431963
Pentax,K-5 II,829,25600,20551.0,206.56403748547,81.00550489626275,21.798663824259
Pentax,K-5 II,829,25600,20551.0,207.57312003786,81.40122354425883,21.821068751199
Pentax,K-5 II,829,25600,20551.0,208.58220259025,81.7969421922549,21.84335938468
Pentax,K-5 II,829,25600,20551.0,209.59128514263,82.19266084024706,21.865536878922
Pentax,K-5 II,829,25600,20551.0,210.60036769502,82.58837948824313,21.887602370827
Pentax,K-5 II,829,25600,20551.0,211.6094502474,82.98409813623529,21.909556980319
Pentax,K-5 II,829,25600,20551.0,212.61853279979,83.37981678423137,21.931401810682
Pentax,K-5 II,829,25600,20551.0,213.62761535218,83.77553543222744,21.953137948882
Pentax,K-5 II,829,25600,20551.0,214.63669790456,84.17125408021961,21.974766465892
Pentax,K-5 II,829,25600,20551.0,215.64578045695,84.56697272821569,21.996288416997
Pentax,K-5 II,829,25600,20551.0,216.65486300933,84.96269137620784,22.017704842104
Pentax,K-5 II,829,25600,20551.0,217.66394556172,85.35841002420392,22.039016766032
Pentax,K-5 II,829,25600,20551.0,218.67302811411,85.7541286722,22.060225198808
Pentax,K-5 II,829,25600,20551.0,219.68211066649,86.14984732019215,22.081331135942
Pentax,K-5 II,829,25600,20551.0,220.69119321888,86.54556596818823,22.102335558709
Pentax,K-5 II,829,25600,20551.0,221.70027577126,86.9412846161804,22.123239434417
Pentax,K-5 II,829,25600,20551.0,222.70935832365,87.33700326417647,22.144043716667
Pentax,K-5 II,829,25600,20551.0,223.71844087604,87.73272191217255,22.164749345611
Pentax,K-5 II,829,25600,20551.0,224.72752342842,88.1284405601647,22.185357248205
Pentax,K-5 II,829,25600,20551.0,225.73660598081,88.52415920816078,22.205868338454
Pentax,K-5 II,829,25600,20551.0,226.74568853319,88.91987785615294,22.226283517646
Pentax,K-5 II,829,25600,20551.0,227.75477108558,89.31559650414901,22.246603674592
Pentax,K-5 II,829,25600,20551.0,228.76385363797,89.71131515214509,22.266829685853
Pentax,K-5 II,829,25600,20551.0,229.77293619035,90.10703380013726,22.286962415961
Pentax,K-5 II,829,25600,20551.0,230.78201874274,90.50275244813334,22.30700271764
Pentax,K-5 II,829,25600,20551.0,231.79110129512,90.89847109612549,22.326951432019
Pentax,K-5 II,829,25600,20551.0,232.80018384751,91.29418974412157,22.346809388838
Pentax,K-5 II,829,25600,20551.0,233.8092663999,91.68990839211764,22.366577406656
Pentax,K-5 II,829,25600,20551.0,234.81834895228,92.0856270401098,22.386256293047
Pentax,K-5 II,829,25600,20551.0,235.82743150467,92.48134568810588,22.405846844798
Pentax,K-5 II,829,25600,20551.0,236.83651405705,92.87706433609804,22.425349848095
Pentax,K-5 II,829,25600,20551.0,237.84559660944,93.27278298409412,22.444766078716
Pentax,K-5 II,829,25600,20551.0,238.85467916183,93.6685016320902,22.464096302207
Pentax,K-5 II,829,25600,20551.0,239.86376171421,94.06422028008235,22.483341274067
Pentax,K-5 II,829,25600,20551.0,240.8728442666,94.45993892807843,22.502501739916
Pentax,K-5 II,829,25600,20551.0,241.88192681898,94.85565757607058,22.521578435671
Pentax,K-5 II,829,25600,20551.0,242.89100937137,95.25137622406666,22.54057208771
Pentax,K-5 II,829,25600,20551.0,243.90009192375,95.64709487205883,22.559483413037
Pentax,K-5 II,829,25600,20551.0,244.90917447614,96.0428135200549,22.578313119443
Pentax,K-5 II,829,25600,20551.0,245.91825702853,96.43853216805098,22.597061905659
Pentax,K-5 II,829,25600,20551.0,246.92733958091,96.83425081604314,22.615730461516
Pentax,K-5 II,829,25600,20551.0,247.9364221333,97.22996946403921,22.634319468087
Pentax,K-5 II,829,25600,20551.0,248.94550468568,97.62568811203137,22.652829597842
Pentax,K-5 II,829,25600,20551.0,249.95458723807,98.02140676002745,22.671261514785
Pentax,K-5 II,829,25600,20551.0,250.96366979046,98.41712540802352,22.689615874601
Pentax,K-5 II,829,25600,20551.0,251.97275234284,98.81284405601569,22.707893324791
Pentax,K-5 II,829,25600,20551.0,252.98183489523,99.20856270401177,22.726094504805
Pentax,K-5 II,829,25600,20551.0,253.99091744761,99.60428135200392,22.74422004618
Pentax,K-5 II,829,25600,20551.0,255,100.0,22.762270572665
Pentax,K-5 II,829,51200,38324.0,7.7747746654335,3.048931241346471,0
Pentax,K-5 II,829,51200,38324.0,8.7838572178195,3.4446498893409805,0.85505839751794
Pentax,K-5 II,829,51200,38324.0,9.7929397702055,3.84036853733549,1.6039563469935
Pentax,K-5 II,829,51200,38324.0,10.802022322591,4.236087185329803,2.2685738233978
Pentax,K-5 II,829,51200,38324.0,11.811104874977,4.6318058333243135,2.8647992707745
Pentax,K-5 II,829,51200,38324.0,12.820187427363,5.027524481318824,3.4045167691337
Pentax,K-5 II,829,51200,38324.0,13.829269979749,5.423243129313334,3.8968350604519
Pentax,K-5 II,829,51200,38324.0,14.838352532135,5.818961777307843,4.3488804882823
Pentax,K-5 II,829,51200,38324.0,15.847435084521,6.214680425302353,4.7663269191347
Pentax,K-5 II,829,51200,38324.0,16.856517636907,6.610399073296863,5.1537606071178
Pentax,K-5 II,829,51200,38324.0,17.865600189293,7.006117721291373,5.5149379240033
Pentax,K-5 II,829,51200,38324.0,18.874682741679,7.401836369285881,5.8529715014576
Pentax,K-5 II,829,51200,38324.0,19.883765294065,7.797555017280393,6.1704673131641
Pentax,K-5 II,829,51200,38324.0,20.892847846451,8.193273665274903,6.4696273800965
Pentax,K-5 II,829,51200,38324.0,21.901930398837,8.588992313269411,6.7523279088055
Pentax,K-5 II,829,51200,38324.0,22.911012951223,8.984710961263922,7.0201795621121
Pentax,K-5 II,829,51200,38324.0,23.920095503609,9.380429609258432,7.2745745280467
Pentax,K-5 II,829,51200,38324.0,24.929178055995,9.776148257252942,7.5167236944725
Pentax,K-5 II,829,51200,38324.0,25.938260608381,10.171866905247452,7.7476863116486
Pentax,K-5 II,829,51200,38324.0,26.947343160767,10.56758555324196,7.9683938837084
Pentax,K-5 II,829,51200,38324.0,27.956425713153,10.96330420123647,8.1796695783504
Pentax,K-5 II,829,51200,38324.0,28.965508265539,11.35902284923098,8.3822441212316
Pentax,K-5 II,829,51200,38324.0,29.974590817925,11.75474149722549,8.57676890772
Pentax,K-5 II,829,51200,38324.0,30.983673370311,12.15046014522,8.7638268931747
Pentax,K-5 II,829,51200,38324.0,31.992755922697,12.54617879321451,8.9439416957123
Pentax,K-5 II,829,51200,38324.0,33.001838475083,12.941897441209019,9.1175852500423
Pentax,K-5 II,829,51200,38324.0,34.010921027469,13.33761608920353,9.285184278744
Pentax,K-5 II,829,51200,38324.0,35.020003579855,13.733334737198039,9.4471257921729
Pentax,K-5 II,829,51200,38324.0,36.029086132241,14.129053385192547,9.6037617856567
Pentax,K-5 II,829,51200,38324.0,37.038168684627,14.52477203318706,9.7554132695927
Pentax,K-5 II,829,51200,38324.0,38.047251237013,14.920490681181569,9.9023737421898
Pentax,K-5 II,829,51200,38324.0,39.056333789399,15.316209329176079,10.044912194196
Pentax,K-5 II,829,51200,38324.0,40.065416341785,15.711927977170589,10.183275718768
Pentax,K-5 II,829,51200,38324.0,41.074498894171,16.1076466251651,10.317691786694
Pentax,K-5 II,829,51200,38324.0,42.083581446557,16.503365273159606,10.448370236797
Pentax,K-5 II,829,51200,38324.0,43.092663998943,16.89908392115412,10.575505022945
Pentax,K-5 II,829,51200,38324.0,44.101746551329,17.29480256914863,10.699275752259
Pentax,K-5 II,829,51200,38324.0,45.110829103715,17.690521217143136,10.819849043545
Pentax,K-5 II,829,51200,38324.0,46.119911656101,18.08623986513765,10.937379730397
Pentax,K-5 II,829,51200,38324.0,47.128994208487,18.481958513132156,11.05201192965
Pentax,K-5 II,829,51200,38324.0,48.138076760873,18.877677161126666,11.16387999273
Pentax,K-5 II,829,51200,38324.0,49.147159313259,19.273395809121176,11.273109354859
Pentax,K-5 II,829,51200,38324.0,50.156241865645,19.669114457115686,11.379817294898
Pentax,K-5 II,829,51200,38324.0,51.165324418031,20.064833105110193,11.484113616791
Pentax,K-5 II,829,51200,38324.0,52.174406970417,20.46055175310471,11.586101262056
Pentax,K-5 II,829,51200,38324.0,53.183489522803,20.856270401099216,11.685876861454
Pentax,K-5 II,829,51200,38324.0,54.192572075189,21.251989049093726,11.783531232898
Pentax,K-5 II,829,51200,38324.0,55.201654627575,21.647707697088237,11.879149831716
Pentax,K-5 II,829,51200,38324.0,56.210737179961,22.043426345082747,11.972813158595
Pentax,K-5 II,829,51200,38324.0,57.219819732347,22.439144993077253,12.06459712986
Pentax,K-5 II,829,51200,38324.0,58.228902284733,22.834863641071763,12.154573414142
Pentax,K-5 II,829,51200,38324.0,59.237984837119,23.230582289066277,12.242809739024
Pentax,K-5 II,829,51200,38324.0,60.247067389505,23.626300937060783,12.329370170774
Pentax,K-5 II,829,51200,38324.0,61.256149941891,24.022019585055297,12.414315369947
Pentax,K-5 II,829,51200,38324.0,62.265232494277,24.417738233049803,12.497702825281
Pentax,K-5 II,829,51200,38324.0,63.274315046663,24.813456881044313,12.579587068062
Pentax,K-5 II,829,51200,38324.0,64.283397599049,25.209175529038824,12.660019868842
Pentax,K-5 II,829,51200,38324.0,65.292480151435,25.604894177033334,12.739050418245
Pentax,K-5 II,829,51200,38324.0,66.301562703821,26.000612825027847,12.81672549334
Pentax,K-5 II,829,51200,38324.0,67.310645256207,26.39633147302235,12.893089610949
Pentax,K-5 II,829,51200,38324.0,68.319727808593,26.792050121016864,12.968185169093
Pentax,K-5 II,829,51200,38324.0,69.328810360979,27.187768769011374,13.042052577642
Pentax,K-5 II,829,51200,38324.0,70.337892913365,27.58348741700588,13.114730379144
Pentax,K-5 II,829,51200,38324.0,71.346975465751,27.979206065000394,13.186255360702
Pentax,K-5 II,829,51200,38324.0,72.356058018137,28.374924712994904,13.25666265767
Pentax,K-5 II,829,51200,38324.0,73.365140570523,28.77064336098941,13.325985849869
Pentax,K-5 II,829,51200,38324.0,74.374223122909,29.16636200898392,13.394257050976
Pentax,K-5 II,829,51200,38324.0,75.383305675295,29.562080656978434,13.461506991625
Pentax,K-5 II,829,51200,38324.0,76.392388227681,29.957799304972937,13.527765096763
Pentax,K-5 II,829,51200,38324.0,77.401470780067,30.35351795296745,13.593059557724
Pentax,K-5 II,829,51200,38324.0,78.410553332453,30.749236600961964,13.657417399433
Pentax,K-5 II,829,51200,38324.0,79.419635884838,31.14495524895608,13.72086454314
Pentax,K-5 II,829,51200,38324.0,80.428718437224,31.540673896950587,13.783425865032
Pentax,K-5 II,829,51200,38324.0,81.43780098961,31.936392544945097,13.845125251029
Pentax,K-5 II,829,51200,38324.0,82.446883541996,32.332111192939614,13.905985648076
Pentax,K-5 II,829,51200,38324.0,83.455966094382,32.72782984093412,13.96602911218
Pentax,K-5 II,829,51200,38324.0,84.465048646768,33.12354848892863,14.025276853441
Pentax,K-5 II,829,51200,38324.0,85.474131199154,33.51926713692313,14.083749278293
Pentax,K-5 II,829,51200,38324.0,86.48321375154,33.91498578491765,14.141466029168
Pentax,K-5 II,829,51200,38324.0,87.492296303926,34.31070443291215,14.198446021763
Pentax,K-5 II,829,51200,38324.0,88.501378856312,34.70642308090667,14.254707480077
Pentax,K-5 II,829,51200,38324.0,89.510461408698,35.10214172890118,14.310267969377
Pentax,K-5 II,829,51200,38324.0,90.519543961084,35.49786037689569,14.365144427249
Pentax,K-5 II,829,51200,38324.0,91.52862651347,35.8935790248902,14.419353192843
Pentax,K-5 II,829,51200,38324.0,92.537709065856,36.28929767288471,14.472910034455
Pentax,K-5 II,829,51200,38324.0,93.546791618242,36.685016320879214,14.525830175548
Pentax,K-5 II,829,51200,38324.0,94.555874170628,37.08073496887373,14.578128319321
Pentax,K-5 II,829,51200,38324.0,95.564956723014,37.47645361686824,14.629818671917
Pentax,K-5 II,829,51200,38324.0,96.5740392754,37.87217226486274,14.680914964357
Pentax,K-5 II,829,51200,38324.0,97.583121827786,38.267890912857254,14.731430473299
Pentax,K-5 II,829,51200,38324.0,98.592204380172,38.66360956085177,14.78137804067
Pentax,K-5 II,829,51200,38324.0,99.601286932558,39.059328208846274,14.830770092262
Pentax,K-5 II,829,51200,38324.0,100.61036948494,39.45504685683922,14.879618655357
Pentax,K-5 II,829,51200,38324.0,101.61945203733,39.850765504835294,14.927935375429
Pentax,K-5 II,829,51200,38324.0,102.62853458972,40.24648415283137,14.975731531986
Pentax,K-5 II,829,51200,38324.0,103.6376171421,40.642202800823526,15.023018053609
Pentax,K-5 II,829,51200,38324.0,104.64669969449,41.03792144881961,15.06980553223
Pentax,K-5 II,829,51200,38324.0,105.65578224687,41.433640096811764,15.116104236694
Pentax,K-5 II,829,51200,38324.0,106.66486479926,41.82935874480784,15.161924125655
Pentax,K-5 II,829,51200,38324.0,107.67394735165,42.225077392803925,15.207274859833
Pentax,K-5 II,829,51200,38324.0,108.68302990403,42.62079604079608,15.25216581368
Pentax,K-5 II,829,51200,38324.0,109.69211245642,43.01651468879216,15.296606086486
Pentax,K-5 II,829,51200,38324.0,110.7011950088,43.41223333678431,15.340604512947
Pentax,K-5 II,829,51200,38324.0,111.71027756119,43.80795198478039,15.384169673243
Pentax,K-5 II,829,51200,38324.0,112.71936011358,44.20367063277647,15.427309902641
Pentax,K-5 II,829,51200,38324.0,113.72844266596,44.599389280768634,15.47003330065
Pentax,K-5 II,829,51200,38324.0,114.73752521835,44.9951079287647,15.512347739757
Pentax,K-5 II,829,51200,38324.0,115.74660777073,45.39082657675686,15.554260873764
Pentax,K-5 II,829,51200,38324.0,116.75569032312,45.78654522475294,15.59578014575
Pentax,K-5 II,829,51200,38324.0,117.76477287551,46.182263872749026,15.636912795673
Pentax,K-5 II,829,51200,38324.0,118.77385542789,46.57798252074117,15.677665867639
Pentax,K-5 II,829,51200,38324.0,119.78293798028,46.97370116873725,15.718046216846
Pentax,K-5 II,829,51200,38324.0,120.79202053266,47.36941981672941,15.758060516226
Pentax,K-5 II,829,51200,38324.0,121.80110308505,47.765138464725496,15.797715262804
Pentax,K-5 II,829,51200,38324.0,122.81018563744,48.160857112721565,15.837016783777
Pentax,K-5 II,829,51200,38324.0,123.81926818982,48.55657576071372,15.875971242338
Pentax,K-5 II,829,51200,38324.0,124.82835074221,48.952294408709804,15.914584643255
Pentax,K-5 II,829,51200,38324.0,125.83743329459,49.34801305670196,15.952862838215
Pentax,K-5 II,829,51200,38324.0,126.84651584698,49.74373170469804,15.990811530941
Pentax,K-5 II,829,51200,38324.0,127.85559839937,50.13945035269411,16.028436282108
Pentax,K-5 II,829,51200,38324.0,128.86468095175,50.535169000686274,16.065742514051
Pentax,K-5 II,829,51200,38324.0,129.87376350414,50.930887648682344,16.102735515283
Pentax,K-5 II,829,51200,38324.0,130.88284605652,51.32660629667451,16.13942044483
Pentax,K-5 II,829,51200,38324.0,131.89192860891,51.722324944670596,16.175802336398
Pentax,K-5 II,829,51200,38324.0,132.9010111613,52.11804359266667,16.211886102369
Pentax,K-5 II,829,51200,38324.0,133.91009371368,52.51376224065882,16.247676537644
Pentax,K-5 II,829,51200,38324.0,134.91917626607,52.909480888654905,16.283178323329
Pentax,K-5 II,829,51200,38324.0,135.92825881845,53.30519953664705,16.318396030292
Pentax,K-5 II,829,51200,38324.0,136.93734137084,53.70091818464313,16.353334122565
Pentax,K-5 II,829,51200,38324.0,137.94642392323,54.09663683263921,16.387996960633
Pentax,K-5 II,829,51200,38324.0,138.95550647561,54.492355480631375,16.422388804585
Pentax,K-5 II,829,51200,38324.0,139.964589028,54.88807412862745,16.456513817158
Pentax,K-5 II,829,51200,38324.0,140.97367158038,55.28379277661961,16.490376066657
Pentax,K-5 II,829,51200,38324.0,141.98275413277,55.67951142461569,16.523979529775
Pentax,K-5 II,829,51200,38324.0,142.99183668516,56.07523007261176,16.557328094304
Pentax,K-5 II,829,51200,38324.0,144.00091923754,56.47094872060392,16.590425561747
Pentax,K-5 II,829,51200,38324.0,145.01000178993,56.8666673686,16.62327564984
Pentax,K-5 II,829,51200,38324.0,146.01908434231,57.26238601659216,16.65588199498
Pentax,K-5 II,829,51200,38324.0,147.0281668947,57.65810466458824,16.688248154562
Pentax,K-5 II,829,51200,38324.0,148.03724944709,58.05382331258432,16.72037760924
Pentax,K-5 II,829,51200,38324.0,149.04633199947,58.44954196057647,16.752273765107
Pentax,K-5 II,829,51200,38324.0,150.05541455186,58.845260608572545,16.783939955792
Pentax,K-5 II,829,51200,38324.0,151.06449710424,59.24097925656471,16.815379444493
Pentax,K-5 II,829,51200,38324.0,152.07357965663,59.636697904560776,16.846595425933
Pentax,K-5 II,829,51200,38324.0,153.08266220902,60.03241655255685,16.877591028253
Pentax,K-5 II,829,51200,38324.0,154.0917447614,60.42813520054903,16.908369314837
Pentax,K-5 II,829,51200,38324.0,155.10082731379,60.8238538485451,16.938933286079
Pentax,K-5 II,829,51200,38324.0,156.10990986617,61.21957249653725,16.969285881086
Pentax,K-5 II,829,51200,38324.0,157.11899241856,61.61529114453334,16.999429979328
Pentax,K-5 II,829,51200,38324.0,158.12807497095,62.011009792529414,17.029368402231
Pentax,K-5 II,829,51200,38324.0,159.13715752333,62.40672844052156,17.059103914718
Pentax,K-5 II,829,51200,38324.0,160.14624007572,62.802447088517646,17.0886392267
Pentax,K-5 II,829,51200,38324.0,161.1553226281,63.19816573650981,17.117976994516
Pentax,K-5 II,829,51200,38324.0,162.16440518049,63.593884384505884,17.14711982233
Pentax,K-5 II,829,51200,38324.0,163.17348773288,63.98960303250196,17.176070263481
Pentax,K-5 II,829,51200,38324.0,164.18257028526,64.38532168049412,17.204830821787
Pentax,K-5 II,829,51200,38324.0,165.19165283765,64.78104032849019,17.233403952817
Pentax,K-5 II,829,51200,38324.0,166.20073539003,65.17675897648235,17.261792065109
Pentax,K-5 II,829,51200,38324.0,167.20981794242,65.57247762447844,17.289997521361
Pentax,K-5 II,829,51200,38324.0,168.21890049481,65.9681962724745,17.31802263958
Pentax,K-5 II,829,51200,38324.0,169.22798304719,66.36391492046667,17.345869694198
Pentax,K-5 II,829,51200,38324.0,170.23706559958,66.75963356846275,17.373540917147
Pentax,K-5 II,829,51200,38324.0,171.24614815196,67.1553522164549,17.401038498913
Pentax,K-5 II,829,51200,38324.0,172.25523070435,67.55107086445098,17.428364589545
Pentax,K-5 II,829,51200,38324.0,173.26431325674,67.94678951244705,17.45552129964
Pentax,K-5 II,829,51200,38324.0,174.27339580912,68.34250816043921,17.4825107013
Pentax,K-5 II,829,51200,38324.0,175.28247836151,68.73822680843529,17.509334829057
Pentax,K-5 II,829,51200,38324.0,176.29156091389,69.13394545642745,17.535995680769
Pentax,K-5 II,829,51200,38324.0,177.30064346628,69.52966410442353,17.562495218495
Pentax,K-5 II,829,51200,38324.0,178.30972601867,69.92538275241961,17.58883536934
Pentax,K-5 II,829,51200,38324.0,179.31880857105,70.32110140041176,17.615018026276
Pentax,K-5 II,829,51200,38324.0,180.32789112344,70.71682004840784,17.64104504894
Pentax,K-5 II,829,51200,38324.0,181.33697367582,71.1125386964,17.666918264407
Pentax,K-5 II,829,51200,38324.0,182.34605622821,71.50825734439607,17.692639467945
Pentax,K-5 II,829,51200,38324.0,183.3551387806,71.90397599239216,17.718210423743
Pentax,K-5 II,829,51200,38324.0,184.36422133298,72.29969464038432,17.743632865623
Pentax,K-5 II,829,51200,38324.0,185.37330388537,72.6954132883804,17.768908497728
Pentax,K-5 II,829,51200,38324.0,186.38238643775,73.09113193637255,17.794038995194
Pentax,K-5 II,829,51200,38324.0,187.39146899014,73.48685058436863,17.819026004799
Pentax,K-5 II,829,51200,38324.0,188.40055154253,73.8825692323647,17.8438711456
Pentax,K-5 II,829,51200,38324.0,189.40963409491,74.27828788035686,17.868576009548
Pentax,K-5 II,829,51200,38324.0,190.4187166473,74.67400652835293,17.893142162085
Pentax,K-5 II,829,51200,38324.0,191.42779919968,75.0697251763451,17.917571142729
Pentax,K-5 II,829,51200,38324.0,192.43688175207,75.46544382434118,17.94186446564
Pentax,K-5 II,829,51200,38324.0,193.44596430446,75.86116247233726,17.966023620171
Pentax,K-5 II,829,51200,38324.0,194.45504685684,76.25688112032941,17.990050071406
Pentax,K-5 II,829,51200,38324.0,195.46412940923,76.65259976832549,18.013945260681
Pentax,K-5 II,829,51200,38324.0,196.47321196161,77.04831841631764,18.03771060609
Pentax,K-5 II,829,51200,38324.0,197.482294514,77.44403706431372,18.061347502987
Pentax,K-5 II,829,51200,38324.0,198.49137706639,77.8397557123098,18.08485732446
Pentax,K-5 II,829,51200,38324.0,199.50045961877,78.23547436030196,18.108241421803
Pentax,K-5 II,829,51200,38324.0,200.50954217116,78.63119300829804,18.131501124977
Pentax,K-5 II,829,51200,38324.0,201.51862472354,79.0269116562902,18.154637743046
Pentax,K-5 II,829,51200,38324.0,202.52770727593,79.42263030428627,18.177652564619
Pentax,K-5 II,829,51200,38324.0,203.53678982832,79.81834895228235,18.200546858269
Pentax,K-5 II,829,51200,38324.0,204.5458723807,80.2140676002745,18.223321872943
Pentax,K-5 II,829,51200,38324.0,205.55495493309,80.60978624827058,18.245978838367
Pentax,K-5 II,829,51200,38324.0,206.56403748547,81.00550489626275,18.268518965433
Pentax,K-5 II,829,51200,38324.0,207.57312003786,81.40122354425883,18.290943446582
Pentax,K-5 II,829,51200,38324.0,208.58220259025,81.7969421922549,18.313253456176
Pentax,K-5 II,829,51200,38324.0,209.59128514263,82.19266084024706,18.335450150859
Pentax,K-5 II,829,51200,38324.0,210.60036769502,82.58837948824313,18.35753466991
Pentax,K-5 II,829,51200,38324.0,211.6094502474,82.98409813623529,18.37950813559
Pentax,K-5 II,829,51200,38324.0,212.61853279979,83.37981678423137,18.401371653475
Pentax,K-5 II,829,51200,38324.0,213.62761535218,83.77553543222744,18.423126312786
Pentax,K-5 II,829,51200,38324.0,214.63669790456,84.17125408021961,18.444773186706
Pentax,K-5 II,829,51200,38324.0,215.64578045695,84.56697272821569,18.466313332697
Pentax,K-5 II,829,51200,38324.0,216.65486300933,84.96269137620784,18.4877477928
Pentax,K-5 II,829,51200,38324.0,217.66394556172,85.35841002420392,18.509077593933
Pentax,K-5 II,829,51200,38324.0,218.67302811411,85.7541286722,18.530303748184
Pentax,K-5 II,829,51200,38324.0,219.68211066649,86.14984732019215,18.55142725309
Pentax,K-5 II,829,51200,38324.0,220.69119321888,86.54556596818823,18.572449091918
Pentax,K-5 II,829,51200,38324.0,221.70027577126,86.9412846161804,18.59337023393
Pentax,K-5 II,829,51200,38324.0,222.70935832365,87.33700326417647,18.614191634651
Pentax,K-5 II,829,51200,38324.0,223.71844087604,87.73272191217255,18.634914236126
Pentax,K-5 II,829,51200,38324.0,224.72752342842,88.1284405601647,18.655538967167
Pentax,K-5 II,829,51200,38324.0,225.73660598081,88.52415920816078,18.676066743606
Pentax,K-5 II,829,51200,38324.0,226.74568853319,88.91987785615294,18.696498468528
Pentax,K-5 II,829,51200,38324.0,227.75477108558,89.31559650414901,18.716835032511
Pentax,K-5 II,829,51200,38324.0,228.76385363797,89.71131515214509,18.73707731385
Pentax,K-5 II,829,51200,38324.0,229.77293619035,90.10703380013726,18.757226178788
Pentax,K-5 II,829,51200,38324.0,230.78201874274,90.50275244813334,18.777282481726
Pentax,K-5 II,829,51200,38324.0,231.79110129512,90.89847109612549,18.797247065445
Pentax,K-5 II,829,51200,38324.0,232.80018384751,91.29418974412157,18.817120761311
Pentax,K-5 II,829,51200,38324.0,233.8092663999,91.68990839211764,18.83690438948
Pentax,K-5 II,829,51200,38324.0,234.81834895228,92.0856270401098,18.856598759099
Pentax,K-5 II,829,51200,38324.0,235.82743150467,92.48134568810588,18.876204668499
Pentax,K-5 II,829,51200,38324.0,236.83651405705,92.87706433609804,18.895722905391
Pentax,K-5 II,829,51200,38324.0,237.84559660944,93.27278298409412,18.915154247048
Pentax,K-5 II,829,51200,38324.0,238.85467916183,93.6685016320902,18.934499460491
Pentax,K-5 II,829,51200,38324.0,239.86376171421,94.06422028008235,18.953759302666
Pentax,K-5 II,829,51200,38324.0,240.8728442666,94.45993892807843,18.972934520621
Pentax,K-5 II,829,51200,38324.0,241.88192681898,94.85565757607058,18.992025851677
Pentax,K-5 II,829,51200,38324.0,242.89100937137,95.25137622406666,19.011034023593
Pentax,K-5 II,829,51200,38324.0,243.90009192375,95.64709487205883,19.029959754734
Pentax,K-5 II,829,51200,38324.0,244.90917447614,96.0428135200549,19.048803754229
Pentax,K-5 II,829,51200,38324.0,245.91825702853,96.43853216805098,19.067566722128
Pentax,K-5 II,829,51200,38324.0,246.92733958091,96.83425081604314,19.086249349558
Pentax,K-5 II,829,51200,38324.0,247.9364221333,97.22996946403921,19.104852318872
Pentax,K-5 II,829,51200,38324.0,248.94550468568,97.62568811203137,19.123376303794
Pentax,K-5 II,829,51200,38324.0,249.95458723807,98.02140676002745,19.14182196957
Pentax,K-5 II,829,51200,38324.0,250.96366979046,98.41712540802352,19.160189973103
Pentax,K-5 II,829,51200,38324.0,251.97275234284,98.81284405601569,19.178480963093
Pentax,K-5 II,829,51200,38324.0,252.98183489523,99.20856270401177,19.196695580175
Pentax,K-5 II,829,51200,38324.0,253.99091744761,99.60428135200392,19.214834457051
Pentax,K-5 II,829,51200,38324.0,255,100.0,19.232898218616
