brand,model,sensor_id,iso_manufacturer,iso_measured,gray_level_255,gray_pct,snr_db
Pentax,K20D,213,100,87.0,0.1720861262162,0.06748475537890196,0
Pentax,K20D,213,100,87.0,0.2,0.07843137254901962,1.7190551279636
Pentax,K20D,213,100,87.0,0.32207376408821,0.12630343689733725,5.0991027166056
Pentax,K20D,213,100,87.0,0.44456623813468,0.17433970122928627,7.4605721329502
Pentax,K20D,213,100,87.0,0.5,0.19607843137254902,9.2656655050631
Pentax,K20D,213,100,87.0,0.7051170913498,0.2765165064116863,11.933631549947
Pentax,K20D,213,100,87.0,1.6903795767594,0.662893951670353,14.675684000969
Pentax,K20D,213,100,87.0,2,0.7843137254901961,19.684108055224
Pentax,K20D,213,100,87.0,3.4596580403273,1.3567286432656078,22.385076863978
Pentax,K20D,213,100,87.0,4,1.5686274509803921,24.19327669425
Pentax,K20D,213,100,87.0,5,1.9607843137254901,25.535376162849
Pentax,K20D,213,100,87.0,6,2.3529411764705883,26.594561384411
Pentax,K20D,213,100,87.0,7,2.7450980392156863,27.465285590932
Pentax,K20D,213,100,87.0,8,3.1372549019607843,28.202212465516
Pentax,K20D,213,100,87.0,9,3.5294117647058822,28.839627636916
Pentax,K20D,213,100,87.0,10,3.9215686274509802,29.400355235241
Pentax,K20D,213,100,87.0,11,4.313725490196078,29.900305000271
Pentax,K20D,213,100,87.0,12,4.705882352941177,30.350981317766
Pentax,K20D,213,100,87.0,13,5.098039215686274,30.760955989726
Pentax,K20D,213,100,87.0,14,5.490196078431373,31.136777007611
Pentax,K20D,213,100,87.0,15,5.88235294117647,31.483552932751
Pentax,K20D,213,100,87.0,20,7.8431372549019605,32.899956837856
Pentax,K20D,213,100,87.0,25,9.803921568627452,33.969523183815
Pentax,K20D,213,100,87.0,30,11.76470588235294,34.827160716031
Pentax,K20D,213,100,87.0,35,13.725490196078432,35.542127966239
Pentax,K20D,213,100,87.0,42,16.470588235294116,36.376899686772
Pentax,K20D,213,100,87.0,43,16.862745098039216,36.483832974313
Pentax,K20D,213,100,87.0,44,17.254901960784313,36.588137324496
Pentax,K20D,213,100,87.0,45,17.647058823529413,36.689936472563
Pentax,K20D,213,100,87.0,46,18.03921568627451,36.789345657565
Pentax,K20D,213,100,87.0,47,18.43137254901961,36.886472380069
Pentax,K20D,213,100,87.0,48,18.823529411764707,36.981417077497
Pentax,K20D,213,100,87.0,49,19.215686274509807,37.074273727566
Pentax,K20D,213,100,87.0,50,19.607843137254903,37.165130388831
Pentax,K20D,213,100,87.0,51,20.0,37.254069685979
Pentax,K20D,213,100,87.0,52,20.392156862745097,37.341169246543
Pentax,K20D,213,100,87.0,53,20.784313725490197,37.426502094701
Pentax,K20D,213,100,87.0,54,21.176470588235293,37.510137007146
Pentax,K20D,213,100,87.0,55,21.568627450980394,37.592138835295
Pentax,K20D,213,100,87.0,56,21.96078431372549,37.672568797598
Pentax,K20D,213,100,87.0,57,22.35294117647059,37.751484745185
Pentax,K20D,213,100,87.0,58,22.745098039215687,37.828941403737
Pentax,K20D,213,100,87.0,59,23.137254901960784,37.904990594067
Pentax,K20D,213,100,87.0,60,23.52941176470588,37.979681433621
Pentax,K20D,213,100,87.0,61,23.92156862745098,38.053060520844
Pentax,K20D,213,100,87.0,62,24.313725490196077,38.125172104129
Pentax,K20D,213,100,87.0,63,24.705882352941178,38.196058236855
Pentax,K20D,213,100,87.0,64,25.098039215686274,38.265758919885
Pentax,K20D,213,100,87.0,65,25.49019607843137,38.3343122327
Pentax,K20D,213,100,87.0,66,25.882352941176475,38.401754454247
Pentax,K20D,213,100,87.0,67,26.27450980392157,38.468120174454
Pentax,K20D,213,100,87.0,68,26.666666666666668,38.533442397254
Pentax,K20D,213,100,87.0,69,27.058823529411764,38.597752635888
Pentax,K20D,213,100,87.0,70,27.450980392156865,38.661081001176
Pentax,K20D,213,100,87.0,71,27.84313725490196,38.723456283345
Pentax,K20D,213,100,87.0,72,28.235294117647058,38.784906027999
Pentax,K20D,213,100,87.0,73,28.627450980392155,38.84545660671
Pentax,K20D,213,100,87.0,74,29.01960784313726,38.905133282674
Pentax,K20D,213,100,87.0,75,29.411764705882355,38.963960271858
Pentax,K20D,213,100,87.0,76,29.80392156862745,39.021960799991
Pentax,K20D,213,100,87.0,77,30.19607843137255,39.079157155735
Pentax,K20D,213,100,87.0,78,30.58823529411765,39.135570740337
Pentax,K20D,213,100,87.0,79,30.980392156862745,39.191222114052
Pentax,K20D,213,100,87.0,80,31.372549019607842,39.246131039556
Pentax,K20D,213,100,87.0,81,31.76470588235294,39.300316522616
Pentax,K20D,213,100,87.0,82,32.15686274509804,39.353796850189
Pentax,K20D,213,100,87.0,83,32.549019607843135,39.406589626165
Pentax,K20D,213,100,87.0,84,32.94117647058823,39.45871180492
Pentax,K20D,213,100,87.0,85,33.33333333333333,39.510179722828
Pentax,K20D,213,100,87.0,86,33.72549019607843,39.561009127897
Pentax,K20D,213,100,87.0,87,34.11764705882353,39.611215207644
Pentax,K20D,213,100,87.0,88,34.509803921568626,39.660812615347
Pentax,K20D,213,100,87.0,89,34.90196078431372,39.709815494775
Pentax,K20D,213,100,87.0,90,35.294117647058826,39.75823750351
Pentax,K20D,213,100,87.0,91,35.68627450980392,39.806091834942
Pentax,K20D,213,100,87.0,92,36.07843137254902,39.85339123905
Pentax,K20D,213,100,87.0,93,36.470588235294116,39.900148042019
Pentax,K20D,213,100,87.0,94,36.86274509803922,39.946374164797
Pentax,K20D,213,100,87.0,95,37.254901960784316,39.992081140641
Pentax,K20D,213,100,87.0,96,37.64705882352941,40.037280131732
Pentax,K20D,213,100,87.0,97,38.03921568627451,40.081981944898
Pentax,K20D,213,100,87.0,98,38.43137254901961,40.126197046529
Pentax,K20D,213,100,87.0,99,38.82352941176471,40.169935576708
Pentax,K20D,213,100,87.0,100,39.21568627450981,40.213207362619
Pentax,K20D,213,100,87.0,101,39.6078431372549,40.256021931277
Pentax,K20D,213,100,87.0,102,40.0,40.298388521616
Pentax,K20D,213,100,87.0,103,40.3921568627451,40.340316095973
Pentax,K20D,213,100,87.0,104,40.78431372549019,40.381813351011
Pentax,K20D,213,100,87.0,105,41.17647058823529,40.422888728104
Pentax,K20D,213,100,87.0,106,41.568627450980394,40.463550423221
Pentax,K20D,213,100,87.0,107,41.96078431372549,40.503806396339
Pentax,K20D,213,100,87.0,108,42.35294117647059,40.543664380406
Pentax,K20D,213,100,87.0,109,42.745098039215684,40.583131889886
Pentax,K20D,213,100,87.0,110,43.13725490196079,40.622216228904
Pentax,K20D,213,100,87.0,111,43.529411764705884,40.660924499015
Pentax,K20D,213,100,87.0,112,43.92156862745098,40.699263606621
Pentax,K20D,213,100,87.0,113,44.31372549019608,40.737240270047
Pentax,K20D,213,100,87.0,114,44.70588235294118,40.774861026306
Pentax,K20D,213,100,87.0,115,45.09803921568628,40.812132237553
Pentax,K20D,213,100,87.0,116,45.490196078431374,40.849060097267
Pentax,K20D,213,100,87.0,117,45.88235294117647,40.885650636152
Pentax,K20D,213,100,87.0,118,46.27450980392157,40.921909727787
Pentax,K20D,213,100,87.0,119,46.666666666666664,40.957843094034
Pentax,K20D,213,100,87.0,120,47.05882352941176,40.993456310211
Pentax,K20D,213,100,87.0,121,47.45098039215686,41.028754810053
Pentax,K20D,213,100,87.0,122,47.84313725490196,41.06374389046
Pentax,K20D,213,100,87.0,123,48.23529411764706,41.098428716048
Pentax,K20D,213,100,87.0,124,48.627450980392155,41.132814323516
Pentax,K20D,213,100,87.0,125,49.01960784313725,41.166905625831
Pentax,K20D,213,100,87.0,126,49.411764705882355,41.200707416245
Pentax,K20D,213,100,87.0,127,49.80392156862745,41.234224372151
Pentax,K20D,213,100,87.0,128,50.19607843137255,41.26746105878
Pentax,K20D,213,100,87.0,129,50.588235294117645,41.300421932762
Pentax,K20D,213,100,87.0,130,50.98039215686274,41.333111345534
Pentax,K20D,213,100,87.0,131,51.37254901960784,41.365533546629
Pentax,K20D,213,100,87.0,132,51.76470588235295,41.397692686827
Pentax,K20D,213,100,87.0,133,52.156862745098046,41.429592821187
Pentax,K20D,213,100,87.0,134,52.54901960784314,41.461237911971
Pentax,K20D,213,100,87.0,135,52.94117647058824,41.492631831447
Pentax,K20D,213,100,87.0,136,53.333333333333336,41.523778364594
Pentax,K20D,213,100,87.0,137,53.72549019607843,41.554681211705
Pentax,K20D,213,100,87.0,138,54.11764705882353,41.58534399089
Pentax,K20D,213,100,87.0,139,54.509803921568626,41.615770240493
Pentax,K20D,213,100,87.0,140,54.90196078431373,41.645963421415
Pentax,K20D,213,100,87.0,141,55.294117647058826,41.67592691936
Pentax,K20D,213,100,87.0,142,55.68627450980392,41.705664046991
Pentax,K20D,213,100,87.0,143,56.07843137254902,41.735178046018
Pentax,K20D,213,100,87.0,144,56.470588235294116,41.764472089211
Pentax,K20D,213,100,87.0,145,56.86274509803921,41.793549282331
Pentax,K20D,213,100,87.0,146,57.25490196078431,41.822412666013
Pentax,K20D,213,100,87.0,147,57.647058823529406,41.851065217564
Pentax,K20D,213,100,87.0,148,58.03921568627452,41.879509852716
Pentax,K20D,213,100,87.0,149,58.43137254901961,41.907749427304
Pentax,K20D,213,100,87.0,150,58.82352941176471,41.9357867389
Pentax,K20D,213,100,87.0,151,59.21568627450981,41.963624528383
Pentax,K20D,213,100,87.0,152,59.6078431372549,41.99126548146
Pentax,K20D,213,100,87.0,153,60.0,42.018712230138
Pentax,K20D,213,100,87.0,154,60.3921568627451,42.045967354141
Pentax,K20D,213,100,87.0,155,60.78431372549019,42.073033382289
Pentax,K20D,213,100,87.0,156,61.1764705882353,42.099912793826
Pentax,K20D,213,100,87.0,157,61.568627450980394,42.126608019705
Pentax,K20D,213,100,87.0,158,61.96078431372549,42.153121443836
Pentax,K20D,213,100,87.0,159,62.35294117647059,42.179455404291
Pentax,K20D,213,100,87.0,160,62.745098039215684,42.205612194467
Pentax,K20D,213,100,87.0,161,63.13725490196078,42.231594064222
Pentax,K20D,213,100,87.0,162,63.52941176470588,42.257403220966
Pentax,K20D,213,100,87.0,163,63.921568627450974,42.283041830721
Pentax,K20D,213,100,87.0,164,64.31372549019608,42.308512019151
Pentax,K20D,213,100,87.0,165,64.70588235294117,42.333815872556
Pentax,K20D,213,100,87.0,166,65.09803921568627,42.358955438839
Pentax,K20D,213,100,87.0,167,65.49019607843137,42.383932728438
Pentax,K20D,213,100,87.0,168,65.88235294117646,42.408749715241
Pentax,K20D,213,100,87.0,169,66.27450980392156,42.433408337458
Pentax,K20D,213,100,87.0,170,66.66666666666666,42.45791049848
Pentax,K20D,213,100,87.0,171,67.05882352941175,42.482258067707
Pentax,K20D,213,100,87.0,172,67.45098039215686,42.50645288135
Pentax,K20D,213,100,87.0,173,67.84313725490196,42.530496743216
Pentax,K20D,213,100,87.0,174,68.23529411764706,42.554391425458
Pentax,K20D,213,100,87.0,175,68.62745098039215,42.57813866932
Pentax,K20D,213,100,87.0,176,69.01960784313725,42.601740185843
Pentax,K20D,213,100,87.0,177,69.41176470588235,42.625197656566
Pentax,K20D,213,100,87.0,178,69.80392156862744,42.648512734194
Pentax,K20D,213,100,87.0,179,70.19607843137254,42.671687043256
Pentax,K20D,213,100,87.0,180,70.58823529411765,42.694722180742
Pentax,K20D,213,100,87.0,181,70.98039215686275,42.717619716722
Pentax,K20D,213,100,87.0,182,71.37254901960785,42.740381194945
Pentax,K20D,213,100,87.0,183,71.76470588235294,42.763008133422
Pentax,K20D,213,100,87.0,184,72.15686274509804,42.785502025003
Pentax,K20D,213,100,87.0,185,72.54901960784314,42.80786433792
Pentax,K20D,213,100,87.0,186,72.94117647058823,42.83009651633
Pentax,K20D,213,100,87.0,187,73.33333333333333,42.852199980839
Pentax,K20D,213,100,87.0,188,73.72549019607844,42.874176129007
Pentax,K20D,213,100,87.0,189,74.11764705882354,42.896026335847
Pentax,K20D,213,100,87.0,190,74.50980392156863,42.917751954306
Pentax,K20D,213,100,87.0,191,74.90196078431373,42.939354315734
Pentax,K20D,213,100,87.0,192,75.29411764705883,42.960834730342
Pentax,K20D,213,100,87.0,193,75.68627450980392,42.982194487646
Pentax,K20D,213,100,87.0,194,76.07843137254902,43.003434856898
Pentax,K20D,213,100,87.0,195,76.47058823529412,43.024557087515
Pentax,K20D,213,100,87.0,196,76.86274509803923,43.045562409483
Pentax,K20D,213,100,87.0,197,77.25490196078432,43.066452033759
Pentax,K20D,213,100,87.0,198,77.64705882352942,43.087227152664
Pentax,K20D,213,100,87.0,199,78.03921568627452,43.107888940262
Pentax,K20D,213,100,87.0,200,78.43137254901961,43.12843855273
Pentax,K20D,213,100,87.0,201,78.82352941176471,43.148877128717
Pentax,K20D,213,100,87.0,202,79.2156862745098,43.169205789703
Pentax,K20D,213,100,87.0,203,79.6078431372549,43.189425640335
Pentax,K20D,213,100,87.0,204,80.0,43.209537768766
Pentax,K20D,213,100,87.0,205,80.3921568627451,43.22954324698
Pentax,K20D,213,100,87.0,206,80.7843137254902,43.249443131113
Pentax,K20D,213,100,87.0,207,81.17647058823529,43.269238461759
Pentax,K20D,213,100,87.0,208,81.56862745098039,43.28893026428
Pentax,K20D,213,100,87.0,209,81.96078431372548,43.308519549094
Pentax,K20D,213,100,87.0,210,82.35294117647058,43.328007311969
Pentax,K20D,213,100,87.0,211,82.74509803921568,43.347394534304
Pentax,K20D,213,100,87.0,212,83.13725490196079,43.366682183402
Pentax,K20D,213,100,87.0,213,83.52941176470588,43.385871212742
Pentax,K20D,213,100,87.0,214,83.92156862745098,43.404962562235
Pentax,K20D,213,100,87.0,215,84.31372549019608,43.423957158488
Pentax,K20D,213,100,87.0,216,84.70588235294117,43.442855915046
Pentax,K20D,213,100,87.0,217,85.09803921568627,43.461659732642
Pentax,K20D,213,100,87.0,218,85.49019607843137,43.480369499433
Pentax,K20D,213,100,87.0,219,85.88235294117646,43.498986091231
Pentax,K20D,213,100,87.0,220,86.27450980392157,43.517510371735
Pentax,K20D,213,100,87.0,221,86.66666666666667,43.535943192749
Pentax,K20D,213,100,87.0,222,87.05882352941177,43.554285394402
Pentax,K20D,213,100,87.0,223,87.45098039215686,43.572537805359
Pentax,K20D,213,100,87.0,224,87.84313725490196,43.590701243029
Pentax,K20D,213,100,87.0,225,88.23529411764706,43.608776513767
Pentax,K20D,213,100,87.0,226,88.62745098039215,43.626764413073
Pentax,K20D,213,100,87.0,227,89.01960784313725,43.644665725786
Pentax,K20D,213,100,87.0,228,89.41176470588236,43.662481226274
Pentax,K20D,213,100,87.0,229,89.80392156862746,43.680211678618
Pentax,K20D,213,100,87.0,230,90.19607843137256,43.697857836793
Pentax,K20D,213,100,87.0,231,90.58823529411765,43.715420444848
Pentax,K20D,213,100,87.0,232,90.98039215686275,43.732900237076
Pentax,K20D,213,100,87.0,233,91.37254901960785,43.750297938185
Pentax,K20D,213,100,87.0,234,91.76470588235294,43.767614263466
Pentax,K20D,213,100,87.0,235,92.15686274509804,43.784849918952
Pentax,K20D,213,100,87.0,236,92.54901960784314,43.80200560158
Pentax,K20D,213,100,87.0,237,92.94117647058823,43.819081999344
Pentax,K20D,213,100,87.0,238,93.33333333333333,43.836079791448
Pentax,K20D,213,100,87.0,239,93.72549019607843,43.852999648457
Pentax,K20D,213,100,87.0,240,94.11764705882352,43.869842232438
Pentax,K20D,213,100,87.0,241,94.50980392156862,43.88660819711
Pentax,K20D,213,100,87.0,242,94.90196078431372,43.903298187977
Pentax,K20D,213,100,87.0,243,95.29411764705881,43.919912842468
Pentax,K20D,213,100,87.0,244,95.68627450980392,43.936452790071
Pentax,K20D,213,100,87.0,245,96.07843137254902,43.952918652463
Pentax,K20D,213,100,87.0,246,96.47058823529412,43.969311043642
Pentax,K20D,213,100,87.0,247,96.86274509803921,43.985630570047
Pentax,K20D,213,100,87.0,248,97.25490196078431,44.001877830688
Pentax,K20D,213,100,87.0,249,97.6470588235294,44.018053417261
Pentax,K20D,213,100,87.0,250,98.0392156862745,44.034157914271
Pentax,K20D,213,100,87.0,251,98.4313725490196,44.050191899146
Pentax,K20D,213,100,87.0,252,98.82352941176471,44.06615594235
Pentax,K20D,213,100,87.0,253,99.2156862745098,44.082050607495
Pentax,K20D,213,100,87.0,254,99.6078431372549,44.097876451451
Pentax,K20D,213,100,87.0,255,100.0,44.113634024454
Pentax,K20D,213,200,171.0,0.36586747000038,0.14347743921583528,0
Pentax,K20D,213,200,171.0,0.44456623813468,0.17433970122928627,1.8882125987845
Pentax,K20D,213,200,171.0,0.5,0.19607843137254902,3.7520167440104
Pentax,K20D,213,200,171.0,0.7051170913498,0.2765165064116863,6.529516921964
Pentax,K20D,213,200,171.0,1.6903795767594,0.662893951670353,9.4186982559162
Pentax,K20D,213,200,171.0,2,0.7843137254901961,14.808055137544
Pentax,K20D,213,200,171.0,3.4596580403273,1.3567286432656078,17.779195850985
Pentax,K20D,213,200,171.0,4,1.5686274509803921,19.789627892466
Pentax,K20D,213,200,171.0,5,1.9607843137254901,21.289166614933
Pentax,K20D,213,200,171.0,6,2.3529411764705883,22.474654249978
Pentax,K20D,213,200,171.0,7,2.7450980392156863,23.449139486927
Pentax,K20D,213,200,171.0,8,3.1372549019607843,24.272973773532
Pentax,K20D,213,200,171.0,9,3.5294117647058822,24.984359897301
Pentax,K20D,213,200,171.0,10,3.9215686274509802,25.608909468049
Pentax,K20D,213,200,171.0,11,4.313725490196078,26.164570758383
Pentax,K20D,213,200,171.0,12,4.705882352941177,26.664373926715
Pentax,K20D,213,200,171.0,13,5.098039215686274,27.118055746599
Pentax,K20D,213,200,171.0,14,5.490196078431373,27.533069240296
Pentax,K20D,213,200,171.0,15,5.88235294117647,27.915236830493
Pentax,K20D,213,200,171.0,20,7.8431372549019605,29.468226300539
Pentax,K20D,213,200,171.0,25,9.803921568627452,30.632615070655
Pentax,K20D,213,200,171.0,30,11.76470588235294,31.561729675639
Pentax,K20D,213,200,171.0,35,13.725490196078432,32.333800721715
Pentax,K20D,213,200,171.0,42,16.470588235294116,33.23328593608
Pentax,K20D,213,200,171.0,43,16.862745098039216,33.348414121573
Pentax,K20D,213,200,171.0,44,17.254901960784313,33.460700044118
Pentax,K20D,213,200,171.0,45,17.647058823529413,33.570280480402
Pentax,K20D,213,200,171.0,46,18.03921568627451,33.677282668499
Pentax,K20D,213,200,171.0,47,18.43137254901961,33.78182516772
Pentax,K20D,213,200,171.0,48,18.823529411764707,33.884018624303
Pentax,K20D,213,200,171.0,49,19.215686274509807,33.983966455
Pentax,K20D,213,200,171.0,50,19.607843137254903,34.081765458836
Pentax,K20D,213,200,171.0,51,20.0,34.177506365881
Pentax,K20D,213,200,171.0,52,20.392156862745097,34.271274330627
Pentax,K20D,213,200,171.0,53,20.784313725490197,34.363149376495
Pentax,K20D,213,200,171.0,54,21.176470588235293,34.453206797165
Pentax,K20D,213,200,171.0,55,21.568627450980394,34.541517519635
Pentax,K20D,213,200,171.0,56,21.96078431372549,34.628148433277
Pentax,K20D,213,200,171.0,57,22.35294117647059,34.713162688642
Pentax,K20D,213,200,171.0,58,22.745098039215687,34.796619969267
Pentax,K20D,213,200,171.0,59,23.137254901960784,34.878576739343
Pentax,K20D,213,200,171.0,60,23.52941176470588,34.95908646977
Pentax,K20D,213,200,171.0,61,23.92156862745098,35.038199844811
Pentax,K20D,213,200,171.0,62,24.313725490196077,35.115964951299
Pentax,K20D,213,200,171.0,63,24.705882352941178,35.192427452128
Pentax,K20D,213,200,171.0,64,25.098039215686274,35.26763074557
Pentax,K20D,213,200,171.0,65,25.49019607843137,35.341616111765
Pentax,K20D,213,200,171.0,66,25.882352941176475,35.414422847619
Pentax,K20D,213,200,171.0,67,26.27450980392157,35.486088391171
Pentax,K20D,213,200,171.0,68,26.666666666666668,35.556648436408
Pentax,K20D,213,200,171.0,69,27.058823529411764,35.626137039385
Pentax,K20D,213,200,171.0,70,27.450980392156865,35.694586716433
Pentax,K20D,213,200,171.0,71,27.84313725490196,35.762028535144
Pentax,K20D,213,200,171.0,72,28.235294117647058,35.828492198759
Pentax,K20D,213,200,171.0,73,28.627450980392155,35.894006124526
Pentax,K20D,213,200,171.0,74,29.01960784313726,35.958597516536
Pentax,K20D,213,200,171.0,75,29.411764705882355,36.022292433491
Pentax,K20D,213,200,171.0,76,29.80392156862745,36.085115851828
Pentax,K20D,213,200,171.0,77,30.19607843137255,36.147091724565
Pentax,K20D,213,200,171.0,78,30.58823529411765,36.208243036219
Pentax,K20D,213,200,171.0,79,30.980392156862745,36.268591854105
Pentax,K20D,213,200,171.0,80,31.372549019607842,36.328159376288
Pentax,K20D,213,200,171.0,81,31.76470588235294,36.386965976459
Pentax,K20D,213,200,171.0,82,32.15686274509804,36.445031245961
Pentax,K20D,213,200,171.0,83,32.549019607843135,36.502374033178
Pentax,K20D,213,200,171.0,84,32.94117647058823,36.559012480485
Pentax,K20D,213,200,171.0,85,33.33333333333333,36.614964058939
Pentax,K20D,213,200,171.0,86,33.72549019607843,36.67024560087
Pentax,K20D,213,200,171.0,87,34.11764705882353,36.724873330524
Pentax,K20D,213,200,171.0,88,34.509803921568626,36.778862892896
Pentax,K20D,213,200,171.0,89,34.90196078431372,36.832229380885
Pentax,K20D,213,200,171.0,90,35.294117647058826,36.884987360871
Pentax,K20D,213,200,171.0,91,35.68627450980392,36.93715089684
Pentax,K20D,213,200,171.0,92,36.07843137254902,36.988733573147
Pentax,K20D,213,200,171.0,93,36.470588235294116,37.039748516003
Pentax,K20D,213,200,171.0,94,36.86274509803922,37.090208413782
Pentax,K20D,213,200,171.0,95,37.254901960784316,37.140125536212
Pentax,K20D,213,200,171.0,96,37.64705882352941,37.189511752533
Pentax,K20D,213,200,171.0,97,38.03921568627451,37.238378548687
Pentax,K20D,213,200,171.0,98,38.43137254901961,37.286737043588
Pentax,K20D,213,200,171.0,99,38.82352941176471,37.334598004549
Pentax,K20D,213,200,171.0,100,39.21568627450981,37.38197186191
Pentax,K20D,213,200,171.0,101,39.6078431372549,37.428868722905
Pentax,K20D,213,200,171.0,102,40.0,37.475298384836
Pentax,K20D,213,200,171.0,103,40.3921568627451,37.521270347578
Pentax,K20D,213,200,171.0,104,40.78431372549019,37.566793825464
Pentax,K20D,213,200,171.0,105,41.17647058823529,37.611877758581
Pentax,K20D,213,200,171.0,106,41.568627450980394,37.656530823515
Pentax,K20D,213,200,171.0,107,41.96078431372549,37.700761443581
Pentax,K20D,213,200,171.0,108,42.35294117647059,37.744577798552
Pentax,K20D,213,200,171.0,109,42.745098039215684,37.787987833941
Pentax,K20D,213,200,171.0,110,43.13725490196079,37.830999269831
Pentax,K20D,213,200,171.0,111,43.529411764705884,37.873619609304
Pentax,K20D,213,200,171.0,112,43.92156862745098,37.915856146478
Pentax,K20D,213,200,171.0,113,44.31372549019608,37.957715974172
Pentax,K20D,213,200,171.0,114,44.70588235294118,37.999205991232
Pentax,K20D,213,200,171.0,115,45.09803921568628,38.04033290952
Pentax,K20D,213,200,171.0,116,45.490196078431374,38.081103260594
Pentax,K20D,213,200,171.0,117,45.88235294117647,38.121523402093
Pentax,K20D,213,200,171.0,118,46.27450980392157,38.161599523845
Pentax,K20D,213,200,171.0,119,46.666666666666664,38.201337653706
Pentax,K20D,213,200,171.0,120,47.05882352941176,38.24074366315
Pentax,K20D,213,200,171.0,121,47.45098039215686,38.279823272619
Pentax,K20D,213,200,171.0,122,47.84313725490196,38.318582056647
Pentax,K20D,213,200,171.0,123,48.23529411764706,38.357025448772
Pentax,K20D,213,200,171.0,124,48.627450980392155,38.395158746236
Pentax,K20D,213,200,171.0,125,49.01960784313725,38.432987114502
Pentax,K20D,213,200,171.0,126,49.411764705882355,38.470515591575
Pentax,K20D,213,200,171.0,127,49.80392156862745,38.507749092155
Pentax,K20D,213,200,171.0,128,50.19607843137255,38.544692411616
Pentax,K20D,213,200,171.0,129,50.588235294117645,38.581350229837
Pentax,K20D,213,200,171.0,130,50.98039215686274,38.617727114867
Pentax,K20D,213,200,171.0,131,51.37254901960784,38.653827526458
Pentax,K20D,213,200,171.0,132,51.76470588235295,38.689655819451
Pentax,K20D,213,200,171.0,133,52.156862745098046,38.725216247036
Pentax,K20D,213,200,171.0,134,52.54901960784314,38.760512963887
Pentax,K20D,213,200,171.0,135,52.94117647058824,38.795550029171
Pentax,K20D,213,200,171.0,136,53.333333333333336,38.830331409452
Pentax,K20D,213,200,171.0,137,53.72549019607843,38.864860981482
Pentax,K20D,213,200,171.0,138,54.11764705882353,38.899142534881
Pentax,K20D,213,200,171.0,139,54.509803921568626,38.93317977473
Pentax,K20D,213,200,171.0,140,54.90196078431373,38.966976324061
Pentax,K20D,213,200,171.0,141,55.294117647058826,39.000535726258
Pentax,K20D,213,200,171.0,142,55.68627450980392,39.033861447367
Pentax,K20D,213,200,171.0,143,56.07843137254902,39.066956878333
Pentax,K20D,213,200,171.0,144,56.470588235294116,39.099825337145
Pentax,K20D,213,200,171.0,145,56.86274509803921,39.132470070913
Pentax,K20D,213,200,171.0,146,57.25490196078431,39.164894257868
Pentax,K20D,213,200,171.0,147,57.647058823529406,39.197101009298
Pentax,K20D,213,200,171.0,148,58.03921568627452,39.229093371402
Pentax,K20D,213,200,171.0,149,58.43137254901961,39.260874327102
Pentax,K20D,213,200,171.0,150,58.82352941176471,39.292446797771
Pentax,K20D,213,200,171.0,151,59.21568627450981,39.32381364492
Pentax,K20D,213,200,171.0,152,59.6078431372549,39.354977671812
Pentax,K20D,213,200,171.0,153,60.0,39.385941625038
Pentax,K20D,213,200,171.0,154,60.3921568627451,39.416708196027
Pentax,K20D,213,200,171.0,155,60.78431372549019,39.447280022512
Pentax,K20D,213,200,171.0,156,61.1764705882353,39.477659689947
Pentax,K20D,213,200,171.0,157,61.568627450980394,39.507849732881
Pentax,K20D,213,200,171.0,158,61.96078431372549,39.537852636277
Pentax,K20D,213,200,171.0,159,62.35294117647059,39.567670836801
Pentax,K20D,213,200,171.0,160,62.745098039215684,39.597306724064
Pentax,K20D,213,200,171.0,161,63.13725490196078,39.626762641818
Pentax,K20D,213,200,171.0,162,63.52941176470588,39.656040889127
Pentax,K20D,213,200,171.0,163,63.921568627450974,39.685143721493
Pentax,K20D,213,200,171.0,164,64.31372549019608,39.714073351946
Pentax,K20D,213,200,171.0,165,64.70588235294117,39.742831952104
Pentax,K20D,213,200,171.0,166,65.09803921568627,39.771421653199
Pentax,K20D,213,200,171.0,167,65.49019607843137,39.799844547069
Pentax,K20D,213,200,171.0,168,65.88235294117646,39.828102687124
Pentax,K20D,213,200,171.0,169,66.27450980392156,39.856198089281
Pentax,K20D,213,200,171.0,170,66.66666666666666,39.884132732865
Pentax,K20D,213,200,171.0,171,67.05882352941175,39.911908561496
Pentax,K20D,213,200,171.0,172,67.45098039215686,39.939527483936
Pentax,K20D,213,200,171.0,173,67.84313725490196,39.966991374917
Pentax,K20D,213,200,171.0,174,68.23529411764706,39.994302075948
Pentax,K20D,213,200,171.0,175,68.62745098039215,40.021461396091
Pentax,K20D,213,200,171.0,176,69.01960784313725,40.048471112719
Pentax,K20D,213,200,171.0,177,69.41176470588235,40.075332972253
Pentax,K20D,213,200,171.0,178,69.80392156862744,40.102048690871
Pentax,K20D,213,200,171.0,179,70.19607843137254,40.128619955208
Pentax,K20D,213,200,171.0,180,70.58823529411765,40.155048423023
Pentax,K20D,213,200,171.0,181,70.98039215686275,40.181335723859
Pentax,K20D,213,200,171.0,182,71.37254901960785,40.207483459677
Pentax,K20D,213,200,171.0,183,71.76470588235294,40.233493205475
Pentax,K20D,213,200,171.0,184,72.15686274509804,40.259366509886
Pentax,K20D,213,200,171.0,185,72.54901960784314,40.285104895768
Pentax,K20D,213,200,171.0,186,72.94117647058823,40.310709860768
Pentax,K20D,213,200,171.0,187,73.33333333333333,40.336182877878
Pentax,K20D,213,200,171.0,188,73.72549019607844,40.361525395971
Pentax,K20D,213,200,171.0,189,74.11764705882354,40.386738840322
Pentax,K20D,213,200,171.0,190,74.50980392156863,40.411824613124
Pentax,K20D,213,200,171.0,191,74.90196078431373,40.436784093977
Pentax,K20D,213,200,171.0,192,75.29411764705883,40.461618640371
Pentax,K20D,213,200,171.0,193,75.68627450980392,40.48632958816
Pentax,K20D,213,200,171.0,194,76.07843137254902,40.510918252016
Pentax,K20D,213,200,171.0,195,76.47058823529412,40.535385925871
Pentax,K20D,213,200,171.0,196,76.86274509803923,40.559733883357
Pentax,K20D,213,200,171.0,197,77.25490196078432,40.583963378224
Pentax,K20D,213,200,171.0,198,77.64705882352942,40.608075644754
Pentax,K20D,213,200,171.0,199,78.03921568627452,40.632071898157
Pentax,K20D,213,200,171.0,200,78.43137254901961,40.655953334967
Pentax,K20D,213,200,171.0,201,78.82352941176471,40.67972113342
Pentax,K20D,213,200,171.0,202,79.2156862745098,40.703376453824
Pentax,K20D,213,200,171.0,203,79.6078431372549,40.726920438925
Pentax,K20D,213,200,171.0,204,80.0,40.750354214252
Pentax,K20D,213,200,171.0,205,80.3921568627451,40.773678888469
Pentax,K20D,213,200,171.0,206,80.7843137254902,40.796895553703
Pentax,K20D,213,200,171.0,207,81.17647058823529,40.820005285877
Pentax,K20D,213,200,171.0,208,81.56862745098039,40.843009145025
Pentax,K20D,213,200,171.0,209,81.96078431372548,40.865908175605
Pentax,K20D,213,200,171.0,210,82.35294117647058,40.888703406801
Pentax,K20D,213,200,171.0,211,82.74509803921568,40.91139585282
Pentax,K20D,213,200,171.0,212,83.13725490196079,40.933986513182
Pentax,K20D,213,200,171.0,213,83.52941176470588,40.956476373
Pentax,K20D,213,200,171.0,214,83.92156862745098,40.978866403258
Pentax,K20D,213,200,171.0,215,84.31372549019608,41.001157561077
Pentax,K20D,213,200,171.0,216,84.70588235294117,41.02335078998
Pentax,K20D,213,200,171.0,217,85.09803921568627,41.045447020147
Pentax,K20D,213,200,171.0,218,85.49019607843137,41.067447168665
Pentax,K20D,213,200,171.0,219,85.88235294117646,41.089352139772
Pentax,K20D,213,200,171.0,220,86.27450980392157,41.1111628251
Pentax,K20D,213,200,171.0,221,86.66666666666667,41.132880103902
Pentax,K20D,213,200,171.0,222,87.05882352941177,41.154504843284
Pentax,K20D,213,200,171.0,223,87.45098039215686,41.176037898426
Pentax,K20D,213,200,171.0,224,87.84313725490196,41.197480112801
Pentax,K20D,213,200,171.0,225,88.23529411764706,41.218832318387
Pentax,K20D,213,200,171.0,226,88.62745098039215,41.240095335874
Pentax,K20D,213,200,171.0,227,89.01960784313725,41.261269974868
Pentax,K20D,213,200,171.0,228,89.41176470588236,41.28235703409
Pentax,K20D,213,200,171.0,229,89.80392156862746,41.30335730157
Pentax,K20D,213,200,171.0,230,90.19607843137256,41.324271554837
Pentax,K20D,213,200,171.0,231,90.58823529411765,41.345100561103
Pentax,K20D,213,200,171.0,232,90.98039215686275,41.365845077447
Pentax,K20D,213,200,171.0,233,91.37254901960785,41.386505850993
Pentax,K20D,213,200,171.0,234,91.76470588235294,41.40708361908
Pentax,K20D,213,200,171.0,235,92.15686274509804,41.427579109437
Pentax,K20D,213,200,171.0,236,92.54901960784314,41.447993040345
Pentax,K20D,213,200,171.0,237,92.94117647058823,41.468326120802
Pentax,K20D,213,200,171.0,238,93.33333333333333,41.488579050684
Pentax,K20D,213,200,171.0,239,93.72549019607843,41.508752520896
Pentax,K20D,213,200,171.0,240,94.11764705882352,41.528847213528
Pentax,K20D,213,200,171.0,241,94.50980392156862,41.548863802005
Pentax,K20D,213,200,171.0,242,94.90196078431372,41.568802951231
Pentax,K20D,213,200,171.0,243,95.29411764705881,41.588665317733
Pentax,K20D,213,200,171.0,244,95.68627450980392,41.608451549801
Pentax,K20D,213,200,171.0,245,96.07843137254902,41.628162287625
Pentax,K20D,213,200,171.0,246,96.47058823529412,41.647798163431
Pentax,K20D,213,200,171.0,247,96.86274509803921,41.667359801611
Pentax,K20D,213,200,171.0,248,97.25490196078431,41.68684781885
Pentax,K20D,213,200,171.0,249,97.6470588235294,41.706262824257
Pentax,K20D,213,200,171.0,250,98.0392156862745,41.725605419485
Pentax,K20D,213,200,171.0,251,98.4313725490196,41.744876198854
Pentax,K20D,213,200,171.0,252,98.82352941176471,41.764075749467
Pentax,K20D,213,200,171.0,253,99.2156862745098,41.783204651333
Pentax,K20D,213,200,171.0,254,99.6078431372549,41.80226347747
Pentax,K20D,213,200,171.0,255,100.0,41.821252794028
Pentax,K20D,213,400,339.0,0.46766884558249,0.18339954728725097,0
Pentax,K20D,213,400,339.0,0.5,0.19607843137254902,1.0342921076402
Pentax,K20D,213,400,339.0,0.7051170913498,0.2765165064116863,3.8156167398138
Pentax,K20D,213,400,339.0,1.6903795767594,0.662893951670353,6.7100820064869
Pentax,K20D,213,400,339.0,2,0.7843137254901961,12.113917394707
Pentax,K20D,213,400,339.0,3.4596580403273,1.3567286432656078,15.096025548421
Pentax,K20D,213,400,339.0,4,1.5686274509803921,17.115027619317
Pentax,K20D,213,400,339.0,5,1.9607843137254901,18.621426638938
Pentax,K20D,213,400,339.0,6,2.3529411764705883,19.812512439301
Pentax,K20D,213,400,339.0,7,2.7450980392156863,20.791637591648
Pentax,K20D,213,400,339.0,8,3.1372549019607843,21.619367104179
Pentax,K20D,213,400,339.0,9,3.5294117647058822,22.33405823996
Pentax,K20D,213,400,339.0,10,3.9215686274509802,22.961437111222
Pentax,K20D,213,400,339.0,11,4.313725490196078,23.519538663969
Pentax,K20D,213,400,339.0,12,4.705882352941177,24.021459871316
Pentax,K20D,213,400,339.0,13,5.098039215686274,24.476989842277
Pentax,K20D,213,400,339.0,14,5.490196078431373,24.893623175961
Pentax,K20D,213,400,339.0,15,5.88235294117647,25.277215742734
Pentax,K20D,213,400,339.0,20,7.8431372549019605,26.835209939998
Pentax,K20D,213,400,339.0,25,9.803921568627452,28.002344027937
Pentax,K20D,213,400,339.0,30,11.76470588235294,28.932898024597
Pentax,K20D,213,400,339.0,35,13.725490196078432,29.70558466757
Pentax,K20D,213,400,339.0,42,16.470588235294116,30.60504015816
Pentax,K20D,213,400,339.0,43,16.862745098039216,30.720101726848
Pentax,K20D,213,400,339.0,44,17.254901960784313,30.83230823664
Pentax,K20D,213,400,339.0,45,17.647058823529413,30.941797211661
Pentax,K20D,213,400,339.0,46,18.03921568627451,31.048696579308
Pentax,K20D,213,400,339.0,47,18.43137254901961,31.153125535638
Pentax,K20D,213,400,339.0,48,18.823529411764707,31.255195315979
Pentax,K20D,213,400,339.0,49,19.215686274509807,31.355009882885
Pentax,K20D,213,400,339.0,50,19.607843137254903,31.452666541805
Pentax,K20D,213,400,339.0,51,20.0,31.548256493341
Pentax,K20D,213,400,339.0,52,20.392156862745097,31.641865329742
Pentax,K20D,213,400,339.0,53,20.784313725490197,31.733573482222
Pentax,K20D,213,400,339.0,54,21.176470588235293,31.823456624808
Pentax,K20D,213,400,339.0,55,21.568627450980394,31.911586039663
Pentax,K20D,213,400,339.0,56,21.96078431372549,31.998028948201
Pentax,K20D,213,400,339.0,57,22.35294117647059,32.082848811734
Pentax,K20D,213,400,339.0,58,22.745098039215687,32.166105604959
Pentax,K20D,213,400,339.0,59,23.137254901960784,32.247856065146
Pentax,K20D,213,400,339.0,60,23.52941176470588,32.328153919575
Pentax,K20D,213,400,339.0,61,23.92156862745098,32.407050093448
Pentax,K20D,213,400,339.0,62,24.313725490196077,32.484592900235
Pentax,K20D,213,400,339.0,63,24.705882352941178,32.560828216215
Pentax,K20D,213,400,339.0,64,25.098039215686274,32.635799640743
Pentax,K20D,213,400,339.0,65,25.49019607843137,32.709548643617
Pentax,K20D,213,400,339.0,66,25.882352941176475,32.782114700772
Pentax,K20D,213,400,339.0,67,26.27450980392157,32.85353541938
Pentax,K20D,213,400,339.0,68,26.666666666666668,32.923846653343
Pentax,K20D,213,400,339.0,69,27.058823529411764,32.993082610027
Pentax,K20D,213,400,339.0,70,27.450980392156865,33.061275949043
Pentax,K20D,213,400,339.0,71,27.84313725490196,33.128457873758
Pentax,K20D,213,400,339.0,72,28.235294117647058,33.194658216162
Pentax,K20D,213,400,339.0,73,28.627450980392155,33.259905515681
Pentax,K20D,213,400,339.0,74,29.01960784313726,33.324227092421
Pentax,K20D,213,400,339.0,75,29.411764705882355,33.387649115324
Pentax,K20D,213,400,339.0,76,29.80392156862745,33.450196665638
Pentax,K20D,213,400,339.0,77,30.19607843137255,33.511893796103
Pentax,K20D,213,400,339.0,78,30.58823529411765,33.572763586168
Pentax,K20D,213,400,339.0,79,30.980392156862745,33.63282819357
Pentax,K20D,213,400,339.0,80,31.372549019607842,33.692108902557
Pentax,K20D,213,400,339.0,81,31.76470588235294,33.750626169006
Pentax,K20D,213,400,339.0,82,32.15686274509804,33.808399662678
Pentax,K20D,213,400,339.0,83,32.549019607843135,33.865448306817
Pentax,K20D,213,400,339.0,84,32.94117647058823,33.921790315304
Pentax,K20D,213,400,339.0,85,33.33333333333333,33.97744322753
Pentax,K20D,213,400,339.0,86,33.72549019607843,34.032423941161
Pentax,K20D,213,400,339.0,87,34.11764705882353,34.086748742942
Pentax,K20D,213,400,339.0,88,34.509803921568626,34.140433337686
Pentax,K20D,213,400,339.0,89,34.90196078431372,34.193492875564
Pentax,K20D,213,400,339.0,90,35.294117647058826,34.245941977823
Pentax,K20D,213,400,339.0,91,35.68627450980392,34.29779476103
Pentax,K20D,213,400,339.0,92,36.07843137254902,34.349064859955
Pentax,K20D,213,400,339.0,93,36.470588235294116,34.399765449166
Pentax,K20D,213,400,339.0,94,36.86274509803922,34.449909263441
Pentax,K20D,213,400,339.0,95,37.254901960784316,34.499508617056
Pentax,K20D,213,400,339.0,96,37.64705882352941,34.548575422036
Pentax,K20D,213,400,339.0,97,38.03921568627451,34.597121205426
Pentax,K20D,213,400,339.0,98,38.43137254901961,34.645157125648
Pentax,K20D,213,400,339.0,99,38.82352941176471,34.692693988001
Pentax,K20D,213,400,339.0,100,39.21568627450981,34.739742259361
Pentax,K20D,213,400,339.0,101,39.6078431372549,34.78631208212
Pentax,K20D,213,400,339.0,102,40.0,34.832413287419
Pentax,K20D,213,400,339.0,103,40.3921568627451,34.878055407717
Pentax,K20D,213,400,339.0,104,40.78431372549019,34.92324768873
Pentax,K20D,213,400,339.0,105,41.17647058823529,34.967999100787
Pentax,K20D,213,400,339.0,106,41.568627450980394,35.012318349621
Pentax,K20D,213,400,339.0,107,41.96078431372549,35.05621388665
Pentax,K20D,213,400,339.0,108,42.35294117647059,35.099693918753
Pentax,K20D,213,400,339.0,109,42.745098039215684,35.14276641759
Pentax,K20D,213,400,339.0,110,43.13725490196079,35.185439128482
Pentax,K20D,213,400,339.0,111,43.529411764705884,35.227719578873
Pentax,K20D,213,400,339.0,112,43.92156862745098,35.269615086404
Pentax,K20D,213,400,339.0,113,44.31372549019608,35.311132766618
Pentax,K20D,213,400,339.0,114,44.70588235294118,35.352279540317
Pentax,K20D,213,400,339.0,115,45.09803921568628,35.393062140579
Pentax,K20D,213,400,339.0,116,45.490196078431374,35.433487119476
Pentax,K20D,213,400,339.0,117,45.88235294117647,35.473560854481
Pentax,K20D,213,400,339.0,118,46.27450980392157,35.513289554609
Pentax,K20D,213,400,339.0,119,46.666666666666664,35.552679266276
Pentax,K20D,213,400,339.0,120,47.05882352941176,35.591735878919
Pentax,K20D,213,400,339.0,121,47.45098039215686,35.630465130367
Pentax,K20D,213,400,339.0,122,47.84313725490196,35.66887261199
Pentax,K20D,213,400,339.0,123,48.23529411764706,35.706963773628
Pentax,K20D,213,400,339.0,124,48.627450980392155,35.744743928318
Pentax,K20D,213,400,339.0,125,49.01960784313725,35.782218256824
Pentax,K20D,213,400,339.0,126,49.411764705882355,35.81939181198
Pentax,K20D,213,400,339.0,127,49.80392156862745,35.856269522861
Pentax,K20D,213,400,339.0,128,50.19607843137255,35.892856198779
Pentax,K20D,213,400,339.0,129,50.588235294117645,35.929156533129
Pentax,K20D,213,400,339.0,130,50.98039215686274,35.96517510707
Pentax,K20D,213,400,339.0,131,51.37254901960784,36.000916393073
Pentax,K20D,213,400,339.0,132,51.76470588235295,36.036384758322
Pentax,K20D,213,400,339.0,133,52.156862745098046,36.071584467986
Pentax,K20D,213,400,339.0,134,52.54901960784314,36.106519688368
Pentax,K20D,213,400,339.0,135,52.94117647058824,36.141194489928
Pentax,K20D,213,400,339.0,136,53.333333333333336,36.175612850197
Pentax,K20D,213,400,339.0,137,53.72549019607843,36.209778656575
Pentax,K20D,213,400,339.0,138,54.11764705882353,36.243695709033
Pentax,K20D,213,400,339.0,139,54.509803921568626,36.277367722708
Pentax,K20D,213,400,339.0,140,54.90196078431373,36.310798330403
Pentax,K20D,213,400,339.0,141,55.294117647058826,36.343991085001
Pentax,K20D,213,400,339.0,142,55.68627450980392,36.376949461787
Pentax,K20D,213,400,339.0,143,56.07843137254902,36.409676860683
Pentax,K20D,213,400,339.0,144,56.470588235294116,36.442176608413
Pentax,K20D,213,400,339.0,145,56.86274509803921,36.474451960583
Pentax,K20D,213,400,339.0,146,57.25490196078431,36.506506103691
Pentax,K20D,213,400,339.0,147,57.647058823529406,36.538342157063
Pentax,K20D,213,400,339.0,148,58.03921568627452,36.56996317473
Pentax,K20D,213,400,339.0,149,58.43137254901961,36.601372147227
Pentax,K20D,213,400,339.0,150,58.82352941176471,36.632572003346
Pentax,K20D,213,400,339.0,151,59.21568627450981,36.663565611817
Pentax,K20D,213,400,339.0,152,59.6078431372549,36.694355782936
Pentax,K20D,213,400,339.0,153,60.0,36.724945270139
Pentax,K20D,213,400,339.0,154,60.3921568627451,36.755336771527
Pentax,K20D,213,400,339.0,155,60.78431372549019,36.78553293133
Pentax,K20D,213,400,339.0,156,61.1764705882353,36.815536341334
Pentax,K20D,213,400,339.0,157,61.568627450980394,36.845349542256
Pentax,K20D,213,400,339.0,158,61.96078431372549,36.874975025073
Pentax,K20D,213,400,339.0,159,62.35294117647059,36.904415232313
Pentax,K20D,213,400,339.0,160,62.745098039215684,36.933672559296
Pentax,K20D,213,400,339.0,161,63.13725490196078,36.962749355349
Pentax,K20D,213,400,339.0,162,63.52941176470588,36.991647924966
Pentax,K20D,213,400,339.0,163,63.921568627450974,37.020370528945
Pentax,K20D,213,400,339.0,164,64.31372549019608,37.048919385485
Pentax,K20D,213,400,339.0,165,64.70588235294117,37.077296671241
Pentax,K20D,213,400,339.0,166,65.09803921568627,37.105504522362
Pentax,K20D,213,400,339.0,167,65.49019607843137,37.133545035484
Pentax,K20D,213,400,339.0,168,65.88235294117646,37.161420268699
Pentax,K20D,213,400,339.0,169,66.27450980392156,37.189132242488
Pentax,K20D,213,400,339.0,170,66.66666666666666,37.216682940638
Pentax,K20D,213,400,339.0,171,67.05882352941175,37.244074311119
Pentax,K20D,213,400,339.0,172,67.45098039215686,37.271308266942
Pentax,K20D,213,400,339.0,173,67.84313725490196,37.298386686987
Pentax,K20D,213,400,339.0,174,68.23529411764706,37.325311416813
Pentax,K20D,213,400,339.0,175,68.62745098039215,37.352084269436
Pentax,K20D,213,400,339.0,176,69.01960784313725,37.378707026093
Pentax,K20D,213,400,339.0,177,69.41176470588235,37.405181436974
Pentax,K20D,213,400,339.0,178,69.80392156862744,37.431509221945
Pentax,K20D,213,400,339.0,179,70.19607843137254,37.457692071239
Pentax,K20D,213,400,339.0,180,70.58823529411765,37.483731646133
Pentax,K20D,213,400,339.0,181,70.98039215686275,37.509629579605
Pentax,K20D,213,400,339.0,182,71.37254901960785,37.535387476973
Pentax,K20D,213,400,339.0,183,71.76470588235294,37.561006916517
Pentax,K20D,213,400,339.0,184,72.15686274509804,37.586489450077
Pentax,K20D,213,400,339.0,185,72.54901960784314,37.611836603644
Pentax,K20D,213,400,339.0,186,72.94117647058823,37.637049877929
Pentax,K20D,213,400,339.0,187,73.33333333333333,37.662130748919
Pentax,K20D,213,400,339.0,188,73.72549019607844,37.687080668413
Pentax,K20D,213,400,339.0,189,74.11764705882354,37.711901064552
Pentax,K20D,213,400,339.0,190,74.50980392156863,37.736593342324
Pentax,K20D,213,400,339.0,191,74.90196078431373,37.761158884068
Pentax,K20D,213,400,339.0,192,75.29411764705883,37.785599049949
Pentax,K20D,213,400,339.0,193,75.68627450980392,37.80991517844
Pentax,K20D,213,400,339.0,194,76.07843137254902,37.83410858677
Pentax,K20D,213,400,339.0,195,76.47058823529412,37.858180571378
Pentax,K20D,213,400,339.0,196,76.86274509803923,37.882132408343
Pentax,K20D,213,400,339.0,197,77.25490196078432,37.905965353813
Pentax,K20D,213,400,339.0,198,77.64705882352942,37.92968064441
Pentax,K20D,213,400,339.0,199,78.03921568627452,37.95327949764
Pentax,K20D,213,400,339.0,200,78.43137254901961,37.976763112281
Pentax,K20D,213,400,339.0,201,78.82352941176471,38.000132668762
Pentax,K20D,213,400,339.0,202,79.2156862745098,38.02338932954
Pentax,K20D,213,400,339.0,203,79.6078431372549,38.046534239463
Pentax,K20D,213,400,339.0,204,80.0,38.069568526116
Pentax,K20D,213,400,339.0,205,80.3921568627451,38.092493300177
Pentax,K20D,213,400,339.0,206,80.7843137254902,38.115309655744
Pentax,K20D,213,400,339.0,207,81.17647058823529,38.138018670667
Pentax,K20D,213,400,339.0,208,81.56862745098039,38.160621406867
Pentax,K20D,213,400,339.0,209,81.96078431372548,38.183118910651
Pentax,K20D,213,400,339.0,210,82.35294117647058,38.205512213009
Pentax,K20D,213,400,339.0,211,82.74509803921568,38.227802329921
Pentax,K20D,213,400,339.0,212,83.13725490196079,38.249990262639
Pentax,K20D,213,400,339.0,213,83.52941176470588,38.272076997972
Pentax,K20D,213,400,339.0,214,83.92156862745098,38.294063508565
Pentax,K20D,213,400,339.0,215,84.31372549019608,38.315950753166
Pentax,K20D,213,400,339.0,216,84.70588235294117,38.33773967689
Pentax,K20D,213,400,339.0,217,85.09803921568627,38.359431211474
Pentax,K20D,213,400,339.0,218,85.49019607843137,38.381026275534
Pentax,K20D,213,400,339.0,219,85.88235294117646,38.402525774802
Pentax,K20D,213,400,339.0,220,86.27450980392157,38.423930602373
Pentax,K20D,213,400,339.0,221,86.66666666666667,38.445241638932
Pentax,K20D,213,400,339.0,222,87.05882352941177,38.466459752989
Pentax,K20D,213,400,339.0,223,87.45098039215686,38.487585801099
Pentax,K20D,213,400,339.0,224,87.84313725490196,38.50862062808
Pentax,K20D,213,400,339.0,225,88.23529411764706,38.529565067227
Pentax,K20D,213,400,339.0,226,88.62745098039215,38.550419940521
Pentax,K20D,213,400,339.0,227,89.01960784313725,38.571186058832
Pentax,K20D,213,400,339.0,228,89.41176470588236,38.591864222119
Pentax,K20D,213,400,339.0,229,89.80392156862746,38.612455219623
Pentax,K20D,213,400,339.0,230,90.19607843137256,38.632959830059
Pentax,K20D,213,400,339.0,231,90.58823529411765,38.653378821804
Pentax,K20D,213,400,339.0,232,90.98039215686275,38.673712953074
Pentax,K20D,213,400,339.0,233,91.37254901960785,38.693962972106
Pentax,K20D,213,400,339.0,234,91.76470588235294,38.714129617334
Pentax,K20D,213,400,339.0,235,92.15686274509804,38.734213617554
Pentax,K20D,213,400,339.0,236,92.54901960784314,38.754215692094
Pentax,K20D,213,400,339.0,237,92.94117647058823,38.77413655098
Pentax,K20D,213,400,339.0,238,93.33333333333333,38.793976895089
Pentax,K20D,213,400,339.0,239,93.72549019607843,38.813737416311
Pentax,K20D,213,400,339.0,240,94.11764705882352,38.833418797699
Pentax,K20D,213,400,339.0,241,94.50980392156862,38.853021713621
Pentax,K20D,213,400,339.0,242,94.90196078431372,38.872546829904
Pentax,K20D,213,400,339.0,243,95.29411764705881,38.891994803979
Pentax,K20D,213,400,339.0,244,95.68627450980392,38.911366285023
Pentax,K20D,213,400,339.0,245,96.07843137254902,38.930661914091
Pentax,K20D,213,400,339.0,246,96.47058823529412,38.949882324259
Pentax,K20D,213,400,339.0,247,96.86274509803921,38.96902814075
Pentax,K20D,213,400,339.0,248,97.25490196078431,38.988099981063
Pentax,K20D,213,400,339.0,249,97.6470588235294,39.007098455103
Pentax,K20D,213,400,339.0,250,98.0392156862745,39.026024165304
Pentax,K20D,213,400,339.0,251,98.4313725490196,39.044877706749
Pentax,K20D,213,400,339.0,252,98.82352941176471,39.06365966729
Pentax,K20D,213,400,339.0,253,99.2156862745098,39.082370627664
Pentax,K20D,213,400,339.0,254,99.6078431372549,39.101011161608
Pentax,K20D,213,400,339.0,255,100.0,39.119581835973
Pentax,K20D,213,800,682.0,1.092946802488,0.4286065892109804,0
Pentax,K20D,213,800,682.0,1.6903795767594,0.662893951670353,2.8734469882248
Pentax,K20D,213,800,682.0,2,0.7843137254901961,8.358070759594
Pentax,K20D,213,800,682.0,3.4596580403273,1.3567286432656078,11.403367608498
Pentax,K20D,213,800,682.0,4,1.5686274509803921,13.473230269857
Pentax,K20D,213,800,682.0,5,1.9607843137254901,15.021517886009
Pentax,K20D,213,800,682.0,6,2.3529411764705883,16.247758966119
Pentax,K20D,213,800,682.0,7,2.7450980392156863,17.256856879961
Pentax,K20D,213,800,682.0,8,3.1372549019607843,18.110485023873
Pentax,K20D,213,800,682.0,9,3.5294117647058822,18.847813956952
Pentax,K20D,213,800,682.0,10,3.9215686274509802,19.495180103655
Pentax,K20D,213,800,682.0,11,4.313725490196078,20.071085363826
Pentax,K20D,213,800,682.0,12,4.705882352941177,20.58899007472
Pentax,K20D,213,800,682.0,13,5.098039215686274,21.058970342724
Pentax,K20D,213,800,682.0,14,5.490196078431373,21.488750462497
Pentax,K20D,213,800,682.0,15,5.88235294117647,21.884372322111
Pentax,K20D,213,800,682.0,20,7.8431372549019605,23.490260807487
Pentax,K20D,213,800,682.0,25,9.803921568627452,24.692114624283
Pentax,K20D,213,800,682.0,30,11.76470588235294,25.649708106359
Pentax,K20D,213,800,682.0,35,13.725490196078432,26.444571093927
Pentax,K20D,213,800,682.0,42,16.470588235294116,27.369811280997
Pentax,K20D,213,800,682.0,43,16.862745098039216,27.488189285104
Pentax,K20D,213,800,682.0,44,17.254901960784313,27.603637171684
Pentax,K20D,213,800,682.0,45,17.647058823529413,27.71629694528
Pentax,K20D,213,800,682.0,46,18.03921568627451,27.826300669506
Pentax,K20D,213,800,682.0,47,18.43137254901961,27.933771364884
Pentax,K20D,213,800,682.0,48,18.823529411764707,28.038823808286
Pentax,K20D,213,800,682.0,49,19.215686274509807,28.141565246597
Pentax,K20D,213,800,682.0,50,19.607843137254903,28.242096035321
Pentax,K20D,213,800,682.0,51,20.0,28.340510211379
Pentax,K20D,213,800,682.0,52,20.392156862745097,28.436896008008
Pentax,K20D,213,800,682.0,53,20.784313725490197,28.531336318622
Pentax,K20D,213,800,682.0,54,21.176470588235293,28.623909115544
Pentax,K20D,213,800,682.0,55,21.568627450980394,28.714687828759
Pentax,K20D,213,800,682.0,56,21.96078431372549,28.803741689145
Pentax,K20D,213,800,682.0,57,22.35294117647059,28.891136040101
Pentax,K20D,213,800,682.0,58,22.745098039215687,28.976932620972
Pentax,K20D,213,800,682.0,59,23.137254901960784,29.06118982527
Pentax,K20D,213,800,682.0,60,23.52941176470588,29.143962936312
Pentax,K20D,213,800,682.0,61,23.92156862745098,29.225304342605
Pentax,K20D,213,800,682.0,62,24.313725490196077,29.30526373501
Pentax,K20D,213,800,682.0,63,24.705882352941178,29.3838882875
Pentax,K20D,213,800,682.0,64,25.098039215686274,29.461222823116
Pentax,K20D,213,800,682.0,65,25.49019607843137,29.537309966547
Pentax,K20D,213,800,682.0,66,25.882352941176475,29.61219028459
Pentax,K20D,213,800,682.0,67,26.27450980392157,29.685902415643
Pentax,K20D,213,800,682.0,68,26.666666666666668,29.758483189214
Pentax,K20D,213,800,682.0,69,27.058823529411764,29.829967736369
Pentax,K20D,213,800,682.0,70,27.450980392156865,29.900389591923
Pentax,K20D,213,800,682.0,71,27.84313725490196,29.969780789095
Pentax,K20D,213,800,682.0,72,28.235294117647058,30.038171947285
Pentax,K20D,213,800,682.0,73,28.627450980392155,30.105592353571
Pentax,K20D,213,800,682.0,74,29.01960784313726,30.172070038434
Pentax,K20D,213,800,682.0,75,29.411764705882355,30.237631846214
Pentax,K20D,213,800,682.0,76,29.80392156862745,30.302303500717
Pentax,K20D,213,800,682.0,77,30.19607843137255,30.36610966637
Pentax,K20D,213,800,682.0,78,30.58823529411765,30.429074005277
Pentax,K20D,213,800,682.0,79,30.980392156862745,30.491219230513
Pentax,K20D,213,800,682.0,80,31.372549019607842,30.552567155922
Pentax,K20D,213,800,682.0,81,31.76470588235294,30.613138742722
Pentax,K20D,213,800,682.0,82,32.15686274509804,30.672954143134
Pentax,K20D,213,800,682.0,83,32.549019607843135,30.732032741268
Pentax,K20D,213,800,682.0,84,32.94117647058823,30.790393191476
Pentax,K20D,213,800,682.0,85,33.33333333333333,30.848053454341
Pentax,K20D,213,800,682.0,86,33.72549019607843,30.905030830494
Pentax,K20D,213,800,682.0,87,34.11764705882353,30.961341992397
Pentax,K20D,213,800,682.0,88,34.509803921568626,31.017003014249
Pentax,K20D,213,800,682.0,89,34.90196078431372,31.072029400131
Pentax,K20D,213,800,682.0,90,35.294117647058826,31.126436110535
Pentax,K20D,213,800,682.0,91,35.68627450980392,31.180237587362
Pentax,K20D,213,800,682.0,92,36.07843137254902,31.233447777515
Pentax,K20D,213,800,682.0,93,36.470588235294116,31.286080155159
Pentax,K20D,213,800,682.0,94,36.86274509803922,31.33814774276
Pentax,K20D,213,800,682.0,95,37.254901960784316,31.389663130964
Pentax,K20D,213,800,682.0,96,37.64705882352941,31.440638497401
Pentax,K20D,213,800,682.0,97,38.03921568627451,31.491085624478
Pentax,K20D,213,800,682.0,98,38.43137254901961,31.541015916231
Pentax,K20D,213,800,682.0,99,38.82352941176471,31.590440414288
Pentax,K20D,213,800,682.0,100,39.21568627450981,31.639369813004
Pentax,K20D,213,800,682.0,101,39.6078431372549,31.687814473817
Pentax,K20D,213,800,682.0,102,40.0,31.735784438871
Pentax,K20D,213,800,682.0,103,40.3921568627451,31.783289443952
Pentax,K20D,213,800,682.0,104,40.78431372549019,31.830338930778
Pentax,K20D,213,800,682.0,105,41.17647058823529,31.876942058684
Pentax,K20D,213,800,682.0,106,41.568627450980394,31.923107715724
Pentax,K20D,213,800,682.0,107,41.96078431372549,31.968844529251
Pentax,K20D,213,800,682.0,108,42.35294117647059,32.014160875969
Pentax,K20D,213,800,682.0,109,42.745098039215684,32.059064891524
Pentax,K20D,213,800,682.0,110,43.13725490196079,32.103564479629
Pentax,K20D,213,800,682.0,111,43.529411764705884,32.14766732077
Pentax,K20D,213,800,682.0,112,43.92156862745098,32.191380880508
Pentax,K20D,213,800,682.0,113,44.31372549019608,32.234712417394
Pentax,K20D,213,800,682.0,114,44.70588235294118,32.277668990533
Pentax,K20D,213,800,682.0,115,45.09803921568628,32.320257466798
Pentax,K20D,213,800,682.0,116,45.490196078431374,32.362484527727
Pentax,K20D,213,800,682.0,117,45.88235294117647,32.404356676115
Pentax,K20D,213,800,682.0,118,46.27450980392157,32.445880242313
Pentax,K20D,213,800,682.0,119,46.666666666666664,32.487061390252
Pentax,K20D,213,800,682.0,120,47.05882352941176,32.527906123211
Pentax,K20D,213,800,682.0,121,47.45098039215686,32.568420289339
Pentax,K20D,213,800,682.0,122,47.84313725490196,32.608609586932
Pentax,K20D,213,800,682.0,123,48.23529411764706,32.648479569504
Pentax,K20D,213,800,682.0,124,48.627450980392155,32.688035650631
Pentax,K20D,213,800,682.0,125,49.01960784313725,32.727283108605
Pentax,K20D,213,800,682.0,126,49.411764705882355,32.76622709089
Pentax,K20D,213,800,682.0,127,49.80392156862745,32.804872618401
Pentax,K20D,213,800,682.0,128,50.19607843137255,32.84322458961
Pentax,K20D,213,800,682.0,129,50.588235294117645,32.881287784479
Pentax,K20D,213,800,682.0,130,50.98039215686274,32.919066868251
Pentax,K20D,213,800,682.0,131,51.37254901960784,32.956566395079
Pentax,K20D,213,800,682.0,132,51.76470588235295,32.993790811515
Pentax,K20D,213,800,682.0,133,52.156862745098046,33.030744459872
Pentax,K20D,213,800,682.0,134,52.54901960784314,33.067431581443
Pentax,K20D,213,800,682.0,135,52.94117647058824,33.103856319608
Pentax,K20D,213,800,682.0,136,53.333333333333336,33.140022722816
Pentax,K20D,213,800,682.0,137,53.72549019607843,33.17593474746
Pentax,K20D,213,800,682.0,138,54.11764705882353,33.211596260637
Pentax,K20D,213,800,682.0,139,54.509803921568626,33.247011042812
Pentax,K20D,213,800,682.0,140,54.90196078431373,33.282182790381
Pentax,K20D,213,800,682.0,141,55.294117647058826,33.317115118143
Pentax,K20D,213,800,682.0,142,55.68627450980392,33.351811561675
Pentax,K20D,213,800,682.0,143,56.07843137254902,33.38627557963
Pentax,K20D,213,800,682.0,144,56.470588235294116,33.420510555945
Pentax,K20D,213,800,682.0,145,56.86274509803921,33.454519801977
Pentax,K20D,213,800,682.0,146,57.25490196078431,33.488306558559
Pentax,K20D,213,800,682.0,147,57.647058823529406,33.521873997985
Pentax,K20D,213,800,682.0,148,58.03921568627452,33.555225225925
Pentax,K20D,213,800,682.0,149,58.43137254901961,33.588363283277
Pentax,K20D,213,800,682.0,150,58.82352941176471,33.621291147953
Pentax,K20D,213,800,682.0,151,59.21568627450981,33.6540117366
Pentax,K20D,213,800,682.0,152,59.6078431372549,33.686527906272
Pentax,K20D,213,800,682.0,153,60.0,33.718842456036
Pentax,K20D,213,800,682.0,154,60.3921568627451,33.75095812853
Pentax,K20D,213,800,682.0,155,60.78431372549019,33.782877611469
Pentax,K20D,213,800,682.0,156,61.1764705882353,33.814603539098
Pentax,K20D,213,800,682.0,157,61.568627450980394,33.846138493599
Pentax,K20D,213,800,682.0,158,61.96078431372549,33.877485006454
Pentax,K20D,213,800,682.0,159,62.35294117647059,33.908645559761
Pentax,K20D,213,800,682.0,160,62.745098039215684,33.939622587509
Pentax,K20D,213,800,682.0,161,63.13725490196078,33.970418476811
Pentax,K20D,213,800,682.0,162,63.52941176470588,34.001035569102
Pentax,K20D,213,800,682.0,163,63.921568627450974,34.031476161289
Pentax,K20D,213,800,682.0,164,64.31372549019608,34.061742506882
Pentax,K20D,213,800,682.0,165,64.70588235294117,34.091836817069
Pentax,K20D,213,800,682.0,166,65.09803921568627,34.121761261776
Pentax,K20D,213,800,682.0,167,65.49019607843137,34.151517970682
Pentax,K20D,213,800,682.0,168,65.88235294117646,34.181109034209
Pentax,K20D,213,800,682.0,169,66.27450980392156,34.21053650448
Pentax,K20D,213,800,682.0,170,66.66666666666666,34.239802396249
Pentax,K20D,213,800,682.0,171,67.05882352941175,34.268908687801
Pentax,K20D,213,800,682.0,172,67.45098039215686,34.297857321825
Pentax,K20D,213,800,682.0,173,67.84313725490196,34.326650206268
Pentax,K20D,213,800,682.0,174,68.23529411764706,34.355289215152
Pentax,K20D,213,800,682.0,175,68.62745098039215,34.383776189374
Pentax,K20D,213,800,682.0,176,69.01960784313725,34.412112937486
Pentax,K20D,213,800,682.0,177,69.41176470588235,34.440301236444
Pentax,K20D,213,800,682.0,178,69.80392156862744,34.46834283234
Pentax,K20D,213,800,682.0,179,70.19607843137254,34.496239441115
Pentax,K20D,213,800,682.0,180,70.58823529411765,34.523992749245
Pentax,K20D,213,800,682.0,181,70.98039215686275,34.551604414415
Pentax,K20D,213,800,682.0,182,71.37254901960785,34.579076066168
Pentax,K20D,213,800,682.0,183,71.76470588235294,34.606409306542
Pentax,K20D,213,800,682.0,184,72.15686274509804,34.633605710681
Pentax,K20D,213,800,682.0,185,72.54901960784314,34.660666827436
Pentax,K20D,213,800,682.0,186,72.94117647058823,34.687594179946
Pentax,K20D,213,800,682.0,187,73.33333333333333,34.714389266207
Pentax,K20D,213,800,682.0,188,73.72549019607844,34.741053559618
Pentax,K20D,213,800,682.0,189,74.11764705882354,34.76758850952
Pentax,K20D,213,800,682.0,190,74.50980392156863,34.793995541713
Pentax,K20D,213,800,682.0,191,74.90196078431373,34.82027605897
Pentax,K20D,213,800,682.0,192,75.29411764705883,34.846431441523
Pentax,K20D,213,800,682.0,193,75.68627450980392,34.872463047548
Pentax,K20D,213,800,682.0,194,76.07843137254902,34.898372213633
Pentax,K20D,213,800,682.0,195,76.47058823529412,34.924160255229
Pentax,K20D,213,800,682.0,196,76.86274509803923,34.949828467098
Pentax,K20D,213,800,682.0,197,77.25490196078432,34.975378123743
Pentax,K20D,213,800,682.0,198,77.64705882352942,35.000810479829
Pentax,K20D,213,800,682.0,199,78.03921568627452,35.026126770591
Pentax,K20D,213,800,682.0,200,78.43137254901961,35.051328212238
Pentax,K20D,213,800,682.0,201,78.82352941176471,35.076416002337
Pentax,K20D,213,800,682.0,202,79.2156862745098,35.101391320195
Pentax,K20D,213,800,682.0,203,79.6078431372549,35.126255327229
Pentax,K20D,213,800,682.0,204,80.0,35.151009167324
Pentax,K20D,213,800,682.0,205,80.3921568627451,35.175653967189
Pentax,K20D,213,800,682.0,206,80.7843137254902,35.200190836692
Pentax,K20D,213,800,682.0,207,81.17647058823529,35.224620869204
Pentax,K20D,213,800,682.0,208,81.56862745098039,35.248945141914
Pentax,K20D,213,800,682.0,209,81.96078431372548,35.273164716158
Pentax,K20D,213,800,682.0,210,82.35294117647058,35.29728063772
Pentax,K20D,213,800,682.0,211,82.74509803921568,35.321293937141
Pentax,K20D,213,800,682.0,212,83.13725490196079,35.345205630008
Pentax,K20D,213,800,682.0,213,83.52941176470588,35.36901671725
Pentax,K20D,213,800,682.0,214,83.92156862745098,35.392728185413
Pentax,K20D,213,800,682.0,215,84.31372549019608,35.416341006936
Pentax,K20D,213,800,682.0,216,84.70588235294117,35.439856140423
Pentax,K20D,213,800,682.0,217,85.09803921568627,35.463274530898
Pentax,K20D,213,800,682.0,218,85.49019607843137,35.486597110066
Pentax,K20D,213,800,682.0,219,85.88235294117646,35.509824796562
Pentax,K20D,213,800,682.0,220,86.27450980392157,35.532958496191
Pentax,K20D,213,800,682.0,221,86.66666666666667,35.55599910217
Pentax,K20D,213,800,682.0,222,87.05882352941177,35.578947495361
Pentax,K20D,213,800,682.0,223,87.45098039215686,35.601804544494
Pentax,K20D,213,800,682.0,224,87.84313725490196,35.624571106395
Pentax,K20D,213,800,682.0,225,88.23529411764706,35.647248026199
Pentax,K20D,213,800,682.0,226,88.62745098039215,35.669836137561
Pentax,K20D,213,800,682.0,227,89.01960784313725,35.692336262868
Pentax,K20D,213,800,682.0,228,89.41176470588236,35.714749213441
Pentax,K20D,213,800,682.0,229,89.80392156862746,35.737075789726
Pentax,K20D,213,800,682.0,230,90.19607843137256,35.7593167815
Pentax,K20D,213,800,682.0,231,90.58823529411765,35.781472968048
Pentax,K20D,213,800,682.0,232,90.98039215686275,35.803545118359
Pentax,K20D,213,800,682.0,233,91.37254901960785,35.825533991298
Pentax,K20D,213,800,682.0,234,91.76470588235294,35.847440335791
Pentax,K20D,213,800,682.0,235,92.15686274509804,35.869264890993
Pentax,K20D,213,800,682.0,236,92.54901960784314,35.891008386462
Pentax,K20D,213,800,682.0,237,92.94117647058823,35.91267154232
Pentax,K20D,213,800,682.0,238,93.33333333333333,35.93425506942
Pentax,K20D,213,800,682.0,239,93.72549019607843,35.955759669503
Pentax,K20D,213,800,682.0,240,94.11764705882352,35.977186035353
Pentax,K20D,213,800,682.0,241,94.50980392156862,35.998534850952
Pentax,K20D,213,800,682.0,242,94.90196078431372,36.019806791623
Pentax,K20D,213,800,682.0,243,95.29411764705881,36.041002524184
Pentax,K20D,213,800,682.0,244,95.68627450980392,36.062122707086
Pentax,K20D,213,800,682.0,245,96.07843137254902,36.083167990552
Pentax,K20D,213,800,682.0,246,96.47058823529412,36.104139016717
Pentax,K20D,213,800,682.0,247,96.86274509803921,36.125036419761
Pentax,K20D,213,800,682.0,248,97.25490196078431,36.145860826039
Pentax,K20D,213,800,682.0,249,97.6470588235294,36.166612854213
Pentax,K20D,213,800,682.0,250,98.0392156862745,36.187293115375
Pentax,K20D,213,800,682.0,251,98.4313725490196,36.207902213169
Pentax,K20D,213,800,682.0,252,98.82352941176471,36.228440743919
Pentax,K20D,213,800,682.0,253,99.2156862745098,36.248909296739
Pentax,K20D,213,800,682.0,254,99.6078431372549,36.269308453655
Pentax,K20D,213,800,682.0,255,100.0,36.289638789717
Pentax,K20D,213,1600,1383.0,1.4328838880878,0.5619152502305098,0
Pentax,K20D,213,1600,1383.0,2,0.7843137254901961,5.2647524789794
Pentax,K20D,213,1600,1383.0,3.4596580403273,1.3567286432656078,8.3176141794983
Pentax,K20D,213,1600,1383.0,4,1.5686274509803921,10.393773674229
Pentax,K20D,213,1600,1383.0,5,1.9607843137254901,11.947417169064
Pentax,K20D,213,1600,1383.0,6,2.3529411764705883,13.178296741706
Pentax,K20D,213,1600,1383.0,7,2.7450980392156863,14.19147377195
Pentax,K20D,213,1600,1383.0,8,3.1372549019607843,15.048736496878
Pentax,K20D,213,1600,1383.0,9,3.5294117647058822,15.789340947376
Pentax,K20D,213,1600,1383.0,10,3.9215686274509802,16.439688475154
Pentax,K20D,213,1600,1383.0,11,4.313725490196078,17.018331185807
Pentax,K20D,213,1600,1383.0,12,4.705882352941177,17.538768849558
Pentax,K20D,213,1600,1383.0,13,5.098039215686274,18.011108975439
Pentax,K20D,213,1600,1383.0,14,5.490196078431373,18.443101175671
Pentax,K20D,213,1600,1383.0,15,5.88235294117647,18.840807976734
Pentax,K20D,213,1600,1383.0,20,7.8431372549019605,20.455719539578
Pentax,K20D,213,1600,1383.0,25,9.803921568627452,21.665082211793
Pentax,K20D,213,1600,1383.0,30,11.76470588235294,22.629301760853
Pentax,K20D,213,1600,1383.0,35,13.725490196078432,23.430236323234
Pentax,K20D,213,1600,1383.0,42,16.470588235294116,24.363387777249
Pentax,K20D,213,1600,1383.0,43,16.862745098039216,24.482855792152
Pentax,K20D,213,1600,1383.0,44,17.254901960784313,24.599385642495
Pentax,K20D,213,1600,1383.0,45,17.647058823529413,24.713119869653
Pentax,K20D,213,1600,1383.0,46,18.03921568627451,24.824191033466
Pentax,K20D,213,1600,1383.0,47,18.43137254901961,24.93272261386
Pentax,K20D,213,1600,1383.0,48,18.823529411764707,25.038829813661
Pentax,K20D,213,1600,1383.0,49,19.215686274509807,25.142620275262
Pentax,K20D,213,1600,1383.0,50,19.607843137254903,25.244194721917
Pentax,K20D,213,1600,1383.0,51,20.0,25.343647532951
Pentax,K20D,213,1600,1383.0,52,20.392156862745097,25.441067260816
Pentax,K20D,213,1600,1383.0,53,20.784313725490197,25.536537096903
Pentax,K20D,213,1600,1383.0,54,21.176470588235293,25.630135292018
Pentax,K20D,213,1600,1383.0,55,21.568627450980394,25.72193553672
Pentax,K20D,213,1600,1383.0,56,21.96078431372549,25.812007305986
Pentax,K20D,213,1600,1383.0,57,22.35294117647059,25.900416172129
Pentax,K20D,213,1600,1383.0,58,22.745098039215687,25.987224089399
Pentax,K20D,213,1600,1383.0,59,23.137254901960784,26.072489653272
Pentax,K20D,213,1600,1383.0,60,23.52941176470588,26.15626833706
Pentax,K20D,213,1600,1383.0,61,23.92156862745098,26.238612708182
Pentax,K20D,213,1600,1383.0,62,24.313725490196077,26.319572626133
Pentax,K20D,213,1600,1383.0,63,24.705882352941178,26.399195423982
Pentax,K20D,213,1600,1383.0,64,25.098039215686274,26.477526075008
Pentax,K20D,213,1600,1383.0,65,25.49019607843137,26.554607345888
Pentax,K20D,213,1600,1383.0,66,25.882352941176475,26.630479937738
Pentax,K20D,213,1600,1383.0,67,26.27450980392157,26.705182616115
Pentax,K20D,213,1600,1383.0,68,26.666666666666668,26.778752331018
Pentax,K20D,213,1600,1383.0,69,27.058823529411764,26.851224327768
Pentax,K20D,213,1600,1383.0,70,27.450980392156865,26.922632249611
Pentax,K20D,213,1600,1383.0,71,27.84313725490196,26.993008232745
Pentax,K20D,213,1600,1383.0,72,28.235294117647058,27.062382994452
Pentax,K20D,213,1600,1383.0,73,28.627450980392155,27.130785914902
Pentax,K20D,213,1600,1383.0,74,29.01960784313726,27.19824511319
Pentax,K20D,213,1600,1383.0,75,29.411764705882355,27.264787518056
Pentax,K20D,213,1600,1383.0,76,29.80392156862745,27.330438933754
Pentax,K20D,213,1600,1383.0,77,30.19607843137255,27.395224101437
Pentax,K20D,213,1600,1383.0,78,30.58823529411765,27.459166756445
Pentax,K20D,213,1600,1383.0,79,30.980392156862745,27.522289681786
Pentax,K20D,213,1600,1383.0,80,31.372549019607842,27.584614758143
Pentax,K20D,213,1600,1383.0,81,31.76470588235294,27.646163010643
Pentax,K20D,213,1600,1383.0,82,32.15686274509804,27.706954652657
Pentax,K20D,213,1600,1383.0,83,32.549019607843135,27.767009126842
Pentax,K20D,213,1600,1383.0,84,32.94117647058823,27.826345143631
Pentax,K20D,213,1600,1383.0,85,33.33333333333333,27.884980717368
Pentax,K20D,213,1600,1383.0,86,33.72549019607843,27.942933200238
Pentax,K20D,213,1600,1383.0,87,34.11764705882353,28.000219314179
Pentax,K20D,213,1600,1383.0,88,34.509803921568626,28.05685518089
Pentax,K20D,213,1600,1383.0,89,34.90196078431372,28.112856350089
Pentax,K20D,213,1600,1383.0,90,35.294117647058826,28.168237826127
Pentax,K20D,213,1600,1383.0,91,35.68627450980392,28.223014093089
Pentax,K20D,213,1600,1383.0,92,36.07843137254902,28.277199138462
Pentax,K20D,213,1600,1383.0,93,36.470588235294116,28.330806475485
Pentax,K20D,213,1600,1383.0,94,36.86274509803922,28.383849164257
Pentax,K20D,213,1600,1383.0,95,37.254901960784316,28.43633983169
Pentax,K20D,213,1600,1383.0,96,37.64705882352941,28.488290690379
Pentax,K20D,213,1600,1383.0,97,38.03921568627451,28.53971355646
Pentax,K20D,213,1600,1383.0,98,38.43137254901961,28.590619866518
Pentax,K20D,213,1600,1383.0,99,38.82352941176471,28.64102069361
Pentax,K20D,213,1600,1383.0,100,39.21568627450981,28.690926762449
Pentax,K20D,213,1600,1383.0,101,39.6078431372549,28.740348463816
Pentax,K20D,213,1600,1383.0,102,40.0,28.789295868222
Pentax,K20D,213,1600,1383.0,103,40.3921568627451,28.837778738897
Pentax,K20D,213,1600,1383.0,104,40.78431372549019,28.885806544118
Pentax,K20D,213,1600,1383.0,105,41.17647058823529,28.93338846893
Pentax,K20D,213,1600,1383.0,106,41.568627450980394,28.980533426296
Pentax,K20D,213,1600,1383.0,107,41.96078431372549,29.027250067705
Pentax,K20D,213,1600,1383.0,108,42.35294117647059,29.073546793259
Pentax,K20D,213,1600,1383.0,109,42.745098039215684,29.1194317613
Pentax,K20D,213,1600,1383.0,110,43.13725490196079,29.16491289756
Pentax,K20D,213,1600,1383.0,111,43.529411764705884,29.209997903903
Pentax,K20D,213,1600,1383.0,112,43.92156862745098,29.254694266646
Pentax,K20D,213,1600,1383.0,113,44.31372549019608,29.299009264507
Pentax,K20D,213,1600,1383.0,114,44.70588235294118,29.342949976192
Pentax,K20D,213,1600,1383.0,115,45.09803921568628,29.386523287632
Pentax,K20D,213,1600,1383.0,116,45.490196078431374,29.429735898904
Pentax,K20D,213,1600,1383.0,117,45.88235294117647,29.472594330839
Pentax,K20D,213,1600,1383.0,118,46.27450980392157,29.515104931349
Pentax,K20D,213,1600,1383.0,119,46.666666666666664,29.557273881466
Pentax,K20D,213,1600,1383.0,120,47.05882352941176,29.599107201132
Pentax,K20D,213,1600,1383.0,121,47.45098039215686,29.640610754729
Pentax,K20D,213,1600,1383.0,122,47.84313725490196,29.681790256389
Pentax,K20D,213,1600,1383.0,123,48.23529411764706,29.722651275064
Pentax,K20D,213,1600,1383.0,124,48.627450980392155,29.763199239398
Pentax,K20D,213,1600,1383.0,125,49.01960784313725,29.803439442388
Pentax,K20D,213,1600,1383.0,126,49.411764705882355,29.843377045859
Pentax,K20D,213,1600,1383.0,127,49.80392156862745,29.883017084752
Pentax,K20D,213,1600,1383.0,128,50.19607843137255,29.922364471244
Pentax,K20D,213,1600,1383.0,129,50.588235294117645,29.961423998698
Pentax,K20D,213,1600,1383.0,130,50.98039215686274,30.000200345456
Pentax,K20D,213,1600,1383.0,131,51.37254901960784,30.038698078488
Pentax,K20D,213,1600,1383.0,132,51.76470588235295,30.076921656888
Pentax,K20D,213,1600,1383.0,133,52.156862745098046,30.114875435244
Pentax,K20D,213,1600,1383.0,134,52.54901960784314,30.152563666873
Pentax,K20D,213,1600,1383.0,135,52.94117647058824,30.18999050693
Pentax,K20D,213,1600,1383.0,136,53.333333333333336,30.227160015406
Pentax,K20D,213,1600,1383.0,137,53.72549019607843,30.264076160002
Pentax,K20D,213,1600,1383.0,138,54.11764705882353,30.30074281891
Pentax,K20D,213,1600,1383.0,139,54.509803921568626,30.337163783474
Pentax,K20D,213,1600,1383.0,140,54.90196078431373,30.373342760766
Pentax,K20D,213,1600,1383.0,141,55.294117647058826,30.409283376064
Pentax,K20D,213,1600,1383.0,142,55.68627450980392,30.444989175233
Pentax,K20D,213,1600,1383.0,143,56.07843137254902,30.480463627031
Pentax,K20D,213,1600,1383.0,144,56.470588235294116,30.515710125325
Pentax,K20D,213,1600,1383.0,145,56.86274509803921,30.550731991227
Pentax,K20D,213,1600,1383.0,146,57.25490196078431,30.585532475163
Pentax,K20D,213,1600,1383.0,147,57.647058823529406,30.620114758861
Pentax,K20D,213,1600,1383.0,148,58.03921568627452,30.65448195727
Pentax,K20D,213,1600,1383.0,149,58.43137254901961,30.68863712042
Pentax,K20D,213,1600,1383.0,150,58.82352941176471,30.722583235209
Pentax,K20D,213,1600,1383.0,151,59.21568627450981,30.756323227135
Pentax,K20D,213,1600,1383.0,152,59.6078431372549,30.789859961965
Pentax,K20D,213,1600,1383.0,153,60.0,30.823196247353
Pentax,K20D,213,1600,1383.0,154,60.3921568627451,30.8563348344
Pentax,K20D,213,1600,1383.0,155,60.78431372549019,30.889278419159
Pentax,K20D,213,1600,1383.0,156,61.1764705882353,30.922029644099
Pentax,K20D,213,1600,1383.0,157,61.568627450980394,30.954591099513
Pentax,K20D,213,1600,1383.0,158,61.96078431372549,30.986965324886
Pentax,K20D,213,1600,1383.0,159,62.35294117647059,31.019154810211
Pentax,K20D,213,1600,1383.0,160,62.745098039215684,31.051161997271
Pentax,K20D,213,1600,1383.0,161,63.13725490196078,31.082989280875
Pentax,K20D,213,1600,1383.0,162,63.52941176470588,31.114639010058
Pentax,K20D,213,1600,1383.0,163,63.921568627450974,31.146113489238
Pentax,K20D,213,1600,1383.0,164,64.31372549019608,31.17741497934
Pentax,K20D,213,1600,1383.0,165,64.70588235294117,31.208545698888
Pentax,K20D,213,1600,1383.0,166,65.09803921568627,31.239507825054
Pentax,K20D,213,1600,1383.0,167,65.49019607843137,31.270303494689
Pentax,K20D,213,1600,1383.0,168,65.88235294117646,31.300934805302
Pentax,K20D,213,1600,1383.0,169,66.27450980392156,31.331403816034
Pentax,K20D,213,1600,1383.0,170,66.66666666666666,31.361712548579
Pentax,K20D,213,1600,1383.0,171,67.05882352941175,31.391862988092
Pentax,K20D,213,1600,1383.0,172,67.45098039215686,31.421857084068
Pentax,K20D,213,1600,1383.0,173,67.84313725490196,31.451696751188
Pentax,K20D,213,1600,1383.0,174,68.23529411764706,31.481383870146
Pentax,K20D,213,1600,1383.0,175,68.62745098039215,31.510920288452
Pentax,K20D,213,1600,1383.0,176,69.01960784313725,31.540307821206
Pentax,K20D,213,1600,1383.0,177,69.41176470588235,31.569548251858
Pentax,K20D,213,1600,1383.0,178,69.80392156862744,31.598643332936
Pentax,K20D,213,1600,1383.0,179,70.19607843137254,31.627594786763
Pentax,K20D,213,1600,1383.0,180,70.58823529411765,31.656404306145
Pentax,K20D,213,1600,1383.0,181,70.98039215686275,31.685073555046
Pentax,K20D,213,1600,1383.0,182,71.37254901960785,31.713604169238
Pentax,K20D,213,1600,1383.0,183,71.76470588235294,31.741997756942
Pentax,K20D,213,1600,1383.0,184,72.15686274509804,31.770255899437
Pentax,K20D,213,1600,1383.0,185,72.54901960784314,31.798380151667
Pentax,K20D,213,1600,1383.0,186,72.94117647058823,31.82637204282
Pentax,K20D,213,1600,1383.0,187,73.33333333333333,31.854233076899
Pentax,K20D,213,1600,1383.0,188,73.72549019607844,31.881964733269
Pentax,K20D,213,1600,1383.0,189,74.11764705882354,31.909568467201
Pentax,K20D,213,1600,1383.0,190,74.50980392156863,31.937045710386
Pentax,K20D,213,1600,1383.0,191,74.90196078431373,31.96439787145
Pentax,K20D,213,1600,1383.0,192,75.29411764705883,31.991626336446
Pentax,K20D,213,1600,1383.0,193,75.68627450980392,32.018732469335
Pentax,K20D,213,1600,1383.0,194,76.07843137254902,32.045717612458
Pentax,K20D,213,1600,1383.0,195,76.47058823529412,32.072583086988
Pentax,K20D,213,1600,1383.0,196,76.86274509803923,32.099330193378
Pentax,K20D,213,1600,1383.0,197,77.25490196078432,32.125960211792
Pentax,K20D,213,1600,1383.0,198,77.64705882352942,32.152474402528
Pentax,K20D,213,1600,1383.0,199,78.03921568627452,32.178874006429
Pentax,K20D,213,1600,1383.0,200,78.43137254901961,32.205160245282
Pentax,K20D,213,1600,1383.0,201,78.82352941176471,32.231334322208
Pentax,K20D,213,1600,1383.0,202,79.2156862745098,32.257397422045
Pentax,K20D,213,1600,1383.0,203,79.6078431372549,32.283350711714
Pentax,K20D,213,1600,1383.0,204,80.0,32.309195340585
Pentax,K20D,213,1600,1383.0,205,80.3921568627451,32.334932440827
Pentax,K20D,213,1600,1383.0,206,80.7843137254902,32.36056312775
Pentax,K20D,213,1600,1383.0,207,81.17647058823529,32.386088500143
Pentax,K20D,213,1600,1383.0,208,81.56862745098039,32.411509640599
Pentax,K20D,213,1600,1383.0,209,81.96078431372548,32.436827615832
Pentax,K20D,213,1600,1383.0,210,82.35294117647058,32.462043476992
Pentax,K20D,213,1600,1383.0,211,82.74509803921568,32.487158259966
Pentax,K20D,213,1600,1383.0,212,83.13725490196079,32.512172985673
Pentax,K20D,213,1600,1383.0,213,83.52941176470588,32.537088660355
Pentax,K20D,213,1600,1383.0,214,83.92156862745098,32.561906275857
Pentax,K20D,213,1600,1383.0,215,84.31372549019608,32.586626809904
Pentax,K20D,213,1600,1383.0,216,84.70588235294117,32.611251226369
Pentax,K20D,213,1600,1383.0,217,85.09803921568627,32.635780475536
Pentax,K20D,213,1600,1383.0,218,85.49019607843137,32.660215494354
Pentax,K20D,213,1600,1383.0,219,85.88235294117646,32.68455720669
Pentax,K20D,213,1600,1383.0,220,86.27450980392157,32.708806523571
Pentax,K20D,213,1600,1383.0,221,86.66666666666667,32.732964343427
Pentax,K20D,213,1600,1383.0,222,87.05882352941177,32.757031552317
Pentax,K20D,213,1600,1383.0,223,87.45098039215686,32.781009024165
Pentax,K20D,213,1600,1383.0,224,87.84313725490196,32.804897620975
Pentax,K20D,213,1600,1383.0,225,88.23529411764706,32.828698193056
Pentax,K20D,213,1600,1383.0,226,88.62745098039215,32.852411579227
Pentax,K20D,213,1600,1383.0,227,89.01960784313725,32.876038607034
Pentax,K20D,213,1600,1383.0,228,89.41176470588236,32.899580092943
Pentax,K20D,213,1600,1383.0,229,89.80392156862746,32.923036842546
Pentax,K20D,213,1600,1383.0,230,90.19607843137256,32.946409650753
Pentax,K20D,213,1600,1383.0,231,90.58823529411765,32.969699301983
Pentax,K20D,213,1600,1383.0,232,90.98039215686275,32.992906570347
Pentax,K20D,213,1600,1383.0,233,91.37254901960785,33.016032219831
Pentax,K20D,213,1600,1383.0,234,91.76470588235294,33.039077004475
Pentax,K20D,213,1600,1383.0,235,92.15686274509804,33.062041668547
Pentax,K20D,213,1600,1383.0,236,92.54901960784314,33.084926946709
Pentax,K20D,213,1600,1383.0,237,92.94117647058823,33.10773356419
Pentax,K20D,213,1600,1383.0,238,93.33333333333333,33.130462236943
Pentax,K20D,213,1600,1383.0,239,93.72549019607843,33.153113671806
Pentax,K20D,213,1600,1383.0,240,94.11764705882352,33.17568856666
Pentax,K20D,213,1600,1383.0,241,94.50980392156862,33.19818761058
Pentax,K20D,213,1600,1383.0,242,94.90196078431372,33.220611483983
Pentax,K20D,213,1600,1383.0,243,95.29411764705881,33.242960858777
Pentax,K20D,213,1600,1383.0,244,95.68627450980392,33.265236398504
Pentax,K20D,213,1600,1383.0,245,96.07843137254902,33.287438758477
Pentax,K20D,213,1600,1383.0,246,96.47058823529412,33.30956858592
Pentax,K20D,213,1600,1383.0,247,96.86274509803921,33.331626520104
Pentax,K20D,213,1600,1383.0,248,97.25490196078431,33.353613192474
Pentax,K20D,213,1600,1383.0,249,97.6470588235294,33.375529226783
Pentax,K20D,213,1600,1383.0,250,98.0392156862745,33.397375239215
Pentax,K20D,213,1600,1383.0,251,98.4313725490196,33.419151838509
Pentax,K20D,213,1600,1383.0,252,98.82352941176471,33.440859626082
Pentax,K20D,213,1600,1383.0,253,99.2156862745098,33.462499196147
Pentax,K20D,213,1600,1383.0,254,99.6078431372549,33.484071135829
Pentax,K20D,213,1600,1383.0,255,100.0,33.50557602528
Pentax,K20D,213,3200,2676.0,1.8090146872394,0.7094175244076079,0
Pentax,K20D,213,3200,2676.0,2,0.7843137254901961,1.7566604508694
Pentax,K20D,213,3200,2676.0,3.4596580403273,1.3567286432656078,4.7654635702116
Pentax,K20D,213,3200,2676.0,4,1.5686274509803921,6.8067656991971
Pentax,K20D,213,3200,2676.0,5,1.9607843137254901,8.3323044453661
Pentax,K20D,213,3200,2676.0,6,2.3529411764705883,9.5401821971271
Pentax,K20D,213,3200,2676.0,7,2.7450980392156863,10.534308203915
Pentax,K20D,213,3200,2676.0,8,3.1372549019607843,11.375641652446
Pentax,K20D,213,3200,2676.0,9,3.5294117647058822,12.102826750813
Pentax,K20D,213,3200,2676.0,10,3.9215686274509802,12.741803469451
Pentax,K20D,213,3200,2676.0,11,4.313725490196078,13.31076940516
Pentax,K20D,213,3200,2676.0,12,4.705882352941177,13.822947437822
Pentax,K20D,213,3200,2676.0,13,5.098039215686274,14.288225662405
Pentax,K20D,213,3200,2676.0,14,5.490196078431373,14.714177574878
Pentax,K20D,213,3200,2676.0,15,5.88235294117647,15.106722705118
Pentax,K20D,213,3200,2676.0,20,7.8431372549019605,16.705524436065
Pentax,K20D,213,3200,2676.0,25,9.803921568627452,17.909323938057
Pentax,K20D,213,3200,2676.0,30,11.76470588235294,18.874246741337
Pentax,K20D,213,3200,2676.0,35,13.725490196078432,19.679946258783
Pentax,K20D,213,3200,2676.0,42,16.470588235294116,20.624310468105
Pentax,K20D,213,3200,2676.0,43,16.862745098039216,20.745707562113
Pentax,K20D,213,3200,2676.0,44,17.254901960784313,20.864235180964
Pentax,K20D,213,3200,2676.0,45,17.647058823529413,20.980032350246
Pentax,K20D,213,3200,2676.0,46,18.03921568627451,21.093228385409
Pentax,K20D,213,3200,2676.0,47,18.43137254901961,21.203943767918
Pentax,K20D,213,3200,2676.0,48,18.823529411764707,21.312290925444
Pentax,K20D,213,3200,2676.0,49,19.215686274509807,21.418374928335
Pentax,K20D,213,3200,2676.0,50,19.607843137254903,21.522294112892
Pentax,K20D,213,3200,2676.0,51,20.0,21.624140640429
Pentax,K20D,213,3200,2676.0,52,20.392156862745097,21.724000999856
Pentax,K20D,213,3200,2676.0,53,20.784313725490197,21.821956460467
Pentax,K20D,213,3200,2676.0,54,21.176470588235293,21.918083480713
Pentax,K20D,213,3200,2676.0,55,21.568627450980394,22.012454077956
Pentax,K20D,213,3200,2676.0,56,21.96078431372549,22.105136163585
Pentax,K20D,213,3200,2676.0,57,22.35294117647059,22.19619384729
Pentax,K20D,213,3200,2676.0,58,22.745098039215687,22.285687713823
Pentax,K20D,213,3200,2676.0,59,23.137254901960784,22.373675075162
Pentax,K20D,213,3200,2676.0,60,23.52941176470588,22.460210200658
Pentax,K20D,213,3200,2676.0,61,23.92156862745098,22.545344527397
Pentax,K20D,213,3200,2676.0,62,24.313725490196077,22.629126852798
Pentax,K20D,213,3200,2676.0,63,24.705882352941178,22.711603511198
Pentax,K20D,213,3200,2676.0,64,25.098039215686274,22.792818535987
Pentax,K20D,213,3200,2676.0,65,25.49019607843137,22.872813808693
Pentax,K20D,213,3200,2676.0,66,25.882352941176475,22.951629196242
Pentax,K20D,213,3200,2676.0,67,26.27450980392157,23.029302677496
Pentax,K20D,213,3200,2676.0,68,26.666666666666668,23.105870460073
Pentax,K20D,213,3200,2676.0,69,27.058823529411764,23.181367088293
Pentax,K20D,213,3200,2676.0,70,27.450980392156865,23.255825543083
Pentax,K20D,213,3200,2676.0,71,27.84313725490196,23.329277334517
Pentax,K20D,213,3200,2676.0,72,28.235294117647058,23.401752587641
Pentax,K20D,213,3200,2676.0,73,28.627450980392155,23.473280122161
Pentax,K20D,213,3200,2676.0,74,29.01960784313726,23.543887526506
Pentax,K20D,213,3200,2676.0,75,29.411764705882355,23.613601226731
Pentax,K20D,213,3200,2676.0,76,29.80392156862745,23.682446550699
Pentax,K20D,213,3200,2676.0,77,30.19607843137255,23.750447787899
Pentax,K20D,213,3200,2676.0,78,30.58823529411765,23.817628245273
Pentax,K20D,213,3200,2676.0,79,30.980392156862745,23.884010299357
Pentax,K20D,213,3200,2676.0,80,31.372549019607842,23.949615445019
Pentax,K20D,213,3200,2676.0,81,31.76470588235294,24.01446434106
Pentax,K20D,213,3200,2676.0,82,32.15686274509804,24.078576852925
Pentax,K20D,213,3200,2676.0,83,32.549019607843135,24.141972092722
Pentax,K20D,213,3200,2676.0,84,32.94117647058823,24.204668456766
Pentax,K20D,213,3200,2676.0,85,33.33333333333333,24.26668366082
Pentax,K20D,213,3200,2676.0,86,33.72549019607843,24.328034773202
Pentax,K20D,213,3200,2676.0,87,34.11764705882353,24.388738245914
Pentax,K20D,213,3200,2676.0,88,34.509803921568626,24.448809943928
Pentax,K20D,213,3200,2676.0,89,34.90196078431372,24.508265172756
Pentax,K20D,213,3200,2676.0,90,35.294117647058826,24.567118704435
Pentax,K20D,213,3200,2676.0,91,35.68627450980392,24.625384802019
Pentax,K20D,213,3200,2676.0,92,36.07843137254902,24.683077242691
Pentax,K20D,213,3200,2676.0,93,36.470588235294116,24.74020933958
Pentax,K20D,213,3200,2676.0,94,36.86274509803922,24.796793962378
Pentax,K20D,213,3200,2676.0,95,37.254901960784316,24.852843556818
Pentax,K20D,213,3200,2676.0,96,37.64705882352941,24.908370163112
Pentax,K20D,213,3200,2676.0,97,38.03921568627451,24.963385433389
Pentax,K20D,213,3200,2676.0,98,38.43137254901961,25.017900648218
Pentax,K20D,213,3200,2676.0,99,38.82352941176471,25.071926732256
Pentax,K20D,213,3200,2676.0,100,39.21568627450981,25.125474269096
Pentax,K20D,213,3200,2676.0,101,39.6078431372549,25.178553515337
Pentax,K20D,213,3200,2676.0,102,40.0,25.231174413953
Pentax,K20D,213,3200,2676.0,103,40.3921568627451,25.283346606975
Pentax,K20D,213,3200,2676.0,104,40.78431372549019,25.335079447552
Pentax,K20D,213,3200,2676.0,105,41.17647058823529,25.386382011411
Pentax,K20D,213,3200,2676.0,106,41.568627450980394,25.437263107753
Pentax,K20D,213,3200,2676.0,107,41.96078431372549,25.487731289632
Pentax,K20D,213,3200,2676.0,108,42.35294117647059,25.537794863824
Pentax,K20D,213,3200,2676.0,109,42.745098039215684,25.587461900232
Pentax,K20D,213,3200,2676.0,110,43.13725490196079,25.636740240853
Pentax,K20D,213,3200,2676.0,111,43.529411764705884,25.685637508316
Pentax,K20D,213,3200,2676.0,112,43.92156862745098,25.734161114037
Pentax,K20D,213,3200,2676.0,113,44.31372549019608,25.782318265989
Pentax,K20D,213,3200,2676.0,114,44.70588235294118,25.830115976127
Pentax,K20D,213,3200,2676.0,115,45.09803921568628,25.877561067477
Pentax,K20D,213,3200,2676.0,116,45.490196078431374,25.924660180909
Pentax,K20D,213,3200,2676.0,117,45.88235294117647,25.971419781606
Pentax,K20D,213,3200,2676.0,118,46.27450980392157,26.01784616526
Pentax,K20D,213,3200,2676.0,119,46.666666666666664,26.063945463985
Pentax,K20D,213,3200,2676.0,120,47.05882352941176,26.109723651985
Pentax,K20D,213,3200,2676.0,121,47.45098039215686,26.155186550981
Pentax,K20D,213,3200,2676.0,122,47.84313725490196,26.200339835398
Pentax,K20D,213,3200,2676.0,123,48.23529411764706,26.245189037345
Pentax,K20D,213,3200,2676.0,124,48.627450980392155,26.289739551379
Pentax,K20D,213,3200,2676.0,125,49.01960784313725,26.33399663908
Pentax,K20D,213,3200,2676.0,126,49.411764705882355,26.377965433433
Pentax,K20D,213,3200,2676.0,127,49.80392156862745,26.421650943032
Pentax,K20D,213,3200,2676.0,128,50.19607843137255,26.465058056116
Pentax,K20D,213,3200,2676.0,129,50.588235294117645,26.508191544447
Pentax,K20D,213,3200,2676.0,130,50.98039215686274,26.551056067025
Pentax,K20D,213,3200,2676.0,131,51.37254901960784,26.593656173665
Pentax,K20D,213,3200,2676.0,132,51.76470588235295,26.635996308433
Pentax,K20D,213,3200,2676.0,133,52.156862745098046,26.678080812942
Pentax,K20D,213,3200,2676.0,134,52.54901960784314,26.71991392953
Pentax,K20D,213,3200,2676.0,135,52.94117647058824,26.761499804314
Pentax,K20D,213,3200,2676.0,136,53.333333333333336,26.802842490122
Pentax,K20D,213,3200,2676.0,137,53.72549019607843,26.843945949325
Pentax,K20D,213,3200,2676.0,138,54.11764705882353,26.884814056554
Pentax,K20D,213,3200,2676.0,139,54.509803921568626,26.925450601324
Pentax,K20D,213,3200,2676.0,140,54.90196078431373,26.965859290556
Pentax,K20D,213,3200,2676.0,141,55.294117647058826,27.006043751007
Pentax,K20D,213,3200,2676.0,142,55.68627450980392,27.046007531616
Pentax,K20D,213,3200,2676.0,143,56.07843137254902,27.085754105763
Pentax,K20D,213,3200,2676.0,144,56.470588235294116,27.125286873446
Pentax,K20D,213,3200,2676.0,145,56.86274509803921,27.164609163385
Pentax,K20D,213,3200,2676.0,146,57.25490196078431,27.203724235043
Pentax,K20D,213,3200,2676.0,147,57.647058823529406,27.24263528059
Pentax,K20D,213,3200,2676.0,148,58.03921568627452,27.281345426785
Pentax,K20D,213,3200,2676.0,149,58.43137254901961,27.319857736803
Pentax,K20D,213,3200,2676.0,150,58.82352941176471,27.358175211993
Pentax,K20D,213,3200,2676.0,151,59.21568627450981,27.396300793579
Pentax,K20D,213,3200,2676.0,152,59.6078431372549,27.434237364305
Pentax,K20D,213,3200,2676.0,153,60.0,27.47198775002
Pentax,K20D,213,3200,2676.0,154,60.3921568627451,27.509554721217
Pentax,K20D,213,3200,2676.0,155,60.78431372549019,27.546940994513
Pentax,K20D,213,3200,2676.0,156,61.1764705882353,27.584149234085
Pentax,K20D,213,3200,2676.0,157,61.568627450980394,27.621182053063
Pentax,K20D,213,3200,2676.0,158,61.96078431372549,27.658042014867
Pentax,K20D,213,3200,2676.0,159,62.35294117647059,27.69473163451
Pentax,K20D,213,3200,2676.0,160,62.745098039215684,27.731253379857
Pentax,K20D,213,3200,2676.0,161,63.13725490196078,27.767609672842
Pentax,K20D,213,3200,2676.0,162,63.52941176470588,27.803802890648
Pentax,K20D,213,3200,2676.0,163,63.921568627450974,27.839835366848
Pentax,K20D,213,3200,2676.0,164,64.31372549019608,27.875709392515
Pentax,K20D,213,3200,2676.0,165,64.70588235294117,27.911427217293
Pentax,K20D,213,3200,2676.0,166,65.09803921568627,27.946991050435
Pentax,K20D,213,3200,2676.0,167,65.49019607843137,27.982403061812
Pentax,K20D,213,3200,2676.0,168,65.88235294117646,28.017665382891
Pentax,K20D,213,3200,2676.0,169,66.27450980392156,28.052780107678
Pentax,K20D,213,3200,2676.0,170,66.66666666666666,28.087749293643
Pentax,K20D,213,3200,2676.0,171,67.05882352941175,28.122574962605
Pentax,K20D,213,3200,2676.0,172,67.45098039215686,28.157259101602
Pentax,K20D,213,3200,2676.0,173,67.84313725490196,28.191803663726
Pentax,K20D,213,3200,2676.0,174,68.23529411764706,28.226210568942
Pentax,K20D,213,3200,2676.0,175,68.62745098039215,28.260481704873
Pentax,K20D,213,3200,2676.0,176,69.01960784313725,28.294618927574
Pentax,K20D,213,3200,2676.0,177,69.41176470588235,28.328624062273
Pentax,K20D,213,3200,2676.0,178,69.80392156862744,28.362498904099
Pentax,K20D,213,3200,2676.0,179,70.19607843137254,28.396245218782
Pentax,K20D,213,3200,2676.0,180,70.58823529411765,28.42986474334
Pentax,K20D,213,3200,2676.0,181,70.98039215686275,28.463359186742
Pentax,K20D,213,3200,2676.0,182,71.37254901960785,28.496730230554
Pentax,K20D,213,3200,2676.0,183,71.76470588235294,28.529979529567
Pentax,K20D,213,3200,2676.0,184,72.15686274509804,28.563108712407
Pentax,K20D,213,3200,2676.0,185,72.54901960784314,28.59611938213
Pentax,K20D,213,3200,2676.0,186,72.94117647058823,28.629013116799
Pentax,K20D,213,3200,2676.0,187,73.33333333333333,28.661791470043
Pentax,K20D,213,3200,2676.0,188,73.72549019607844,28.69445597161
Pentax,K20D,213,3200,2676.0,189,74.11764705882354,28.727008127892
Pentax,K20D,213,3200,2676.0,190,74.50980392156863,28.759449422447
Pentax,K20D,213,3200,2676.0,191,74.90196078431373,28.791781316502
Pentax,K20D,213,3200,2676.0,192,75.29411764705883,28.824005249442
Pentax,K20D,213,3200,2676.0,193,75.68627450980392,28.856122639289
Pentax,K20D,213,3200,2676.0,194,76.07843137254902,28.888134883169
Pentax,K20D,213,3200,2676.0,195,76.47058823529412,28.920043357762
Pentax,K20D,213,3200,2676.0,196,76.86274509803923,28.951849419744
Pentax,K20D,213,3200,2676.0,197,77.25490196078432,28.983554406218
Pentax,K20D,213,3200,2676.0,198,77.64705882352942,29.015159635134
Pentax,K20D,213,3200,2676.0,199,78.03921568627452,29.046666405696
Pentax,K20D,213,3200,2676.0,200,78.43137254901961,29.07807599876
Pentax,K20D,213,3200,2676.0,201,78.82352941176471,29.109389677222
Pentax,K20D,213,3200,2676.0,202,79.2156862745098,29.140608686399
Pentax,K20D,213,3200,2676.0,203,79.6078431372549,29.171734254395
Pentax,K20D,213,3200,2676.0,204,80.0,29.202767592461
Pentax,K20D,213,3200,2676.0,205,80.3921568627451,29.233709895348
Pentax,K20D,213,3200,2676.0,206,80.7843137254902,29.26456234165
Pentax,K20D,213,3200,2676.0,207,81.17647058823529,29.295326094133
Pentax,K20D,213,3200,2676.0,208,81.56862745098039,29.326002300068
Pentax,K20D,213,3200,2676.0,209,81.96078431372548,29.356592091546
Pentax,K20D,213,3200,2676.0,210,82.35294117647058,29.387096585787
Pentax,K20D,213,3200,2676.0,211,82.74509803921568,29.417516885446
Pentax,K20D,213,3200,2676.0,212,83.13725490196079,29.447854078909
Pentax,K20D,213,3200,2676.0,213,83.52941176470588,29.478109240579
Pentax,K20D,213,3200,2676.0,214,83.92156862745098,29.508283431164
Pentax,K20D,213,3200,2676.0,215,84.31372549019608,29.538377697946
Pentax,K20D,213,3200,2676.0,216,84.70588235294117,29.568393075057
Pentax,K20D,213,3200,2676.0,217,85.09803921568627,29.598330583738
Pentax,K20D,213,3200,2676.0,218,85.49019607843137,29.628191232598
Pentax,K20D,213,3200,2676.0,219,85.88235294117646,29.657976017864
Pentax,K20D,213,3200,2676.0,220,86.27450980392157,29.687685923629
Pentax,K20D,213,3200,2676.0,221,86.66666666666667,29.717321922091
Pentax,K20D,213,3200,2676.0,222,87.05882352941177,29.746884973786
Pentax,K20D,213,3200,2676.0,223,87.45098039215686,29.776376027823
Pentax,K20D,213,3200,2676.0,224,87.84313725490196,29.805796022101
Pentax,K20D,213,3200,2676.0,225,88.23529411764706,29.835145883535
Pentax,K20D,213,3200,2676.0,226,88.62745098039215,29.864426528269
Pentax,K20D,213,3200,2676.0,227,89.01960784313725,29.893638861884
Pentax,K20D,213,3200,2676.0,228,89.41176470588236,29.922783779607
Pentax,K20D,213,3200,2676.0,229,89.80392156862746,29.95186216651
Pentax,K20D,213,3200,2676.0,230,90.19607843137256,29.980874897707
Pentax,K20D,213,3200,2676.0,231,90.58823529411765,30.009822838549
Pentax,K20D,213,3200,2676.0,232,90.98039215686275,30.038706844808
Pentax,K20D,213,3200,2676.0,233,91.37254901960785,30.067527762869
Pentax,K20D,213,3200,2676.0,234,91.76470588235294,30.096286429902
Pentax,K20D,213,3200,2676.0,235,92.15686274509804,30.124983674049
Pentax,K20D,213,3200,2676.0,236,92.54901960784314,30.153620314588
Pentax,K20D,213,3200,2676.0,237,92.94117647058823,30.18219716211
Pentax,K20D,213,3200,2676.0,238,93.33333333333333,30.210715018681
Pentax,K20D,213,3200,2676.0,239,93.72549019607843,30.23917467801
Pentax,K20D,213,3200,2676.0,240,94.11764705882352,30.267576925603
Pentax,K20D,213,3200,2676.0,241,94.50980392156862,30.295922538923
Pentax,K20D,213,3200,2676.0,242,94.90196078431372,30.324212287545
Pentax,K20D,213,3200,2676.0,243,95.29411764705881,30.352446933303
Pentax,K20D,213,3200,2676.0,244,95.68627450980392,30.380627230441
Pentax,K20D,213,3200,2676.0,245,96.07843137254902,30.408753925753
Pentax,K20D,213,3200,2676.0,246,96.47058823529412,30.436827758732
Pentax,K20D,213,3200,2676.0,247,96.86274509803921,30.464849461703
Pentax,K20D,213,3200,2676.0,248,97.25490196078431,30.492819759962
Pentax,K20D,213,3200,2676.0,249,97.6470588235294,30.52073937191
Pentax,K20D,213,3200,2676.0,250,98.0392156862745,30.548609009185
Pentax,K20D,213,3200,2676.0,251,98.4313725490196,30.576429376789
Pentax,K20D,213,3200,2676.0,252,98.82352941176471,30.604201173216
Pentax,K20D,213,3200,2676.0,253,99.2156862745098,30.631925090578
Pentax,K20D,213,3200,2676.0,254,99.6078431372549,30.659601814723
Pentax,K20D,213,3200,2676.0,255,100.0,30.687232025358
Pentax,K20D,213,6400,5357.0,3.5590497947484,1.3957058018621176,0
Pentax,K20D,213,6400,5357.0,4,1.5686274509803921,1.203195518874
Pentax,K20D,213,6400,5357.0,5,1.9607843137254901,2.886251786641
Pentax,K20D,213,6400,5357.0,6,2.3529411764705883,4.2297076174618
Pentax,K20D,213,6400,5357.0,7,2.7450980392156863,5.3418349455454
Pentax,K20D,213,6400,5357.0,8,3.1372549019607843,6.2868597067247
Pentax,K20D,213,6400,5357.0,9,3.5294117647058822,7.1059235515178
Pentax,K20D,213,6400,5357.0,10,3.9215686274509802,7.8269101603877
Pentax,K20D,213,6400,5357.0,11,4.313725490196078,8.4695535742487
Pentax,K20D,213,6400,5357.0,12,4.705882352941177,9.0483078870879
Pentax,K20D,213,6400,5357.0,13,5.098039215686274,9.5740598315502
Pentax,K20D,213,6400,5357.0,14,5.490196078431373,10.055201702612
Pentax,K20D,213,6400,5357.0,15,5.88235294117647,10.498330932022
Pentax,K20D,213,6400,5357.0,20,7.8431372549019605,12.297982976909
Pentax,K20D,213,6400,5357.0,25,9.803921568627452,13.644381675389
Pentax,K20D,213,6400,5357.0,30,11.76470588235294,14.716353638832
Pentax,K20D,213,6400,5357.0,35,13.725490196078432,15.605810777138
Pentax,K20D,213,6400,5357.0,42,16.470588235294116,16.64148851474
Pentax,K20D,213,6400,5357.0,43,16.862745098039216,16.774084461851
Pentax,K20D,213,6400,5357.0,44,17.254901960784313,16.903428887406
Pentax,K20D,213,6400,5357.0,45,17.647058823529413,17.029682363939
Pentax,K20D,213,6400,5357.0,46,18.03921568627451,17.152994178494
Pentax,K20D,213,6400,5357.0,47,18.43137254901961,17.273503350446
Pentax,K20D,213,6400,5357.0,48,18.823529411764707,17.391339538329
Pentax,K20D,213,6400,5357.0,49,19.215686274509807,17.506623849739
Pentax,K20D,213,6400,5357.0,50,19.607843137254903,17.61946956643
Pentax,K20D,213,6400,5357.0,51,20.0,17.729982794922
Pentax,K20D,213,6400,5357.0,52,20.392156862745097,17.838263051586
Pentax,K20D,213,6400,5357.0,53,20.784313725490197,17.944403789884
Pentax,K20D,213,6400,5357.0,54,21.176470588235293,18.048492876453
Pentax,K20D,213,6400,5357.0,55,21.568627450980394,18.150613021832
Pentax,K20D,213,6400,5357.0,56,21.96078431372549,18.250842170881
Pentax,K20D,213,6400,5357.0,57,22.35294117647059,18.3492538573
Pentax,K20D,213,6400,5357.0,58,22.745098039215687,18.44591752611
Pentax,K20D,213,6400,5357.0,59,23.137254901960784,18.540898827488
Pentax,K20D,213,6400,5357.0,60,23.52941176470588,18.634259884926
Pentax,K20D,213,6400,5357.0,61,23.92156862745098,18.726059540347
Pentax,K20D,213,6400,5357.0,62,24.313725490196077,18.816353578493
Pentax,K20D,213,6400,5357.0,63,24.705882352941178,18.90519493264
Pentax,K20D,213,6400,5357.0,64,25.098039215686274,18.992633873464
Pentax,K20D,213,6400,5357.0,65,25.49019607843137,19.078718182667
Pentax,K20D,213,6400,5357.0,66,25.882352941176475,19.163493312816
Pentax,K20D,213,6400,5357.0,67,26.27450980392157,19.247002534671
Pentax,K20D,213,6400,5357.0,68,26.666666666666668,19.329287073151
Pentax,K20D,213,6400,5357.0,69,27.058823529411764,19.410386232973
Pentax,K20D,213,6400,5357.0,70,27.450980392156865,19.490337514878
Pentax,K20D,213,6400,5357.0,71,27.84313725490196,19.56917672327
Pentax,K20D,213,6400,5357.0,72,28.235294117647058,19.646938066027
Pentax,K20D,213,6400,5357.0,73,28.627450980392155,19.723654247135
Pentax,K20D,213,6400,5357.0,74,29.01960784313726,19.79935655276
Pentax,K20D,213,6400,5357.0,75,29.411764705882355,19.874074931309
Pentax,K20D,213,6400,5357.0,76,29.80392156862745,19.947838067962
Pentax,K20D,213,6400,5357.0,77,30.19607843137255,20.020673454132
Pentax,K20D,213,6400,5357.0,78,30.58823529411765,20.092607452263
Pentax,K20D,213,6400,5357.0,79,30.980392156862745,20.163665356315
Pentax,K20D,213,6400,5357.0,80,31.372549019607842,20.233871448303
Pentax,K20D,213,6400,5357.0,81,31.76470588235294,20.303249051165
Pentax,K20D,213,6400,5357.0,82,32.15686274509804,20.371820578253
Pentax,K20D,213,6400,5357.0,83,32.549019607843135,20.439607579706
Pentax,K20D,213,6400,5357.0,84,32.94117647058823,20.506630785924
Pentax,K20D,213,6400,5357.0,85,33.33333333333333,20.572910148361
Pentax,K20D,213,6400,5357.0,86,33.72549019607843,20.638464877842
Pentax,K20D,213,6400,5357.0,87,34.11764705882353,20.703313480556
Pentax,K20D,213,6400,5357.0,88,34.509803921568626,20.767473791928
Pentax,K20D,213,6400,5357.0,89,34.90196078431372,20.830963008474
Pentax,K20D,213,6400,5357.0,90,35.294117647058826,20.893797717823
Pentax,K20D,213,6400,5357.0,91,35.68627450980392,20.955993926998
Pentax,K20D,213,6400,5357.0,92,36.07843137254902,21.017567089091
Pentax,K20D,213,6400,5357.0,93,36.470588235294116,21.078532128438
Pentax,K20D,213,6400,5357.0,94,36.86274509803922,21.138903464387
Pentax,K20D,213,6400,5357.0,95,37.254901960784316,21.198695033761
Pentax,K20D,213,6400,5357.0,96,37.64705882352941,21.257920312094
Pentax,K20D,213,6400,5357.0,97,38.03921568627451,21.316592333723
Pentax,K20D,213,6400,5357.0,98,38.43137254901961,21.374723710799
Pentax,K20D,213,6400,5357.0,99,38.82352941176471,21.432326651307
Pentax,K20D,213,6400,5357.0,100,39.21568627450981,21.489412976127
Pentax,K20D,213,6400,5357.0,101,39.6078431372549,21.545994135228
Pentax,K20D,213,6400,5357.0,102,40.0,21.602081223013
Pentax,K20D,213,6400,5357.0,103,40.3921568627451,21.657684992905
Pentax,K20D,213,6400,5357.0,104,40.78431372549019,21.712815871178
Pentax,K20D,213,6400,5357.0,105,41.17647058823529,21.767483970118
Pentax,K20D,213,6400,5357.0,106,41.568627450980394,21.821699100523
Pentax,K20D,213,6400,5357.0,107,41.96078431372549,21.875470783595
Pentax,K20D,213,6400,5357.0,108,42.35294117647059,21.92880826226
Pentax,K20D,213,6400,5357.0,109,42.745098039215684,21.981720511939
Pentax,K20D,213,6400,5357.0,110,43.13725490196079,22.034216250813
Pentax,K20D,213,6400,5357.0,111,43.529411764705884,22.0863039496
Pentax,K20D,213,6400,5357.0,112,43.92156862745098,22.137991840878
Pentax,K20D,213,6400,5357.0,113,44.31372549019608,22.18928792798
Pentax,K20D,213,6400,5357.0,114,44.70588235294118,22.240199993474
Pentax,K20D,213,6400,5357.0,115,45.09803921568628,22.290735607263
Pentax,K20D,213,6400,5357.0,116,45.490196078431374,22.340902134321
Pentax,K20D,213,6400,5357.0,117,45.88235294117647,22.390706742083
Pentax,K20D,213,6400,5357.0,118,46.27450980392157,22.440156407504
Pentax,K20D,213,6400,5357.0,119,46.666666666666664,22.489257923811
Pentax,K20D,213,6400,5357.0,120,47.05882352941176,22.538017906966
Pentax,K20D,213,6400,5357.0,121,47.45098039215686,22.586442801842
Pentax,K20D,213,6400,5357.0,122,47.84313725490196,22.634538888143
Pentax,K20D,213,6400,5357.0,123,48.23529411764706,22.682312286062
Pentax,K20D,213,6400,5357.0,124,48.627450980392155,22.729768961714
Pentax,K20D,213,6400,5357.0,125,49.01960784313725,22.776914732334
Pentax,K20D,213,6400,5357.0,126,49.411764705882355,22.823755271261
Pentax,K20D,213,6400,5357.0,127,49.80392156862745,22.870296112719
Pentax,K20D,213,6400,5357.0,128,50.19607843137255,22.916542656401
Pentax,K20D,213,6400,5357.0,129,50.588235294117645,22.962500171872
Pentax,K20D,213,6400,5357.0,130,50.98039215686274,23.008173802792
Pentax,K20D,213,6400,5357.0,131,51.37254901960784,23.05356857097
Pentax,K20D,213,6400,5357.0,132,51.76470588235295,23.098689380262
Pentax,K20D,213,6400,5357.0,133,52.156862745098046,23.143541020313
Pentax,K20D,213,6400,5357.0,134,52.54901960784314,23.188128170155
Pentax,K20D,213,6400,5357.0,135,52.94117647058824,23.232455401667
Pentax,K20D,213,6400,5357.0,136,53.333333333333336,23.2765271829
Pentax,K20D,213,6400,5357.0,137,53.72549019607843,23.32034788128
Pentax,K20D,213,6400,5357.0,138,54.11764705882353,23.363921766682
Pentax,K20D,213,6400,5357.0,139,54.509803921568626,23.407253014401
Pentax,K20D,213,6400,5357.0,140,54.90196078431373,23.450345708004
Pentax,K20D,213,6400,5357.0,141,55.294117647058826,23.493203842075
Pentax,K20D,213,6400,5357.0,142,55.68627450980392,23.535831324869
Pentax,K20D,213,6400,5357.0,143,56.07843137254902,23.578231980861
Pentax,K20D,213,6400,5357.0,144,56.470588235294116,23.620409553207
Pentax,K20D,213,6400,5357.0,145,56.86274509803921,23.662367706114
Pentax,K20D,213,6400,5357.0,146,57.25490196078431,23.704110027131
Pentax,K20D,213,6400,5357.0,147,57.647058823529406,23.745640029352
Pentax,K20D,213,6400,5357.0,148,58.03921568627452,23.786961153548
Pentax,K20D,213,6400,5357.0,149,58.43137254901961,23.828076770218
Pentax,K20D,213,6400,5357.0,150,58.82352941176471,23.868990181581
Pentax,K20D,213,6400,5357.0,151,59.21568627450981,23.909704623483
Pentax,K20D,213,6400,5357.0,152,59.6078431372549,23.950223267252
Pentax,K20D,213,6400,5357.0,153,60.0,23.990549221486
Pentax,K20D,213,6400,5357.0,154,60.3921568627451,24.030685533779
Pentax,K20D,213,6400,5357.0,155,60.78431372549019,24.070635192394
Pentax,K20D,213,6400,5357.0,156,61.1764705882353,24.110401127872
Pentax,K20D,213,6400,5357.0,157,61.568627450980394,24.149986214599
Pentax,K20D,213,6400,5357.0,158,61.96078431372549,24.189393272313
Pentax,K20D,213,6400,5357.0,159,62.35294117647059,24.228625067565
Pentax,K20D,213,6400,5357.0,160,62.745098039215684,24.267684315135
Pentax,K20D,213,6400,5357.0,161,63.13725490196078,24.306573679397
Pentax,K20D,213,6400,5357.0,162,63.52941176470588,24.345295775647
Pentax,K20D,213,6400,5357.0,163,63.921568627450974,24.383853171383
Pentax,K20D,213,6400,5357.0,164,64.31372549019608,24.422248387549
Pentax,K20D,213,6400,5357.0,165,64.70588235294117,24.46048389974
Pentax,K20D,213,6400,5357.0,166,65.09803921568627,24.498562139364
Pentax,K20D,213,6400,5357.0,167,65.49019607843137,24.536485494775
Pentax,K20D,213,6400,5357.0,168,65.88235294117646,24.574256312369
Pentax,K20D,213,6400,5357.0,169,66.27450980392156,24.611876897642
Pentax,K20D,213,6400,5357.0,170,66.66666666666666,24.649349516226
Pentax,K20D,213,6400,5357.0,171,67.05882352941175,24.686676394883
Pentax,K20D,213,6400,5357.0,172,67.45098039215686,24.723859722476
Pentax,K20D,213,6400,5357.0,173,67.84313725490196,24.760901650908
Pentax,K20D,213,6400,5357.0,174,68.23529411764706,24.797804296037
Pentax,K20D,213,6400,5357.0,175,68.62745098039215,24.834569738559
Pentax,K20D,213,6400,5357.0,176,69.01960784313725,24.871200024868
Pentax,K20D,213,6400,5357.0,177,69.41176470588235,24.907697167894
Pentax,K20D,213,6400,5357.0,178,69.80392156862744,24.944063147911
Pentax,K20D,213,6400,5357.0,179,70.19607843137254,24.980299913324
Pentax,K20D,213,6400,5357.0,180,70.58823529411765,25.016409381438
Pentax,K20D,213,6400,5357.0,181,70.98039215686275,25.052393439198
Pentax,K20D,213,6400,5357.0,182,71.37254901960785,25.088253943914
Pentax,K20D,213,6400,5357.0,183,71.76470588235294,25.123992723964
Pentax,K20D,213,6400,5357.0,184,72.15686274509804,25.159611579475
Pentax,K20D,213,6400,5357.0,185,72.54901960784314,25.195112282988
Pentax,K20D,213,6400,5357.0,186,72.94117647058823,25.230496580106
Pentax,K20D,213,6400,5357.0,187,73.33333333333333,25.265766190122
Pentax,K20D,213,6400,5357.0,188,73.72549019607844,25.300922806628
Pentax,K20D,213,6400,5357.0,189,74.11764705882354,25.335968098112
Pentax,K20D,213,6400,5357.0,190,74.50980392156863,25.37090370854
Pentax,K20D,213,6400,5357.0,191,74.90196078431373,25.405731257914
Pentax,K20D,213,6400,5357.0,192,75.29411764705883,25.440452342826
Pentax,K20D,213,6400,5357.0,193,75.68627450980392,25.47506853699
Pentax,K20D,213,6400,5357.0,194,76.07843137254902,25.509581391766
Pentax,K20D,213,6400,5357.0,195,76.47058823529412,25.54399243666
Pentax,K20D,213,6400,5357.0,196,76.86274509803923,25.578303179828
Pentax,K20D,213,6400,5357.0,197,77.25490196078432,25.612515108549
Pentax,K20D,213,6400,5357.0,198,77.64705882352942,25.6466296897
Pentax,K20D,213,6400,5357.0,199,78.03921568627452,25.680648370211
Pentax,K20D,213,6400,5357.0,200,78.43137254901961,25.71457257751
Pentax,K20D,213,6400,5357.0,201,78.82352941176471,25.748403719961
Pentax,K20D,213,6400,5357.0,202,79.2156862745098,25.782143187286
Pentax,K20D,213,6400,5357.0,203,79.6078431372549,25.815792350979
Pentax,K20D,213,6400,5357.0,204,80.0,25.849352564711
Pentax,K20D,213,6400,5357.0,205,80.3921568627451,25.882825164722
Pentax,K20D,213,6400,5357.0,206,80.7843137254902,25.916211470207
Pentax,K20D,213,6400,5357.0,207,81.17647058823529,25.949512783688
Pentax,K20D,213,6400,5357.0,208,81.56862745098039,25.982730391386
Pentax,K20D,213,6400,5357.0,209,81.96078431372548,26.015865563574
Pentax,K20D,213,6400,5357.0,210,82.35294117647058,26.048919554925
Pentax,K20D,213,6400,5357.0,211,82.74509803921568,26.08189360486
Pentax,K20D,213,6400,5357.0,212,83.13725490196079,26.114788937873
Pentax,K20D,213,6400,5357.0,213,83.52941176470588,26.147606763863
Pentax,K20D,213,6400,5357.0,214,83.92156862745098,26.180348278446
Pentax,K20D,213,6400,5357.0,215,84.31372549019608,26.213014663273
Pentax,K20D,213,6400,5357.0,216,84.70588235294117,26.245607086329
Pentax,K20D,213,6400,5357.0,217,85.09803921568627,26.27812670223
Pentax,K20D,213,6400,5357.0,218,85.49019607843137,26.310574652517
Pentax,K20D,213,6400,5357.0,219,85.88235294117646,26.342952065936
Pentax,K20D,213,6400,5357.0,220,86.27450980392157,26.375260058721
Pentax,K20D,213,6400,5357.0,221,86.66666666666667,26.407499734859
Pentax,K20D,213,6400,5357.0,222,87.05882352941177,26.439672186363
Pentax,K20D,213,6400,5357.0,223,87.45098039215686,26.47177849353
Pentax,K20D,213,6400,5357.0,224,87.84313725490196,26.503819725194
Pentax,K20D,213,6400,5357.0,225,88.23529411764706,26.535796938976
Pentax,K20D,213,6400,5357.0,226,88.62745098039215,26.567711181532
Pentax,K20D,213,6400,5357.0,227,89.01960784313725,26.599563488788
Pentax,K20D,213,6400,5357.0,228,89.41176470588236,26.631354886177
Pentax,K20D,213,6400,5357.0,229,89.80392156862746,26.663086388866
Pentax,K20D,213,6400,5357.0,230,90.19607843137256,26.694759001984
Pentax,K20D,213,6400,5357.0,231,90.58823529411765,26.726373720841
Pentax,K20D,213,6400,5357.0,232,90.98039215686275,26.757931531146
Pentax,K20D,213,6400,5357.0,233,91.37254901960785,26.789433409215
Pentax,K20D,213,6400,5357.0,234,91.76470588235294,26.820880322182
Pentax,K20D,213,6400,5357.0,235,92.15686274509804,26.852273228202
Pentax,K20D,213,6400,5357.0,236,92.54901960784314,26.883613076652
Pentax,K20D,213,6400,5357.0,237,92.94117647058823,26.914900808324
Pentax,K20D,213,6400,5357.0,238,93.33333333333333,26.946137355622
Pentax,K20D,213,6400,5357.0,239,93.72549019607843,26.977323642747
Pentax,K20D,213,6400,5357.0,240,94.11764705882352,27.008460585883
Pentax,K20D,213,6400,5357.0,241,94.50980392156862,27.039549093382
Pentax,K20D,213,6400,5357.0,242,94.90196078431372,27.07059006594
Pentax,K20D,213,6400,5357.0,243,95.29411764705881,27.101584396774
Pentax,K20D,213,6400,5357.0,244,95.68627450980392,27.132532971793
Pentax,K20D,213,6400,5357.0,245,96.07843137254902,27.163436669771
Pentax,K20D,213,6400,5357.0,246,96.47058823529412,27.194296362508
Pentax,K20D,213,6400,5357.0,247,96.86274509803921,27.225112914999
Pentax,K20D,213,6400,5357.0,248,97.25490196078431,27.255887185595
Pentax,K20D,213,6400,5357.0,249,97.6470588235294,27.286620026158
Pentax,K20D,213,6400,5357.0,250,98.0392156862745,27.317312282218
Pentax,K20D,213,6400,5357.0,251,98.4313725490196,27.347964793129
Pentax,K20D,213,6400,5357.0,252,98.82352941176471,27.378578392216
Pentax,K20D,213,6400,5357.0,253,99.2156862745098,27.409153906927
Pentax,K20D,213,6400,5357.0,254,99.6078431372549,27.439692158978
Pentax,K20D,213,6400,5357.0,255,100.0,27.470193964495
