brand,model,sensor_id,iso_manufacturer,iso_measured,gray_level_255,gray_pct,snr_db
Samsung,NX 10,660,100,78.0,0.55538940381185,0.21779976620072547,0
Samsung,NX 10,660,100,78.0,0.24624567189422,0.09656693015459608,2.0130685204853
Samsung,NX 10,660,100,78.0,0.39073019566366,0.15322752771123924,5.8715135939265
Samsung,NX 10,660,100,78.0,0.70548594575973,0.27666115519989415,10.690097521135
Samsung,NX 10,660,100,78.0,1.3350291029166,0.5235408246731765,15.662114969854
Samsung,NX 10,660,100,78.0,2.4660469702214,0.9670772432240784,20.123829273229
Samsung,NX 10,660,100,78.0,3.4761827823405,1.3632089342511766,22.450534986294
Samsung,NX 10,660,100,78.0,4.4863185944596,1.7593406252782744,24.093942043204
Samsung,NX 10,660,100,78.0,5.4964544065787,2.1554723163053726,25.34944250872
Samsung,NX 10,660,100,78.0,6.5065902186978,2.551604007332471,26.357372179954
Samsung,NX 10,660,100,78.0,7.5167260308169,2.9477356983595686,27.194793047716
Samsung,NX 10,660,100,78.0,8.5268618429361,3.343867389386706,27.908278384309
Samsung,NX 10,660,100,78.0,9.5369976550552,3.739999080413804,28.527977798895
Samsung,NX 10,660,100,78.0,10.547133467174,4.136130771440784,29.074449554424
Samsung,NX 10,660,100,78.0,11.557269279293,4.532262462467843,29.562294962991
Samsung,NX 10,660,100,78.0,12.567405091413,4.928394153495294,30.002231218674
Samsung,NX 10,660,100,78.0,13.577540903532,5.324525844522353,30.402340941925
Samsung,NX 10,660,100,78.0,14.587676715651,5.720657535549412,30.768860252044
Samsung,NX 10,660,100,78.0,15.59781252777,6.11678922657647,31.106694859708
Samsung,NX 10,660,100,78.0,16.607948339889,6.512920917603529,31.419768991719
Samsung,NX 10,660,100,78.0,17.618084152008,6.909052608630588,31.711267839575
Samsung,NX 10,660,100,78.0,18.628219964127,7.305184299657647,31.983810074621
Samsung,NX 10,660,100,78.0,19.638355776246,7.701315990684707,32.239573186579
Samsung,NX 10,660,100,78.0,20.648491588365,8.097447681711765,32.480386240341
Samsung,NX 10,660,100,78.0,21.658627400485,8.493579372739216,32.707799657045
Samsung,NX 10,660,100,78.0,22.668763212604,8.889711063766274,32.923138489201
Samsung,NX 10,660,100,78.0,23.678899024723,9.285842754793332,33.127543637976
Samsung,NX 10,660,100,78.0,24.689034836842,9.681974445820392,33.322004128018
Samsung,NX 10,660,100,78.0,25.699170648961,10.078106136847452,33.507382658706
Samsung,NX 10,660,100,78.0,26.70930646108,10.474237827874509,33.684436036495
Samsung,NX 10,660,100,78.0,27.719442273199,10.870369518901569,33.853831665104
Samsung,NX 10,660,100,78.0,28.729578085318,11.266501209928627,34.016160967618
Samsung,NX 10,660,100,78.0,29.739713897437,11.662632900955685,34.171950397448
Samsung,NX 10,660,100,78.0,30.749849709557,12.058764591983136,34.321670537245
Samsung,NX 10,660,100,78.0,31.759985521676,12.454896283010196,34.465743668884
Samsung,NX 10,660,100,78.0,32.770121333795,12.851027974037255,34.604550111264
Samsung,NX 10,660,100,78.0,33.780257145914,13.247159665064315,34.738433557879
Samsung,NX 10,660,100,78.0,34.790392958033,13.643291356091375,34.867705596886
Samsung,NX 10,660,100,78.0,35.800528770152,14.039423047118433,34.992649558774
Samsung,NX 10,660,100,78.0,36.810664582271,14.435554738145493,35.113523807645
Samsung,NX 10,660,100,78.0,37.82080039439,14.831686429172548,35.230564569507
Samsung,NX 10,660,100,78.0,38.830936206509,15.227818120199608,35.343988373259
Samsung,NX 10,660,100,78.0,39.841072018629,15.623949811227059,35.453994166049
Samsung,NX 10,660,100,78.0,40.851207830748,16.02008150225412,35.560765153541
Samsung,NX 10,660,100,78.0,41.861343642867,16.416213193281177,35.664470406773
Samsung,NX 10,660,100,78.0,42.871479454986,16.812344884308235,35.765266270095
Samsung,NX 10,660,100,78.0,43.881615267105,17.208476575335293,35.863297598917
Samsung,NX 10,660,100,78.0,44.891751079224,17.604608266362355,35.95869885126
Samsung,NX 10,660,100,78.0,45.901886891343,18.00073995738941,36.051595053293
Samsung,NX 10,660,100,78.0,46.912022703462,18.39687164841647,36.142102655833
Samsung,NX 10,660,100,78.0,47.922158515582,18.79300333944392,36.23033029623
Samsung,NX 10,660,100,78.0,48.932294327701,19.18913503047098,36.316379477826
Samsung,NX 10,660,100,78.0,49.94243013982,19.585266721498037,36.400345177468
Samsung,NX 10,660,100,78.0,50.952565951939,19.9813984125251,36.482316389955
Samsung,NX 10,660,100,78.0,51.962701764058,20.377530103552154,36.562376617115
Samsung,NX 10,660,100,78.0,52.972837576177,20.773661794579215,36.640604308106
Samsung,NX 10,660,100,78.0,53.982973388296,21.169793485606274,36.717073256634
Samsung,NX 10,660,100,78.0,54.993109200415,21.565925176633332,36.791852960048
Samsung,NX 10,660,100,78.0,56.003245012534,21.962056867660394,36.865008944601
Samsung,NX 10,660,100,78.0,57.013380824654,22.358188558687843,36.936603060613
Samsung,NX 10,660,100,78.0,58.023516636773,22.754320249714905,37.006693750819
Samsung,NX 10,660,100,78.0,59.033652448892,23.150451940741963,37.075336294752
Samsung,NX 10,660,100,78.0,60.043788261011,23.546583631769018,37.142583031691
Samsung,NX 10,660,100,78.0,61.05392407313,23.942715322796076,37.208483564366
Samsung,NX 10,660,100,78.0,62.064059885249,24.338847013823138,37.273084945395
Samsung,NX 10,660,100,78.0,63.074195697368,24.734978704850192,37.336431848155
Samsung,NX 10,660,100,78.0,64.084331509487,25.131110395877254,37.398566723632
Samsung,NX 10,660,100,78.0,65.094467321607,25.527242086904707,37.459529944598
Samsung,NX 10,660,100,78.0,66.104603133726,25.92337377793176,37.519359938319
Samsung,NX 10,660,100,78.0,67.114738945845,26.319505468958827,37.57809330887
Samsung,NX 10,660,100,78.0,68.124874757964,26.715637159985878,37.635764950025
Samsung,NX 10,660,100,78.0,69.135010570083,27.11176885101294,37.692408149563
Samsung,NX 10,660,100,78.0,70.145146382202,27.507900542039998,37.74805468577
Samsung,NX 10,660,100,78.0,71.155282194321,27.90403223306706,37.802734916822
Samsung,NX 10,660,100,78.0,72.16541800644,28.300163924094118,37.856477863668
Samsung,NX 10,660,100,78.0,73.175553818559,28.696295615121176,37.909311286978
Samsung,NX 10,660,100,78.0,74.185689630679,29.09242730614863,37.961261758642
Samsung,NX 10,660,100,78.0,75.195825442798,29.488558997175684,38.012354728291
Samsung,NX 10,660,100,78.0,76.205961254917,29.88469068820275,38.062614585244
Samsung,NX 10,660,100,78.0,77.216097067036,30.280822379229804,38.112064716249
Samsung,NX 10,660,100,78.0,78.226232879155,30.67695407025687,38.160727559356
Samsung,NX 10,660,100,78.0,79.236368691274,31.07308576128392,38.208624654235
Samsung,NX 10,660,100,78.0,80.246504503393,31.469217452310982,38.255776689212
Samsung,NX 10,660,100,78.0,81.256640315512,31.86534914333804,38.302203545265
Samsung,NX 10,660,100,78.0,82.266776127632,32.26148083436549,38.347924337238
Samsung,NX 10,660,100,78.0,83.276911939751,32.65761252539255,38.392957452452
Samsung,NX 10,660,100,78.0,84.28704775187,33.05374421641961,38.437320586933
Samsung,NX 10,660,100,78.0,85.297183563989,33.44987590744666,38.481030779404
Samsung,NX 10,660,100,78.0,86.307319376108,33.846007598473726,38.524104443238
Samsung,NX 10,660,100,78.0,87.317455188227,34.242139289500784,38.56655739648
Samsung,NX 10,660,100,78.0,88.327591000346,34.63827098052785,38.608404890109
Samsung,NX 10,660,100,78.0,89.337726812465,35.0344026715549,38.649661634634
Samsung,NX 10,660,100,78.0,90.347862624584,35.43053436258196,38.690341825166
Samsung,NX 10,660,100,78.0,91.357998436704,35.82666605360941,38.730459165045
Samsung,NX 10,660,100,78.0,92.368134248823,36.22279774463647,38.770026888143
Samsung,NX 10,660,100,78.0,93.378270060942,36.618929435663524,38.809057779912
Samsung,NX 10,660,100,78.0,94.388405873061,37.01506112669059,38.847564197274
Samsung,NX 10,660,100,78.0,95.39854168518,37.41119281771765,38.885558087423
Samsung,NX 10,660,100,78.0,96.408677497299,37.807324508744706,38.923051005605
Samsung,NX 10,660,100,78.0,97.418813309418,38.203456199771765,38.960054131953
Samsung,NX 10,660,100,78.0,98.428949121537,38.59958789079882,38.996578287431
Samsung,NX 10,660,100,78.0,99.439084933657,38.99571958182628,39.03263394893
Samsung,NX 10,660,100,78.0,100.44922074578,39.3918512728549,39.068231263601
Samsung,NX 10,660,100,78.0,101.45935655789,39.787982963878434,39.103380062434
Samsung,NX 10,660,100,78.0,102.46949237001,40.18411465490588,39.138089873155
Samsung,NX 10,660,100,78.0,103.47962818213,40.58024634593333,39.172369932477
Samsung,NX 10,660,100,78.0,104.48976399425,40.97637803696078,39.206229197732
Samsung,NX 10,660,100,78.0,105.49989980637,41.37250972798823,39.239676357936
Samsung,NX 10,660,100,78.0,106.51003561849,41.76864141901569,39.272719844312
Samsung,NX 10,660,100,78.0,107.52017143061,42.16477311004314,39.3053678403
Samsung,NX 10,660,100,78.0,108.53030724273,42.560904801070585,39.337628291093
Samsung,NX 10,660,100,78.0,109.54044305485,42.95703649209804,39.369508912712
Samsung,NX 10,660,100,78.0,110.55057886697,43.35316818312549,39.401017200668
Samsung,NX 10,660,100,78.0,111.56071467909,43.74929987415294,39.432160438202
Samsung,NX 10,660,100,78.0,112.57085049121,44.145431565180395,39.46294570416
Samsung,NX 10,660,100,78.0,113.58098630332,44.54156325620392,39.493379880498
Samsung,NX 10,660,100,78.0,114.59112211544,44.93769494723137,39.523469659454
Samsung,NX 10,660,100,78.0,115.60125792756,45.33382663825882,39.553221550388
Samsung,NX 10,660,100,78.0,116.61139373968,45.729958329286276,39.582641886328
Samsung,NX 10,660,100,78.0,117.6215295518,46.126090020313725,39.61173683022
Samsung,NX 10,660,100,78.0,118.63166536392,46.522221711341174,39.640512380905
Samsung,NX 10,660,100,78.0,119.64180117604,46.91835340236863,39.66897437884
Samsung,NX 10,660,100,78.0,120.65193698816,47.31448509339608,39.697128511568
Samsung,NX 10,660,100,78.0,121.66207280028,47.71061678442353,39.724980318958
Samsung,NX 10,660,100,78.0,122.6722086124,48.10674847545098,39.752535198223
Samsung,NX 10,660,100,78.0,123.68234442452,48.50288016647843,39.779798408727
Samsung,NX 10,660,100,78.0,124.69248023663,48.89901185750196,39.806775076587
Samsung,NX 10,660,100,78.0,125.70261604875,49.29514354852941,39.833470199098
Samsung,NX 10,660,100,78.0,126.71275186087,49.691275239556866,39.859888648962
Samsung,NX 10,660,100,78.0,127.72288767299,50.08740693058431,39.886035178351
Samsung,NX 10,660,100,78.0,128.73302348511,50.48353862161177,39.911914422814
Samsung,NX 10,660,100,78.0,129.74315929723,50.87967031263921,39.937530905012
Samsung,NX 10,660,100,78.0,130.75329510935,51.27580200366667,39.96288903832
Samsung,NX 10,660,100,78.0,131.76343092147,51.67193369469412,39.98799313028
Samsung,NX 10,660,100,78.0,132.77356673359,52.068065385721575,40.012847385915
Samsung,NX 10,660,100,78.0,133.78370254571,52.464197076749016,40.037455910926
Samsung,NX 10,660,100,78.0,134.79383835783,52.860328767776465,40.061822714759
Samsung,NX 10,660,100,78.0,135.80397416994,53.25646045880001,40.085951713549
Samsung,NX 10,660,100,78.0,136.81410998206,53.65259214982745,40.109846732969
Samsung,NX 10,660,100,78.0,137.82424579418,54.048723840854905,40.133511510953
Samsung,NX 10,660,100,78.0,138.8343816063,54.44485553188236,40.156949700333
Samsung,NX 10,660,100,78.0,139.84451741842,54.840987222909796,40.180164871369
Samsung,NX 10,660,100,78.0,140.85465323054,55.23711891393725,40.203160514188
Samsung,NX 10,660,100,78.0,141.86478904266,55.6332506049647,40.225940041136
Samsung,NX 10,660,100,78.0,142.87492485478,56.02938229599216,40.248506789043
Samsung,NX 10,660,100,78.0,143.8850606669,56.425513987019606,40.270864021405
Samsung,NX 10,660,100,78.0,144.89519647902,56.82164567804706,40.293014930496
Samsung,NX 10,660,100,78.0,145.90533229114,57.21777736907452,40.314962639389
Samsung,NX 10,660,100,78.0,146.91546810325,57.61390906009803,40.336710203927
Samsung,NX 10,660,100,78.0,147.92560391537,58.010040751125494,40.358260614603
Samsung,NX 10,660,100,78.0,148.93573972749,58.406172442152936,40.379616798393
Samsung,NX 10,660,100,78.0,149.94587553961,58.80230413318039,40.400781620516
Samsung,NX 10,660,100,78.0,150.95601135173,59.19843582420785,40.421757886134
Samsung,NX 10,660,100,78.0,151.96614716385,59.5945675152353,40.442548341999
Samsung,NX 10,660,100,78.0,152.97628297597,59.99069920626275,40.463155678038
Samsung,NX 10,660,100,78.0,153.98641878809,60.38683089729019,40.48358252889
Samsung,NX 10,660,100,78.0,154.99655460021,60.782962588317645,40.50383147539
Samsung,NX 10,660,100,78.0,156.00669041233,61.179094279345094,40.523905045999
Samsung,NX 10,660,100,78.0,157.01682622445,61.57522597037255,40.5438057182
Samsung,NX 10,660,100,78.0,158.02696203656,61.97135766139608,40.563535919831
Samsung,NX 10,660,100,78.0,159.03709784868,62.36748935242352,40.583098030388
Samsung,NX 10,660,100,78.0,160.0472336608,62.76362104345098,40.602494382279
Samsung,NX 10,660,100,78.0,161.05736947292,63.159752734478424,40.621727262042
Samsung,NX 10,660,100,78.0,162.06750528504,63.55588442550588,40.64079891152
Samsung,NX 10,660,100,78.0,163.07764109716,63.952016116533336,40.659711529001
Samsung,NX 10,660,100,78.0,164.08777690928,64.34814780756078,40.678467270325
Samsung,NX 10,660,100,78.0,165.0979127214,64.74427949858824,40.697068249947
Samsung,NX 10,660,100,78.0,166.10804853352,65.14041118961569,40.71551654198
Samsung,NX 10,660,100,78.0,167.11818434564,65.53654288064314,40.733814181195
Samsung,NX 10,660,100,78.0,168.12832015776,65.93267457167057,40.751963163993
Samsung,NX 10,660,100,78.0,169.13845596987,66.32880626269412,40.769965449352
Samsung,NX 10,660,100,78.0,170.14859178199,66.72493795372158,40.78782295974
Samsung,NX 10,660,100,78.0,171.15872759411,67.12106964474901,40.805537582
Samsung,NX 10,660,100,78.0,172.16886340623,67.51720133577646,40.823111168213
Samsung,NX 10,660,100,78.0,173.17899921835,67.91333302680391,40.840545536534
Samsung,NX 10,660,100,78.0,174.18913503047,68.30946471783137,40.857842471997
Samsung,NX 10,660,100,78.0,175.19927084259,68.70559640885882,40.875003727308
Samsung,NX 10,660,100,78.0,176.20940665471,69.10172809988627,40.8920310236
Samsung,NX 10,660,100,78.0,177.21954246683,69.49785979091374,40.908926051181
Samsung,NX 10,660,100,78.0,178.22967827895,69.89399148194117,40.92569047025
Samsung,NX 10,660,100,78.0,179.23981409107,70.29012317296863,40.942325911595
Samsung,NX 10,660,100,78.0,180.24994990319,70.68625486399607,40.958833977275
Samsung,NX 10,660,100,78.0,181.2600857153,71.08238655501961,40.975216241273
Samsung,NX 10,660,100,78.0,182.27022152742,71.47851824604706,40.991474250144
Samsung,NX 10,660,100,78.0,183.28035733954,71.87464993707451,41.007609523633
Samsung,NX 10,660,100,78.0,184.29049315166,72.27078162810197,41.023623555279
Samsung,NX 10,660,100,78.0,185.30062896378,72.66691331912942,41.039517813009
Samsung,NX 10,660,100,78.0,186.3107647759,73.06304501015686,41.055293739702
Samsung,NX 10,660,100,78.0,187.32090058802,73.45917670118432,41.070952753752
Samsung,NX 10,660,100,78.0,188.33103640014,73.85530839221175,41.086496249606
Samsung,NX 10,660,100,78.0,189.34117221226,74.25144008323922,41.101925598289
Samsung,NX 10,660,100,78.0,190.35130802438,74.64757177426667,41.117242147917
Samsung,NX 10,660,100,78.0,191.3614438365,75.04370346529412,41.132447224196
Samsung,NX 10,660,100,78.0,192.37157964861,75.43983515631764,41.147542130905
Samsung,NX 10,660,100,78.0,193.38171546073,75.83596684734509,41.16252815037
Samsung,NX 10,660,100,78.0,194.39185127285,76.23209853837255,41.17740654392
Samsung,NX 10,660,100,78.0,195.40198708497,76.6282302294,41.192178552335
Samsung,NX 10,660,100,78.0,196.41212289709,77.02436192042745,41.206845396286
Samsung,NX 10,660,100,78.0,197.42225870921,77.42049361145492,41.22140827675
Samsung,NX 10,660,100,78.0,198.43239452133,77.81662530248235,41.235868375431
Samsung,NX 10,660,100,78.0,199.44253033345,78.2127569935098,41.250226855158
Samsung,NX 10,660,100,78.0,200.45266614557,78.60888868453725,41.264484860278
Samsung,NX 10,660,100,78.0,201.46280195769,79.00502037556471,41.278643517039
Samsung,NX 10,660,100,78.0,202.47293776981,79.40115206659215,41.292703933957
Samsung,NX 10,660,100,78.0,203.48307358192,79.79728375761569,41.306667202187
Samsung,NX 10,660,100,78.0,204.49320939404,80.19341544864314,41.320534395869
Samsung,NX 10,660,100,78.0,205.50334520616,80.58954713967059,41.334306572476
Samsung,NX 10,660,100,78.0,206.51348101828,80.98567883069803,41.34798477315
Samsung,NX 10,660,100,78.0,207.5236168304,81.38181052172548,41.361570023028
Samsung,NX 10,660,100,78.0,208.53375264252,81.77794221275295,41.375063331564
Samsung,NX 10,660,100,78.0,209.54388845464,82.1740739037804,41.388465692838
Samsung,NX 10,660,100,78.0,210.55402426676,82.57020559480785,41.401778085861
Samsung,NX 10,660,100,78.0,211.56416007888,82.9663372858353,41.415001474872
Samsung,NX 10,660,100,78.0,212.574295891,83.36246897686274,41.428136809629
Samsung,NX 10,660,100,78.0,213.58443170312,83.75860066789019,41.441185025686
Samsung,NX 10,660,100,78.0,214.59456751523,84.15473235891373,41.454147044675
Samsung,NX 10,660,100,78.0,215.60470332735,84.55086404994118,41.467023774572
Samsung,NX 10,660,100,78.0,216.61483913947,84.94699574096863,41.479816109957
Samsung,NX 10,660,100,78.0,217.62497495159,85.34312743199608,41.492524932275
Samsung,NX 10,660,100,78.0,218.63511076371,85.73925912302353,41.505151110085
Samsung,NX 10,660,100,78.0,219.64524657583,86.13539081405096,41.517695499302
Samsung,NX 10,660,100,78.0,220.65538238795,86.53152250507843,41.530158943439
Samsung,NX 10,660,100,78.0,221.66551820007,86.92765419610589,41.542542273838
Samsung,NX 10,660,100,78.0,222.67565401219,87.32378588713333,41.554846309897
Samsung,NX 10,660,100,78.0,223.68578982431,87.71991757816079,41.567071859296
Samsung,NX 10,660,100,78.0,224.69592563643,88.11604926918824,41.57921971821
Samsung,NX 10,660,100,78.0,225.70606144854,88.51218096021177,41.591290671526
Samsung,NX 10,660,100,78.0,226.71619726066,88.90831265123921,41.603285493046
Samsung,NX 10,660,100,78.0,227.72633307278,89.30444434226666,41.615204945693
Samsung,NX 10,660,100,78.0,228.7364688849,89.70057603329413,41.627049781709
Samsung,NX 10,660,100,78.0,229.74660469702,90.09670772432156,41.638820742845
Samsung,NX 10,660,100,78.0,230.75674050914,90.49283941534902,41.650518560557
Samsung,NX 10,660,100,78.0,231.76687632126,90.88897110637649,41.662143956187
Samsung,NX 10,660,100,78.0,232.77701213338,91.28510279740392,41.673697641144
Samsung,NX 10,660,100,78.0,233.7871479455,91.68123448843137,41.685180317083
Samsung,NX 10,660,100,78.0,234.79728375762,92.07736617945882,41.696592676076
Samsung,NX 10,660,100,78.0,235.80741956974,92.47349787048627,41.707935400785
Samsung,NX 10,660,100,78.0,236.81755538185,92.86962956150981,41.719209164625
Samsung,NX 10,660,100,78.0,237.82769119397,93.26576125253725,41.730414631925
Samsung,NX 10,660,100,78.0,238.83782700609,93.66189294356471,41.741552458092
Samsung,NX 10,660,100,78.0,239.84796281821,94.05802463459216,41.752623289758
Samsung,NX 10,660,100,78.0,240.85809863033,94.4541563256196,41.763627764942
Samsung,NX 10,660,100,78.0,241.86823444245,94.85028801664706,41.77456651319
Samsung,NX 10,660,100,78.0,242.87837025457,95.2464197076745,41.785440155725
Samsung,NX 10,660,100,78.0,243.88850606669,95.64255139870197,41.796249305587
Samsung,NX 10,660,100,78.0,244.89864187881,96.03868308972942,41.806994567775
Samsung,NX 10,660,100,78.0,245.90877769093,96.43481478075687,41.817676539383
Samsung,NX 10,660,100,78.0,246.91891350305,96.8309464717843,41.828295809731
Samsung,NX 10,660,100,78.0,247.92904931517,97.22707816281176,41.8388529605
Samsung,NX 10,660,100,78.0,248.93918512728,97.6232098538353,41.849348565856
Samsung,NX 10,660,100,78.0,249.9493209394,98.01934154486275,41.859783192578
Samsung,NX 10,660,100,78.0,250.95945675152,98.41547323589019,41.870157400182
Samsung,NX 10,660,100,78.0,251.96959256364,98.81160492691764,41.880471741037
Samsung,NX 10,660,100,78.0,252.97972837576,99.2077366179451,41.890726760489
Samsung,NX 10,660,100,78.0,253.98986418788,99.60386830897254,41.90092299697
Samsung,NX 10,660,100,78.0,255,100.0,41.911060982118
Samsung,NX 10,660,200,156.0,0.24624567189422,0.09656693015459608,0
Samsung,NX 10,660,200,156.0,0.24624567189422,0.09656693015459608,1.9286549331066E-15
Samsung,NX 10,660,200,156.0,0.39073019566366,0.15322752771123924,3.8197918759244
Samsung,NX 10,660,200,156.0,0.70548594575973,0.27666115519989415,8.5637269722776
Samsung,NX 10,660,200,156.0,1.3350291029166,0.5235408246731765,13.416652517227
Samsung,NX 10,660,200,156.0,2.4660469702214,0.9670772432240784,17.729681837238
Samsung,NX 10,660,200,156.0,3.4761827823405,1.3632089342511766,19.965865863183
Samsung,NX 10,660,200,156.0,4.4863185944596,1.7593406252782744,21.542682161465
Samsung,NX 10,660,200,156.0,5.4964544065787,2.1554723163053726,22.747366765497
Samsung,NX 10,660,200,156.0,6.5065902186978,2.551604007332471,23.715427840854
Samsung,NX 10,660,200,156.0,7.5167260308169,2.9477356983595686,24.520886694625
Samsung,NX 10,660,200,156.0,8.5268618429361,3.343867389386706,25.208305782521
Samsung,NX 10,660,200,156.0,9.5369976550552,3.739999080413804,25.806451651754
Samsung,NX 10,660,200,156.0,10.547133467174,4.136130771440784,26.334899959863
Samsung,NX 10,660,200,156.0,11.557269279293,4.532262462467843,26.807534688745
Samsung,NX 10,660,200,156.0,12.567405091413,4.928394153495294,27.234537104746
Samsung,NX 10,660,200,156.0,13.577540903532,5.324525844522353,27.623581365969
Samsung,NX 10,660,200,156.0,14.587676715651,5.720657535549412,27.980586825636
Samsung,NX 10,660,200,156.0,15.59781252777,6.11678922657647,28.310209762248
Samsung,NX 10,660,200,156.0,16.607948339889,6.512920917603529,28.616175318401
Samsung,NX 10,660,200,156.0,17.618084152008,6.909052608630588,28.901507859012
Samsung,NX 10,660,200,156.0,18.628219964127,7.305184299657647,29.168694720808
Samsung,NX 10,660,200,156.0,19.638355776246,7.701315990684707,29.419805089905
Samsung,NX 10,660,200,156.0,20.648491588365,8.097447681711765,29.656577924993
Samsung,NX 10,660,200,156.0,21.658627400485,8.493579372739216,29.880488073166
Samsung,NX 10,660,200,156.0,22.668763212604,8.889711063766274,30.092796731433
Samsung,NX 10,660,200,156.0,23.678899024723,9.285842754793332,30.294590479725
Samsung,NX 10,660,200,156.0,24.689034836842,9.681974445820392,30.486811842462
Samsung,NX 10,660,200,156.0,25.699170648961,10.078106136847452,30.670283483153
Samsung,NX 10,660,200,156.0,26.70930646108,10.474237827874509,30.845727553006
Samsung,NX 10,660,200,156.0,27.719442273199,10.870369518901569,31.013781308322
Samsung,NX 10,660,200,156.0,28.729578085318,11.266501209928627,31.17500982434
Samsung,NX 10,660,200,156.0,29.739713897437,11.662632900955685,31.329916427384
Samsung,NX 10,660,200,156.0,30.749849709557,12.058764591983136,31.478951317646
Samsung,NX 10,660,200,156.0,31.759985521676,12.454896283010196,31.622518745044
Samsung,NX 10,660,200,156.0,32.770121333795,12.851027974037255,31.760983018915
Samsung,NX 10,660,200,156.0,33.780257145914,13.247159665064315,31.894673570919
Samsung,NX 10,660,200,156.0,34.790392958033,13.643291356091375,32.023889244026
Samsung,NX 10,660,200,156.0,35.800528770152,14.039423047118433,32.148901944787
Samsung,NX 10,660,200,156.0,36.810664582271,14.435554738145493,32.269959768669
Samsung,NX 10,660,200,156.0,37.82080039439,14.831686429172548,32.387289686788
Samsung,NX 10,660,200,156.0,38.830936206509,15.227818120199608,32.501099865633
Samsung,NX 10,660,200,156.0,39.841072018629,15.623949811227059,32.611581678154
Samsung,NX 10,660,200,156.0,40.851207830748,16.02008150225412,32.718911454037
Samsung,NX 10,660,200,156.0,41.861343642867,16.416213193281177,32.82325200861
Samsung,NX 10,660,200,156.0,42.871479454986,16.812344884308235,32.924753983039
Samsung,NX 10,660,200,156.0,43.881615267105,17.208476575335293,33.023557023009
Samsung,NX 10,660,200,156.0,44.891751079224,17.604608266362355,33.119790818624
Samsung,NX 10,660,200,156.0,45.901886891343,18.00073995738941,33.213576024639
Samsung,NX 10,660,200,156.0,46.912022703462,18.39687164841647,33.305025077107
Samsung,NX 10,660,200,156.0,47.922158515582,18.79300333944392,33.394242920115
Samsung,NX 10,660,200,156.0,48.932294327701,19.18913503047098,33.481327654179
Samsung,NX 10,660,200,156.0,49.94243013982,19.585266721498037,33.566371116194
Samsung,NX 10,660,200,156.0,50.952565951939,19.9813984125251,33.649459399418
Samsung,NX 10,660,200,156.0,51.962701764058,20.377530103552154,33.730673320749
Samsung,NX 10,660,200,156.0,52.972837576177,20.773661794579215,33.81008884157
Samsung,NX 10,660,200,156.0,53.982973388296,21.169793485606274,33.88777744757
Samsung,NX 10,660,200,156.0,54.993109200415,21.565925176633332,33.963806492248
Samsung,NX 10,660,200,156.0,56.003245012534,21.962056867660394,34.038239508168
Samsung,NX 10,660,200,156.0,57.013380824654,22.358188558687843,34.111136489527
Samsung,NX 10,660,200,156.0,58.023516636773,22.754320249714905,34.182554149148
Samsung,NX 10,660,200,156.0,59.033652448892,23.150451940741963,34.252546152611
Samsung,NX 10,660,200,156.0,60.043788261011,23.546583631769018,34.321163331928
Samsung,NX 10,660,200,156.0,61.05392407313,23.942715322796076,34.38845388085
Samsung,NX 10,660,200,156.0,62.064059885249,24.338847013823138,34.454463533678
Samsung,NX 10,660,200,156.0,63.074195697368,24.734978704850192,34.519235729211
Samsung,NX 10,660,200,156.0,64.084331509487,25.131110395877254,34.582811761291
Samsung,NX 10,660,200,156.0,65.094467321607,25.527242086904707,34.645230917227
Samsung,NX 10,660,200,156.0,66.104603133726,25.92337377793176,34.706530605268
Samsung,NX 10,660,200,156.0,67.114738945845,26.319505468958827,34.766746472118
Samsung,NX 10,660,200,156.0,68.124874757964,26.715637159985878,34.825912511438
Samsung,NX 10,660,200,156.0,69.135010570083,27.11176885101294,34.884061164136
Samsung,NX 10,660,200,156.0,70.145146382202,27.507900542039998,34.941223411175
Samsung,NX 10,660,200,156.0,71.155282194321,27.90403223306706,34.997428859572
Samsung,NX 10,660,200,156.0,72.16541800644,28.300163924094118,35.052705822162
Samsung,NX 10,660,200,156.0,73.175553818559,28.696295615121176,35.107081391677
Samsung,NX 10,660,200,156.0,74.185689630679,29.09242730614863,35.1605815096
Samsung,NX 10,660,200,156.0,75.195825442798,29.488558997175684,35.213231030247
Samsung,NX 10,660,200,156.0,76.205961254917,29.88469068820275,35.265053780455
Samsung,NX 10,660,200,156.0,77.216097067036,30.280822379229804,35.316072615242
Samsung,NX 10,660,200,156.0,78.226232879155,30.67695407025687,35.366309469751
Samsung,NX 10,660,200,156.0,79.236368691274,31.07308576128392,35.415785407779
Samsung,NX 10,660,200,156.0,80.246504503393,31.469217452310982,35.46452066715
Samsung,NX 10,660,200,156.0,81.256640315512,31.86534914333804,35.512534702183
Samsung,NX 10,660,200,156.0,82.266776127632,32.26148083436549,35.559846223466
Samsung,NX 10,660,200,156.0,83.276911939751,32.65761252539255,35.606473235143
Samsung,NX 10,660,200,156.0,84.28704775187,33.05374421641961,35.6524330699
Samsung,NX 10,660,200,156.0,85.297183563989,33.44987590744666,35.697742421813
Samsung,NX 10,660,200,156.0,86.307319376108,33.846007598473726,35.742417377215
Samsung,NX 10,660,200,156.0,87.317455188227,34.242139289500784,35.786473443727
Samsung,NX 10,660,200,156.0,88.327591000346,34.63827098052785,35.829925577574
Samsung,NX 10,660,200,156.0,89.337726812465,35.0344026715549,35.872788209316
Samsung,NX 10,660,200,156.0,90.347862624584,35.43053436258196,35.915075268093
Samsung,NX 10,660,200,156.0,91.357998436704,35.82666605360941,35.956800204496
Samsung,NX 10,660,200,156.0,92.368134248823,36.22279774463647,35.997976012146
Samsung,NX 10,660,200,156.0,93.378270060942,36.618929435663524,36.038615248075
Samsung,NX 10,660,200,156.0,94.388405873061,37.01506112669059,36.078730051986
Samsung,NX 10,660,200,156.0,95.39854168518,37.41119281771765,36.118332164461
Samsung,NX 10,660,200,156.0,96.408677497299,37.807324508744706,36.15743294419
Samsung,NX 10,660,200,156.0,97.418813309418,38.203456199771765,36.196043384287
Samsung,NX 10,660,200,156.0,98.428949121537,38.59958789079882,36.234174127735
Samsung,NX 10,660,200,156.0,99.439084933657,38.99571958182628,36.271835482032
Samsung,NX 10,660,200,156.0,100.44922074578,39.3918512728549,36.309037433084
Samsung,NX 10,660,200,156.0,101.45935655789,39.787982963878434,36.345789658377
Samsung,NX 10,660,200,156.0,102.46949237001,40.18411465490588,36.382101539489
Samsung,NX 10,660,200,156.0,103.47962818213,40.58024634593333,36.41798217398
Samsung,NX 10,660,200,156.0,104.48976399425,40.97637803696078,36.453440386679
Samsung,NX 10,660,200,156.0,105.49989980637,41.37250972798823,36.488484740428
Samsung,NX 10,660,200,156.0,106.51003561849,41.76864141901569,36.523123546297
Samsung,NX 10,660,200,156.0,107.52017143061,42.16477311004314,36.55736487331
Samsung,NX 10,660,200,156.0,108.53030724273,42.560904801070585,36.591216557706
Samsung,NX 10,660,200,156.0,109.54044305485,42.95703649209804,36.624686211759
Samsung,NX 10,660,200,156.0,110.55057886697,43.35316818312549,36.657781232189
Samsung,NX 10,660,200,156.0,111.56071467909,43.74929987415294,36.69050880818
Samsung,NX 10,660,200,156.0,112.57085049121,44.145431565180395,36.722875929032
Samsung,NX 10,660,200,156.0,113.58098630332,44.54156325620392,36.75488939146
Samsung,NX 10,660,200,156.0,114.59112211544,44.93769494723137,36.786555806566
Samsung,NX 10,660,200,156.0,115.60125792756,45.33382663825882,36.817881606502
Samsung,NX 10,660,200,156.0,116.61139373968,45.729958329286276,36.848873050829
Samsung,NX 10,660,200,156.0,117.6215295518,46.126090020313725,36.879536232605
Samsung,NX 10,660,200,156.0,118.63166536392,46.522221711341174,36.909877084202
Samsung,NX 10,660,200,156.0,119.64180117604,46.91835340236863,36.939901382873
Samsung,NX 10,660,200,156.0,120.65193698816,47.31448509339608,36.969614756084
Samsung,NX 10,660,200,156.0,121.66207280028,47.71061678442353,36.999022686614
Samsung,NX 10,660,200,156.0,122.6722086124,48.10674847545098,37.02813051744
Samsung,NX 10,660,200,156.0,123.68234442452,48.50288016647843,37.056943456426
Samsung,NX 10,660,200,156.0,124.69248023663,48.89901185750196,37.085466580806
Samsung,NX 10,660,200,156.0,125.70261604875,49.29514354852941,37.113704841493
Samsung,NX 10,660,200,156.0,126.71275186087,49.691275239556866,37.141663067204
Samsung,NX 10,660,200,156.0,127.72288767299,50.08740693058431,37.169345968427
Samsung,NX 10,660,200,156.0,128.73302348511,50.48353862161177,37.196758141218
Samsung,NX 10,660,200,156.0,129.74315929723,50.87967031263921,37.223904070858
Samsung,NX 10,660,200,156.0,130.75329510935,51.27580200366667,37.250788135357
Samsung,NX 10,660,200,156.0,131.76343092147,51.67193369469412,37.277414608826
Samsung,NX 10,660,200,156.0,132.77356673359,52.068065385721575,37.303787664714
Samsung,NX 10,660,200,156.0,133.78370254571,52.464197076749016,37.329911378923
Samsung,NX 10,660,200,156.0,134.79383835783,52.860328767776465,37.355789732803
Samsung,NX 10,660,200,156.0,135.80397416994,53.25646045880001,37.381426616033
Samsung,NX 10,660,200,156.0,136.81410998206,53.65259214982745,37.406825829392
Samsung,NX 10,660,200,156.0,137.82424579418,54.048723840854905,37.43199108743
Samsung,NX 10,660,200,156.0,138.8343816063,54.44485553188236,37.456926021034
Samsung,NX 10,660,200,156.0,139.84451741842,54.840987222909796,37.481634179904
Samsung,NX 10,660,200,156.0,140.85465323054,55.23711891393725,37.506119034939
Samsung,NX 10,660,200,156.0,141.86478904266,55.6332506049647,37.530383980531
Samsung,NX 10,660,200,156.0,142.87492485478,56.02938229599216,37.55443233678
Samsung,NX 10,660,200,156.0,143.8850606669,56.425513987019606,37.578267351633
Samsung,NX 10,660,200,156.0,144.89519647902,56.82164567804706,37.601892202935
Samsung,NX 10,660,200,156.0,145.90533229114,57.21777736907452,37.625310000424
Samsung,NX 10,660,200,156.0,146.91546810325,57.61390906009803,37.648523787643
Samsung,NX 10,660,200,156.0,147.92560391537,58.010040751125494,37.671536543788
Samsung,NX 10,660,200,156.0,148.93573972749,58.406172442152936,37.694351185498
Samsung,NX 10,660,200,156.0,149.94587553961,58.80230413318039,37.716970568578
Samsung,NX 10,660,200,156.0,150.95601135173,59.19843582420785,37.739397489663
Samsung,NX 10,660,200,156.0,151.96614716385,59.5945675152353,37.76163468783
Samsung,NX 10,660,200,156.0,152.97628297597,59.99069920626275,37.783684846149
Samsung,NX 10,660,200,156.0,153.98641878809,60.38683089729019,37.80555059319
Samsung,NX 10,660,200,156.0,154.99655460021,60.782962588317645,37.827234504472
Samsung,NX 10,660,200,156.0,156.00669041233,61.179094279345094,37.848739103872
Samsung,NX 10,660,200,156.0,157.01682622445,61.57522597037255,37.87006686498
Samsung,NX 10,660,200,156.0,158.02696203656,61.97135766139608,37.891220212417
Samsung,NX 10,660,200,156.0,159.03709784868,62.36748935242352,37.912201523104
Samsung,NX 10,660,200,156.0,160.0472336608,62.76362104345098,37.933013127495
Samsung,NX 10,660,200,156.0,161.05736947292,63.159752734478424,37.95365731077
Samsung,NX 10,660,200,156.0,162.06750528504,63.55588442550588,37.974136313985
Samsung,NX 10,660,200,156.0,163.07764109716,63.952016116533336,37.994452335193
Samsung,NX 10,660,200,156.0,164.08777690928,64.34814780756078,38.014607530525
Samsung,NX 10,660,200,156.0,165.0979127214,64.74427949858824,38.034604015237
Samsung,NX 10,660,200,156.0,166.10804853352,65.14041118961569,38.054443864732
Samsung,NX 10,660,200,156.0,167.11818434564,65.53654288064314,38.074129115538
Samsung,NX 10,660,200,156.0,168.12832015776,65.93267457167057,38.093661766265
Samsung,NX 10,660,200,156.0,169.13845596987,66.32880626269412,38.113043778535
Samsung,NX 10,660,200,156.0,170.14859178199,66.72493795372158,38.132277077871
Samsung,NX 10,660,200,156.0,171.15872759411,67.12106964474901,38.151363554579
Samsung,NX 10,660,200,156.0,172.16886340623,67.51720133577646,38.170305064581
Samsung,NX 10,660,200,156.0,173.17899921835,67.91333302680391,38.189103430244
Samsung,NX 10,660,200,156.0,174.18913503047,68.30946471783137,38.207760441169
Samsung,NX 10,660,200,156.0,175.19927084259,68.70559640885882,38.226277854968
Samsung,NX 10,660,200,156.0,176.20940665471,69.10172809988627,38.24465739801
Samsung,NX 10,660,200,156.0,177.21954246683,69.49785979091374,38.262900766151
Samsung,NX 10,660,200,156.0,178.22967827895,69.89399148194117,38.281009625438
Samsung,NX 10,660,200,156.0,179.23981409107,70.29012317296863,38.298985612798
Samsung,NX 10,660,200,156.0,180.24994990319,70.68625486399607,38.316830336707
Samsung,NX 10,660,200,156.0,181.2600857153,71.08238655501961,38.334545377832
Samsung,NX 10,660,200,156.0,182.27022152742,71.47851824604706,38.352132289665
Samsung,NX 10,660,200,156.0,183.28035733954,71.87464993707451,38.369592599135
Samsung,NX 10,660,200,156.0,184.29049315166,72.27078162810197,38.3869278072
Samsung,NX 10,660,200,156.0,185.30062896378,72.66691331912942,38.404139389431
Samsung,NX 10,660,200,156.0,186.3107647759,73.06304501015686,38.421228796567
Samsung,NX 10,660,200,156.0,187.32090058802,73.45917670118432,38.438197455071
Samsung,NX 10,660,200,156.0,188.33103640014,73.85530839221175,38.455046767652
Samsung,NX 10,660,200,156.0,189.34117221226,74.25144008323922,38.471778113794
Samsung,NX 10,660,200,156.0,190.35130802438,74.64757177426667,38.488392850248
Samsung,NX 10,660,200,156.0,191.3614438365,75.04370346529412,38.504892311532
Samsung,NX 10,660,200,156.0,192.37157964861,75.43983515631764,38.521277810404
Samsung,NX 10,660,200,156.0,193.38171546073,75.83596684734509,38.537550638324
Samsung,NX 10,660,200,156.0,194.39185127285,76.23209853837255,38.553712065912
Samsung,NX 10,660,200,156.0,195.40198708497,76.6282302294,38.569763343383
Samsung,NX 10,660,200,156.0,196.41212289709,77.02436192042745,38.585705700978
Samsung,NX 10,660,200,156.0,197.42225870921,77.42049361145492,38.601540349383
Samsung,NX 10,660,200,156.0,198.43239452133,77.81662530248235,38.617268480133
Samsung,NX 10,660,200,156.0,199.44253033345,78.2127569935098,38.632891266009
Samsung,NX 10,660,200,156.0,200.45266614557,78.60888868453725,38.648409861427
Samsung,NX 10,660,200,156.0,201.46280195769,79.00502037556471,38.663825402808
Samsung,NX 10,660,200,156.0,202.47293776981,79.40115206659215,38.679139008954
Samsung,NX 10,660,200,156.0,203.48307358192,79.79728375761569,38.694351781396
Samsung,NX 10,660,200,156.0,204.49320939404,80.19341544864314,38.70946480475
Samsung,NX 10,660,200,156.0,205.50334520616,80.58954713967059,38.72447914705
Samsung,NX 10,660,200,156.0,206.51348101828,80.98567883069803,38.739395860086
Samsung,NX 10,660,200,156.0,207.5236168304,81.38181052172548,38.754215979724
Samsung,NX 10,660,200,156.0,208.53375264252,81.77794221275295,38.76894052622
Samsung,NX 10,660,200,156.0,209.54388845464,82.1740739037804,38.78357050453
Samsung,NX 10,660,200,156.0,210.55402426676,82.57020559480785,38.798106904609
Samsung,NX 10,660,200,156.0,211.56416007888,82.9663372858353,38.812550701701
Samsung,NX 10,660,200,156.0,212.574295891,83.36246897686274,38.82690285663
Samsung,NX 10,660,200,156.0,213.58443170312,83.75860066789019,38.841164316077
Samsung,NX 10,660,200,156.0,214.59456751523,84.15473235891373,38.855336012846
Samsung,NX 10,660,200,156.0,215.60470332735,84.55086404994118,38.869418866141
Samsung,NX 10,660,200,156.0,216.61483913947,84.94699574096863,38.883413781813
Samsung,NX 10,660,200,156.0,217.62497495159,85.34312743199608,38.897321652624
Samsung,NX 10,660,200,156.0,218.63511076371,85.73925912302353,38.911143358487
Samsung,NX 10,660,200,156.0,219.64524657583,86.13539081405096,38.924879766709
Samsung,NX 10,660,200,156.0,220.65538238795,86.53152250507843,38.938531732231
Samsung,NX 10,660,200,156.0,221.66551820007,86.92765419610589,38.952100097853
Samsung,NX 10,660,200,156.0,222.67565401219,87.32378588713333,38.96558569446
Samsung,NX 10,660,200,156.0,223.68578982431,87.71991757816079,38.978989341247
Samsung,NX 10,660,200,156.0,224.69592563643,88.11604926918824,38.992311845926
Samsung,NX 10,660,200,156.0,225.70606144854,88.51218096021177,39.005554004943
Samsung,NX 10,660,200,156.0,226.71619726066,88.90831265123921,39.018716603678
Samsung,NX 10,660,200,156.0,227.72633307278,89.30444434226666,39.03180041665
Samsung,NX 10,660,200,156.0,228.7364688849,89.70057603329413,39.044806207711
Samsung,NX 10,660,200,156.0,229.74660469702,90.09670772432156,39.057734730236
Samsung,NX 10,660,200,156.0,230.75674050914,90.49283941534902,39.070586727314
Samsung,NX 10,660,200,156.0,231.76687632126,90.88897110637649,39.083362931928
Samsung,NX 10,660,200,156.0,232.77701213338,91.28510279740392,39.096064067138
Samsung,NX 10,660,200,156.0,233.7871479455,91.68123448843137,39.108690846252
Samsung,NX 10,660,200,156.0,234.79728375762,92.07736617945882,39.121243973002
Samsung,NX 10,660,200,156.0,235.80741956974,92.47349787048627,39.133724141709
Samsung,NX 10,660,200,156.0,236.81755538185,92.86962956150981,39.146132037445
Samsung,NX 10,660,200,156.0,237.82769119397,93.26576125253725,39.1584683362
Samsung,NX 10,660,200,156.0,238.83782700609,93.66189294356471,39.170733705034
Samsung,NX 10,660,200,156.0,239.84796281821,94.05802463459216,39.182928802232
Samsung,NX 10,660,200,156.0,240.85809863033,94.4541563256196,39.195054277454
Samsung,NX 10,660,200,156.0,241.86823444245,94.85028801664706,39.207110771885
Samsung,NX 10,660,200,156.0,242.87837025457,95.2464197076745,39.219098918375
Samsung,NX 10,660,200,156.0,243.88850606669,95.64255139870197,39.231019341585
Samsung,NX 10,660,200,156.0,244.89864187881,96.03868308972942,39.242872658121
Samsung,NX 10,660,200,156.0,245.90877769093,96.43481478075687,39.254659476671
Samsung,NX 10,660,200,156.0,246.91891350305,96.8309464717843,39.266380398137
Samsung,NX 10,660,200,156.0,247.92904931517,97.22707816281176,39.278036015768
Samsung,NX 10,660,200,156.0,248.93918512728,97.6232098538353,39.289626915281
Samsung,NX 10,660,200,156.0,249.9493209394,98.01934154486275,39.30115367499
Samsung,NX 10,660,200,156.0,250.95945675152,98.41547323589019,39.312616865928
Samsung,NX 10,660,200,156.0,251.96959256364,98.81160492691764,39.324017051963
Samsung,NX 10,660,200,156.0,252.97972837576,99.2077366179451,39.33535478992
Samsung,NX 10,660,200,156.0,253.98986418788,99.60386830897254,39.346630629692
Samsung,NX 10,660,200,156.0,255,100.0,39.357845114351
Samsung,NX 10,660,400,319.0,0.39073019566366,0.15322752771123924,0
Samsung,NX 10,660,400,319.0,0.39073019566366,0.15322752771123924,1.9286549331066E-15
Samsung,NX 10,660,400,319.0,0.70548594575973,0.27666115519989415,4.7967313214706
Samsung,NX 10,660,400,319.0,1.3350291029166,0.5235408246731765,9.7339993498223
Samsung,NX 10,660,400,319.0,2.4660469702214,0.9670772432240784,14.153185952301
Samsung,NX 10,660,400,319.0,3.4761827823405,1.3632089342511766,16.455173373303
Samsung,NX 10,660,400,319.0,4.4863185944596,1.7593406252782744,18.081551728207
Samsung,NX 10,660,400,319.0,5.4964544065787,2.1554723163053726,19.325171573412
Samsung,NX 10,660,400,319.0,6.5065902186978,2.551604007332471,20.324832918587
Samsung,NX 10,660,400,319.0,7.5167260308169,2.9477356983595686,21.156614994906
Samsung,NX 10,660,400,319.0,8.5268618429361,3.343867389386706,21.866432985814
Samsung,NX 10,660,400,319.0,9.5369976550552,3.739999080413804,22.483979250503
Samsung,NX 10,660,400,319.0,10.547133467174,4.136130771440784,23.029484470412
Samsung,NX 10,660,400,319.0,11.557269279293,4.532262462467843,23.517309136423
Samsung,NX 10,660,400,319.0,12.567405091413,4.928394153495294,23.957989454541
Samsung,NX 10,660,400,319.0,13.577540903532,5.324525844522353,24.359469405743
Samsung,NX 10,660,400,319.0,14.587676715651,5.720657535549412,24.727877126594
Samsung,NX 10,660,400,319.0,15.59781252777,6.11678922657647,25.068032980737
Samsung,NX 10,660,400,319.0,16.607948339889,6.512920917603529,25.38379285566
Samsung,NX 10,660,400,319.0,17.618084152008,6.909052608630588,25.678286582846
Samsung,NX 10,660,400,319.0,18.628219964127,7.305184299657647,25.95408751763
Samsung,NX 10,660,400,319.0,19.638355776246,7.701315990684707,26.213335704499
Samsung,NX 10,660,400,319.0,20.648491588365,8.097447681711765,26.457829001443
Samsung,NX 10,660,400,319.0,21.658627400485,8.493579372739216,26.689091618646
Samsung,NX 10,660,400,319.0,22.668763212604,8.889711063766274,26.908426436705
Samsung,NX 10,660,400,319.0,23.678899024723,9.285842754793332,27.116955478783
Samsung,NX 10,660,400,319.0,24.689034836842,9.681974445820392,27.31565159934
Samsung,NX 10,660,400,319.0,25.699170648961,10.078106136847452,27.50536357009
Samsung,NX 10,660,400,319.0,26.70930646108,10.474237827874509,27.686836139761
Samsung,NX 10,660,400,319.0,27.719442273199,10.870369518901569,27.86072622356
Samsung,NX 10,660,400,319.0,28.729578085318,11.266501209928627,28.027616080748
Samsung,NX 10,660,400,319.0,29.739713897437,11.662632900955685,28.18802412537
Samsung,NX 10,660,400,319.0,30.749849709557,12.058764591983136,28.342413860176
Samsung,NX 10,660,400,319.0,31.759985521676,12.454896283010196,28.491201309797
Samsung,NX 10,660,400,319.0,32.770121333795,12.851027974037255,28.634761244475
Samsung,NX 10,660,400,319.0,33.780257145914,13.247159665064315,28.773432422007
Samsung,NX 10,660,400,319.0,34.790392958033,13.643291356091375,28.907522027243
Samsung,NX 10,660,400,319.0,35.800528770152,14.039423047118433,29.037309451543
Samsung,NX 10,660,400,319.0,36.810664582271,14.435554738145493,29.163049526058
Samsung,NX 10,660,400,319.0,37.82080039439,14.831686429172548,29.28497530048
Samsung,NX 10,660,400,319.0,38.830936206509,15.227818120199608,29.403300441559
Samsung,NX 10,660,400,319.0,39.841072018629,15.623949811227059,29.518221311886
Samsung,NX 10,660,400,319.0,40.851207830748,16.02008150225412,29.629918778576
Samsung,NX 10,660,400,319.0,41.861343642867,16.416213193281177,29.73855979274
Samsung,NX 10,660,400,319.0,42.871479454986,16.812344884308235,29.844298773602
Samsung,NX 10,660,400,319.0,43.881615267105,17.208476575335293,29.947278825455
Samsung,NX 10,660,400,319.0,44.891751079224,17.604608266362355,30.047632811029
Samsung,NX 10,660,400,319.0,45.901886891343,18.00073995738941,30.145484301048
Samsung,NX 10,660,400,319.0,46.912022703462,18.39687164841647,30.240948416688
Samsung,NX 10,660,400,319.0,47.922158515582,18.79300333944392,30.334132579044
Samsung,NX 10,660,400,319.0,48.932294327701,19.18913503047098,30.425137177626
Samsung,NX 10,660,400,319.0,49.94243013982,19.585266721498037,30.514056168128
Samsung,NX 10,660,400,319.0,50.952565951939,19.9813984125251,30.600977608229
Samsung,NX 10,660,400,319.0,51.962701764058,20.377530103552154,30.68598413896
Samsung,NX 10,660,400,319.0,52.972837576177,20.773661794579215,30.769153418111
Samsung,NX 10,660,400,319.0,53.982973388296,21.169793485606274,30.850558511301
Samsung,NX 10,660,400,319.0,54.993109200415,21.565925176633332,30.930268245541
Samsung,NX 10,660,400,319.0,56.003245012534,21.962056867660394,31.008347529537
Samsung,NX 10,660,400,319.0,57.013380824654,22.358188558687843,31.084857644387
Samsung,NX 10,660,400,319.0,58.023516636773,22.754320249714905,31.159856507902
Samsung,NX 10,660,400,319.0,59.033652448892,23.150451940741963,31.233398915353
Samsung,NX 10,660,400,319.0,60.043788261011,23.546583631769018,31.305536759129
Samsung,NX 10,660,400,319.0,61.05392407313,23.942715322796076,31.376319229463
Samsung,NX 10,660,400,319.0,62.064059885249,24.338847013823138,31.445792998158
Samsung,NX 10,660,400,319.0,63.074195697368,24.734978704850192,31.514002387007
Samsung,NX 10,660,400,319.0,64.084331509487,25.131110395877254,31.580989522397
Samsung,NX 10,660,400,319.0,65.094467321607,25.527242086904707,31.646794477447
Samsung,NX 10,660,400,319.0,66.104603133726,25.92337377793176,31.711455402857
Samsung,NX 10,660,400,319.0,67.114738945845,26.319505468958827,31.775008647516
Samsung,NX 10,660,400,319.0,68.124874757964,26.715637159985878,31.837488869836
Samsung,NX 10,660,400,319.0,69.135010570083,27.11176885101294,31.89892914063
Samsung,NX 10,660,400,319.0,70.145146382202,27.507900542039998,31.959361038299
Samsung,NX 10,660,400,319.0,71.155282194321,27.90403223306706,32.01881473702
Samsung,NX 10,660,400,319.0,72.16541800644,28.300163924094118,32.077319088517
Samsung,NX 10,660,400,319.0,73.175553818559,28.696295615121176,32.134901697989
Samsung,NX 10,660,400,319.0,74.185689630679,29.09242730614863,32.191588994674
Samsung,NX 10,660,400,319.0,75.195825442798,29.488558997175684,32.247406297502
Samsung,NX 10,660,400,319.0,76.205961254917,29.88469068820275,32.302377876238
Samsung,NX 10,660,400,319.0,77.216097067036,30.280822379229804,32.356527008488
Samsung,NX 10,660,400,319.0,78.226232879155,30.67695407025687,32.409876032889
Samsung,NX 10,660,400,319.0,79.236368691274,31.07308576128392,32.462446398788
Samsung,NX 10,660,400,319.0,80.246504503393,31.469217452310982,32.514258712693
Samsung,NX 10,660,400,319.0,81.256640315512,31.86534914333804,32.565332781724
Samsung,NX 10,660,400,319.0,82.266776127632,32.26148083436549,32.615687654319
Samsung,NX 10,660,400,319.0,83.276911939751,32.65761252539255,32.665341658378
Samsung,NX 10,660,400,319.0,84.28704775187,33.05374421641961,32.714312437047
Samsung,NX 10,660,400,319.0,85.297183563989,33.44987590744666,32.76261698231
Samsung,NX 10,660,400,319.0,86.307319376108,33.846007598473726,32.810271666556
Samsung,NX 10,660,400,319.0,87.317455188227,34.242139289500784,32.857292272251
Samsung,NX 10,660,400,319.0,88.327591000346,34.63827098052785,32.903694019867
Samsung,NX 10,660,400,319.0,89.337726812465,35.0344026715549,32.949491594172
Samsung,NX 10,660,400,319.0,90.347862624584,35.43053436258196,32.994699169012
Samsung,NX 10,660,400,319.0,91.357998436704,35.82666605360941,33.03933043067
Samsung,NX 10,660,400,319.0,92.368134248823,36.22279774463647,33.083398599918
Samsung,NX 10,660,400,319.0,93.378270060942,36.618929435663524,33.126916452823
Samsung,NX 10,660,400,319.0,94.388405873061,37.01506112669059,33.169896340426
Samsung,NX 10,660,400,319.0,95.39854168518,37.41119281771765,33.212350207327
Samsung,NX 10,660,400,319.0,96.408677497299,37.807324508744706,33.254289609277
Samsung,NX 10,660,400,319.0,97.418813309418,38.203456199771765,33.295725729829
Samsung,NX 10,660,400,319.0,98.428949121537,38.59958789079882,33.336669396108
Samsung,NX 10,660,400,319.0,99.439084933657,38.99571958182628,33.377131093753
Samsung,NX 10,660,400,319.0,100.44922074578,39.3918512728549,33.41712098109
Samsung,NX 10,660,400,319.0,101.45935655789,39.787982963878434,33.456648902576
Samsung,NX 10,660,400,319.0,102.46949237001,40.18411465490588,33.495724401561
Samsung,NX 10,660,400,319.0,103.47962818213,40.58024634593333,33.534356732406
Samsung,NX 10,660,400,319.0,104.48976399425,40.97637803696078,33.572554872008
Samsung,NX 10,660,400,319.0,105.49989980637,41.37250972798823,33.610327530746
Samsung,NX 10,660,400,319.0,106.51003561849,41.76864141901569,33.647683162896
Samsung,NX 10,660,400,319.0,107.52017143061,42.16477311004314,33.68462997655
Samsung,NX 10,660,400,319.0,108.53030724273,42.560904801070585,33.721175943052
Samsung,NX 10,660,400,319.0,109.54044305485,42.95703649209804,33.757328805989
Samsung,NX 10,660,400,319.0,110.55057886697,43.35316818312549,33.793096089762
Samsung,NX 10,660,400,319.0,111.56071467909,43.74929987415294,33.828485107755
Samsung,NX 10,660,400,319.0,112.57085049121,44.145431565180395,33.863502970133
Samsung,NX 10,660,400,319.0,113.58098630332,44.54156325620392,33.898156591276
Samsung,NX 10,660,400,319.0,114.59112211544,44.93769494723137,33.93245269688
Samsung,NX 10,660,400,319.0,115.60125792756,45.33382663825882,33.966397830743
Samsung,NX 10,660,400,319.0,116.61139373968,45.729958329286276,33.999998361246
Samsung,NX 10,660,400,319.0,117.6215295518,46.126090020313725,34.033260487543
Samsung,NX 10,660,400,319.0,118.63166536392,46.522221711341174,34.066190245493
Samsung,NX 10,660,400,319.0,119.64180117604,46.91835340236863,34.098793513323
Samsung,NX 10,660,400,319.0,120.65193698816,47.31448509339608,34.131076017053
Samsung,NX 10,660,400,319.0,121.66207280028,47.71061678442353,34.163043335692
Samsung,NX 10,660,400,319.0,122.6722086124,48.10674847545098,34.194700906209
Samsung,NX 10,660,400,319.0,123.68234442452,48.50288016647843,34.226054028302
Samsung,NX 10,660,400,319.0,124.69248023663,48.89901185750196,34.257107868963
Samsung,NX 10,660,400,319.0,125.70261604875,49.29514354852941,34.287867466858
Samsung,NX 10,660,400,319.0,126.71275186087,49.691275239556866,34.31833773653
Samsung,NX 10,660,400,319.0,127.72288767299,50.08740693058431,34.348523472429
Samsung,NX 10,660,400,319.0,128.73302348511,50.48353862161177,34.378429352776
Samsung,NX 10,660,400,319.0,129.74315929723,50.87967031263921,34.408059943283
Samsung,NX 10,660,400,319.0,130.75329510935,51.27580200366667,34.437419700718
Samsung,NX 10,660,400,319.0,131.76343092147,51.67193369469412,34.466512976329
Samsung,NX 10,660,400,319.0,132.77356673359,52.068065385721575,34.495344019142
Samsung,NX 10,660,400,319.0,133.78370254571,52.464197076749016,34.523916979125
Samsung,NX 10,660,400,319.0,134.79383835783,52.860328767776465,34.552235910233
Samsung,NX 10,660,400,319.0,135.80397416994,53.25646045880001,34.580304773337
Samsung,NX 10,660,400,319.0,136.81410998206,53.65259214982745,34.608127439041
Samsung,NX 10,660,400,319.0,137.82424579418,54.048723840854905,34.635707690394
Samsung,NX 10,660,400,319.0,138.8343816063,54.44485553188236,34.663049225506
Samsung,NX 10,660,400,319.0,139.84451741842,54.840987222909796,34.690155660056
Samsung,NX 10,660,400,319.0,140.85465323054,55.23711891393725,34.717030529719
Samsung,NX 10,660,400,319.0,141.86478904266,55.6332506049647,34.7436772925
Samsung,NX 10,660,400,319.0,142.87492485478,56.02938229599216,34.770099330984
Samsung,NX 10,660,400,319.0,143.8850606669,56.425513987019606,34.796299954502
Samsung,NX 10,660,400,319.0,144.89519647902,56.82164567804706,34.822282401226
Samsung,NX 10,660,400,319.0,145.90533229114,57.21777736907452,34.848049840188
Samsung,NX 10,660,400,319.0,146.91546810325,57.61390906009803,34.873605373224
Samsung,NX 10,660,400,319.0,147.92560391537,58.010040751125494,34.898952036852
Samsung,NX 10,660,400,319.0,148.93573972749,58.406172442152936,34.92409280409
Samsung,NX 10,660,400,319.0,149.94587553961,58.80230413318039,34.949030586204
Samsung,NX 10,660,400,319.0,150.95601135173,59.19843582420785,34.973768234401
Samsung,NX 10,660,400,319.0,151.96614716385,59.5945675152353,34.998308541462
Samsung,NX 10,660,400,319.0,152.97628297597,59.99069920626275,35.022654243322
Samsung,NX 10,660,400,319.0,153.98641878809,60.38683089729019,35.046808020594
Samsung,NX 10,660,400,319.0,154.99655460021,60.782962588317645,35.070772500047
Samsung,NX 10,660,400,319.0,156.00669041233,61.179094279345094,35.094550256031
Samsung,NX 10,660,400,319.0,157.01682622445,61.57522597037255,35.118143811855
Samsung,NX 10,660,400,319.0,158.02696203656,61.97135766139608,35.141555641125
Samsung,NX 10,660,400,319.0,159.03709784868,62.36748935242352,35.164788169031
Samsung,NX 10,660,400,319.0,160.0472336608,62.76362104345098,35.187843773601
Samsung,NX 10,660,400,319.0,161.05736947292,63.159752734478424,35.210724786909
Samsung,NX 10,660,400,319.0,162.06750528504,63.55588442550588,35.233433496242
Samsung,NX 10,660,400,319.0,163.07764109716,63.952016116533336,35.255972145243
Samsung,NX 10,660,400,319.0,164.08777690928,64.34814780756078,35.278342934999
Samsung,NX 10,660,400,319.0,165.0979127214,64.74427949858824,35.300548025116
Samsung,NX 10,660,400,319.0,166.10804853352,65.14041118961569,35.322589534741
Samsung,NX 10,660,400,319.0,167.11818434564,65.53654288064314,35.344469543566
Samsung,NX 10,660,400,319.0,168.12832015776,65.93267457167057,35.366190092796
Samsung,NX 10,660,400,319.0,169.13845596987,66.32880626269412,35.38775318609
Samsung,NX 10,660,400,319.0,170.14859178199,66.72493795372158,35.409160790467
Samsung,NX 10,660,400,319.0,171.15872759411,67.12106964474901,35.430414837194
Samsung,NX 10,660,400,319.0,172.16886340623,67.51720133577646,35.451517222642
Samsung,NX 10,660,400,319.0,173.17899921835,67.91333302680391,35.472469809115
Samsung,NX 10,660,400,319.0,174.18913503047,68.30946471783137,35.493274425662
Samsung,NX 10,660,400,319.0,175.19927084259,68.70559640885882,35.513932868854
Samsung,NX 10,660,400,319.0,176.20940665471,69.10172809988627,35.534446903548
Samsung,NX 10,660,400,319.0,177.21954246683,69.49785979091374,35.554818263625
Samsung,NX 10,660,400,319.0,178.22967827895,69.89399148194117,35.575048652707
Samsung,NX 10,660,400,319.0,179.23981409107,70.29012317296863,35.595139744851
Samsung,NX 10,660,400,319.0,180.24994990319,70.68625486399607,35.615093185229
Samsung,NX 10,660,400,319.0,181.2600857153,71.08238655501961,35.634910590782
Samsung,NX 10,660,400,319.0,182.27022152742,71.47851824604706,35.654593550861
Samsung,NX 10,660,400,319.0,183.28035733954,71.87464993707451,35.674143627847
Samsung,NX 10,660,400,319.0,184.29049315166,72.27078162810197,35.693562357752
Samsung,NX 10,660,400,319.0,185.30062896378,72.66691331912942,35.712851250811
Samsung,NX 10,660,400,319.0,186.3107647759,73.06304501015686,35.732011792045
Samsung,NX 10,660,400,319.0,187.32090058802,73.45917670118432,35.751045441825
Samsung,NX 10,660,400,319.0,188.33103640014,73.85530839221175,35.769953636404
Samsung,NX 10,660,400,319.0,189.34117221226,74.25144008323922,35.788737788443
Samsung,NX 10,660,400,319.0,190.35130802438,74.64757177426667,35.807399287527
Samsung,NX 10,660,400,319.0,191.3614438365,75.04370346529412,35.825939500655
Samsung,NX 10,660,400,319.0,192.37157964861,75.43983515631764,35.844359772729
Samsung,NX 10,660,400,319.0,193.38171546073,75.83596684734509,35.862661427024
Samsung,NX 10,660,400,319.0,194.39185127285,76.23209853837255,35.880845765643
Samsung,NX 10,660,400,319.0,195.40198708497,76.6282302294,35.898914069968
Samsung,NX 10,660,400,319.0,196.41212289709,77.02436192042745,35.916867601091
Samsung,NX 10,660,400,319.0,197.42225870921,77.42049361145492,35.93470760024
Samsung,NX 10,660,400,319.0,198.43239452133,77.81662530248235,35.952435289191
Samsung,NX 10,660,400,319.0,199.44253033345,78.2127569935098,35.970051870668
Samsung,NX 10,660,400,319.0,200.45266614557,78.60888868453725,35.987558528735
Samsung,NX 10,660,400,319.0,201.46280195769,79.00502037556471,36.00495642918
Samsung,NX 10,660,400,319.0,202.47293776981,79.40115206659215,36.022246719884
Samsung,NX 10,660,400,319.0,203.48307358192,79.79728375761569,36.039430531184
Samsung,NX 10,660,400,319.0,204.49320939404,80.19341544864314,36.056508976228
Samsung,NX 10,660,400,319.0,205.50334520616,80.58954713967059,36.073483151316
Samsung,NX 10,660,400,319.0,206.51348101828,80.98567883069803,36.09035413624
Samsung,NX 10,660,400,319.0,207.5236168304,81.38181052172548,36.107122994609
Samsung,NX 10,660,400,319.0,208.53375264252,81.77794221275295,36.123790774168
Samsung,NX 10,660,400,319.0,209.54388845464,82.1740739037804,36.140358507114
Samsung,NX 10,660,400,319.0,210.55402426676,82.57020559480785,36.156827210394
Samsung,NX 10,660,400,319.0,211.56416007888,82.9663372858353,36.173197886005
Samsung,NX 10,660,400,319.0,212.574295891,83.36246897686274,36.189471521285
Samsung,NX 10,660,400,319.0,213.58443170312,83.75860066789019,36.205649089192
Samsung,NX 10,660,400,319.0,214.59456751523,84.15473235891373,36.221731548582
Samsung,NX 10,660,400,319.0,215.60470332735,84.55086404994118,36.237719844478
Samsung,NX 10,660,400,319.0,216.61483913947,84.94699574096863,36.253614908334
Samsung,NX 10,660,400,319.0,217.62497495159,85.34312743199608,36.269417658287
Samsung,NX 10,660,400,319.0,218.63511076371,85.73925912302353,36.285128999414
Samsung,NX 10,660,400,319.0,219.64524657583,86.13539081405096,36.300749823972
Samsung,NX 10,660,400,319.0,220.65538238795,86.53152250507843,36.316281011642
Samsung,NX 10,660,400,319.0,221.66551820007,86.92765419610589,36.331723429754
Samsung,NX 10,660,400,319.0,222.67565401219,87.32378588713333,36.347077933525
Samsung,NX 10,660,400,319.0,223.68578982431,87.71991757816079,36.362345366275
Samsung,NX 10,660,400,319.0,224.69592563643,88.11604926918824,36.377526559649
Samsung,NX 10,660,400,319.0,225.70606144854,88.51218096021177,36.392622333828
Samsung,NX 10,660,400,319.0,226.71619726066,88.90831265123921,36.407633497735
Samsung,NX 10,660,400,319.0,227.72633307278,89.30444434226666,36.422560849243
Samsung,NX 10,660,400,319.0,228.7364688849,89.70057603329413,36.43740517537
Samsung,NX 10,660,400,319.0,229.74660469702,90.09670772432156,36.452167252476
Samsung,NX 10,660,400,319.0,230.75674050914,90.49283941534902,36.466847846451
Samsung,NX 10,660,400,319.0,231.76687632126,90.88897110637649,36.481447712901
Samsung,NX 10,660,400,319.0,232.77701213338,91.28510279740392,36.495967597332
Samsung,NX 10,660,400,319.0,233.7871479455,91.68123448843137,36.510408235325
Samsung,NX 10,660,400,319.0,234.79728375762,92.07736617945882,36.524770352711
Samsung,NX 10,660,400,319.0,235.80741956974,92.47349787048627,36.539054665742
Samsung,NX 10,660,400,319.0,236.81755538185,92.86962956150981,36.553261881256
Samsung,NX 10,660,400,319.0,237.82769119397,93.26576125253725,36.567392696839
Samsung,NX 10,660,400,319.0,238.83782700609,93.66189294356471,36.581447800988
Samsung,NX 10,660,400,319.0,239.84796281821,94.05802463459216,36.595427873263
Samsung,NX 10,660,400,319.0,240.85809863033,94.4541563256196,36.609333584441
Samsung,NX 10,660,400,319.0,241.86823444245,94.85028801664706,36.623165596667
Samsung,NX 10,660,400,319.0,242.87837025457,95.2464197076745,36.636924563598
Samsung,NX 10,660,400,319.0,243.88850606669,95.64255139870197,36.650611130545
Samsung,NX 10,660,400,319.0,244.89864187881,96.03868308972942,36.664225934617
Samsung,NX 10,660,400,319.0,245.90877769093,96.43481478075687,36.677769604856
Samsung,NX 10,660,400,319.0,246.91891350305,96.8309464717843,36.691242762372
Samsung,NX 10,660,400,319.0,247.92904931517,97.22707816281176,36.704646020472
Samsung,NX 10,660,400,319.0,248.93918512728,97.6232098538353,36.717979984793
Samsung,NX 10,660,400,319.0,249.9493209394,98.01934154486275,36.731245253424
Samsung,NX 10,660,400,319.0,250.95945675152,98.41547323589019,36.744442417036
Samsung,NX 10,660,400,319.0,251.96959256364,98.81160492691764,36.757572058994
Samsung,NX 10,660,400,319.0,252.97972837576,99.2077366179451,36.770634755484
Samsung,NX 10,660,400,319.0,253.98986418788,99.60386830897254,36.783631075625
Samsung,NX 10,660,400,319.0,255,100.0,36.796561581583
Samsung,NX 10,660,800,638.0,0.70548594575973,0.27666115519989415,0
Samsung,NX 10,660,800,638.0,0.70548594575973,0.27666115519989415,0
Samsung,NX 10,660,800,638.0,1.3350291029166,0.5235408246731765,5.1184307055895
Samsung,NX 10,660,800,638.0,2.4660469702214,0.9670772432240784,9.7803192802327
Samsung,NX 10,660,800,638.0,3.4761827823405,1.3632089342511766,12.241092268078
Samsung,NX 10,660,800,638.0,4.4863185944596,1.7593406252782744,13.991059126056
Samsung,NX 10,660,800,638.0,5.4964544065787,2.1554723163053726,15.333876637166
Samsung,NX 10,660,800,638.0,6.5065902186978,2.551604007332471,16.41512718027
Samsung,NX 10,660,800,638.0,7.5167260308169,2.9477356983595686,17.315365494789
Samsung,NX 10,660,800,638.0,8.5268618429361,3.343867389386706,18.083580947773
Samsung,NX 10,660,800,638.0,9.5369976550552,3.739999080413804,18.751648192097
Samsung,NX 10,660,800,638.0,10.547133467174,4.136130771440784,19.341390296466
Samsung,NX 10,660,800,638.0,11.557269279293,4.532262462467843,19.868357165083
Samsung,NX 10,660,800,638.0,12.567405091413,4.928394153495294,20.3439914591
Samsung,NX 10,660,800,638.0,13.577540903532,5.324525844522353,20.776940153161
Samsung,NX 10,660,800,638.0,14.587676715651,5.720657535549412,21.173885015794
Samsung,NX 10,660,800,638.0,15.59781252777,6.11678922657647,21.540088377872
Samsung,NX 10,660,800,638.0,16.607948339889,6.512920917603529,21.879763250359
Samsung,NX 10,660,800,638.0,17.618084152008,6.909052608630588,22.196331184505
Samsung,NX 10,660,800,638.0,18.628219964127,7.305184299657647,22.492606177896
Samsung,NX 10,660,800,638.0,19.638355776246,7.701315990684707,22.770928556415
Samsung,NX 10,660,800,638.0,20.648491588365,8.097447681711765,23.033264224468
Samsung,NX 10,660,800,638.0,21.658627400485,8.493579372739216,23.281279441493
Samsung,NX 10,660,800,638.0,22.668763212604,8.889711063766274,23.51639798288
Samsung,NX 10,660,800,638.0,23.678899024723,9.285842754793332,23.739845410787
Samsung,NX 10,660,800,638.0,24.689034836842,9.681974445820392,23.952683771071
Samsung,NX 10,660,800,638.0,25.699170648961,10.078106136847452,24.155839082534
Samsung,NX 10,660,800,638.0,26.70930646108,10.474237827874509,24.350123332395
Samsung,NX 10,660,800,638.0,27.719442273199,10.870369518901569,24.536252236732
Samsung,NX 10,660,800,638.0,28.729578085318,11.266501209928627,24.714859702054
Samsung,NX 10,660,800,638.0,29.739713897437,11.662632900955685,24.886509692422
Samsung,NX 10,660,800,638.0,30.749849709557,12.058764591983136,25.051706037881
Samsung,NX 10,660,800,638.0,31.759985521676,12.454896283010196,25.210900595796
Samsung,NX 10,660,800,638.0,32.770121333795,12.851027974037255,25.36450008419
Samsung,NX 10,660,800,638.0,33.780257145914,13.247159665064315,25.512871836675
Samsung,NX 10,660,800,638.0,34.790392958033,13.643291356091375,25.656348675729
Samsung,NX 10,660,800,638.0,35.800528770152,14.039423047118433,25.795233060637
Samsung,NX 10,660,800,638.0,36.810664582271,14.435554738145493,25.929800635134
Samsung,NX 10,660,800,638.0,37.82080039439,14.831686429172548,26.06030327548
Samsung,NX 10,660,800,638.0,38.830936206509,15.227818120199608,26.186971720583
Samsung,NX 10,660,800,638.0,39.841072018629,15.623949811227059,26.31001785072
Samsung,NX 10,660,800,638.0,40.851207830748,16.02008150225412,26.429636669418
Samsung,NX 10,660,800,638.0,41.861343642867,16.416213193281177,26.546008033462
Samsung,NX 10,660,800,638.0,42.871479454986,16.812344884308235,26.659298168283
Samsung,NX 10,660,800,638.0,43.881615267105,17.208476575335293,26.769660999728
Samsung,NX 10,660,800,638.0,44.891751079224,17.604608266362355,26.877239328147
Samsung,NX 10,660,800,638.0,45.901886891343,18.00073995738941,26.982165866551
Samsung,NX 10,660,800,638.0,46.912022703462,18.39687164841647,27.084564161221
Samsung,NX 10,660,800,638.0,47.922158515582,18.79300333944392,27.184549410287
Samsung,NX 10,660,800,638.0,48.932294327701,19.18913503047098,27.282229193497
Samsung,NX 10,660,800,638.0,49.94243013982,19.585266721498037,27.377704124426
Samsung,NX 10,660,800,638.0,50.952565951939,19.9813984125251,27.471068434774
Samsung,NX 10,660,800,638.0,51.962701764058,20.377530103552154,27.562410499016
Samsung,NX 10,660,800,638.0,52.972837576177,20.773661794579215,27.651813306535
Samsung,NX 10,660,800,638.0,53.982973388296,21.169793485606274,27.739354887388
Samsung,NX 10,660,800,638.0,54.993109200415,21.565925176633332,27.825108697048
Samsung,NX 10,660,800,638.0,56.003245012534,21.962056867660394,27.909143964746
Samsung,NX 10,660,800,638.0,57.013380824654,22.358188558687843,27.991526009452
Samsung,NX 10,660,800,638.0,58.023516636773,22.754320249714905,28.072316527028
Samsung,NX 10,660,800,638.0,59.033652448892,23.150451940741963,28.151573851627
Samsung,NX 10,660,800,638.0,60.043788261011,23.546583631769018,28.229353194063
Samsung,NX 10,660,800,638.0,61.05392407313,23.942715322796076,28.305706859517
Samsung,NX 10,660,800,638.0,62.064059885249,24.338847013823138,28.380684446703
Samsung,NX 10,660,800,638.0,63.074195697368,24.734978704850192,28.454333030334
Samsung,NX 10,660,800,638.0,64.084331509487,25.131110395877254,28.526697328541
Samsung,NX 10,660,800,638.0,65.094467321607,25.527242086904707,28.597819856699
Samsung,NX 10,660,800,638.0,66.104603133726,25.92337377793176,28.667741068966
Samsung,NX 10,660,800,638.0,67.114738945845,26.319505468958827,28.736499488681
Samsung,NX 10,660,800,638.0,68.124874757964,26.715637159985878,28.804131828659
Samsung,NX 10,660,800,638.0,69.135010570083,27.11176885101294,28.870673102303
Samsung,NX 10,660,800,638.0,70.145146382202,27.507900542039998,28.936156726354
Samsung,NX 10,660,800,638.0,71.155282194321,27.90403223306706,29.00061461603
Samsung,NX 10,660,800,638.0,72.16541800644,28.300163924094118,29.064077273205
Samsung,NX 10,660,800,638.0,73.175553818559,28.696295615121176,29.126573868245
Samsung,NX 10,660,800,638.0,74.185689630679,29.09242730614863,29.188132316021
Samsung,NX 10,660,800,638.0,75.195825442798,29.488558997175684,29.248779346596
Samsung,NX 10,660,800,638.0,76.205961254917,29.88469068820275,29.308540571034
Samsung,NX 10,660,800,638.0,77.216097067036,30.280822379229804,29.367440542711
Samsung,NX 10,660,800,638.0,78.226232879155,30.67695407025687,29.425502814504
Samsung,NX 10,660,800,638.0,79.236368691274,31.07308576128392,29.48274999218
Samsung,NX 10,660,800,638.0,80.246504503393,31.469217452310982,29.539203784284
Samsung,NX 10,660,800,638.0,81.256640315512,31.86534914333804,29.594885048798
Samsung,NX 10,660,800,638.0,82.266776127632,32.26148083436549,29.649813836813
Samsung,NX 10,660,800,638.0,83.276911939751,32.65761252539255,29.704009433448
Samsung,NX 10,660,800,638.0,84.28704775187,33.05374421641961,29.757490396215
Samsung,NX 10,660,800,638.0,85.297183563989,33.44987590744666,29.810274591017
Samsung,NX 10,660,800,638.0,86.307319376108,33.846007598473726,29.862379225963
Samsung,NX 10,660,800,638.0,87.317455188227,34.242139289500784,29.913820883134
Samsung,NX 10,660,800,638.0,88.327591000346,34.63827098052785,29.964615548478
Samsung,NX 10,660,800,638.0,89.337726812465,35.0344026715549,30.01477863993
Samsung,NX 10,660,800,638.0,90.347862624584,35.43053436258196,30.064325033916
Samsung,NX 10,660,800,638.0,91.357998436704,35.82666605360941,30.113269090315
Samsung,NX 10,660,800,638.0,92.368134248823,36.22279774463647,30.161624676021
Samsung,NX 10,660,800,638.0,93.378270060942,36.618929435663524,30.209405187171
Samsung,NX 10,660,800,638.0,94.388405873061,37.01506112669059,30.256623570137
Samsung,NX 10,660,800,638.0,95.39854168518,37.41119281771765,30.303292341371
Samsung,NX 10,660,800,638.0,96.408677497299,37.807324508744706,30.349423606167
Samsung,NX 10,660,800,638.0,97.418813309418,38.203456199771765,30.39502907641
Samsung,NX 10,660,800,638.0,98.428949121537,38.59958789079882,30.440120087389
Samsung,NX 10,660,800,638.0,99.439084933657,38.99571958182628,30.484707613712
Samsung,NX 10,660,800,638.0,100.44922074578,39.3918512728549,30.528802284406
Samsung,NX 10,660,800,638.0,101.45935655789,39.787982963878434,30.572414397222
Samsung,NX 10,660,800,638.0,102.46949237001,40.18411465490588,30.61555393222
Samsung,NX 10,660,800,638.0,103.47962818213,40.58024634593333,30.658230564664
Samsung,NX 10,660,800,638.0,104.48976399425,40.97637803696078,30.700453677269
Samsung,NX 10,660,800,638.0,105.49989980637,41.37250972798823,30.74223237184
Samsung,NX 10,660,800,638.0,106.51003561849,41.76864141901569,30.783575480345
Samsung,NX 10,660,800,638.0,107.52017143061,42.16477311004314,30.824491575443
Samsung,NX 10,660,800,638.0,108.53030724273,42.560904801070585,30.864988980505
Samsung,NX 10,660,800,638.0,109.54044305485,42.95703649209804,30.905075779166
Samsung,NX 10,660,800,638.0,110.55057886697,43.35316818312549,30.944759824408
Samsung,NX 10,660,800,638.0,111.56071467909,43.74929987415294,30.984048747237
Samsung,NX 10,660,800,638.0,112.57085049121,44.145431565180395,31.022949964941
Samsung,NX 10,660,800,638.0,113.58098630332,44.54156325620392,31.061470688977
Samsung,NX 10,660,800,638.0,114.59112211544,44.93769494723137,31.099617932499
Samsung,NX 10,660,800,638.0,115.60125792756,45.33382663825882,31.137398517538
Samsung,NX 10,660,800,638.0,116.61139373968,45.729958329286276,31.174819081869
Samsung,NX 10,660,800,638.0,117.6215295518,46.126090020313725,31.211886085569
Samsung,NX 10,660,800,638.0,118.63166536392,46.522221711341174,31.248605817287
Samsung,NX 10,660,800,638.0,119.64180117604,46.91835340236863,31.284984400241
Samsung,NX 10,660,800,638.0,120.65193698816,47.31448509339608,31.321027797955
Samsung,NX 10,660,800,638.0,121.66207280028,47.71061678442353,31.35674181975
Samsung,NX 10,660,800,638.0,122.6722086124,48.10674847545098,31.392132126002
Samsung,NX 10,660,800,638.0,123.68234442452,48.50288016647843,31.42720423318
Samsung,NX 10,660,800,638.0,124.69248023663,48.89901185750196,31.461963518665
Samsung,NX 10,660,800,638.0,125.70261604875,49.29514354852941,31.496415225385
Samsung,NX 10,660,800,638.0,126.71275186087,49.691275239556866,31.530564466241
Samsung,NX 10,660,800,638.0,127.72288767299,50.08740693058431,31.564416228366
Samsung,NX 10,660,800,638.0,128.73302348511,50.48353862161177,31.597975377204
Samsung,NX 10,660,800,638.0,129.74315929723,50.87967031263921,31.631246660431
Samsung,NX 10,660,800,638.0,130.75329510935,51.27580200366667,31.664234711714
Samsung,NX 10,660,800,638.0,131.76343092147,51.67193369469412,31.696944054325
Samsung,NX 10,660,800,638.0,132.77356673359,52.068065385721575,31.729379104612
Samsung,NX 10,660,800,638.0,133.78370254571,52.464197076749016,31.761544175335
Samsung,NX 10,660,800,638.0,134.79383835783,52.860328767776465,31.793443478873
Samsung,NX 10,660,800,638.0,135.80397416994,53.25646045880001,31.82508113031
Samsung,NX 10,660,800,638.0,136.81410998206,53.65259214982745,31.856461150401
Samsung,NX 10,660,800,638.0,137.82424579418,54.048723840854905,31.887587468425
Samsung,NX 10,660,800,638.0,138.8343816063,54.44485553188236,31.918463924938
Samsung,NX 10,660,800,638.0,139.84451741842,54.840987222909796,31.949094274412
Samsung,NX 10,660,800,638.0,140.85465323054,55.23711891393725,31.979482187788
Samsung,NX 10,660,800,638.0,141.86478904266,55.6332506049647,32.009631254929
Samsung,NX 10,660,800,638.0,142.87492485478,56.02938229599216,32.039544986985
Samsung,NX 10,660,800,638.0,143.8850606669,56.425513987019606,32.069226818673
Samsung,NX 10,660,800,638.0,144.89519647902,56.82164567804706,32.098680110476
Samsung,NX 10,660,800,638.0,145.90533229114,57.21777736907452,32.12790815076
Samsung,NX 10,660,800,638.0,146.91546810325,57.61390906009803,32.156914157821
Samsung,NX 10,660,800,638.0,147.92560391537,58.010040751125494,32.185701281857
Samsung,NX 10,660,800,638.0,148.93573972749,58.406172442152936,32.214272606871
Samsung,NX 10,660,800,638.0,149.94587553961,58.80230413318039,32.242631152512
Samsung,NX 10,660,800,638.0,150.95601135173,59.19843582420785,32.270779875846
Samsung,NX 10,660,800,638.0,151.96614716385,59.5945675152353,32.298721673072
Samsung,NX 10,660,800,638.0,152.97628297597,59.99069920626275,32.326459381179
Samsung,NX 10,660,800,638.0,153.98641878809,60.38683089729019,32.353995779543
Samsung,NX 10,660,800,638.0,154.99655460021,60.782962588317645,32.381333591476
Samsung,NX 10,660,800,638.0,156.00669041233,61.179094279345094,32.408475485721
Samsung,NX 10,660,800,638.0,157.01682622445,61.57522597037255,32.435424077894
Samsung,NX 10,660,800,638.0,158.02696203656,61.97135766139608,32.462181931888
Samsung,NX 10,660,800,638.0,159.03709784868,62.36748935242352,32.48875156122
Samsung,NX 10,660,800,638.0,160.0472336608,62.76362104345098,32.515135430342
Samsung,NX 10,660,800,638.0,161.05736947292,63.159752734478424,32.541335955909
Samsung,NX 10,660,800,638.0,162.06750528504,63.55588442550588,32.567355508002
Samsung,NX 10,660,800,638.0,163.07764109716,63.952016116533336,32.593196411314
Samsung,NX 10,660,800,638.0,164.08777690928,64.34814780756078,32.618860946305
Samsung,NX 10,660,800,638.0,165.0979127214,64.74427949858824,32.644351350309
Samsung,NX 10,660,800,638.0,166.10804853352,65.14041118961569,32.669669818617
Samsung,NX 10,660,800,638.0,167.11818434564,65.53654288064314,32.694818505519
Samsung,NX 10,660,800,638.0,168.12832015776,65.93267457167057,32.719799525319
Samsung,NX 10,660,800,638.0,169.13845596987,66.32880626269412,32.744614953315
Samsung,NX 10,660,800,638.0,170.14859178199,66.72493795372158,32.769266826752
Samsung,NX 10,660,800,638.0,171.15872759411,67.12106964474901,32.793757145745
Samsung,NX 10,660,800,638.0,172.16886340623,67.51720133577646,32.818087874175
Samsung,NX 10,660,800,638.0,173.17899921835,67.91333302680391,32.842260940556
Samsung,NX 10,660,800,638.0,174.18913503047,68.30946471783137,32.866278238877
Samsung,NX 10,660,800,638.0,175.19927084259,68.70559640885882,32.890141629423
Samsung,NX 10,660,800,638.0,176.20940665471,69.10172809988627,32.913852939565
Samsung,NX 10,660,800,638.0,177.21954246683,69.49785979091374,32.937413964534
Samsung,NX 10,660,800,638.0,178.22967827895,69.89399148194117,32.960826468166
Samsung,NX 10,660,800,638.0,179.23981409107,70.29012317296863,32.984092183629
Samsung,NX 10,660,800,638.0,180.24994990319,70.68625486399607,33.007212814132
Samsung,NX 10,660,800,638.0,181.2600857153,71.08238655501961,33.030190033607
Samsung,NX 10,660,800,638.0,182.27022152742,71.47851824604706,33.053025487374
Samsung,NX 10,660,800,638.0,183.28035733954,71.87464993707451,33.075720792793
Samsung,NX 10,660,800,638.0,184.29049315166,72.27078162810197,33.098277539888
Samsung,NX 10,660,800,638.0,185.30062896378,72.66691331912942,33.120697291963
Samsung,NX 10,660,800,638.0,186.3107647759,73.06304501015686,33.142981586191
Samsung,NX 10,660,800,638.0,187.32090058802,73.45917670118432,33.165131934198
Samsung,NX 10,660,800,638.0,188.33103640014,73.85530839221175,33.187149822621
Samsung,NX 10,660,800,638.0,189.34117221226,74.25144008323922,33.209036713656
Samsung,NX 10,660,800,638.0,190.35130802438,74.64757177426667,33.230794045591
Samsung,NX 10,660,800,638.0,191.3614438365,75.04370346529412,33.252423233321
Samsung,NX 10,660,800,638.0,192.37157964861,75.43983515631764,33.273925668856
Samsung,NX 10,660,800,638.0,193.38171546073,75.83596684734509,33.295302721807
Samsung,NX 10,660,800,638.0,194.39185127285,76.23209853837255,33.316555739864
Samsung,NX 10,660,800,638.0,195.40198708497,76.6282302294,33.337686049263
Samsung,NX 10,660,800,638.0,196.41212289709,77.02436192042745,33.358694955234
Samsung,NX 10,660,800,638.0,197.42225870921,77.42049361145492,33.379583742447
Samsung,NX 10,660,800,638.0,198.43239452133,77.81662530248235,33.400353675436
Samsung,NX 10,660,800,638.0,199.44253033345,78.2127569935098,33.421005999019
Samsung,NX 10,660,800,638.0,200.45266614557,78.60888868453725,33.441541938706
Samsung,NX 10,660,800,638.0,201.46280195769,79.00502037556471,33.461962701093
Samsung,NX 10,660,800,638.0,202.47293776981,79.40115206659215,33.482269474252
Samsung,NX 10,660,800,638.0,203.48307358192,79.79728375761569,33.502463428103
Samsung,NX 10,660,800,638.0,204.49320939404,80.19341544864314,33.522545714789
Samsung,NX 10,660,800,638.0,205.50334520616,80.58954713967059,33.542517469023
Samsung,NX 10,660,800,638.0,206.51348101828,80.98567883069803,33.562379808447
Samsung,NX 10,660,800,638.0,207.5236168304,81.38181052172548,33.582133833967
Samsung,NX 10,660,800,638.0,208.53375264252,81.77794221275295,33.601780630086
Samsung,NX 10,660,800,638.0,209.54388845464,82.1740739037804,33.621321265229
Samsung,NX 10,660,800,638.0,210.55402426676,82.57020559480785,33.640756792058
Samsung,NX 10,660,800,638.0,211.56416007888,82.9663372858353,33.660088247777
Samsung,NX 10,660,800,638.0,212.574295891,83.36246897686274,33.679316654438
Samsung,NX 10,660,800,638.0,213.58443170312,83.75860066789019,33.698443019232
Samsung,NX 10,660,800,638.0,214.59456751523,84.15473235891373,33.717468334773
Samsung,NX 10,660,800,638.0,215.60470332735,84.55086404994118,33.736393579381
Samsung,NX 10,660,800,638.0,216.61483913947,84.94699574096863,33.755219717352
Samsung,NX 10,660,800,638.0,217.62497495159,85.34312743199608,33.773947699226
Samsung,NX 10,660,800,638.0,218.63511076371,85.73925912302353,33.792578462048
Samsung,NX 10,660,800,638.0,219.64524657583,86.13539081405096,33.811112929618
Samsung,NX 10,660,800,638.0,220.65538238795,86.53152250507843,33.829552012742
Samsung,NX 10,660,800,638.0,221.66551820007,86.92765419610589,33.847896609473
Samsung,NX 10,660,800,638.0,222.67565401219,87.32378588713333,33.866147605351
Samsung,NX 10,660,800,638.0,223.68578982431,87.71991757816079,33.884305873627
Samsung,NX 10,660,800,638.0,224.69592563643,88.11604926918824,33.902372275497
Samsung,NX 10,660,800,638.0,225.70606144854,88.51218096021177,33.920347660315
Samsung,NX 10,660,800,638.0,226.71619726066,88.90831265123921,33.938232865815
Samsung,NX 10,660,800,638.0,227.72633307278,89.30444434226666,33.956028718318
Samsung,NX 10,660,800,638.0,228.7364688849,89.70057603329413,33.973736032939
Samsung,NX 10,660,800,638.0,229.74660469702,90.09670772432156,33.991355613789
Samsung,NX 10,660,800,638.0,230.75674050914,90.49283941534902,34.008888254171
Samsung,NX 10,660,800,638.0,231.76687632126,90.88897110637649,34.026334736773
Samsung,NX 10,660,800,638.0,232.77701213338,91.28510279740392,34.043695833856
Samsung,NX 10,660,800,638.0,233.7871479455,91.68123448843137,34.060972307437
Samsung,NX 10,660,800,638.0,234.79728375762,92.07736617945882,34.078164909473
Samsung,NX 10,660,800,638.0,235.80741956974,92.47349787048627,34.095274382031
Samsung,NX 10,660,800,638.0,236.81755538185,92.86962956150981,34.112301457466
Samsung,NX 10,660,800,638.0,237.82769119397,93.26576125253725,34.129246858587
Samsung,NX 10,660,800,638.0,238.83782700609,93.66189294356471,34.14611129882
Samsung,NX 10,660,800,638.0,239.84796281821,94.05802463459216,34.162895482373
Samsung,NX 10,660,800,638.0,240.85809863033,94.4541563256196,34.179600104393
Samsung,NX 10,660,800,638.0,241.86823444245,94.85028801664706,34.196225851119
Samsung,NX 10,660,800,638.0,242.87837025457,95.2464197076745,34.212773400033
Samsung,NX 10,660,800,638.0,243.88850606669,95.64255139870197,34.229243420011
Samsung,NX 10,660,800,638.0,244.89864187881,96.03868308972942,34.245636571466
Samsung,NX 10,660,800,638.0,245.90877769093,96.43481478075687,34.261953506488
Samsung,NX 10,660,800,638.0,246.91891350305,96.8309464717843,34.278194868988
Samsung,NX 10,660,800,638.0,247.92904931517,97.22707816281176,34.294361294829
Samsung,NX 10,660,800,638.0,248.93918512728,97.6232098538353,34.310453411964
Samsung,NX 10,660,800,638.0,249.9493209394,98.01934154486275,34.32647184056
Samsung,NX 10,660,800,638.0,250.95945675152,98.41547323589019,34.342417193132
Samsung,NX 10,660,800,638.0,251.96959256364,98.81160492691764,34.358290074668
Samsung,NX 10,660,800,638.0,252.97972837576,99.2077366179451,34.374091082745
Samsung,NX 10,660,800,638.0,253.98986418788,99.60386830897254,34.389820807658
Samsung,NX 10,660,800,638.0,255,100.0,34.405479832532
Samsung,NX 10,660,1600,1158.0,1.6173740723908,0.6342643421140393,0
Samsung,NX 10,660,1600,1158.0,2.4660469702214,0.9670772432240784,4.9371662480351
Samsung,NX 10,660,1600,1158.0,3.4761827823405,1.3632089342511766,7.5957295997653
Samsung,NX 10,660,1600,1158.0,4.4863185944596,1.7593406252782744,9.5102923179578
Samsung,NX 10,660,1600,1158.0,5.4964544065787,2.1554723163053726,10.992348901138
Samsung,NX 10,660,1600,1158.0,6.5065902186978,2.551604007332471,12.19300960969
Samsung,NX 10,660,1600,1158.0,7.5167260308169,2.9477356983595686,13.196846133318
Samsung,NX 10,660,1600,1158.0,8.5268618429361,3.343867389386706,14.05584056703
Samsung,NX 10,660,1600,1158.0,9.5369976550552,3.739999080413804,14.804144952238
Samsung,NX 10,660,1600,1158.0,10.547133467174,4.136130771440784,15.465347279038
Samsung,NX 10,660,1600,1158.0,11.557269279293,4.532262462467843,16.056387108951
Samsung,NX 10,660,1600,1158.0,12.567405091413,4.928394153495294,16.589816664009
Samsung,NX 10,660,1600,1158.0,13.577540903532,5.324525844522353,17.075179868779
Samsung,NX 10,660,1600,1158.0,14.587676715651,5.720657535549412,17.519891627716
Samsung,NX 10,660,1600,1158.0,15.59781252777,6.11678922657647,17.929819493862
Samsung,NX 10,660,1600,1158.0,16.607948339889,6.512920917603529,18.309680611386
Samsung,NX 10,660,1600,1158.0,17.618084152008,6.909052608630588,18.663319901344
Samsung,NX 10,660,1600,1158.0,18.628219964127,7.305184299657647,18.993909564898
Samsung,NX 10,660,1600,1158.0,19.638355776246,7.701315990684707,19.304095072745
Samsung,NX 10,660,1600,1158.0,20.648491588365,8.097447681711765,19.596103913467
Samsung,NX 10,660,1600,1158.0,21.658627400485,8.493579372739216,19.871827893633
Samsung,NX 10,660,1600,1158.0,22.668763212604,8.889711063766274,20.132886311661
Samsung,NX 10,660,1600,1158.0,23.678899024723,9.285842754793332,20.380675074034
Samsung,NX 10,660,1600,1158.0,24.689034836842,9.681974445820392,20.616405326811
Samsung,NX 10,660,1600,1158.0,25.699170648961,10.078106136847452,20.841134162647
Samsung,NX 10,660,1600,1158.0,26.70930646108,10.474237827874509,21.055789265367
Samsung,NX 10,660,1600,1158.0,27.719442273199,10.870369518901569,21.261188864923
Samsung,NX 10,660,1600,1158.0,28.729578085318,11.266501209928627,21.458058027506
Samsung,NX 10,660,1600,1158.0,29.739713897437,11.662632900955685,21.647042054616
Samsung,NX 10,660,1600,1158.0,30.749849709557,12.058764591983136,21.828717581582
Samsung,NX 10,660,1600,1158.0,31.759985521676,12.454896283010196,22.003601830578
Samsung,NX 10,660,1600,1158.0,32.770121333795,12.851027974037255,22.172160372008
Samsung,NX 10,660,1600,1158.0,33.780257145914,13.247159665064315,22.334813671778
Samsung,NX 10,660,1600,1158.0,34.790392958033,13.643291356091375,22.49194264386
Samsung,NX 10,660,1600,1158.0,35.800528770152,14.039423047118433,22.643893382839
Samsung,NX 10,660,1600,1158.0,36.810664582271,14.435554738145493,22.790981216585
Samsung,NX 10,660,1600,1158.0,37.82080039439,14.831686429172548,22.933494192102
Samsung,NX 10,660,1600,1158.0,38.830936206509,15.227818120199608,23.071696086445
Samsung,NX 10,660,1600,1158.0,39.841072018629,15.623949811227059,23.2058290177
Samsung,NX 10,660,1600,1158.0,40.851207830748,16.02008150225412,23.336115717686
Samsung,NX 10,660,1600,1158.0,41.861343642867,16.416213193281177,23.46276151724
Samsung,NX 10,660,1600,1158.0,42.871479454986,16.812344884308235,23.585956086319
Samsung,NX 10,660,1600,1158.0,43.881615267105,17.208476575335293,23.705874964106
Samsung,NX 10,660,1600,1158.0,44.891751079224,17.604608266362355,23.822680908606
Samsung,NX 10,660,1600,1158.0,45.901886891343,18.00073995738941,23.936525090489
Samsung,NX 10,660,1600,1158.0,46.912022703462,18.39687164841647,24.047548152128
Samsung,NX 10,660,1600,1158.0,47.922158515582,18.79300333944392,24.155881149544
Samsung,NX 10,660,1600,1158.0,48.932294327701,19.18913503047098,24.261646392359
Samsung,NX 10,660,1600,1158.0,49.94243013982,19.585266721498037,24.364958194625
Samsung,NX 10,660,1600,1158.0,50.952565951939,19.9813984125251,24.465923547559
Samsung,NX 10,660,1600,1158.0,51.962701764058,20.377530103552154,24.564642723665
Samsung,NX 10,660,1600,1158.0,52.972837576177,20.773661794579215,24.661209820416
Samsung,NX 10,660,1600,1158.0,53.982973388296,21.169793485606274,24.755713250546
Samsung,NX 10,660,1600,1158.0,54.993109200415,21.565925176633332,24.848236185097
Samsung,NX 10,660,1600,1158.0,56.003245012534,21.962056867660394,24.938856954519
Samsung,NX 10,660,1600,1158.0,57.013380824654,22.358188558687843,25.027649412493
Samsung,NX 10,660,1600,1158.0,58.023516636773,22.754320249714905,25.114683266503
Samsung,NX 10,660,1600,1158.0,59.033652448892,23.150451940741963,25.200024378734
Samsung,NX 10,660,1600,1158.0,60.043788261011,23.546583631769018,25.283735040405
Samsung,NX 10,660,1600,1158.0,61.05392407313,23.942715322796076,25.365874222279
Samsung,NX 10,660,1600,1158.0,62.064059885249,24.338847013823138,25.446497803786
Samsung,NX 10,660,1600,1158.0,63.074195697368,24.734978704850192,25.525658782885
Samsung,NX 10,660,1600,1158.0,64.084331509487,25.131110395877254,25.603407468572
Samsung,NX 10,660,1600,1158.0,65.094467321607,25.527242086904707,25.679791657714
Samsung,NX 10,660,1600,1158.0,66.104603133726,25.92337377793176,25.754856797702
Samsung,NX 10,660,1600,1158.0,67.114738945845,26.319505468958827,25.828646136263
Samsung,NX 10,660,1600,1158.0,68.124874757964,26.715637159985878,25.901200859618
Samsung,NX 10,660,1600,1158.0,69.135010570083,27.11176885101294,25.972560220052
Samsung,NX 10,660,1600,1158.0,70.145146382202,27.507900542039998,26.042761653839
Samsung,NX 10,660,1600,1158.0,71.155282194321,27.90403223306706,26.111840890401
Samsung,NX 10,660,1600,1158.0,72.16541800644,28.300163924094118,26.179832053435
Samsung,NX 10,660,1600,1158.0,73.175553818559,28.696295615121176,26.246767754736
Samsung,NX 10,660,1600,1158.0,74.185689630679,29.09242730614863,26.312679181306
Samsung,NX 10,660,1600,1158.0,75.195825442798,29.488558997175684,26.377596176338
Samsung,NX 10,660,1600,1158.0,76.205961254917,29.88469068820275,26.441547314561
Samsung,NX 10,660,1600,1158.0,77.216097067036,30.280822379229804,26.504559972431
Samsung,NX 10,660,1600,1158.0,78.226232879155,30.67695407025687,26.566660393553
Samsung,NX 10,660,1600,1158.0,79.236368691274,31.07308576128392,26.62787374975
Samsung,NX 10,660,1600,1158.0,80.246504503393,31.469217452310982,26.688224198085
Samsung,NX 10,660,1600,1158.0,81.256640315512,31.86534914333804,26.74773493418
Samsung,NX 10,660,1600,1158.0,82.266776127632,32.26148083436549,26.806428242102
Samsung,NX 10,660,1600,1158.0,83.276911939751,32.65761252539255,26.864325541072
Samsung,NX 10,660,1600,1158.0,84.28704775187,33.05374421641961,26.921447429248
Samsung,NX 10,660,1600,1158.0,85.297183563989,33.44987590744666,26.977813724789
Samsung,NX 10,660,1600,1158.0,86.307319376108,33.846007598473726,27.033443504402
Samsung,NX 10,660,1600,1158.0,87.317455188227,34.242139289500784,27.088355139553
Samsung,NX 10,660,1600,1158.0,88.327591000346,34.63827098052785,27.142566330507
Samsung,NX 10,660,1600,1158.0,89.337726812465,35.0344026715549,27.196094138358
Samsung,NX 10,660,1600,1158.0,90.347862624584,35.43053436258196,27.248955015176
Samsung,NX 10,660,1600,1158.0,91.357998436704,35.82666605360941,27.30116483242
Samsung,NX 10,660,1600,1158.0,92.368134248823,36.22279774463647,27.352738907712
Samsung,NX 10,660,1600,1158.0,93.378270060942,36.618929435663524,27.403692030102
Samsung,NX 10,660,1600,1158.0,94.388405873061,37.01506112669059,27.454038483921
Samsung,NX 10,660,1600,1158.0,95.39854168518,37.41119281771765,27.503792071301
Samsung,NX 10,660,1600,1158.0,96.408677497299,37.807324508744706,27.552966133473
Samsung,NX 10,660,1600,1158.0,97.418813309418,38.203456199771765,27.601573570904
Samsung,NX 10,660,1600,1158.0,98.428949121537,38.59958789079882,27.64962686235
Samsung,NX 10,660,1600,1158.0,99.439084933657,38.99571958182628,27.697138082901
Samsung,NX 10,660,1600,1158.0,100.44922074578,39.3918512728549,27.744118921077
Samsung,NX 10,660,1600,1158.0,101.45935655789,39.787982963878434,27.790580695031
Samsung,NX 10,660,1600,1158.0,102.46949237001,40.18411465490588,27.836534367919
Samsung,NX 10,660,1600,1158.0,103.47962818213,40.58024634593333,27.881990562486
Samsung,NX 10,660,1600,1158.0,104.48976399425,40.97637803696078,27.926959574913
Samsung,NX 10,660,1600,1158.0,105.49989980637,41.37250972798823,27.971451387971
Samsung,NX 10,660,1600,1158.0,106.51003561849,41.76864141901569,28.015475683529
Samsung,NX 10,660,1600,1158.0,107.52017143061,42.16477311004314,28.059041854437
Samsung,NX 10,660,1600,1158.0,108.53030724273,42.560904801070585,28.102159015841
Samsung,NX 10,660,1600,1158.0,109.54044305485,42.95703649209804,28.144836015947
Samsung,NX 10,660,1600,1158.0,110.55057886697,43.35316818312549,28.187081446275
Samsung,NX 10,660,1600,1158.0,111.56071467909,43.74929987415294,28.228903651428
Samsung,NX 10,660,1600,1158.0,112.57085049121,44.145431565180395,28.270310738399
Samsung,NX 10,660,1600,1158.0,113.58098630332,44.54156325620392,28.311310585447
Samsung,NX 10,660,1600,1158.0,114.59112211544,44.93769494723137,28.351910850573
Samsung,NX 10,660,1600,1158.0,115.60125792756,45.33382663825882,28.392118979594
Samsung,NX 10,660,1600,1158.0,116.61139373968,45.729958329286276,28.431942213869
Samsung,NX 10,660,1600,1158.0,117.6215295518,46.126090020313725,28.471387597662
Samsung,NX 10,660,1600,1158.0,118.63166536392,46.522221711341174,28.510461985192
Samsung,NX 10,660,1600,1158.0,119.64180117604,46.91835340236863,28.549172047363
Samsung,NX 10,660,1600,1158.0,120.65193698816,47.31448509339608,28.587524278206
Samsung,NX 10,660,1600,1158.0,121.66207280028,47.71061678442353,28.625525001038
Samsung,NX 10,660,1600,1158.0,122.6722086124,48.10674847545098,28.663180374359
Samsung,NX 10,660,1600,1158.0,123.68234442452,48.50288016647843,28.700496397496
Samsung,NX 10,660,1600,1158.0,124.69248023663,48.89901185750196,28.737478916009
Samsung,NX 10,660,1600,1158.0,125.70261604875,49.29514354852941,28.774133626873
Samsung,NX 10,660,1600,1158.0,126.71275186087,49.691275239556866,28.810466083442
Samsung,NX 10,660,1600,1158.0,127.72288767299,50.08740693058431,28.846481700207
Samsung,NX 10,660,1600,1158.0,128.73302348511,50.48353862161177,28.882185757364
Samsung,NX 10,660,1600,1158.0,129.74315929723,50.87967031263921,28.917583405193
Samsung,NX 10,660,1600,1158.0,130.75329510935,51.27580200366667,28.952679668263
Samsung,NX 10,660,1600,1158.0,131.76343092147,51.67193369469412,28.987479449465
Samsung,NX 10,660,1600,1158.0,132.77356673359,52.068065385721575,29.021987533892
Samsung,NX 10,660,1600,1158.0,133.78370254571,52.464197076749016,29.05620859256
Samsung,NX 10,660,1600,1158.0,134.79383835783,52.860328767776465,29.090147185987
Samsung,NX 10,660,1600,1158.0,135.80397416994,53.25646045880001,29.123807767632
Samsung,NX 10,660,1600,1158.0,136.81410998206,53.65259214982745,29.157194687205
Samsung,NX 10,660,1600,1158.0,137.82424579418,54.048723840854905,29.190312193844
Samsung,NX 10,660,1600,1158.0,138.8343816063,54.44485553188236,29.223164439181
Samsung,NX 10,660,1600,1158.0,139.84451741842,54.840987222909796,29.255755480283
Samsung,NX 10,660,1600,1158.0,140.85465323054,55.23711891393725,29.288089282491
Samsung,NX 10,660,1600,1158.0,141.86478904266,55.6332506049647,29.320169722148
Samsung,NX 10,660,1600,1158.0,142.87492485478,56.02938229599216,29.352000589232
Samsung,NX 10,660,1600,1158.0,143.8850606669,56.425513987019606,29.38358558989
Samsung,NX 10,660,1600,1158.0,144.89519647902,56.82164567804706,29.414928348879
Samsung,NX 10,660,1600,1158.0,145.90533229114,57.21777736907452,29.446032411918
Samsung,NX 10,660,1600,1158.0,146.91546810325,57.61390906009803,29.476901247966
Samsung,NX 10,660,1600,1158.0,147.92560391537,58.010040751125494,29.507538251403
Samsung,NX 10,660,1600,1158.0,148.93573972749,58.406172442152936,29.537946744147
Samsung,NX 10,660,1600,1158.0,149.94587553961,58.80230413318039,29.568129977694
Samsung,NX 10,660,1600,1158.0,150.95601135173,59.19843582420785,29.598091135079
Samsung,NX 10,660,1600,1158.0,151.96614716385,59.5945675152353,29.627833332783
Samsung,NX 10,660,1600,1158.0,152.97628297597,59.99069920626275,29.657359622563
Samsung,NX 10,660,1600,1158.0,153.98641878809,60.38683089729019,29.686672993225
Samsung,NX 10,660,1600,1158.0,154.99655460021,60.782962588317645,29.715776372336
Samsung,NX 10,660,1600,1158.0,156.00669041233,61.179094279345094,29.744672627877
Samsung,NX 10,660,1600,1158.0,157.01682622445,61.57522597037255,29.773364569846
Samsung,NX 10,660,1600,1158.0,158.02696203656,61.97135766139608,29.801854951798
Samsung,NX 10,660,1600,1158.0,159.03709784868,62.36748935242352,29.830146472345
Samsung,NX 10,660,1600,1158.0,160.0472336608,62.76362104345098,29.858241776599
Samsung,NX 10,660,1600,1158.0,161.05736947292,63.159752734478424,29.886143457573
Samsung,NX 10,660,1600,1158.0,162.06750528504,63.55588442550588,29.913854057533
Samsung,NX 10,660,1600,1158.0,163.07764109716,63.952016116533336,29.941376069308
Samsung,NX 10,660,1600,1158.0,164.08777690928,64.34814780756078,29.96871193756
Samsung,NX 10,660,1600,1158.0,165.0979127214,64.74427949858824,29.995864060009
Samsung,NX 10,660,1600,1158.0,166.10804853352,65.14041118961569,30.022834788627
Samsung,NX 10,660,1600,1158.0,167.11818434564,65.53654288064314,30.049626430784
Samsung,NX 10,660,1600,1158.0,168.12832015776,65.93267457167057,30.076241250368
Samsung,NX 10,660,1600,1158.0,169.13845596987,66.32880626269412,30.102681468867
Samsung,NX 10,660,1600,1158.0,170.14859178199,66.72493795372158,30.128949266413
Samsung,NX 10,660,1600,1158.0,171.15872759411,67.12106964474901,30.155046782803
Samsung,NX 10,660,1600,1158.0,172.16886340623,67.51720133577646,30.180976118479
Samsung,NX 10,660,1600,1158.0,173.17899921835,67.91333302680391,30.20673933549
Samsung,NX 10,660,1600,1158.0,174.18913503047,68.30946471783137,30.232338458411
Samsung,NX 10,660,1600,1158.0,175.19927084259,68.70559640885882,30.257775475249
Samsung,NX 10,660,1600,1158.0,176.20940665471,69.10172809988627,30.283052338309
Samsung,NX 10,660,1600,1158.0,177.21954246683,69.49785979091374,30.308170965046
Samsung,NX 10,660,1600,1158.0,178.22967827895,69.89399148194117,30.333133238884
Samsung,NX 10,660,1600,1158.0,179.23981409107,70.29012317296863,30.35794101001
Samsung,NX 10,660,1600,1158.0,180.24994990319,70.68625486399607,30.382596096158
Samsung,NX 10,660,1600,1158.0,181.2600857153,71.08238655501961,30.407100283351
Samsung,NX 10,660,1600,1158.0,182.27022152742,71.47851824604706,30.431455326636
Samsung,NX 10,660,1600,1158.0,183.28035733954,71.87464993707451,30.455662950796
Samsung,NX 10,660,1600,1158.0,184.29049315166,72.27078162810197,30.479724851034
Samsung,NX 10,660,1600,1158.0,185.30062896378,72.66691331912942,30.503642693649
Samsung,NX 10,660,1600,1158.0,186.3107647759,73.06304501015686,30.527418116681
Samsung,NX 10,660,1600,1158.0,187.32090058802,73.45917670118432,30.55105273055
Samsung,NX 10,660,1600,1158.0,188.33103640014,73.85530839221175,30.574548118666
Samsung,NX 10,660,1600,1158.0,189.34117221226,74.25144008323922,30.597905838033
Samsung,NX 10,660,1600,1158.0,190.35130802438,74.64757177426667,30.621127419827
Samsung,NX 10,660,1600,1158.0,191.3614438365,75.04370346529412,30.644214369963
Samsung,NX 10,660,1600,1158.0,192.37157964861,75.43983515631764,30.667168169647
Samsung,NX 10,660,1600,1158.0,193.38171546073,75.83596684734509,30.689990275909
Samsung,NX 10,660,1600,1158.0,194.39185127285,76.23209853837255,30.71268212213
Samsung,NX 10,660,1600,1158.0,195.40198708497,76.6282302294,30.735245118543
Samsung,NX 10,660,1600,1158.0,196.41212289709,77.02436192042745,30.757680652731
Samsung,NX 10,660,1600,1158.0,197.42225870921,77.42049361145492,30.779990090107
Samsung,NX 10,660,1600,1158.0,198.43239452133,77.81662530248235,30.802174774383
Samsung,NX 10,660,1600,1158.0,199.44253033345,78.2127569935098,30.824236028023
Samsung,NX 10,660,1600,1158.0,200.45266614557,78.60888868453725,30.846175152693
Samsung,NX 10,660,1600,1158.0,201.46280195769,79.00502037556471,30.867993429686
Samsung,NX 10,660,1600,1158.0,202.47293776981,79.40115206659215,30.889692120349
Samsung,NX 10,660,1600,1158.0,203.48307358192,79.79728375761569,30.911272466494
Samsung,NX 10,660,1600,1158.0,204.49320939404,80.19341544864314,30.932735690794
Samsung,NX 10,660,1600,1158.0,205.50334520616,80.58954713967059,30.954082997175
Samsung,NX 10,660,1600,1158.0,206.51348101828,80.98567883069803,30.975315571199
Samsung,NX 10,660,1600,1158.0,207.5236168304,81.38181052172548,30.996434580428
Samsung,NX 10,660,1600,1158.0,208.53375264252,81.77794221275295,31.017441174793
Samsung,NX 10,660,1600,1158.0,209.54388845464,82.1740739037804,31.038336486941
Samsung,NX 10,660,1600,1158.0,210.55402426676,82.57020559480785,31.059121632579
Samsung,NX 10,660,1600,1158.0,211.56416007888,82.9663372858353,31.079797710813
Samsung,NX 10,660,1600,1158.0,212.574295891,83.36246897686274,31.100365804469
Samsung,NX 10,660,1600,1158.0,213.58443170312,83.75860066789019,31.120826980417
Samsung,NX 10,660,1600,1158.0,214.59456751523,84.15473235891373,31.14118228988
Samsung,NX 10,660,1600,1158.0,215.60470332735,84.55086404994118,31.161432768736
Samsung,NX 10,660,1600,1158.0,216.61483913947,84.94699574096863,31.181579437818
Samsung,NX 10,660,1600,1158.0,217.62497495159,85.34312743199608,31.2016233032
Samsung,NX 10,660,1600,1158.0,218.63511076371,85.73925912302353,31.221565356481
Samsung,NX 10,660,1600,1158.0,219.64524657583,86.13539081405096,31.24140657506
Samsung,NX 10,660,1600,1158.0,220.65538238795,86.53152250507843,31.261147922405
Samsung,NX 10,660,1600,1158.0,221.66551820007,86.92765419610589,31.280790348317
Samsung,NX 10,660,1600,1158.0,222.67565401219,87.32378588713333,31.300334789183
Samsung,NX 10,660,1600,1158.0,223.68578982431,87.71991757816079,31.319782168232
Samsung,NX 10,660,1600,1158.0,224.69592563643,88.11604926918824,31.339133395776
Samsung,NX 10,660,1600,1158.0,225.70606144854,88.51218096021177,31.358389369449
Samsung,NX 10,660,1600,1158.0,226.71619726066,88.90831265123921,31.377550974442
Samsung,NX 10,660,1600,1158.0,227.72633307278,89.30444434226666,31.396619083734
Samsung,NX 10,660,1600,1158.0,228.7364688849,89.70057603329413,31.415594558307
Samsung,NX 10,660,1600,1158.0,229.74660469702,90.09670772432156,31.434478247375
Samsung,NX 10,660,1600,1158.0,230.75674050914,90.49283941534902,31.453270988587
Samsung,NX 10,660,1600,1158.0,231.76687632126,90.88897110637649,31.471973608242
Samsung,NX 10,660,1600,1158.0,232.77701213338,91.28510279740392,31.490586921489
Samsung,NX 10,660,1600,1158.0,233.7871479455,91.68123448843137,31.50911173253
Samsung,NX 10,660,1600,1158.0,234.79728375762,92.07736617945882,31.527548834808
Samsung,NX 10,660,1600,1158.0,235.80741956974,92.47349787048627,31.545899011207
Samsung,NX 10,660,1600,1158.0,236.81755538185,92.86962956150981,31.564163034228
Samsung,NX 10,660,1600,1158.0,237.82769119397,93.26576125253725,31.58234166618
Samsung,NX 10,660,1600,1158.0,238.83782700609,93.66189294356471,31.600435659353
Samsung,NX 10,660,1600,1158.0,239.84796281821,94.05802463459216,31.618445756191
Samsung,NX 10,660,1600,1158.0,240.85809863033,94.4541563256196,31.636372689469
Samsung,NX 10,660,1600,1158.0,241.86823444245,94.85028801664706,31.654217182455
Samsung,NX 10,660,1600,1158.0,242.87837025457,95.2464197076745,31.671979949073
Samsung,NX 10,660,1600,1158.0,243.88850606669,95.64255139870197,31.689661694065
Samsung,NX 10,660,1600,1158.0,244.89864187881,96.03868308972942,31.707263113146
Samsung,NX 10,660,1600,1158.0,245.90877769093,96.43481478075687,31.72478489316
Samsung,NX 10,660,1600,1158.0,246.91891350305,96.8309464717843,31.742227712226
Samsung,NX 10,660,1600,1158.0,247.92904931517,97.22707816281176,31.759592239885
Samsung,NX 10,660,1600,1158.0,248.93918512728,97.6232098538353,31.776879137247
Samsung,NX 10,660,1600,1158.0,249.9493209394,98.01934154486275,31.794089057129
Samsung,NX 10,660,1600,1158.0,250.95945675152,98.41547323589019,31.811222644194
Samsung,NX 10,660,1600,1158.0,251.96959256364,98.81160492691764,31.828280535085
Samsung,NX 10,660,1600,1158.0,252.97972837576,99.2077366179451,31.845263358558
Samsung,NX 10,660,1600,1158.0,253.98986418788,99.60386830897254,31.86217173561
Samsung,NX 10,660,1600,1158.0,255,100.0,31.879006279608
Samsung,NX 10,660,3200,2167.0,2.4660469702214,0.9670772432240784,0
Samsung,NX 10,660,3200,2167.0,2.4660469702214,0.9670772432240784,0
Samsung,NX 10,660,3200,2167.0,3.4761827823405,1.3632089342511766,2.7675765376316
Samsung,NX 10,660,3200,2167.0,4.4863185944596,1.7593406252782744,4.7789707939416
Samsung,NX 10,660,3200,2167.0,5.4964544065787,2.1554723163053726,6.3476505734495
Samsung,NX 10,660,3200,2167.0,6.5065902186978,2.551604007332471,7.6262915010681
Samsung,NX 10,660,3200,2167.0,7.5167260308169,2.9477356983595686,8.7007236905568
Samsung,NX 10,660,3200,2167.0,8.5268618429361,3.343867389386706,9.6239529410148
Samsung,NX 10,660,3200,2167.0,9.5369976550552,3.739999080413804,10.430972904108
Samsung,NX 10,660,3200,2167.0,10.547133467174,4.136130771440784,11.146070083713
Samsung,NX 10,660,3200,2167.0,11.557269279293,4.532262462467843,11.786768794405
Samsung,NX 10,660,3200,2167.0,12.567405091413,4.928394153495294,12.366114619188
Samsung,NX 10,660,3200,2167.0,13.577540903532,5.324525844522353,12.894070718215
Samsung,NX 10,660,3200,2167.0,14.587676715651,5.720657535549412,13.378410584254
Samsung,NX 10,660,3200,2167.0,15.59781252777,6.11678922657647,13.825310340193
Samsung,NX 10,660,3200,2167.0,16.607948339889,6.512920917603529,14.239754142439
Samsung,NX 10,660,3200,2167.0,17.618084152008,6.909052608630588,14.625819160252
Samsung,NX 10,660,3200,2167.0,18.628219964127,7.305184299657647,14.986880577626
Samsung,NX 10,660,3200,2167.0,19.638355776246,7.701315990684707,15.325762066421
Samsung,NX 10,660,3200,2167.0,20.648491588365,8.097447681711765,15.644848216147
Samsung,NX 10,660,3200,2167.0,21.658627400485,8.493579372739216,15.946169876309
Samsung,NX 10,660,3200,2167.0,22.668763212604,8.889711063766274,16.231469859484
Samsung,NX 10,660,3200,2167.0,23.678899024723,9.285842754793332,16.502254172178
Samsung,NX 10,660,3200,2167.0,24.689034836842,9.681974445820392,16.759832423732
Samsung,NX 10,660,3200,2167.0,25.699170648961,10.078106136847452,17.005350034775
Samsung,NX 10,660,3200,2167.0,26.70930646108,10.474237827874509,17.239814156102
Samsung,NX 10,660,3200,2167.0,27.719442273199,10.870369518901569,17.464114709985
Samsung,NX 10,660,3200,2167.0,28.729578085318,11.266501209928627,17.679041610315
Samsung,NX 10,660,3200,2167.0,29.739713897437,11.662632900955685,17.885298961061
Samsung,NX 10,660,3200,2167.0,30.749849709557,12.058764591983136,18.083516844505
Samsung,NX 10,660,3200,2167.0,31.759985521676,12.454896283010196,18.274261171474
Samsung,NX 10,660,3200,2167.0,32.770121333795,12.851027974037255,18.458041961632
Samsung,NX 10,660,3200,2167.0,33.780257145914,13.247159665064315,18.6353203431
Samsung,NX 10,660,3200,2167.0,34.790392958033,13.643291356091375,18.806514500555
Samsung,NX 10,660,3200,2167.0,35.800528770152,14.039423047118433,18.9720047547
Samsung,NX 10,660,3200,2167.0,36.810664582271,14.435554738145493,19.132137920035
Samsung,NX 10,660,3200,2167.0,37.82080039439,14.831686429172548,19.287231059823
Samsung,NX 10,660,3200,2167.0,38.830936206509,15.227818120199608,19.437574734931
Samsung,NX 10,660,3200,2167.0,39.841072018629,15.623949811227059,19.583435825757
Samsung,NX 10,660,3200,2167.0,40.851207830748,16.02008150225412,19.72505999234
Samsung,NX 10,660,3200,2167.0,41.861343642867,16.416213193281177,19.862673826582
Samsung,NX 10,660,3200,2167.0,42.871479454986,16.812344884308235,19.99648674135
Samsung,NX 10,660,3200,2167.0,43.881615267105,17.208476575335293,20.126692633865
Samsung,NX 10,660,3200,2167.0,44.891751079224,17.604608266362355,20.253471354764
Samsung,NX 10,660,3200,2167.0,45.901886891343,18.00073995738941,20.376990009244
Samsung,NX 10,660,3200,2167.0,46.912022703462,18.39687164841647,20.497404112651
Samsung,NX 10,660,3200,2167.0,47.922158515582,18.79300333944392,20.614858619466
Samsung,NX 10,660,3200,2167.0,48.932294327701,19.18913503047098,20.729488841864
Samsung,NX 10,660,3200,2167.0,49.94243013982,19.585266721498037,20.841421271655
Samsung,NX 10,660,3200,2167.0,50.952565951939,19.9813984125251,20.950774317456
Samsung,NX 10,660,3200,2167.0,51.962701764058,20.377530103552154,21.057658967301
Samsung,NX 10,660,3200,2167.0,52.972837576177,20.773661794579215,21.162179385481
Samsung,NX 10,660,3200,2167.0,53.982973388296,21.169793485606274,21.264433451244
Samsung,NX 10,660,3200,2167.0,54.993109200415,21.565925176633332,21.364513245957
Samsung,NX 10,660,3200,2167.0,56.003245012534,21.962056867660394,21.462505494507
Samsung,NX 10,660,3200,2167.0,57.013380824654,22.358188558687843,21.558491965947
Samsung,NX 10,660,3200,2167.0,58.023516636773,22.754320249714905,21.65254983779
Samsung,NX 10,660,3200,2167.0,59.033652448892,23.150451940741963,21.74475202782
Samsung,NX 10,660,3200,2167.0,60.043788261011,23.546583631769018,21.835167496786
Samsung,NX 10,660,3200,2167.0,61.05392407313,23.942715322796076,21.923861524986
Samsung,NX 10,660,3200,2167.0,62.064059885249,24.338847013823138,22.010895965371
Samsung,NX 10,660,3200,2167.0,63.074195697368,24.734978704850192,22.096329475494
Samsung,NX 10,660,3200,2167.0,64.084331509487,25.131110395877254,22.180217730386
Samsung,NX 10,660,3200,2167.0,65.094467321607,25.527242086904707,22.262613618195
Samsung,NX 10,660,3200,2167.0,66.104603133726,25.92337377793176,22.343567420211
Samsung,NX 10,660,3200,2167.0,67.114738945845,26.319505468958827,22.42312697675
Samsung,NX 10,660,3200,2167.0,68.124874757964,26.715637159985878,22.501337840193
Samsung,NX 10,660,3200,2167.0,69.135010570083,27.11176885101294,22.578243416345
Samsung,NX 10,660,3200,2167.0,70.145146382202,27.507900542039998,22.653885095166
Samsung,NX 10,660,3200,2167.0,71.155282194321,27.90403223306706,22.728302371802
Samsung,NX 10,660,3200,2167.0,72.16541800644,28.300163924094118,22.801532958764
Samsung,NX 10,660,3200,2167.0,73.175553818559,28.696295615121176,22.873612890021
Samsung,NX 10,660,3200,2167.0,74.185689630679,29.09242730614863,22.944576617675
Samsung,NX 10,660,3200,2167.0,75.195825442798,29.488558997175684,23.014457101863
Samsung,NX 10,660,3200,2167.0,76.205961254917,29.88469068820275,23.083285894413
Samsung,NX 10,660,3200,2167.0,77.216097067036,30.280822379229804,23.151093216792
Samsung,NX 10,660,3200,2167.0,78.226232879155,30.67695407025687,23.217908032785
Samsung,NX 10,660,3200,2167.0,79.236368691274,31.07308576128392,23.283758116329
Samsung,NX 10,660,3200,2167.0,80.246504503393,31.469217452310982,23.348670114885
Samsung,NX 10,660,3200,2167.0,81.256640315512,31.86534914333804,23.412669608686
Samsung,NX 10,660,3200,2167.0,82.266776127632,32.26148083436549,23.475781166183
Samsung,NX 10,660,3200,2167.0,83.276911939751,32.65761252539255,23.538028395971
Samsung,NX 10,660,3200,2167.0,84.28704775187,33.05374421641961,23.599433995462
Samsung,NX 10,660,3200,2167.0,85.297183563989,33.44987590744666,23.660019796538
Samsung,NX 10,660,3200,2167.0,86.307319376108,33.846007598473726,23.719806808417
Samsung,NX 10,660,3200,2167.0,87.317455188227,34.242139289500784,23.778815257912
Samsung,NX 10,660,3200,2167.0,88.327591000346,34.63827098052785,23.837064627293
Samsung,NX 10,660,3200,2167.0,89.337726812465,35.0344026715549,23.894573689905
Samsung,NX 10,660,3200,2167.0,90.347862624584,35.43053436258196,23.951360543695
Samsung,NX 10,660,3200,2167.0,91.357998436704,35.82666605360941,24.007442642812
Samsung,NX 10,660,3200,2167.0,92.368134248823,36.22279774463647,24.062836827385
Samsung,NX 10,660,3200,2167.0,93.378270060942,36.618929435663524,24.117559351628
Samsung,NX 10,660,3200,2167.0,94.388405873061,37.01506112669059,24.171625910361
Samsung,NX 10,660,3200,2167.0,95.39854168518,37.41119281771765,24.225051664064
Samsung,NX 10,660,3200,2167.0,96.408677497299,37.807324508744706,24.277851262561
Samsung,NX 10,660,3200,2167.0,97.418813309418,38.203456199771765,24.330038867412
Samsung,NX 10,660,3200,2167.0,98.428949121537,38.59958789079882,24.381628173111
Samsung,NX 10,660,3200,2167.0,99.439084933657,38.99571958182628,24.432632427144
Samsung,NX 10,660,3200,2167.0,100.44922074578,39.3918512728549,24.483064449007
Samsung,NX 10,660,3200,2167.0,101.45935655789,39.787982963878434,24.532936648216
Samsung,NX 10,660,3200,2167.0,102.46949237001,40.18411465490588,24.582261041405
Samsung,NX 10,660,3200,2167.0,103.47962818213,40.58024634593333,24.631049268536
Samsung,NX 10,660,3200,2167.0,104.48976399425,40.97637803696078,24.679312608296
Samsung,NX 10,660,3200,2167.0,105.49989980637,41.37250972798823,24.727061992721
Samsung,NX 10,660,3200,2167.0,106.51003561849,41.76864141901569,24.774308021094
Samsung,NX 10,660,3200,2167.0,107.52017143061,42.16477311004314,24.821060973159
Samsung,NX 10,660,3200,2167.0,108.53030724273,42.560904801070585,24.867330821692
Samsung,NX 10,660,3200,2167.0,109.54044305485,42.95703649209804,24.913127244463
Samsung,NX 10,660,3200,2167.0,110.55057886697,43.35316818312549,24.958459635631
Samsung,NX 10,660,3200,2167.0,111.56071467909,43.74929987415294,25.003337116592
Samsung,NX 10,660,3200,2167.0,112.57085049121,44.145431565180395,25.047768546324
Samsung,NX 10,660,3200,2167.0,113.58098630332,44.54156325620392,25.091762531246
Samsung,NX 10,660,3200,2167.0,114.59112211544,44.93769494723137,25.135327434624
Samsung,NX 10,660,3200,2167.0,115.60125792756,45.33382663825882,25.178471385548
Samsung,NX 10,660,3200,2167.0,116.61139373968,45.729958329286276,25.221202287497
Samsung,NX 10,660,3200,2167.0,117.6215295518,46.126090020313725,25.263527826528
Samsung,NX 10,660,3200,2167.0,118.63166536392,46.522221711341174,25.305455479089
Samsung,NX 10,660,3200,2167.0,119.64180117604,46.91835340236863,25.346992519496
Samsung,NX 10,660,3200,2167.0,120.65193698816,47.31448509339608,25.388146027079
Samsung,NX 10,660,3200,2167.0,121.66207280028,47.71061678442353,25.428922893016
Samsung,NX 10,660,3200,2167.0,122.6722086124,48.10674847545098,25.469329826874
Samsung,NX 10,660,3200,2167.0,123.68234442452,48.50288016647843,25.509373362871
Samsung,NX 10,660,3200,2167.0,124.69248023663,48.89901185750196,25.549059865872
Samsung,NX 10,660,3200,2167.0,125.70261604875,49.29514354852941,25.588395537132
Samsung,NX 10,660,3200,2167.0,126.71275186087,49.691275239556866,25.627386419803
Samsung,NX 10,660,3200,2167.0,127.72288767299,50.08740693058431,25.666038404208
Samsung,NX 10,660,3200,2167.0,128.73302348511,50.48353862161177,25.704357232899
Samsung,NX 10,660,3200,2167.0,129.74315929723,50.87967031263921,25.742348505518
Samsung,NX 10,660,3200,2167.0,130.75329510935,51.27580200366667,25.780017683446
Samsung,NX 10,660,3200,2167.0,131.76343092147,51.67193369469412,25.817370094281
Samsung,NX 10,660,3200,2167.0,132.77356673359,52.068065385721575,25.854410936127
Samsung,NX 10,660,3200,2167.0,133.78370254571,52.464197076749016,25.891145281719
Samsung,NX 10,660,3200,2167.0,134.79383835783,52.860328767776465,25.927578082385
Samsung,NX 10,660,3200,2167.0,135.80397416994,53.25646045880001,25.963714171851
Samsung,NX 10,660,3200,2167.0,136.81410998206,53.65259214982745,25.999558269906
Samsung,NX 10,660,3200,2167.0,137.82424579418,54.048723840854905,26.035114985921
Samsung,NX 10,660,3200,2167.0,138.8343816063,54.44485553188236,26.070388822233
Samsung,NX 10,660,3200,2167.0,139.84451741842,54.840987222909796,26.105384177407
Samsung,NX 10,660,3200,2167.0,140.85465323054,55.23711891393725,26.140105349368
Samsung,NX 10,660,3200,2167.0,141.86478904266,55.6332506049647,26.174556538427
Samsung,NX 10,660,3200,2167.0,142.87492485478,56.02938229599216,26.208741850184
Samsung,NX 10,660,3200,2167.0,143.8850606669,56.425513987019606,26.24266529833
Samsung,NX 10,660,3200,2167.0,144.89519647902,56.82164567804706,26.276330807347
Samsung,NX 10,660,3200,2167.0,145.90533229114,57.21777736907452,26.30974221511
Samsung,NX 10,660,3200,2167.0,146.91546810325,57.61390906009803,26.342903275395
Samsung,NX 10,660,3200,2167.0,147.92560391537,58.010040751125494,26.375817660295
Samsung,NX 10,660,3200,2167.0,148.93573972749,58.406172442152936,26.408488962557
Samsung,NX 10,660,3200,2167.0,149.94587553961,58.80230413318039,26.440920697829
Samsung,NX 10,660,3200,2167.0,150.95601135173,59.19843582420785,26.473116306834
Samsung,NX 10,660,3200,2167.0,151.96614716385,59.5945675152353,26.505079157464
Samsung,NX 10,660,3200,2167.0,152.97628297597,59.99069920626275,26.53681254681
Samsung,NX 10,660,3200,2167.0,153.98641878809,60.38683089729019,26.568319703109
Samsung,NX 10,660,3200,2167.0,154.99655460021,60.782962588317645,26.599603787638
Samsung,NX 10,660,3200,2167.0,156.00669041233,61.179094279345094,26.630667896536
Samsung,NX 10,660,3200,2167.0,157.01682622445,61.57522597037255,26.661515062568
Samsung,NX 10,660,3200,2167.0,158.02696203656,61.97135766139608,26.692148256828
Samsung,NX 10,660,3200,2167.0,159.03709784868,62.36748935242352,26.722570390388
Samsung,NX 10,660,3200,2167.0,160.0472336608,62.76362104345098,26.752784315891
Samsung,NX 10,660,3200,2167.0,161.05736947292,63.159752734478424,26.782792829091
Samsung,NX 10,660,3200,2167.0,162.06750528504,63.55588442550588,26.812598670347
Samsung,NX 10,660,3200,2167.0,163.07764109716,63.952016116533336,26.842204526062
Samsung,NX 10,660,3200,2167.0,164.08777690928,64.34814780756078,26.871613030081
Samsung,NX 10,660,3200,2167.0,165.0979127214,64.74427949858824,26.900826765045
Samsung,NX 10,660,3200,2167.0,166.10804853352,65.14041118961569,26.929848263695
Samsung,NX 10,660,3200,2167.0,167.11818434564,65.53654288064314,26.958680010145
Samsung,NX 10,660,3200,2167.0,168.12832015776,65.93267457167057,26.987324441107
Samsung,NX 10,660,3200,2167.0,169.13845596987,66.32880626269412,27.015783947078
Samsung,NX 10,660,3200,2167.0,170.14859178199,66.72493795372158,27.044060873499
Samsung,NX 10,660,3200,2167.0,171.15872759411,67.12106964474901,27.072157521868
Samsung,NX 10,660,3200,2167.0,172.16886340623,67.51720133577646,27.100076150821
Samsung,NX 10,660,3200,2167.0,173.17899921835,67.91333302680391,27.12781897719
Samsung,NX 10,660,3200,2167.0,174.18913503047,68.30946471783137,27.15538817701
Samsung,NX 10,660,3200,2167.0,175.19927084259,68.70559640885882,27.182785886516
Samsung,NX 10,660,3200,2167.0,176.20940665471,69.10172809988627,27.210014203099
Samsung,NX 10,660,3200,2167.0,177.21954246683,69.49785979091374,27.237075186231
Samsung,NX 10,660,3200,2167.0,178.22967827895,69.89399148194117,27.263970858371
Samsung,NX 10,660,3200,2167.0,179.23981409107,70.29012317296863,27.290703205843
Samsung,NX 10,660,3200,2167.0,180.24994990319,70.68625486399607,27.317274179679
Samsung,NX 10,660,3200,2167.0,181.2600857153,71.08238655501961,27.343685696451
Samsung,NX 10,660,3200,2167.0,182.27022152742,71.47851824604706,27.369939639069
Samsung,NX 10,660,3200,2167.0,183.28035733954,71.87464993707451,27.396037857559
Samsung,NX 10,660,3200,2167.0,184.29049315166,72.27078162810197,27.421982169822
Samsung,NX 10,660,3200,2167.0,185.30062896378,72.66691331912942,27.447774362367
Samsung,NX 10,660,3200,2167.0,186.3107647759,73.06304501015686,27.473416191023
Samsung,NX 10,660,3200,2167.0,187.32090058802,73.45917670118432,27.498909381637
Samsung,NX 10,660,3200,2167.0,188.33103640014,73.85530839221175,27.524255630743
Samsung,NX 10,660,3200,2167.0,189.34117221226,74.25144008323922,27.549456606225
Samsung,NX 10,660,3200,2167.0,190.35130802438,74.64757177426667,27.574513947948
Samsung,NX 10,660,3200,2167.0,191.3614438365,75.04370346529412,27.599429268379
Samsung,NX 10,660,3200,2167.0,192.37157964861,75.43983515631764,27.624204153195
Samsung,NX 10,660,3200,2167.0,193.38171546073,75.83596684734509,27.648840161863
Samsung,NX 10,660,3200,2167.0,194.39185127285,76.23209853837255,27.673338828215
Samsung,NX 10,660,3200,2167.0,195.40198708497,76.6282302294,27.697701661002
Samsung,NX 10,660,3200,2167.0,196.41212289709,77.02436192042745,27.721930144435
Samsung,NX 10,660,3200,2167.0,197.42225870921,77.42049361145492,27.746025738711
Samsung,NX 10,660,3200,2167.0,198.43239452133,77.81662530248235,27.769989880523
Samsung,NX 10,660,3200,2167.0,199.44253033345,78.2127569935098,27.793823983563
Samsung,NX 10,660,3200,2167.0,200.45266614557,78.60888868453725,27.817529439003
Samsung,NX 10,660,3200,2167.0,201.46280195769,79.00502037556471,27.841107615971
Samsung,NX 10,660,3200,2167.0,202.47293776981,79.40115206659215,27.864559862011
Samsung,NX 10,660,3200,2167.0,203.48307358192,79.79728375761569,27.887887503529
Samsung,NX 10,660,3200,2167.0,204.49320939404,80.19341544864314,27.911091846234
Samsung,NX 10,660,3200,2167.0,205.50334520616,80.58954713967059,27.934174175561
Samsung,NX 10,660,3200,2167.0,206.51348101828,80.98567883069803,27.95713575709
Samsung,NX 10,660,3200,2167.0,207.5236168304,81.38181052172548,27.979977836944
Samsung,NX 10,660,3200,2167.0,208.53375264252,81.77794221275295,28.002701642189
Samsung,NX 10,660,3200,2167.0,209.54388845464,82.1740739037804,28.025308381218
Samsung,NX 10,660,3200,2167.0,210.55402426676,82.57020559480785,28.047799244122
Samsung,NX 10,660,3200,2167.0,211.56416007888,82.9663372858353,28.07017540306
Samsung,NX 10,660,3200,2167.0,212.574295891,83.36246897686274,28.092438012613
Samsung,NX 10,660,3200,2167.0,213.58443170312,83.75860066789019,28.114588210132
Samsung,NX 10,660,3200,2167.0,214.59456751523,84.15473235891373,28.13662711608
Samsung,NX 10,660,3200,2167.0,215.60470332735,84.55086404994118,28.158555834356
Samsung,NX 10,660,3200,2167.0,216.61483913947,84.94699574096863,28.180375452626
Samsung,NX 10,660,3200,2167.0,217.62497495159,85.34312743199608,28.202087042635
Samsung,NX 10,660,3200,2167.0,218.63511076371,85.73925912302353,28.223691660513
Samsung,NX 10,660,3200,2167.0,219.64524657583,86.13539081405096,28.245190347075
Samsung,NX 10,660,3200,2167.0,220.65538238795,86.53152250507843,28.266584128117
Samsung,NX 10,660,3200,2167.0,221.66551820007,86.92765419610589,28.287874014702
Samsung,NX 10,660,3200,2167.0,222.67565401219,87.32378588713333,28.309061003436
Samsung,NX 10,660,3200,2167.0,223.68578982431,87.71991757816079,28.330146076742
Samsung,NX 10,660,3200,2167.0,224.69592563643,88.11604926918824,28.35113020313
Samsung,NX 10,660,3200,2167.0,225.70606144854,88.51218096021177,28.372014337452
Samsung,NX 10,660,3200,2167.0,226.71619726066,88.90831265123921,28.392799421159
Samsung,NX 10,660,3200,2167.0,227.72633307278,89.30444434226666,28.41348638255
Samsung,NX 10,660,3200,2167.0,228.7364688849,89.70057603329413,28.434076137013
Samsung,NX 10,660,3200,2167.0,229.74660469702,90.09670772432156,28.454569587261
Samsung,NX 10,660,3200,2167.0,230.75674050914,90.49283941534902,28.474967623568
Samsung,NX 10,660,3200,2167.0,231.76687632126,90.88897110637649,28.495271123992
Samsung,NX 10,660,3200,2167.0,232.77701213338,91.28510279740392,28.515480954596
Samsung,NX 10,660,3200,2167.0,233.7871479455,91.68123448843137,28.535597969666
Samsung,NX 10,660,3200,2167.0,234.79728375762,92.07736617945882,28.555623011922
Samsung,NX 10,660,3200,2167.0,235.80741956974,92.47349787048627,28.575556912727
Samsung,NX 10,660,3200,2167.0,236.81755538185,92.86962956150981,28.595400492283
Samsung,NX 10,660,3200,2167.0,237.82769119397,93.26576125253725,28.615154559836
Samsung,NX 10,660,3200,2167.0,238.83782700609,93.66189294356471,28.634819913866
Samsung,NX 10,660,3200,2167.0,239.84796281821,94.05802463459216,28.654397342275
Samsung,NX 10,660,3200,2167.0,240.85809863033,94.4541563256196,28.673887622575
Samsung,NX 10,660,3200,2167.0,241.86823444245,94.85028801664706,28.693291522067
Samsung,NX 10,660,3200,2167.0,242.87837025457,95.2464197076745,28.71260979802
Samsung,NX 10,660,3200,2167.0,243.88850606669,95.64255139870197,28.731843197841
Samsung,NX 10,660,3200,2167.0,244.89864187881,96.03868308972942,28.750992459248
Samsung,NX 10,660,3200,2167.0,245.90877769093,96.43481478075687,28.770058310435
Samsung,NX 10,660,3200,2167.0,246.91891350305,96.8309464717843,28.789041470235
Samsung,NX 10,660,3200,2167.0,247.92904931517,97.22707816281176,28.807942648276
Samsung,NX 10,660,3200,2167.0,248.93918512728,97.6232098538353,28.826762545142
Samsung,NX 10,660,3200,2167.0,249.9493209394,98.01934154486275,28.845501852521
Samsung,NX 10,660,3200,2167.0,250.95945675152,98.41547323589019,28.864161253355
Samsung,NX 10,660,3200,2167.0,251.96959256364,98.81160492691764,28.882741421988
Samsung,NX 10,660,3200,2167.0,252.97972837576,99.2077366179451,28.901243024308
Samsung,NX 10,660,3200,2167.0,253.98986418788,99.60386830897254,28.919666717887
Samsung,NX 10,660,3200,2167.0,255,100.0,28.938013152118
