brand,model,sensor_id,iso_manufacturer,iso_measured,gray_level_255,gray_pct,snr_db
Samsung,NX500,1007,100,76.0,0.031795308266693,0.012468748339879609,0
Samsung,NX500,1007,100,76.0,0.053992390460332,0.021173486455032156,3.9320824405662
Samsung,NX500,1007,100,76.0,0.09917917298321,0.03889379332674902,8.1079015033244
Samsung,NX500,1007,100,76.0,0.19004912882164,0.07452907012613333,12.136239091881
Samsung,NX500,1007,100,76.0,0.36314624758093,0.14241029316899217,15.736277024739
Samsung,NX500,1007,100,76.0,0.72401990511541,0.28392937455506273,19.230104682258
Samsung,NX500,1007,100,76.0,1.4060152002598,0.551378509905804,22.370703930369
Samsung,NX500,1007,100,76.0,2.901470686777,1.1378316418733334,25.649450732127
Samsung,NX500,1007,100,76.0,5.1999225571898,2.0391853165450198,28.215994942054
Samsung,NX500,1007,100,76.0,10.168339524049,3.9875841270780388,31.099276154995
Samsung,NX500,1007,100,76.0,11.16359017639,4.377878500545098,31.494724682829
Samsung,NX500,1007,100,76.0,12.158840828732,4.768172874012548,31.854935507952
Samsung,NX500,1007,100,76.0,13.154091481073,5.158467247479607,32.185509587539
Samsung,NX500,1007,100,76.0,14.149342133414,5.548761620946667,32.490811706203
Samsung,NX500,1007,100,76.0,15.144592785756,5.939055994414118,32.774309411128
Samsung,NX500,1007,100,76.0,16.139843438097,6.329350367881176,33.038803208273
Samsung,NX500,1007,100,76.0,17.135094090438,6.719644741348235,33.28658736806
Samsung,NX500,1007,100,76.0,18.130344742779,7.109939114815293,33.519565018785
Samsung,NX500,1007,100,76.0,19.125595395121,7.5002334882827455,33.739332285199
Samsung,NX500,1007,100,76.0,20.120846047462,7.890527861749804,33.947240954384
Samsung,NX500,1007,100,76.0,21.116096699803,8.280822235216862,34.144445926477
Samsung,NX500,1007,100,76.0,22.111347352144,8.671116608683922,34.331941678597
Samsung,NX500,1007,100,76.0,23.106598004486,9.061410982151372,34.510590659876
Samsung,NX500,1007,100,76.0,24.101848656827,9.451705355618431,34.681145669672
Samsung,NX500,1007,100,76.0,25.097099309168,9.84199972908549,34.844267686838
Samsung,NX500,1007,100,76.0,26.092349961509,10.23229410255255,35.000540216426
Samsung,NX500,1007,100,76.0,27.087600613851,10.622588476019999,35.1504809395
Samsung,NX500,1007,100,76.0,28.082851266192,11.01288284948706,35.294551252426
Samsung,NX500,1007,100,76.0,29.078101918533,11.403177222954119,35.433164138432
Samsung,NX500,1007,100,76.0,30.073352570874,11.793471596421176,35.566690709534
Samsung,NX500,1007,100,76.0,31.068603223216,12.18376596988863,35.69546567955
Samsung,NX500,1007,100,76.0,32.063853875557,12.574060343355686,35.819791971162
Samsung,NX500,1007,100,76.0,33.059104527898,12.964354716822745,35.939944616412
Samsung,NX500,1007,100,76.0,34.05435518024,13.354649090290197,36.056174076803
Samsung,NX500,1007,100,76.0,35.049605832581,13.744943463757256,36.168709083648
Samsung,NX500,1007,100,76.0,36.044856484922,14.135237837224313,36.277759079528
Samsung,NX500,1007,100,76.0,37.040107137263,14.525532210691372,36.383516326241
Samsung,NX500,1007,100,76.0,38.035357789605,14.915826584158824,36.486157732464
Samsung,NX500,1007,100,76.0,39.030608441946,15.306120957625883,36.585846444697
Samsung,NX500,1007,100,76.0,40.025859094287,15.696415331092942,36.682733237342
Samsung,NX500,1007,100,76.0,41.021109746628,16.08670970456,36.776957731614
Samsung,NX500,1007,100,76.0,42.01636039897,16.477004078027452,36.868649467957
Samsung,NX500,1007,100,76.0,43.011611051311,16.867298451494513,36.957928852604
Samsung,NX500,1007,100,76.0,44.006861703652,17.257592824961566,37.044907995599
Samsung,NX500,1007,100,76.0,45.002112355993,17.647887198428627,37.12969145488
Samsung,NX500,1007,100,76.0,45.997363008335,18.03818157189608,37.212376898775
Samsung,NX500,1007,100,76.0,46.992613660676,18.428475945363136,37.293055697432
Samsung,NX500,1007,100,76.0,47.987864313017,18.818770318830197,37.371813452126
Samsung,NX500,1007,100,76.0,48.983114965358,19.209064692297254,37.448730470111
Samsung,NX500,1007,100,76.0,49.9783656177,19.599359065764705,37.523882191614
Samsung,NX500,1007,100,76.0,50.973616270041,19.989653439231763,37.597339574641
Samsung,NX500,1007,100,76.0,51.968866922382,20.379947812698823,37.66916944249
Samsung,NX500,1007,100,76.0,52.964117574724,20.770242186166275,37.739434798245
Samsung,NX500,1007,100,76.0,53.959368227065,21.160536559633332,37.808195109924
Samsung,NX500,1007,100,76.0,54.954618879406,21.550830933100393,37.875506569528
Samsung,NX500,1007,100,76.0,55.949869531747,21.94112530656745,37.941422328784
Samsung,NX500,1007,100,76.0,56.945120184089,22.3314196800349,38.005992714071
Samsung,NX500,1007,100,76.0,57.94037083643,22.72171405350196,38.069265422691
Samsung,NX500,1007,100,76.0,58.935621488771,23.11200842696902,38.131285702393
Samsung,NX500,1007,100,76.0,59.930872141112,23.502302800436077,38.192096515832
Samsung,NX500,1007,100,76.0,60.926122793454,23.89259717390353,38.251738691467
Samsung,NX500,1007,100,76.0,61.921373445795,24.28289154737059,38.310251062209
Samsung,NX500,1007,100,76.0,62.916624098136,24.673185920837646,38.367670592989
Samsung,NX500,1007,100,76.0,63.911874750477,25.063480294304707,38.424032498309
Samsung,NX500,1007,100,76.0,64.907125402819,25.453774667772162,38.479370350683
Samsung,NX500,1007,100,76.0,65.90237605516,25.844069041239216,38.53371618082
Samsung,NX500,1007,100,76.0,66.897626707501,26.234363414706273,38.587100570283
Samsung,NX500,1007,100,76.0,67.892877359842,26.624657788173334,38.639552737297
Samsung,NX500,1007,100,76.0,68.888128012184,27.01495216164078,38.691100616298
Samsung,NX500,1007,100,76.0,69.883378664525,27.405246535107842,38.74177093177
Samsung,NX500,1007,100,76.0,70.878629316866,27.7955409085749,38.791589266853
Samsung,NX500,1007,100,76.0,71.873879969208,28.185835282042355,38.840580127162
Samsung,NX500,1007,100,76.0,72.869130621549,28.576129655509412,38.888767000201
Samsung,NX500,1007,100,76.0,73.86438127389,28.966424028976473,38.936172410752
Samsung,NX500,1007,100,76.0,74.859631926231,29.356718402443533,38.982817972544
Samsung,NX500,1007,100,76.0,75.854882578573,29.74701277591098,39.02872443651
Samsung,NX500,1007,100,76.0,76.850133230914,30.13730714937804,39.073911735882
Samsung,NX500,1007,100,76.0,77.845383883255,30.5276015228451,39.1183990284
Samsung,NX500,1007,100,76.0,78.840634535596,30.917895896312153,39.162204735813
Samsung,NX500,1007,100,76.0,79.835885187938,31.30819026977961,39.205346580916
Samsung,NX500,1007,100,76.0,80.831135840279,31.698484643246665,39.247841622281
Samsung,NX500,1007,100,76.0,81.82638649262,32.08877901671372,39.289706286859
Samsung,NX500,1007,100,76.0,82.821637144962,32.47907339018117,39.330956400611
Samsung,NX500,1007,100,76.0,83.816887797303,32.869367763648235,39.371607217308
Samsung,NX500,1007,100,76.0,84.812138449644,33.25966213711529,39.41167344562
Samsung,NX500,1007,100,76.0,85.807389101985,33.64995651058235,39.451169274637
Samsung,NX500,1007,100,76.0,86.802639754327,34.040250884049804,39.490108397899
Samsung,NX500,1007,100,76.0,87.797890406668,34.43054525751686,39.528504036067
Samsung,NX500,1007,100,76.0,88.793141059009,34.820839630983926,39.566368958312
Samsung,NX500,1007,100,76.0,89.78839171135,35.21113400445098,39.6037155025
Samsung,NX500,1007,100,76.0,90.783642363692,35.60142837791843,39.640555594279
Samsung,NX500,1007,100,76.0,91.778893016033,35.99172275138549,39.67690076511
Samsung,NX500,1007,100,76.0,92.774143668374,36.382017124852545,39.712762169331
Samsung,NX500,1007,100,76.0,93.769394320715,36.7723114983196,39.748150600309
Samsung,NX500,1007,100,76.0,94.764644973057,37.16260587178706,39.783076505731
Samsung,NX500,1007,100,76.0,95.759895625398,37.552900245254115,39.817550002106
Samsung,NX500,1007,100,76.0,96.755146277739,37.94319461872118,39.851580888508
Samsung,NX500,1007,100,76.0,97.750396930081,38.33348899218863,39.885178659617
Samsung,NX500,1007,100,76.0,98.745647582422,38.723783365655684,39.918352518097
Samsung,NX500,1007,100,76.0,99.740898234763,39.11407773912274,39.951111386355
Samsung,NX500,1007,100,76.0,100.7361488871,39.504372112588236,39.983463917713
Samsung,NX500,1007,100,76.0,101.73139953945,39.894666486058824,40.015418507033
Samsung,NX500,1007,100,76.0,102.72665019179,40.28496085952549,40.046983300817
Samsung,NX500,1007,100,76.0,103.72190084413,40.67525523299216,40.078166206827
Samsung,NX500,1007,100,76.0,104.71715149647,41.06554960645882,40.108974903243
Samsung,NX500,1007,100,76.0,105.71240214881,41.45584397992549,40.139416847379
Samsung,NX500,1007,100,76.0,106.70765280115,41.846138353392156,40.169499284007
Samsung,NX500,1007,100,76.0,107.70290345349,42.23643272685882,40.199229253272
Samsung,NX500,1007,100,76.0,108.69815410583,42.62672710032549,40.228613598264
Samsung,NX500,1007,100,76.0,109.69340475818,43.01702147379608,40.257658972227
Samsung,NX500,1007,100,76.0,110.68865541052,43.407315847262744,40.286371845453
Samsung,NX500,1007,100,76.0,111.68390606286,43.79761022072942,40.31475851186
Samsung,NX500,1007,100,76.0,112.6791567152,44.18790459419608,40.342825095283
Samsung,NX500,1007,100,76.0,113.67440736754,44.57819896766274,40.370577555484
Samsung,NX500,1007,100,76.0,114.66965801988,44.96849334112941,40.398021693899
Samsung,NX500,1007,100,76.0,115.66490867222,45.358787714596076,40.425163159143
Samsung,NX500,1007,100,76.0,116.66015932456,45.74908208806274,40.452007452267
Samsung,NX500,1007,100,76.0,117.65540997691,46.13937646153333,40.478559931806
Samsung,NX500,1007,100,76.0,118.65066062925,46.529670835,40.504825818597
Samsung,NX500,1007,100,76.0,119.64591128159,46.91996520846667,40.530810200412
Samsung,NX500,1007,100,76.0,120.64116193393,47.31025958193333,40.556518036386
Samsung,NX500,1007,100,76.0,121.63641258627,47.7005539554,40.581954161269
Samsung,NX500,1007,100,76.0,122.63166323861,48.09084832886667,40.607123289506
Samsung,NX500,1007,100,76.0,123.62691389095,48.48114270233333,40.632030019142
Samsung,NX500,1007,100,76.0,124.62216454329,48.8714370758,40.656678835585
Samsung,NX500,1007,100,76.0,125.61741519564,49.26173144927059,40.681074115205
Samsung,NX500,1007,100,76.0,126.61266584798,49.65202582273726,40.705220128799
Samsung,NX500,1007,100,76.0,127.60791650032,50.042320196203924,40.729121044917
Samsung,NX500,1007,100,76.0,128.60316715266,50.432614569670584,40.752780933059
Samsung,NX500,1007,100,76.0,129.598417805,50.82290894313726,40.776203766748
Samsung,NX500,1007,100,76.0,130.59366845734,51.21320331660392,40.799393426488
Samsung,NX500,1007,100,76.0,131.58891910968,51.60349769007059,40.822353702605
Samsung,NX500,1007,100,76.0,132.58416976202,51.993792063537256,40.845088297982
Samsung,NX500,1007,100,76.0,133.57942041437,52.38408643700784,40.867600830695
Samsung,NX500,1007,100,76.0,134.57467106671,52.77438081047452,40.889894836546
Samsung,NX500,1007,100,76.0,135.56992171905,53.16467518394118,40.911973771508
Samsung,NX500,1007,100,76.0,136.56517237139,53.55496955740784,40.933841014071
Samsung,NX500,1007,100,76.0,137.56042302373,53.94526393087451,40.955499867515
Samsung,NX500,1007,100,76.0,138.55567367607,54.33555830434118,40.976953562091
Samsung,NX500,1007,100,76.0,139.55092432841,54.72585267780784,40.998205257126
Samsung,NX500,1007,100,76.0,140.54617498076,55.11614705127843,41.019258043058
Samsung,NX500,1007,100,76.0,141.5414256331,55.5064414247451,41.040114943393
Samsung,NX500,1007,100,76.0,142.53667628544,55.89673579821176,41.060778916595
Samsung,NX500,1007,100,76.0,143.53192693778,56.28703017167843,41.08125285791
Samsung,NX500,1007,100,76.0,144.52717759012,56.677324545145105,41.101539601132
Samsung,NX500,1007,100,76.0,145.52242824246,57.067618918611764,41.121641920294
Samsung,NX500,1007,100,76.0,146.5176788948,57.45791329207843,41.141562531322
Samsung,NX500,1007,100,76.0,147.51292954714,57.848207665545104,41.161304093613
Samsung,NX500,1007,100,76.0,148.50818019949,58.238502039015685,41.180869211571
Samsung,NX500,1007,100,76.0,149.50343085183,58.62879641248235,41.20026043609
Samsung,NX500,1007,100,76.0,150.49868150417,59.019090785949025,41.219480265985
Samsung,NX500,1007,100,76.0,151.49393215651,59.409385159415685,41.238531149377
Samsung,NX500,1007,100,76.0,152.48918280885,59.799679532882344,41.257415485036
Samsung,NX500,1007,100,76.0,153.48443346119,60.189973906349024,41.276135623669
Samsung,NX500,1007,100,76.0,154.47968411353,60.580268279815684,41.294693869185
Samsung,NX500,1007,100,76.0,155.47493476587,60.97056265328234,41.313092479898
Samsung,NX500,1007,100,76.0,156.47018541822,61.360857026752946,41.331333669707
Samsung,NX500,1007,100,76.0,157.46543607056,61.751151400219605,41.349419609234
Samsung,NX500,1007,100,76.0,158.4606867229,62.14144577368628,41.367352426921
Samsung,NX500,1007,100,76.0,159.45593737524,62.531740147152945,41.385134210102
Samsung,NX500,1007,100,76.0,160.45118802758,62.922034520619604,41.402767006032
Samsung,NX500,1007,100,76.0,161.44643867992,63.312328894086264,41.42025282289
Samsung,NX500,1007,100,76.0,162.44168933226,63.70262326755295,41.43759363075
Samsung,NX500,1007,100,76.0,163.4369399846,64.09291764101961,41.45479136252
Samsung,NX500,1007,100,76.0,164.43219063695,64.48321201449019,41.471847914857
Samsung,NX500,1007,100,76.0,165.42744128929,64.87350638795687,41.488765149046
Samsung,NX500,1007,100,76.0,166.42269194163,65.26380076142352,41.505544891864
Samsung,NX500,1007,100,76.0,167.41794259397,65.6540951348902,41.522188936409
Samsung,NX500,1007,100,76.0,168.41319324631,66.04438950835686,41.538699042905
Samsung,NX500,1007,100,76.0,169.40844389865,66.43468388182353,41.55507693949
Samsung,NX500,1007,100,76.0,170.40369455099,66.82497825529019,41.571324322973
Samsung,NX500,1007,100,76.0,171.39894520333,67.21527262875686,41.587442859574
Samsung,NX500,1007,100,76.0,172.39419585568,67.60556700222745,41.60343418564
Samsung,NX500,1007,100,76.0,173.38944650802,67.99586137569412,41.61929990834
Samsung,NX500,1007,100,76.0,174.38469716036,68.38615574916078,41.635041606343
Samsung,NX500,1007,100,76.0,175.3799478127,68.77645012262745,41.650660830471
Samsung,NX500,1007,100,76.0,176.37519846504,69.16674449609411,41.666159104342
Samsung,NX500,1007,100,76.0,177.37044911738,69.55703886956078,41.681537924986
Samsung,NX500,1007,100,76.0,178.36569976972,69.94733324302746,41.696798763449
Samsung,NX500,1007,100,76.0,179.36095042206,70.33762761649412,41.711943065377
Samsung,NX500,1007,100,76.0,180.35620107441,70.7279219899647,41.726972251589
Samsung,NX500,1007,100,76.0,181.35145172675,71.11821636343137,41.741887718626
Samsung,NX500,1007,100,76.0,182.34670237909,71.50851073689805,41.756690839292
Samsung,NX500,1007,100,76.0,183.34195303143,71.8988051103647,41.771382963179
Samsung,NX500,1007,100,76.0,184.33720368377,72.28909948383138,41.785965417173
Samsung,NX500,1007,100,76.0,185.33245433611,72.67939385729804,41.800439505952
Samsung,NX500,1007,100,76.0,186.32770498845,73.06968823076471,41.814806512466
Samsung,NX500,1007,100,76.0,187.32295564079,73.45998260423137,41.829067698409
Samsung,NX500,1007,100,76.0,188.31820629314,73.85027697770197,41.843224304676
Samsung,NX500,1007,100,76.0,189.31345694548,74.24057135116863,41.857277551804
Samsung,NX500,1007,100,76.0,190.30870759782,74.63086572463529,41.87122864041
Samsung,NX500,1007,100,76.0,191.30395825016,75.02116009810197,41.885078751606
Samsung,NX500,1007,100,76.0,192.2992089025,75.41145447156863,41.898829047419
Samsung,NX500,1007,100,76.0,193.29445955484,75.80174884503529,41.912480671182
Samsung,NX500,1007,100,76.0,194.28971020718,76.19204321850196,41.926034747928
Samsung,NX500,1007,100,76.0,195.28496085952,76.58233759196862,41.93949238477
Samsung,NX500,1007,100,76.0,196.28021151187,76.9726319654392,41.95285467127
Samsung,NX500,1007,100,76.0,197.27546216421,77.3629263389059,41.966122679797
Samsung,NX500,1007,100,76.0,198.27071281655,77.75322071237255,41.979297465885
Samsung,NX500,1007,100,76.0,199.26596346889,78.14351508583921,41.992380068567
Samsung,NX500,1007,100,76.0,200.26121412123,78.53380945930589,42.005371510716
Samsung,NX500,1007,100,76.0,201.25646477357,78.92410383277254,42.018272799369
Samsung,NX500,1007,100,76.0,202.25171542591,79.31439820623922,42.031084926039
Samsung,NX500,1007,100,76.0,203.24696607826,79.7046925797098,42.043808867033
Samsung,NX500,1007,100,76.0,204.2422167306,80.09498695317647,42.05644558375
Samsung,NX500,1007,100,76.0,205.23746738294,80.48528132664313,42.068996022974
Samsung,NX500,1007,100,76.0,206.23271803528,80.8755757001098,42.081461117165
Samsung,NX500,1007,100,76.0,207.22796868762,81.26587007357648,42.093841784737
Samsung,NX500,1007,100,76.0,208.22321933996,81.65616444704314,42.106138930333
Samsung,NX500,1007,100,76.0,209.2184699923,82.0464588205098,42.118353445092
Samsung,NX500,1007,100,76.0,210.21372064464,82.43675319397647,42.130486206909
Samsung,NX500,1007,100,76.0,211.20897129699,82.82704756744705,42.142538080693
Samsung,NX500,1007,100,76.0,212.20422194933,83.21734194091373,42.154509918608
Samsung,NX500,1007,100,76.0,213.19947260167,83.6076363143804,42.166402560325
Samsung,NX500,1007,100,76.0,214.19472325401,83.99793068784706,42.178216833253
Samsung,NX500,1007,100,76.0,215.18997390635,84.38822506131373,42.189953552771
Samsung,NX500,1007,100,76.0,216.18522455869,84.77851943478039,42.201613522457
Samsung,NX500,1007,100,76.0,217.18047521103,85.16881380824705,42.213197534306
Samsung,NX500,1007,100,76.0,218.17572586337,85.55910818171371,42.224706368946
Samsung,NX500,1007,100,76.0,219.17097651572,85.94940255518432,42.236140795853
Samsung,NX500,1007,100,76.0,220.16622716806,86.33969692865098,42.247501573549
Samsung,NX500,1007,100,76.0,221.1614778204,86.72999130211765,42.258789449812
Samsung,NX500,1007,100,76.0,222.15672847274,87.12028567558431,42.270005161866
Samsung,NX500,1007,100,76.0,223.15197912508,87.51058004905097,42.281149436577
Samsung,NX500,1007,100,76.0,224.14722977742,87.90087442251765,42.292222990642
Samsung,NX500,1007,100,76.0,225.14248042976,88.29116879598432,42.303226530767
Samsung,NX500,1007,100,76.0,226.1377310821,88.68146316945098,42.314160753855
Samsung,NX500,1007,100,76.0,227.13298173445,89.07175754292157,42.325026347174
Samsung,NX500,1007,100,76.0,228.12823238679,89.46205191638823,42.335823988534
Samsung,NX500,1007,100,76.0,229.12348303913,89.8523462898549,42.346554346454
Samsung,NX500,1007,100,76.0,230.11873369147,90.24264066332157,42.357218080323
Samsung,NX500,1007,100,76.0,231.11398434381,90.63293503678823,42.367815840568
Samsung,NX500,1007,100,76.0,232.10923499615,91.0232294102549,42.378348268803
Samsung,NX500,1007,100,76.0,233.10448564849,91.41352378372157,42.388815997989
Samsung,NX500,1007,100,76.0,234.09973630083,91.80381815718823,42.399219652583
Samsung,NX500,1007,100,76.0,235.09498695318,92.19411253065883,42.409559848684
Samsung,NX500,1007,100,76.0,236.09023760552,92.58440690412549,42.419837194178
Samsung,NX500,1007,100,76.0,237.08548825786,92.97470127759215,42.430052288882
Samsung,NX500,1007,100,76.0,238.0807389102,93.36499565105882,42.440205724677
Samsung,NX500,1007,100,76.0,239.07598956254,93.7552900245255,42.450298085648
Samsung,NX500,1007,100,76.0,240.07124021488,94.14558439799215,42.460329948213
Samsung,NX500,1007,100,76.0,241.06649086722,94.53587877145883,42.470301881256
Samsung,NX500,1007,100,76.0,242.06174151956,94.9261731449255,42.480214446252
Samsung,NX500,1007,100,76.0,243.05699217191,95.31646751839608,42.49006819739
Samsung,NX500,1007,100,76.0,244.05224282425,95.70676189186274,42.4998636817
Samsung,NX500,1007,100,76.0,245.04749347659,96.09705626532941,42.509601439165
Samsung,NX500,1007,100,76.0,246.04274412893,96.48735063879607,42.519282002844
Samsung,NX500,1007,100,76.0,247.03799478127,96.87764501226273,42.528905898985
Samsung,NX500,1007,100,76.0,248.03324543361,97.26793938572942,42.538473647133
Samsung,NX500,1007,100,76.0,249.02849608595,97.65823375919608,42.547985760246
Samsung,NX500,1007,100,76.0,250.02374673829,98.04852813266274,42.5574427448
Samsung,NX500,1007,100,76.0,251.01899739064,98.43882250613333,42.566845100894
Samsung,NX500,1007,100,76.0,252.01424804298,98.8291168796,42.576193322352
Samsung,NX500,1007,100,76.0,253.00949869532,99.21941125306665,42.58548789683
Samsung,NX500,1007,100,76.0,254.00474934766,99.60970562653334,42.594729305907
Samsung,NX500,1007,100,76.0,255,100.0,42.60391802519
Samsung,NX500,1007,200,148.0,0.053992390460332,0.021173486455032156,0
Samsung,NX500,1007,200,148.0,0.09917917298321,0.03889379332674902,4.3552973364025
Samsung,NX500,1007,200,148.0,0.19004912882164,0.07452907012613333,8.5852793802704
Samsung,NX500,1007,200,148.0,0.36314624758093,0.14241029316899217,12.359399108868
Samsung,NX500,1007,200,148.0,0.72401990511541,0.28392937455506273,15.987740506315
Samsung,NX500,1007,200,148.0,1.4060152002598,0.551378509905804,19.211990340049
Samsung,NX500,1007,200,148.0,2.901470686777,1.1378316418733334,22.549551120918
Samsung,NX500,1007,200,148.0,5.1999225571898,2.0391853165450198,25.153482320264
Samsung,NX500,1007,200,148.0,10.168339524049,3.9875841270780388,28.084520997239
Samsung,NX500,1007,200,148.0,11.16359017639,4.377878500545098,28.488008596831
Samsung,NX500,1007,200,148.0,12.158840828732,4.768172874012548,28.856019318615
Samsung,NX500,1007,200,148.0,13.154091481073,5.158467247479607,29.19420079965
Samsung,NX500,1007,200,148.0,14.149342133414,5.548761620946667,29.506951546197
Samsung,NX500,1007,200,148.0,15.144592785756,5.939055994414118,29.797764092731
Samsung,NX500,1007,200,148.0,16.139843438097,6.329350367881176,30.069457870699
Samsung,NX500,1007,200,148.0,17.135094090438,6.719644741348235,30.324341761816
Samsung,NX500,1007,200,148.0,18.130344742779,7.109939114815293,30.564330367255
Samsung,NX500,1007,200,148.0,19.125595395121,7.5002334882827455,30.791028957166
Samsung,NX500,1007,200,148.0,20.120846047462,7.890527861749804,31.005796708245
Samsung,NX500,1007,200,148.0,21.116096699803,8.280822235216862,31.209794565405
Samsung,NX500,1007,200,148.0,22.111347352144,8.671116608683922,31.40402200625
Samsung,NX500,1007,200,148.0,23.106598004486,9.061410982151372,31.589345659401
Samsung,NX500,1007,200,148.0,24.101848656827,9.451705355618431,31.766521850957
Samsung,NX500,1007,200,148.0,25.097099309168,9.84199972908549,31.936214562164
Samsung,NX500,1007,200,148.0,26.092349961509,10.23229410255255,32.099009875287
Samsung,NX500,1007,200,148.0,27.087600613851,10.622588476019999,32.255427700828
Samsung,NX500,1007,200,148.0,28.082851266192,11.01288284948706,32.40593137782
Samsung,NX500,1007,200,148.0,29.078101918533,11.403177222954119,32.550935593947
Samsung,NX500,1007,200,148.0,30.073352570874,11.793471596421176,32.690812966406
Samsung,NX500,1007,200,148.0,31.068603223216,12.18376596988863,32.82589954642
Samsung,NX500,1007,200,148.0,32.063853875557,12.574060343355686,32.956499451954
Samsung,NX500,1007,200,148.0,33.059104527898,12.964354716822745,33.082888789254
Samsung,NX500,1007,200,148.0,34.05435518024,13.354649090290197,33.205318990314
Samsung,NX500,1007,200,148.0,35.049605832581,13.744943463757256,33.324019667654
Samsung,NX500,1007,200,148.0,36.044856484922,14.135237837224313,33.439201067817
Samsung,NX500,1007,200,148.0,37.040107137263,14.525532210691372,33.551056189434
Samsung,NX500,1007,200,148.0,38.035357789605,14.915826584158824,33.659762619423
Samsung,NX500,1007,200,148.0,39.030608441946,15.306120957625883,33.765484131163
Samsung,NX500,1007,200,148.0,40.025859094287,15.696415331092942,33.868372080737
Samsung,NX500,1007,200,148.0,41.021109746628,16.08670970456,33.968566631115
Samsung,NX500,1007,200,148.0,42.01636039897,16.477004078027452,34.066197829093
Samsung,NX500,1007,200,148.0,43.011611051311,16.867298451494513,34.161386555761
Samsung,NX500,1007,200,148.0,44.006861703652,17.257592824961566,34.254245367895
Samsung,NX500,1007,200,148.0,45.002112355993,17.647887198428627,34.344879244976
Samsung,NX500,1007,200,148.0,45.997363008335,18.03818157189608,34.433386254243
Samsung,NX500,1007,200,148.0,46.992613660676,18.428475945363136,34.519858144353
Samsung,NX500,1007,200,148.0,47.987864313017,18.818770318830197,34.604380876648
Samsung,NX500,1007,200,148.0,48.983114965358,19.209064692297254,34.687035101728
Samsung,NX500,1007,200,148.0,49.9783656177,19.599359065764705,34.767896587967
Samsung,NX500,1007,200,148.0,50.973616270041,19.989653439231763,34.847036607661
Samsung,NX500,1007,200,148.0,51.968866922382,20.379947812698823,34.924522285731
Samsung,NX500,1007,200,148.0,52.964117574724,20.770242186166275,35.000416915278
Samsung,NX500,1007,200,148.0,53.959368227065,21.160536559633332,35.074780243677
Samsung,NX500,1007,200,148.0,54.954618879406,21.550830933100393,35.147668732464
Samsung,NX500,1007,200,148.0,55.949869531747,21.94112530656745,35.219135793838
Samsung,NX500,1007,200,148.0,56.945120184089,22.3314196800349,35.289232006266
Samsung,NX500,1007,200,148.0,57.94037083643,22.72171405350196,35.35800531136
Samsung,NX500,1007,200,148.0,58.935621488771,23.11200842696902,35.425501193952
Samsung,NX500,1007,200,148.0,59.930872141112,23.502302800436077,35.491762847052
Samsung,NX500,1007,200,148.0,60.926122793454,23.89259717390353,35.556831323189
Samsung,NX500,1007,200,148.0,61.921373445795,24.28289154737059,35.620745673473
Samsung,NX500,1007,200,148.0,62.916624098136,24.673185920837646,35.683543075528
Samsung,NX500,1007,200,148.0,63.911874750477,25.063480294304707,35.745258951382
Samsung,NX500,1007,200,148.0,64.907125402819,25.453774667772162,35.805927076216
Samsung,NX500,1007,200,148.0,65.90237605516,25.844069041239216,35.865579678823
Samsung,NX500,1007,200,148.0,66.897626707501,26.234363414706273,35.924247534532
Samsung,NX500,1007,200,148.0,67.892877359842,26.624657788173334,35.981960051239
Samsung,NX500,1007,200,148.0,68.888128012184,27.01495216164078,36.038745349184
Samsung,NX500,1007,200,148.0,69.883378664525,27.405246535107842,36.094630334979
Samsung,NX500,1007,200,148.0,70.878629316866,27.7955409085749,36.149640770404
Samsung,NX500,1007,200,148.0,71.873879969208,28.185835282042355,36.203801336388
Samsung,NX500,1007,200,148.0,72.869130621549,28.576129655509412,36.257135692585
Samsung,NX500,1007,200,148.0,73.86438127389,28.966424028976473,36.309666532907
Samsung,NX500,1007,200,148.0,74.859631926231,29.356718402443533,36.361415637322
Samsung,NX500,1007,200,148.0,75.854882578573,29.74701277591098,36.412403920236
Samsung,NX500,1007,200,148.0,76.850133230914,30.13730714937804,36.462651475711
Samsung,NX500,1007,200,148.0,77.845383883255,30.5276015228451,36.512177619768
Samsung,NX500,1007,200,148.0,78.840634535596,30.917895896312153,36.561000930001
Samsung,NX500,1007,200,148.0,79.835885187938,31.30819026977961,36.609139282699
Samsung,NX500,1007,200,148.0,80.831135840279,31.698484643246665,36.656609887664
Samsung,NX500,1007,200,148.0,81.82638649262,32.08877901671372,36.703429320902
Samsung,NX500,1007,200,148.0,82.821637144962,32.47907339018117,36.749613555323
Samsung,NX500,1007,200,148.0,83.816887797303,32.869367763648235,36.795177989612
Samsung,NX500,1007,200,148.0,84.812138449644,33.25966213711529,36.840137475395
Samsung,NX500,1007,200,148.0,85.807389101985,33.64995651058235,36.884506342811
Samsung,NX500,1007,200,148.0,86.802639754327,34.040250884049804,36.928298424609
Samsung,NX500,1007,200,148.0,87.797890406668,34.43054525751686,36.971527078875
Samsung,NX500,1007,200,148.0,88.793141059009,34.820839630983926,37.014205210468
Samsung,NX500,1007,200,148.0,89.78839171135,35.21113400445098,37.056345291266
Samsung,NX500,1007,200,148.0,90.783642363692,35.60142837791843,37.097959379289
Samsung,NX500,1007,200,148.0,91.778893016033,35.99172275138549,37.13905913678
Samsung,NX500,1007,200,148.0,92.774143668374,36.382017124852545,37.179655847314
Samsung,NX500,1007,200,148.0,93.769394320715,36.7723114983196,37.219760431983
Samsung,NX500,1007,200,148.0,94.764644973057,37.16260587178706,37.259383464734
Samsung,NX500,1007,200,148.0,95.759895625398,37.552900245254115,37.298535186903
Samsung,NX500,1007,200,148.0,96.755146277739,37.94319461872118,37.33722552099
Samsung,NX500,1007,200,148.0,97.750396930081,38.33348899218863,37.375464083739
Samsung,NX500,1007,200,148.0,98.745647582422,38.723783365655684,37.413260198545
Samsung,NX500,1007,200,148.0,99.740898234763,39.11407773912274,37.45062290724
Samsung,NX500,1007,200,148.0,100.7361488871,39.504372112588236,37.4875609813
Samsung,NX500,1007,200,148.0,101.73139953945,39.894666486058824,37.524082932491
Samsung,NX500,1007,200,148.0,102.72665019179,40.28496085952549,37.560197023001
Samsung,NX500,1007,200,148.0,103.72190084413,40.67525523299216,37.595911275083
Samsung,NX500,1007,200,148.0,104.71715149647,41.06554960645882,37.631233480233
Samsung,NX500,1007,200,148.0,105.71240214881,41.45584397992549,37.666171207941
Samsung,NX500,1007,200,148.0,106.70765280115,41.846138353392156,37.70073181402
Samsung,NX500,1007,200,148.0,107.70290345349,42.23643272685882,37.734922448562
Samsung,NX500,1007,200,148.0,108.69815410583,42.62672710032549,37.768750063514
Samsung,NX500,1007,200,148.0,109.69340475818,43.01702147379608,37.802221419916
Samsung,NX500,1007,200,148.0,110.68865541052,43.407315847262744,37.835343094812
Samsung,NX500,1007,200,148.0,111.68390606286,43.79761022072942,37.868121487848
Samsung,NX500,1007,200,148.0,112.6791567152,44.18790459419608,37.900562827577
Samsung,NX500,1007,200,148.0,113.67440736754,44.57819896766274,37.93267317749
Samsung,NX500,1007,200,148.0,114.66965801988,44.96849334112941,37.96445844178
Samsung,NX500,1007,200,148.0,115.66490867222,45.358787714596076,37.995924370859
Samsung,NX500,1007,200,148.0,116.66015932456,45.74908208806274,38.027076566634
Samsung,NX500,1007,200,148.0,117.65540997691,46.13937646153333,38.057920487569
Samsung,NX500,1007,200,148.0,118.65066062925,46.529670835,38.088461453521
Samsung,NX500,1007,200,148.0,119.64591128159,46.91996520846667,38.118704650378
Samsung,NX500,1007,200,148.0,120.64116193393,47.31025958193333,38.148655134514
Samsung,NX500,1007,200,148.0,121.63641258627,47.7005539554,38.178317837045
Samsung,NX500,1007,200,148.0,122.63166323861,48.09084832886667,38.20769756792
Samsung,NX500,1007,200,148.0,123.62691389095,48.48114270233333,38.236799019852
Samsung,NX500,1007,200,148.0,124.62216454329,48.8714370758,38.265626772076
Samsung,NX500,1007,200,148.0,125.61741519564,49.26173144927059,38.294185293973
Samsung,NX500,1007,200,148.0,126.61266584798,49.65202582273726,38.32247894854
Samsung,NX500,1007,200,148.0,127.60791650032,50.042320196203924,38.350511995732
Samsung,NX500,1007,200,148.0,128.60316715266,50.432614569670584,38.378288595665
Samsung,NX500,1007,200,148.0,129.598417805,50.82290894313726,38.405812811703
Samsung,NX500,1007,200,148.0,130.59366845734,51.21320331660392,38.433088613426
Samsung,NX500,1007,200,148.0,131.58891910968,51.60349769007059,38.46011987948
Samsung,NX500,1007,200,148.0,132.58416976202,51.993792063537256,38.486910400326
Samsung,NX500,1007,200,148.0,133.57942041437,52.38408643700784,38.513463880878
Samsung,NX500,1007,200,148.0,134.57467106671,52.77438081047452,38.539783943056
Samsung,NX500,1007,200,148.0,135.56992171905,53.16467518394118,38.565874128229
Samsung,NX500,1007,200,148.0,136.56517237139,53.55496955740784,38.591737899579
Samsung,NX500,1007,200,148.0,137.56042302373,53.94526393087451,38.617378644379
Samsung,NX500,1007,200,148.0,138.55567367607,54.33555830434118,38.642799676184
Samsung,NX500,1007,200,148.0,139.55092432841,54.72585267780784,38.668004236944
Samsung,NX500,1007,200,148.0,140.54617498076,55.11614705127843,38.692995499045
Samsung,NX500,1007,200,148.0,141.5414256331,55.5064414247451,38.71777656728
Samsung,NX500,1007,200,148.0,142.53667628544,55.89673579821176,38.74235048074
Samsung,NX500,1007,200,148.0,143.53192693778,56.28703017167843,38.766720214653
Samsung,NX500,1007,200,148.0,144.52717759012,56.677324545145105,38.79088868215
Samsung,NX500,1007,200,148.0,145.52242824246,57.067618918611764,38.814858735972
Samsung,NX500,1007,200,148.0,146.5176788948,57.45791329207843,38.838633170123
Samsung,NX500,1007,200,148.0,147.51292954714,57.848207665545104,38.862214721461
Samsung,NX500,1007,200,148.0,148.50818019949,58.238502039015685,38.885606071239
Samsung,NX500,1007,200,148.0,149.50343085183,58.62879641248235,38.908809846597
Samsung,NX500,1007,200,148.0,150.49868150417,59.019090785949025,38.931828621995
Samsung,NX500,1007,200,148.0,151.49393215651,59.409385159415685,38.954664920612
Samsung,NX500,1007,200,148.0,152.48918280885,59.799679532882344,38.977321215687
Samsung,NX500,1007,200,148.0,153.48443346119,60.189973906349024,38.999799931823
Samsung,NX500,1007,200,148.0,154.47968411353,60.580268279815684,39.022103446247
Samsung,NX500,1007,200,148.0,155.47493476587,60.97056265328234,39.044234090033
Samsung,NX500,1007,200,148.0,156.47018541822,61.360857026752946,39.066194149276
Samsung,NX500,1007,200,148.0,157.46543607056,61.751151400219605,39.087985866242
Samsung,NX500,1007,200,148.0,158.4606867229,62.14144577368628,39.109611440471
Samsung,NX500,1007,200,148.0,159.45593737524,62.531740147152945,39.131073029853
Samsung,NX500,1007,200,148.0,160.45118802758,62.922034520619604,39.152372751662
Samsung,NX500,1007,200,148.0,161.44643867992,63.312328894086264,39.173512683569
Samsung,NX500,1007,200,148.0,162.44168933226,63.70262326755295,39.194494864614
Samsung,NX500,1007,200,148.0,163.4369399846,64.09291764101961,39.215321296153
Samsung,NX500,1007,200,148.0,164.43219063695,64.48321201449019,39.235993942777
Samsung,NX500,1007,200,148.0,165.42744128929,64.87350638795687,39.256514733198
Samsung,NX500,1007,200,148.0,166.42269194163,65.26380076142352,39.276885561116
Samsung,NX500,1007,200,148.0,167.41794259397,65.6540951348902,39.297108286054
Samsung,NX500,1007,200,148.0,168.41319324631,66.04438950835686,39.317184734172
Samsung,NX500,1007,200,148.0,169.40844389865,66.43468388182353,39.337116699052
Samsung,NX500,1007,200,148.0,170.40369455099,66.82497825529019,39.356905942467
Samsung,NX500,1007,200,148.0,171.39894520333,67.21527262875686,39.376554195123
Samsung,NX500,1007,200,148.0,172.39419585568,67.60556700222745,39.396063157379
Samsung,NX500,1007,200,148.0,173.38944650802,67.99586137569412,39.41543449995
Samsung,NX500,1007,200,148.0,174.38469716036,68.38615574916078,39.434669864584
Samsung,NX500,1007,200,148.0,175.3799478127,68.77645012262745,39.453770864726
Samsung,NX500,1007,200,148.0,176.37519846504,69.16674449609411,39.472739086162
Samsung,NX500,1007,200,148.0,177.37044911738,69.55703886956078,39.491576087639
Samsung,NX500,1007,200,148.0,178.36569976972,69.94733324302746,39.510283401475
Samsung,NX500,1007,200,148.0,179.36095042206,70.33762761649412,39.528862534147
Samsung,NX500,1007,200,148.0,180.35620107441,70.7279219899647,39.547314966867
Samsung,NX500,1007,200,148.0,181.35145172675,71.11821636343137,39.565642156138
Samsung,NX500,1007,200,148.0,182.34670237909,71.50851073689805,39.583845534297
Samsung,NX500,1007,200,148.0,183.34195303143,71.8988051103647,39.601926510041
Samsung,NX500,1007,200,148.0,184.33720368377,72.28909948383138,39.619886468946
Samsung,NX500,1007,200,148.0,185.33245433611,72.67939385729804,39.63772677396
Samsung,NX500,1007,200,148.0,186.32770498845,73.06968823076471,39.655448765891
Samsung,NX500,1007,200,148.0,187.32295564079,73.45998260423137,39.673053763885
Samsung,NX500,1007,200,148.0,188.31820629314,73.85027697770197,39.69054306588
Samsung,NX500,1007,200,148.0,189.31345694548,74.24057135116863,39.707917949058
Samsung,NX500,1007,200,148.0,190.30870759782,74.63086572463529,39.725179670282
Samsung,NX500,1007,200,148.0,191.30395825016,75.02116009810197,39.742329466519
Samsung,NX500,1007,200,148.0,192.2992089025,75.41145447156863,39.759368555257
Samsung,NX500,1007,200,148.0,193.29445955484,75.80174884503529,39.776298134908
Samsung,NX500,1007,200,148.0,194.28971020718,76.19204321850196,39.7931193852
Samsung,NX500,1007,200,148.0,195.28496085952,76.58233759196862,39.80983346756
Samsung,NX500,1007,200,148.0,196.28021151187,76.9726319654392,39.826441525489
Samsung,NX500,1007,200,148.0,197.27546216421,77.3629263389059,39.842944684926
Samsung,NX500,1007,200,148.0,198.27071281655,77.75322071237255,39.8593440546
Samsung,NX500,1007,200,148.0,199.26596346889,78.14351508583921,39.875640726379
Samsung,NX500,1007,200,148.0,200.26121412123,78.53380945930589,39.891835775605
Samsung,NX500,1007,200,148.0,201.25646477357,78.92410383277254,39.907930261427
Samsung,NX500,1007,200,148.0,202.25171542591,79.31439820623922,39.923925227115
Samsung,NX500,1007,200,148.0,203.24696607826,79.7046925797098,39.939821700378
Samsung,NX500,1007,200,148.0,204.2422167306,80.09498695317647,39.955620693668
Samsung,NX500,1007,200,148.0,205.23746738294,80.48528132664313,39.971323204477
Samsung,NX500,1007,200,148.0,206.23271803528,80.8755757001098,39.986930215629
Samsung,NX500,1007,200,148.0,207.22796868762,81.26587007357648,40.002442695563
Samsung,NX500,1007,200,148.0,208.22321933996,81.65616444704314,40.017861598607
Samsung,NX500,1007,200,148.0,209.2184699923,82.0464588205098,40.033187865254
Samsung,NX500,1007,200,148.0,210.21372064464,82.43675319397647,40.04842242242
Samsung,NX500,1007,200,148.0,211.20897129699,82.82704756744705,40.063566183705
Samsung,NX500,1007,200,148.0,212.20422194933,83.21734194091373,40.078620049643
Samsung,NX500,1007,200,148.0,213.19947260167,83.6076363143804,40.093584907948
Samsung,NX500,1007,200,148.0,214.19472325401,83.99793068784706,40.108461633753
Samsung,NX500,1007,200,148.0,215.18997390635,84.38822506131373,40.123251089847
Samsung,NX500,1007,200,148.0,216.18522455869,84.77851943478039,40.137954126899
Samsung,NX500,1007,200,148.0,217.18047521103,85.16881380824705,40.152571583686
Samsung,NX500,1007,200,148.0,218.17572586337,85.55910818171371,40.16710428731
Samsung,NX500,1007,200,148.0,219.17097651572,85.94940255518432,40.181553053411
Samsung,NX500,1007,200,148.0,220.16622716806,86.33969692865098,40.195918686375
Samsung,NX500,1007,200,148.0,221.1614778204,86.72999130211765,40.210201979542
Samsung,NX500,1007,200,148.0,222.15672847274,87.12028567558431,40.224403715397
Samsung,NX500,1007,200,148.0,223.15197912508,87.51058004905097,40.238524665776
Samsung,NX500,1007,200,148.0,224.14722977742,87.90087442251765,40.252565592046
Samsung,NX500,1007,200,148.0,225.14248042976,88.29116879598432,40.266527245297
Samsung,NX500,1007,200,148.0,226.1377310821,88.68146316945098,40.280410366525
Samsung,NX500,1007,200,148.0,227.13298173445,89.07175754292157,40.294215686807
Samsung,NX500,1007,200,148.0,228.12823238679,89.46205191638823,40.307943927477
Samsung,NX500,1007,200,148.0,229.12348303913,89.8523462898549,40.321595800294
Samsung,NX500,1007,200,148.0,230.11873369147,90.24264066332157,40.335172007613
Samsung,NX500,1007,200,148.0,231.11398434381,90.63293503678823,40.348673242546
Samsung,NX500,1007,200,148.0,232.10923499615,91.0232294102549,40.362100189121
Samsung,NX500,1007,200,148.0,233.10448564849,91.41352378372157,40.375453522438
Samsung,NX500,1007,200,148.0,234.09973630083,91.80381815718823,40.388733908826
Samsung,NX500,1007,200,148.0,235.09498695318,92.19411253065883,40.401942005985
Samsung,NX500,1007,200,148.0,236.09023760552,92.58440690412549,40.41507846314
Samsung,NX500,1007,200,148.0,237.08548825786,92.97470127759215,40.42814392118
Samsung,NX500,1007,200,148.0,238.0807389102,93.36499565105882,40.441139012801
Samsung,NX500,1007,200,148.0,239.07598956254,93.7552900245255,40.454064362642
Samsung,NX500,1007,200,148.0,240.07124021488,94.14558439799215,40.466920587417
Samsung,NX500,1007,200,148.0,241.06649086722,94.53587877145883,40.479708296054
Samsung,NX500,1007,200,148.0,242.06174151956,94.9261731449255,40.492428089816
Samsung,NX500,1007,200,148.0,243.05699217191,95.31646751839608,40.505080562433
Samsung,NX500,1007,200,148.0,244.05224282425,95.70676189186274,40.517666300224
Samsung,NX500,1007,200,148.0,245.04749347659,96.09705626532941,40.530185882217
Samsung,NX500,1007,200,148.0,246.04274412893,96.48735063879607,40.542639880271
Samsung,NX500,1007,200,148.0,247.03799478127,96.87764501226273,40.555028859188
Samsung,NX500,1007,200,148.0,248.03324543361,97.26793938572942,40.567353376832
Samsung,NX500,1007,200,148.0,249.02849608595,97.65823375919608,40.579613984238
Samsung,NX500,1007,200,148.0,250.02374673829,98.04852813266274,40.591811225722
Samsung,NX500,1007,200,148.0,251.01899739064,98.43882250613333,40.603945638987
Samsung,NX500,1007,200,148.0,252.01424804298,98.8291168796,40.616017755232
Samsung,NX500,1007,200,148.0,253.00949869532,99.21941125306665,40.628028099252
Samsung,NX500,1007,200,148.0,254.00474934766,99.60970562653334,40.63997718954
Samsung,NX500,1007,200,148.0,255,100.0,40.651865538385
Samsung,NX500,1007,400,294.0,0.09917917298321,0.03889379332674902,0
Samsung,NX500,1007,400,294.0,0.19004912882164,0.07452907012613333,4.5495642501391
Samsung,NX500,1007,400,294.0,0.36314624758093,0.14241029316899217,8.6323867319562
Samsung,NX500,1007,400,294.0,0.72401990511541,0.28392937455506273,12.522060788967
Samsung,NX500,1007,400,294.0,1.4060152002598,0.551378509905804,15.915896046997
Samsung,NX500,1007,400,294.0,2.901470686777,1.1378316418733334,19.365931658784
Samsung,NX500,1007,400,294.0,5.1999225571898,2.0391853165450198,22.026511081725
Samsung,NX500,1007,400,294.0,10.168339524049,3.9875841270780388,25.006289238641
Samsung,NX500,1007,400,294.0,11.16359017639,4.377878500545098,25.416232396019
Samsung,NX500,1007,400,294.0,12.158840828732,4.768172874012548,25.790212627073
Samsung,NX500,1007,400,294.0,13.154091481073,5.158467247479607,26.13398451855
Samsung,NX500,1007,400,294.0,14.149342133414,5.548761620946667,26.452023814391
Samsung,NX500,1007,400,294.0,15.144592785756,5.939055994414118,26.747880225387
Samsung,NX500,1007,400,294.0,16.139843438097,6.329350367881176,27.024416416499
Samsung,NX500,1007,400,294.0,17.135094090438,6.719644741348235,27.283974568101
Samsung,NX500,1007,400,294.0,18.130344742779,7.109939114815293,27.528495345727
Samsung,NX500,1007,400,294.0,19.125595395121,7.5002334882827455,27.759604714658
Samsung,NX500,1007,400,294.0,20.120846047462,7.890527861749804,27.978678493842
Samsung,NX500,1007,400,294.0,21.116096699803,8.280822235216862,28.18689116473
Samsung,NX500,1007,400,294.0,22.111347352144,8.671116608683922,28.38525332915
Samsung,NX500,1007,400,294.0,23.106598004486,9.061410982151372,28.574640843184
Samsung,NX500,1007,400,294.0,24.101848656827,9.451705355618431,28.755817752376
Samsung,NX500,1007,400,294.0,25.097099309168,9.84199972908549,28.929454546294
Samsung,NX500,1007,400,294.0,26.092349961509,10.23229410255255,29.09614283381
Samsung,NX500,1007,400,294.0,27.087600613851,10.622588476019999,29.256407249463
Samsung,NX500,1007,400,294.0,28.082851266192,11.01288284948706,29.41071519507
Samsung,NX500,1007,400,294.0,29.078101918533,11.403177222954119,29.559484872285
Samsung,NX500,1007,400,294.0,30.073352570874,11.793471596421176,29.70309195373
Samsung,NX500,1007,400,294.0,31.068603223216,12.18376596988863,29.841875160511
Samsung,NX500,1007,400,294.0,32.063853875557,12.574060343355686,29.976140954417
Samsung,NX500,1007,400,294.0,33.059104527898,12.964354716822745,30.106167508262
Samsung,NX500,1007,400,294.0,34.05435518024,13.354649090290197,30.23220808363
Samsung,NX500,1007,400,294.0,35.049605832581,13.744943463757256,30.354493919113
Samsung,NX500,1007,400,294.0,36.044856484922,14.135237837224313,30.473236711749
Samsung,NX500,1007,400,294.0,37.040107137263,14.525532210691372,30.588630758542
Samsung,NX500,1007,400,294.0,38.035357789605,14.915826584158824,30.700854812452
Samsung,NX500,1007,400,294.0,39.030608441946,15.306120957625883,30.810073697349
Samsung,NX500,1007,400,294.0,40.025859094287,15.696415331092942,30.916439718543
Samsung,NX500,1007,400,294.0,41.021109746628,16.08670970456,31.020093899175
Samsung,NX500,1007,400,294.0,42.01636039897,16.477004078027452,31.12116706765
Samsung,NX500,1007,400,294.0,43.011611051311,16.867298451494513,31.219780817136
Samsung,NX500,1007,400,294.0,44.006861703652,17.257592824961566,31.316048354776
Samsung,NX500,1007,400,294.0,45.002112355993,17.647887198428627,31.410075255484
Samsung,NX500,1007,400,294.0,45.997363008335,18.03818157189608,31.501960132909
Samsung,NX500,1007,400,294.0,46.992613660676,18.428475945363136,31.591795238249
Samsung,NX500,1007,400,294.0,47.987864313017,18.818770318830197,31.679666996037
Samsung,NX500,1007,400,294.0,48.983114965358,19.209064692297254,31.765656484686
Samsung,NX500,1007,400,294.0,49.9783656177,19.599359065764705,31.849839868501
Samsung,NX500,1007,400,294.0,50.973616270041,19.989653439231763,31.932288786912
Samsung,NX500,1007,400,294.0,51.968866922382,20.379947812698823,32.013070705921
Samsung,NX500,1007,400,294.0,52.964117574724,20.770242186166275,32.092249236077
Samsung,NX500,1007,400,294.0,53.959368227065,21.160536559633332,32.169884420735
Samsung,NX500,1007,400,294.0,54.954618879406,21.550830933100393,32.246032997865
Samsung,NX500,1007,400,294.0,55.949869531747,21.94112530656745,32.320748638283
Samsung,NX500,1007,400,294.0,56.945120184089,22.3314196800349,32.394082162789
Samsung,NX500,1007,400,294.0,57.94037083643,22.72171405350196,32.466081740436
Samsung,NX500,1007,400,294.0,58.935621488771,23.11200842696902,32.536793069838
Samsung,NX500,1007,400,294.0,59.930872141112,23.502302800436077,32.606259545257
Samsung,NX500,1007,400,294.0,60.926122793454,23.89259717390353,32.674522408957
Samsung,NX500,1007,400,294.0,61.921373445795,24.28289154737059,32.741620891166
Samsung,NX500,1007,400,294.0,62.916624098136,24.673185920837646,32.807592338852
Samsung,NX500,1007,400,294.0,63.911874750477,25.063480294304707,32.872472334353
Samsung,NX500,1007,400,294.0,64.907125402819,25.453774667772162,32.93629480481
Samsung,NX500,1007,400,294.0,65.90237605516,25.844069041239216,32.999092123251
Samsung,NX500,1007,400,294.0,66.897626707501,26.234363414706273,33.060895202071
Samsung,NX500,1007,400,294.0,67.892877359842,26.624657788173334,33.121733579585
Samsung,NX500,1007,400,294.0,68.888128012184,27.01495216164078,33.181635500273
Samsung,NX500,1007,400,294.0,69.883378664525,27.405246535107842,33.240627989241
Samsung,NX500,1007,400,294.0,70.878629316866,27.7955409085749,33.298736921408
Samsung,NX500,1007,400,294.0,71.873879969208,28.185835282042355,33.355987085853
Samsung,NX500,1007,400,294.0,72.869130621549,28.576129655509412,33.412402245721
Samsung,NX500,1007,400,294.0,73.86438127389,28.966424028976473,33.468005194062
Samsung,NX500,1007,400,294.0,74.859631926231,29.356718402443533,33.522817805911
Samsung,NX500,1007,400,294.0,75.854882578573,29.74701277591098,33.57686108693
Samsung,NX500,1007,400,294.0,76.850133230914,30.13730714937804,33.630155218862
Samsung,NX500,1007,400,294.0,77.845383883255,30.5276015228451,33.68271960206
Samsung,NX500,1007,400,294.0,78.840634535596,30.917895896312153,33.734572895302
Samsung,NX500,1007,400,294.0,79.835885187938,31.30819026977961,33.785733053102
Samsung,NX500,1007,400,294.0,80.831135840279,31.698484643246665,33.836217360706
Samsung,NX500,1007,400,294.0,81.82638649262,32.08877901671372,33.886042466943
Samsung,NX500,1007,400,294.0,82.821637144962,32.47907339018117,33.935224415076
Samsung,NX500,1007,400,294.0,83.816887797303,32.869367763648235,33.983778671817
Samsung,NX500,1007,400,294.0,84.812138449644,33.25966213711529,34.031720154618
Samsung,NX500,1007,400,294.0,85.807389101985,33.64995651058235,34.079063257366
Samsung,NX500,1007,400,294.0,86.802639754327,34.040250884049804,34.125821874597
Samsung,NX500,1007,400,294.0,87.797890406668,34.43054525751686,34.172009424323
Samsung,NX500,1007,400,294.0,88.793141059009,34.820839630983926,34.217638869572
Samsung,NX500,1007,400,294.0,89.78839171135,35.21113400445098,34.262722738719
Samsung,NX500,1007,400,294.0,90.783642363692,35.60142837791843,34.3072731447
Samsung,NX500,1007,400,294.0,91.778893016033,35.99172275138549,34.351301803175
Samsung,NX500,1007,400,294.0,92.774143668374,36.382017124852545,34.394820049707
Samsung,NX500,1007,400,294.0,93.769394320715,36.7723114983196,34.437838856019
Samsung,NX500,1007,400,294.0,94.764644973057,37.16260587178706,34.480368845403
Samsung,NX500,1007,400,294.0,95.759895625398,37.552900245254115,34.522420307308
Samsung,NX500,1007,400,294.0,96.755146277739,37.94319461872118,34.564003211182
Samsung,NX500,1007,400,294.0,97.750396930081,38.33348899218863,34.605127219598
Samsung,NX500,1007,400,294.0,98.745647582422,38.723783365655684,34.645801700717
Samsung,NX500,1007,400,294.0,99.740898234763,39.11407773912274,34.686035740127
Samsung,NX500,1007,400,294.0,100.7361488871,39.504372112588236,34.725838152086
Samsung,NX500,1007,400,294.0,101.73139953945,39.894666486058824,34.765217490217
Samsung,NX500,1007,400,294.0,102.72665019179,40.28496085952549,34.804182057679
Samsung,NX500,1007,400,294.0,103.72190084413,40.67525523299216,34.842739916849
Samsung,NX500,1007,400,294.0,104.71715149647,41.06554960645882,34.880898898536
Samsung,NX500,1007,400,294.0,105.71240214881,41.45584397992549,34.918666610762
Samsung,NX500,1007,400,294.0,106.70765280115,41.846138353392156,34.956050447132
Samsung,NX500,1007,400,294.0,107.70290345349,42.23643272685882,34.993057594811
Samsung,NX500,1007,400,294.0,108.69815410583,42.62672710032549,35.029695042134
Samsung,NX500,1007,400,294.0,109.69340475818,43.01702147379608,35.065969585872
Samsung,NX500,1007,400,294.0,110.68865541052,43.407315847262744,35.101887838164
Samsung,NX500,1007,400,294.0,111.68390606286,43.79761022072942,35.137456233143
Samsung,NX500,1007,400,294.0,112.6791567152,44.18790459419608,35.172681033266
Samsung,NX500,1007,400,294.0,113.67440736754,44.57819896766274,35.207568335361
Samsung,NX500,1007,400,294.0,114.66965801988,44.96849334112941,35.242124076418
Samsung,NX500,1007,400,294.0,115.66490867222,45.358787714596076,35.276354039121
Samsung,NX500,1007,400,294.0,116.66015932456,45.74908208806274,35.31026385715
Samsung,NX500,1007,400,294.0,117.65540997691,46.13937646153333,35.343859020249
Samsung,NX500,1007,400,294.0,118.65066062925,46.529670835,35.37714487909
Samsung,NX500,1007,400,294.0,119.64591128159,46.91996520846667,35.410126649925
Samsung,NX500,1007,400,294.0,120.64116193393,47.31025958193333,35.442809419049
Samsung,NX500,1007,400,294.0,121.63641258627,47.7005539554,35.475198147082
Samsung,NX500,1007,400,294.0,122.63166323861,48.09084832886667,35.507297673065
Samsung,NX500,1007,400,294.0,123.62691389095,48.48114270233333,35.539112718409
Samsung,NX500,1007,400,294.0,124.62216454329,48.8714370758,35.570647890664
Samsung,NX500,1007,400,294.0,125.61741519564,49.26173144927059,35.601907687156
Samsung,NX500,1007,400,294.0,126.61266584798,49.65202582273726,35.632896498469
Samsung,NX500,1007,400,294.0,127.60791650032,50.042320196203924,35.663618611792
Samsung,NX500,1007,400,294.0,128.60316715266,50.432614569670584,35.694078214146
Samsung,NX500,1007,400,294.0,129.598417805,50.82290894313726,35.724279395466
Samsung,NX500,1007,400,294.0,130.59366845734,51.21320331660392,35.75422615159
Samsung,NX500,1007,400,294.0,131.58891910968,51.60349769007059,35.783922387112
Samsung,NX500,1007,400,294.0,132.58416976202,51.993792063537256,35.813371918139
Samsung,NX500,1007,400,294.0,133.57942041437,52.38408643700784,35.842578474947
Samsung,NX500,1007,400,294.0,134.57467106671,52.77438081047452,35.871545704528
Samsung,NX500,1007,400,294.0,135.56992171905,53.16467518394118,35.900277173052
Samsung,NX500,1007,400,294.0,136.56517237139,53.55496955740784,35.928776368236
Samsung,NX500,1007,400,294.0,137.56042302373,53.94526393087451,35.957046701623
Samsung,NX500,1007,400,294.0,138.55567367607,54.33555830434118,35.985091510786
Samsung,NX500,1007,400,294.0,139.55092432841,54.72585267780784,36.012914061449
Samsung,NX500,1007,400,294.0,140.54617498076,55.11614705127843,36.040517549529
Samsung,NX500,1007,400,294.0,141.5414256331,55.5064414247451,36.067905103115
Samsung,NX500,1007,400,294.0,142.53667628544,55.89673579821176,36.095079784368
Samsung,NX500,1007,400,294.0,143.53192693778,56.28703017167843,36.12204459136
Samsung,NX500,1007,400,294.0,144.52717759012,56.677324545145105,36.148802459848
Samsung,NX500,1007,400,294.0,145.52242824246,57.067618918611764,36.175356264991
Samsung,NX500,1007,400,294.0,146.5176788948,57.45791329207843,36.201708822997
Samsung,NX500,1007,400,294.0,147.51292954714,57.848207665545104,36.227862892731
Samsung,NX500,1007,400,294.0,148.50818019949,58.238502039015685,36.253821177253
Samsung,NX500,1007,400,294.0,149.50343085183,58.62879641248235,36.279586325314
Samsung,NX500,1007,400,294.0,150.49868150417,59.019090785949025,36.3051609328
Samsung,NX500,1007,400,294.0,151.49393215651,59.409385159415685,36.330547544126
Samsung,NX500,1007,400,294.0,152.48918280885,59.799679532882344,36.35574865359
Samsung,NX500,1007,400,294.0,153.48443346119,60.189973906349024,36.380766706674
Samsung,NX500,1007,400,294.0,154.47968411353,60.580268279815684,36.405604101312
Samsung,NX500,1007,400,294.0,155.47493476587,60.97056265328234,36.430263189112
Samsung,NX500,1007,400,294.0,156.47018541822,61.360857026752946,36.454746276542
Samsung,NX500,1007,400,294.0,157.46543607056,61.751151400219605,36.479055626071
Samsung,NX500,1007,400,294.0,158.4606867229,62.14144577368628,36.503193457287
Samsung,NX500,1007,400,294.0,159.45593737524,62.531740147152945,36.527161947969
Samsung,NX500,1007,400,294.0,160.45118802758,62.922034520619604,36.550963235126
Samsung,NX500,1007,400,294.0,161.44643867992,63.312328894086264,36.574599416013
Samsung,NX500,1007,400,294.0,162.44168933226,63.70262326755295,36.598072549107
Samsung,NX500,1007,400,294.0,163.4369399846,64.09291764101961,36.621384655055
Samsung,NX500,1007,400,294.0,164.43219063695,64.48321201449019,36.644537717594
Samsung,NX500,1007,400,294.0,165.42744128929,64.87350638795687,36.667533684445
Samsung,NX500,1007,400,294.0,166.42269194163,65.26380076142352,36.690374468179
Samsung,NX500,1007,400,294.0,167.41794259397,65.6540951348902,36.713061947052
Samsung,NX500,1007,400,294.0,168.41319324631,66.04438950835686,36.735597965826
Samsung,NX500,1007,400,294.0,169.40844389865,66.43468388182353,36.757984336554
Samsung,NX500,1007,400,294.0,170.40369455099,66.82497825529019,36.780222839351
Samsung,NX500,1007,400,294.0,171.39894520333,67.21527262875686,36.802315223139
Samsung,NX500,1007,400,294.0,172.39419585568,67.60556700222745,36.824263206368
Samsung,NX500,1007,400,294.0,173.38944650802,67.99586137569412,36.846068477722
Samsung,NX500,1007,400,294.0,174.38469716036,68.38615574916078,36.867732696797
Samsung,NX500,1007,400,294.0,175.3799478127,68.77645012262745,36.889257494769
Samsung,NX500,1007,400,294.0,176.37519846504,69.16674449609411,36.910644475036
Samsung,NX500,1007,400,294.0,177.37044911738,69.55703886956078,36.931895213844
Samsung,NX500,1007,400,294.0,178.36569976972,69.94733324302746,36.953011260895
Samsung,NX500,1007,400,294.0,179.36095042206,70.33762761649412,36.973994139941
Samsung,NX500,1007,400,294.0,180.35620107441,70.7279219899647,36.994845349356
Samsung,NX500,1007,400,294.0,181.35145172675,71.11821636343137,37.015566362698
Samsung,NX500,1007,400,294.0,182.34670237909,71.50851073689805,37.036158629252
Samsung,NX500,1007,400,294.0,183.34195303143,71.8988051103647,37.056623574561
Samsung,NX500,1007,400,294.0,184.33720368377,72.28909948383138,37.076962600937
Samsung,NX500,1007,400,294.0,185.33245433611,72.67939385729804,37.097177087966
Samsung,NX500,1007,400,294.0,186.32770498845,73.06968823076471,37.117268392993
Samsung,NX500,1007,400,294.0,187.32295564079,73.45998260423137,37.137237851598
Samsung,NX500,1007,400,294.0,188.31820629314,73.85027697770197,37.157086778059
Samsung,NX500,1007,400,294.0,189.31345694548,74.24057135116863,37.176816465797
Samsung,NX500,1007,400,294.0,190.30870759782,74.63086572463529,37.196428187822
Samsung,NX500,1007,400,294.0,191.30395825016,75.02116009810197,37.21592319715
Samsung,NX500,1007,400,294.0,192.2992089025,75.41145447156863,37.235302727229
Samsung,NX500,1007,400,294.0,193.29445955484,75.80174884503529,37.254567992332
Samsung,NX500,1007,400,294.0,194.28971020718,76.19204321850196,37.273720187964
Samsung,NX500,1007,400,294.0,195.28496085952,76.58233759196862,37.292760491235
Samsung,NX500,1007,400,294.0,196.28021151187,76.9726319654392,37.311690061242
Samsung,NX500,1007,400,294.0,197.27546216421,77.3629263389059,37.330510039429
Samsung,NX500,1007,400,294.0,198.27071281655,77.75322071237255,37.349221549949
Samsung,NX500,1007,400,294.0,199.26596346889,78.14351508583921,37.367825700003
Samsung,NX500,1007,400,294.0,200.26121412123,78.53380945930589,37.386323580185
Samsung,NX500,1007,400,294.0,201.25646477357,78.92410383277254,37.404716264807
Samsung,NX500,1007,400,294.0,202.25171542591,79.31439820623922,37.423004812225
Samsung,NX500,1007,400,294.0,203.24696607826,79.7046925797098,37.441190265149
Samsung,NX500,1007,400,294.0,204.2422167306,80.09498695317647,37.459273650952
Samsung,NX500,1007,400,294.0,205.23746738294,80.48528132664313,37.477255981967
Samsung,NX500,1007,400,294.0,206.23271803528,80.8755757001098,37.495138255778
Samsung,NX500,1007,400,294.0,207.22796868762,81.26587007357648,37.512921455505
Samsung,NX500,1007,400,294.0,208.22321933996,81.65616444704314,37.530606550086
Samsung,NX500,1007,400,294.0,209.2184699923,82.0464588205098,37.548194494537
Samsung,NX500,1007,400,294.0,210.21372064464,82.43675319397647,37.565686230231
Samsung,NX500,1007,400,294.0,211.20897129699,82.82704756744705,37.583082685142
Samsung,NX500,1007,400,294.0,212.20422194933,83.21734194091373,37.600384774107
Samsung,NX500,1007,400,294.0,213.19947260167,83.6076363143804,37.617593399071
Samsung,NX500,1007,400,294.0,214.19472325401,83.99793068784706,37.634709449322
Samsung,NX500,1007,400,294.0,215.18997390635,84.38822506131373,37.651733801732
Samsung,NX500,1007,400,294.0,216.18522455869,84.77851943478039,37.668667320983
Samsung,NX500,1007,400,294.0,217.18047521103,85.16881380824705,37.685510859795
Samsung,NX500,1007,400,294.0,218.17572586337,85.55910818171371,37.702265259139
Samsung,NX500,1007,400,294.0,219.17097651572,85.94940255518432,37.718931348458
Samsung,NX500,1007,400,294.0,220.16622716806,86.33969692865098,37.735509945871
Samsung,NX500,1007,400,294.0,221.1614778204,86.72999130211765,37.752001858381
Samsung,NX500,1007,400,294.0,222.15672847274,87.12028567558431,37.768407882073
Samsung,NX500,1007,400,294.0,223.15197912508,87.51058004905097,37.784728802311
Samsung,NX500,1007,400,294.0,224.14722977742,87.90087442251765,37.800965393927
Samsung,NX500,1007,400,294.0,225.14248042976,88.29116879598432,37.81711842141
Samsung,NX500,1007,400,294.0,226.1377310821,88.68146316945098,37.833188639088
Samsung,NX500,1007,400,294.0,227.13298173445,89.07175754292157,37.849176791305
Samsung,NX500,1007,400,294.0,228.12823238679,89.46205191638823,37.865083612601
Samsung,NX500,1007,400,294.0,229.12348303913,89.8523462898549,37.880909827876
Samsung,NX500,1007,400,294.0,230.11873369147,90.24264066332157,37.896656152563
Samsung,NX500,1007,400,294.0,231.11398434381,90.63293503678823,37.91232329279
Samsung,NX500,1007,400,294.0,232.10923499615,91.0232294102549,37.927911945538
Samsung,NX500,1007,400,294.0,233.10448564849,91.41352378372157,37.9434227988
Samsung,NX500,1007,400,294.0,234.09973630083,91.80381815718823,37.958856531736
Samsung,NX500,1007,400,294.0,235.09498695318,92.19411253065883,37.974213814818
Samsung,NX500,1007,400,294.0,236.09023760552,92.58440690412549,37.989495309983
Samsung,NX500,1007,400,294.0,237.08548825786,92.97470127759215,38.004701670772
Samsung,NX500,1007,400,294.0,238.0807389102,93.36499565105882,38.019833542475
Samsung,NX500,1007,400,294.0,239.07598956254,93.7552900245255,38.034891562263
Samsung,NX500,1007,400,294.0,240.07124021488,94.14558439799215,38.049876359331
Samsung,NX500,1007,400,294.0,241.06649086722,94.53587877145883,38.064788555025
Samsung,NX500,1007,400,294.0,242.06174151956,94.9261731449255,38.079628762971
Samsung,NX500,1007,400,294.0,243.05699217191,95.31646751839608,38.094397589205
Samsung,NX500,1007,400,294.0,244.05224282425,95.70676189186274,38.109095632296
Samsung,NX500,1007,400,294.0,245.04749347659,96.09705626532941,38.123723483467
Samsung,NX500,1007,400,294.0,246.04274412893,96.48735063879607,38.138281726716
Samsung,NX500,1007,400,294.0,247.03799478127,96.87764501226273,38.152770938929
Samsung,NX500,1007,400,294.0,248.03324543361,97.26793938572942,38.16719169
Samsung,NX500,1007,400,294.0,249.02849608595,97.65823375919608,38.181544542941
Samsung,NX500,1007,400,294.0,250.02374673829,98.04852813266274,38.195830053988
Samsung,NX500,1007,400,294.0,251.01899739064,98.43882250613333,38.210048772715
Samsung,NX500,1007,400,294.0,252.01424804298,98.8291168796,38.224201242137
Samsung,NX500,1007,400,294.0,253.00949869532,99.21941125306665,38.238287998813
Samsung,NX500,1007,400,294.0,254.00474934766,99.60970562653334,38.252309572947
Samsung,NX500,1007,400,294.0,255,100.0,38.266266488489
Samsung,NX500,1007,800,596.0,0.19004912882164,0.07452907012613333,0
Samsung,NX500,1007,800,596.0,0.36314624758093,0.14241029316899217,4.4499079690728
Samsung,NX500,1007,800,596.0,0.72401990511541,0.28392937455506273,8.6997423180765
Samsung,NX500,1007,800,596.0,1.4060152002598,0.551378509905804,12.355986501752
Samsung,NX500,1007,800,596.0,2.901470686777,1.1378316418733334,15.991716918649
Samsung,NX500,1007,800,596.0,5.1999225571898,2.0391853165450198,18.745240376593
Samsung,NX500,1007,800,596.0,10.168339524049,3.9875841270780388,21.796676640086
Samsung,NX500,1007,800,596.0,11.16359017639,4.377878500545098,22.215046020477
Samsung,NX500,1007,800,596.0,12.158840828732,4.768172874012548,22.596578153982
Samsung,NX500,1007,800,596.0,13.154091481073,5.158467247479607,22.947221125035
Samsung,NX500,1007,800,596.0,14.149342133414,5.548761620946667,23.271590832633
Samsung,NX500,1007,800,596.0,15.144592785756,5.939055994414118,23.573340996991
Samsung,NX500,1007,800,596.0,16.139843438097,6.329350367881176,23.855413093865
Samsung,NX500,1007,800,596.0,17.135094090438,6.719644741348235,24.120210111538
Samsung,NX500,1007,800,596.0,18.130344742779,7.109939114815293,24.369720383712
Samsung,NX500,1007,800,596.0,19.125595395121,7.5002334882827455,24.605607771624
Samsung,NX500,1007,800,596.0,20.120846047462,7.890527861749804,24.829278600314
Samsung,NX500,1007,800,596.0,21.116096699803,8.280822235216862,25.041932185267
Samsung,NX500,1007,800,596.0,22.111347352144,8.671116608683922,25.244599550202
Samsung,NX500,1007,800,596.0,23.106598004486,9.061410982151372,25.438173499322
Samsung,NX500,1007,800,596.0,24.101848656827,9.451705355618431,25.623432261162
Samsung,NX500,1007,800,596.0,25.097099309168,9.84199972908549,25.801058285136
Samsung,NX500,1007,800,596.0,26.092349961509,10.23229410255255,25.971653336111
Samsung,NX500,1007,800,596.0,27.087600613851,10.622588476019999,26.135750728637
Samsung,NX500,1007,800,596.0,28.082851266192,11.01288284948706,26.2938253274
Samsung,NX500,1007,800,596.0,29.078101918533,11.403177222954119,26.446301786015
Samsung,NX500,1007,800,596.0,30.073352570874,11.793471596421176,26.593561383821
Samsung,NX500,1007,800,596.0,31.068603223216,12.18376596988863,26.735947737517
Samsung,NX500,1007,800,596.0,32.063853875557,12.574060343355686,26.873771602733
Samsung,NX500,1007,800,596.0,33.059104527898,12.964354716822745,27.007314934156
Samsung,NX500,1007,800,596.0,34.05435518024,13.354649090290197,27.136834337453
Samsung,NX500,1007,800,596.0,35.049605832581,13.744943463757256,27.262564019146
Samsung,NX500,1007,800,596.0,36.044856484922,14.135237837224313,27.384718319565
Samsung,NX500,1007,800,596.0,37.040107137263,14.525532210691372,27.503493897642
Samsung,NX500,1007,800,596.0,38.035357789605,14.915826584158824,27.619071623428
Samsung,NX500,1007,800,596.0,39.030608441946,15.306120957625883,27.73161822403
Samsung,NX500,1007,800,596.0,40.025859094287,15.696415331092942,27.841287720535
Samsung,NX500,1007,800,596.0,41.021109746628,16.08670970456,27.948222686983
Samsung,NX500,1007,800,596.0,42.01636039897,16.477004078027452,28.052555357186
Samsung,NX500,1007,800,596.0,43.011611051311,16.867298451494513,28.154408600948
Samsung,NX500,1007,800,596.0,44.006861703652,17.257592824961566,28.253896787742
Samsung,NX500,1007,800,596.0,45.002112355993,17.647887198428627,28.351126553062
Samsung,NX500,1007,800,596.0,45.997363008335,18.03818157189608,28.446197480323
Samsung,NX500,1007,800,596.0,46.992613660676,18.428475945363136,28.539202709234
Samsung,NX500,1007,800,596.0,47.987864313017,18.818770318830197,28.630229479954
Samsung,NX500,1007,800,596.0,48.983114965358,19.209064692297254,28.719359621003
Samsung,NX500,1007,800,596.0,49.9783656177,19.599359065764705,28.80666998775
Samsung,NX500,1007,800,596.0,50.973616270041,19.989653439231763,28.892232857384
Samsung,NX500,1007,800,596.0,51.968866922382,20.379947812698823,28.976116285429
Samsung,NX500,1007,800,596.0,52.964117574724,20.770242186166275,29.058384428232
Samsung,NX500,1007,800,596.0,53.959368227065,21.160536559633332,29.139097835225
Samsung,NX500,1007,800,596.0,54.954618879406,21.550830933100393,29.218313714315
Samsung,NX500,1007,800,596.0,55.949869531747,21.94112530656745,29.296086173312
Samsung,NX500,1007,800,596.0,56.945120184089,22.3314196800349,29.372466439927
Samsung,NX500,1007,800,596.0,57.94037083643,22.72171405350196,29.447503062611
Samsung,NX500,1007,800,596.0,58.935621488771,23.11200842696902,29.52124209418
Samsung,NX500,1007,800,596.0,59.930872141112,23.502302800436077,29.593727259975
Samsung,NX500,1007,800,596.0,60.926122793454,23.89259717390353,29.665000112097
Samsung,NX500,1007,800,596.0,61.921373445795,24.28289154737059,29.735100171072
Samsung,NX500,1007,800,596.0,62.916624098136,24.673185920837646,29.804065056157
Samsung,NX500,1007,800,596.0,63.911874750477,25.063480294304707,29.871930605372
Samsung,NX500,1007,800,596.0,64.907125402819,25.453774667772162,29.938730986193
Samsung,NX500,1007,800,596.0,65.90237605516,25.844069041239216,30.004498797794
Samsung,NX500,1007,800,596.0,66.897626707501,26.234363414706273,30.069265165576
Samsung,NX500,1007,800,596.0,67.892877359842,26.624657788173334,30.133059828676
Samsung,NX500,1007,800,596.0,68.888128012184,27.01495216164078,30.195911221092
Samsung,NX500,1007,800,596.0,69.883378664525,27.405246535107842,30.257846546938
Samsung,NX500,1007,800,596.0,70.878629316866,27.7955409085749,30.318891850374
Samsung,NX500,1007,800,596.0,71.873879969208,28.185835282042355,30.379072080617
Samsung,NX500,1007,800,596.0,72.869130621549,28.576129655509412,30.438411152471
Samsung,NX500,1007,800,596.0,73.86438127389,28.966424028976473,30.496932002734
Samsung,NX500,1007,800,596.0,74.859631926231,29.356718402443533,30.554656642797
Samsung,NX500,1007,800,596.0,75.854882578573,29.74701277591098,30.611606207774
Samsung,NX500,1007,800,596.0,76.850133230914,30.13730714937804,30.667801002397
Samsung,NX500,1007,800,596.0,77.845383883255,30.5276015228451,30.723260543957
Samsung,NX500,1007,800,596.0,78.840634535596,30.917895896312153,30.778003602499
Samsung,NX500,1007,800,596.0,79.835885187938,31.30819026977961,30.832048238484
Samsung,NX500,1007,800,596.0,80.831135840279,31.698484643246665,30.885411838112
Samsung,NX500,1007,800,596.0,81.82638649262,32.08877901671372,30.938111146473
Samsung,NX500,1007,800,596.0,82.821637144962,32.47907339018117,30.990162298681
Samsung,NX500,1007,800,596.0,83.816887797303,32.869367763648235,31.041580849146
Samsung,NX500,1007,800,596.0,84.812138449644,33.25966213711529,31.092381799109
Samsung,NX500,1007,800,596.0,85.807389101985,33.64995651058235,31.142579622565
Samsung,NX500,1007,800,596.0,86.802639754327,34.040250884049804,31.192188290683
Samsung,NX500,1007,800,596.0,87.797890406668,34.43054525751686,31.241221294828
Samsung,NX500,1007,800,596.0,88.793141059009,34.820839630983926,31.289691668287
Samsung,NX500,1007,800,596.0,89.78839171135,35.21113400445098,31.337612006769
Samsung,NX500,1007,800,596.0,90.783642363692,35.60142837791843,31.384994487781
Samsung,NX500,1007,800,596.0,91.778893016033,35.99172275138549,31.431850888931
Samsung,NX500,1007,800,596.0,92.774143668374,36.382017124852545,31.478192605257
Samsung,NX500,1007,800,596.0,93.769394320715,36.7723114983196,31.524030665611
Samsung,NX500,1007,800,596.0,94.764644973057,37.16260587178706,31.569375748187
Samsung,NX500,1007,800,596.0,95.759895625398,37.552900245254115,31.614238195227
Samsung,NX500,1007,800,596.0,96.755146277739,37.94319461872118,31.65862802697
Samsung,NX500,1007,800,596.0,97.750396930081,38.33348899218863,31.702554954879
Samsung,NX500,1007,800,596.0,98.745647582422,38.723783365655684,31.746028394202
Samsung,NX500,1007,800,596.0,99.740898234763,39.11407773912274,31.789057475892
Samsung,NX500,1007,800,596.0,100.7361488871,39.504372112588236,31.831651057944
Samsung,NX500,1007,800,596.0,101.73139953945,39.894666486058824,31.873817736163
Samsung,NX500,1007,800,596.0,102.72665019179,40.28496085952549,31.915565854413
Samsung,NX500,1007,800,596.0,103.72190084413,40.67525523299216,31.956903514365
Samsung,NX500,1007,800,596.0,104.71715149647,41.06554960645882,31.997838584782
Samsung,NX500,1007,800,596.0,105.71240214881,41.45584397992549,32.038378710361
Samsung,NX500,1007,800,596.0,106.70765280115,41.846138353392156,32.078531320159
Samsung,NX500,1007,800,596.0,107.70290345349,42.23643272685882,32.118303635631
Samsung,NX500,1007,800,596.0,108.69815410583,42.62672710032549,32.157702678289
Samsung,NX500,1007,800,596.0,109.69340475818,43.01702147379608,32.196735277019
Samsung,NX500,1007,800,596.0,110.68865541052,43.407315847262744,32.235408075061
Samsung,NX500,1007,800,596.0,111.68390606286,43.79761022072942,32.273727536679
Samsung,NX500,1007,800,596.0,112.6791567152,44.18790459419608,32.311699953531
Samsung,NX500,1007,800,596.0,113.67440736754,44.57819896766274,32.349331450763
Samsung,NX500,1007,800,596.0,114.66965801988,44.96849334112941,32.38662799283
Samsung,NX500,1007,800,596.0,115.66490867222,45.358787714596076,32.423595389068
Samsung,NX500,1007,800,596.0,116.66015932456,45.74908208806274,32.460239299029
Samsung,NX500,1007,800,596.0,117.65540997691,46.13937646153333,32.496565237586
Samsung,NX500,1007,800,596.0,118.65066062925,46.529670835,32.532578579819
Samsung,NX500,1007,800,596.0,119.64591128159,46.91996520846667,32.568284565707
Samsung,NX500,1007,800,596.0,120.64116193393,47.31025958193333,32.603688304609
Samsung,NX500,1007,800,596.0,121.63641258627,47.7005539554,32.638794779578
Samsung,NX500,1007,800,596.0,122.63166323861,48.09084832886667,32.673608851484
Samsung,NX500,1007,800,596.0,123.62691389095,48.48114270233333,32.708135262979
Samsung,NX500,1007,800,596.0,124.62216454329,48.8714370758,32.742378642299
Samsung,NX500,1007,800,596.0,125.61741519564,49.26173144927059,32.776343506914
Samsung,NX500,1007,800,596.0,126.61266584798,49.65202582273726,32.810034267038
Samsung,NX500,1007,800,596.0,127.60791650032,50.042320196203924,32.843455228992
Samsung,NX500,1007,800,596.0,128.60316715266,50.432614569670584,32.876610598446
Samsung,NX500,1007,800,596.0,129.598417805,50.82290894313726,32.909504483529
Samsung,NX500,1007,800,596.0,130.59366845734,51.21320331660392,32.942140897826
Samsung,NX500,1007,800,596.0,131.58891910968,51.60349769007059,32.974523763252
Samsung,NX500,1007,800,596.0,132.58416976202,51.993792063537256,33.006656912826
Samsung,NX500,1007,800,596.0,133.57942041437,52.38408643700784,33.038544093334
Samsung,NX500,1007,800,596.0,134.57467106671,52.77438081047452,33.070188967901
Samsung,NX500,1007,800,596.0,135.56992171905,53.16467518394118,33.101595118459
Samsung,NX500,1007,800,596.0,136.56517237139,53.55496955740784,33.132766048133
Samsung,NX500,1007,800,596.0,137.56042302373,53.94526393087451,33.163705183532
Samsung,NX500,1007,800,596.0,138.55567367607,54.33555830434118,33.194415876962
Samsung,NX500,1007,800,596.0,139.55092432841,54.72585267780784,33.224901408561
Samsung,NX500,1007,800,596.0,140.54617498076,55.11614705127843,33.255164988355
Samsung,NX500,1007,800,596.0,141.5414256331,55.5064414247451,33.28520975824
Samsung,NX500,1007,800,596.0,142.53667628544,55.89673579821176,33.315038793898
Samsung,NX500,1007,800,596.0,143.53192693778,56.28703017167843,33.344655106645
Samsung,NX500,1007,800,596.0,144.52717759012,56.677324545145105,33.374061645214
Samsung,NX500,1007,800,596.0,145.52242824246,57.067618918611764,33.403261297476
Samsung,NX500,1007,800,596.0,146.5176788948,57.45791329207843,33.432256892105
Samsung,NX500,1007,800,596.0,147.51292954714,57.848207665545104,33.461051200184
Samsung,NX500,1007,800,596.0,148.50818019949,58.238502039015685,33.489646936761
Samsung,NX500,1007,800,596.0,149.50343085183,58.62879641248235,33.518046762343
Samsung,NX500,1007,800,596.0,150.49868150417,59.019090785949025,33.546253284353
Samsung,NX500,1007,800,596.0,151.49393215651,59.409385159415685,33.574269058532
Samsung,NX500,1007,800,596.0,152.48918280885,59.799679532882344,33.602096590293
Samsung,NX500,1007,800,596.0,153.48443346119,60.189973906349024,33.629738336036
Samsung,NX500,1007,800,596.0,154.47968411353,60.580268279815684,33.657196704419
Samsung,NX500,1007,800,596.0,155.47493476587,60.97056265328234,33.684474057583
Samsung,NX500,1007,800,596.0,156.47018541822,61.360857026752946,33.711572712347
Samsung,NX500,1007,800,596.0,157.46543607056,61.751151400219605,33.73849494136
Samsung,NX500,1007,800,596.0,158.4606867229,62.14144577368628,33.76524297421
Samsung,NX500,1007,800,596.0,159.45593737524,62.531740147152945,33.791818998515
Samsung,NX500,1007,800,596.0,160.45118802758,62.922034520619604,33.81822516096
Samsung,NX500,1007,800,596.0,161.44643867992,63.312328894086264,33.844463568319
Samsung,NX500,1007,800,596.0,162.44168933226,63.70262326755295,33.870536288436
Samsung,NX500,1007,800,596.0,163.4369399846,64.09291764101961,33.896445351177
Samsung,NX500,1007,800,596.0,164.43219063695,64.48321201449019,33.922192749355
Samsung,NX500,1007,800,596.0,165.42744128929,64.87350638795687,33.947780439627
Samsung,NX500,1007,800,596.0,166.42269194163,65.26380076142352,33.973210343363
Samsung,NX500,1007,800,596.0,167.41794259397,65.6540951348902,33.99848434749
Samsung,NX500,1007,800,596.0,168.41319324631,66.04438950835686,34.02360430531
Samsung,NX500,1007,800,596.0,169.40844389865,66.43468388182353,34.048572037291
Samsung,NX500,1007,800,596.0,170.40369455099,66.82497825529019,34.073389331845
Samsung,NX500,1007,800,596.0,171.39894520333,67.21527262875686,34.098057946071
Samsung,NX500,1007,800,596.0,172.39419585568,67.60556700222745,34.12257960648
Samsung,NX500,1007,800,596.0,173.38944650802,67.99586137569412,34.146956009707
Samsung,NX500,1007,800,596.0,174.38469716036,68.38615574916078,34.171188823193
Samsung,NX500,1007,800,596.0,175.3799478127,68.77645012262745,34.19527968585
Samsung,NX500,1007,800,596.0,176.37519846504,69.16674449609411,34.21923020871
Samsung,NX500,1007,800,596.0,177.37044911738,69.55703886956078,34.243041975551
Samsung,NX500,1007,800,596.0,178.36569976972,69.94733324302746,34.266716543513
Samsung,NX500,1007,800,596.0,179.36095042206,70.33762761649412,34.290255443688
Samsung,NX500,1007,800,596.0,180.35620107441,70.7279219899647,34.313660181699
Samsung,NX500,1007,800,596.0,181.35145172675,71.11821636343137,34.336932238262
Samsung,NX500,1007,800,596.0,182.34670237909,71.50851073689805,34.360073069732
Samsung,NX500,1007,800,596.0,183.34195303143,71.8988051103647,34.383084108635
Samsung,NX500,1007,800,596.0,184.33720368377,72.28909948383138,34.405966764185
Samsung,NX500,1007,800,596.0,185.33245433611,72.67939385729804,34.428722422784
Samsung,NX500,1007,800,596.0,186.32770498845,73.06968823076471,34.451352448518
Samsung,NX500,1007,800,596.0,187.32295564079,73.45998260423137,34.473858183628
Samsung,NX500,1007,800,596.0,188.31820629314,73.85027697770197,34.496240948976
Samsung,NX500,1007,800,596.0,189.31345694548,74.24057135116863,34.518502044496
Samsung,NX500,1007,800,596.0,190.30870759782,74.63086572463529,34.540642749635
Samsung,NX500,1007,800,596.0,191.30395825016,75.02116009810197,34.56266432378
Samsung,NX500,1007,800,596.0,192.2992089025,75.41145447156863,34.584568006675
Samsung,NX500,1007,800,596.0,193.29445955484,75.80174884503529,34.606355018829
Samsung,NX500,1007,800,596.0,194.28971020718,76.19204321850196,34.628026561909
Samsung,NX500,1007,800,596.0,195.28496085952,76.58233759196862,34.649583819129
Samsung,NX500,1007,800,596.0,196.28021151187,76.9726319654392,34.671027955626
Samsung,NX500,1007,800,596.0,197.27546216421,77.3629263389059,34.692360118821
Samsung,NX500,1007,800,596.0,198.27071281655,77.75322071237255,34.713581438783
Samsung,NX500,1007,800,596.0,199.26596346889,78.14351508583921,34.734693028574
Samsung,NX500,1007,800,596.0,200.26121412123,78.53380945930589,34.755695984588
Samsung,NX500,1007,800,596.0,201.25646477357,78.92410383277254,34.776591386885
Samsung,NX500,1007,800,596.0,202.25171542591,79.31439820623922,34.797380299508
Samsung,NX500,1007,800,596.0,203.24696607826,79.7046925797098,34.818063770807
Samsung,NX500,1007,800,596.0,204.2422167306,80.09498695317647,34.838642833736
Samsung,NX500,1007,800,596.0,205.23746738294,80.48528132664313,34.859118506162
Samsung,NX500,1007,800,596.0,206.23271803528,80.8755757001098,34.879491791152
Samsung,NX500,1007,800,596.0,207.22796868762,81.26587007357648,34.899763677259
Samsung,NX500,1007,800,596.0,208.22321933996,81.65616444704314,34.919935138804
Samsung,NX500,1007,800,596.0,209.2184699923,82.0464588205098,34.940007136142
Samsung,NX500,1007,800,596.0,210.21372064464,82.43675319397647,34.959980615935
Samsung,NX500,1007,800,596.0,211.20897129699,82.82704756744705,34.979856511405
Samsung,NX500,1007,800,596.0,212.20422194933,83.21734194091373,34.999635742589
Samsung,NX500,1007,800,596.0,213.19947260167,83.6076363143804,35.019319216589
Samsung,NX500,1007,800,596.0,214.19472325401,83.99793068784706,35.038907827808
Samsung,NX500,1007,800,596.0,215.18997390635,84.38822506131373,35.058402458191
Samsung,NX500,1007,800,596.0,216.18522455869,84.77851943478039,35.077803977453
Samsung,NX500,1007,800,596.0,217.18047521103,85.16881380824705,35.097113243303
Samsung,NX500,1007,800,596.0,218.17572586337,85.55910818171371,35.116331101667
Samsung,NX500,1007,800,596.0,219.17097651572,85.94940255518432,35.1354583869
Samsung,NX500,1007,800,596.0,220.16622716806,86.33969692865098,35.154495921997
Samsung,NX500,1007,800,596.0,221.1614778204,86.72999130211765,35.173444518799
Samsung,NX500,1007,800,596.0,222.15672847274,87.12028567558431,35.192304978192
Samsung,NX500,1007,800,596.0,223.15197912508,87.51058004905097,35.211078090306
Samsung,NX500,1007,800,596.0,224.14722977742,87.90087442251765,35.229764634703
Samsung,NX500,1007,800,596.0,225.14248042976,88.29116879598432,35.24836538057
Samsung,NX500,1007,800,596.0,226.1377310821,88.68146316945098,35.266881086894
Samsung,NX500,1007,800,596.0,227.13298173445,89.07175754292157,35.285312502651
Samsung,NX500,1007,800,596.0,228.12823238679,89.46205191638823,35.303660366974
Samsung,NX500,1007,800,596.0,229.12348303913,89.8523462898549,35.321925409328
Samsung,NX500,1007,800,596.0,230.11873369147,90.24264066332157,35.340108349679
Samsung,NX500,1007,800,596.0,231.11398434381,90.63293503678823,35.358209898654
Samsung,NX500,1007,800,596.0,232.10923499615,91.0232294102549,35.376230757706
Samsung,NX500,1007,800,596.0,233.10448564849,91.41352378372157,35.394171619269
Samsung,NX500,1007,800,596.0,234.09973630083,91.80381815718823,35.412033166913
Samsung,NX500,1007,800,596.0,235.09498695318,92.19411253065883,35.429816075495
Samsung,NX500,1007,800,596.0,236.09023760552,92.58440690412549,35.447521011302
Samsung,NX500,1007,800,596.0,237.08548825786,92.97470127759215,35.465148632204
Samsung,NX500,1007,800,596.0,238.0807389102,93.36499565105882,35.482699587786
Samsung,NX500,1007,800,596.0,239.07598956254,93.7552900245255,35.500174519494
Samsung,NX500,1007,800,596.0,240.07124021488,94.14558439799215,35.517574060766
Samsung,NX500,1007,800,596.0,241.06649086722,94.53587877145883,35.534898837165
Samsung,NX500,1007,800,596.0,242.06174151956,94.9261731449255,35.552149466512
Samsung,NX500,1007,800,596.0,243.05699217191,95.31646751839608,35.569326559009
Samsung,NX500,1007,800,596.0,244.05224282425,95.70676189186274,35.586430717368
Samsung,NX500,1007,800,596.0,245.04749347659,96.09705626532941,35.603462536929
Samsung,NX500,1007,800,596.0,246.04274412893,96.48735063879607,35.620422605784
Samsung,NX500,1007,800,596.0,247.03799478127,96.87764501226273,35.637311504889
Samsung,NX500,1007,800,596.0,248.03324543361,97.26793938572942,35.654129808185
Samsung,NX500,1007,800,596.0,249.02849608595,97.65823375919608,35.670878082705
Samsung,NX500,1007,800,596.0,250.02374673829,98.04852813266274,35.687556888687
Samsung,NX500,1007,800,596.0,251.01899739064,98.43882250613333,35.704166779685
Samsung,NX500,1007,800,596.0,252.01424804298,98.8291168796,35.720708302667
Samsung,NX500,1007,800,596.0,253.00949869532,99.21941125306665,35.737181998127
Samsung,NX500,1007,800,596.0,254.00474934766,99.60970562653334,35.753588400184
Samsung,NX500,1007,800,596.0,255,100.0,35.769928036679
Samsung,NX500,1007,1600,1182.0,0.36314624758093,0.14241029316899217,0
Samsung,NX500,1007,1600,1182.0,0.72401990511541,0.28392937455506273,4.6715158076646
Samsung,NX500,1007,1600,1182.0,1.4060152002598,0.551378509905804,8.6872266461031
Samsung,NX500,1007,1600,1182.0,2.901470686777,1.1378316418733334,12.607034734403
Samsung,NX500,1007,1600,1182.0,5.1999225571898,2.0391853165450198,15.507764425796
Samsung,NX500,1007,1600,1182.0,10.168339524049,3.9875841270780388,18.66313068979
Samsung,NX500,1007,1600,1182.0,11.16359017639,4.377878500545098,19.092035134879
Samsung,NX500,1007,1600,1182.0,12.158840828732,4.768172874012548,19.482555795574
Samsung,NX500,1007,1600,1182.0,13.154091481073,5.158467247479607,19.840978738686
Samsung,NX500,1007,1600,1182.0,14.149342133414,5.548761620946667,20.172166039588
Samsung,NX500,1007,1600,1182.0,15.144592785756,5.939055994414118,20.479954979019
Samsung,NX500,1007,1600,1182.0,16.139843438097,6.329350367881176,20.767426695839
Samsung,NX500,1007,1600,1182.0,17.135094090438,6.719644741348235,21.037092326264
Samsung,NX500,1007,1600,1182.0,18.130344742779,7.109939114815293,21.291025251542
Samsung,NX500,1007,1600,1182.0,19.125595395121,7.5002334882827455,21.530957135304
Samsung,NX500,1007,1600,1182.0,20.120846047462,7.890527861749804,21.758349020026
Samsung,NX500,1007,1600,1182.0,21.116096699803,8.280822235216862,21.974444864964
Samsung,NX500,1007,1600,1182.0,22.111347352144,8.671116608683922,22.18031248021
Samsung,NX500,1007,1600,1182.0,23.106598004486,9.061410982151372,22.376875254758
Samsung,NX500,1007,1600,1182.0,24.101848656827,9.451705355618431,22.564937054374
Samsung,NX500,1007,1600,1182.0,25.097099309168,9.84199972908549,22.745201979695
Samsung,NX500,1007,1600,1182.0,26.092349961509,10.23229410255255,22.918290206494
Samsung,NX500,1007,1600,1182.0,27.087600613851,10.622588476019999,23.084750804238
Samsung,NX500,1007,1600,1182.0,28.082851266192,11.01288284948706,23.245072198819
Samsung,NX500,1007,1600,1182.0,29.078101918533,11.403177222954119,23.39969078032
Samsung,NX500,1007,1600,1182.0,30.073352570874,11.793471596421176,23.548998036736
Samsung,NX500,1007,1600,1182.0,31.068603223216,12.18376596988863,23.693346506388
Samsung,NX500,1007,1600,1182.0,32.063853875557,12.574060343355686,23.833054776117
Samsung,NX500,1007,1600,1182.0,33.059104527898,12.964354716822745,23.968411703064
Samsung,NX500,1007,1600,1182.0,34.05435518024,13.354649090290197,24.099680000316
Samsung,NX500,1007,1600,1182.0,35.049605832581,13.744943463757256,24.227099298043
Samsung,NX500,1007,1600,1182.0,36.044856484922,14.135237837224313,24.350888769538
Samsung,NX500,1007,1600,1182.0,37.040107137263,14.525532210691372,24.471249394294
Samsung,NX500,1007,1600,1182.0,38.035357789605,14.915826584158824,24.588365916678
Samsung,NX500,1007,1600,1182.0,39.030608441946,15.306120957625883,24.702408548029
Samsung,NX500,1007,1600,1182.0,40.025859094287,15.696415331092942,24.813534451473
Samsung,NX500,1007,1600,1182.0,41.021109746628,16.08670970456,24.921889041895
Samsung,NX500,1007,1600,1182.0,42.01636039897,16.477004078027452,25.027607128011
Samsung,NX500,1007,1600,1182.0,43.011611051311,16.867298451494513,25.130813918992
Samsung,NX500,1007,1600,1182.0,44.006861703652,17.257592824961566,25.231625914471
Samsung,NX500,1007,1600,1182.0,45.002112355993,17.647887198428627,25.330151693772
Samsung,NX500,1007,1600,1182.0,45.997363008335,18.03818157189608,25.426492617747
Samsung,NX500,1007,1600,1182.0,46.992613660676,18.428475945363136,25.520743454581
Samsung,NX500,1007,1600,1182.0,47.987864313017,18.818770318830197,25.612992939233
Samsung,NX500,1007,1600,1182.0,48.983114965358,19.209064692297254,25.703324274786
Samsung,NX500,1007,1600,1182.0,49.9783656177,19.599359065764705,25.79181558279
Samsung,NX500,1007,1600,1182.0,50.973616270041,19.989653439231763,25.878540308704
Samsung,NX500,1007,1600,1182.0,51.968866922382,20.379947812698823,25.963567587701
Samsung,NX500,1007,1600,1182.0,52.964117574724,20.770242186166275,26.0469625754
Samsung,NX500,1007,1600,1182.0,53.959368227065,21.160536559633332,26.12878674747
Samsung,NX500,1007,1600,1182.0,54.954618879406,21.550830933100393,26.209098171579
Samsung,NX500,1007,1600,1182.0,55.949869531747,21.94112530656745,26.287951754672
Samsung,NX500,1007,1600,1182.0,56.945120184089,22.3314196800349,26.36539946823
Samsung,NX500,1007,1600,1182.0,57.94037083643,22.72171405350196,26.441490553813
Samsung,NX500,1007,1600,1182.0,58.935621488771,23.11200842696902,26.516271710934
Samsung,NX500,1007,1600,1182.0,59.930872141112,23.502302800436077,26.589787269036
Samsung,NX500,1007,1600,1182.0,60.926122793454,23.89259717390353,26.662079345178
Samsung,NX500,1007,1600,1182.0,61.921373445795,24.28289154737059,26.733187988819
Samsung,NX500,1007,1600,1182.0,62.916624098136,24.673185920837646,26.803151314955
Samsung,NX500,1007,1600,1182.0,63.911874750477,25.063480294304707,26.872005626709
Samsung,NX500,1007,1600,1182.0,64.907125402819,25.453774667772162,26.93978552836
Samsung,NX500,1007,1600,1182.0,65.90237605516,25.844069041239216,27.006524029702
Samsung,NX500,1007,1600,1182.0,66.897626707501,26.234363414706273,27.072252642503
Samsung,NX500,1007,1600,1182.0,67.892877359842,26.624657788173334,27.137001469791
Samsung,NX500,1007,1600,1182.0,68.888128012184,27.01495216164078,27.200799288572
Samsung,NX500,1007,1600,1182.0,69.883378664525,27.405246535107842,27.26367362658
Samsung,NX500,1007,1600,1182.0,70.878629316866,27.7955409085749,27.325650833544
Samsung,NX500,1007,1600,1182.0,71.873879969208,28.185835282042355,27.386756147449
Samsung,NX500,1007,1600,1182.0,72.869130621549,28.576129655509412,27.447013756201
Samsung,NX500,1007,1600,1182.0,73.86438127389,28.966424028976473,27.506446855083
Samsung,NX500,1007,1600,1182.0,74.859631926231,29.356718402443533,27.565077700321
Samsung,NX500,1007,1600,1182.0,75.854882578573,29.74701277591098,27.6229276591
Samsung,NX500,1007,1600,1182.0,76.850133230914,30.13730714937804,27.680017256284
Samsung,NX500,1007,1600,1182.0,77.845383883255,30.5276015228451,27.736366218113
Samsung,NX500,1007,1600,1182.0,78.840634535596,30.917895896312153,27.791993513097
Samsung,NX500,1007,1600,1182.0,79.835885187938,31.30819026977961,27.846917390334
Samsung,NX500,1007,1600,1182.0,80.831135840279,31.698484643246665,27.901155415428
Samsung,NX500,1007,1600,1182.0,81.82638649262,32.08877901671372,27.9547245042
Samsung,NX500,1007,1600,1182.0,82.821637144962,32.47907339018117,28.007640954341
Samsung,NX500,1007,1600,1182.0,83.816887797303,32.869367763648235,28.059920475164
Samsung,NX500,1007,1600,1182.0,84.812138449644,33.25966213711529,28.111578215588
Samsung,NX500,1007,1600,1182.0,85.807389101985,33.64995651058235,28.162628790475
Samsung,NX500,1007,1600,1182.0,86.802639754327,34.040250884049804,28.213086305439
Samsung,NX500,1007,1600,1182.0,87.797890406668,34.43054525751686,28.262964380234
Samsung,NX500,1007,1600,1182.0,88.793141059009,34.820839630983926,28.312276170811
Samsung,NX500,1007,1600,1182.0,89.78839171135,35.21113400445098,28.361034390138
Samsung,NX500,1007,1600,1182.0,90.783642363692,35.60142837791843,28.409251327866
Samsung,NX500,1007,1600,1182.0,91.778893016033,35.99172275138549,28.456938868917
Samsung,NX500,1007,1600,1182.0,92.774143668374,36.382017124852545,28.504108511059
Samsung,NX500,1007,1600,1182.0,93.769394320715,36.7723114983196,28.55077138154
Samsung,NX500,1007,1600,1182.0,94.764644973057,37.16260587178706,28.596938252839
Samsung,NX500,1007,1600,1182.0,95.759895625398,37.552900245254115,28.642619557588
Samsung,NX500,1007,1600,1182.0,96.755146277739,37.94319461872118,28.687825402714
Samsung,NX500,1007,1600,1182.0,97.750396930081,38.33348899218863,28.73256558286
Samsung,NX500,1007,1600,1182.0,98.745647582422,38.723783365655684,28.776849593117
Samsung,NX500,1007,1600,1182.0,99.740898234763,39.11407773912274,28.820686641114
Samsung,NX500,1007,1600,1182.0,100.7361488871,39.504372112588236,28.864085658506
Samsung,NX500,1007,1600,1182.0,101.73139953945,39.894666486058824,28.907055311894
Samsung,NX500,1007,1600,1182.0,102.72665019179,40.28496085952549,28.949604013205
Samsung,NX500,1007,1600,1182.0,103.72190084413,40.67525523299216,28.991739929579
Samsung,NX500,1007,1600,1182.0,104.71715149647,41.06554960645882,29.03347099277
Samsung,NX500,1007,1600,1182.0,105.71240214881,41.45584397992549,29.074804908107
Samsung,NX500,1007,1600,1182.0,106.70765280115,41.846138353392156,29.11574916303
Samsung,NX500,1007,1600,1182.0,107.70290345349,42.23643272685882,29.156311035228
Samsung,NX500,1007,1600,1182.0,108.69815410583,42.62672710032549,29.196497600401
Samsung,NX500,1007,1600,1182.0,109.69340475818,43.01702147379608,29.236315739664
Samsung,NX500,1007,1600,1182.0,110.68865541052,43.407315847262744,29.27577214662
Samsung,NX500,1007,1600,1182.0,111.68390606286,43.79761022072942,29.314873334108
Samsung,NX500,1007,1600,1182.0,112.6791567152,44.18790459419608,29.353625640656
Samsung,NX500,1007,1600,1182.0,113.67440736754,44.57819896766274,29.392035236644
Samsung,NX500,1007,1600,1182.0,114.66965801988,44.96849334112941,29.4301081302
Samsung,NX500,1007,1600,1182.0,115.66490867222,45.358787714596076,29.46785017284
Samsung,NX500,1007,1600,1182.0,116.66015932456,45.74908208806274,29.50526706486
Samsung,NX500,1007,1600,1182.0,117.65540997691,46.13937646153333,29.542364360508
Samsung,NX500,1007,1600,1182.0,118.65066062925,46.529670835,29.579147472925
Samsung,NX500,1007,1600,1182.0,119.64591128159,46.91996520846667,29.615621678888
Samsung,NX500,1007,1600,1182.0,120.64116193393,47.31025958193333,29.65179212335
Samsung,NX500,1007,1600,1182.0,121.63641258627,47.7005539554,29.687663823795
Samsung,NX500,1007,1600,1182.0,122.63166323861,48.09084832886667,29.723241674415
Samsung,NX500,1007,1600,1182.0,123.62691389095,48.48114270233333,29.758530450115
Samsung,NX500,1007,1600,1182.0,124.62216454329,48.8714370758,29.793534810359
Samsung,NX500,1007,1600,1182.0,125.61741519564,49.26173144927059,29.828259302863
Samsung,NX500,1007,1600,1182.0,126.61266584798,49.65202582273726,29.862708367135
Samsung,NX500,1007,1600,1182.0,127.60791650032,50.042320196203924,29.896886337885
Samsung,NX500,1007,1600,1182.0,128.60316715266,50.432614569670584,29.930797448299
Samsung,NX500,1007,1600,1182.0,129.598417805,50.82290894313726,29.964445833178
Samsung,NX500,1007,1600,1182.0,130.59366845734,51.21320331660392,29.99783553197
Samsung,NX500,1007,1600,1182.0,131.58891910968,51.60349769007059,30.030970491677
Samsung,NX500,1007,1600,1182.0,132.58416976202,51.993792063537256,30.063854569653
Samsung,NX500,1007,1600,1182.0,133.57942041437,52.38408643700784,30.096491536301
Samsung,NX500,1007,1600,1182.0,134.57467106671,52.77438081047452,30.128885077663
Samsung,NX500,1007,1600,1182.0,135.56992171905,53.16467518394118,30.161038797924
Samsung,NX500,1007,1600,1182.0,136.56517237139,53.55496955740784,30.192956221812
Samsung,NX500,1007,1600,1182.0,137.56042302373,53.94526393087451,30.224640796919
Samsung,NX500,1007,1600,1182.0,138.55567367607,54.33555830434118,30.256095895936
Samsung,NX500,1007,1600,1182.0,139.55092432841,54.72585267780784,30.287324818804
Samsung,NX500,1007,1600,1182.0,140.54617498076,55.11614705127843,30.318330794796
Samsung,NX500,1007,1600,1182.0,141.5414256331,55.5064414247451,30.349116984518
Samsung,NX500,1007,1600,1182.0,142.53667628544,55.89673579821176,30.379686481838
Samsung,NX500,1007,1600,1182.0,143.53192693778,56.28703017167843,30.410042315761
Samsung,NX500,1007,1600,1182.0,144.52717759012,56.677324545145105,30.440187452221
Samsung,NX500,1007,1600,1182.0,145.52242824246,57.067618918611764,30.470124795823
Samsung,NX500,1007,1600,1182.0,146.5176788948,57.45791329207843,30.499857191524
Samsung,NX500,1007,1600,1182.0,147.51292954714,57.848207665545104,30.529387426251
Samsung,NX500,1007,1600,1182.0,148.50818019949,58.238502039015685,30.558718230475
Samsung,NX500,1007,1600,1182.0,149.50343085183,58.62879641248235,30.587852279717
Samsung,NX500,1007,1600,1182.0,150.49868150417,59.019090785949025,30.616792196019
Samsung,NX500,1007,1600,1182.0,151.49393215651,59.409385159415685,30.645540549359
Samsung,NX500,1007,1600,1182.0,152.48918280885,59.799679532882344,30.674099859018
Samsung,NX500,1007,1600,1182.0,153.48443346119,60.189973906349024,30.702472594905
Samsung,NX500,1007,1600,1182.0,154.47968411353,60.580268279815684,30.730661178842
Samsung,NX500,1007,1600,1182.0,155.47493476587,60.97056265328234,30.758667985799
Samsung,NX500,1007,1600,1182.0,156.47018541822,61.360857026752946,30.7864953451
Samsung,NX500,1007,1600,1182.0,157.46543607056,61.751151400219605,30.81414554158
Samsung,NX500,1007,1600,1182.0,158.4606867229,62.14144577368628,30.841620816717
Samsung,NX500,1007,1600,1182.0,159.45593737524,62.531740147152945,30.868923369715
Samsung,NX500,1007,1600,1182.0,160.45118802758,62.922034520619604,30.896055358567
Samsung,NX500,1007,1600,1182.0,161.44643867992,63.312328894086264,30.923018901073
Samsung,NX500,1007,1600,1182.0,162.44168933226,63.70262326755295,30.949816075836
Samsung,NX500,1007,1600,1182.0,163.4369399846,64.09291764101961,30.976448923219
Samsung,NX500,1007,1600,1182.0,164.43219063695,64.48321201449019,31.002919446282
Samsung,NX500,1007,1600,1182.0,165.42744128929,64.87350638795687,31.029229611683
Samsung,NX500,1007,1600,1182.0,166.42269194163,65.26380076142352,31.055381350555
Samsung,NX500,1007,1600,1182.0,167.41794259397,65.6540951348902,31.081376559357
Samsung,NX500,1007,1600,1182.0,168.41319324631,66.04438950835686,31.107217100697
Samsung,NX500,1007,1600,1182.0,169.40844389865,66.43468388182353,31.132904804138
Samsung,NX500,1007,1600,1182.0,170.40369455099,66.82497825529019,31.15844146697
Samsung,NX500,1007,1600,1182.0,171.39894520333,67.21527262875686,31.183828854966
Samsung,NX500,1007,1600,1182.0,172.39419585568,67.60556700222745,31.209068703116
Samsung,NX500,1007,1600,1182.0,173.38944650802,67.99586137569412,31.234162716337
Samsung,NX500,1007,1600,1182.0,174.38469716036,68.38615574916078,31.259112570164
Samsung,NX500,1007,1600,1182.0,175.3799478127,68.77645012262745,31.283919911421
Samsung,NX500,1007,1600,1182.0,176.37519846504,69.16674449609411,31.308586358877
Samsung,NX500,1007,1600,1182.0,177.37044911738,69.55703886956078,31.333113503872
Samsung,NX500,1007,1600,1182.0,178.36569976972,69.94733324302746,31.357502910942
Samsung,NX500,1007,1600,1182.0,179.36095042206,70.33762761649412,31.38175611841
Samsung,NX500,1007,1600,1182.0,180.35620107441,70.7279219899647,31.405874638973
Samsung,NX500,1007,1600,1182.0,181.35145172675,71.11821636343137,31.429859960267
Samsung,NX500,1007,1600,1182.0,182.34670237909,71.50851073689805,31.453713545417
Samsung,NX500,1007,1600,1182.0,183.34195303143,71.8988051103647,31.477436833573
Samsung,NX500,1007,1600,1182.0,184.33720368377,72.28909948383138,31.501031240428
Samsung,NX500,1007,1600,1182.0,185.33245433611,72.67939385729804,31.524498158732
Samsung,NX500,1007,1600,1182.0,186.32770498845,73.06968823076471,31.547838958778
Samsung,NX500,1007,1600,1182.0,187.32295564079,73.45998260423137,31.571054988884
Samsung,NX500,1007,1600,1182.0,188.31820629314,73.85027697770197,31.594147575865
Samsung,NX500,1007,1600,1182.0,189.31345694548,74.24057135116863,31.61711802548
Samsung,NX500,1007,1600,1182.0,190.30870759782,74.63086572463529,31.639967622883
Samsung,NX500,1007,1600,1182.0,191.30395825016,75.02116009810197,31.662697633048
Samsung,NX500,1007,1600,1182.0,192.2992089025,75.41145447156863,31.685309301193
Samsung,NX500,1007,1600,1182.0,193.29445955484,75.80174884503529,31.707803853188
Samsung,NX500,1007,1600,1182.0,194.28971020718,76.19204321850196,31.730182495952
Samsung,NX500,1007,1600,1182.0,195.28496085952,76.58233759196862,31.752446417848
Samsung,NX500,1007,1600,1182.0,196.28021151187,76.9726319654392,31.774596789052
Samsung,NX500,1007,1600,1182.0,197.27546216421,77.3629263389059,31.79663476193
Samsung,NX500,1007,1600,1182.0,198.27071281655,77.75322071237255,31.818561471395
Samsung,NX500,1007,1600,1182.0,199.26596346889,78.14351508583921,31.840378035255
Samsung,NX500,1007,1600,1182.0,200.26121412123,78.53380945930589,31.862085554559
Samsung,NX500,1007,1600,1182.0,201.25646477357,78.92410383277254,31.88368511393
Samsung,NX500,1007,1600,1182.0,202.25171542591,79.31439820623922,31.905177781886
Samsung,NX500,1007,1600,1182.0,203.24696607826,79.7046925797098,31.926564611163
Samsung,NX500,1007,1600,1182.0,204.2422167306,80.09498695317647,31.94784663902
Samsung,NX500,1007,1600,1182.0,205.23746738294,80.48528132664313,31.969024887542
Samsung,NX500,1007,1600,1182.0,206.23271803528,80.8755757001098,31.990100363935
Samsung,NX500,1007,1600,1182.0,207.22796868762,81.26587007357648,32.011074060814
Samsung,NX500,1007,1600,1182.0,208.22321933996,81.65616444704314,32.031946956483
Samsung,NX500,1007,1600,1182.0,209.2184699923,82.0464588205098,32.052720015208
Samsung,NX500,1007,1600,1182.0,210.21372064464,82.43675319397647,32.073394187483
Samsung,NX500,1007,1600,1182.0,211.20897129699,82.82704756744705,32.093970410296
Samsung,NX500,1007,1600,1182.0,212.20422194933,83.21734194091373,32.114449607379
Samsung,NX500,1007,1600,1182.0,213.19947260167,83.6076363143804,32.134832689457
Samsung,NX500,1007,1600,1182.0,214.19472325401,83.99793068784706,32.155120554496
Samsung,NX500,1007,1600,1182.0,215.18997390635,84.38822506131373,32.175314087933
Samsung,NX500,1007,1600,1182.0,216.18522455869,84.77851943478039,32.195414162913
Samsung,NX500,1007,1600,1182.0,217.18047521103,85.16881380824705,32.215421640516
Samsung,NX500,1007,1600,1182.0,218.17572586337,85.55910818171371,32.235337369973
Samsung,NX500,1007,1600,1182.0,219.17097651572,85.94940255518432,32.255162188888
Samsung,NX500,1007,1600,1182.0,220.16622716806,86.33969692865098,32.274896923446
Samsung,NX500,1007,1600,1182.0,221.1614778204,86.72999130211765,32.294542388623
Samsung,NX500,1007,1600,1182.0,222.15672847274,87.12028567558431,32.314099388382
Samsung,NX500,1007,1600,1182.0,223.15197912508,87.51058004905097,32.333568715877
Samsung,NX500,1007,1600,1182.0,224.14722977742,87.90087442251765,32.352951153641
Samsung,NX500,1007,1600,1182.0,225.14248042976,88.29116879598432,32.372247473778
Samsung,NX500,1007,1600,1182.0,226.1377310821,88.68146316945098,32.391458438147
Samsung,NX500,1007,1600,1182.0,227.13298173445,89.07175754292157,32.410584798539
Samsung,NX500,1007,1600,1182.0,228.12823238679,89.46205191638823,32.429627296859
Samsung,NX500,1007,1600,1182.0,229.12348303913,89.8523462898549,32.448586665295
Samsung,NX500,1007,1600,1182.0,230.11873369147,90.24264066332157,32.467463626488
Samsung,NX500,1007,1600,1182.0,231.11398434381,90.63293503678823,32.486258893695
Samsung,NX500,1007,1600,1182.0,232.10923499615,91.0232294102549,32.504973170957
Samsung,NX500,1007,1600,1182.0,233.10448564849,91.41352378372157,32.52360715325
Samsung,NX500,1007,1600,1182.0,234.09973630083,91.80381815718823,32.542161526644
Samsung,NX500,1007,1600,1182.0,235.09498695318,92.19411253065883,32.560636968452
Samsung,NX500,1007,1600,1182.0,236.09023760552,92.58440690412549,32.579034147382
Samsung,NX500,1007,1600,1182.0,237.08548825786,92.97470127759215,32.59735372368
Samsung,NX500,1007,1600,1182.0,238.0807389102,93.36499565105882,32.61559634927
Samsung,NX500,1007,1600,1182.0,239.07598956254,93.7552900245255,32.633762667897
Samsung,NX500,1007,1600,1182.0,240.07124021488,94.14558439799215,32.651853315261
Samsung,NX500,1007,1600,1182.0,241.06649086722,94.53587877145883,32.669868919152
Samsung,NX500,1007,1600,1182.0,242.06174151956,94.9261731449255,32.68781009958
Samsung,NX500,1007,1600,1182.0,243.05699217191,95.31646751839608,32.705677468902
Samsung,NX500,1007,1600,1182.0,244.05224282425,95.70676189186274,32.723471631949
Samsung,NX500,1007,1600,1182.0,245.04749347659,96.09705626532941,32.741193186148
Samsung,NX500,1007,1600,1182.0,246.04274412893,96.48735063879607,32.758842721642
Samsung,NX500,1007,1600,1182.0,247.03799478127,96.87764501226273,32.776420821408
Samsung,NX500,1007,1600,1182.0,248.03324543361,97.26793938572942,32.793928061376
Samsung,NX500,1007,1600,1182.0,249.02849608595,97.65823375919608,32.811365010536
Samsung,NX500,1007,1600,1182.0,250.02374673829,98.04852813266274,32.828732231053
Samsung,NX500,1007,1600,1182.0,251.01899739064,98.43882250613333,32.846030278375
Samsung,NX500,1007,1600,1182.0,252.01424804298,98.8291168796,32.863259701341
Samsung,NX500,1007,1600,1182.0,253.00949869532,99.21941125306665,32.880421042281
Samsung,NX500,1007,1600,1182.0,254.00474934766,99.60970562653334,32.897514837123
Samsung,NX500,1007,1600,1182.0,255,100.0,32.914541615492
Samsung,NX500,1007,3200,2367.0,0.72401990511541,0.28392937455506273,0
Samsung,NX500,1007,3200,2367.0,1.4060152002598,0.551378509905804,4.4799917793172
Samsung,NX500,1007,3200,2367.0,2.901470686777,1.1378316418733334,8.8370070799456
Samsung,NX500,1007,3200,2367.0,5.1999225571898,2.0391853165450198,11.993694391619
Samsung,NX500,1007,3200,2367.0,10.168339524049,3.9875841270780388,15.340348151514
Samsung,NX500,1007,3200,2367.0,11.16359017639,4.377878500545098,15.788696586467
Samsung,NX500,1007,3200,2367.0,12.158840828732,4.768172874012548,16.195707999418
Samsung,NX500,1007,3200,2367.0,13.154091481073,5.158467247479607,16.568293889694
Samsung,NX500,1007,3200,2367.0,14.149342133414,5.548761620946667,16.911776783738
Samsung,NX500,1007,3200,2367.0,15.144592785756,5.939055994414118,17.230340472467
Samsung,NX500,1007,3200,2367.0,16.139843438097,6.329350367881176,17.527331858234
Samsung,NX500,1007,3200,2367.0,17.135094090438,6.719644741348235,17.80546932168
Samsung,NX500,1007,3200,2367.0,18.130344742779,7.109939114815293,18.06699023711
Samsung,NX500,1007,3200,2367.0,19.125595395121,7.5002334882827455,18.31375773422
Samsung,NX500,1007,3200,2367.0,20.120846047462,7.890527861749804,18.547339478505
Samsung,NX500,1007,3200,2367.0,21.116096699803,8.280822235216862,18.769066813039
Samsung,NX500,1007,3200,2367.0,22.111347352144,8.671116608683922,18.980079844901
Samsung,NX500,1007,3200,2367.0,23.106598004486,9.061410982151372,19.181362294613
Samsung,NX500,1007,3200,2367.0,24.101848656827,9.451705355618431,19.373768771193
Samsung,NX500,1007,3200,2367.0,25.097099309168,9.84199972908549,19.558046362335
Samsung,NX500,1007,3200,2367.0,26.092349961509,10.23229410255255,19.734851902126
Samsung,NX500,1007,3200,2367.0,27.087600613851,10.622588476019999,19.904765912982
Samsung,NX500,1007,3200,2367.0,28.082851266192,11.01288284948706,20.068303960668
Samsung,NX500,1007,3200,2367.0,29.078101918533,11.403177222954119,20.225925976889
Samsung,NX500,1007,3200,2367.0,30.073352570874,11.793471596421176,20.378043970226
Samsung,NX500,1007,3200,2367.0,31.068603223216,12.18376596988863,20.525028448099
Samsung,NX500,1007,3200,2367.0,32.063853875557,12.574060343355686,20.667213799581
Samsung,NX500,1007,3200,2367.0,33.059104527898,12.964354716822745,20.804902834245
Samsung,NX500,1007,3200,2367.0,34.05435518024,13.354649090290197,20.938370630798
Samsung,NX500,1007,3200,2367.0,35.049605832581,13.744943463757256,21.067867817564
Samsung,NX500,1007,3200,2367.0,36.044856484922,14.135237837224313,21.193623382481
Samsung,NX500,1007,3200,2367.0,37.040107137263,14.525532210691372,21.315847091198
Samsung,NX500,1007,3200,2367.0,38.035357789605,14.915826584158824,21.434731577039
Samsung,NX500,1007,3200,2367.0,39.030608441946,15.306120957625883,21.550454154771
Samsung,NX500,1007,3200,2367.0,40.025859094287,15.696415331092942,21.663178400821
Samsung,NX500,1007,3200,2367.0,41.021109746628,16.08670970456,21.77305553507
Samsung,NX500,1007,3200,2367.0,42.01636039897,16.477004078027452,21.88022563338
Samsung,NX500,1007,3200,2367.0,43.011611051311,16.867298451494513,21.9848186951
Samsung,NX500,1007,3200,2367.0,44.006861703652,17.257592824961566,22.086955585867
Samsung,NX500,1007,3200,2367.0,45.002112355993,17.647887198428627,22.186748872773
Samsung,NX500,1007,3200,2367.0,45.997363008335,18.03818157189608,22.284303566292
Samsung,NX500,1007,3200,2367.0,46.992613660676,18.428475945363136,22.379717781182
Samsung,NX500,1007,3200,2367.0,47.987864313017,18.818770318830197,22.473083326743
Samsung,NX500,1007,3200,2367.0,48.983114965358,19.209064692297254,22.564486235296
Samsung,NX500,1007,3200,2367.0,49.9783656177,19.599359065764705,22.654007236477
Samsung,NX500,1007,3200,2367.0,50.973616270041,19.989653439231763,22.74172218387
Samsung,NX500,1007,3200,2367.0,51.968866922382,20.379947812698823,22.827702439622
Samsung,NX500,1007,3200,2367.0,52.964117574724,20.770242186166275,22.912015221883
Samsung,NX500,1007,3200,2367.0,53.959368227065,21.160536559633332,22.994723919329
Samsung,NX500,1007,3200,2367.0,54.954618879406,21.550830933100393,23.075888376405
Samsung,NX500,1007,3200,2367.0,55.949869531747,21.94112530656745,23.155565152526
Samsung,NX500,1007,3200,2367.0,56.945120184089,22.3314196800349,23.233807758018
Samsung,NX500,1007,3200,2367.0,57.94037083643,22.72171405350196,23.310666869263
Samsung,NX500,1007,3200,2367.0,58.935621488771,23.11200842696902,23.386190525216
Samsung,NX500,1007,3200,2367.0,59.930872141112,23.502302800436077,23.460424307176
Samsung,NX500,1007,3200,2367.0,60.926122793454,23.89259717390353,23.53341150352
Samsung,NX500,1007,3200,2367.0,61.921373445795,24.28289154737059,23.605193260859
Samsung,NX500,1007,3200,2367.0,62.916624098136,24.673185920837646,23.675808722954
Samsung,NX500,1007,3200,2367.0,63.911874750477,25.063480294304707,23.74529515855
Samsung,NX500,1007,3200,2367.0,64.907125402819,25.453774667772162,23.813688079183
Samsung,NX500,1007,3200,2367.0,65.90237605516,25.844069041239216,23.881021347875
Samsung,NX500,1007,3200,2367.0,66.897626707501,26.234363414706273,23.947327279563
Samsung,NX500,1007,3200,2367.0,67.892877359842,26.624657788173334,24.012636733997
Samsung,NX500,1007,3200,2367.0,68.888128012184,27.01495216164078,24.076979201773
Samsung,NX500,1007,3200,2367.0,69.883378664525,27.405246535107842,24.140382884109
Samsung,NX500,1007,3200,2367.0,70.878629316866,27.7955409085749,24.202874766893
Samsung,NX500,1007,3200,2367.0,71.873879969208,28.185835282042355,24.264480689494
Samsung,NX500,1007,3200,2367.0,72.869130621549,28.576129655509412,24.32522540877
Samsung,NX500,1007,3200,2367.0,73.86438127389,28.966424028976473,24.38513265868
Samsung,NX500,1007,3200,2367.0,74.859631926231,29.356718402443533,24.444225205843
Samsung,NX500,1007,3200,2367.0,75.854882578573,29.74701277591098,24.502524901381
Samsung,NX500,1007,3200,2367.0,76.850133230914,30.13730714937804,24.560052729333
Samsung,NX500,1007,3200,2367.0,77.845383883255,30.5276015228451,24.616828851913
Samsung,NX500,1007,3200,2367.0,78.840634535596,30.917895896312153,24.672872651858
Samsung,NX500,1007,3200,2367.0,79.835885187938,31.30819026977961,24.728202772078
Samsung,NX500,1007,3200,2367.0,80.831135840279,31.698484643246665,24.782837152821
Samsung,NX500,1007,3200,2367.0,81.82638649262,32.08877901671372,24.836793066532
Samsung,NX500,1007,3200,2367.0,82.821637144962,32.47907339018117,24.890087150582
Samsung,NX500,1007,3200,2367.0,83.816887797303,32.869367763648235,24.94273543801
Samsung,NX500,1007,3200,2367.0,84.812138449644,33.25966213711529,24.994753386435
Samsung,NX500,1007,3200,2367.0,85.807389101985,33.64995651058235,25.046155905253
Samsung,NX500,1007,3200,2367.0,86.802639754327,34.040250884049804,25.096957381251
Samsung,NX500,1007,3200,2367.0,87.797890406668,34.43054525751686,25.147171702746
Samsung,NX500,1007,3200,2367.0,88.793141059009,34.820839630983926,25.196812282334
Samsung,NX500,1007,3200,2367.0,89.78839171135,35.21113400445098,25.245892078373
Samsung,NX500,1007,3200,2367.0,90.783642363692,35.60142837791843,25.294423615253
Samsung,NX500,1007,3200,2367.0,91.778893016033,35.99172275138549,25.342419002557
Samsung,NX500,1007,3200,2367.0,92.774143668374,36.382017124852545,25.389889953172
Samsung,NX500,1007,3200,2367.0,93.769394320715,36.7723114983196,25.436847800426
Samsung,NX500,1007,3200,2367.0,94.764644973057,37.16260587178706,25.483303514305
Samsung,NX500,1007,3200,2367.0,95.759895625398,37.552900245254115,25.529267716816
Samsung,NX500,1007,3200,2367.0,96.755146277739,37.94319461872118,25.574750696549
Samsung,NX500,1007,3200,2367.0,97.750396930081,38.33348899218863,25.619762422481
Samsung,NX500,1007,3200,2367.0,98.745647582422,38.723783365655684,25.664312557075
Samsung,NX500,1007,3200,2367.0,99.740898234763,39.11407773912274,25.708410468716
Samsung,NX500,1007,3200,2367.0,100.7361488871,39.504372112588236,25.752065243521
Samsung,NX500,1007,3200,2367.0,101.73139953945,39.894666486058824,25.795285696565
Samsung,NX500,1007,3200,2367.0,102.72665019179,40.28496085952549,25.838080382549
Samsung,NX500,1007,3200,2367.0,103.72190084413,40.67525523299216,25.880457605955
Samsung,NX500,1007,3200,2367.0,104.71715149647,41.06554960645882,25.922425430705
Samsung,NX500,1007,3200,2367.0,105.71240214881,41.45584397992549,25.963991689365
Samsung,NX500,1007,3200,2367.0,106.70765280115,41.846138353392156,26.005163991905
Samsung,NX500,1007,3200,2367.0,107.70290345349,42.23643272685882,26.045949734056
Samsung,NX500,1007,3200,2367.0,108.69815410583,42.62672710032549,26.086356105274
Samsung,NX500,1007,3200,2367.0,109.69340475818,43.01702147379608,26.126390096336
Samsung,NX500,1007,3200,2367.0,110.68865541052,43.407315847262744,26.166058506599
Samsung,NX500,1007,3200,2367.0,111.68390606286,43.79761022072942,26.205367950917
Samsung,NX500,1007,3200,2367.0,112.6791567152,44.18790459419608,26.244324866257
Samsung,NX500,1007,3200,2367.0,113.67440736754,44.57819896766274,26.282935518023
Samsung,NX500,1007,3200,2367.0,114.66965801988,44.96849334112941,26.321206006092
Samsung,NX500,1007,3200,2367.0,115.66490867222,45.358787714596076,26.359142270599
Samsung,NX500,1007,3200,2367.0,116.66015932456,45.74908208806274,26.396750097458
Samsung,NX500,1007,3200,2367.0,117.65540997691,46.13937646153333,26.434035123662
Samsung,NX500,1007,3200,2367.0,118.65066062925,46.529670835,26.471002842344
Samsung,NX500,1007,3200,2367.0,119.64591128159,46.91996520846667,26.507658607629
Samsung,NX500,1007,3200,2367.0,120.64116193393,47.31025958193333,26.544007639289
Samsung,NX500,1007,3200,2367.0,121.63641258627,47.7005539554,26.580055027197
Samsung,NX500,1007,3200,2367.0,122.63166323861,48.09084832886667,26.615805735599
Samsung,NX500,1007,3200,2367.0,123.62691389095,48.48114270233333,26.65126460722
Samsung,NX500,1007,3200,2367.0,124.62216454329,48.8714370758,26.686436367191
Samsung,NX500,1007,3200,2367.0,125.61741519564,49.26173144927059,26.721325626828
Samsung,NX500,1007,3200,2367.0,126.61266584798,49.65202582273726,26.755936887259
Samsung,NX500,1007,3200,2367.0,127.60791650032,50.042320196203924,26.790274542904
Samsung,NX500,1007,3200,2367.0,128.60316715266,50.432614569670584,26.82434288482
Samsung,NX500,1007,3200,2367.0,129.598417805,50.82290894313726,26.85814610392
Samsung,NX500,1007,3200,2367.0,130.59366845734,51.21320331660392,26.891688294064
Samsung,NX500,1007,3200,2367.0,131.58891910968,51.60349769007059,26.924973455031
Samsung,NX500,1007,3200,2367.0,132.58416976202,51.993792063537256,26.958005495378
Samsung,NX500,1007,3200,2367.0,133.57942041437,52.38408643700784,26.990788235197
Samsung,NX500,1007,3200,2367.0,134.57467106671,52.77438081047452,27.023325408762
Samsung,NX500,1007,3200,2367.0,135.56992171905,53.16467518394118,27.055620667077
Samsung,NX500,1007,3200,2367.0,136.56517237139,53.55496955740784,27.087677580339
Samsung,NX500,1007,3200,2367.0,137.56042302373,53.94526393087451,27.119499640302
Samsung,NX500,1007,3200,2367.0,138.55567367607,54.33555830434118,27.151090262554
Samsung,NX500,1007,3200,2367.0,139.55092432841,54.72585267780784,27.182452788725
Samsung,NX500,1007,3200,2367.0,140.54617498076,55.11614705127843,27.213590488598
Samsung,NX500,1007,3200,2367.0,141.5414256331,55.5064414247451,27.244506562159
Samsung,NX500,1007,3200,2367.0,142.53667628544,55.89673579821176,27.275204141565
Samsung,NX500,1007,3200,2367.0,143.53192693778,56.28703017167843,27.305686293052
Samsung,NX500,1007,3200,2367.0,144.52717759012,56.677324545145105,27.33595601877
Samsung,NX500,1007,3200,2367.0,145.52242824246,57.067618918611764,27.366016258552
Samsung,NX500,1007,3200,2367.0,146.5176788948,57.45791329207843,27.395869891635
Samsung,NX500,1007,3200,2367.0,147.51292954714,57.848207665545104,27.425519738306
Samsung,NX500,1007,3200,2367.0,148.50818019949,58.238502039015685,27.454968561504
Samsung,NX500,1007,3200,2367.0,149.50343085183,58.62879641248235,27.484219068364
Samsung,NX500,1007,3200,2367.0,150.49868150417,59.019090785949025,27.51327391171
Samsung,NX500,1007,3200,2367.0,151.49393215651,59.409385159415685,27.542135691494
Samsung,NX500,1007,3200,2367.0,152.48918280885,59.799679532882344,27.570806956198
Samsung,NX500,1007,3200,2367.0,153.48443346119,60.189973906349024,27.599290204179
Samsung,NX500,1007,3200,2367.0,154.47968411353,60.580268279815684,27.627587884974
Samsung,NX500,1007,3200,2367.0,155.47493476587,60.97056265328234,27.655702400567
Samsung,NX500,1007,3200,2367.0,156.47018541822,61.360857026752946,27.683636106612
Samsung,NX500,1007,3200,2367.0,157.46543607056,61.751151400219605,27.711391313613
Samsung,NX500,1007,3200,2367.0,158.4606867229,62.14144577368628,27.738970288072
Samsung,NX500,1007,3200,2367.0,159.45593737524,62.531740147152945,27.766375253601
Samsung,NX500,1007,3200,2367.0,160.45118802758,62.922034520619604,27.793608391995
Samsung,NX500,1007,3200,2367.0,161.44643867992,63.312328894086264,27.820671844276
Samsung,NX500,1007,3200,2367.0,162.44168933226,63.70262326755295,27.8475677117
Samsung,NX500,1007,3200,2367.0,163.4369399846,64.09291764101961,27.874298056738
Samsung,NX500,1007,3200,2367.0,164.43219063695,64.48321201449019,27.900864904022
Samsung,NX500,1007,3200,2367.0,165.42744128929,64.87350638795687,27.927270241268
Samsung,NX500,1007,3200,2367.0,166.42269194163,65.26380076142352,27.953516020165
Samsung,NX500,1007,3200,2367.0,167.41794259397,65.6540951348902,27.979604157244
Samsung,NX500,1007,3200,2367.0,168.41319324631,66.04438950835686,28.005536534713
Samsung,NX500,1007,3200,2367.0,169.40844389865,66.43468388182353,28.031315001273
Samsung,NX500,1007,3200,2367.0,170.40369455099,66.82497825529019,28.056941372912
Samsung,NX500,1007,3200,2367.0,171.39894520333,67.21527262875686,28.082417433667
Samsung,NX500,1007,3200,2367.0,172.39419585568,67.60556700222745,28.107744936373
Samsung,NX500,1007,3200,2367.0,173.38944650802,67.99586137569412,28.132925603384
Samsung,NX500,1007,3200,2367.0,174.38469716036,68.38615574916078,28.157961127278
Samsung,NX500,1007,3200,2367.0,175.3799478127,68.77645012262745,28.182853171535
Samsung,NX500,1007,3200,2367.0,176.37519846504,69.16674449609411,28.207603371206
Samsung,NX500,1007,3200,2367.0,177.37044911738,69.55703886956078,28.232213333553
Samsung,NX500,1007,3200,2367.0,178.36569976972,69.94733324302746,28.256684638674
Samsung,NX500,1007,3200,2367.0,179.36095042206,70.33762761649412,28.281018840118
Samsung,NX500,1007,3200,2367.0,180.35620107441,70.7279219899647,28.305217465468
Samsung,NX500,1007,3200,2367.0,181.35145172675,71.11821636343137,28.329282016924
Samsung,NX500,1007,3200,2367.0,182.34670237909,71.50851073689805,28.353213971857
Samsung,NX500,1007,3200,2367.0,183.34195303143,71.8988051103647,28.377014783355
Samsung,NX500,1007,3200,2367.0,184.33720368377,72.28909948383138,28.400685880753
Samsung,NX500,1007,3200,2367.0,185.33245433611,72.67939385729804,28.424228670146
Samsung,NX500,1007,3200,2367.0,186.32770498845,73.06968823076471,28.447644534893
Samsung,NX500,1007,3200,2367.0,187.32295564079,73.45998260423137,28.4709348361
Samsung,NX500,1007,3200,2367.0,188.31820629314,73.85027697770197,28.494100913101
Samsung,NX500,1007,3200,2367.0,189.31345694548,74.24057135116863,28.517144083912
Samsung,NX500,1007,3200,2367.0,190.30870759782,74.63086572463529,28.540065645687
Samsung,NX500,1007,3200,2367.0,191.30395825016,75.02116009810197,28.562866875156
Samsung,NX500,1007,3200,2367.0,192.2992089025,75.41145447156863,28.585549029048
Samsung,NX500,1007,3200,2367.0,193.29445955484,75.80174884503529,28.608113344506
Samsung,NX500,1007,3200,2367.0,194.28971020718,76.19204321850196,28.630561039498
Samsung,NX500,1007,3200,2367.0,195.28496085952,76.58233759196862,28.652893313206
Samsung,NX500,1007,3200,2367.0,196.28021151187,76.9726319654392,28.67511134641
Samsung,NX500,1007,3200,2367.0,197.27546216421,77.3629263389059,28.697216301866
Samsung,NX500,1007,3200,2367.0,198.27071281655,77.75322071237255,28.719209324667
Samsung,NX500,1007,3200,2367.0,199.26596346889,78.14351508583921,28.741091542605
Samsung,NX500,1007,3200,2367.0,200.26121412123,78.53380945930589,28.76286406651
Samsung,NX500,1007,3200,2367.0,201.25646477357,78.92410383277254,28.784527990593
Samsung,NX500,1007,3200,2367.0,202.25171542591,79.31439820623922,28.806084392777
Samsung,NX500,1007,3200,2367.0,203.24696607826,79.7046925797098,28.827534335015
Samsung,NX500,1007,3200,2367.0,204.2422167306,80.09498695317647,28.848878863605
Samsung,NX500,1007,3200,2367.0,205.23746738294,80.48528132664313,28.870119009499
Samsung,NX500,1007,3200,2367.0,206.23271803528,80.8755757001098,28.891255788599
Samsung,NX500,1007,3200,2367.0,207.22796868762,81.26587007357648,28.912290202047
Samsung,NX500,1007,3200,2367.0,208.22321933996,81.65616444704314,28.933223236513
Samsung,NX500,1007,3200,2367.0,209.2184699923,82.0464588205098,28.954055864471
Samsung,NX500,1007,3200,2367.0,210.21372064464,82.43675319397647,28.97478904447
Samsung,NX500,1007,3200,2367.0,211.20897129699,82.82704756744705,28.995423721399
Samsung,NX500,1007,3200,2367.0,212.20422194933,83.21734194091373,29.015960826744
Samsung,NX500,1007,3200,2367.0,213.19947260167,83.6076363143804,29.036401278842
Samsung,NX500,1007,3200,2367.0,214.19472325401,83.99793068784706,29.056745983126
Samsung,NX500,1007,3200,2367.0,215.18997390635,84.38822506131373,29.076995832367
Samsung,NX500,1007,3200,2367.0,216.18522455869,84.77851943478039,29.097151706908
Samsung,NX500,1007,3200,2367.0,217.18047521103,85.16881380824705,29.117214474893
Samsung,NX500,1007,3200,2367.0,218.17572586337,85.55910818171371,29.137184992492
Samsung,NX500,1007,3200,2367.0,219.17097651572,85.94940255518432,29.157064104121
Samsung,NX500,1007,3200,2367.0,220.16622716806,86.33969692865098,29.176852642657
Samsung,NX500,1007,3200,2367.0,221.1614778204,86.72999130211765,29.196551429642
Samsung,NX500,1007,3200,2367.0,222.15672847274,87.12028567558431,29.216161275494
Samsung,NX500,1007,3200,2367.0,223.15197912508,87.51058004905097,29.235682979703
Samsung,NX500,1007,3200,2367.0,224.14722977742,87.90087442251765,29.255117331031
Samsung,NX500,1007,3200,2367.0,225.14248042976,88.29116879598432,29.274465107696
Samsung,NX500,1007,3200,2367.0,226.1377310821,88.68146316945098,29.293727077566
Samsung,NX500,1007,3200,2367.0,227.13298173445,89.07175754292157,29.312903998337
Samsung,NX500,1007,3200,2367.0,228.12823238679,89.46205191638823,29.331996617715
Samsung,NX500,1007,3200,2367.0,229.12348303913,89.8523462898549,29.351005673589
Samsung,NX500,1007,3200,2367.0,230.11873369147,90.24264066332157,29.369931894203
Samsung,NX500,1007,3200,2367.0,231.11398434381,90.63293503678823,29.388775998322
Samsung,NX500,1007,3200,2367.0,232.10923499615,91.0232294102549,29.407538695397
Samsung,NX500,1007,3200,2367.0,233.10448564849,91.41352378372157,29.426220685728
Samsung,NX500,1007,3200,2367.0,234.09973630083,91.80381815718823,29.444822660613
Samsung,NX500,1007,3200,2367.0,235.09498695318,92.19411253065883,29.463345302509
Samsung,NX500,1007,3200,2367.0,236.09023760552,92.58440690412549,29.481789285179
Samsung,NX500,1007,3200,2367.0,237.08548825786,92.97470127759215,29.50015527384
Samsung,NX500,1007,3200,2367.0,238.0807389102,93.36499565105882,29.518443925306
Samsung,NX500,1007,3200,2367.0,239.07598956254,93.7552900245255,29.536655888129
Samsung,NX500,1007,3200,2367.0,240.07124021488,94.14558439799215,29.554791802738
Samsung,NX500,1007,3200,2367.0,241.06649086722,94.53587877145883,29.572852301572
Samsung,NX500,1007,3200,2367.0,242.06174151956,94.9261731449255,29.590838009215
Samsung,NX500,1007,3200,2367.0,243.05699217191,95.31646751839608,29.608749542525
Samsung,NX500,1007,3200,2367.0,244.05224282425,95.70676189186274,29.626587510758
Samsung,NX500,1007,3200,2367.0,245.04749347659,96.09705626532941,29.644352515696
Samsung,NX500,1007,3200,2367.0,246.04274412893,96.48735063879607,29.662045151768
Samsung,NX500,1007,3200,2367.0,247.03799478127,96.87764501226273,29.679666006167
Samsung,NX500,1007,3200,2367.0,248.03324543361,97.26793938572942,29.697215658969
Samsung,NX500,1007,3200,2367.0,249.02849608595,97.65823375919608,29.714694683248
Samsung,NX500,1007,3200,2367.0,250.02374673829,98.04852813266274,29.732103645187
Samsung,NX500,1007,3200,2367.0,251.01899739064,98.43882250613333,29.749443104187
Samsung,NX500,1007,3200,2367.0,252.01424804298,98.8291168796,29.76671361298
Samsung,NX500,1007,3200,2367.0,253.00949869532,99.21941125306665,29.783915717726
Samsung,NX500,1007,3200,2367.0,254.00474934766,99.60970562653334,29.801049958125
Samsung,NX500,1007,3200,2367.0,255,100.0,29.818116867514
Samsung,NX500,1007,6400,4793.0,1.4060152002598,0.551378509905804,0
Samsung,NX500,1007,6400,4793.0,2.901470686777,1.1378316418733334,4.8257874252965
Samsung,NX500,1007,6400,4793.0,5.1999225571898,2.0391853165450198,8.3081709433747
Samsung,NX500,1007,6400,4793.0,10.168339524049,3.9875841270780388,11.929430857635
Samsung,NX500,1007,6400,4793.0,11.16359017639,4.377878500545098,12.407399885199
Samsung,NX500,1007,6400,4793.0,12.158840828732,4.768172874012548,12.83979739998
Samsung,NX500,1007,6400,4793.0,13.154091481073,5.158467247479607,13.234382710309
Samsung,NX500,1007,6400,4793.0,14.149342133414,5.548761620946667,13.597113907766
Samsung,NX500,1007,6400,4793.0,15.144592785756,5.939055994414118,13.932660630329
Samsung,NX500,1007,6400,4793.0,16.139843438097,6.329350367881176,14.244747555281
Samsung,NX500,1007,6400,4793.0,17.135094090438,6.719644741348235,14.536391239984
Samsung,NX500,1007,6400,4793.0,18.130344742779,7.109939114815293,14.810067557329
Samsung,NX500,1007,6400,4793.0,19.125595395121,7.5002334882827455,15.06783267928
Samsung,NX500,1007,6400,4793.0,20.120846047462,7.890527861749804,15.311412196359
Samsung,NX500,1007,6400,4793.0,21.116096699803,8.280822235216862,15.542267898841
Samsung,NX500,1007,6400,4793.0,22.111347352144,8.671116608683922,15.761648591184
Samsung,NX500,1007,6400,4793.0,23.106598004486,9.061410982151372,15.970629293741
Samsung,NX500,1007,6400,4793.0,24.101848656827,9.451705355618431,16.170141865066
Samsung,NX500,1007,6400,4793.0,25.097099309168,9.84199972908549,16.360999195079
Samsung,NX500,1007,6400,4793.0,26.092349961509,10.23229410255255,16.543914517699
Samsung,NX500,1007,6400,4793.0,27.087600613851,10.622588476019999,16.719516974405
Samsung,NX500,1007,6400,4793.0,28.082851266192,11.01288284948706,16.888364266429
Samsung,NX500,1007,6400,4793.0,29.078101918533,11.403177222954119,17.050953023355
Samsung,NX500,1007,6400,4793.0,30.073352570874,11.793471596421176,17.20772736387
Samsung,NX500,1007,6400,4793.0,31.068603223216,12.18376596988863,17.359086012982
Samsung,NX500,1007,6400,4793.0,32.063853875557,12.574060343355686,17.505388257366
Samsung,NX500,1007,6400,4793.0,33.059104527898,12.964354716822745,17.646958958571
Samsung,NX500,1007,6400,4793.0,34.05435518024,13.354649090290197,17.784092796925
Samsung,NX500,1007,6400,4793.0,35.049605832581,13.744943463757256,17.917057883201
Samsung,NX500,1007,6400,4793.0,36.044856484922,14.135237837224313,18.046098847467
Samsung,NX500,1007,6400,4793.0,37.040107137263,14.525532210691372,18.171439493154
Samsung,NX500,1007,6400,4793.0,38.035357789605,14.915826584158824,18.293285087572
Samsung,NX500,1007,6400,4793.0,39.030608441946,15.306120957625883,18.41182434689
Samsung,NX500,1007,6400,4793.0,40.025859094287,15.696415331092942,18.527231163089
Samsung,NX500,1007,6400,4793.0,41.021109746628,16.08670970456,18.639666112033
Samsung,NX500,1007,6400,4793.0,42.01636039897,16.477004078027452,18.749277775035
Samsung,NX500,1007,6400,4793.0,43.011611051311,16.867298451494513,18.856203900874
Samsung,NX500,1007,6400,4793.0,44.006861703652,17.257592824961566,18.96057243077
Samsung,NX500,1007,6400,4793.0,45.002112355993,17.647887198428627,19.062502405242
Samsung,NX500,1007,6400,4793.0,45.997363008335,18.03818157189608,19.162104768757
Samsung,NX500,1007,6400,4793.0,46.992613660676,18.428475945363136,19.259483085677
Samsung,NX500,1007,6400,4793.0,47.987864313017,18.818770318830197,19.354734178959
Samsung,NX500,1007,6400,4793.0,48.983114965358,19.209064692297254,19.447948701369
Samsung,NX500,1007,6400,4793.0,49.9783656177,19.599359065764705,19.539211647586
Samsung,NX500,1007,6400,4793.0,50.973616270041,19.989653439231763,19.628602814369
Samsung,NX500,1007,6400,4793.0,51.968866922382,20.379947812698823,19.71619721496
Samsung,NX500,1007,6400,4793.0,52.964117574724,20.770242186166275,19.802065453094
Samsung,NX500,1007,6400,4793.0,53.959368227065,21.160536559633332,19.886274061211
Samsung,NX500,1007,6400,4793.0,54.954618879406,21.550830933100393,19.968885806921
Samsung,NX500,1007,6400,4793.0,55.949869531747,21.94112530656745,20.049959971222
Samsung,NX500,1007,6400,4793.0,56.945120184089,22.3314196800349,20.129552601514
Samsung,NX500,1007,6400,4793.0,57.94037083643,22.72171405350196,20.207716742133
Samsung,NX500,1007,6400,4793.0,58.935621488771,23.11200842696902,20.284502644715
Samsung,NX500,1007,6400,4793.0,59.930872141112,23.502302800436077,20.359957960503
Samsung,NX500,1007,6400,4793.0,60.926122793454,23.89259717390353,20.434127916396
Samsung,NX500,1007,6400,4793.0,61.921373445795,24.28289154737059,20.507055476382
Samsung,NX500,1007,6400,4793.0,62.916624098136,24.673185920837646,20.578781489764
Samsung,NX500,1007,6400,4793.0,63.911874750477,25.063480294304707,20.649344827475
Samsung,NX500,1007,6400,4793.0,64.907125402819,25.453774667772162,20.718782507589
Samsung,NX500,1007,6400,4793.0,65.90237605516,25.844069041239216,20.787129811053
Samsung,NX500,1007,6400,4793.0,66.897626707501,26.234363414706273,20.854420388538
Samsung,NX500,1007,6400,4793.0,67.892877359842,26.624657788173334,20.920686359203
Samsung,NX500,1007,6400,4793.0,68.888128012184,27.01495216164078,20.98595840211
Samsung,NX500,1007,6400,4793.0,69.883378664525,27.405246535107842,21.050265840918
Samsung,NX500,1007,6400,4793.0,70.878629316866,27.7955409085749,21.113636722458
Samsung,NX500,1007,6400,4793.0,71.873879969208,28.185835282042355,21.176097889697
Samsung,NX500,1007,6400,4793.0,72.869130621549,28.576129655509412,21.237675049573
Samsung,NX500,1007,6400,4793.0,73.86438127389,28.966424028976473,21.298392836121
Samsung,NX500,1007,6400,4793.0,74.859631926231,29.356718402443533,21.358274869284
Samsung,NX500,1007,6400,4793.0,75.854882578573,29.74701277591098,21.417343809751
Samsung,NX500,1007,6400,4793.0,76.850133230914,30.13730714937804,21.475621410138
Samsung,NX500,1007,6400,4793.0,77.845383883255,30.5276015228451,21.533128562814
Samsung,NX500,1007,6400,4793.0,78.840634535596,30.917895896312153,21.589885344614
Samsung,NX500,1007,6400,4793.0,79.835885187938,31.30819026977961,21.645911058691
Samsung,NX500,1007,6400,4793.0,80.831135840279,31.698484643246665,21.701224273718
Samsung,NX500,1007,6400,4793.0,81.82638649262,32.08877901671372,21.755842860644
Samsung,NX500,1007,6400,4793.0,82.821637144962,32.47907339018117,21.80978402718
Samsung,NX500,1007,6400,4793.0,83.816887797303,32.869367763648235,21.863064350181
Samsung,NX500,1007,6400,4793.0,84.812138449644,33.25966213711529,21.915699806079
Samsung,NX500,1007,6400,4793.0,85.807389101985,33.64995651058235,21.967705799504
Samsung,NX500,1007,6400,4793.0,86.802639754327,34.040250884049804,22.01909719022
Samsung,NX500,1007,6400,4793.0,87.797890406668,34.43054525751686,22.069888318499
Samsung,NX500,1007,6400,4793.0,88.793141059009,34.820839630983926,22.120093029034
Samsung,NX500,1007,6400,4793.0,89.78839171135,35.21113400445098,22.169724693487
Samsung,NX500,1007,6400,4793.0,90.783642363692,35.60142837791843,22.218796231782
Samsung,NX500,1007,6400,4793.0,91.778893016033,35.99172275138549,22.267320132203
Samsung,NX500,1007,6400,4793.0,92.774143668374,36.382017124852545,22.315308470396
Samsung,NX500,1007,6400,4793.0,93.769394320715,36.7723114983196,22.362772927332
Samsung,NX500,1007,6400,4793.0,94.764644973057,37.16260587178706,22.409724806307
Samsung,NX500,1007,6400,4793.0,95.759895625398,37.552900245254115,22.456175049033
Samsung,NX500,1007,6400,4793.0,96.755146277739,37.94319461872118,22.502134250891
Samsung,NX500,1007,6400,4793.0,97.750396930081,38.33348899218863,22.547612675375
Samsung,NX500,1007,6400,4793.0,98.745647582422,38.723783365655684,22.592620267804
Samsung,NX500,1007,6400,4793.0,99.740898234763,39.11407773912274,22.637166668327
Samsung,NX500,1007,6400,4793.0,100.7361488871,39.504372112588236,22.681261224273
Samsung,NX500,1007,6400,4793.0,101.73139953945,39.894666486058824,22.724913001879
Samsung,NX500,1007,6400,4793.0,102.72665019179,40.28496085952549,22.768130797445
Samsung,NX500,1007,6400,4793.0,103.72190084413,40.67525523299216,22.810923147934
Samsung,NX500,1007,6400,4793.0,104.71715149647,41.06554960645882,22.853298341059
Samsung,NX500,1007,6400,4793.0,105.71240214881,41.45584397992549,22.895264424888
Samsung,NX500,1007,6400,4793.0,106.70765280115,41.846138353392156,22.936829216986
Samsung,NX500,1007,6400,4793.0,107.70290345349,42.23643272685882,22.978000313131
Samsung,NX500,1007,6400,4793.0,108.69815410583,42.62672710032549,23.018785095617
Samsung,NX500,1007,6400,4793.0,109.69340475818,43.01702147379608,23.059190741174
Samsung,NX500,1007,6400,4793.0,110.68865541052,43.407315847262744,23.099224228527
Samsung,NX500,1007,6400,4793.0,111.68390606286,43.79761022072942,23.138892345606
Samsung,NX500,1007,6400,4793.0,112.6791567152,44.18790459419608,23.178201696437
Samsung,NX500,1007,6400,4793.0,113.67440736754,44.57819896766274,23.217158707719
Samsung,NX500,1007,6400,4793.0,114.66965801988,44.96849334112941,23.255769635113
Samsung,NX500,1007,6400,4793.0,115.66490867222,45.358787714596076,23.294040569253
Samsung,NX500,1007,6400,4793.0,116.66015932456,45.74908208806274,23.331977441501
Samsung,NX500,1007,6400,4793.0,117.65540997691,46.13937646153333,23.369586029443
Samsung,NX500,1007,6400,4793.0,118.65066062925,46.529670835,23.406871962161
Samsung,NX500,1007,6400,4793.0,119.64591128159,46.91996520846667,23.443840725272
Samsung,NX500,1007,6400,4793.0,120.64116193393,47.31025958193333,23.480497665762
Samsung,NX500,1007,6400,4793.0,121.63641258627,47.7005539554,23.516847996617
Samsung,NX500,1007,6400,4793.0,122.63166323861,48.09084832886667,23.552896801256
Samsung,NX500,1007,6400,4793.0,123.62691389095,48.48114270233333,23.588649037792
Samsung,NX500,1007,6400,4793.0,124.62216454329,48.8714370758,23.624109543114
Samsung,NX500,1007,6400,4793.0,125.61741519564,49.26173144927059,23.6592830368
Samsung,NX500,1007,6400,4793.0,126.61266584798,49.65202582273726,23.694174124884
Samsung,NX500,1007,6400,4793.0,127.60791650032,50.042320196203924,23.728787303466
Samsung,NX500,1007,6400,4793.0,128.60316715266,50.432614569670584,23.763126962177
Samsung,NX500,1007,6400,4793.0,129.598417805,50.82290894313726,23.797197387519
Samsung,NX500,1007,6400,4793.0,130.59366845734,51.21320331660392,23.831002766063
Samsung,NX500,1007,6400,4793.0,131.58891910968,51.60349769007059,23.864547187534
Samsung,NX500,1007,6400,4793.0,132.58416976202,51.993792063537256,23.89783464777
Samsung,NX500,1007,6400,4793.0,133.57942041437,52.38408643700784,23.930869051577
Samsung,NX500,1007,6400,4793.0,134.57467106671,52.77438081047452,23.963654215468
Samsung,NX500,1007,6400,4793.0,135.56992171905,53.16467518394118,23.996193870306
Samsung,NX500,1007,6400,4793.0,136.56517237139,53.55496955740784,24.028491663845
Samsung,NX500,1007,6400,4793.0,137.56042302373,53.94526393087451,24.060551163183
Samsung,NX500,1007,6400,4793.0,138.55567367607,54.33555830434118,24.092375857115
Samsung,NX500,1007,6400,4793.0,139.55092432841,54.72585267780784,24.123969158412
Samsung,NX500,1007,6400,4793.0,140.54617498076,55.11614705127843,24.155334406014
Samsung,NX500,1007,6400,4793.0,141.5414256331,55.5064414247451,24.186474867137
Samsung,NX500,1007,6400,4793.0,142.53667628544,55.89673579821176,24.21739373932
Samsung,NX500,1007,6400,4793.0,143.53192693778,56.28703017167843,24.248094152385
Samsung,NX500,1007,6400,4793.0,144.52717759012,56.677324545145105,24.278579170337
Samsung,NX500,1007,6400,4793.0,145.52242824246,57.067618918611764,24.308851793198
Samsung,NX500,1007,6400,4793.0,146.5176788948,57.45791329207843,24.338914958772
Samsung,NX500,1007,6400,4793.0,147.51292954714,57.848207665545104,24.368771544356
Samsung,NX500,1007,6400,4793.0,148.50818019949,58.238502039015685,24.398424368387
Samsung,NX500,1007,6400,4793.0,149.50343085183,58.62879641248235,24.427876192038
Samsung,NX500,1007,6400,4793.0,150.49868150417,59.019090785949025,24.457129720756
Samsung,NX500,1007,6400,4793.0,151.49393215651,59.409385159415685,24.486187605753
Samsung,NX500,1007,6400,4793.0,152.48918280885,59.799679532882344,24.515052445446
Samsung,NX500,1007,6400,4793.0,153.48443346119,60.189973906349024,24.543726786846
Samsung,NX500,1007,6400,4793.0,154.47968411353,60.580268279815684,24.572213126908
Samsung,NX500,1007,6400,4793.0,155.47493476587,60.97056265328234,24.600513913831
Samsung,NX500,1007,6400,4793.0,156.47018541822,61.360857026752946,24.628631548319
Samsung,NX500,1007,6400,4793.0,157.46543607056,61.751151400219605,24.656568384805
Samsung,NX500,1007,6400,4793.0,158.4606867229,62.14144577368628,24.684326732625
Samsung,NX500,1007,6400,4793.0,159.45593737524,62.531740147152945,24.71190885717
Samsung,NX500,1007,6400,4793.0,160.45118802758,62.922034520619604,24.739316980986
Samsung,NX500,1007,6400,4793.0,161.44643867992,63.312328894086264,24.766553284854
Samsung,NX500,1007,6400,4793.0,162.44168933226,63.70262326755295,24.793619908824
Samsung,NX500,1007,6400,4793.0,163.4369399846,64.09291764101961,24.820518953228
Samsung,NX500,1007,6400,4793.0,164.43219063695,64.48321201449019,24.84725247965
Samsung,NX500,1007,6400,4793.0,165.42744128929,64.87350638795687,24.873822511881
Samsung,NX500,1007,6400,4793.0,166.42269194163,65.26380076142352,24.90023103683
Samsung,NX500,1007,6400,4793.0,167.41794259397,65.6540951348902,24.926480005416
Samsung,NX500,1007,6400,4793.0,168.41319324631,66.04438950835686,24.952571333436
Samsung,NX500,1007,6400,4793.0,169.40844389865,66.43468388182353,24.978506902396
Samsung,NX500,1007,6400,4793.0,170.40369455099,66.82497825529019,25.004288560331
Samsung,NX500,1007,6400,4793.0,171.39894520333,67.21527262875686,25.029918122588
Samsung,NX500,1007,6400,4793.0,172.39419585568,67.60556700222745,25.055397372598
Samsung,NX500,1007,6400,4793.0,173.38944650802,67.99586137569412,25.080728062613
Samsung,NX500,1007,6400,4793.0,174.38469716036,68.38615574916078,25.105911914434
Samsung,NX500,1007,6400,4793.0,175.3799478127,68.77645012262745,25.130950620111
Samsung,NX500,1007,6400,4793.0,176.37519846504,69.16674449609411,25.155845842622
Samsung,NX500,1007,6400,4793.0,177.37044911738,69.55703886956078,25.180599216537
Samsung,NX500,1007,6400,4793.0,178.36569976972,69.94733324302746,25.205212348659
Samsung,NX500,1007,6400,4793.0,179.36095042206,70.33762761649412,25.229686818655
Samsung,NX500,1007,6400,4793.0,180.35620107441,70.7279219899647,25.254024179655
Samsung,NX500,1007,6400,4793.0,181.35145172675,71.11821636343137,25.27822595885
Samsung,NX500,1007,6400,4793.0,182.34670237909,71.50851073689805,25.302293658063
Samsung,NX500,1007,6400,4793.0,183.34195303143,71.8988051103647,25.326228754307
Samsung,NX500,1007,6400,4793.0,184.33720368377,72.28909948383138,25.350032700331
Samsung,NX500,1007,6400,4793.0,185.33245433611,72.67939385729804,25.373706925146
Samsung,NX500,1007,6400,4793.0,186.32770498845,73.06968823076471,25.397252834541
Samsung,NX500,1007,6400,4793.0,187.32295564079,73.45998260423137,25.420671811581
Samsung,NX500,1007,6400,4793.0,188.31820629314,73.85027697770197,25.443965217097
Samsung,NX500,1007,6400,4793.0,189.31345694548,74.24057135116863,25.467134390157
Samsung,NX500,1007,6400,4793.0,190.30870759782,74.63086572463529,25.490180648531
Samsung,NX500,1007,6400,4793.0,191.30395825016,75.02116009810197,25.513105289136
Samsung,NX500,1007,6400,4793.0,192.2992089025,75.41145447156863,25.535909588476
Samsung,NX500,1007,6400,4793.0,193.29445955484,75.80174884503529,25.558594803069
Samsung,NX500,1007,6400,4793.0,194.28971020718,76.19204321850196,25.581162169858
Samsung,NX500,1007,6400,4793.0,195.28496085952,76.58233759196862,25.603612906621
Samsung,NX500,1007,6400,4793.0,196.28021151187,76.9726319654392,25.625948212361
Samsung,NX500,1007,6400,4793.0,197.27546216421,77.3629263389059,25.648169267689
Samsung,NX500,1007,6400,4793.0,198.27071281655,77.75322071237255,25.670277235201
Samsung,NX500,1007,6400,4793.0,199.26596346889,78.14351508583921,25.692273259842
Samsung,NX500,1007,6400,4793.0,200.26121412123,78.53380945930589,25.71415846926
Samsung,NX500,1007,6400,4793.0,201.25646477357,78.92410383277254,25.735933974155
Samsung,NX500,1007,6400,4793.0,202.25171542591,79.31439820623922,25.757600868613
Samsung,NX500,1007,6400,4793.0,203.24696607826,79.7046925797098,25.77916023044
Samsung,NX500,1007,6400,4793.0,204.2422167306,80.09498695317647,25.800613121479
Samsung,NX500,1007,6400,4793.0,205.23746738294,80.48528132664313,25.821960587929
Samsung,NX500,1007,6400,4793.0,206.23271803528,80.8755757001098,25.843203660646
Samsung,NX500,1007,6400,4793.0,207.22796868762,81.26587007357648,25.864343355442
Samsung,NX500,1007,6400,4793.0,208.22321933996,81.65616444704314,25.885380673379
Samsung,NX500,1007,6400,4793.0,209.2184699923,82.0464588205098,25.906316601052
Samsung,NX500,1007,6400,4793.0,210.21372064464,82.43675319397647,25.927152110863
Samsung,NX500,1007,6400,4793.0,211.20897129699,82.82704756744705,25.947888161299
Samsung,NX500,1007,6400,4793.0,212.20422194933,83.21734194091373,25.968525697188
Samsung,NX500,1007,6400,4793.0,213.19947260167,83.6076363143804,25.989065649963
Samsung,NX500,1007,6400,4793.0,214.19472325401,83.99793068784706,26.009508937914
Samsung,NX500,1007,6400,4793.0,215.18997390635,84.38822506131373,26.029856466428
Samsung,NX500,1007,6400,4793.0,216.18522455869,84.77851943478039,26.050109128237
Samsung,NX500,1007,6400,4793.0,217.18047521103,85.16881380824705,26.070267803648
Samsung,NX500,1007,6400,4793.0,218.17572586337,85.55910818171371,26.090333360776
Samsung,NX500,1007,6400,4793.0,219.17097651572,85.94940255518432,26.110306655763
Samsung,NX500,1007,6400,4793.0,220.16622716806,86.33969692865098,26.130188533003
Samsung,NX500,1007,6400,4793.0,221.1614778204,86.72999130211765,26.149979825351
Samsung,NX500,1007,6400,4793.0,222.15672847274,87.12028567558431,26.169681354336
Samsung,NX500,1007,6400,4793.0,223.15197912508,87.51058004905097,26.189293930362
Samsung,NX500,1007,6400,4793.0,224.14722977742,87.90087442251765,26.208818352911
Samsung,NX500,1007,6400,4793.0,225.14248042976,88.29116879598432,26.228255410736
Samsung,NX500,1007,6400,4793.0,226.1377310821,88.68146316945098,26.247605882054
Samsung,NX500,1007,6400,4793.0,227.13298173445,89.07175754292157,26.266870534732
Samsung,NX500,1007,6400,4793.0,228.12823238679,89.46205191638823,26.286050126468
Samsung,NX500,1007,6400,4793.0,229.12348303913,89.8523462898549,26.305145404974
Samsung,NX500,1007,6400,4793.0,230.11873369147,90.24264066332157,26.324157108145
Samsung,NX500,1007,6400,4793.0,231.11398434381,90.63293503678823,26.343085964234
Samsung,NX500,1007,6400,4793.0,232.10923499615,91.0232294102549,26.361932692021
Samsung,NX500,1007,6400,4793.0,233.10448564849,91.41352378372157,26.38069800097
Samsung,NX500,1007,6400,4793.0,234.09973630083,91.80381815718823,26.399382591394
Samsung,NX500,1007,6400,4793.0,235.09498695318,92.19411253065883,26.417987154614
Samsung,NX500,1007,6400,4793.0,236.09023760552,92.58440690412549,26.436512373104
Samsung,NX500,1007,6400,4793.0,237.08548825786,92.97470127759215,26.454958920651
Samsung,NX500,1007,6400,4793.0,238.0807389102,93.36499565105882,26.473327462493
Samsung,NX500,1007,6400,4793.0,239.07598956254,93.7552900245255,26.491618655472
Samsung,NX500,1007,6400,4793.0,240.07124021488,94.14558439799215,26.509833148165
Samsung,NX500,1007,6400,4793.0,241.06649086722,94.53587877145883,26.527971581029
Samsung,NX500,1007,6400,4793.0,242.06174151956,94.9261731449255,26.546034586535
Samsung,NX500,1007,6400,4793.0,243.05699217191,95.31646751839608,26.564022789296
Samsung,NX500,1007,6400,4793.0,244.05224282425,95.70676189186274,26.581936806203
Samsung,NX500,1007,6400,4793.0,245.04749347659,96.09705626532941,26.599777246547
Samsung,NX500,1007,6400,4793.0,246.04274412893,96.48735063879607,26.617544712143
Samsung,NX500,1007,6400,4793.0,247.03799478127,96.87764501226273,26.635239797456
Samsung,NX500,1007,6400,4793.0,248.03324543361,97.26793938572942,26.652863089717
Samsung,NX500,1007,6400,4793.0,249.02849608595,97.65823375919608,26.67041516904
Samsung,NX500,1007,6400,4793.0,250.02374673829,98.04852813266274,26.687896608537
Samsung,NX500,1007,6400,4793.0,251.01899739064,98.43882250613333,26.705307974431
Samsung,NX500,1007,6400,4793.0,252.01424804298,98.8291168796,26.722649826165
Samsung,NX500,1007,6400,4793.0,253.00949869532,99.21941125306665,26.73992271651
Samsung,NX500,1007,6400,4793.0,254.00474934766,99.60970562653334,26.757127191671
Samsung,NX500,1007,6400,4793.0,255,100.0,26.774263791389
Samsung,NX500,1007,12800,9509.0,2.901470686777,1.1378316418733334,0
Samsung,NX500,1007,12800,9509.0,5.1999225571898,2.0391853165450198,3.9333145944213
Samsung,NX500,1007,12800,9509.0,10.168339524049,3.9875841270780388,8.0065751901357
Samsung,NX500,1007,12800,9509.0,11.16359017639,4.377878500545098,8.5380785506478
Samsung,NX500,1007,12800,9509.0,12.158840828732,4.768172874012548,9.0171847448341
Samsung,NX500,1007,12800,9509.0,13.154091481073,5.158467247479607,9.452882514178
Samsung,NX500,1007,12800,9509.0,14.149342133414,5.548761620946667,9.8520803942692
Samsung,NX500,1007,12800,9509.0,15.144592785756,5.939055994414118,10.220194474576
Samsung,NX500,1007,12800,9509.0,16.139843438097,6.329350367881176,10.561543900381
Samsung,NX500,1007,12800,9509.0,17.135094090438,6.719644741348235,10.87962456487
Samsung,NX500,1007,12800,9509.0,18.130344742779,7.109939114815293,11.177303158512
Samsung,NX500,1007,12800,9509.0,19.125595395121,7.5002334882827455,11.456957703358
Samsung,NX500,1007,12800,9509.0,20.120846047462,7.890527861749804,11.720581256288
Samsung,NX500,1007,12800,9509.0,21.116096699803,8.280822235216862,11.969859720542
Samsung,NX500,1007,12800,9509.0,22.111347352144,8.671116608683922,12.206231108485
Samsung,NX500,1007,12800,9509.0,23.106598004486,9.061410982151372,12.430931288819
Samsung,NX500,1007,12800,9509.0,24.101848656827,9.451705355618431,12.645029733754
Samsung,NX500,1007,12800,9509.0,25.097099309168,9.84199972908549,12.849457763817
Samsung,NX500,1007,12800,9509.0,26.092349961509,10.23229410255255,13.045031092386
Samsung,NX500,1007,12800,9509.0,27.087600613851,10.622588476019999,13.232467988718
Samsung,NX500,1007,12800,9509.0,28.082851266192,11.01288284948706,13.412404037055
Samsung,NX500,1007,12800,9509.0,29.078101918533,11.403177222954119,13.585404225187
Samsung,NX500,1007,12800,9509.0,30.073352570874,11.793471596421176,13.751972918709
Samsung,NX500,1007,12800,9509.0,31.068603223216,12.18376596988863,13.912562147168
Samsung,NX500,1007,12800,9509.0,32.063853875557,12.574060343355686,14.067578531785
Samsung,NX500,1007,12800,9509.0,33.059104527898,12.964354716822745,14.217389111984
Samsung,NX500,1007,12800,9509.0,34.05435518024,13.354649090290197,14.36232627315
Samsung,NX500,1007,12800,9509.0,35.049605832581,13.744943463757256,14.502691936083
Samsung,NX500,1007,12800,9509.0,36.044856484922,14.135237837224313,14.638761136307
Samsung,NX500,1007,12800,9509.0,37.040107137263,14.525532210691372,14.770785096284
Samsung,NX500,1007,12800,9509.0,38.035357789605,14.915826584158824,14.898993873906
Samsung,NX500,1007,12800,9509.0,39.030608441946,15.306120957625883,15.023598655147
Samsung,NX500,1007,12800,9509.0,40.025859094287,15.696415331092942,15.144793746462
Samsung,NX500,1007,12800,9509.0,41.021109746628,16.08670970456,15.262758312658
Samsung,NX500,1007,12800,9509.0,42.01636039897,16.477004078027452,15.377657898108
Samsung,NX500,1007,12800,9509.0,43.011611051311,16.867298451494513,15.489645762763
Samsung,NX500,1007,12800,9509.0,44.006861703652,17.257592824961566,15.598864059247
Samsung,NX500,1007,12800,9509.0,45.002112355993,17.647887198428627,15.705444873089
Samsung,NX500,1007,12800,9509.0,45.997363008335,18.03818157189608,15.809511144659
Samsung,NX500,1007,12800,9509.0,46.992613660676,18.428475945363136,15.911177488519
Samsung,NX500,1007,12800,9509.0,47.987864313017,18.818770318830197,16.010550923532
Samsung,NX500,1007,12800,9509.0,48.983114965358,19.209064692297254,16.107731525087
Samsung,NX500,1007,12800,9509.0,49.9783656177,19.599359065764705,16.202813009158
Samsung,NX500,1007,12800,9509.0,50.973616270041,19.989653439231763,16.295883256538
Samsung,NX500,1007,12800,9509.0,51.968866922382,20.379947812698823,16.38702478442
Samsung,NX500,1007,12800,9509.0,52.964117574724,20.770242186166275,16.476315171522
Samsung,NX500,1007,12800,9509.0,53.959368227065,21.160536559633332,16.563827442114
Samsung,NX500,1007,12800,9509.0,54.954618879406,21.550830933100393,16.649630413608
Samsung,NX500,1007,12800,9509.0,55.949869531747,21.94112530656745,16.733789011774
Samsung,NX500,1007,12800,9509.0,56.945120184089,22.3314196800349,16.816364557103
Samsung,NX500,1007,12800,9509.0,57.94037083643,22.72171405350196,16.897415025428
Samsung,NX500,1007,12800,9509.0,58.935621488771,23.11200842696902,16.976995285527
Samsung,NX500,1007,12800,9509.0,59.930872141112,23.502302800436077,17.055157316075
Samsung,NX500,1007,12800,9509.0,60.926122793454,23.89259717390353,17.131950404077
Samsung,NX500,1007,12800,9509.0,61.921373445795,24.28289154737059,17.207421326626
Samsung,NX500,1007,12800,9509.0,62.916624098136,24.673185920837646,17.281614517639
Samsung,NX500,1007,12800,9509.0,63.911874750477,25.063480294304707,17.354572221027
Samsung,NX500,1007,12800,9509.0,64.907125402819,25.453774667772162,17.426334631609
Samsung,NX500,1007,12800,9509.0,65.90237605516,25.844069041239216,17.496940024907
Samsung,NX500,1007,12800,9509.0,66.897626707501,26.234363414706273,17.566424876869
Samsung,NX500,1007,12800,9509.0,67.892877359842,26.624657788173334,17.634823974437
Samsung,NX500,1007,12800,9509.0,68.888128012184,27.01495216164078,17.702170517783
Samsung,NX500,1007,12800,9509.0,69.883378664525,27.405246535107842,17.768496214949
Samsung,NX500,1007,12800,9509.0,70.878629316866,27.7955409085749,17.833831369567
Samsung,NX500,1007,12800,9509.0,71.873879969208,28.185835282042355,17.898204962243
Samsung,NX500,1007,12800,9509.0,72.869130621549,28.576129655509412,17.961644726158
Samsung,NX500,1007,12800,9509.0,73.86438127389,28.966424028976473,18.024177217357
Samsung,NX500,1007,12800,9509.0,74.859631926231,29.356718402443533,18.085827880175
Samsung,NX500,1007,12800,9509.0,75.854882578573,29.74701277591098,18.146621108195
Samsung,NX500,1007,12800,9509.0,76.850133230914,30.13730714937804,18.206580301104
Samsung,NX500,1007,12800,9509.0,77.845383883255,30.5276015228451,18.265727917753
Samsung,NX500,1007,12800,9509.0,78.840634535596,30.917895896312153,18.324085525749
Samsung,NX500,1007,12800,9509.0,79.835885187938,31.30819026977961,18.381673847826
Samsung,NX500,1007,12800,9509.0,80.831135840279,31.698484643246665,18.438512805244
Samsung,NX500,1007,12800,9509.0,81.82638649262,32.08877901671372,18.494621558453
Samsung,NX500,1007,12800,9509.0,82.821637144962,32.47907339018117,18.550018545214
Samsung,NX500,1007,12800,9509.0,83.816887797303,32.869367763648235,18.60472151637
Samsung,NX500,1007,12800,9509.0,84.812138449644,33.25966213711529,18.658747569433
Samsung,NX500,1007,12800,9509.0,85.807389101985,33.64995651058235,18.712113180157
Samsung,NX500,1007,12800,9509.0,86.802639754327,34.040250884049804,18.764834232227
Samsung,NX500,1007,12800,9509.0,87.797890406668,34.43054525751686,18.8169260452
Samsung,NX500,1007,12800,9509.0,88.793141059009,34.820839630983926,18.868403400824
Samsung,NX500,1007,12800,9509.0,89.78839171135,35.21113400445098,18.919280567847
Samsung,NX500,1007,12800,9509.0,90.783642363692,35.60142837791843,18.969571325407
Samsung,NX500,1007,12800,9509.0,91.778893016033,35.99172275138549,19.019288985118
Samsung,NX500,1007,12800,9509.0,92.774143668374,36.382017124852545,19.068446411918
Samsung,NX500,1007,12800,9509.0,93.769394320715,36.7723114983196,19.117056043779
Samsung,NX500,1007,12800,9509.0,94.764644973057,37.16260587178706,19.165129910336
Samsung,NX500,1007,12800,9509.0,95.759895625398,37.552900245254115,19.212679650523
Samsung,NX500,1007,12800,9509.0,96.755146277739,37.94319461872118,19.259716529261
Samsung,NX500,1007,12800,9509.0,97.750396930081,38.33348899218863,19.30625145327
Samsung,NX500,1007,12800,9509.0,98.745647582422,38.723783365655684,19.352294986058
Samsung,NX500,1007,12800,9509.0,99.740898234763,39.11407773912274,19.397857362134
Samsung,NX500,1007,12800,9509.0,100.7361488871,39.504372112588236,19.44294850049
Samsung,NX500,1007,12800,9509.0,101.73139953945,39.894666486058824,19.487578017412
Samsung,NX500,1007,12800,9509.0,102.72665019179,40.28496085952549,19.531755238637
Samsung,NX500,1007,12800,9509.0,103.72190084413,40.67525523299216,19.575489210917
Samsung,NX500,1007,12800,9509.0,104.71715149647,41.06554960645882,19.618788713004
Samsung,NX500,1007,12800,9509.0,105.71240214881,41.45584397992549,19.661662266112
Samsung,NX500,1007,12800,9509.0,106.70765280115,41.846138353392156,19.704118143867
Samsung,NX500,1007,12800,9509.0,107.70290345349,42.23643272685882,19.746164381786
Samsung,NX500,1007,12800,9509.0,108.69815410583,42.62672710032549,19.787808786301
Samsung,NX500,1007,12800,9509.0,109.69340475818,43.01702147379608,19.829058943371
Samsung,NX500,1007,12800,9509.0,110.68865541052,43.407315847262744,19.869922226688
Samsung,NX500,1007,12800,9509.0,111.68390606286,43.79761022072942,19.910405805499
Samsung,NX500,1007,12800,9509.0,112.6791567152,44.18790459419608,19.950516652087
Samsung,NX500,1007,12800,9509.0,113.67440736754,44.57819896766274,19.990261548899
Samsung,NX500,1007,12800,9509.0,114.66965801988,44.96849334112941,20.029647095365
Samsung,NX500,1007,12800,9509.0,115.66490867222,45.358787714596076,20.068679714405
Samsung,NX500,1007,12800,9509.0,116.66015932456,45.74908208806274,20.107365658661
Samsung,NX500,1007,12800,9509.0,117.65540997691,46.13937646153333,20.145711016448
Samsung,NX500,1007,12800,9509.0,118.65066062925,46.529670835,20.183721717449
Samsung,NX500,1007,12800,9509.0,119.64591128159,46.91996520846667,20.221403538172
Samsung,NX500,1007,12800,9509.0,120.64116193393,47.31025958193333,20.258762107165
Samsung,NX500,1007,12800,9509.0,121.63641258627,47.7005539554,20.295802910023
Samsung,NX500,1007,12800,9509.0,122.63166323861,48.09084832886667,20.33253129417
Samsung,NX500,1007,12800,9509.0,123.62691389095,48.48114270233333,20.368952473464
Samsung,NX500,1007,12800,9509.0,124.62216454329,48.8714370758,20.405071532587
Samsung,NX500,1007,12800,9509.0,125.61741519564,49.26173144927059,20.440893431279
Samsung,NX500,1007,12800,9509.0,126.61266584798,49.65202582273726,20.476423008389
Samsung,NX500,1007,12800,9509.0,127.60791650032,50.042320196203924,20.511664985762
Samsung,NX500,1007,12800,9509.0,128.60316715266,50.432614569670584,20.546623971974
Samsung,NX500,1007,12800,9509.0,129.598417805,50.82290894313726,20.581304465927
Samsung,NX500,1007,12800,9509.0,130.59366845734,51.21320331660392,20.615710860286
Samsung,NX500,1007,12800,9509.0,131.58891910968,51.60349769007059,20.649847444799
Samsung,NX500,1007,12800,9509.0,132.58416976202,51.993792063537256,20.683718409477
Samsung,NX500,1007,12800,9509.0,133.57942041437,52.38408643700784,20.717327847663
Samsung,NX500,1007,12800,9509.0,134.57467106671,52.77438081047452,20.75067975897
Samsung,NX500,1007,12800,9509.0,135.56992171905,53.16467518394118,20.783778052122
Samsung,NX500,1007,12800,9509.0,136.56517237139,53.55496955740784,20.816626547683
Samsung,NX500,1007,12800,9509.0,137.56042302373,53.94526393087451,20.849228980679
Samsung,NX500,1007,12800,9509.0,138.55567367607,54.33555830434118,20.881589003135
Samsung,NX500,1007,12800,9509.0,139.55092432841,54.72585267780784,20.913710186508
Samsung,NX500,1007,12800,9509.0,140.54617498076,55.11614705127843,20.945596024037
Samsung,NX500,1007,12800,9509.0,141.5414256331,55.5064414247451,20.977249933008
Samsung,NX500,1007,12800,9509.0,142.53667628544,55.89673579821176,21.008675256936
Samsung,NX500,1007,12800,9509.0,143.53192693778,56.28703017167843,21.03987526767
Samsung,NX500,1007,12800,9509.0,144.52717759012,56.677324545145105,21.070853167423
Samsung,NX500,1007,12800,9509.0,145.52242824246,57.067618918611764,21.101612090733
Samsung,NX500,1007,12800,9509.0,146.5176788948,57.45791329207843,21.132155106353
Samsung,NX500,1007,12800,9509.0,147.51292954714,57.848207665545104,21.162485219075
Samsung,NX500,1007,12800,9509.0,148.50818019949,58.238502039015685,21.192605371496
Samsung,NX500,1007,12800,9509.0,149.50343085183,58.62879641248235,21.222518445717
Samsung,NX500,1007,12800,9509.0,150.49868150417,59.019090785949025,21.25222726499
Samsung,NX500,1007,12800,9509.0,151.49393215651,59.409385159415685,21.281734595306
Samsung,NX500,1007,12800,9509.0,152.48918280885,59.799679532882344,21.311043146931
Samsung,NX500,1007,12800,9509.0,153.48443346119,60.189973906349024,21.340155575892
Samsung,NX500,1007,12800,9509.0,154.47968411353,60.580268279815684,21.36907448541
Samsung,NX500,1007,12800,9509.0,155.47493476587,60.97056265328234,21.397802427293
Samsung,NX500,1007,12800,9509.0,156.47018541822,61.360857026752946,21.426341903277
Samsung,NX500,1007,12800,9509.0,157.46543607056,61.751151400219605,21.454695366323
Samsung,NX500,1007,12800,9509.0,158.4606867229,62.14144577368628,21.482865221881
Samsung,NX500,1007,12800,9509.0,159.45593737524,62.531740147152945,21.510853829104
Samsung,NX500,1007,12800,9509.0,160.45118802758,62.922034520619604,21.538663502026
Samsung,NX500,1007,12800,9509.0,161.44643867992,63.312328894086264,21.566296510707
Samsung,NX500,1007,12800,9509.0,162.44168933226,63.70262326755295,21.593755082336
Samsung,NX500,1007,12800,9509.0,163.4369399846,64.09291764101961,21.621041402304
Samsung,NX500,1007,12800,9509.0,164.43219063695,64.48321201449019,21.648157615244
Samsung,NX500,1007,12800,9509.0,165.42744128929,64.87350638795687,21.675105826032
Samsung,NX500,1007,12800,9509.0,166.42269194163,65.26380076142352,21.701888100766
Samsung,NX500,1007,12800,9509.0,167.41794259397,65.6540951348902,21.728506467712
Samsung,NX500,1007,12800,9509.0,168.41319324631,66.04438950835686,21.75496291822
Samsung,NX500,1007,12800,9509.0,169.40844389865,66.43468388182353,21.781259407613
Samsung,NX500,1007,12800,9509.0,170.40369455099,66.82497825529019,21.80739785605
Samsung,NX500,1007,12800,9509.0,171.39894520333,67.21527262875686,21.833380149365
Samsung,NX500,1007,12800,9509.0,172.39419585568,67.60556700222745,21.859208139876
Samsung,NX500,1007,12800,9509.0,173.38944650802,67.99586137569412,21.884883647177
Samsung,NX500,1007,12800,9509.0,174.38469716036,68.38615574916078,21.910408458902
Samsung,NX500,1007,12800,9509.0,175.3799478127,68.77645012262745,21.935784331468
Samsung,NX500,1007,12800,9509.0,176.37519846504,69.16674449609411,21.961012990798
Samsung,NX500,1007,12800,9509.0,177.37044911738,69.55703886956078,21.98609613302
Samsung,NX500,1007,12800,9509.0,178.36569976972,69.94733324302746,22.011035425151
Samsung,NX500,1007,12800,9509.0,179.36095042206,70.33762761649412,22.035832505757
Samsung,NX500,1007,12800,9509.0,180.35620107441,70.7279219899647,22.060488985595
Samsung,NX500,1007,12800,9509.0,181.35145172675,71.11821636343137,22.085006448242
Samsung,NX500,1007,12800,9509.0,182.34670237909,71.50851073689805,22.109386450697
Samsung,NX500,1007,12800,9509.0,183.34195303143,71.8988051103647,22.133630523978
Samsung,NX500,1007,12800,9509.0,184.33720368377,72.28909948383138,22.157740173691
Samsung,NX500,1007,12800,9509.0,185.33245433611,72.67939385729804,22.181716880591
Samsung,NX500,1007,12800,9509.0,186.32770498845,73.06968823076471,22.205562101127
Samsung,NX500,1007,12800,9509.0,187.32295564079,73.45998260423137,22.229277267965
Samsung,NX500,1007,12800,9509.0,188.31820629314,73.85027697770197,22.252863790512
Samsung,NX500,1007,12800,9509.0,189.31345694548,74.24057135116863,22.276323055405
Samsung,NX500,1007,12800,9509.0,190.30870759782,74.63086572463529,22.299656427007
Samsung,NX500,1007,12800,9509.0,191.30395825016,75.02116009810197,22.322865247878
Samsung,NX500,1007,12800,9509.0,192.2992089025,75.41145447156863,22.345950839237
Samsung,NX500,1007,12800,9509.0,193.29445955484,75.80174884503529,22.36891450141
Samsung,NX500,1007,12800,9509.0,194.28971020718,76.19204321850196,22.39175751427
Samsung,NX500,1007,12800,9509.0,195.28496085952,76.58233759196862,22.414481137662
Samsung,NX500,1007,12800,9509.0,196.28021151187,76.9726319654392,22.437086611819
Samsung,NX500,1007,12800,9509.0,197.27546216421,77.3629263389059,22.459575157767
Samsung,NX500,1007,12800,9509.0,198.27071281655,77.75322071237255,22.481947977718
Samsung,NX500,1007,12800,9509.0,199.26596346889,78.14351508583921,22.504206255454
Samsung,NX500,1007,12800,9509.0,200.26121412123,78.53380945930589,22.526351156704
Samsung,NX500,1007,12800,9509.0,201.25646477357,78.92410383277254,22.548383829506
Samsung,NX500,1007,12800,9509.0,202.25171542591,79.31439820623922,22.570305404565
Samsung,NX500,1007,12800,9509.0,203.24696607826,79.7046925797098,22.592116995597
Samsung,NX500,1007,12800,9509.0,204.2422167306,80.09498695317647,22.613819699673
Samsung,NX500,1007,12800,9509.0,205.23746738294,80.48528132664313,22.635414597541
Samsung,NX500,1007,12800,9509.0,206.23271803528,80.8755757001098,22.656902753955
Samsung,NX500,1007,12800,9509.0,207.22796868762,81.26587007357648,22.678285217985
Samsung,NX500,1007,12800,9509.0,208.22321933996,81.65616444704314,22.699563023323
Samsung,NX500,1007,12800,9509.0,209.2184699923,82.0464588205098,22.720737188585
Samsung,NX500,1007,12800,9509.0,210.21372064464,82.43675319397647,22.741808717598
Samsung,NX500,1007,12800,9509.0,211.20897129699,82.82704756744705,22.762778599691
Samsung,NX500,1007,12800,9509.0,212.20422194933,83.21734194091373,22.783647809965
Samsung,NX500,1007,12800,9509.0,213.19947260167,83.6076363143804,22.804417309571
Samsung,NX500,1007,12800,9509.0,214.19472325401,83.99793068784706,22.825088045969
Samsung,NX500,1007,12800,9509.0,215.18997390635,84.38822506131373,22.845660953193
Samsung,NX500,1007,12800,9509.0,216.18522455869,84.77851943478039,22.866136952096
Samsung,NX500,1007,12800,9509.0,217.18047521103,85.16881380824705,22.886516950603
Samsung,NX500,1007,12800,9509.0,218.17572586337,85.55910818171371,22.906801843948
Samsung,NX500,1007,12800,9509.0,219.17097651572,85.94940255518432,22.926992514911
Samsung,NX500,1007,12800,9509.0,220.16622716806,86.33969692865098,22.947089834045
Samsung,NX500,1007,12800,9509.0,221.1614778204,86.72999130211765,22.967094659906
Samsung,NX500,1007,12800,9509.0,222.15672847274,87.12028567558431,22.987007839266
Samsung,NX500,1007,12800,9509.0,223.15197912508,87.51058004905097,23.006830207333
Samsung,NX500,1007,12800,9509.0,224.14722977742,87.90087442251765,23.026562587955
Samsung,NX500,1007,12800,9509.0,225.14248042976,88.29116879598432,23.04620579383
Samsung,NX500,1007,12800,9509.0,226.1377310821,88.68146316945098,23.065760626704
Samsung,NX500,1007,12800,9509.0,227.13298173445,89.07175754292157,23.085227877567
Samsung,NX500,1007,12800,9509.0,228.12823238679,89.46205191638823,23.104608326842
Samsung,NX500,1007,12800,9509.0,229.12348303913,89.8523462898549,23.123902744577
Samsung,NX500,1007,12800,9509.0,230.11873369147,90.24264066332157,23.143111890624
Samsung,NX500,1007,12800,9509.0,231.11398434381,90.63293503678823,23.162236514822
Samsung,NX500,1007,12800,9509.0,232.10923499615,91.0232294102549,23.181277357165
Samsung,NX500,1007,12800,9509.0,233.10448564849,91.41352378372157,23.200235147983
Samsung,NX500,1007,12800,9509.0,234.09973630083,91.80381815718823,23.219110608101
Samsung,NX500,1007,12800,9509.0,235.09498695318,92.19411253065883,23.237904449008
Samsung,NX500,1007,12800,9509.0,236.09023760552,92.58440690412549,23.256617373017
Samsung,NX500,1007,12800,9509.0,237.08548825786,92.97470127759215,23.275250073419
Samsung,NX500,1007,12800,9509.0,238.0807389102,93.36499565105882,23.293803234641
Samsung,NX500,1007,12800,9509.0,239.07598956254,93.7552900245255,23.312277532392
Samsung,NX500,1007,12800,9509.0,240.07124021488,94.14558439799215,23.330673633815
Samsung,NX500,1007,12800,9509.0,241.06649086722,94.53587877145883,23.348992197626
Samsung,NX500,1007,12800,9509.0,242.06174151956,94.9261731449255,23.367233874261
Samsung,NX500,1007,12800,9509.0,243.05699217191,95.31646751839608,23.385399306008
Samsung,NX500,1007,12800,9509.0,244.05224282425,95.70676189186274,23.403489127147
Samsung,NX500,1007,12800,9509.0,245.04749347659,96.09705626532941,23.421503964081
Samsung,NX500,1007,12800,9509.0,246.04274412893,96.48735063879607,23.439444435466
Samsung,NX500,1007,12800,9509.0,247.03799478127,96.87764501226273,23.457311152336
Samsung,NX500,1007,12800,9509.0,248.03324543361,97.26793938572942,23.475104718232
Samsung,NX500,1007,12800,9509.0,249.02849608595,97.65823375919608,23.49282572932
Samsung,NX500,1007,12800,9509.0,250.02374673829,98.04852813266274,23.510474774513
Samsung,NX500,1007,12800,9509.0,251.01899739064,98.43882250613333,23.528052435586
Samsung,NX500,1007,12800,9509.0,252.01424804298,98.8291168796,23.545559287293
Samsung,NX500,1007,12800,9509.0,253.00949869532,99.21941125306665,23.562995897478
Samsung,NX500,1007,12800,9509.0,254.00474934766,99.60970562653334,23.580362827187
Samsung,NX500,1007,12800,9509.0,255,100.0,23.597660630772
Samsung,NX500,1007,25600,16873.0,5.1999225571898,2.0391853165450198,0
Samsung,NX500,1007,25600,16873.0,10.168339524049,3.9875841270780388,4.4384110947642
Samsung,NX500,1007,25600,16873.0,11.16359017639,4.377878500545098,5.0179801494738
Samsung,NX500,1007,25600,16873.0,12.158840828732,4.768172874012548,5.539956905215
Samsung,NX500,1007,25600,16873.0,13.154091481073,5.158467247479607,6.0141309751248
Samsung,NX500,1007,25600,16873.0,14.149342133414,5.548761620946667,6.448054882621
Samsung,NX500,1007,25600,16873.0,15.144592785756,5.939055994414118,6.8476685092214
Samsung,NX500,1007,25600,16873.0,16.139843438097,6.329350367881176,7.2177214328687
Samsung,NX500,1007,25600,16873.0,17.135094090438,6.719644741348235,7.5620665632222
Samsung,NX500,1007,25600,16873.0,18.130344742779,7.109939114815293,7.8838692246391
Samsung,NX500,1007,25600,16873.0,19.125595395121,7.5002334882827455,8.185759170705
Samsung,NX500,1007,25600,16873.0,20.120846047462,7.890527861749804,8.4699431581573
Samsung,NX500,1007,25600,16873.0,21.116096699803,8.280822235216862,8.7382896870634
Samsung,NX500,1007,25600,16873.0,22.111347352144,8.671116608683922,8.9923937292528
Samsung,NX500,1007,25600,16873.0,23.106598004486,9.061410982151372,9.2336268266735
Samsung,NX500,1007,25600,16873.0,24.101848656827,9.451705355618431,9.4631763318714
Samsung,NX500,1007,25600,16873.0,25.097099309168,9.84199972908549,9.6820764794405
Samsung,NX500,1007,25600,16873.0,26.092349961509,10.23229410255255,9.8912332345229
Samsung,NX500,1007,25600,16873.0,27.087600613851,10.622588476019999,10.091444346579
Samsung,NX500,1007,25600,16873.0,28.082851266192,11.01288284948706,10.28341567004
Samsung,NX500,1007,25600,16873.0,29.078101918533,11.403177222954119,10.467774550236
Samsung,NX500,1007,25600,16873.0,30.073352570874,11.793471596421176,10.645080881591
Samsung,NX500,1007,25600,16873.0,31.068603223216,12.18376596988863,10.815836304173
Samsung,NX500,1007,25600,16873.0,32.063853875557,12.574060343355686,10.980491899863
Samsung,NX500,1007,25600,16873.0,33.059104527898,12.964354716822745,11.139454670574
Samsung,NX500,1007,25600,16873.0,34.05435518024,13.354649090290197,11.293093021124
Samsung,NX500,1007,25600,16873.0,35.049605832581,13.744943463757256,11.44174142354
Samsung,NX500,1007,25600,16873.0,36.044856484922,14.135237837224313,11.585704404182
Samsung,NX500,1007,25600,16873.0,37.040107137263,14.525532210691372,11.725259967512
Samsung,NX500,1007,25600,16873.0,38.035357789605,14.915826584158824,11.860662548761
Samsung,NX500,1007,25600,16873.0,39.030608441946,15.306120957625883,11.99214557065
Samsung,NX500,1007,25600,16873.0,40.025859094287,15.696415331092942,12.119923665785
Samsung,NX500,1007,25600,16873.0,41.021109746628,16.08670970456,12.244194615494
Samsung,NX500,1007,25600,16873.0,42.01636039897,16.477004078027452,12.365141047151
Samsung,NX500,1007,25600,16873.0,43.011611051311,16.867298451494513,12.482931924952
Samsung,NX500,1007,25600,16873.0,44.006861703652,17.257592824961566,12.597723863409
Samsung,NX500,1007,25600,16873.0,45.002112355993,17.647887198428627,12.70966228809
Samsung,NX500,1007,25600,16873.0,45.997363008335,18.03818157189608,12.818882464298
Samsung,NX500,1007,25600,16873.0,46.992613660676,18.428475945363136,12.925510411204
Samsung,NX500,1007,25600,16873.0,47.987864313017,18.818770318830197,13.029663716312
Samsung,NX500,1007,25600,16873.0,48.983114965358,19.209064692297254,13.131452262917
Samsung,NX500,1007,25600,16873.0,49.9783656177,19.599359065764705,13.230978881425
Samsung,NX500,1007,25600,16873.0,50.973616270041,19.989653439231763,13.328339933828
Samsung,NX500,1007,25600,16873.0,51.968866922382,20.379947812698823,13.423625839349
Samsung,NX500,1007,25600,16873.0,52.964117574724,20.770242186166275,13.516921548191
Samsung,NX500,1007,25600,16873.0,53.959368227065,21.160536559633332,13.608306969364
Samsung,NX500,1007,25600,16873.0,54.954618879406,21.550830933100393,13.697857357808
Samsung,NX500,1007,25600,16873.0,55.949869531747,21.94112530656745,13.785643665347
Samsung,NX500,1007,25600,16873.0,56.945120184089,22.3314196800349,13.871732859415
Samsung,NX500,1007,25600,16873.0,57.94037083643,22.72171405350196,13.956188213044
Samsung,NX500,1007,25600,16873.0,58.935621488771,23.11200842696902,14.039069569125
Samsung,NX500,1007,25600,16873.0,59.930872141112,23.502302800436077,14.120433581635
Samsung,NX500,1007,25600,16873.0,60.926122793454,23.89259717390353,14.200333936175
Samsung,NX500,1007,25600,16873.0,61.921373445795,24.28289154737059,14.278821551909
Samsung,NX500,1007,25600,16873.0,62.916624098136,24.673185920837646,14.35594476673
Samsung,NX500,1007,25600,16873.0,63.911874750477,25.063480294304707,14.431749507302
Samsung,NX500,1007,25600,16873.0,64.907125402819,25.453774667772162,14.506279445427
Samsung,NX500,1007,25600,16873.0,65.90237605516,25.844069041239216,14.579576142014
Samsung,NX500,1007,25600,16873.0,66.897626707501,26.234363414706273,14.651679179824
Samsung,NX500,1007,25600,16873.0,67.892877359842,26.624657788173334,14.722626286009
Samsung,NX500,1007,25600,16873.0,68.888128012184,27.01495216164078,14.79245344537
Samsung,NX500,1007,25600,16873.0,69.883378664525,27.405246535107842,14.861195005153
Samsung,NX500,1007,25600,16873.0,70.878629316866,27.7955409085749,14.928883772144
Samsung,NX500,1007,25600,16873.0,71.873879969208,28.185835282042355,14.99555110271
Samsung,NX500,1007,25600,16873.0,72.869130621549,28.576129655509412,15.061226986398
Samsung,NX500,1007,25600,16873.0,73.86438127389,28.966424028976473,15.125940123638
Samsung,NX500,1007,25600,16873.0,74.859631926231,29.356718402443533,15.189717998029
Samsung,NX500,1007,25600,16873.0,75.854882578573,29.74701277591098,15.252586943664
Samsung,NX500,1007,25600,16873.0,76.850133230914,30.13730714937804,15.314572207888
Samsung,NX500,1007,25600,16873.0,77.845383883255,30.5276015228451,15.375698009851
Samsung,NX500,1007,25600,16873.0,78.840634535596,30.917895896312153,15.435987595202
Samsung,NX500,1007,25600,16873.0,79.835885187938,31.30819026977961,15.495463287209
Samsung,NX500,1007,25600,16873.0,80.831135840279,31.698484643246665,15.554146534585
Samsung,NX500,1007,25600,16873.0,81.82638649262,32.08877901671372,15.612057956274
Samsung,NX500,1007,25600,16873.0,82.821637144962,32.47907339018117,15.669217383419
Samsung,NX500,1007,25600,16873.0,83.816887797303,32.869367763648235,15.725643898731
Samsung,NX500,1007,25600,16873.0,84.812138449644,33.25966213711529,15.781355873433
Samsung,NX500,1007,25600,16873.0,85.807389101985,33.64995651058235,15.836371001971
Samsung,NX500,1007,25600,16873.0,86.802639754327,34.040250884049804,15.890706334643
Samsung,NX500,1007,25600,16873.0,87.797890406668,34.43054525751686,15.944378308295
Samsung,NX500,1007,25600,16873.0,88.793141059009,34.820839630983926,15.997402775218
Samsung,NX500,1007,25600,16873.0,89.78839171135,35.21113400445098,16.049795030373
Samsung,NX500,1007,25600,16873.0,90.783642363692,35.60142837791843,16.101569837063
Samsung,NX500,1007,25600,16873.0,91.778893016033,35.99172275138549,16.152741451137
Samsung,NX500,1007,25600,16873.0,92.774143668374,36.382017124852545,16.203323643855
Samsung,NX500,1007,25600,16873.0,93.769394320715,36.7723114983196,16.253329723473
Samsung,NX500,1007,25600,16873.0,94.764644973057,37.16260587178706,16.302772555653
Samsung,NX500,1007,25600,16873.0,95.759895625398,37.552900245254115,16.351664582764
Samsung,NX500,1007,25600,16873.0,96.755146277739,37.94319461872118,16.400017842143
Samsung,NX500,1007,25600,16873.0,97.750396930081,38.33348899218863,16.447843983392
Samsung,NX500,1007,25600,16873.0,98.745647582422,38.723783365655684,16.495154284764
Samsung,NX500,1007,25600,16873.0,99.740898234763,39.11407773912274,16.541959668694
Samsung,NX500,1007,25600,16873.0,100.7361488871,39.504372112588236,16.588270716533
Samsung,NX500,1007,25600,16873.0,101.73139953945,39.894666486058824,16.634097682528
Samsung,NX500,1007,25600,16873.0,102.72665019179,40.28496085952549,16.6794505071
Samsung,NX500,1007,25600,16873.0,103.72190084413,40.67525523299216,16.724338829453
Samsung,NX500,1007,25600,16873.0,104.71715149647,41.06554960645882,16.768771999561
Samsung,NX500,1007,25600,16873.0,105.71240214881,41.45584397992549,16.812759089568
Samsung,NX500,1007,25600,16873.0,106.70765280115,41.846138353392156,16.856308904637
Samsung,NX500,1007,25600,16873.0,107.70290345349,42.23643272685882,16.899429993265
Samsung,NX500,1007,25600,16873.0,108.69815410583,42.62672710032549,16.942130657123
Samsung,NX500,1007,25600,16873.0,109.69340475818,43.01702147379608,16.984418960419
Samsung,NX500,1007,25600,16873.0,110.68865541052,43.407315847262744,17.026302738825
Samsung,NX500,1007,25600,16873.0,111.68390606286,43.79761022072942,17.067789607995
Samsung,NX500,1007,25600,16873.0,112.6791567152,44.18790459419608,17.108886971687
Samsung,NX500,1007,25600,16873.0,113.67440736754,44.57819896766274,17.149602029516
Samsung,NX500,1007,25600,16873.0,114.66965801988,44.96849334112941,17.189941784357
Samsung,NX500,1007,25600,16873.0,115.66490867222,45.358787714596076,17.229913049415
Samsung,NX500,1007,25600,16873.0,116.66015932456,45.74908208806274,17.269522454989
Samsung,NX500,1007,25600,16873.0,117.65540997691,46.13937646153333,17.308776454926
Samsung,NX500,1007,25600,16873.0,118.65066062925,46.529670835,17.347681332804
Samsung,NX500,1007,25600,16873.0,119.64591128159,46.91996520846667,17.386243207845
Samsung,NX500,1007,25600,16873.0,120.64116193393,47.31025958193333,17.424468040569
Samsung,NX500,1007,25600,16873.0,121.63641258627,47.7005539554,17.462361638218
Samsung,NX500,1007,25600,16873.0,122.63166323861,48.09084832886667,17.49992965994
Samsung,NX500,1007,25600,16873.0,123.62691389095,48.48114270233333,17.537177621766
Samsung,NX500,1007,25600,16873.0,124.62216454329,48.8714370758,17.574110901372
Samsung,NX500,1007,25600,16873.0,125.61741519564,49.26173144927059,17.610734742653
Samsung,NX500,1007,25600,16873.0,126.61266584798,49.65202582273726,17.647054260105
Samsung,NX500,1007,25600,16873.0,127.60791650032,50.042320196203924,17.683074443033
Samsung,NX500,1007,25600,16873.0,128.60316715266,50.432614569670584,17.718800159583
Samsung,NX500,1007,25600,16873.0,129.598417805,50.82290894313726,17.754236160625
Samsung,NX500,1007,25600,16873.0,130.59366845734,51.21320331660392,17.789387083472
Samsung,NX500,1007,25600,16873.0,131.58891910968,51.60349769007059,17.824257455457
Samsung,NX500,1007,25600,16873.0,132.58416976202,51.993792063537256,17.858851697374
Samsung,NX500,1007,25600,16873.0,133.57942041437,52.38408643700784,17.893174126779
Samsung,NX500,1007,25600,16873.0,134.57467106671,52.77438081047452,17.927228961168
Samsung,NX500,1007,25600,16873.0,135.56992171905,53.16467518394118,17.961020321038
Samsung,NX500,1007,25600,16873.0,136.56517237139,53.55496955740784,17.994552232825
Samsung,NX500,1007,25600,16873.0,137.56042302373,53.94526393087451,18.027828631737
Samsung,NX500,1007,25600,16873.0,138.55567367607,54.33555830434118,18.060853364478
Samsung,NX500,1007,25600,16873.0,139.55092432841,54.72585267780784,18.093630191876
Samsung,NX500,1007,25600,16873.0,140.54617498076,55.11614705127843,18.126162791408
Samsung,NX500,1007,25600,16873.0,141.5414256331,55.5064414247451,18.15845475964
Samsung,NX500,1007,25600,16873.0,142.53667628544,55.89673579821176,18.190509614575
Samsung,NX500,1007,25600,16873.0,143.53192693778,56.28703017167843,18.222330797915
Samsung,NX500,1007,25600,16873.0,144.52717759012,56.677324545145105,18.253921677245
Samsung,NX500,1007,25600,16873.0,145.52242824246,57.067618918611764,18.285285548142
Samsung,NX500,1007,25600,16873.0,146.5176788948,57.45791329207843,18.316425636204
Samsung,NX500,1007,25600,16873.0,147.51292954714,57.848207665545104,18.347345099011
Samsung,NX500,1007,25600,16873.0,148.50818019949,58.238502039015685,18.378047028021
Samsung,NX500,1007,25600,16873.0,149.50343085183,58.62879641248235,18.408534450394
Samsung,NX500,1007,25600,16873.0,150.49868150417,59.019090785949025,18.438810330759
Samsung,NX500,1007,25600,16873.0,151.49393215651,59.409385159415685,18.46887757292
Samsung,NX500,1007,25600,16873.0,152.48918280885,59.799679532882344,18.498739021502
Samsung,NX500,1007,25600,16873.0,153.48443346119,60.189973906349024,18.528397463546
Samsung,NX500,1007,25600,16873.0,154.47968411353,60.580268279815684,18.557855630044
Samsung,NX500,1007,25600,16873.0,155.47493476587,60.97056265328234,18.587116197433
Samsung,NX500,1007,25600,16873.0,156.47018541822,61.360857026752946,18.616181789027
Samsung,NX500,1007,25600,16873.0,157.46543607056,61.751151400219605,18.645054976419
Samsung,NX500,1007,25600,16873.0,158.4606867229,62.14144577368628,18.673738280819
Samsung,NX500,1007,25600,16873.0,159.45593737524,62.531740147152945,18.702234174362
Samsung,NX500,1007,25600,16873.0,160.45118802758,62.922034520619604,18.730545081373
Samsung,NX500,1007,25600,16873.0,161.44643867992,63.312328894086264,18.75867337958
Samsung,NX500,1007,25600,16873.0,162.44168933226,63.70262326755295,18.786621401306
Samsung,NX500,1007,25600,16873.0,163.4369399846,64.09291764101961,18.81439143461
Samsung,NX500,1007,25600,16873.0,164.43219063695,64.48321201449019,18.841985724397
Samsung,NX500,1007,25600,16873.0,165.42744128929,64.87350638795687,18.869406473497
Samsung,NX500,1007,25600,16873.0,166.42269194163,65.26380076142352,18.896655843702
Samsung,NX500,1007,25600,16873.0,167.41794259397,65.6540951348902,18.92373595678
Samsung,NX500,1007,25600,16873.0,168.41319324631,66.04438950835686,18.950648895454
Samsung,NX500,1007,25600,16873.0,169.40844389865,66.43468388182353,18.977396704352
Samsung,NX500,1007,25600,16873.0,170.40369455099,66.82497825529019,19.003981390924
Samsung,NX500,1007,25600,16873.0,171.39894520333,67.21527262875686,19.030404926343
Samsung,NX500,1007,25600,16873.0,172.39419585568,67.60556700222745,19.056669246365
Samsung,NX500,1007,25600,16873.0,173.38944650802,67.99586137569412,19.082776252174
Samsung,NX500,1007,25600,16873.0,174.38469716036,68.38615574916078,19.108727811196
Samsung,NX500,1007,25600,16873.0,175.3799478127,68.77645012262745,19.134525757894
Samsung,NX500,1007,25600,16873.0,176.37519846504,69.16674449609411,19.160171894536
Samsung,NX500,1007,25600,16873.0,177.37044911738,69.55703886956078,19.185667991941
Samsung,NX500,1007,25600,16873.0,178.36569976972,69.94733324302746,19.21101579021
Samsung,NX500,1007,25600,16873.0,179.36095042206,70.33762761649412,19.236216999421
Samsung,NX500,1007,25600,16873.0,180.35620107441,70.7279219899647,19.261273300325
Samsung,NX500,1007,25600,16873.0,181.35145172675,71.11821636343137,19.286186345004
Samsung,NX500,1007,25600,16873.0,182.34670237909,71.50851073689805,19.310957757519
Samsung,NX500,1007,25600,16873.0,183.34195303143,71.8988051103647,19.335589134542
Samsung,NX500,1007,25600,16873.0,184.33720368377,72.28909948383138,19.360082045963
Samsung,NX500,1007,25600,16873.0,185.33245433611,72.67939385729804,19.384438035487
Samsung,NX500,1007,25600,16873.0,186.32770498845,73.06968823076471,19.408658621209
Samsung,NX500,1007,25600,16873.0,187.32295564079,73.45998260423137,19.432745296181
Samsung,NX500,1007,25600,16873.0,188.31820629314,73.85027697770197,19.456699528953
Samsung,NX500,1007,25600,16873.0,189.31345694548,74.24057135116863,19.480522764108
Samsung,NX500,1007,25600,16873.0,190.30870759782,74.63086572463529,19.504216422779
Samsung,NX500,1007,25600,16873.0,191.30395825016,75.02116009810197,19.527781903155
Samsung,NX500,1007,25600,16873.0,192.2992089025,75.41145447156863,19.551220580967
Samsung,NX500,1007,25600,16873.0,193.29445955484,75.80174884503529,19.574533809968
Samsung,NX500,1007,25600,16873.0,194.28971020718,76.19204321850196,19.597722922397
Samsung,NX500,1007,25600,16873.0,195.28496085952,76.58233759196862,19.620789229432
Samsung,NX500,1007,25600,16873.0,196.28021151187,76.9726319654392,19.64373402163
Samsung,NX500,1007,25600,16873.0,197.27546216421,77.3629263389059,19.666558569358
Samsung,NX500,1007,25600,16873.0,198.27071281655,77.75322071237255,19.689264123209
Samsung,NX500,1007,25600,16873.0,199.26596346889,78.14351508583921,19.711851914409
Samsung,NX500,1007,25600,16873.0,200.26121412123,78.53380945930589,19.734323155218
Samsung,NX500,1007,25600,16873.0,201.25646477357,78.92410383277254,19.756679039311
Samsung,NX500,1007,25600,16873.0,202.25171542591,79.31439820623922,19.77892074216
Samsung,NX500,1007,25600,16873.0,203.24696607826,79.7046925797098,19.801049421401
Samsung,NX500,1007,25600,16873.0,204.2422167306,80.09498695317647,19.823066217189
Samsung,NX500,1007,25600,16873.0,205.23746738294,80.48528132664313,19.84497225255
Samsung,NX500,1007,25600,16873.0,206.23271803528,80.8755757001098,19.866768633722
Samsung,NX500,1007,25600,16873.0,207.22796868762,81.26587007357648,19.888456450488
Samsung,NX500,1007,25600,16873.0,208.22321933996,81.65616444704314,19.910036776496
Samsung,NX500,1007,25600,16873.0,209.2184699923,82.0464588205098,19.931510669581
Samsung,NX500,1007,25600,16873.0,210.21372064464,82.43675319397647,19.952879172069
Samsung,NX500,1007,25600,16873.0,211.20897129699,82.82704756744705,19.974143311081
Samsung,NX500,1007,25600,16873.0,212.20422194933,83.21734194091373,19.995304098824
Samsung,NX500,1007,25600,16873.0,213.19947260167,83.6076363143804,20.016362532882
Samsung,NX500,1007,25600,16873.0,214.19472325401,83.99793068784706,20.03731959649
Samsung,NX500,1007,25600,16873.0,215.18997390635,84.38822506131373,20.058176258813
Samsung,NX500,1007,25600,16873.0,216.18522455869,84.77851943478039,20.07893347521
Samsung,NX500,1007,25600,16873.0,217.18047521103,85.16881380824705,20.099592187495
Samsung,NX500,1007,25600,16873.0,218.17572586337,85.55910818171371,20.12015332419
Samsung,NX500,1007,25600,16873.0,219.17097651572,85.94940255518432,20.140617800776
Samsung,NX500,1007,25600,16873.0,220.16622716806,86.33969692865098,20.160986519935
Samsung,NX500,1007,25600,16873.0,221.1614778204,86.72999130211765,20.181260371784
Samsung,NX500,1007,25600,16873.0,222.15672847274,87.12028567558431,20.201440234112
Samsung,NX500,1007,25600,16873.0,223.15197912508,87.51058004905097,20.221526972603
Samsung,NX500,1007,25600,16873.0,224.14722977742,87.90087442251765,20.241521441056
Samsung,NX500,1007,25600,16873.0,225.14248042976,88.29116879598432,20.261424481605
Samsung,NX500,1007,25600,16873.0,226.1377310821,88.68146316945098,20.281236924927
Samsung,NX500,1007,25600,16873.0,227.13298173445,89.07175754292157,20.300959590448
Samsung,NX500,1007,25600,16873.0,228.12823238679,89.46205191638823,20.320593286551
Samsung,NX500,1007,25600,16873.0,229.12348303913,89.8523462898549,20.340138810763
Samsung,NX500,1007,25600,16873.0,230.11873369147,90.24264066332157,20.35959694996
Samsung,NX500,1007,25600,16873.0,231.11398434381,90.63293503678823,20.378968480544
Samsung,NX500,1007,25600,16873.0,232.10923499615,91.0232294102549,20.398254168638
Samsung,NX500,1007,25600,16873.0,233.10448564849,91.41352378372157,20.417454770258
Samsung,NX500,1007,25600,16873.0,234.09973630083,91.80381815718823,20.436571031495
Samsung,NX500,1007,25600,16873.0,235.09498695318,92.19411253065883,20.455603688687
Samsung,NX500,1007,25600,16873.0,236.09023760552,92.58440690412549,20.474553468585
Samsung,NX500,1007,25600,16873.0,237.08548825786,92.97470127759215,20.493421088521
Samsung,NX500,1007,25600,16873.0,238.0807389102,93.36499565105882,20.512207256572
Samsung,NX500,1007,25600,16873.0,239.07598956254,93.7552900245255,20.530912671712
Samsung,NX500,1007,25600,16873.0,240.07124021488,94.14558439799215,20.549538023972
Samsung,NX500,1007,25600,16873.0,241.06649086722,94.53587877145883,20.568083994591
Samsung,NX500,1007,25600,16873.0,242.06174151956,94.9261731449255,20.586551256165
Samsung,NX500,1007,25600,16873.0,243.05699217191,95.31646751839608,20.604940472789
Samsung,NX500,1007,25600,16873.0,244.05224282425,95.70676189186274,20.623252300203
Samsung,NX500,1007,25600,16873.0,245.04749347659,96.09705626532941,20.64148738593
Samsung,NX500,1007,25600,16873.0,246.04274412893,96.48735063879607,20.659646369413
Samsung,NX500,1007,25600,16873.0,247.03799478127,96.87764501226273,20.677729882149
Samsung,NX500,1007,25600,16873.0,248.03324543361,97.26793938572942,20.695738547817
Samsung,NX500,1007,25600,16873.0,249.02849608595,97.65823375919608,20.713672982411
Samsung,NX500,1007,25600,16873.0,250.02374673829,98.04852813266274,20.731533794362
Samsung,NX500,1007,25600,16873.0,251.01899739064,98.43882250613333,20.749321584663
Samsung,NX500,1007,25600,16873.0,252.01424804298,98.8291168796,20.767036946988
Samsung,NX500,1007,25600,16873.0,253.00949869532,99.21941125306665,20.784680467812
Samsung,NX500,1007,25600,16873.0,254.00474934766,99.60970562653334,20.802252726526
Samsung,NX500,1007,25600,16873.0,255,100.0,20.819754295549
Samsung,NX500,1007,51200,31250.0,10.168339524049,3.9875841270780388,0
Samsung,NX500,1007,51200,31250.0,11.16359017639,4.377878500545098,0.64658067453998
Samsung,NX500,1007,51200,31250.0,12.158840828732,4.768172874012548,1.2298540526736
Samsung,NX500,1007,51200,31250.0,13.154091481073,5.158467247479607,1.7603163390389
Samsung,NX500,1007,51200,31250.0,14.149342133414,5.548761620946667,2.246114002255
Samsung,NX500,1007,51200,31250.0,15.144592785756,5.939055994414118,2.6936899440965
Samsung,NX500,1007,51200,31250.0,16.139843438097,6.329350367881176,3.108222692854
Samsung,NX500,1007,51200,31250.0,17.135094090438,6.719644741348235,3.4939332595245
Samsung,NX500,1007,51200,31250.0,18.130344742779,7.109939114815293,3.8543046941069
Samsung,NX500,1007,51200,31250.0,19.125595395121,7.5002334882827455,4.192242472575
Samsung,NX500,1007,51200,31250.0,20.120846047462,7.890527861749804,4.510193820109
Samsung,NX500,1007,51200,31250.0,21.116096699803,8.280822235216862,4.810237934484
Samsung,NX500,1007,51200,31250.0,22.111347352144,8.671116608683922,5.0941552013126
Samsung,NX500,1007,51200,31250.0,23.106598004486,9.061410982151372,5.3634809885794
Samsung,NX500,1007,51200,31250.0,24.101848656827,9.451705355618431,5.6195479511032
Samsung,NX500,1007,51200,31250.0,25.097099309168,9.84199972908549,5.8635196568284
Samsung,NX500,1007,51200,31250.0,26.092349961509,10.23229410255255,6.0964175773656
Samsung,NX500,1007,51200,31250.0,27.087600613851,10.622588476019999,6.3191429470005
Samsung,NX500,1007,51200,31250.0,28.082851266192,11.01288284948706,6.532494612154
Samsung,NX500,1007,51200,31250.0,29.078101918533,11.403177222954119,6.7371837179776
Samsung,NX500,1007,51200,31250.0,30.073352570874,11.793471596421176,6.9338458779222
Samsung,NX500,1007,51200,31250.0,31.068603223216,12.18376596988863,7.123051323832
Samsung,NX500,1007,51200,31250.0,32.063853875557,12.574060343355686,7.3053134234274
Samsung,NX500,1007,51200,31250.0,33.059104527898,12.964354716822745,7.4810958685687
Samsung,NX500,1007,51200,31250.0,34.05435518024,13.354649090290197,7.6508187741374
Samsung,NX500,1007,51200,31250.0,35.049605832581,13.744943463757256,7.8148638785592
Samsung,NX500,1007,51200,31250.0,36.044856484922,14.135237837224313,7.9735789991799
Samsung,NX500,1007,51200,31250.0,37.040107137263,14.525532210691372,8.1272818661931
Samsung,NX500,1007,51200,31250.0,38.035357789605,14.915826584158824,8.2762634356079
Samsung,NX500,1007,51200,31250.0,39.030608441946,15.306120957625883,8.4207907633695
Samsung,NX500,1007,51200,31250.0,40.025859094287,15.696415331092942,8.5611095081022
Samsung,NX500,1007,51200,31250.0,41.021109746628,16.08670970456,8.6974461181997
Samsung,NX500,1007,51200,31250.0,42.01636039897,16.477004078027452,8.8300097495163
Samsung,NX500,1007,51200,31250.0,43.011611051311,16.867298451494513,8.9589939522341
Samsung,NX500,1007,51200,31250.0,44.006861703652,17.257592824961566,9.0845781592166
Samsung,NX500,1007,51200,31250.0,45.002112355993,17.647887198428627,9.2069290030304
Samsung,NX500,1007,51200,31250.0,45.997363008335,18.03818157189608,9.326201484594
Samsung,NX500,1007,51200,31250.0,46.992613660676,18.428475945363136,9.4425400129177
Samsung,NX500,1007,51200,31250.0,47.987864313017,18.818770318830197,9.5560793325022
Samsung,NX500,1007,51200,31250.0,48.983114965358,19.209064692297254,9.6669453525416
Samsung,NX500,1007,51200,31250.0,49.9783656177,19.599359065764705,9.7752558900546
Samsung,NX500,1007,51200,31250.0,50.973616270041,19.989653439231763,9.8811213373629
Samsung,NX500,1007,51200,31250.0,51.968866922382,20.379947812698823,9.9846452629055
Samsung,NX500,1007,51200,31250.0,52.964117574724,20.770242186166275,10.085924953159
Samsung,NX500,1007,51200,31250.0,53.959368227065,21.160536559633332,10.185051902402
Samsung,NX500,1007,51200,31250.0,54.954618879406,21.550830933100393,10.282112256197
Samsung,NX500,1007,51200,31250.0,55.949869531747,21.94112530656745,10.377187213683
Samsung,NX500,1007,51200,31250.0,56.945120184089,22.3314196800349,10.470353393166
Samsung,NX500,1007,51200,31250.0,57.94037083643,22.72171405350196,10.561683164915
Samsung,NX500,1007,51200,31250.0,58.935621488771,23.11200842696902,10.651244954602
Samsung,NX500,1007,51200,31250.0,59.930872141112,23.502302800436077,10.739103520422
Samsung,NX500,1007,51200,31250.0,60.926122793454,23.89259717390353,10.825320206557
Samsung,NX500,1007,51200,31250.0,61.921373445795,24.28289154737059,10.909953175355
Samsung,NX500,1007,51200,31250.0,62.916624098136,24.673185920837646,10.99305762031
Samsung,NX500,1007,51200,31250.0,63.911874750477,25.063480294304707,11.074685961705
Samsung,NX500,1007,51200,31250.0,64.907125402819,25.453774667772162,11.154888026578
Samsung,NX500,1007,51200,31250.0,65.90237605516,25.844069041239216,11.233711214469
Samsung,NX500,1007,51200,31250.0,66.897626707501,26.234363414706273,11.311200650275
Samsung,NX500,1007,51200,31250.0,67.892877359842,26.624657788173334,11.387399325393
Samsung,NX500,1007,51200,31250.0,68.888128012184,27.01495216164078,11.462348228182
Samsung,NX500,1007,51200,31250.0,69.883378664525,27.405246535107842,11.536086464724
Samsung,NX500,1007,51200,31250.0,70.878629316866,27.7955409085749,11.608651370698
Samsung,NX500,1007,51200,31250.0,71.873879969208,28.185835282042355,11.680078615158
Samsung,NX500,1007,51200,31250.0,72.869130621549,28.576129655509412,11.750402296893
Samsung,NX500,1007,51200,31250.0,73.86438127389,28.966424028976473,11.819655033988
Samsung,NX500,1007,51200,31250.0,74.859631926231,29.356718402443533,11.887868047159
Samsung,NX500,1007,51200,31250.0,75.854882578573,29.74701277591098,11.955071237363
Samsung,NX500,1007,51200,31250.0,76.850133230914,30.13730714937804,12.021293258149
Samsung,NX500,1007,51200,31250.0,77.845383883255,30.5276015228451,12.086561583163
Samsung,NX500,1007,51200,31250.0,78.840634535596,30.917895896312153,12.150902569198
Samsung,NX500,1007,51200,31250.0,79.835885187938,31.30819026977961,12.214341515122
Samsung,NX500,1007,51200,31250.0,80.831135840279,31.698484643246665,12.276902717017
Samsung,NX500,1007,51200,31250.0,81.82638649262,32.08877901671372,12.338609519798
Samsung,NX500,1007,51200,31250.0,82.821637144962,32.47907339018117,12.399484365589
Samsung,NX500,1007,51200,31250.0,83.816887797303,32.869367763648235,12.459548839092
Samsung,NX500,1007,51200,31250.0,84.812138449644,33.25966213711529,12.518823710164
Samsung,NX500,1007,51200,31250.0,85.807389101985,33.64995651058235,12.577328973812
Samsung,NX500,1007,51200,31250.0,86.802639754327,34.040250884049804,12.635083887788
Samsung,NX500,1007,51200,31250.0,87.797890406668,34.43054525751686,12.692107007947
Samsung,NX500,1007,51200,31250.0,88.793141059009,34.820839630983926,12.748416221537
Samsung,NX500,1007,51200,31250.0,89.78839171135,35.21113400445098,12.804028778549
Samsung,NX500,1007,51200,31250.0,90.783642363692,35.60142837791843,12.858961321275
Samsung,NX500,1007,51200,31250.0,91.778893016033,35.99172275138549,12.913229912178
Samsung,NX500,1007,51200,31250.0,92.774143668374,36.382017124852545,12.96685006021
Samsung,NX500,1007,51200,31250.0,93.769394320715,36.7723114983196,13.019836745653
Samsung,NX500,1007,51200,31250.0,94.764644973057,37.16260587178706,13.072204443603
Samsung,NX500,1007,51200,31250.0,95.759895625398,37.552900245254115,13.123967146173
Samsung,NX500,1007,51200,31250.0,96.755146277739,37.94319461872118,13.175138383501
Samsung,NX500,1007,51200,31250.0,97.750396930081,38.33348899218863,13.225731243635
Samsung,NX500,1007,51200,31250.0,98.745647582422,38.723783365655684,13.275758391373
Samsung,NX500,1007,51200,31250.0,99.740898234763,39.11407773912274,13.325232086115
Samsung,NX500,1007,51200,31250.0,100.7361488871,39.504372112588236,13.374164198797
Samsung,NX500,1007,51200,31250.0,101.73139953945,39.894666486058824,13.422566227947
Samsung,NX500,1007,51200,31250.0,102.72665019179,40.28496085952549,13.470449314939
Samsung,NX500,1007,51200,31250.0,103.72190084413,40.67525523299216,13.51782425847
Samsung,NX500,1007,51200,31250.0,104.71715149647,41.06554960645882,13.564701528327
Samsung,NX500,1007,51200,31250.0,105.71240214881,41.45584397992549,13.611091278467
Samsung,NX500,1007,51200,31250.0,106.70765280115,41.846138353392156,13.657003359458
Samsung,NX500,1007,51200,31250.0,107.70290345349,42.23643272685882,13.702447330328
Samsung,NX500,1007,51200,31250.0,108.69815410583,42.62672710032549,13.747432469835
Samsung,NX500,1007,51200,31250.0,109.69340475818,43.01702147379608,13.791967787209
Samsung,NX500,1007,51200,31250.0,110.68865541052,43.407315847262744,13.836062032383
Samsung,NX500,1007,51200,31250.0,111.68390606286,43.79761022072942,13.879723705751
Samsung,NX500,1007,51200,31250.0,112.6791567152,44.18790459419608,13.922961067475
Samsung,NX500,1007,51200,31250.0,113.67440736754,44.57819896766274,13.96578214636
Samsung,NX500,1007,51200,31250.0,114.66965801988,44.96849334112941,14.008194748333
Samsung,NX500,1007,51200,31250.0,115.66490867222,45.358787714596076,14.050206464539
Samsung,NX500,1007,51200,31250.0,116.66015932456,45.74908208806274,14.091824679067
Samsung,NX500,1007,51200,31250.0,117.65540997691,46.13937646153333,14.133056576347
Samsung,NX500,1007,51200,31250.0,118.65066062925,46.529670835,14.173909148214
Samsung,NX500,1007,51200,31250.0,119.64591128159,46.91996520846667,14.214389200664
Samsung,NX500,1007,51200,31250.0,120.64116193393,47.31025958193333,14.254503360326
Samsung,NX500,1007,51200,31250.0,121.63641258627,47.7005539554,14.294258080648
Samsung,NX500,1007,51200,31250.0,122.63166323861,48.09084832886667,14.333659647825
Samsung,NX500,1007,51200,31250.0,123.62691389095,48.48114270233333,14.372714186478
Samsung,NX500,1007,51200,31250.0,124.62216454329,48.8714370758,14.411427665094
Samsung,NX500,1007,51200,31250.0,125.61741519564,49.26173144927059,14.449805901241
Samsung,NX500,1007,51200,31250.0,126.61266584798,49.65202582273726,14.487854566568
Samsung,NX500,1007,51200,31250.0,127.60791650032,50.042320196203924,14.525579191603
Samsung,NX500,1007,51200,31250.0,128.60316715266,50.432614569670584,14.562985170353
Samsung,NX500,1007,51200,31250.0,129.598417805,50.82290894313726,14.600077764726
Samsung,NX500,1007,51200,31250.0,130.59366845734,51.21320331660392,14.636862108769
Samsung,NX500,1007,51200,31250.0,131.58891910968,51.60349769007059,14.673343212745
Samsung,NX500,1007,51200,31250.0,132.58416976202,51.993792063537256,14.709525967043
Samsung,NX500,1007,51200,31250.0,133.57942041437,52.38408643700784,14.745415145945
Samsung,NX500,1007,51200,31250.0,134.57467106671,52.77438081047452,14.781015411238
Samsung,NX500,1007,51200,31250.0,135.56992171905,53.16467518394118,14.816331315694
Samsung,NX500,1007,51200,31250.0,136.56517237139,53.55496955740784,14.851367306412
Samsung,NX500,1007,51200,31250.0,137.56042302373,53.94526393087451,14.886127728041
Samsung,NX500,1007,51200,31250.0,138.55567367607,54.33555830434118,14.920616825874
Samsung,NX500,1007,51200,31250.0,139.55092432841,54.72585267780784,14.954838748834
Samsung,NX500,1007,51200,31250.0,140.54617498076,55.11614705127843,14.98879755234
Samsung,NX500,1007,51200,31250.0,141.5414256331,55.5064414247451,15.02249720108
Samsung,NX500,1007,51200,31250.0,142.53667628544,55.89673579821176,15.055941571673
Samsung,NX500,1007,51200,31250.0,143.53192693778,56.28703017167843,15.089134455239
Samsung,NX500,1007,51200,31250.0,144.52717759012,56.677324545145105,15.122079559875
Samsung,NX500,1007,51200,31250.0,145.52242824246,57.067618918611764,15.154780513042
Samsung,NX500,1007,51200,31250.0,146.5176788948,57.45791329207843,15.187240863873
Samsung,NX500,1007,51200,31250.0,147.51292954714,57.848207665545104,15.21946408539
Samsung,NX500,1007,51200,31250.0,148.50818019949,58.238502039015685,15.25145357665
Samsung,NX500,1007,51200,31250.0,149.50343085183,58.62879641248235,15.283212664817
Samsung,NX500,1007,51200,31250.0,150.49868150417,59.019090785949025,15.314744607158
Samsung,NX500,1007,51200,31250.0,151.49393215651,59.409385159415685,15.346052592974
Samsung,NX500,1007,51200,31250.0,152.48918280885,59.799679532882344,15.377139745464
Samsung,NX500,1007,51200,31250.0,153.48443346119,60.189973906349024,15.408009123527
Samsung,NX500,1007,51200,31250.0,154.47968411353,60.580268279815684,15.438663723499
Samsung,NX500,1007,51200,31250.0,155.47493476587,60.97056265328234,15.469106480841
Samsung,NX500,1007,51200,31250.0,156.47018541822,61.360857026752946,15.49934027176
Samsung,NX500,1007,51200,31250.0,157.46543607056,61.751151400219605,15.529367914786
Samsung,NX500,1007,51200,31250.0,158.4606867229,62.14144577368628,15.55919217229
Samsung,NX500,1007,51200,31250.0,159.45593737524,62.531740147152945,15.588815751957
Samsung,NX500,1007,51200,31250.0,160.45118802758,62.922034520619604,15.618241308214
Samsung,NX500,1007,51200,31250.0,161.44643867992,63.312328894086264,15.6474714436
Samsung,NX500,1007,51200,31250.0,162.44168933226,63.70262326755295,15.676508710108
Samsung,NX500,1007,51200,31250.0,163.4369399846,64.09291764101961,15.705355610473
Samsung,NX500,1007,51200,31250.0,164.43219063695,64.48321201449019,15.734014599425
Samsung,NX500,1007,51200,31250.0,165.42744128929,64.87350638795687,15.762488084898
Samsung,NX500,1007,51200,31250.0,166.42269194163,65.26380076142352,15.790778429208
Samsung,NX500,1007,51200,31250.0,167.41794259397,65.6540951348902,15.818887950189
Samsung,NX500,1007,51200,31250.0,168.41319324631,66.04438950835686,15.846818922292
Samsung,NX500,1007,51200,31250.0,169.40844389865,66.43468388182353,15.874573577661
Samsung,NX500,1007,51200,31250.0,170.40369455099,66.82497825529019,15.902154107164
Samsung,NX500,1007,51200,31250.0,171.39894520333,67.21527262875686,15.929562661399
Samsung,NX500,1007,51200,31250.0,172.39419585568,67.60556700222745,15.956801351669
Samsung,NX500,1007,51200,31250.0,173.38944650802,67.99586137569412,15.983872250929
Samsung,NX500,1007,51200,31250.0,174.38469716036,68.38615574916078,16.010777394701
Samsung,NX500,1007,51200,31250.0,175.3799478127,68.77645012262745,16.037518781966
Samsung,NX500,1007,51200,31250.0,176.37519846504,69.16674449609411,16.064098376027
Samsung,NX500,1007,51200,31250.0,177.37044911738,69.55703886956078,16.090518105349
Samsung,NX500,1007,51200,31250.0,178.36569976972,69.94733324302746,16.116779864371
Samsung,NX500,1007,51200,31250.0,179.36095042206,70.33762761649412,16.142885514302
Samsung,NX500,1007,51200,31250.0,180.35620107441,70.7279219899647,16.168836883882
Samsung,NX500,1007,51200,31250.0,181.35145172675,71.11821636343137,16.194635770137
Samsung,NX500,1007,51200,31250.0,182.34670237909,71.50851073689805,16.220283939094
Samsung,NX500,1007,51200,31250.0,183.34195303143,71.8988051103647,16.245783126494
Samsung,NX500,1007,51200,31250.0,184.33720368377,72.28909948383138,16.271135038472
Samsung,NX500,1007,51200,31250.0,185.33245433611,72.67939385729804,16.296341352226
Samsung,NX500,1007,51200,31250.0,186.32770498845,73.06968823076471,16.321403716659
Samsung,NX500,1007,51200,31250.0,187.32295564079,73.45998260423137,16.346323753014
Samsung,NX500,1007,51200,31250.0,188.31820629314,73.85027697770197,16.371103055482
Samsung,NX500,1007,51200,31250.0,189.31345694548,74.24057135116863,16.395743191796
Samsung,NX500,1007,51200,31250.0,190.30870759782,74.63086572463529,16.420245703817
Samsung,NX500,1007,51200,31250.0,191.30395825016,75.02116009810197,16.444612108087
Samsung,NX500,1007,51200,31250.0,192.2992089025,75.41145447156863,16.468843896386
Samsung,NX500,1007,51200,31250.0,193.29445955484,75.80174884503529,16.49294253626
Samsung,NX500,1007,51200,31250.0,194.28971020718,76.19204321850196,16.516909471543
Samsung,NX500,1007,51200,31250.0,195.28496085952,76.58233759196862,16.540746122861
Samsung,NX500,1007,51200,31250.0,196.28021151187,76.9726319654392,16.564453888124
Samsung,NX500,1007,51200,31250.0,197.27546216421,77.3629263389059,16.588034143005
Samsung,NX500,1007,51200,31250.0,198.27071281655,77.75322071237255,16.611488241409
Samsung,NX500,1007,51200,31250.0,199.26596346889,78.14351508583921,16.634817515923
Samsung,NX500,1007,51200,31250.0,200.26121412123,78.53380945930589,16.658023278265
Samsung,NX500,1007,51200,31250.0,201.25646477357,78.92410383277254,16.68110681971
Samsung,NX500,1007,51200,31250.0,202.25171542591,79.31439820623922,16.70406941151
Samsung,NX500,1007,51200,31250.0,203.24696607826,79.7046925797098,16.72691230531
Samsung,NX500,1007,51200,31250.0,204.2422167306,80.09498695317647,16.74963673354
Samsung,NX500,1007,51200,31250.0,205.23746738294,80.48528132664313,16.772243909809
Samsung,NX500,1007,51200,31250.0,206.23271803528,80.8755757001098,16.794735029282
Samsung,NX500,1007,51200,31250.0,207.22796868762,81.26587007357648,16.817111269051
Samsung,NX500,1007,51200,31250.0,208.22321933996,81.65616444704314,16.839373788496
Samsung,NX500,1007,51200,31250.0,209.2184699923,82.0464588205098,16.861523729634
Samsung,NX500,1007,51200,31250.0,210.21372064464,82.43675319397647,16.883562217467
Samsung,NX500,1007,51200,31250.0,211.20897129699,82.82704756744705,16.905490360315
Samsung,NX500,1007,51200,31250.0,212.20422194933,83.21734194091373,16.927309250138
Samsung,NX500,1007,51200,31250.0,213.19947260167,83.6076363143804,16.949019962863
Samsung,NX500,1007,51200,31250.0,214.19472325401,83.99793068784706,16.970623558688
Samsung,NX500,1007,51200,31250.0,215.18997390635,84.38822506131373,16.992121082389
Samsung,NX500,1007,51200,31250.0,216.18522455869,84.77851943478039,17.013513563617
Samsung,NX500,1007,51200,31250.0,217.18047521103,85.16881380824705,17.034802017182
Samsung,NX500,1007,51200,31250.0,218.17572586337,85.55910818171371,17.055987443344
Samsung,NX500,1007,51200,31250.0,219.17097651572,85.94940255518432,17.077070828079
Samsung,NX500,1007,51200,31250.0,220.16622716806,86.33969692865098,17.098053143357
Samsung,NX500,1007,51200,31250.0,221.1614778204,86.72999130211765,17.118935347399
Samsung,NX500,1007,51200,31250.0,222.15672847274,87.12028567558431,17.139718384937
Samsung,NX500,1007,51200,31250.0,223.15197912508,87.51058004905097,17.160403187462
Samsung,NX500,1007,51200,31250.0,224.14722977742,87.90087442251765,17.180990673473
Samsung,NX500,1007,51200,31250.0,225.14248042976,88.29116879598432,17.201481748714
Samsung,NX500,1007,51200,31250.0,226.1377310821,88.68146316945098,17.221877306406
Samsung,NX500,1007,51200,31250.0,227.13298173445,89.07175754292157,17.242178227482
Samsung,NX500,1007,51200,31250.0,228.12823238679,89.46205191638823,17.262385380804
Samsung,NX500,1007,51200,31250.0,229.12348303913,89.8523462898549,17.282499623384
Samsung,NX500,1007,51200,31250.0,230.11873369147,90.24264066332157,17.3025218006
Samsung,NX500,1007,51200,31250.0,231.11398434381,90.63293503678823,17.322452746399
Samsung,NX500,1007,51200,31250.0,232.10923499615,91.0232294102549,17.342293283508
Samsung,NX500,1007,51200,31250.0,233.10448564849,91.41352378372157,17.362044223629
Samsung,NX500,1007,51200,31250.0,234.09973630083,91.80381815718823,17.381706367634
Samsung,NX500,1007,51200,31250.0,235.09498695318,92.19411253065883,17.40128050576
Samsung,NX500,1007,51200,31250.0,236.09023760552,92.58440690412549,17.420767417791
Samsung,NX500,1007,51200,31250.0,237.08548825786,92.97470127759215,17.440167873244
Samsung,NX500,1007,51200,31250.0,238.0807389102,93.36499565105882,17.459482631547
Samsung,NX500,1007,51200,31250.0,239.07598956254,93.7552900245255,17.478712442214
Samsung,NX500,1007,51200,31250.0,240.07124021488,94.14558439799215,17.497858045013
Samsung,NX500,1007,51200,31250.0,241.06649086722,94.53587877145883,17.516920170139
Samsung,NX500,1007,51200,31250.0,242.06174151956,94.9261731449255,17.535899538373
Samsung,NX500,1007,51200,31250.0,243.05699217191,95.31646751839608,17.554796861247
Samsung,NX500,1007,51200,31250.0,244.05224282425,95.70676189186274,17.573612841195
Samsung,NX500,1007,51200,31250.0,245.04749347659,96.09705626532941,17.592348171714
Samsung,NX500,1007,51200,31250.0,246.04274412893,96.48735063879607,17.611003537507
Samsung,NX500,1007,51200,31250.0,247.03799478127,96.87764501226273,17.629579614636
Samsung,NX500,1007,51200,31250.0,248.03324543361,97.26793938572942,17.648077070665
Samsung,NX500,1007,51200,31250.0,249.02849608595,97.65823375919608,17.666496564799
Samsung,NX500,1007,51200,31250.0,250.02374673829,98.04852813266274,17.684838748025
Samsung,NX500,1007,51200,31250.0,251.01899739064,98.43882250613333,17.703104263245
Samsung,NX500,1007,51200,31250.0,252.01424804298,98.8291168796,17.721293745413
Samsung,NX500,1007,51200,31250.0,253.00949869532,99.21941125306665,17.73940782166
Samsung,NX500,1007,51200,31250.0,254.00474934766,99.60970562653334,17.757447111425
Samsung,NX500,1007,51200,31250.0,255,100.0,17.775412226578
