brand,model,sensor_id,iso_manufacturer,iso_measured,gray_level_255,gray_pct,snr_db
Sony,A7SIII,1357,50,61.0,0.018609645401866,0.00729790015759451,0
Sony,A7SIII,1357,50,61.0,0.018976823750067,0.00744189166669294,0.16401775428907
Sony,A7SIII,1357,50,61.0,0.030985751725877,0.012151275186618432,4.2406393786536
Sony,A7SIII,1357,50,61.0,0.038977538387789,0.015285309171681962,6.1165473386321
Sony,A7SIII,1357,50,61.0,0.057272649823845,0.02245986267601765,9.2023117327792
Sony,A7SIII,1357,50,61.0,0.07680001020522,0.03011765106087059,11.492099025478
Sony,A7SIII,1357,50,61.0,0.11064152778817,0.04338883442673334,14.248552750777
Sony,A7SIII,1357,50,61.0,0.13634301976574,0.053467850888525494,15.772249005605
Sony,A7SIII,1357,50,61.0,0.2727404266768,0.10695703006933333,20.510526966809
Sony,A7SIII,1357,50,61.0,0.548163870794,0.21496622384078432,24.758464360056
Sony,A7SIII,1357,50,61.0,1.076442871608,0.4221344594541176,28.418255988231
Sony,A7SIII,1357,50,61.0,2.2974541474869,0.9009624107791766,32.137908828341
Sony,A7SIII,1357,50,61.0,4.7649366670145,1.8686026145154904,35.442862791919
Sony,A7SIII,1357,50,61.0,5.7947105901955,2.2724355255668627,36.292049603989
Sony,A7SIII,1357,50,61.0,6.8244845133765,2.676268436618235,36.990275722179
Sony,A7SIII,1357,50,61.0,7.8542584365575,3.080101347669608,37.581507999907
Sony,A7SIII,1357,50,61.0,8.8840323597385,3.4839342587209803,38.092980312401
Sony,A7SIII,1357,50,61.0,9.9138062829195,3.8877671697723533,38.542727842949
Sony,A7SIII,1357,50,61.0,10.943580206101,4.291600080823922,38.943309715527
Sony,A7SIII,1357,50,61.0,11.973354129282,4.695432991875294,39.303821510719
Sony,A7SIII,1357,50,61.0,13.003128052463,5.099265902926667,39.631061084296
Sony,A7SIII,1357,50,61.0,14.032901975644,5.503098813978039,39.930241976117
Sony,A7SIII,1357,50,61.0,15.062675898825,5.906931725029412,40.205449908664
Sony,A7SIII,1357,50,61.0,16.092449822006,6.310764636080784,40.459945934752
Sony,A7SIII,1357,50,61.0,17.122223745187,6.714597547132158,40.696374158348
Sony,A7SIII,1357,50,61.0,18.151997668368,7.118430458183529,40.916907938956
Sony,A7SIII,1357,50,61.0,19.181771591549,7.522263369234902,41.123355217714
Sony,A7SIII,1357,50,61.0,20.21154551473,7.9260962802862736,41.317235953437
Sony,A7SIII,1357,50,61.0,21.241319437911,8.329929191337646,41.499840084556
Sony,A7SIII,1357,50,61.0,22.271093361092,8.73376210238902,41.672271612074
Sony,A7SIII,1357,50,61.0,23.300867284273,9.137595013440391,41.835482608934
Sony,A7SIII,1357,50,61.0,24.330641207454,9.541427924491765,41.990299797167
Sony,A7SIII,1357,50,61.0,25.360415130635,9.945260835543138,42.137445560047
Sony,A7SIII,1357,50,61.0,26.390189053816,10.34909374659451,42.277554731175
Sony,A7SIII,1357,50,61.0,27.419962976997,10.752926657645883,42.411188139517
Sony,A7SIII,1357,50,61.0,28.449736900178,11.156759568697254,42.538843634482
Sony,A7SIII,1357,50,61.0,29.479510823359,11.560592479748626,42.660965133355
Sony,A7SIII,1357,50,61.0,30.50928474654,11.9644253908,42.777950101934
Sony,A7SIII,1357,50,61.0,31.539058669721,12.368258301851373,42.890155783014
Sony,A7SIII,1357,50,61.0,32.568832592902,12.772091212902744,42.997904416004
Sony,A7SIII,1357,50,61.0,33.598606516083,13.175924123954118,43.101487637577
Sony,A7SIII,1357,50,61.0,34.628380439264,13.57975703500549,43.201170212802
Sony,A7SIII,1357,50,61.0,35.658154362445,13.983589946056865,43.297193215335
Sony,A7SIII,1357,50,61.0,36.687928285626,14.387422857108238,43.389776751465
Sony,A7SIII,1357,50,61.0,37.717702208807,14.791255768159605,43.479122304296
Sony,A7SIII,1357,50,61.0,38.747476131988,15.195088679210981,43.565414759876
Sony,A7SIII,1357,50,61.0,39.777250055169,15.598921590262352,43.648824165659
Sony,A7SIII,1357,50,61.0,40.80702397835,16.002754501313728,43.729507262629
Sony,A7SIII,1357,50,61.0,41.836797901531,16.4065874123651,43.807608825126
Sony,A7SIII,1357,50,61.0,42.866571824712,16.81042032341647,43.883262836623
Sony,A7SIII,1357,50,61.0,43.896345747893,17.214253234467844,43.956593524963
Sony,A7SIII,1357,50,61.0,44.926119671074,17.618086145519214,44.027716276718
Sony,A7SIII,1357,50,61.0,45.955893594255,18.02191905657059,44.096738447212
Sony,A7SIII,1357,50,61.0,46.985667517436,18.425751967621963,44.163760080167
Sony,A7SIII,1357,50,61.0,48.015441440617,18.829584878673334,44.228874548786
Sony,A7SIII,1357,50,61.0,49.045215363798,19.233417789724705,44.292169128343
Sony,A7SIII,1357,50,61.0,50.074989286979,19.637250700776075,44.353725508864
Sony,A7SIII,1357,50,61.0,51.10476321016,20.04108361182745,44.413620255253
Sony,A7SIII,1357,50,61.0,52.134537133341,20.444916522878824,44.471925221203
Sony,A7SIII,1357,50,61.0,53.164311056522,20.848749433930198,44.528707922328
Sony,A7SIII,1357,50,61.0,54.194084979703,21.25258234498157,44.584031873247
Sony,A7SIII,1357,50,61.0,55.223858902884,21.65641525603294,44.637956892713
Sony,A7SIII,1357,50,61.0,56.253632826065,22.060248167084314,44.690539380348
Sony,A7SIII,1357,50,61.0,57.283406749246,22.464081078135685,44.741832568086
Sony,A7SIII,1357,50,61.0,58.313180672427,22.86791398918706,44.791886749048
Sony,A7SIII,1357,50,61.0,59.342954595608,23.27174690023843,44.840749486236
Sony,A7SIII,1357,50,61.0,60.372728518789,23.675579811289804,44.888465803129
Sony,A7SIII,1357,50,61.0,61.40250244197,24.079412722341175,44.935078358037
Sony,A7SIII,1357,50,61.0,62.432276365151,24.48324563339255,44.980627603845
Sony,A7SIII,1357,50,61.0,63.462050288332,24.887078544443924,45.025151934573
Sony,A7SIII,1357,50,61.0,64.491824211513,25.290911455495298,45.068687820053
Sony,A7SIII,1357,50,61.0,65.521598134694,25.69474436654667,45.111269929846
Sony,A7SIII,1357,50,61.0,66.551372057875,26.09857727759804,45.152931247412
Sony,A7SIII,1357,50,61.0,67.581145981056,26.50241018864941,45.19370317544
Sony,A7SIII,1357,50,61.0,68.610919904237,26.906243099700784,45.233615633147
Sony,A7SIII,1357,50,61.0,69.640693827418,27.31007601075216,45.272697146254
Sony,A7SIII,1357,50,61.0,70.670467750599,27.713908921803533,45.31097493031
Sony,A7SIII,1357,50,61.0,71.70024167378,28.117741832854904,45.348474967922
Sony,A7SIII,1357,50,61.0,72.730015596961,28.521574743906275,45.385222080434
Sony,A7SIII,1357,50,61.0,73.759789520142,28.925407654957645,45.421239994509
Sony,A7SIII,1357,50,61.0,74.789563443323,29.329240566009023,45.456551404059
Sony,A7SIII,1357,50,61.0,75.819337366504,29.73307347706039,45.491178027891
Sony,A7SIII,1357,50,61.0,76.849111289685,30.13690638811176,45.525140663425
Sony,A7SIII,1357,50,61.0,77.878885212866,30.540739299163132,45.558459236803
Sony,A7SIII,1357,50,61.0,78.908659136047,30.94457221021451,45.591152849667
Sony,A7SIII,1357,50,61.0,79.938433059228,31.34840512126588,45.623239822873
Sony,A7SIII,1357,50,61.0,80.968206982409,31.752238032317255,45.654737737375
Sony,A7SIII,1357,50,61.0,81.99798090559,32.156070943368626,45.685663472497
Sony,A7SIII,1357,50,61.0,83.027754828771,32.55990385442,45.71603324179
Sony,A7SIII,1357,50,61.0,84.057528751952,32.963736765471374,45.745862626646
Sony,A7SIII,1357,50,61.0,85.087302675133,33.36756967652275,45.775166607853
Sony,A7SIII,1357,50,61.0,86.117076598314,33.771402587574116,45.803959595214
Sony,A7SIII,1357,50,61.0,87.146850521495,34.17523549862549,45.832255455396
Sony,A7SIII,1357,50,61.0,88.176624444676,34.579068409676864,45.860067538112
Sony,A7SIII,1357,50,61.0,89.206398367857,34.98290132072824,45.887408700771
Sony,A7SIII,1357,50,61.0,90.236172291038,35.38673423177961,45.914291331689
Sony,A7SIII,1357,50,61.0,91.265946214219,35.79056714283098,45.940727371967
Sony,A7SIII,1357,50,61.0,92.2957201374,36.194400053882354,45.966728336125
Sony,A7SIII,1357,50,61.0,93.325494060581,36.59823296493372,45.992305331575
Sony,A7SIII,1357,50,61.0,94.355267983762,37.0020658759851,46.017469077008
Sony,A7SIII,1357,50,61.0,95.385041906943,37.40589878703647,46.042229919773
Sony,A7SIII,1357,50,61.0,96.414815830124,37.809731698087845,46.066597852299
Sony,A7SIII,1357,50,61.0,97.444589753305,38.21356460913922,46.090582527646
Sony,A7SIII,1357,50,61.0,98.474363676486,38.617397520190586,46.114193274212
Sony,A7SIII,1357,50,61.0,99.504137599668,39.02123043124235,46.137439109672
Sony,A7SIII,1357,50,61.0,100.53391152285,39.42506334229412,46.160328754184
Sony,A7SIII,1357,50,61.0,101.56368544603,39.8288962533451,46.182870642907
Sony,A7SIII,1357,50,61.0,102.59345936921,40.232729164396076,46.20507293789
Sony,A7SIII,1357,50,61.0,103.62323329239,40.63656207544706,46.22694353934
Sony,A7SIII,1357,50,61.0,104.65300721557,41.04039498649804,46.248490096337
Sony,A7SIII,1357,50,61.0,105.68278113875,41.44422789754902,46.26972001701
Sony,A7SIII,1357,50,61.0,106.71255506193,41.8480608086,46.290640478205
Sony,A7SIII,1357,50,61.0,107.74232898512,42.2518937196549,46.311258434695
Sony,A7SIII,1357,50,61.0,108.7721029083,42.65572663070588,46.331580627926
Sony,A7SIII,1357,50,61.0,109.80187683148,43.05955954175686,46.351613594359
Sony,A7SIII,1357,50,61.0,110.83165075466,43.463392452807845,46.371363673402
Sony,A7SIII,1357,50,61.0,111.86142467784,43.86722536385882,46.39083701498
Sony,A7SIII,1357,50,61.0,112.89119860102,44.271058274909805,46.41003958674
Sony,A7SIII,1357,50,61.0,113.9209725242,44.67489118596079,46.428977180931
Sony,A7SIII,1357,50,61.0,114.95074644738,45.078724097011765,46.447655420966
Sony,A7SIII,1357,50,61.0,115.98052037056,45.48255700806275,46.466079767678
Sony,A7SIII,1357,50,61.0,117.01029429374,45.88638991911373,46.484255525307
Sony,A7SIII,1357,50,61.0,118.04006821693,46.290222830168624,46.502187847209
Sony,A7SIII,1357,50,61.0,119.06984214011,46.69405574121961,46.519881741313
Sony,A7SIII,1357,50,61.0,120.09961606329,47.09788865227058,46.53734207534
Sony,A7SIII,1357,50,61.0,121.12938998647,47.50172156332157,46.554573581795
Sony,A7SIII,1357,50,61.0,122.15916390965,47.90555447437255,46.571580862743
Sony,A7SIII,1357,50,61.0,123.18893783283,48.30938738542353,46.588368394372
Sony,A7SIII,1357,50,61.0,124.21871175601,48.71322029647451,46.604940531375
Sony,A7SIII,1357,50,61.0,125.24848567919,49.117053207525494,46.621301511137
Sony,A7SIII,1357,50,61.0,126.27825960237,49.52088611857647,46.637455457748
Sony,A7SIII,1357,50,61.0,127.30803352555,49.924719029627454,46.653406385853
Sony,A7SIII,1357,50,61.0,128.33780744874,50.32855194068235,46.669158204339
Sony,A7SIII,1357,50,61.0,129.36758137192,50.732384851733336,46.684714719872
Sony,A7SIII,1357,50,61.0,130.3973552951,51.136217762784305,46.700079640294
Sony,A7SIII,1357,50,61.0,131.42712921828,51.54005067383529,46.715256577874
Sony,A7SIII,1357,50,61.0,132.45690314146,51.94388358488627,46.730249052441
Sony,A7SIII,1357,50,61.0,133.48667706464,52.34771649593725,46.745060494379
Sony,A7SIII,1357,50,61.0,134.51645098782,52.75154940698824,46.759694247518
Sony,A7SIII,1357,50,61.0,135.546224911,53.155382318039216,46.774153571899
Sony,A7SIII,1357,50,61.0,136.57599883418,53.5592152290902,46.78844164644
Sony,A7SIII,1357,50,61.0,137.60577275736,53.963048140141176,46.802561571495
Sony,A7SIII,1357,50,61.0,138.63554668055,54.36688105119608,46.816516371317
Sony,A7SIII,1357,50,61.0,139.66532060373,54.770713962247065,46.830308996428
Sony,A7SIII,1357,50,61.0,140.69509452691,55.174546873298034,46.843942325892
Sony,A7SIII,1357,50,61.0,141.72486845009,55.57837978434903,46.857419169516
Sony,A7SIII,1357,50,61.0,142.75464237327,55.9822126954,46.870742269956
Sony,A7SIII,1357,50,61.0,143.78441629645,56.38604560645098,46.883914304754
Sony,A7SIII,1357,50,61.0,144.81419021963,56.78987851750197,46.896937888296
Sony,A7SIII,1357,50,61.0,145.84396414281,57.19371142855294,46.909815573698
Sony,A7SIII,1357,50,61.0,146.87373806599,57.59754433960392,46.922549854625
Sony,A7SIII,1357,50,61.0,147.90351198918,58.00137725065883,46.935143167046
Sony,A7SIII,1357,50,61.0,148.93328591236,58.405210161709796,46.947597890925
Sony,A7SIII,1357,50,61.0,149.96305983554,58.809043072760794,46.95991635185
Sony,A7SIII,1357,50,61.0,150.99283375872,59.21287598381176,46.972100822603
Sony,A7SIII,1357,50,61.0,152.0226076819,59.61670889486275,46.984153524685
Sony,A7SIII,1357,50,61.0,153.05238160508,60.02054180591373,46.996076629776
Sony,A7SIII,1357,50,61.0,154.08215552826,60.4243747169647,47.007872261148
Sony,A7SIII,1357,50,61.0,155.11192945144,60.82820762801568,47.019542495035
Sony,A7SIII,1357,50,61.0,156.14170337462,61.232040539066666,47.031089361948
Sony,A7SIII,1357,50,61.0,157.1714772978,61.63587345011765,47.04251484795
Sony,A7SIII,1357,50,61.0,158.20125122099,62.039706361172556,47.053820895887
Sony,A7SIII,1357,50,61.0,159.23102514417,62.443539272223525,47.065009406577
Sony,A7SIII,1357,50,61.0,160.26079906735,62.84737218327451,47.076082239963
Sony,A7SIII,1357,50,61.0,161.29057299053,63.25120509432549,47.087041216219
Sony,A7SIII,1357,50,61.0,162.32034691371,63.655038005376475,47.09788811683
Sony,A7SIII,1357,50,61.0,163.35012083689,64.05887091642745,47.10862468563
Sony,A7SIII,1357,50,61.0,164.37989476007,64.46270382747844,47.119252629808
Sony,A7SIII,1357,50,61.0,165.40966868325,64.86653673852942,47.129773620882
Sony,A7SIII,1357,50,61.0,166.43944260643,65.27036964958039,47.140189295641
Sony,A7SIII,1357,50,61.0,167.46921652961,65.67420256063137,47.150501257056
Sony,A7SIII,1357,50,61.0,168.4989904528,66.07803547168626,47.160711075165
Sony,A7SIII,1357,50,61.0,169.52876437598,66.48186838273725,47.170820287924
Sony,A7SIII,1357,50,61.0,170.55853829916,66.88570129378823,47.180830402041
Sony,A7SIII,1357,50,61.0,171.58831222234,67.28953420483921,47.190742893775
Sony,A7SIII,1357,50,61.0,172.61808614552,67.6933671158902,47.200559209711
Sony,A7SIII,1357,50,61.0,173.6478600687,68.09720002694118,47.210280767518
Sony,A7SIII,1357,50,61.0,174.67763399188,68.50103293799215,47.219908956677
Sony,A7SIII,1357,50,61.0,175.70740791506,68.90486584904313,47.229445139188
Sony,A7SIII,1357,50,61.0,176.73718183824,69.30869876009412,47.238890650258
Sony,A7SIII,1357,50,61.0,177.76695576142,69.7125316711451,47.248246798964
Sony,A7SIII,1357,50,61.0,178.79672968461,70.11636458219999,47.257514868901
Sony,A7SIII,1357,50,61.0,179.82650360779,70.52019749325098,47.26669611881
Sony,A7SIII,1357,50,61.0,180.85627753097,70.92403040430196,47.275791783178
Sony,A7SIII,1357,50,61.0,181.88605145415,71.32786331535293,47.284803072837
Sony,A7SIII,1357,50,61.0,182.91582537733,71.73169622640393,47.293731175529
Sony,A7SIII,1357,50,61.0,183.94559930051,72.1355291374549,47.302577256468
Sony,A7SIII,1357,50,61.0,184.97537322369,72.53936204850588,47.311342458873
Sony,A7SIII,1357,50,61.0,186.00514714687,72.94319495955686,47.320027904495
Sony,A7SIII,1357,50,61.0,187.03492107005,73.34702787060785,47.328634694127
Sony,A7SIII,1357,50,61.0,188.06469499323,73.75086078165882,47.337163908093
Sony,A7SIII,1357,50,61.0,189.09446891642,74.15469369271372,47.345616606736
Sony,A7SIII,1357,50,61.0,190.1242428396,74.55852660376469,47.353993830875
Sony,A7SIII,1357,50,61.0,191.15401676278,74.96235951481569,47.362296602266
Sony,A7SIII,1357,50,61.0,192.18379068596,75.36619242586666,47.370525924038
Sony,A7SIII,1357,50,61.0,193.21356460914,75.77002533691764,47.378682781123
Sony,A7SIII,1357,50,61.0,194.24333853232,76.17385824796862,47.386768140673
Sony,A7SIII,1357,50,61.0,195.2731124555,76.57769115901961,47.394782952461
Sony,A7SIII,1357,50,61.0,196.30288637868,76.98152407007058,47.402728149279
Sony,A7SIII,1357,50,61.0,197.33266030186,77.38535698112156,47.410604647318
Sony,A7SIII,1357,50,61.0,198.36243422504,77.78918989217254,47.418413346543
Sony,A7SIII,1357,50,61.0,199.39220814823,78.19302280322745,47.426155131053
Sony,A7SIII,1357,50,61.0,200.42198207141,78.59685571427843,47.433830869433
Sony,A7SIII,1357,50,61.0,201.45175599459,79.0006886253294,47.4414414151
Sony,A7SIII,1357,50,61.0,202.48152991777,79.40452153638039,47.448987606634
Sony,A7SIII,1357,50,61.0,203.51130384095,79.80835444743137,47.456470268105
Sony,A7SIII,1357,50,61.0,204.54107776413,80.21218735848234,47.463890209389
Sony,A7SIII,1357,50,61.0,205.57085168731,80.61602026953334,47.471248226473
Sony,A7SIII,1357,50,61.0,206.60062561049,81.0198531805843,47.478545101762
Sony,A7SIII,1357,50,61.0,207.63039953367,81.42368609163529,47.485781604363
Sony,A7SIII,1357,50,61.0,208.66017345685,81.82751900268627,47.492958490374
Sony,A7SIII,1357,50,61.0,209.68994738004,82.23135191374118,47.500076503163
Sony,A7SIII,1357,50,61.0,210.71972130322,82.63518482479216,47.507136373633
Sony,A7SIII,1357,50,61.0,211.7494952264,83.03901773584313,47.514138820489
Sony,A7SIII,1357,50,61.0,212.77926914958,83.44285064689412,47.521084550492
Sony,A7SIII,1357,50,61.0,213.80904307276,83.8466835579451,47.527974258711
Sony,A7SIII,1357,50,61.0,214.83881699594,84.25051646899607,47.534808628766
Sony,A7SIII,1357,50,61.0,215.86859091912,84.65434938004707,47.541588333066
Sony,A7SIII,1357,50,61.0,216.8983648423,85.05818229109803,47.548314033036
Sony,A7SIII,1357,50,61.0,217.92813876548,85.46201520214902,47.554986379351
Sony,A7SIII,1357,50,61.0,218.95791268866,85.8658481132,47.561606012149
Sony,A7SIII,1357,50,61.0,219.98768661185,86.2696810242549,47.568173561248
Sony,A7SIII,1357,50,61.0,221.01746053503,86.67351393530589,47.574689646357
Sony,A7SIII,1357,50,61.0,222.04723445821,87.07734684635686,47.58115487728
Sony,A7SIII,1357,50,61.0,223.07700838139,87.48117975740783,47.587569854111
Sony,A7SIII,1357,50,61.0,224.10678230457,87.88501266845883,47.593935167434
Sony,A7SIII,1357,50,61.0,225.13655622775,88.2888455795098,47.600251398511
Sony,A7SIII,1357,50,61.0,226.16633015093,88.69267849056078,47.606519119465
Sony,A7SIII,1357,50,61.0,227.19610407411,89.09651140161176,47.612738893465
Sony,A7SIII,1357,50,61.0,228.22587799729,89.50034431266275,47.618911274896
Sony,A7SIII,1357,50,61.0,229.25565192047,89.90417722371372,47.625036809539
Sony,A7SIII,1357,50,61.0,230.28542584366,90.30801013476862,47.631116034733
Sony,A7SIII,1357,50,61.0,231.31519976684,90.7118430458196,47.637149479542
Sony,A7SIII,1357,50,61.0,232.34497369002,91.11567595687059,47.643137664915
Sony,A7SIII,1357,50,61.0,233.3747476132,91.51950886792156,47.649081103844
Sony,A7SIII,1357,50,61.0,234.40452153638,91.92334177897254,47.654980301511
Sony,A7SIII,1357,50,61.0,235.43429545956,92.32717469002353,47.660835755446
Sony,A7SIII,1357,50,61.0,236.46406938274,92.73100760107451,47.666647955667
Sony,A7SIII,1357,50,61.0,237.49384330592,93.13484051212548,47.672417384825
Sony,A7SIII,1357,50,61.0,238.5236172291,93.53867342317648,47.67814451834
Sony,A7SIII,1357,50,61.0,239.55339115229,93.94250633423138,47.683829824544
Sony,A7SIII,1357,50,61.0,240.58316507547,94.34633924528235,47.689473764806
Sony,A7SIII,1357,50,61.0,241.61293899865,94.75017215633333,47.695076793667
Sony,A7SIII,1357,50,61.0,242.64271292183,95.15400506738432,47.700639358968
Sony,A7SIII,1357,50,61.0,243.67248684501,95.5578379784353,47.706161901968
Sony,A7SIII,1357,50,61.0,244.70226076819,95.96167088948627,47.711644857474
Sony,A7SIII,1357,50,61.0,245.73203469137,96.36550380053725,47.717088653953
Sony,A7SIII,1357,50,61.0,246.76180861455,96.76933671158824,47.722493713651
Sony,A7SIII,1357,50,61.0,247.79158253773,97.17316962263921,47.727860452705
Sony,A7SIII,1357,50,61.0,248.82135646091,97.5770025336902,47.733189281257
Sony,A7SIII,1357,50,61.0,249.8511303841,97.9808354447451,47.73848060356
Sony,A7SIII,1357,50,61.0,250.88090430728,98.38466835579608,47.743734818085
Sony,A7SIII,1357,50,61.0,251.91067823046,98.78850126684706,47.748952317625
Sony,A7SIII,1357,50,61.0,252.94045215364,99.19233417789803,47.754133489397
Sony,A7SIII,1357,50,61.0,253.97022607682,99.59616708894903,47.759278715141
Sony,A7SIII,1357,50,61.0,255,100.0,47.764388371217
Sony,A7SIII,1357,100,61.0,0.018976823750067,0.00744189166669294,0
Sony,A7SIII,1357,100,61.0,0.030985751725877,0.012151275186618432,4.091068717689
Sony,A7SIII,1357,100,61.0,0.038977538387789,0.015285309171681962,5.9759760100383
Sony,A7SIII,1357,100,61.0,0.057272649823845,0.02245986267601765,9.0807055423686
Sony,A7SIII,1357,100,61.0,0.07680001020522,0.03011765106087059,11.388550383953
Sony,A7SIII,1357,100,61.0,0.11064152778817,0.04338883442673334,14.1719508315
Sony,A7SIII,1357,100,61.0,0.13634301976574,0.053467850888525494,15.713138182429
Sony,A7SIII,1357,100,61.0,0.2727404266768,0.10695703006933333,20.516669382675
Sony,A7SIII,1357,100,61.0,0.548163870794,0.21496622384078432,24.83018118126
Sony,A7SIII,1357,100,61.0,1.076442871608,0.4221344594541176,28.540431900343
Sony,A7SIII,1357,100,61.0,2.2974541474869,0.9009624107791766,32.296131630872
Sony,A7SIII,1357,100,61.0,4.7649366670145,1.8686026145154904,35.617989580301
Sony,A7SIII,1357,100,61.0,5.7947105901955,2.2724355255668627,36.469341531126
Sony,A7SIII,1357,100,61.0,6.8244845133765,2.676268436618235,37.168706832364
Sony,A7SIII,1357,100,61.0,7.8542584365575,3.080101347669608,37.76045202698
Sony,A7SIII,1357,100,61.0,8.8840323597385,3.4839342587209803,38.272030595787
Sony,A7SIII,1357,100,61.0,9.9138062829195,3.8877671697723533,38.721608265684
Sony,A7SIII,1357,100,61.0,10.943580206101,4.291600080823922,39.121826531152
Sony,A7SIII,1357,100,61.0,11.973354129282,4.695432991875294,39.481835431473
Sony,A7SIII,1357,100,61.0,13.003128052463,5.099265902926667,39.808470201716
Sony,A7SIII,1357,100,61.0,14.032901975644,5.503098813978039,40.106970835667
Sony,A7SIII,1357,100,61.0,15.062675898825,5.906931725029412,40.381442258863
Sony,A7SIII,1357,100,61.0,16.092449822006,6.310764636080784,40.635159763307
Sony,A7SIII,1357,100,61.0,17.122223745187,6.714597547132158,40.870778202769
Sony,A7SIII,1357,100,61.0,18.151997668368,7.118430458183529,41.090479176967
Sony,A7SIII,1357,100,61.0,19.181771591549,7.522263369234902,41.29607702609
Sony,A7SIII,1357,100,61.0,20.21154551473,7.9260962802862736,41.489096733456
Sony,A7SIII,1357,100,61.0,21.241319437911,8.329929191337646,41.670832219894
Sony,A7SIII,1357,100,61.0,22.271093361092,8.73376210238902,41.842390667856
Sony,A7SIII,1357,100,61.0,23.300867284273,9.137595013440391,42.004726708605
Sony,A7SIII,1357,100,61.0,24.330641207454,9.541427924491765,42.158669132386
Sony,A7SIII,1357,100,61.0,25.360415130635,9.945260835543138,42.30494200142
Sony,A7SIII,1357,100,61.0,26.390189053816,10.34909374659451,42.444181516353
Sony,A7SIII,1357,100,61.0,27.419962976997,10.752926657645883,42.576949621295
Sony,A7SIII,1357,100,61.0,28.449736900178,11.156759568697254,42.703745075905
Sony,A7SIII,1357,100,61.0,29.479510823359,11.560592479748626,42.825012539977
Sony,A7SIII,1357,100,61.0,30.50928474654,11.9644253908,42.941150083709
Sony,A7SIII,1357,100,61.0,31.539058669721,12.368258301851373,43.052515439978
Sony,A7SIII,1357,100,61.0,32.568832592902,12.772091212902744,43.159431243224
Sony,A7SIII,1357,100,61.0,33.598606516083,13.175924123954118,43.262189445784
Sony,A7SIII,1357,100,61.0,34.628380439264,13.57975703500549,43.361055061872
Sony,A7SIII,1357,100,61.0,35.658154362445,13.983589946056865,43.456269358377
Sony,A7SIII,1357,100,61.0,36.687928285626,14.387422857108238,43.548052587678
Sony,A7SIII,1357,100,61.0,37.717702208807,14.791255768159605,43.636606339136
Sony,A7SIII,1357,100,61.0,38.747476131988,15.195088679210981,43.722115571333
Sony,A7SIII,1357,100,61.0,39.777250055169,15.598921590262352,43.804750375672
Sony,A7SIII,1357,100,61.0,40.80702397835,16.002754501313728,43.884667512816
Sony,A7SIII,1357,100,61.0,41.836797901531,16.4065874123651,43.962011756185
Sony,A7SIII,1357,100,61.0,42.866571824712,16.81042032341647,44.036917070839
Sony,A7SIII,1357,100,61.0,43.896345747893,17.214253234467844,44.109507651356
Sony,A7SIII,1357,100,61.0,44.926119671074,17.618086145519214,44.179898838452
Sony,A7SIII,1357,100,61.0,45.955893594255,18.02191905657059,44.248197930941
Sony,A7SIII,1357,100,61.0,46.985667517436,18.425751967621963,44.314504907039
Sony,A7SIII,1357,100,61.0,48.015441440617,18.829584878673334,44.378913066873
Sony,A7SIII,1357,100,61.0,49.045215363798,19.233417789724705,44.441509606303
Sony,A7SIII,1357,100,61.0,50.074989286979,19.637250700776075,44.50237613066
Sony,A7SIII,1357,100,61.0,51.10476321016,20.04108361182745,44.561589115797
Sony,A7SIII,1357,100,61.0,52.134537133341,20.444916522878824,44.619220322783
Sony,A7SIII,1357,100,61.0,53.164311056522,20.848749433930198,44.675337171734
Sony,A7SIII,1357,100,61.0,54.194084979703,21.25258234498157,44.730003079485
Sony,A7SIII,1357,100,61.0,55.223858902884,21.65641525603294,44.783277765242
Sony,A7SIII,1357,100,61.0,56.253632826065,22.060248167084314,44.835217527762
Sony,A7SIII,1357,100,61.0,57.283406749246,22.464081078135685,44.88587549719
Sony,A7SIII,1357,100,61.0,58.313180672427,22.86791398918706,44.935301864267
Sony,A7SIII,1357,100,61.0,59.342954595608,23.27174690023843,44.983544089326
Sony,A7SIII,1357,100,61.0,60.372728518789,23.675579811289804,45.030647093133
Sony,A7SIII,1357,100,61.0,61.40250244197,24.079412722341175,45.076653431473
Sony,A7SIII,1357,100,61.0,62.432276365151,24.48324563339255,45.12160345507
Sony,A7SIII,1357,100,61.0,63.462050288332,24.887078544443924,45.165535456328
Sony,A7SIII,1357,100,61.0,64.491824211513,25.290911455495298,45.20848580414
Sony,A7SIII,1357,100,61.0,65.521598134694,25.69474436654667,45.250489067926
Sony,A7SIII,1357,100,61.0,66.551372057875,26.09857727759804,45.291578131915
Sony,A7SIII,1357,100,61.0,67.581145981056,26.50241018864941,45.331784300558
Sony,A7SIII,1357,100,61.0,68.610919904237,26.906243099700784,45.371137395903
Sony,A7SIII,1357,100,61.0,69.640693827418,27.31007601075216,45.409665847635
Sony,A7SIII,1357,100,61.0,70.670467750599,27.713908921803533,45.447396776455
Sony,A7SIII,1357,100,61.0,71.70024167378,28.117741832854904,45.484356071349
Sony,A7SIII,1357,100,61.0,72.730015596961,28.521574743906275,45.520568461306
Sony,A7SIII,1357,100,61.0,73.759789520142,28.925407654957645,45.556057581925
Sony,A7SIII,1357,100,61.0,74.789563443323,29.329240566009023,45.590846037372
Sony,A7SIII,1357,100,61.0,75.819337366504,29.73307347706039,45.624955458036
Sony,A7SIII,1357,100,61.0,76.849111289685,30.13690638811176,45.658406554263
Sony,A7SIII,1357,100,61.0,77.878885212866,30.540739299163132,45.69121916647
Sony,A7SIII,1357,100,61.0,78.908659136047,30.94457221021451,45.723412311928
Sony,A7SIII,1357,100,61.0,79.938433059228,31.34840512126588,45.755004228471
Sony,A7SIII,1357,100,61.0,80.968206982409,31.752238032317255,45.786012415387
Sony,A7SIII,1357,100,61.0,81.99798090559,32.156070943368626,45.816453671673
Sony,A7SIII,1357,100,61.0,83.027754828771,32.55990385442,45.846344131891
Sony,A7SIII,1357,100,61.0,84.057528751952,32.963736765471374,45.875699299775
Sony,A7SIII,1357,100,61.0,85.087302675133,33.36756967652275,45.904534079767
Sony,A7SIII,1357,100,61.0,86.117076598314,33.771402587574116,45.932862806629
Sony,A7SIII,1357,100,61.0,87.146850521495,34.17523549862549,45.960699273275
Sony,A7SIII,1357,100,61.0,88.176624444676,34.579068409676864,45.988056756943
Sony,A7SIII,1357,100,61.0,89.206398367857,34.98290132072824,46.014948043823
Sony,A7SIII,1357,100,61.0,90.236172291038,35.38673423177961,46.041385452255
Sony,A7SIII,1357,100,61.0,91.265946214219,35.79056714283098,46.067380854589
Sony,A7SIII,1357,100,61.0,92.2957201374,36.194400053882354,46.092945697802
Sony,A7SIII,1357,100,61.0,93.325494060581,36.59823296493372,46.118091022951
Sony,A7SIII,1357,100,61.0,94.355267983762,37.0020658759851,46.142827483545
Sony,A7SIII,1357,100,61.0,95.385041906943,37.40589878703647,46.167165362899
Sony,A7SIII,1357,100,61.0,96.414815830124,37.809731698087845,46.191114590546
Sony,A7SIII,1357,100,61.0,97.444589753305,38.21356460913922,46.214684757762
Sony,A7SIII,1357,100,61.0,98.474363676486,38.617397520190586,46.237885132257
Sony,A7SIII,1357,100,61.0,99.504137599668,39.02123043124235,46.260724672094
Sony,A7SIII,1357,100,61.0,100.53391152285,39.42506334229412,46.283212038874
Sony,A7SIII,1357,100,61.0,101.56368544603,39.8288962533451,46.305355610242
Sony,A7SIII,1357,100,61.0,102.59345936921,40.232729164396076,46.327163491748
Sony,A7SIII,1357,100,61.0,103.62323329239,40.63656207544706,46.348643528105
Sony,A7SIII,1357,100,61.0,104.65300721557,41.04039498649804,46.369803313878
Sony,A7SIII,1357,100,61.0,105.68278113875,41.44422789754902,46.390650203645
Sony,A7SIII,1357,100,61.0,106.71255506193,41.8480608086,46.411191321652
Sony,A7SIII,1357,100,61.0,107.74232898512,42.2518937196549,46.431433570991
Sony,A7SIII,1357,100,61.0,108.7721029083,42.65572663070588,46.451383642346
Sony,A7SIII,1357,100,61.0,109.80187683148,43.05955954175686,46.471048022302
Sony,A7SIII,1357,100,61.0,110.83165075466,43.463392452807845,46.490433001271
Sony,A7SIII,1357,100,61.0,111.86142467784,43.86722536385882,46.509544681038
Sony,A7SIII,1357,100,61.0,112.89119860102,44.271058274909805,46.528388981952
Sony,A7SIII,1357,100,61.0,113.9209725242,44.67489118596079,46.546971649792
Sony,A7SIII,1357,100,61.0,114.95074644738,45.078724097011765,46.565298262305
Sony,A7SIII,1357,100,61.0,115.98052037056,45.48255700806275,46.583374235457
Sony,A7SIII,1357,100,61.0,117.01029429374,45.88638991911373,46.601204829396
Sony,A7SIII,1357,100,61.0,118.04006821693,46.290222830168624,46.618795154147
Sony,A7SIII,1357,100,61.0,119.06984214011,46.69405574121961,46.636150175058
Sony,A7SIII,1357,100,61.0,120.09961606329,47.09788865227058,46.653274718002
Sony,A7SIII,1357,100,61.0,121.12938998647,47.50172156332157,46.670173474351
Sony,A7SIII,1357,100,61.0,122.15916390965,47.90555447437255,46.686851005742
Sony,A7SIII,1357,100,61.0,123.18893783283,48.30938738542353,46.703311748627
Sony,A7SIII,1357,100,61.0,124.21871175601,48.71322029647451,46.719560018637
Sony,A7SIII,1357,100,61.0,125.24848567919,49.117053207525494,46.735600014759
Sony,A7SIII,1357,100,61.0,126.27825960237,49.52088611857647,46.751435823335
Sony,A7SIII,1357,100,61.0,127.30803352555,49.924719029627454,46.767071421898
Sony,A7SIII,1357,100,61.0,128.33780744874,50.32855194068235,46.782510682849
Sony,A7SIII,1357,100,61.0,129.36758137192,50.732384851733336,46.797757376978
Sony,A7SIII,1357,100,61.0,130.3973552951,51.136217762784305,46.812815176851
Sony,A7SIII,1357,100,61.0,131.42712921828,51.54005067383529,46.827687660052
Sony,A7SIII,1357,100,61.0,132.45690314146,51.94388358488627,46.842378312297
Sony,A7SIII,1357,100,61.0,133.48667706464,52.34771649593725,46.856890530428
Sony,A7SIII,1357,100,61.0,134.51645098782,52.75154940698824,46.871227625281
Sony,A7SIII,1357,100,61.0,135.546224911,53.155382318039216,46.885392824449
Sony,A7SIII,1357,100,61.0,136.57599883418,53.5592152290902,46.899389274936
Sony,A7SIII,1357,100,61.0,137.60577275736,53.963048140141176,46.913220045703
Sony,A7SIII,1357,100,61.0,138.63554668055,54.36688105119608,46.926888130121
Sony,A7SIII,1357,100,61.0,139.66532060373,54.770713962247065,46.940396448331
Sony,A7SIII,1357,100,61.0,140.69509452691,55.174546873298034,46.953747849513
Sony,A7SIII,1357,100,61.0,141.72486845009,55.57837978434903,46.966945114067
Sony,A7SIII,1357,100,61.0,142.75464237327,55.9822126954,46.97999095572
Sony,A7SIII,1357,100,61.0,143.78441629645,56.38604560645098,46.992888023546
Sony,A7SIII,1357,100,61.0,144.81419021963,56.78987851750197,47.005638903919
Sony,A7SIII,1357,100,61.0,145.84396414281,57.19371142855294,47.01824612239
Sony,A7SIII,1357,100,61.0,146.87373806599,57.59754433960392,47.030712145497
Sony,A7SIII,1357,100,61.0,147.90351198918,58.00137725065883,47.043039382513
Sony,A7SIII,1357,100,61.0,148.93328591236,58.405210161709796,47.055230187124
Sony,A7SIII,1357,100,61.0,149.96305983554,58.809043072760794,47.067286859053
Sony,A7SIII,1357,100,61.0,150.99283375872,59.21287598381176,47.079211645629
Sony,A7SIII,1357,100,61.0,152.0226076819,59.61670889486275,47.091006743289
Sony,A7SIII,1357,100,61.0,153.05238160508,60.02054180591373,47.102674299045
Sony,A7SIII,1357,100,61.0,154.08215552826,60.4243747169647,47.114216411883
Sony,A7SIII,1357,100,61.0,155.11192945144,60.82820762801568,47.125635134123
Sony,A7SIII,1357,100,61.0,156.14170337462,61.232040539066666,47.136932472736
Sony,A7SIII,1357,100,61.0,157.1714772978,61.63587345011765,47.148110390603
Sony,A7SIII,1357,100,61.0,158.20125122099,62.039706361172556,47.159170807745
Sony,A7SIII,1357,100,61.0,159.23102514417,62.443539272223525,47.170115602503
Sony,A7SIII,1357,100,61.0,160.26079906735,62.84737218327451,47.180946612681
Sony,A7SIII,1357,100,61.0,161.29057299053,63.25120509432549,47.191665636656
Sony,A7SIII,1357,100,61.0,162.32034691371,63.655038005376475,47.202274434442
Sony,A7SIII,1357,100,61.0,163.35012083689,64.05887091642745,47.212774728724
Sony,A7SIII,1357,100,61.0,164.37989476007,64.46270382747844,47.223168205863
Sony,A7SIII,1357,100,61.0,165.40966868325,64.86653673852942,47.233456516856
Sony,A7SIII,1357,100,61.0,166.43944260643,65.27036964958039,47.24364127828
Sony,A7SIII,1357,100,61.0,167.46921652961,65.67420256063137,47.253724073195
Sony,A7SIII,1357,100,61.0,168.4989904528,66.07803547168626,47.263706452018
Sony,A7SIII,1357,100,61.0,169.52876437598,66.48186838273725,47.273589933381
Sony,A7SIII,1357,100,61.0,170.55853829916,66.88570129378823,47.283376004946
Sony,A7SIII,1357,100,61.0,171.58831222234,67.28953420483921,47.293066124207
Sony,A7SIII,1357,100,61.0,172.61808614552,67.6933671158902,47.30266171926
Sony,A7SIII,1357,100,61.0,173.6478600687,68.09720002694118,47.312164189551
Sony,A7SIII,1357,100,61.0,174.67763399188,68.50103293799215,47.321574906605
Sony,A7SIII,1357,100,61.0,175.70740791506,68.90486584904313,47.330895214725
Sony,A7SIII,1357,100,61.0,176.73718183824,69.30869876009412,47.340126431675
Sony,A7SIII,1357,100,61.0,177.76695576142,69.7125316711451,47.349269849342
Sony,A7SIII,1357,100,61.0,178.79672968461,70.11636458219999,47.358326734376
Sony,A7SIII,1357,100,61.0,179.82650360779,70.52019749325098,47.367298328813
Sony,A7SIII,1357,100,61.0,180.85627753097,70.92403040430196,47.376185850676
Sony,A7SIII,1357,100,61.0,181.88605145415,71.32786331535293,47.384990494564
Sony,A7SIII,1357,100,61.0,182.91582537733,71.73169622640393,47.393713432218
Sony,A7SIII,1357,100,61.0,183.94559930051,72.1355291374549,47.402355813072
Sony,A7SIII,1357,100,61.0,184.97537322369,72.53936204850588,47.410918764791
Sony,A7SIII,1357,100,61.0,186.00514714687,72.94319495955686,47.419403393788
Sony,A7SIII,1357,100,61.0,187.03492107005,73.34702787060785,47.42781078573
Sony,A7SIII,1357,100,61.0,188.06469499323,73.75086078165882,47.436142006031
Sony,A7SIII,1357,100,61.0,189.09446891642,74.15469369271372,47.444398100323
Sony,A7SIII,1357,100,61.0,190.1242428396,74.55852660376469,47.452580094924
Sony,A7SIII,1357,100,61.0,191.15401676278,74.96235951481569,47.460688997285
Sony,A7SIII,1357,100,61.0,192.18379068596,75.36619242586666,47.468725796426
Sony,A7SIII,1357,100,61.0,193.21356460914,75.77002533691764,47.476691463366
Sony,A7SIII,1357,100,61.0,194.24333853232,76.17385824796862,47.48458695153
Sony,A7SIII,1357,100,61.0,195.2731124555,76.57769115901961,47.492413197155
Sony,A7SIII,1357,100,61.0,196.30288637868,76.98152407007058,47.500171119675
Sony,A7SIII,1357,100,61.0,197.33266030186,77.38535698112156,47.507861622109
Sony,A7SIII,1357,100,61.0,198.36243422504,77.78918989217254,47.515485591423
Sony,A7SIII,1357,100,61.0,199.39220814823,78.19302280322745,47.523043898893
Sony,A7SIII,1357,100,61.0,200.42198207141,78.59685571427843,47.530537400454
Sony,A7SIII,1357,100,61.0,201.45175599459,79.0006886253294,47.537966937039
Sony,A7SIII,1357,100,61.0,202.48152991777,79.40452153638039,47.545333334912
Sony,A7SIII,1357,100,61.0,203.51130384095,79.80835444743137,47.55263740599
Sony,A7SIII,1357,100,61.0,204.54107776413,80.21218735848234,47.559879948155
Sony,A7SIII,1357,100,61.0,205.57085168731,80.61602026953334,47.567061745561
Sony,A7SIII,1357,100,61.0,206.60062561049,81.0198531805843,47.57418356893
Sony,A7SIII,1357,100,61.0,207.63039953367,81.42368609163529,47.581246175845
Sony,A7SIII,1357,100,61.0,208.66017345685,81.82751900268627,47.588250311027
Sony,A7SIII,1357,100,61.0,209.68994738004,82.23135191374118,47.595196706615
Sony,A7SIII,1357,100,61.0,210.71972130322,82.63518482479216,47.602086082429
Sony,A7SIII,1357,100,61.0,211.7494952264,83.03901773584313,47.608919146234
Sony,A7SIII,1357,100,61.0,212.77926914958,83.44285064689412,47.615696593994
Sony,A7SIII,1357,100,61.0,213.80904307276,83.8466835579451,47.622419110117
Sony,A7SIII,1357,100,61.0,214.83881699594,84.25051646899607,47.629087367699
Sony,A7SIII,1357,100,61.0,215.86859091912,84.65434938004707,47.635702028759
Sony,A7SIII,1357,100,61.0,216.8983648423,85.05818229109803,47.642263744468
Sony,A7SIII,1357,100,61.0,217.92813876548,85.46201520214902,47.648773155371
Sony,A7SIII,1357,100,61.0,218.95791268866,85.8658481132,47.655230891609
Sony,A7SIII,1357,100,61.0,219.98768661185,86.2696810242549,47.661637573127
Sony,A7SIII,1357,100,61.0,221.01746053503,86.67351393530589,47.667993809886
Sony,A7SIII,1357,100,61.0,222.04723445821,87.07734684635686,47.674300202061
Sony,A7SIII,1357,100,61.0,223.07700838139,87.48117975740783,47.680557340244
Sony,A7SIII,1357,100,61.0,224.10678230457,87.88501266845883,47.686765805629
Sony,A7SIII,1357,100,61.0,225.13655622775,88.2888455795098,47.692926170208
Sony,A7SIII,1357,100,61.0,226.16633015093,88.69267849056078,47.699038996947
Sony,A7SIII,1357,100,61.0,227.19610407411,89.09651140161176,47.705104839971
Sony,A7SIII,1357,100,61.0,228.22587799729,89.50034431266275,47.711124244736
Sony,A7SIII,1357,100,61.0,229.25565192047,89.90417722371372,47.717097748198
Sony,A7SIII,1357,100,61.0,230.28542584366,90.30801013476862,47.723025878983
Sony,A7SIII,1357,100,61.0,231.31519976684,90.7118430458196,47.728909157548
Sony,A7SIII,1357,100,61.0,232.34497369002,91.11567595687059,47.734748096339
Sony,A7SIII,1357,100,61.0,233.3747476132,91.51950886792156,47.740543199944
Sony,A7SIII,1357,100,61.0,234.40452153638,91.92334177897254,47.746294965252
Sony,A7SIII,1357,100,61.0,235.43429545956,92.32717469002353,47.752003881592
Sony,A7SIII,1357,100,61.0,236.46406938274,92.73100760107451,47.757670430882
Sony,A7SIII,1357,100,61.0,237.49384330592,93.13484051212548,47.76329508777
Sony,A7SIII,1357,100,61.0,238.5236172291,93.53867342317648,47.768878319771
Sony,A7SIII,1357,100,61.0,239.55339115229,93.94250633423138,47.774420587402
Sony,A7SIII,1357,100,61.0,240.58316507547,94.34633924528235,47.779922344314
Sony,A7SIII,1357,100,61.0,241.61293899865,94.75017215633333,47.785384037419
Sony,A7SIII,1357,100,61.0,242.64271292183,95.15400506738432,47.790806107018
Sony,A7SIII,1357,100,61.0,243.67248684501,95.5578379784353,47.796188986924
Sony,A7SIII,1357,100,61.0,244.70226076819,95.96167088948627,47.801533104578
Sony,A7SIII,1357,100,61.0,245.73203469137,96.36550380053725,47.806838881174
Sony,A7SIII,1357,100,61.0,246.76180861455,96.76933671158824,47.812106731766
Sony,A7SIII,1357,100,61.0,247.79158253773,97.17316962263921,47.817337065385
Sony,A7SIII,1357,100,61.0,248.82135646091,97.5770025336902,47.822530285148
Sony,A7SIII,1357,100,61.0,249.8511303841,97.9808354447451,47.827686788365
Sony,A7SIII,1357,100,61.0,250.88090430728,98.38466835579608,47.832806966645
Sony,A7SIII,1357,100,61.0,251.91067823046,98.78850126684706,47.837891205996
Sony,A7SIII,1357,100,61.0,252.94045215364,99.19233417789803,47.84293988693
Sony,A7SIII,1357,100,61.0,253.97022607682,99.59616708894903,47.847953384557
Sony,A7SIII,1357,100,61.0,255,100.0,47.852932068684
Sony,A7SIII,1357,200,122.0,0.030985751725877,0.012151275186618432,0
Sony,A7SIII,1357,200,122.0,0.038977538387789,0.015285309171681962,1.9016411680481
Sony,A7SIII,1357,200,122.0,0.057272649823845,0.02245986267601765,5.041994380775
Sony,A7SIII,1357,200,122.0,0.07680001020522,0.03011765106087059,7.384224426356
Sony,A7SIII,1357,200,122.0,0.11064152778817,0.04338883442673334,10.219823353347
Sony,A7SIII,1357,200,122.0,0.13634301976574,0.053467850888525494,11.795491166673
Sony,A7SIII,1357,200,122.0,0.2727404266768,0.10695703006933333,16.73234148321
Sony,A7SIII,1357,200,122.0,0.548163870794,0.21496622384078432,21.189535839782
Sony,A7SIII,1357,200,122.0,1.076442871608,0.4221344594541176,25.023013835475
Sony,A7SIII,1357,200,122.0,2.2974541474869,0.9009624107791766,28.89079560228
Sony,A7SIII,1357,200,122.0,4.7649366670145,1.8686026145154904,32.312846891681
Sony,A7SIII,1357,200,122.0,5.7947105901955,2.2724355255668627,33.194207872403
Sony,A7SIII,1357,200,122.0,6.8244845133765,2.676268436618235,33.92084410897
Sony,A7SIII,1357,200,122.0,7.8542584365575,3.080101347669608,34.538046654803
Sony,A7SIII,1357,200,122.0,8.8840323597385,3.4839342587209803,35.073782469123
Sony,A7SIII,1357,200,122.0,9.9138062829195,3.8877671697723533,35.546526508023
Sony,A7SIII,1357,200,122.0,10.943580206101,4.291600080823922,35.969118561438
Sony,A7SIII,1357,200,122.0,11.973354129282,4.695432991875294,36.350842433733
Sony,A7SIII,1357,200,122.0,13.003128052463,5.099265902926667,36.698627475046
Sony,A7SIII,1357,200,122.0,14.032901975644,5.503098813978039,37.017782313836
Sony,A7SIII,1357,200,122.0,15.062675898825,5.906931725029412,37.31246350909
Sony,A7SIII,1357,200,122.0,16.092449822006,6.310764636080784,37.585986273516
Sony,A7SIII,1357,200,122.0,17.122223745187,6.714597547132158,37.841037085443
Sony,A7SIII,1357,200,122.0,18.151997668368,7.118430458183529,38.079823148271
Sony,A7SIII,1357,200,122.0,19.181771591549,7.522263369234902,38.304179940782
Sony,A7SIII,1357,200,122.0,20.21154551473,7.9260962802862736,38.515650208702
Sony,A7SIII,1357,200,122.0,21.241319437911,8.329929191337646,38.715543037143
Sony,A7SIII,1357,200,122.0,22.271093361092,8.73376210238902,38.904978741076
Sony,A7SIII,1357,200,122.0,23.300867284273,9.137595013440391,39.084923471734
Sony,A7SIII,1357,200,122.0,24.330641207454,9.541427924491765,39.256216241857
Sony,A7SIII,1357,200,122.0,25.360415130635,9.945260835543138,39.419590278797
Sony,A7SIII,1357,200,122.0,26.390189053816,10.34909374659451,39.575690076305
Sony,A7SIII,1357,200,122.0,27.419962976997,10.752926657645883,39.72508514435
Sony,A7SIII,1357,200,122.0,28.449736900178,11.156759568697254,39.868281195544
Sony,A7SIII,1357,200,122.0,29.479510823359,11.560592479748626,40.005729320963
Sony,A7SIII,1357,200,122.0,30.50928474654,11.9644253908,40.137833573926
Sony,A7SIII,1357,200,122.0,31.539058669721,12.368258301851373,40.264957282038
Sony,A7SIII,1357,200,122.0,32.568832592902,12.772091212902744,40.387428335087
Sony,A7SIII,1357,200,122.0,33.598606516083,13.175924123954118,40.505543641907
Sony,A7SIII,1357,200,122.0,34.628380439264,13.57975703500549,40.619572908127
Sony,A7SIII,1357,200,122.0,35.658154362445,13.983589946056865,40.729761855315
Sony,A7SIII,1357,200,122.0,36.687928285626,14.387422857108238,40.836334977765
Sony,A7SIII,1357,200,122.0,37.717702208807,14.791255768159605,40.939497914384
Sony,A7SIII,1357,200,122.0,38.747476131988,15.195088679210981,41.039439498415
Sony,A7SIII,1357,200,122.0,39.777250055169,15.598921590262352,41.1363335361
Sony,A7SIII,1357,200,122.0,40.80702397835,16.002754501313728,41.23034035619
Sony,A7SIII,1357,200,122.0,41.836797901531,16.4065874123651,41.321608164845
Sony,A7SIII,1357,200,122.0,42.866571824712,16.81042032341647,41.410274234509
Sony,A7SIII,1357,200,122.0,43.896345747893,17.214253234467844,41.49646595061
Sony,A7SIII,1357,200,122.0,44.926119671074,17.618086145519214,41.580301735996
Sony,A7SIII,1357,200,122.0,45.955893594255,18.02191905657059,41.661891869852
Sony,A7SIII,1357,200,122.0,46.985667517436,18.425751967621963,41.74133921523
Sony,A7SIII,1357,200,122.0,48.015441440617,18.829584878673334,41.81873986716
Sony,A7SIII,1357,200,122.0,49.045215363798,19.233417789724705,41.894183731524
Sony,A7SIII,1357,200,122.0,50.074989286979,19.637250700776075,41.967755043372
Sony,A7SIII,1357,200,122.0,51.10476321016,20.04108361182745,42.039532832139
Sony,A7SIII,1357,200,122.0,52.134537133341,20.444916522878824,42.109591340149
Sony,A7SIII,1357,200,122.0,53.164311056522,20.848749433930198,42.178000399927
Sony,A7SIII,1357,200,122.0,54.194084979703,21.25258234498157,42.244825775086
Sony,A7SIII,1357,200,122.0,55.223858902884,21.65641525603294,42.31012946893
Sony,A7SIII,1357,200,122.0,56.253632826065,22.060248167084314,42.373970004377
Sony,A7SIII,1357,200,122.0,57.283406749246,22.464081078135685,42.436402678329
Sony,A7SIII,1357,200,122.0,58.313180672427,22.86791398918706,42.497479793254
Sony,A7SIII,1357,200,122.0,59.342954595608,23.27174690023843,42.557250868373
Sony,A7SIII,1357,200,122.0,60.372728518789,23.675579811289804,42.615762832574
Sony,A7SIII,1357,200,122.0,61.40250244197,24.079412722341175,42.67306020092
Sony,A7SIII,1357,200,122.0,62.432276365151,24.48324563339255,42.72918523639
Sony,A7SIII,1357,200,122.0,63.462050288332,24.887078544443924,42.784178098319
Sony,A7SIII,1357,200,122.0,64.491824211513,25.290911455495298,42.838076978824
Sony,A7SIII,1357,200,122.0,65.521598134694,25.69474436654667,42.890918228357
Sony,A7SIII,1357,200,122.0,66.551372057875,26.09857727759804,42.942736471424
Sony,A7SIII,1357,200,122.0,67.581145981056,26.50241018864941,42.993564713367
Sony,A7SIII,1357,200,122.0,68.610919904237,26.906243099700784,43.043434439021
Sony,A7SIII,1357,200,122.0,69.640693827418,27.31007601075216,43.092375703996
Sony,A7SIII,1357,200,122.0,70.670467750599,27.713908921803533,43.140417219212
Sony,A7SIII,1357,200,122.0,71.70024167378,28.117741832854904,43.187586429292
Sony,A7SIII,1357,200,122.0,72.730015596961,28.521574743906275,43.233909585336
Sony,A7SIII,1357,200,122.0,73.759789520142,28.925407654957645,43.279411812551
Sony,A7SIII,1357,200,122.0,74.789563443323,29.329240566009023,43.324117173165
Sony,A7SIII,1357,200,122.0,75.819337366504,29.73307347706039,43.368048725025
Sony,A7SIII,1357,200,122.0,76.849111289685,30.13690638811176,43.411228576212
Sony,A7SIII,1357,200,122.0,77.878885212866,30.540739299163132,43.453677936007
Sony,A7SIII,1357,200,122.0,78.908659136047,30.94457221021451,43.495417162495
Sony,A7SIII,1357,200,122.0,79.938433059228,31.34840512126588,43.536465807062
Sony,A7SIII,1357,200,122.0,80.968206982409,31.752238032317255,43.576842656029
Sony,A7SIII,1357,200,122.0,81.99798090559,32.156070943368626,43.616565769645
Sony,A7SIII,1357,200,122.0,83.027754828771,32.55990385442,43.655652518636
Sony,A7SIII,1357,200,122.0,84.057528751952,32.963736765471374,43.69411961848
Sony,A7SIII,1357,200,122.0,85.087302675133,33.36756967652275,43.731983161596
Sony,A7SIII,1357,200,122.0,86.117076598314,33.771402587574116,43.76925864758
Sony,A7SIII,1357,200,122.0,87.146850521495,34.17523549862549,43.805961011638
Sony,A7SIII,1357,200,122.0,88.176624444676,34.579068409676864,43.842104651334
Sony,A7SIII,1357,200,122.0,89.206398367857,34.98290132072824,43.877703451788
Sony,A7SIII,1357,200,122.0,90.236172291038,35.38673423177961,43.912770809408
Sony,A7SIII,1357,200,122.0,91.265946214219,35.79056714283098,43.94731965428
Sony,A7SIII,1357,200,122.0,92.2957201374,36.194400053882354,43.981362471283
Sony,A7SIII,1357,200,122.0,93.325494060581,36.59823296493372,44.014911320041
Sony,A7SIII,1357,200,122.0,94.355267983762,37.0020658759851,44.04797785376
Sony,A7SIII,1357,200,122.0,95.385041906943,37.40589878703647,44.080573337047
Sony,A7SIII,1357,200,122.0,96.414815830124,37.809731698087845,44.112708662765
Sony,A7SIII,1357,200,122.0,97.444589753305,38.21356460913922,44.144394367982
Sony,A7SIII,1357,200,122.0,98.474363676486,38.617397520190586,44.175640649087
Sony,A7SIII,1357,200,122.0,99.504137599668,39.02123043124235,44.206457376107
Sony,A7SIII,1357,200,122.0,100.53391152285,39.42506334229412,44.236854106287
Sony,A7SIII,1357,200,122.0,101.56368544603,39.8288962533451,44.266840096975
Sony,A7SIII,1357,200,122.0,102.59345936921,40.232729164396076,44.296424317849
Sony,A7SIII,1357,200,122.0,103.62323329239,40.63656207544706,44.325615462536
Sony,A7SIII,1357,200,122.0,104.65300721557,41.04039498649804,44.354421959647
Sony,A7SIII,1357,200,122.0,105.68278113875,41.44422789754902,44.382851983274
Sony,A7SIII,1357,200,122.0,106.71255506193,41.8480608086,44.410913462972
Sony,A7SIII,1357,200,122.0,107.74232898512,42.2518937196549,44.43861409326
Sony,A7SIII,1357,200,122.0,108.7721029083,42.65572663070588,44.465961342666
Sony,A7SIII,1357,200,122.0,109.80187683148,43.05955954175686,44.492962462347
Sony,A7SIII,1357,200,122.0,110.83165075466,43.463392452807845,44.5196244943
Sony,A7SIII,1357,200,122.0,111.86142467784,43.86722536385882,44.545954279193
Sony,A7SIII,1357,200,122.0,112.89119860102,44.271058274909805,44.571958463835
Sony,A7SIII,1357,200,122.0,113.9209725242,44.67489118596079,44.597643508305
Sony,A7SIII,1357,200,122.0,114.95074644738,45.078724097011765,44.623015692759
Sony,A7SIII,1357,200,122.0,115.98052037056,45.48255700806275,44.648081123927
Sony,A7SIII,1357,200,122.0,117.01029429374,45.88638991911373,44.672845741328
Sony,A7SIII,1357,200,122.0,118.04006821693,46.290222830168624,44.697315323204
Sony,A7SIII,1357,200,122.0,119.06984214011,46.69405574121961,44.721495492203
Sony,A7SIII,1357,200,122.0,120.09961606329,47.09788865227058,44.745391720806
Sony,A7SIII,1357,200,122.0,121.12938998647,47.50172156332157,44.769009336526
Sony,A7SIII,1357,200,122.0,122.15916390965,47.90555447437255,44.792353526888
Sony,A7SIII,1357,200,122.0,123.18893783283,48.30938738542353,44.815429344193
Sony,A7SIII,1357,200,122.0,124.21871175601,48.71322029647451,44.838241710087
Sony,A7SIII,1357,200,122.0,125.24848567919,49.117053207525494,44.860795419934
Sony,A7SIII,1357,200,122.0,126.27825960237,49.52088611857647,44.883095147018
Sony,A7SIII,1357,200,122.0,127.30803352555,49.924719029627454,44.905145446565
Sony,A7SIII,1357,200,122.0,128.33780744874,50.32855194068235,44.926950759603
Sony,A7SIII,1357,200,122.0,129.36758137192,50.732384851733336,44.948515416673
Sony,A7SIII,1357,200,122.0,130.3973552951,51.136217762784305,44.969843641381
Sony,A7SIII,1357,200,122.0,131.42712921828,51.54005067383529,44.990939553823
Sony,A7SIII,1357,200,122.0,132.45690314146,51.94388358488627,45.011807173861
Sony,A7SIII,1357,200,122.0,133.48667706464,52.34771649593725,45.032450424281
Sony,A7SIII,1357,200,122.0,134.51645098782,52.75154940698824,45.052873133824
Sony,A7SIII,1357,200,122.0,135.546224911,53.155382318039216,45.073079040107
Sony,A7SIII,1357,200,122.0,136.57599883418,53.5592152290902,45.09307179242
Sony,A7SIII,1357,200,122.0,137.60577275736,53.963048140141176,45.11285495443
Sony,A7SIII,1357,200,122.0,138.63554668055,54.36688105119608,45.13243200678
Sony,A7SIII,1357,200,122.0,139.66532060373,54.770713962247065,45.151806349584
Sony,A7SIII,1357,200,122.0,140.69509452691,55.174546873298034,45.170981304836
Sony,A7SIII,1357,200,122.0,141.72486845009,55.57837978434903,45.189960118736
Sony,A7SIII,1357,200,122.0,142.75464237327,55.9822126954,45.208745963914
Sony,A7SIII,1357,200,122.0,143.78441629645,56.38604560645098,45.227341941591
Sony,A7SIII,1357,200,122.0,144.81419021963,56.78987851750197,45.245751083654
Sony,A7SIII,1357,200,122.0,145.84396414281,57.19371142855294,45.263976354656
Sony,A7SIII,1357,200,122.0,146.87373806599,57.59754433960392,45.282020653749
Sony,A7SIII,1357,200,122.0,147.90351198918,58.00137725065883,45.299886816543
Sony,A7SIII,1357,200,122.0,148.93328591236,58.405210161709796,45.317577616909
Sony,A7SIII,1357,200,122.0,149.96305983554,58.809043072760794,45.33509576871
Sony,A7SIII,1357,200,122.0,150.99283375872,59.21287598381176,45.352443927478
Sony,A7SIII,1357,200,122.0,152.0226076819,59.61670889486275,45.369624692031
Sony,A7SIII,1357,200,122.0,153.05238160508,60.02054180591373,45.386640606036
Sony,A7SIII,1357,200,122.0,154.08215552826,60.4243747169647,45.403494159517
Sony,A7SIII,1357,200,122.0,155.11192945144,60.82820762801568,45.420187790319
Sony,A7SIII,1357,200,122.0,156.14170337462,61.232040539066666,45.436723885509
Sony,A7SIII,1357,200,122.0,157.1714772978,61.63587345011765,45.453104782751
Sony,A7SIII,1357,200,122.0,158.20125122099,62.039706361172556,45.469332771612
Sony,A7SIII,1357,200,122.0,159.23102514417,62.443539272223525,45.485410094849
Sony,A7SIII,1357,200,122.0,160.26079906735,62.84737218327451,45.501338949632
Sony,A7SIII,1357,200,122.0,161.29057299053,63.25120509432549,45.517121488748
Sony,A7SIII,1357,200,122.0,162.32034691371,63.655038005376475,45.532759821746
Sony,A7SIII,1357,200,122.0,163.35012083689,64.05887091642745,45.548256016064
Sony,A7SIII,1357,200,122.0,164.37989476007,64.46270382747844,45.563612098107
Sony,A7SIII,1357,200,122.0,165.40966868325,64.86653673852942,45.578830054297
Sony,A7SIII,1357,200,122.0,166.43944260643,65.27036964958039,45.59391183209
Sony,A7SIII,1357,200,122.0,167.46921652961,65.67420256063137,45.608859340957
Sony,A7SIII,1357,200,122.0,168.4989904528,66.07803547168626,45.62367445334
Sony,A7SIII,1357,200,122.0,169.52876437598,66.48186838273725,45.638359005579
Sony,A7SIII,1357,200,122.0,170.55853829916,66.88570129378823,45.652914798799
Sony,A7SIII,1357,200,122.0,171.58831222234,67.28953420483921,45.667343599791
Sony,A7SIII,1357,200,122.0,172.61808614552,67.6933671158902,45.681647141841
Sony,A7SIII,1357,200,122.0,173.6478600687,68.09720002694118,45.69582712556
Sony,A7SIII,1357,200,122.0,174.67763399188,68.50103293799215,45.709885219665
Sony,A7SIII,1357,200,122.0,175.70740791506,68.90486584904313,45.723823061756
Sony,A7SIII,1357,200,122.0,176.73718183824,69.30869876009412,45.737642259058
Sony,A7SIII,1357,200,122.0,177.76695576142,69.7125316711451,45.751344389149
Sony,A7SIII,1357,200,122.0,178.79672968461,70.11636458219999,45.764931000659
Sony,A7SIII,1357,200,122.0,179.82650360779,70.52019749325098,45.778403613953
Sony,A7SIII,1357,200,122.0,180.85627753097,70.92403040430196,45.791763721797
Sony,A7SIII,1357,200,122.0,181.88605145415,71.32786331535293,45.805012790002
Sony,A7SIII,1357,200,122.0,182.91582537733,71.73169622640393,45.818152258042
Sony,A7SIII,1357,200,122.0,183.94559930051,72.1355291374549,45.831183539673
Sony,A7SIII,1357,200,122.0,184.97537322369,72.53936204850588,45.844108023515
Sony,A7SIII,1357,200,122.0,186.00514714687,72.94319495955686,45.856927073626
Sony,A7SIII,1357,200,122.0,187.03492107005,73.34702787060785,45.869642030067
Sony,A7SIII,1357,200,122.0,188.06469499323,73.75086078165882,45.882254209436
Sony,A7SIII,1357,200,122.0,189.09446891642,74.15469369271372,45.894764905399
Sony,A7SIII,1357,200,122.0,190.1242428396,74.55852660376469,45.907175389204
Sony,A7SIII,1357,200,122.0,191.15401676278,74.96235951481569,45.919486910175
Sony,A7SIII,1357,200,122.0,192.18379068596,75.36619242586666,45.931700696202
Sony,A7SIII,1357,200,122.0,193.21356460914,75.77002533691764,45.943817954212
Sony,A7SIII,1357,200,122.0,194.24333853232,76.17385824796862,45.955839870623
Sony,A7SIII,1357,200,122.0,195.2731124555,76.57769115901961,45.9677676118
Sony,A7SIII,1357,200,122.0,196.30288637868,76.98152407007058,45.979602324481
Sony,A7SIII,1357,200,122.0,197.33266030186,77.38535698112156,45.991345136207
Sony,A7SIII,1357,200,122.0,198.36243422504,77.78918989217254,46.002997155729
Sony,A7SIII,1357,200,122.0,199.39220814823,78.19302280322745,46.014559473412
Sony,A7SIII,1357,200,122.0,200.42198207141,78.59685571427843,46.026033161629
Sony,A7SIII,1357,200,122.0,201.45175599459,79.0006886253294,46.037419275134
Sony,A7SIII,1357,200,122.0,202.48152991777,79.40452153638039,46.048718851441
Sony,A7SIII,1357,200,122.0,203.51130384095,79.80835444743137,46.059932911177
Sony,A7SIII,1357,200,122.0,204.54107776413,80.21218735848234,46.071062458443
Sony,A7SIII,1357,200,122.0,205.57085168731,80.61602026953334,46.082108481149
Sony,A7SIII,1357,200,122.0,206.60062561049,81.0198531805843,46.093071951354
Sony,A7SIII,1357,200,122.0,207.63039953367,81.42368609163529,46.103953825588
Sony,A7SIII,1357,200,122.0,208.66017345685,81.82751900268627,46.114755045172
Sony,A7SIII,1357,200,122.0,209.68994738004,82.23135191374118,46.125476536527
Sony,A7SIII,1357,200,122.0,210.71972130322,82.63518482479216,46.136119211475
Sony,A7SIII,1357,200,122.0,211.7494952264,83.03901773584313,46.146683967537
Sony,A7SIII,1357,200,122.0,212.77926914958,83.44285064689412,46.157171688214
Sony,A7SIII,1357,200,122.0,213.80904307276,83.8466835579451,46.167583243273
Sony,A7SIII,1357,200,122.0,214.83881699594,84.25051646899607,46.177919489018
Sony,A7SIII,1357,200,122.0,215.86859091912,84.65434938004707,46.188181268556
Sony,A7SIII,1357,200,122.0,216.8983648423,85.05818229109803,46.198369412058
Sony,A7SIII,1357,200,122.0,217.92813876548,85.46201520214902,46.208484737015
Sony,A7SIII,1357,200,122.0,218.95791268866,85.8658481132,46.21852804848
Sony,A7SIII,1357,200,122.0,219.98768661185,86.2696810242549,46.228500139318
Sony,A7SIII,1357,200,122.0,221.01746053503,86.67351393530589,46.238401790434
Sony,A7SIII,1357,200,122.0,222.04723445821,87.07734684635686,46.248233771009
Sony,A7SIII,1357,200,122.0,223.07700838139,87.48117975740783,46.257996838724
Sony,A7SIII,1357,200,122.0,224.10678230457,87.88501266845883,46.267691739979
Sony,A7SIII,1357,200,122.0,225.13655622775,88.2888455795098,46.277319210107
Sony,A7SIII,1357,200,122.0,226.16633015093,88.69267849056078,46.286879973587
Sony,A7SIII,1357,200,122.0,227.19610407411,89.09651140161176,46.296374744243
Sony,A7SIII,1357,200,122.0,228.22587799729,89.50034431266275,46.305804225452
Sony,A7SIII,1357,200,122.0,229.25565192047,89.90417722371372,46.315169110333
Sony,A7SIII,1357,200,122.0,230.28542584366,90.30801013476862,46.32447008194
Sony,A7SIII,1357,200,122.0,231.31519976684,90.7118430458196,46.333707813449
Sony,A7SIII,1357,200,122.0,232.34497369002,91.11567595687059,46.342882968343
Sony,A7SIII,1357,200,122.0,233.3747476132,91.51950886792156,46.351996200584
Sony,A7SIII,1357,200,122.0,234.40452153638,91.92334177897254,46.361048154794
Sony,A7SIII,1357,200,122.0,235.43429545956,92.32717469002353,46.370039466422
Sony,A7SIII,1357,200,122.0,236.46406938274,92.73100760107451,46.378970761912
Sony,A7SIII,1357,200,122.0,237.49384330592,93.13484051212548,46.387842658864
Sony,A7SIII,1357,200,122.0,238.5236172291,93.53867342317648,46.396655766194
Sony,A7SIII,1357,200,122.0,239.55339115229,93.94250633423138,46.405410684294
Sony,A7SIII,1357,200,122.0,240.58316507547,94.34633924528235,46.414108005177
Sony,A7SIII,1357,200,122.0,241.61293899865,94.75017215633333,46.422748312632
Sony,A7SIII,1357,200,122.0,242.64271292183,95.15400506738432,46.431332182368
Sony,A7SIII,1357,200,122.0,243.67248684501,95.5578379784353,46.439860182155
Sony,A7SIII,1357,200,122.0,244.70226076819,95.96167088948627,46.448332871967
Sony,A7SIII,1357,200,122.0,245.73203469137,96.36550380053725,46.456750804117
Sony,A7SIII,1357,200,122.0,246.76180861455,96.76933671158824,46.465114523389
Sony,A7SIII,1357,200,122.0,247.79158253773,97.17316962263921,46.47342456717
Sony,A7SIII,1357,200,122.0,248.82135646091,97.5770025336902,46.481681465581
Sony,A7SIII,1357,200,122.0,249.8511303841,97.9808354447451,46.489885741598
Sony,A7SIII,1357,200,122.0,250.88090430728,98.38466835579608,46.498037911177
Sony,A7SIII,1357,200,122.0,251.91067823046,98.78850126684706,46.506138483374
Sony,A7SIII,1357,200,122.0,252.94045215364,99.19233417789803,46.514187960462
Sony,A7SIII,1357,200,122.0,253.97022607682,99.59616708894903,46.522186838046
Sony,A7SIII,1357,200,122.0,255,100.0,46.530135605179
Sony,A7SIII,1357,400,245.0,0.057272649823845,0.02245986267601765,0
Sony,A7SIII,1357,400,245.0,0.07680001020522,0.03011765106087059,2.4096133470861
Sony,A7SIII,1357,400,245.0,0.11064152778817,0.04338883442673334,5.3504234574478
Sony,A7SIII,1357,400,245.0,0.13634301976574,0.053467850888525494,6.997585749554
Sony,A7SIII,1357,400,245.0,0.2727404266768,0.10695703006933333,12.226577354761
Sony,A7SIII,1357,400,245.0,0.548163870794,0.21496622384078432,17.027066812646
Sony,A7SIII,1357,400,245.0,1.076442871608,0.4221344594541176,21.172109452903
Sony,A7SIII,1357,400,245.0,2.2974541474869,0.9009624107791766,25.308403045829
Sony,A7SIII,1357,400,245.0,4.7649366670145,1.8686026145154904,28.908047836842
Sony,A7SIII,1357,400,245.0,5.7947105901955,2.2724355255668627,29.828275948437
Sony,A7SIII,1357,400,245.0,6.8244845133765,2.676268436618235,30.585903652116
Sony,A7SIII,1357,400,245.0,7.8542584365575,3.080101347669608,31.229125662675
Sony,A7SIII,1357,400,245.0,8.8840323597385,3.4839342587209803,31.787530627779
Sony,A7SIII,1357,400,245.0,9.9138062829195,3.8877671697723533,32.280570561651
Sony,A7SIII,1357,400,245.0,10.943580206101,4.291600080823922,32.721709168961
Sony,A7SIII,1357,400,245.0,11.973354129282,4.695432991875294,33.120647459823
Sony,A7SIII,1357,400,245.0,13.003128052463,5.099265902926667,33.484604427794
Sony,A7SIII,1357,400,245.0,14.032901975644,5.503098813978039,33.819096148282
Sony,A7SIII,1357,400,245.0,15.062675898825,5.906931725029412,34.128431720047
Sony,A7SIII,1357,400,245.0,16.092449822006,6.310764636080784,34.416041081237
Sony,A7SIII,1357,400,245.0,17.122223745187,6.714597547132158,34.68469870198
Sony,A7SIII,1357,400,245.0,18.151997668368,7.118430458183529,34.936680442937
Sony,A7SIII,1357,400,245.0,19.181771591549,7.522263369234902,35.173876175372
Sony,A7SIII,1357,400,245.0,20.21154551473,7.9260962802862736,35.397872326023
Sony,A7SIII,1357,400,245.0,21.241319437911,8.329929191337646,35.610013490494
Sony,A7SIII,1357,400,245.0,22.271093361092,8.73376210238902,35.811449173583
Sony,A7SIII,1357,400,245.0,23.300867284273,9.137595013440391,36.003169764234
Sony,A7SIII,1357,400,245.0,24.330641207454,9.541427924491765,36.186034588078
Sony,A7SIII,1357,400,245.0,25.360415130635,9.945260835543138,36.360794041889
Sony,A7SIII,1357,400,245.0,26.390189053816,10.34909374659451,36.52810724686
Sony,A7SIII,1357,400,245.0,27.419962976997,10.752926657645883,36.688556266577
Sony,A7SIII,1357,400,245.0,28.449736900178,11.156759568697254,36.842657661507
Sony,A7SIII,1357,400,245.0,29.479510823359,11.560592479748626,36.990871956929
Sony,A7SIII,1357,400,245.0,30.50928474654,11.9644253908,37.133611460541
Sony,A7SIII,1357,400,245.0,31.539058669721,12.368258301851373,37.271246763184
Sony,A7SIII,1357,400,245.0,32.568832592902,12.772091212902744,37.404112180136
Sony,A7SIII,1357,400,245.0,33.598606516083,13.175924123954118,37.532510333551
Sony,A7SIII,1357,400,245.0,34.628380439264,13.57975703500549,37.656716033691
Sony,A7SIII,1357,400,245.0,35.658154362445,13.983589946056865,37.776979583859
Sony,A7SIII,1357,400,245.0,36.687928285626,14.387422857108238,37.893529608725
Sony,A7SIII,1357,400,245.0,37.717702208807,14.791255768159605,38.006575486188
Sony,A7SIII,1357,400,245.0,38.747476131988,15.195088679210981,38.116309447629
Sony,A7SIII,1357,400,245.0,39.777250055169,15.598921590262352,38.222908399377
Sony,A7SIII,1357,400,245.0,40.80702397835,16.002754501313728,38.326535508613
Sony,A7SIII,1357,400,245.0,41.836797901531,16.4065874123651,38.427341589363
Sony,A7SIII,1357,400,245.0,42.866571824712,16.81042032341647,38.525466318054
Sony,A7SIII,1357,400,245.0,43.896345747893,17.214253234467844,38.621039303186
Sony,A7SIII,1357,400,245.0,44.926119671074,17.618086145519214,38.714181029621
Sony,A7SIII,1357,400,245.0,45.955893594255,18.02191905657059,38.805003694732
Sony,A7SIII,1357,400,245.0,46.985667517436,18.425751967621963,38.893611950927
Sony,A7SIII,1357,400,245.0,48.015441440617,18.829584878673334,38.980103566856
Sony,A7SIII,1357,400,245.0,49.045215363798,19.233417789724705,39.064570017754
Sony,A7SIII,1357,400,245.0,50.074989286979,19.637250700776075,39.147097013839
Sony,A7SIII,1357,400,245.0,51.10476321016,20.04108361182745,39.227764974414
Sony,A7SIII,1357,400,245.0,52.134537133341,20.444916522878824,39.306649454215
Sony,A7SIII,1357,400,245.0,53.164311056522,20.848749433930198,39.383821527678
Sony,A7SIII,1357,400,245.0,54.194084979703,21.25258234498157,39.459348136004
Sony,A7SIII,1357,400,245.0,55.223858902884,21.65641525603294,39.533292401262
Sony,A7SIII,1357,400,245.0,56.253632826065,22.060248167084314,39.605713911216
Sony,A7SIII,1357,400,245.0,57.283406749246,22.464081078135685,39.676668978095
Sony,A7SIII,1357,400,245.0,58.313180672427,22.86791398918706,39.746210874105
Sony,A7SIII,1357,400,245.0,59.342954595608,23.27174690023843,39.81439004616
Sony,A7SIII,1357,400,245.0,60.372728518789,23.675579811289804,39.881254311977
Sony,A7SIII,1357,400,245.0,61.40250244197,24.079412722341175,39.946849039463
Sony,A7SIII,1357,400,245.0,62.432276365151,24.48324563339255,40.011217311054
Sony,A7SIII,1357,400,245.0,63.462050288332,24.887078544443924,40.074400074506
Sony,A7SIII,1357,400,245.0,64.491824211513,25.290911455495298,40.13643628146
Sony,A7SIII,1357,400,245.0,65.521598134694,25.69474436654667,40.19736301494
Sony,A7SIII,1357,400,245.0,66.551372057875,26.09857727759804,40.257215606833
Sony,A7SIII,1357,400,245.0,67.581145981056,26.50241018864941,40.316027746289
Sony,A7SIII,1357,400,245.0,68.610919904237,26.906243099700784,40.373831579856
Sony,A7SIII,1357,400,245.0,69.640693827418,27.31007601075216,40.430657804103
Sony,A7SIII,1357,400,245.0,70.670467750599,27.713908921803533,40.486535751402
Sony,A7SIII,1357,400,245.0,71.70024167378,28.117741832854904,40.54149346945
Sony,A7SIII,1357,400,245.0,72.730015596961,28.521574743906275,40.595557795089
Sony,A7SIII,1357,400,245.0,73.759789520142,28.925407654957645,40.6487544229
Sony,A7SIII,1357,400,245.0,74.789563443323,29.329240566009023,40.701107969005
Sony,A7SIII,1357,400,245.0,75.819337366504,29.73307347706039,40.752642030482
Sony,A7SIII,1357,400,245.0,76.849111289685,30.13690638811176,40.803379240738
Sony,A7SIII,1357,400,245.0,77.878885212866,30.540739299163132,40.853341321184
Sony,A7SIII,1357,400,245.0,78.908659136047,30.94457221021451,40.902549129479
Sony,A7SIII,1357,400,245.0,79.938433059228,31.34840512126588,40.95102270464
Sony,A7SIII,1357,400,245.0,80.968206982409,31.752238032317255,40.998781309234
Sony,A7SIII,1357,400,245.0,81.99798090559,32.156070943368626,41.045843468901
Sony,A7SIII,1357,400,245.0,83.027754828771,32.55990385442,41.09222700938
Sony,A7SIII,1357,400,245.0,84.057528751952,32.963736765471374,41.137949091251
Sony,A7SIII,1357,400,245.0,85.087302675133,33.36756967652275,41.183026242543
Sony,A7SIII,1357,400,245.0,86.117076598314,33.771402587574116,41.227474389368
Sony,A7SIII,1357,400,245.0,87.146850521495,34.17523549862549,41.271308884729
Sony,A7SIII,1357,400,245.0,88.176624444676,34.579068409676864,41.31454453562
Sony,A7SIII,1357,400,245.0,89.206398367857,34.98290132072824,41.357195628546
Sony,A7SIII,1357,400,245.0,90.236172291038,35.38673423177961,41.399275953569
Sony,A7SIII,1357,400,245.0,91.265946214219,35.79056714283098,41.440798826983
Sony,A7SIII,1357,400,245.0,92.2957201374,36.194400053882354,41.481777112711
Sony,A7SIII,1357,400,245.0,93.325494060581,36.59823296493372,41.522223242504
Sony,A7SIII,1357,400,245.0,94.355267983762,37.0020658759851,41.562149235029
Sony,A7SIII,1357,400,245.0,95.385041906943,37.40589878703647,41.601566713911
Sony,A7SIII,1357,400,245.0,96.414815830124,37.809731698087845,41.640486924812
Sony,A7SIII,1357,400,245.0,97.444589753305,38.21356460913922,41.678920751582
Sony,A7SIII,1357,400,245.0,98.474363676486,38.617397520190586,41.716878731568
Sony,A7SIII,1357,400,245.0,99.504137599668,39.02123043124235,41.75437107012
Sony,A7SIII,1357,400,245.0,100.53391152285,39.42506334229412,41.791407654341
Sony,A7SIII,1357,400,245.0,101.56368544603,39.8288962533451,41.827998066142
Sony,A7SIII,1357,400,245.0,102.59345936921,40.232729164396076,41.864151594628
Sony,A7SIII,1357,400,245.0,103.62323329239,40.63656207544706,41.899877247863
Sony,A7SIII,1357,400,245.0,104.65300721557,41.04039498649804,41.935183764053
Sony,A7SIII,1357,400,245.0,105.68278113875,41.44422789754902,41.970079622177
Sony,A7SIII,1357,400,245.0,106.71255506193,41.8480608086,42.0045730521
Sony,A7SIII,1357,400,245.0,107.74232898512,42.2518937196549,42.038672044199
Sony,A7SIII,1357,400,245.0,108.7721029083,42.65572663070588,42.072384358527
Sony,A7SIII,1357,400,245.0,109.80187683148,43.05955954175686,42.105717533546
Sony,A7SIII,1357,400,245.0,110.83165075466,43.463392452807845,42.138678894446
Sony,A7SIII,1357,400,245.0,111.86142467784,43.86722536385882,42.171275561081
Sony,A7SIII,1357,400,245.0,112.89119860102,44.271058274909805,42.203514455542
Sony,A7SIII,1357,400,245.0,113.9209725242,44.67489118596079,42.235402309376
Sony,A7SIII,1357,400,245.0,114.95074644738,45.078724097011765,42.266945670488
Sony,A7SIII,1357,400,245.0,115.98052037056,45.48255700806275,42.298150909726
Sony,A7SIII,1357,400,245.0,117.01029429374,45.88638991911373,42.32902422718
Sony,A7SIII,1357,400,245.0,118.04006821693,46.290222830168624,42.359571658201
Sony,A7SIII,1357,400,245.0,119.06984214011,46.69405574121961,42.389799079157
Sony,A7SIII,1357,400,245.0,120.09961606329,47.09788865227058,42.419712212936
Sony,A7SIII,1357,400,245.0,121.12938998647,47.50172156332157,42.449316634226
Sony,A7SIII,1357,400,245.0,122.15916390965,47.90555447437255,42.478617774553
Sony,A7SIII,1357,400,245.0,123.18893783283,48.30938738542353,42.507620927123
Sony,A7SIII,1357,400,245.0,124.21871175601,48.71322029647451,42.536331251448
Sony,A7SIII,1357,400,245.0,125.24848567919,49.117053207525494,42.564753777788
Sony,A7SIII,1357,400,245.0,126.27825960237,49.52088611857647,42.592893411412
Sony,A7SIII,1357,400,245.0,127.30803352555,49.924719029627454,42.620754936677
Sony,A7SIII,1357,400,245.0,128.33780744874,50.32855194068235,42.648343020947
Sony,A7SIII,1357,400,245.0,129.36758137192,50.732384851733336,42.675662218359
Sony,A7SIII,1357,400,245.0,130.3973552951,51.136217762784305,42.702716973429
Sony,A7SIII,1357,400,245.0,131.42712921828,51.54005067383529,42.729511624524
Sony,A7SIII,1357,400,245.0,132.45690314146,51.94388358488627,42.756050407192
Sony,A7SIII,1357,400,245.0,133.48667706464,52.34771649593725,42.782337457372
Sony,A7SIII,1357,400,245.0,134.51645098782,52.75154940698824,42.808376814465
Sony,A7SIII,1357,400,245.0,135.546224911,53.155382318039216,42.834172424301
Sony,A7SIII,1357,400,245.0,136.57599883418,53.5592152290902,42.859728141987
Sony,A7SIII,1357,400,245.0,137.60577275736,53.963048140141176,42.88504773465
Sony,A7SIII,1357,400,245.0,138.63554668055,54.36688105119608,42.910134884072
Sony,A7SIII,1357,400,245.0,139.66532060373,54.770713962247065,42.934993189238
Sony,A7SIII,1357,400,245.0,140.69509452691,55.174546873298034,42.959626168776
Sony,A7SIII,1357,400,245.0,141.72486845009,55.57837978434903,42.984037263319
Sony,A7SIII,1357,400,245.0,142.75464237327,55.9822126954,43.008229837775
Sony,A7SIII,1357,400,245.0,143.78441629645,56.38604560645098,43.032207183518
Sony,A7SIII,1357,400,245.0,144.81419021963,56.78987851750197,43.055972520502
Sony,A7SIII,1357,400,245.0,145.84396414281,57.19371142855294,43.079528999292
Sony,A7SIII,1357,400,245.0,146.87373806599,57.59754433960392,43.102879703031
Sony,A7SIII,1357,400,245.0,147.90351198918,58.00137725065883,43.126027649337
Sony,A7SIII,1357,400,245.0,148.93328591236,58.405210161709796,43.148975792132
Sony,A7SIII,1357,400,245.0,149.96305983554,58.809043072760794,43.171727023406
Sony,A7SIII,1357,400,245.0,150.99283375872,59.21287598381176,43.194284174926
Sony,A7SIII,1357,400,245.0,152.0226076819,59.61670889486275,43.216650019879
Sony,A7SIII,1357,400,245.0,153.05238160508,60.02054180591373,43.238827274467
Sony,A7SIII,1357,400,245.0,154.08215552826,60.4243747169647,43.260818599446
Sony,A7SIII,1357,400,245.0,155.11192945144,60.82820762801568,43.282626601607
Sony,A7SIII,1357,400,245.0,156.14170337462,61.232040539066666,43.304253835219
Sony,A7SIII,1357,400,245.0,157.1714772978,61.63587345011765,43.325702803416
Sony,A7SIII,1357,400,245.0,158.20125122099,62.039706361172556,43.34697595954
Sony,A7SIII,1357,400,245.0,159.23102514417,62.443539272223525,43.368075708445
Sony,A7SIII,1357,400,245.0,160.26079906735,62.84737218327451,43.38900440775
Sony,A7SIII,1357,400,245.0,161.29057299053,63.25120509432549,43.409764369063
Sony,A7SIII,1357,400,245.0,162.32034691371,63.655038005376475,43.430357859154
Sony,A7SIII,1357,400,245.0,163.35012083689,64.05887091642745,43.450787101102
Sony,A7SIII,1357,400,245.0,164.37989476007,64.46270382747844,43.471054275396
Sony,A7SIII,1357,400,245.0,165.40966868325,64.86653673852942,43.491161521008
Sony,A7SIII,1357,400,245.0,166.43944260643,65.27036964958039,43.511110936429
Sony,A7SIII,1357,400,245.0,167.46921652961,65.67420256063137,43.530904580676
Sony,A7SIII,1357,400,245.0,168.4989904528,66.07803547168626,43.550544474266
Sony,A7SIII,1357,400,245.0,169.52876437598,66.48186838273725,43.57003260016
Sony,A7SIII,1357,400,245.0,170.55853829916,66.88570129378823,43.589370904679
Sony,A7SIII,1357,400,245.0,171.58831222234,67.28953420483921,43.608561298392
Sony,A7SIII,1357,400,245.0,172.61808614552,67.6933671158902,43.627605656979
Sony,A7SIII,1357,400,245.0,173.6478600687,68.09720002694118,43.646505822063
Sony,A7SIII,1357,400,245.0,174.67763399188,68.50103293799215,43.665263602026
Sony,A7SIII,1357,400,245.0,175.70740791506,68.90486584904313,43.683880772793
Sony,A7SIII,1357,400,245.0,176.73718183824,69.30869876009412,43.702359078595
Sony,A7SIII,1357,400,245.0,177.76695576142,69.7125316711451,43.720700232714
Sony,A7SIII,1357,400,245.0,178.79672968461,70.11636458219999,43.738905918201
Sony,A7SIII,1357,400,245.0,179.82650360779,70.52019749325098,43.756977788575
Sony,A7SIII,1357,400,245.0,180.85627753097,70.92403040430196,43.774917468503
Sony,A7SIII,1357,400,245.0,181.88605145415,71.32786331535293,43.792726554462
Sony,A7SIII,1357,400,245.0,182.91582537733,71.73169622640393,43.810406615376
Sony,A7SIII,1357,400,245.0,183.94559930051,72.1355291374549,43.827959193241
Sony,A7SIII,1357,400,245.0,184.97537322369,72.53936204850588,43.845385803735
Sony,A7SIII,1357,400,245.0,186.00514714687,72.94319495955686,43.8626879368
Sony,A7SIII,1357,400,245.0,187.03492107005,73.34702787060785,43.879867057219
Sony,A7SIII,1357,400,245.0,188.06469499323,73.75086078165882,43.896924605169
Sony,A7SIII,1357,400,245.0,189.09446891642,74.15469369271372,43.913861996769
Sony,A7SIII,1357,400,245.0,190.1242428396,74.55852660376469,43.930680624598
Sony,A7SIII,1357,400,245.0,191.15401676278,74.96235951481569,43.947381858217
Sony,A7SIII,1357,400,245.0,192.18379068596,75.36619242586666,43.963967044658
Sony,A7SIII,1357,400,245.0,193.21356460914,75.77002533691764,43.980437508917
Sony,A7SIII,1357,400,245.0,194.24333853232,76.17385824796862,43.996794554421
Sony,A7SIII,1357,400,245.0,195.2731124555,76.57769115901961,44.013039463492
Sony,A7SIII,1357,400,245.0,196.30288637868,76.98152407007058,44.029173497791
Sony,A7SIII,1357,400,245.0,197.33266030186,77.38535698112156,44.045197898756
Sony,A7SIII,1357,400,245.0,198.36243422504,77.78918989217254,44.061113888025
Sony,A7SIII,1357,400,245.0,199.39220814823,78.19302280322745,44.07692266785
Sony,A7SIII,1357,400,245.0,200.42198207141,78.59685571427843,44.092625421502
Sony,A7SIII,1357,400,245.0,201.45175599459,79.0006886253294,44.108223313659
Sony,A7SIII,1357,400,245.0,202.48152991777,79.40452153638039,44.123717490792
Sony,A7SIII,1357,400,245.0,203.51130384095,79.80835444743137,44.139109081535
Sony,A7SIII,1357,400,245.0,204.54107776413,80.21218735848234,44.154399197051
Sony,A7SIII,1357,400,245.0,205.57085168731,80.61602026953334,44.169588931381
Sony,A7SIII,1357,400,245.0,206.60062561049,81.0198531805843,44.184679361797
Sony,A7SIII,1357,400,245.0,207.63039953367,81.42368609163529,44.199671549129
Sony,A7SIII,1357,400,245.0,208.66017345685,81.82751900268627,44.214566538102
Sony,A7SIII,1357,400,245.0,209.68994738004,82.23135191374118,44.229365357648
Sony,A7SIII,1357,400,245.0,210.71972130322,82.63518482479216,44.244069021227
Sony,A7SIII,1357,400,245.0,211.7494952264,83.03901773584313,44.258678527121
Sony,A7SIII,1357,400,245.0,212.77926914958,83.44285064689412,44.27319485874
Sony,A7SIII,1357,400,245.0,213.80904307276,83.8466835579451,44.287618984909
Sony,A7SIII,1357,400,245.0,214.83881699594,84.25051646899607,44.301951860148
Sony,A7SIII,1357,400,245.0,215.86859091912,84.65434938004707,44.316194424952
Sony,A7SIII,1357,400,245.0,216.8983648423,85.05818229109803,44.330347606057
Sony,A7SIII,1357,400,245.0,217.92813876548,85.46201520214902,44.344412316708
Sony,A7SIII,1357,400,245.0,218.95791268866,85.8658481132,44.35838945691
Sony,A7SIII,1357,400,245.0,219.98768661185,86.2696810242549,44.372279913683
Sony,A7SIII,1357,400,245.0,221.01746053503,86.67351393530589,44.386084561306
Sony,A7SIII,1357,400,245.0,222.04723445821,87.07734684635686,44.399804261553
Sony,A7SIII,1357,400,245.0,223.07700838139,87.48117975740783,44.413439863931
Sony,A7SIII,1357,400,245.0,224.10678230457,87.88501266845883,44.426992205908
Sony,A7SIII,1357,400,245.0,225.13655622775,88.2888455795098,44.440462113132
Sony,A7SIII,1357,400,245.0,226.16633015093,88.69267849056078,44.453850399653
Sony,A7SIII,1357,400,245.0,227.19610407411,89.09651140161176,44.467157868132
Sony,A7SIII,1357,400,245.0,228.22587799729,89.50034431266275,44.480385310053
Sony,A7SIII,1357,400,245.0,229.25565192047,89.90417722371372,44.493533505924
Sony,A7SIII,1357,400,245.0,230.28542584366,90.30801013476862,44.506603225476
Sony,A7SIII,1357,400,245.0,231.31519976684,90.7118430458196,44.519595227859
Sony,A7SIII,1357,400,245.0,232.34497369002,91.11567595687059,44.532510261829
Sony,A7SIII,1357,400,245.0,233.3747476132,91.51950886792156,44.545349065935
Sony,A7SIII,1357,400,245.0,234.40452153638,91.92334177897254,44.558112368703
Sony,A7SIII,1357,400,245.0,235.43429545956,92.32717469002353,44.570800888809
Sony,A7SIII,1357,400,245.0,236.46406938274,92.73100760107451,44.583415335258
Sony,A7SIII,1357,400,245.0,237.49384330592,93.13484051212548,44.595956407548
Sony,A7SIII,1357,400,245.0,238.5236172291,93.53867342317648,44.608424795842
Sony,A7SIII,1357,400,245.0,239.55339115229,93.94250633423138,44.620821181128
Sony,A7SIII,1357,400,245.0,240.58316507547,94.34633924528235,44.633146235377
Sony,A7SIII,1357,400,245.0,241.61293899865,94.75017215633333,44.645400621701
Sony,A7SIII,1357,400,245.0,242.64271292183,95.15400506738432,44.657584994503
Sony,A7SIII,1357,400,245.0,243.67248684501,95.5578379784353,44.669699999631
Sony,A7SIII,1357,400,245.0,244.70226076819,95.96167088948627,44.681746274516
Sony,A7SIII,1357,400,245.0,245.73203469137,96.36550380053725,44.693724448322
Sony,A7SIII,1357,400,245.0,246.76180861455,96.76933671158824,44.705635142085
Sony,A7SIII,1357,400,245.0,247.79158253773,97.17316962263921,44.717478968843
Sony,A7SIII,1357,400,245.0,248.82135646091,97.5770025336902,44.729256533782
Sony,A7SIII,1357,400,245.0,249.8511303841,97.9808354447451,44.740968434356
Sony,A7SIII,1357,400,245.0,250.88090430728,98.38466835579608,44.752615260422
Sony,A7SIII,1357,400,245.0,251.91067823046,98.78850126684706,44.764197594365
Sony,A7SIII,1357,400,245.0,252.94045215364,99.19233417789803,44.77571601122
Sony,A7SIII,1357,400,245.0,253.97022607682,99.59616708894903,44.787171078794
Sony,A7SIII,1357,400,245.0,255,100.0,44.798563357785
Sony,A7SIII,1357,800,490.0,0.11064152778817,0.04338883442673334,0
Sony,A7SIII,1357,800,490.0,0.13634301976574,0.053467850888525494,1.7150929676232
Sony,A7SIII,1357,800,490.0,0.2727404266768,0.10695703006933333,7.245735362823
Sony,A7SIII,1357,800,490.0,0.548163870794,0.21496622384078432,12.4586849023
Sony,A7SIII,1357,800,490.0,1.076442871608,0.4221344594541176,17.044718599379
Sony,A7SIII,1357,800,490.0,2.2974541474869,0.9009624107791766,21.617051100271
Sony,A7SIII,1357,800,490.0,4.7649366670145,1.8686026145154904,25.515283099195
Sony,A7SIII,1357,800,490.0,5.7947105901955,2.2724355255668627,26.495685465017
Sony,A7SIII,1357,800,490.0,6.8244845133765,2.676268436618235,27.298180395451
Sony,A7SIII,1357,800,490.0,7.8542584365575,3.080101347669608,27.976444740445
Sony,A7SIII,1357,800,490.0,8.8840323597385,3.4839342587209803,28.563208412448
Sony,A7SIII,1357,800,490.0,9.9138062829195,3.8877671697723533,29.079852931115
Sony,A7SIII,1357,800,490.0,10.943580206101,4.291600080823922,29.541092735323
Sony,A7SIII,1357,800,490.0,11.973354129282,4.695432991875294,29.957475185421
Sony,A7SIII,1357,800,490.0,13.003128052463,5.099265902926667,30.336812470892
Sony,A7SIII,1357,800,490.0,14.032901975644,5.503098813978039,30.685048788832
Sony,A7SIII,1357,800,490.0,15.062675898825,5.906931725029412,31.006809980721
Sony,A7SIII,1357,800,490.0,16.092449822006,6.310764636080784,31.305765363528
Sony,A7SIII,1357,800,490.0,17.122223745187,6.714597547132158,31.584873688462
Sony,A7SIII,1357,800,490.0,18.151997668368,7.118430458183529,31.846554993719
Sony,A7SIII,1357,800,490.0,19.181771591549,7.522263369234902,32.092813574674
Sony,A7SIII,1357,800,490.0,20.21154551473,7.9260962802862736,32.325327830602
Sony,A7SIII,1357,800,490.0,21.241319437911,8.329929191337646,32.545517130068
Sony,A7SIII,1357,800,490.0,22.271093361092,8.73376210238902,32.754592394787
Sony,A7SIII,1357,800,490.0,23.300867284273,9.137595013440391,32.953594931459
Sony,A7SIII,1357,800,490.0,24.330641207454,9.541427924491765,33.143426637929
Sony,A7SIII,1357,800,490.0,25.360415130635,9.945260835543138,33.324873782014
Sony,A7SIII,1357,800,490.0,26.390189053816,10.34909374659451,33.498625925063
Sony,A7SIII,1357,800,490.0,27.419962976997,10.752926657645883,33.665291131786
Sony,A7SIII,1357,800,490.0,28.449736900178,11.156759568697254,33.825408306875
Sony,A7SIII,1357,800,490.0,29.479510823359,11.560592479748626,33.979457285302
Sony,A7SIII,1357,800,490.0,30.50928474654,11.9644253908,34.127867149359
Sony,A7SIII,1357,800,490.0,31.539058669721,12.368258301851373,34.271023133311
Sony,A7SIII,1357,800,490.0,32.568832592902,12.772091212902744,34.409272393759
Sony,A7SIII,1357,800,490.0,33.598606516083,13.175924123954118,34.542928861984
Sony,A7SIII,1357,800,490.0,34.628380439264,13.57975703500549,34.67227734799
Sony,A7SIII,1357,800,490.0,35.658154362445,13.983589946056865,34.79757703044
Sony,A7SIII,1357,800,490.0,36.687928285626,14.387422857108238,34.919064439481
Sony,A7SIII,1357,800,490.0,37.717702208807,14.791255768159605,35.0369560183
Sony,A7SIII,1357,800,490.0,38.747476131988,15.195088679210981,35.151450332804
Sony,A7SIII,1357,800,490.0,39.777250055169,15.598921590262352,35.262729985814
Sony,A7SIII,1357,800,490.0,40.80702397835,16.002754501313728,35.370963281949
Sony,A7SIII,1357,800,490.0,41.836797901531,16.4065874123651,35.476305681126
Sony,A7SIII,1357,800,490.0,42.866571824712,16.81042032341647,35.578901072071
Sony,A7SIII,1357,800,490.0,43.896345747893,17.214253234467844,35.678882891928
Sony,A7SIII,1357,800,490.0,44.926119671074,17.618086145519214,35.776375113741
Sony,A7SIII,1357,800,490.0,45.955893594255,18.02191905657059,35.871493120076
Sony,A7SIII,1357,800,490.0,46.985667517436,18.425751967621963,35.964344478172
Sony,A7SIII,1357,800,490.0,48.015441440617,18.829584878673334,36.055029629649
Sony,A7SIII,1357,800,490.0,49.045215363798,19.233417789724705,36.14364250581
Sony,A7SIII,1357,800,490.0,50.074989286979,19.637250700776075,36.230271077975
Sony,A7SIII,1357,800,490.0,51.10476321016,20.04108361182745,36.314997850893
Sony,A7SIII,1357,800,490.0,52.134537133341,20.444916522878824,36.397900306158
Sony,A7SIII,1357,800,490.0,53.164311056522,20.848749433930198,36.479051301585
Sony,A7SIII,1357,800,490.0,54.194084979703,21.25258234498157,36.558519431679
Sony,A7SIII,1357,800,490.0,55.223858902884,21.65641525603294,36.636369353677
Sony,A7SIII,1357,800,490.0,56.253632826065,22.060248167084314,36.712662083007
Sony,A7SIII,1357,800,490.0,57.283406749246,22.464081078135685,36.78745526157
Sony,A7SIII,1357,800,490.0,58.313180672427,22.86791398918706,36.860803401759
Sony,A7SIII,1357,800,490.0,59.342954595608,23.27174690023843,36.932758108832
Sony,A7SIII,1357,800,490.0,60.372728518789,23.675579811289804,37.003368283874
Sony,A7SIII,1357,800,490.0,61.40250244197,24.079412722341175,37.072680309364
Sony,A7SIII,1357,800,490.0,62.432276365151,24.48324563339255,37.140738219098
Sony,A7SIII,1357,800,490.0,63.462050288332,24.887078544443924,37.207583854023
Sony,A7SIII,1357,800,490.0,64.491824211513,25.290911455495298,37.273257005367
Sony,A7SIII,1357,800,490.0,65.521598134694,25.69474436654667,37.337795546277
Sony,A7SIII,1357,800,490.0,66.551372057875,26.09857727759804,37.401235553066
Sony,A7SIII,1357,800,490.0,67.581145981056,26.50241018864941,37.463611417025
Sony,A7SIII,1357,800,490.0,68.610919904237,26.906243099700784,37.524955947683
Sony,A7SIII,1357,800,490.0,69.640693827418,27.31007601075216,37.585300468271
Sony,A7SIII,1357,800,490.0,70.670467750599,27.713908921803533,37.644674904098
Sony,A7SIII,1357,800,490.0,71.70024167378,28.117741832854904,37.703107864456
Sony,A7SIII,1357,800,490.0,72.730015596961,28.521574743906275,37.760626718614
Sony,A7SIII,1357,800,490.0,73.759789520142,28.925407654957645,37.817257666408
Sony,A7SIII,1357,800,490.0,74.789563443323,29.329240566009023,37.873025803876
Sony,A7SIII,1357,800,490.0,75.819337366504,29.73307347706039,37.927955184362
Sony,A7SIII,1357,800,490.0,76.849111289685,30.13690638811176,37.982068875438
Sony,A7SIII,1357,800,490.0,77.878885212866,30.540739299163132,38.03538901201
Sony,A7SIII,1357,800,490.0,78.908659136047,30.94457221021451,38.087936845882
Sony,A7SIII,1357,800,490.0,79.938433059228,31.34840512126588,38.139732792083
Sony,A7SIII,1357,800,490.0,80.968206982409,31.752238032317255,38.190796472188
Sony,A7SIII,1357,800,490.0,81.99798090559,32.156070943368626,38.24114675488
Sony,A7SIII,1357,800,490.0,83.027754828771,32.55990385442,38.290801793946
Sony,A7SIII,1357,800,490.0,84.057528751952,32.963736765471374,38.339779063912
Sony,A7SIII,1357,800,490.0,85.087302675133,33.36756967652275,38.388095393483
Sony,A7SIII,1357,800,490.0,86.117076598314,33.771402587574116,38.435766996949
Sony,A7SIII,1357,800,490.0,87.146850521495,34.17523549862549,38.482809503712
Sony,A7SIII,1357,800,490.0,88.176624444676,34.579068409676864,38.529237986054
Sony,A7SIII,1357,800,490.0,89.206398367857,34.98290132072824,38.575066985281
Sony,A7SIII,1357,800,490.0,90.236172291038,35.38673423177961,38.620310536346
Sony,A7SIII,1357,800,490.0,91.265946214219,35.79056714283098,38.66498219107
Sony,A7SIII,1357,800,490.0,92.2957201374,36.194400053882354,38.709095040044
Sony,A7SIII,1357,800,490.0,93.325494060581,36.59823296493372,38.752661733295
Sony,A7SIII,1357,800,490.0,94.355267983762,37.0020658759851,38.795694499825
Sony,A7SIII,1357,800,490.0,95.385041906943,37.40589878703647,38.838205166063
Sony,A7SIII,1357,800,490.0,96.414815830124,37.809731698087845,38.880205173329
Sony,A7SIII,1357,800,490.0,97.444589753305,38.21356460913922,38.921705594351
Sony,A7SIII,1357,800,490.0,98.474363676486,38.617397520190586,38.962717148917
Sony,A7SIII,1357,800,490.0,99.504137599668,39.02123043124235,39.003250218694
Sony,A7SIII,1357,800,490.0,100.53391152285,39.42506334229412,39.043314861288
Sony,A7SIII,1357,800,490.0,101.56368544603,39.8288962533451,39.082920823574
Sony,A7SIII,1357,800,490.0,102.59345936921,40.232729164396076,39.122077554351
Sony,A7SIII,1357,800,490.0,103.62323329239,40.63656207544706,39.160794216355
Sony,A7SIII,1357,800,490.0,104.65300721557,41.04039498649804,39.199079697681
Sony,A7SIII,1357,800,490.0,105.68278113875,41.44422789754902,39.236942622631
Sony,A7SIII,1357,800,490.0,106.71255506193,41.8480608086,39.274391362043
Sony,A7SIII,1357,800,490.0,107.74232898512,42.2518937196549,39.311434043107
Sony,A7SIII,1357,800,490.0,108.7721029083,42.65572663070588,39.348078558719
Sony,A7SIII,1357,800,490.0,109.80187683148,43.05955954175686,39.384332576392
Sony,A7SIII,1357,800,490.0,110.83165075466,43.463392452807845,39.420203546736
Sony,A7SIII,1357,800,490.0,111.86142467784,43.86722536385882,39.455698711561
Sony,A7SIII,1357,800,490.0,112.89119860102,44.271058274909805,39.490825111584
Sony,A7SIII,1357,800,490.0,113.9209725242,44.67489118596079,39.525589593802
Sony,A7SIII,1357,800,490.0,114.95074644738,45.078724097011765,39.559998818523
Sony,A7SIII,1357,800,490.0,115.98052037056,45.48255700806275,39.594059266077
Sony,A7SIII,1357,800,490.0,117.01029429374,45.88638991911373,39.627777243234
Sony,A7SIII,1357,800,490.0,118.04006821693,46.290222830168624,39.66115888934
Sony,A7SIII,1357,800,490.0,119.06984214011,46.69405574121961,39.694210182174
Sony,A7SIII,1357,800,490.0,120.09961606329,47.09788865227058,39.726936943566
Sony,A7SIII,1357,800,490.0,121.12938998647,47.50172156332157,39.759344844759
Sony,A7SIII,1357,800,490.0,122.15916390965,47.90555447437255,39.791439411555
Sony,A7SIII,1357,800,490.0,123.18893783283,48.30938738542353,39.823226029229
Sony,A7SIII,1357,800,490.0,124.21871175601,48.71322029647451,39.854709947254
Sony,A7SIII,1357,800,490.0,125.24848567919,49.117053207525494,39.885896283813
Sony,A7SIII,1357,800,490.0,126.27825960237,49.52088611857647,39.916790030136
Sony,A7SIII,1357,800,490.0,127.30803352555,49.924719029627454,39.947396054658
Sony,A7SIII,1357,800,490.0,128.33780744874,50.32855194068235,39.977719107001
Sony,A7SIII,1357,800,490.0,129.36758137192,50.732384851733336,40.007763821806
Sony,A7SIII,1357,800,490.0,130.3973552951,51.136217762784305,40.037534722404
Sony,A7SIII,1357,800,490.0,131.42712921828,51.54005067383529,40.067036224347
Sony,A7SIII,1357,800,490.0,132.45690314146,51.94388358488627,40.096272638794
Sony,A7SIII,1357,800,490.0,133.48667706464,52.34771649593725,40.125248175775
Sony,A7SIII,1357,800,490.0,134.51645098782,52.75154940698824,40.153966947316
Sony,A7SIII,1357,800,490.0,135.546224911,53.155382318039216,40.182432970456
Sony,A7SIII,1357,800,490.0,136.57599883418,53.5592152290902,40.210650170139
Sony,A7SIII,1357,800,490.0,137.60577275736,53.963048140141176,40.238622382007
Sony,A7SIII,1357,800,490.0,138.63554668055,54.36688105119608,40.266353355074
Sony,A7SIII,1357,800,490.0,139.66532060373,54.770713962247065,40.293846754319
Sony,A7SIII,1357,800,490.0,140.69509452691,55.174546873298034,40.321106163163
Sony,A7SIII,1357,800,490.0,141.72486845009,55.57837978434903,40.348135085874
Sony,A7SIII,1357,800,490.0,142.75464237327,55.9822126954,40.374936949868
Sony,A7SIII,1357,800,490.0,143.78441629645,56.38604560645098,40.401515107938
Sony,A7SIII,1357,800,490.0,144.81419021963,56.78987851750197,40.4278728404
Sony,A7SIII,1357,800,490.0,145.84396414281,57.19371142855294,40.454013357159
Sony,A7SIII,1357,800,490.0,146.87373806599,57.59754433960392,40.479939799704
Sony,A7SIII,1357,800,490.0,147.90351198918,58.00137725065883,40.505655243036
Sony,A7SIII,1357,800,490.0,148.93328591236,58.405210161709796,40.531162697526
Sony,A7SIII,1357,800,490.0,149.96305983554,58.809043072760794,40.556465110705
Sony,A7SIII,1357,800,490.0,150.99283375872,59.21287598381176,40.581565369
Sony,A7SIII,1357,800,490.0,152.0226076819,59.61670889486275,40.606466299401
Sony,A7SIII,1357,800,490.0,153.05238160508,60.02054180591373,40.631170671086
Sony,A7SIII,1357,800,490.0,154.08215552826,60.4243747169647,40.655681196973
Sony,A7SIII,1357,800,490.0,155.11192945144,60.82820762801568,40.680000535233
Sony,A7SIII,1357,800,490.0,156.14170337462,61.232040539066666,40.704131290751
Sony,A7SIII,1357,800,490.0,157.1714772978,61.63587345011765,40.728076016531
Sony,A7SIII,1357,800,490.0,158.20125122099,62.039706361172556,40.751837215066
Sony,A7SIII,1357,800,490.0,159.23102514417,62.443539272223525,40.775417339652
Sony,A7SIII,1357,800,490.0,160.26079906735,62.84737218327451,40.798818795671
Sony,A7SIII,1357,800,490.0,161.29057299053,63.25120509432549,40.82204394182
Sony,A7SIII,1357,800,490.0,162.32034691371,63.655038005376475,40.845095091313
Sony,A7SIII,1357,800,490.0,163.35012083689,64.05887091642745,40.867974513037
Sony,A7SIII,1357,800,490.0,164.37989476007,64.46270382747844,40.890684432671
Sony,A7SIII,1357,800,490.0,165.40966868325,64.86653673852942,40.913227033777
Sony,A7SIII,1357,800,490.0,166.43944260643,65.27036964958039,40.935604458849
Sony,A7SIII,1357,800,490.0,167.46921652961,65.67420256063137,40.957818810333
Sony,A7SIII,1357,800,490.0,168.4989904528,66.07803547168626,40.979872151618
Sony,A7SIII,1357,800,490.0,169.52876437598,66.48186838273725,41.00176650799
Sony,A7SIII,1357,800,490.0,170.55853829916,66.88570129378823,41.023503867564
Sony,A7SIII,1357,800,490.0,171.58831222234,67.28953420483921,41.045086182183
Sony,A7SIII,1357,800,490.0,172.61808614552,67.6933671158902,41.066515368293
Sony,A7SIII,1357,800,490.0,173.6478600687,68.09720002694118,41.087793307791
Sony,A7SIII,1357,800,490.0,174.67763399188,68.50103293799215,41.108921848843
Sony,A7SIII,1357,800,490.0,175.70740791506,68.90486584904313,41.129902806688
Sony,A7SIII,1357,800,490.0,176.73718183824,69.30869876009412,41.150737964408
Sony,A7SIII,1357,800,490.0,177.76695576142,69.7125316711451,41.171429073684
Sony,A7SIII,1357,800,490.0,178.79672968461,70.11636458219999,41.191977855521
Sony,A7SIII,1357,800,490.0,179.82650360779,70.52019749325098,41.212386000962
Sony,A7SIII,1357,800,490.0,180.85627753097,70.92403040430196,41.232655171773
Sony,A7SIII,1357,800,490.0,181.88605145415,71.32786331535293,41.252787001115
Sony,A7SIII,1357,800,490.0,182.91582537733,71.73169622640393,41.272783094192
Sony,A7SIII,1357,800,490.0,183.94559930051,72.1355291374549,41.292645028884
Sony,A7SIII,1357,800,490.0,184.97537322369,72.53936204850588,41.312374356358
Sony,A7SIII,1357,800,490.0,186.00514714687,72.94319495955686,41.33197260167
Sony,A7SIII,1357,800,490.0,187.03492107005,73.34702787060785,41.351441264341
Sony,A7SIII,1357,800,490.0,188.06469499323,73.75086078165882,41.370781818923
Sony,A7SIII,1357,800,490.0,189.09446891642,74.15469369271372,41.389995715546
Sony,A7SIII,1357,800,490.0,190.1242428396,74.55852660376469,41.409084380456
Sony,A7SIII,1357,800,490.0,191.15401676278,74.96235951481569,41.42804921653
Sony,A7SIII,1357,800,490.0,192.18379068596,75.36619242586666,41.446891603781
Sony,A7SIII,1357,800,490.0,193.21356460914,75.77002533691764,41.465612899856
Sony,A7SIII,1357,800,490.0,194.24333853232,76.17385824796862,41.484214440505
Sony,A7SIII,1357,800,490.0,195.2731124555,76.57769115901961,41.502697540056
Sony,A7SIII,1357,800,490.0,196.30288637868,76.98152407007058,41.521063491862
Sony,A7SIII,1357,800,490.0,197.33266030186,77.38535698112156,41.539313568747
Sony,A7SIII,1357,800,490.0,198.36243422504,77.78918989217254,41.557449023431
Sony,A7SIII,1357,800,490.0,199.39220814823,78.19302280322745,41.575471088957
Sony,A7SIII,1357,800,490.0,200.42198207141,78.59685571427843,41.593380979089
Sony,A7SIII,1357,800,490.0,201.45175599459,79.0006886253294,41.611179888717
Sony,A7SIII,1357,800,490.0,202.48152991777,79.40452153638039,41.628868994244
Sony,A7SIII,1357,800,490.0,203.51130384095,79.80835444743137,41.646449453956
Sony,A7SIII,1357,800,490.0,204.54107776413,80.21218735848234,41.663922408401
Sony,A7SIII,1357,800,490.0,205.57085168731,80.61602026953334,41.681288980738
Sony,A7SIII,1357,800,490.0,206.60062561049,81.0198531805843,41.698550277092
Sony,A7SIII,1357,800,490.0,207.63039953367,81.42368609163529,41.715707386894
Sony,A7SIII,1357,800,490.0,208.66017345685,81.82751900268627,41.732761383212
Sony,A7SIII,1357,800,490.0,209.68994738004,82.23135191374118,41.749713323075
Sony,A7SIII,1357,800,490.0,210.71972130322,82.63518482479216,41.766564247791
Sony,A7SIII,1357,800,490.0,211.7494952264,83.03901773584313,41.783315183257
Sony,A7SIII,1357,800,490.0,212.77926914958,83.44285064689412,41.799967140253
Sony,A7SIII,1357,800,490.0,213.80904307276,83.8466835579451,41.816521114743
Sony,A7SIII,1357,800,490.0,214.83881699594,84.25051646899607,41.832978088159
Sony,A7SIII,1357,800,490.0,215.86859091912,84.65434938004707,41.849339027679
Sony,A7SIII,1357,800,490.0,216.8983648423,85.05818229109803,41.865604886502
Sony,A7SIII,1357,800,490.0,217.92813876548,85.46201520214902,41.881776604114
Sony,A7SIII,1357,800,490.0,218.95791268866,85.8658481132,41.897855106547
Sony,A7SIII,1357,800,490.0,219.98768661185,86.2696810242549,41.913841306636
Sony,A7SIII,1357,800,490.0,221.01746053503,86.67351393530589,41.929736104264
Sony,A7SIII,1357,800,490.0,222.04723445821,87.07734684635686,41.945540386605
Sony,A7SIII,1357,800,490.0,223.07700838139,87.48117975740783,41.961255028361
Sony,A7SIII,1357,800,490.0,224.10678230457,87.88501266845883,41.976880891995
Sony,A7SIII,1357,800,490.0,225.13655622775,88.2888455795098,41.992418827952
Sony,A7SIII,1357,800,490.0,226.16633015093,88.69267849056078,42.007869674887
Sony,A7SIII,1357,800,490.0,227.19610407411,89.09651140161176,42.023234259872
Sony,A7SIII,1357,800,490.0,228.22587799729,89.50034431266275,42.038513398615
Sony,A7SIII,1357,800,490.0,229.25565192047,89.90417722371372,42.053707895659
Sony,A7SIII,1357,800,490.0,230.28542584366,90.30801013476862,42.068818544588
Sony,A7SIII,1357,800,490.0,231.31519976684,90.7118430458196,42.083846128223
Sony,A7SIII,1357,800,490.0,232.34497369002,91.11567595687059,42.098791418812
Sony,A7SIII,1357,800,490.0,233.3747476132,91.51950886792156,42.113655178222
Sony,A7SIII,1357,800,490.0,234.40452153638,91.92334177897254,42.128438158118
Sony,A7SIII,1357,800,490.0,235.43429545956,92.32717469002353,42.14314110015
Sony,A7SIII,1357,800,490.0,236.46406938274,92.73100760107451,42.15776473612
Sony,A7SIII,1357,800,490.0,237.49384330592,93.13484051212548,42.172309788162
Sony,A7SIII,1357,800,490.0,238.5236172291,93.53867342317648,42.186776968908
Sony,A7SIII,1357,800,490.0,239.55339115229,93.94250633423138,42.20116698165
Sony,A7SIII,1357,800,490.0,240.58316507547,94.34633924528235,42.215480520506
Sony,A7SIII,1357,800,490.0,241.61293899865,94.75017215633333,42.229718270572
Sony,A7SIII,1357,800,490.0,242.64271292183,95.15400506738432,42.243880908083
Sony,A7SIII,1357,800,490.0,243.67248684501,95.5578379784353,42.257969100558
Sony,A7SIII,1357,800,490.0,244.70226076819,95.96167088948627,42.271983506953
Sony,A7SIII,1357,800,490.0,245.73203469137,96.36550380053725,42.2859247778
Sony,A7SIII,1357,800,490.0,246.76180861455,96.76933671158824,42.299793555357
Sony,A7SIII,1357,800,490.0,247.79158253773,97.17316962263921,42.313590473738
Sony,A7SIII,1357,800,490.0,248.82135646091,97.5770025336902,42.327316159055
Sony,A7SIII,1357,800,490.0,249.8511303841,97.9808354447451,42.340971229547
Sony,A7SIII,1357,800,490.0,250.88090430728,98.38466835579608,42.354556295715
Sony,A7SIII,1357,800,490.0,251.91067823046,98.78850126684706,42.368071960445
Sony,A7SIII,1357,800,490.0,252.94045215364,99.19233417789803,42.381518819134
Sony,A7SIII,1357,800,490.0,253.97022607682,99.59616708894903,42.394897459817
Sony,A7SIII,1357,800,490.0,255,100.0,42.40820846328
Sony,A7SIII,1357,1600,979.0,0.038977538387789,0.015285309171681962,0
Sony,A7SIII,1357,1600,979.0,0.057272649823845,0.02245986267601765,2.3531263267761
Sony,A7SIII,1357,1600,979.0,0.07680001020522,0.03011765106087059,4.0467624880959
Sony,A7SIII,1357,1600,979.0,0.11064152778817,0.04338883442673334,6.046515245241
Sony,A7SIII,1357,1600,979.0,0.13634301976574,0.053467850888525494,7.1436276703992
Sony,A7SIII,1357,1600,979.0,0.2727404266768,0.10695703006933333,10.594015231768
Sony,A7SIII,1357,1600,979.0,0.548163870794,0.21496622384078432,13.863292017926
Sony,A7SIII,1357,1600,979.0,1.076442871608,0.4221344594541176,16.91269904706
Sony,A7SIII,1357,1600,979.0,2.2974541474869,0.9009624107791766,20.267834016951
Sony,A7SIII,1357,1600,979.0,4.7649366670145,1.8686026145154904,23.456048925935
Sony,A7SIII,1357,1600,979.0,5.7947105901955,2.2724355255668627,24.306283754242
Sony,A7SIII,1357,1600,979.0,6.8244845133765,2.676268436618235,25.015582369644
Sony,A7SIII,1357,1600,979.0,7.8542584365575,3.080101347669608,25.623900951454
Sony,A7SIII,1357,1600,979.0,8.8840323597385,3.4839342587209803,26.156295625978
Sony,A7SIII,1357,1600,979.0,9.9138062829195,3.8877671697723533,26.629518298698
Sony,A7SIII,1357,1600,979.0,10.943580206101,4.291600080823922,27.05532383437
Sony,A7SIII,1357,1600,979.0,11.973354129282,4.695432991875294,27.442278967329
Sony,A7SIII,1357,1600,979.0,13.003128052463,5.099265902926667,27.796820202873
Sony,A7SIII,1357,1600,979.0,14.032901975644,5.503098813978039,28.123906342794
Sony,A7SIII,1357,1600,979.0,15.062675898825,5.906931725029412,28.427438839101
Sony,A7SIII,1357,1600,979.0,16.092449822006,6.310764636080784,28.710542552619
Sony,A7SIII,1357,1600,979.0,17.122223745187,6.714597547132158,28.97575909774
Sony,A7SIII,1357,1600,979.0,18.151997668368,7.118430458183529,29.225183526788
Sony,A7SIII,1357,1600,979.0,19.181771591549,7.522263369234902,29.460563180906
Sony,A7SIII,1357,1600,979.0,20.21154551473,7.9260962802862736,29.683370617444
Sony,A7SIII,1357,1600,979.0,21.241319437911,8.329929191337646,29.894858366925
Sony,A7SIII,1357,1600,979.0,22.271093361092,8.73376210238902,30.096100695411
Sony,A7SIII,1357,1600,979.0,23.300867284273,9.137595013440391,30.288025905746
Sony,A7SIII,1357,1600,979.0,24.330641207454,9.541427924491765,30.471441638622
Sony,A7SIII,1357,1600,979.0,25.360415130635,9.945260835543138,30.647054918543
Sony,A7SIII,1357,1600,979.0,26.390189053816,10.34909374659451,30.815488202405
Sony,A7SIII,1357,1600,979.0,27.419962976997,10.752926657645883,30.977292350663
Sony,A7SIII,1357,1600,979.0,28.449736900178,11.156759568697254,31.132957203147
Sony,A7SIII,1357,1600,979.0,29.479510823359,11.560592479748626,31.282920271474
Sony,A7SIII,1357,1600,979.0,30.50928474654,11.9644253908,31.427573936754
Sony,A7SIII,1357,1600,979.0,31.539058669721,12.368258301851373,31.56727145077
Sony,A7SIII,1357,1600,979.0,32.568832592902,12.772091212902744,31.702331971685
Sony,A7SIII,1357,1600,979.0,33.598606516083,13.175924123954118,31.833044814843
Sony,A7SIII,1357,1600,979.0,34.628380439264,13.57975703500549,31.959673061072
Sony,A7SIII,1357,1600,979.0,35.658154362445,13.983589946056865,32.08245663559
Sony,A7SIII,1357,1600,979.0,36.687928285626,14.387422857108238,32.201614948086
Sony,A7SIII,1357,1600,979.0,37.717702208807,14.791255768159605,32.317349166945
Sony,A7SIII,1357,1600,979.0,38.747476131988,15.195088679210981,32.429844186812
Sony,A7SIII,1357,1600,979.0,39.777250055169,15.598921590262352,32.539270337835
Sony,A7SIII,1357,1600,979.0,40.80702397835,16.002754501313728,32.645784876229
Sony,A7SIII,1357,1600,979.0,41.836797901531,16.4065874123651,32.749533288897
Sony,A7SIII,1357,1600,979.0,42.866571824712,16.81042032341647,32.850650439288
Sony,A7SIII,1357,1600,979.0,43.896345747893,17.214253234467844,32.949261577095
Sony,A7SIII,1357,1600,979.0,44.926119671074,17.618086145519214,33.045483230788
Sony,A7SIII,1357,1600,979.0,45.955893594255,18.02191905657059,33.139423998908
Sony,A7SIII,1357,1600,979.0,46.985667517436,18.425751967621963,33.231185253604
Sony,A7SIII,1357,1600,979.0,48.015441440617,18.829584878673334,33.320861767845
Sony,A7SIII,1357,1600,979.0,49.045215363798,19.233417789724705,33.408542276017
Sony,A7SIII,1357,1600,979.0,50.074989286979,19.637250700776075,33.494309976237
Sony,A7SIII,1357,1600,979.0,51.10476321016,20.04108361182745,33.578242981492
Sony,A7SIII,1357,1600,979.0,52.134537133341,20.444916522878824,33.660414725747
Sony,A7SIII,1357,1600,979.0,53.164311056522,20.848749433930198,33.740894330301
Sony,A7SIII,1357,1600,979.0,54.194084979703,21.25258234498157,33.819746934974
Sony,A7SIII,1357,1600,979.0,55.223858902884,21.65641525603294,33.897033998107
Sony,A7SIII,1357,1600,979.0,56.253632826065,22.060248167084314,33.972813568819
Sony,A7SIII,1357,1600,979.0,57.283406749246,22.464081078135685,34.047140534558
Sony,A7SIII,1357,1600,979.0,58.313180672427,22.86791398918706,34.120066846585
Sony,A7SIII,1357,1600,979.0,59.342954595608,23.27174690023843,34.191641725701
Sony,A7SIII,1357,1600,979.0,60.372728518789,23.675579811289804,34.261911850274
Sony,A7SIII,1357,1600,979.0,61.40250244197,24.079412722341175,34.33092152835
Sony,A7SIII,1357,1600,979.0,62.432276365151,24.48324563339255,34.398712855444
Sony,A7SIII,1357,1600,979.0,63.462050288332,24.887078544443924,34.465325859413
Sony,A7SIII,1357,1600,979.0,64.491824211513,25.290911455495298,34.530798633666
Sony,A7SIII,1357,1600,979.0,65.521598134694,25.69474436654667,34.595167459815
Sony,A7SIII,1357,1600,979.0,66.551372057875,26.09857727759804,34.658466920757
Sony,A7SIII,1357,1600,979.0,67.581145981056,26.50241018864941,34.720730005067
Sony,A7SIII,1357,1600,979.0,68.610919904237,26.906243099700784,34.781988203494
Sony,A7SIII,1357,1600,979.0,69.640693827418,27.31007601075216,34.842271598271
Sony,A7SIII,1357,1600,979.0,70.670467750599,27.713908921803533,34.901608945857
Sony,A7SIII,1357,1600,979.0,71.70024167378,28.117741832854904,34.960027753697
Sony,A7SIII,1357,1600,979.0,72.730015596961,28.521574743906275,35.017554351503
Sony,A7SIII,1357,1600,979.0,73.759789520142,28.925407654957645,35.074213957525
Sony,A7SIII,1357,1600,979.0,74.789563443323,29.329240566009023,35.130030740224
Sony,A7SIII,1357,1600,979.0,75.819337366504,29.73307347706039,35.185027875723
Sony,A7SIII,1357,1600,979.0,76.849111289685,30.13690638811176,35.239227601383
Sony,A7SIII,1357,1600,979.0,77.878885212866,30.540739299163132,35.292651265814
Sony,A7SIII,1357,1600,979.0,78.908659136047,30.94457221021451,35.345319375597
Sony,A7SIII,1357,1600,979.0,79.938433059228,31.34840512126588,35.397251638975
Sony,A7SIII,1357,1600,979.0,80.968206982409,31.752238032317255,35.448467006745
Sony,A7SIII,1357,1600,979.0,81.99798090559,32.156070943368626,35.498983710573
Sony,A7SIII,1357,1600,979.0,83.027754828771,32.55990385442,35.548819298907
Sony,A7SIII,1357,1600,979.0,84.057528751952,32.963736765471374,35.597990670679
Sony,A7SIII,1357,1600,979.0,85.087302675133,33.36756967652275,35.64651410696
Sony,A7SIII,1357,1600,979.0,86.117076598314,33.771402587574116,35.694405300698
Sony,A7SIII,1357,1600,979.0,87.146850521495,34.17523549862549,35.741679384703
Sony,A7SIII,1357,1600,979.0,88.176624444676,34.579068409676864,35.788350957971
Sony,A7SIII,1357,1600,979.0,89.206398367857,34.98290132072824,35.834434110495
Sony,A7SIII,1357,1600,979.0,90.236172291038,35.38673423177961,35.879942446639
Sony,A7SIII,1357,1600,979.0,91.265946214219,35.79056714283098,35.924889107194
Sony,A7SIII,1357,1600,979.0,92.2957201374,36.194400053882354,35.96928679019
Sony,A7SIII,1357,1600,979.0,93.325494060581,36.59823296493372,36.013147770555
Sony,A7SIII,1357,1600,979.0,94.355267983762,37.0020658759851,36.0564839187
Sony,A7SIII,1357,1600,979.0,95.385041906943,37.40589878703647,36.099306718083
Sony,A7SIII,1357,1600,979.0,96.414815830124,37.809731698087845,36.141627281843
Sony,A7SIII,1357,1600,979.0,97.444589753305,38.21356460913922,36.183456368543
Sony,A7SIII,1357,1600,979.0,98.474363676486,38.617397520190586,36.224804397083
Sony,A7SIII,1357,1600,979.0,99.504137599668,39.02123043124235,36.265681460844
Sony,A7SIII,1357,1600,979.0,100.53391152285,39.42506334229412,36.306097341095
Sony,A7SIII,1357,1600,979.0,101.56368544603,39.8288962533451,36.346061519727
Sony,A7SIII,1357,1600,979.0,102.59345936921,40.232729164396076,36.385583191337
Sony,A7SIII,1357,1600,979.0,103.62323329239,40.63656207544706,36.424671274706
Sony,A7SIII,1357,1600,979.0,104.65300721557,41.04039498649804,36.463334423719
Sony,A7SIII,1357,1600,979.0,105.68278113875,41.44422789754902,36.501581037742
Sony,A7SIII,1357,1600,979.0,106.71255506193,41.8480608086,36.539419271499
Sony,A7SIII,1357,1600,979.0,107.74232898512,42.2518937196549,36.576857044473
Sony,A7SIII,1357,1600,979.0,108.7721029083,42.65572663070588,36.613902049863
Sony,A7SIII,1357,1600,979.0,109.80187683148,43.05955954175686,36.650561763111
Sony,A7SIII,1357,1600,979.0,110.83165075466,43.463392452807845,36.686843450044
Sony,A7SIII,1357,1600,979.0,111.86142467784,43.86722536385882,36.722754174625
Sony,A7SIII,1357,1600,979.0,112.89119860102,44.271058274909805,36.75830080636
Sony,A7SIII,1357,1600,979.0,113.9209725242,44.67489118596079,36.793490027361
Sony,A7SIII,1357,1600,979.0,114.95074644738,45.078724097011765,36.828328339095
Sony,A7SIII,1357,1600,979.0,115.98052037056,45.48255700806275,36.862822068834
Sony,A7SIII,1357,1600,979.0,117.01029429374,45.88638991911373,36.896977375811
Sony,A7SIII,1357,1600,979.0,118.04006821693,46.290222830168624,36.930800257117
Sony,A7SIII,1357,1600,979.0,119.06984214011,46.69405574121961,36.964296553336
Sony,A7SIII,1357,1600,979.0,120.09961606329,47.09788865227058,36.997471953937
Sony,A7SIII,1357,1600,979.0,121.12938998647,47.50172156332157,37.030332002438
Sony,A7SIII,1357,1600,979.0,122.15916390965,47.90555447437255,37.062882101349
Sony,A7SIII,1357,1600,979.0,123.18893783283,48.30938738542353,37.09512751691
Sony,A7SIII,1357,1600,979.0,124.21871175601,48.71322029647451,37.127073383632
Sony,A7SIII,1357,1600,979.0,125.24848567919,49.117053207525494,37.158724708646
Sony,A7SIII,1357,1600,979.0,126.27825960237,49.52088611857647,37.190086375877
Sony,A7SIII,1357,1600,979.0,127.30803352555,49.924719029627454,37.221163150052
Sony,A7SIII,1357,1600,979.0,128.33780744874,50.32855194068235,37.25195968054
Sony,A7SIII,1357,1600,979.0,129.36758137192,50.732384851733336,37.28248050504
Sony,A7SIII,1357,1600,979.0,130.3973552951,51.136217762784305,37.312730053128
Sony,A7SIII,1357,1600,979.0,131.42712921828,51.54005067383529,37.342712649658
Sony,A7SIII,1357,1600,979.0,132.45690314146,51.94388358488627,37.372432518034
Sony,A7SIII,1357,1600,979.0,133.48667706464,52.34771649593725,37.401893783353
Sony,A7SIII,1357,1600,979.0,134.51645098782,52.75154940698824,37.431100475427
Sony,A7SIII,1357,1600,979.0,135.546224911,53.155382318039216,37.460056531697
Sony,A7SIII,1357,1600,979.0,136.57599883418,53.5592152290902,37.488765800022
Sony,A7SIII,1357,1600,979.0,137.60577275736,53.963048140141176,37.51723204138
Sony,A7SIII,1357,1600,979.0,138.63554668055,54.36688105119608,37.545458932455
Sony,A7SIII,1357,1600,979.0,139.66532060373,54.770713962247065,37.573450068136
Sony,A7SIII,1357,1600,979.0,140.69509452691,55.174546873298034,37.601208963921
Sony,A7SIII,1357,1600,979.0,141.72486845009,55.57837978434903,37.628739058232
Sony,A7SIII,1357,1600,979.0,142.75464237327,55.9822126954,37.656043714651
Sony,A7SIII,1357,1600,979.0,143.78441629645,56.38604560645098,37.683126224074
Sony,A7SIII,1357,1600,979.0,144.81419021963,56.78987851750197,37.709989806781
Sony,A7SIII,1357,1600,979.0,145.84396414281,57.19371142855294,37.736637614445
Sony,A7SIII,1357,1600,979.0,146.87373806599,57.59754433960392,37.763072732058
Sony,A7SIII,1357,1600,979.0,147.90351198918,58.00137725065883,37.789298179803
Sony,A7SIII,1357,1600,979.0,148.93328591236,58.405210161709796,37.815316914845
Sony,A7SIII,1357,1600,979.0,149.96305983554,58.809043072760794,37.841131833074
Sony,A7SIII,1357,1600,979.0,150.99283375872,59.21287598381176,37.866745770784
Sony,A7SIII,1357,1600,979.0,152.0226076819,59.61670889486275,37.89216150629
Sony,A7SIII,1357,1600,979.0,153.05238160508,60.02054180591373,37.917381761498
Sony,A7SIII,1357,1600,979.0,154.08215552826,60.4243747169647,37.942409203417
Sony,A7SIII,1357,1600,979.0,155.11192945144,60.82820762801568,37.967246445624
Sony,A7SIII,1357,1600,979.0,156.14170337462,61.232040539066666,37.991896049677
Sony,A7SIII,1357,1600,979.0,157.1714772978,61.63587345011765,38.016360526486
Sony,A7SIII,1357,1600,979.0,158.20125122099,62.039706361172556,38.040642337635
Sony,A7SIII,1357,1600,979.0,159.23102514417,62.443539272223525,38.064743896662
Sony,A7SIII,1357,1600,979.0,160.26079906735,62.84737218327451,38.088667570303
Sony,A7SIII,1357,1600,979.0,161.29057299053,63.25120509432549,38.112415679686
Sony,A7SIII,1357,1600,979.0,162.32034691371,63.655038005376475,38.135990501497
Sony,A7SIII,1357,1600,979.0,163.35012083689,64.05887091642745,38.159394269103
Sony,A7SIII,1357,1600,979.0,164.37989476007,64.46270382747844,38.182629173642
Sony,A7SIII,1357,1600,979.0,165.40966868325,64.86653673852942,38.205697365078
Sony,A7SIII,1357,1600,979.0,166.43944260643,65.27036964958039,38.228600953225
Sony,A7SIII,1357,1600,979.0,167.46921652961,65.67420256063137,38.251342008737
Sony,A7SIII,1357,1600,979.0,168.4989904528,66.07803547168626,38.27392256407
Sony,A7SIII,1357,1600,979.0,169.52876437598,66.48186838273725,38.296344614413
Sony,A7SIII,1357,1600,979.0,170.55853829916,66.88570129378823,38.318610118591
Sony,A7SIII,1357,1600,979.0,171.58831222234,67.28953420483921,38.34072099994
Sony,A7SIII,1357,1600,979.0,172.61808614552,67.6933671158902,38.36267914716
Sony,A7SIII,1357,1600,979.0,173.6478600687,68.09720002694118,38.384486415138
Sony,A7SIII,1357,1600,979.0,174.67763399188,68.50103293799215,38.406144625747
Sony,A7SIII,1357,1600,979.0,175.70740791506,68.90486584904313,38.427655568625
Sony,A7SIII,1357,1600,979.0,176.73718183824,69.30869876009412,38.449021001927
Sony,A7SIII,1357,1600,979.0,177.76695576142,69.7125316711451,38.47024265306
Sony,A7SIII,1357,1600,979.0,178.79672968461,70.11636458219999,38.49132221939
Sony,A7SIII,1357,1600,979.0,179.82650360779,70.52019749325098,38.512261368935
Sony,A7SIII,1357,1600,979.0,180.85627753097,70.92403040430196,38.533061741036
Sony,A7SIII,1357,1600,979.0,181.88605145415,71.32786331535293,38.553724947008
Sony,A7SIII,1357,1600,979.0,182.91582537733,71.73169622640393,38.574252570774
Sony,A7SIII,1357,1600,979.0,183.94559930051,72.1355291374549,38.594646169479
Sony,A7SIII,1357,1600,979.0,184.97537322369,72.53936204850588,38.614907274091
Sony,A7SIII,1357,1600,979.0,186.00514714687,72.94319495955686,38.635037389981
Sony,A7SIII,1357,1600,979.0,187.03492107005,73.34702787060785,38.655037997487
Sony,A7SIII,1357,1600,979.0,188.06469499323,73.75086078165882,38.67491055247
Sony,A7SIII,1357,1600,979.0,189.09446891642,74.15469369271372,38.694656486843
Sony,A7SIII,1357,1600,979.0,190.1242428396,74.55852660376469,38.714277209094
Sony,A7SIII,1357,1600,979.0,191.15401676278,74.96235951481569,38.733774104793
Sony,A7SIII,1357,1600,979.0,192.18379068596,75.36619242586666,38.753148537086
Sony,A7SIII,1357,1600,979.0,193.21356460914,75.77002533691764,38.77240184717
Sony,A7SIII,1357,1600,979.0,194.24333853232,76.17385824796862,38.791535354768
Sony,A7SIII,1357,1600,979.0,195.2731124555,76.57769115901961,38.810550358574
Sony,A7SIII,1357,1600,979.0,196.30288637868,76.98152407007058,38.829448136704
Sony,A7SIII,1357,1600,979.0,197.33266030186,77.38535698112156,38.848229947123
Sony,A7SIII,1357,1600,979.0,198.36243422504,77.78918989217254,38.866897028066
Sony,A7SIII,1357,1600,979.0,199.39220814823,78.19302280322745,38.885450598447
Sony,A7SIII,1357,1600,979.0,200.42198207141,78.59685571427843,38.903891858255
Sony,A7SIII,1357,1600,979.0,201.45175599459,79.0006886253294,38.922221988947
Sony,A7SIII,1357,1600,979.0,202.48152991777,79.40452153638039,38.940442153824
Sony,A7SIII,1357,1600,979.0,203.51130384095,79.80835444743137,38.958553498398
Sony,A7SIII,1357,1600,979.0,204.54107776413,80.21218735848234,38.976557150753
Sony,A7SIII,1357,1600,979.0,205.57085168731,80.61602026953334,38.994454221898
Sony,A7SIII,1357,1600,979.0,206.60062561049,81.0198531805843,39.012245806104
Sony,A7SIII,1357,1600,979.0,207.63039953367,81.42368609163529,39.029932981239
Sony,A7SIII,1357,1600,979.0,208.66017345685,81.82751900268627,39.047516809096
Sony,A7SIII,1357,1600,979.0,209.68994738004,82.23135191374118,39.064998335706
Sony,A7SIII,1357,1600,979.0,210.71972130322,82.63518482479216,39.082378591646
Sony,A7SIII,1357,1600,979.0,211.7494952264,83.03901773584313,39.099658592346
Sony,A7SIII,1357,1600,979.0,212.77926914958,83.44285064689412,39.11683933838
Sony,A7SIII,1357,1600,979.0,213.80904307276,83.8466835579451,39.133921815752
Sony,A7SIII,1357,1600,979.0,214.83881699594,84.25051646899607,39.15090699618
Sony,A7SIII,1357,1600,979.0,215.86859091912,84.65434938004707,39.167795837366
Sony,A7SIII,1357,1600,979.0,216.8983648423,85.05818229109803,39.184589283265
Sony,A7SIII,1357,1600,979.0,217.92813876548,85.46201520214902,39.201288264345
Sony,A7SIII,1357,1600,979.0,218.95791268866,85.8658481132,39.217893697842
Sony,A7SIII,1357,1600,979.0,219.98768661185,86.2696810242549,39.234406488008
Sony,A7SIII,1357,1600,979.0,221.01746053503,86.67351393530589,39.250827526357
Sony,A7SIII,1357,1600,979.0,222.04723445821,87.07734684635686,39.267157691895
Sony,A7SIII,1357,1600,979.0,223.07700838139,87.48117975740783,39.28339785136
Sony,A7SIII,1357,1600,979.0,224.10678230457,87.88501266845883,39.299548859444
Sony,A7SIII,1357,1600,979.0,225.13655622775,88.2888455795098,39.315611559014
Sony,A7SIII,1357,1600,979.0,226.16633015093,88.69267849056078,39.331586781327
Sony,A7SIII,1357,1600,979.0,227.19610407411,89.09651140161176,39.347475346247
Sony,A7SIII,1357,1600,979.0,228.22587799729,89.50034431266275,39.363278062445
Sony,A7SIII,1357,1600,979.0,229.25565192047,89.90417722371372,39.378995727604
Sony,A7SIII,1357,1600,979.0,230.28542584366,90.30801013476862,39.394629128615
Sony,A7SIII,1357,1600,979.0,231.31519976684,90.7118430458196,39.41017904177
Sony,A7SIII,1357,1600,979.0,232.34497369002,91.11567595687059,39.425646232953
Sony,A7SIII,1357,1600,979.0,233.3747476132,91.51950886792156,39.44103145782
Sony,A7SIII,1357,1600,979.0,234.40452153638,91.92334177897254,39.456335461982
Sony,A7SIII,1357,1600,979.0,235.43429545956,92.32717469002353,39.471558981183
Sony,A7SIII,1357,1600,979.0,236.46406938274,92.73100760107451,39.486702741469
Sony,A7SIII,1357,1600,979.0,237.49384330592,93.13484051212548,39.501767459358
Sony,A7SIII,1357,1600,979.0,238.5236172291,93.53867342317648,39.516753842006
Sony,A7SIII,1357,1600,979.0,239.55339115229,93.94250633423138,39.53166258737
Sony,A7SIII,1357,1600,979.0,240.58316507547,94.34633924528235,39.546494384359
Sony,A7SIII,1357,1600,979.0,241.61293899865,94.75017215633333,39.561249913
Sony,A7SIII,1357,1600,979.0,242.64271292183,95.15400506738432,39.57592984458
Sony,A7SIII,1357,1600,979.0,243.67248684501,95.5578379784353,39.590534841797
Sony,A7SIII,1357,1600,979.0,244.70226076819,95.96167088948627,39.605065558908
Sony,A7SIII,1357,1600,979.0,245.73203469137,96.36550380053725,39.619522641867
Sony,A7SIII,1357,1600,979.0,246.76180861455,96.76933671158824,39.633906728466
Sony,A7SIII,1357,1600,979.0,247.79158253773,97.17316962263921,39.648218448471
Sony,A7SIII,1357,1600,979.0,248.82135646091,97.5770025336902,39.662458423755
Sony,A7SIII,1357,1600,979.0,249.8511303841,97.9808354447451,39.676627268431
Sony,A7SIII,1357,1600,979.0,250.88090430728,98.38466835579608,39.690725588975
Sony,A7SIII,1357,1600,979.0,251.91067823046,98.78850126684706,39.704753984356
Sony,A7SIII,1357,1600,979.0,252.94045215364,99.19233417789803,39.718713046156
Sony,A7SIII,1357,1600,979.0,253.97022607682,99.59616708894903,39.732603358691
Sony,A7SIII,1357,1600,979.0,255,100.0,39.746425499129
Sony,A7SIII,1357,3200,1968.0,0.07680001020522,0.03011765106087059,0
Sony,A7SIII,1357,3200,1968.0,0.11064152778817,0.04338883442673334,2.1991754699682
Sony,A7SIII,1357,3200,1968.0,0.13634301976574,0.053467850888525494,3.3978201325338
Sony,A7SIII,1357,3200,1968.0,0.2727404266768,0.10695703006933333,7.1118740133775
Sony,A7SIII,1357,3200,1968.0,0.548163870794,0.21496622384078432,10.54419924298
Sony,A7SIII,1357,3200,1968.0,1.076442871608,0.4221344594541176,13.683058496217
Sony,A7SIII,1357,3200,1968.0,2.2974541474869,0.9009624107791766,17.09257968042
Sony,A7SIII,1357,3200,1968.0,4.7649366670145,1.8686026145154904,20.310603852171
Sony,A7SIII,1357,3200,1968.0,5.7947105901955,2.2724355255668627,21.167186465097
Sony,A7SIII,1357,3200,1968.0,6.8244845133765,2.676268436618235,21.881606787191
Sony,A7SIII,1357,3200,1968.0,7.8542584365575,3.080101347669608,22.494299021627
Sony,A7SIII,1357,3200,1968.0,8.8840323597385,3.4839342587209803,23.030576810576
Sony,A7SIII,1357,3200,1968.0,9.9138062829195,3.8877671697723533,23.507343070472
Sony,A7SIII,1357,3200,1968.0,10.943580206101,4.291600080823922,23.936447075314
Sony,A7SIII,1357,3200,1968.0,11.973354129282,4.695432991875294,24.326517615508
Sony,A7SIII,1357,3200,1968.0,13.003128052463,5.099265902926667,24.684033665705
Sony,A7SIII,1357,3200,1968.0,14.032901975644,5.503098813978039,25.013984073842
Sony,A7SIII,1357,3200,1968.0,15.062675898825,5.906931725029412,25.320292148735
Sony,A7SIII,1357,3200,1968.0,16.092449822006,6.310764636080784,25.606099031539
Sony,A7SIII,1357,3200,1968.0,17.122223745187,6.714597547132158,25.873958712981
Sony,A7SIII,1357,3200,1968.0,18.151997668368,7.118430458183529,26.125975822341
Sony,A7SIII,1357,3200,1968.0,19.181771591549,7.522263369234902,26.363905227977
Sony,A7SIII,1357,3200,1968.0,20.21154551473,7.9260962802862736,26.589225485714
Sony,A7SIII,1357,3200,1968.0,21.241319437911,8.329929191337646,26.803193965572
Sony,A7SIII,1357,3200,1968.0,22.271093361092,8.73376210238902,27.006888881528
Sony,A7SIII,1357,3200,1968.0,23.300867284273,9.137595013440391,27.201241789387
Sony,A7SIII,1357,3200,1968.0,24.330641207454,9.541427924491765,27.387063034633
Sony,A7SIII,1357,3200,1968.0,25.360415130635,9.945260835543138,27.565061909479
Sony,A7SIII,1357,3200,1968.0,26.390189053816,10.34909374659451,27.735862786577
Sony,A7SIII,1357,3200,1968.0,27.419962976997,10.752926657645883,27.900018156157
Sony,A7SIII,1357,3200,1968.0,28.449736900178,11.156759568697254,28.058019253512
Sony,A7SIII,1357,3200,1968.0,29.479510823359,11.560592479748626,28.210304792268
Sony,A7SIII,1357,3200,1968.0,30.50928474654,11.9644253908,28.357268194681
Sony,A7SIII,1357,3200,1968.0,31.539058669721,12.368258301851373,28.499263619041
Sony,A7SIII,1357,3200,1968.0,32.568832592902,12.772091212902744,28.636611016626
Sony,A7SIII,1357,3200,1968.0,33.598606516083,13.175924123954118,28.769600399854
Sony,A7SIII,1357,3200,1968.0,34.628380439264,13.57975703500549,28.89849546484
Sony,A7SIII,1357,3200,1968.0,35.658154362445,13.983589946056865,29.0235366821
Sony,A7SIII,1357,3200,1968.0,36.687928285626,14.387422857108238,29.144943946429
Sony,A7SIII,1357,3200,1968.0,37.717702208807,14.791255768159605,29.262918859333
Sony,A7SIII,1357,3200,1968.0,38.747476131988,15.195088679210981,29.377646703492
Sony,A7SIII,1357,3200,1968.0,39.777250055169,15.598921590262352,29.489298157824
Sony,A7SIII,1357,3200,1968.0,40.80702397835,16.002754501313728,29.598030792993
Sony,A7SIII,1357,3200,1968.0,41.836797901531,16.4065874123651,29.703990380255
Sony,A7SIII,1357,3200,1968.0,42.866571824712,16.81042032341647,29.80731204091
Sony,A7SIII,1357,3200,1968.0,43.896345747893,17.214253234467844,29.908121259116
Sony,A7SIII,1357,3200,1968.0,44.926119671074,17.618086145519214,30.006534777084
Sony,A7SIII,1357,3200,1968.0,45.955893594255,18.02191905657059,30.102661388699
Sony,A7SIII,1357,3200,1968.0,46.985667517436,18.425751967621963,30.196602645061
Sony,A7SIII,1357,3200,1968.0,48.015441440617,18.829584878673334,30.288453483451
Sony,A7SIII,1357,3200,1968.0,49.045215363798,19.233417789724705,30.378302789464
Sony,A7SIII,1357,3200,1968.0,50.074989286979,19.637250700776075,30.466233900663
Sony,A7SIII,1357,3200,1968.0,51.10476321016,20.04108361182745,30.552325058901
Sony,A7SIII,1357,3200,1968.0,52.134537133341,20.444916522878824,30.636649817469
Sony,A7SIII,1357,3200,1968.0,53.164311056522,20.848749433930198,30.719277408374
Sony,A7SIII,1357,3200,1968.0,54.194084979703,21.25258234498157,30.800273074342
Sony,A7SIII,1357,3200,1968.0,55.223858902884,21.65641525603294,30.879698369538
Sony,A7SIII,1357,3200,1968.0,56.253632826065,22.060248167084314,30.957611432474
Sony,A7SIII,1357,3200,1968.0,57.283406749246,22.464081078135685,31.034067234132
Sony,A7SIII,1357,3200,1968.0,58.313180672427,22.86791398918706,31.109117803962
Sony,A7SIII,1357,3200,1968.0,59.342954595608,23.27174690023843,31.182812436073
Sony,A7SIII,1357,3200,1968.0,60.372728518789,23.675579811289804,31.255197877671
Sony,A7SIII,1357,3200,1968.0,61.40250244197,24.079412722341175,31.326318501545
Sony,A7SIII,1357,3200,1968.0,62.432276365151,24.48324563339255,31.396216464188
Sony,A7SIII,1357,3200,1968.0,63.462050288332,24.887078544443924,31.464931850981
Sony,A7SIII,1357,3200,1968.0,64.491824211513,25.290911455495298,31.532502809671
Sony,A7SIII,1357,3200,1968.0,65.521598134694,25.69474436654667,31.598965673271
Sony,A7SIII,1357,3200,1968.0,66.551372057875,26.09857727759804,31.664355073369
Sony,A7SIII,1357,3200,1968.0,67.581145981056,26.50241018864941,31.728704044721
Sony,A7SIII,1357,3200,1968.0,68.610919904237,26.906243099700784,31.792044121943
Sony,A7SIII,1357,3200,1968.0,69.640693827418,27.31007601075216,31.854405428977
Sony,A7SIII,1357,3200,1968.0,70.670467750599,27.713908921803533,31.915816761998
Sony,A7SIII,1357,3200,1968.0,71.70024167378,28.117741832854904,31.976305666311
Sony,A7SIII,1357,3200,1968.0,72.730015596961,28.521574743906275,32.035898507764
Sony,A7SIII,1357,3200,1968.0,73.759789520142,28.925407654957645,32.094620539138
Sony,A7SIII,1357,3200,1968.0,74.789563443323,29.329240566009023,32.152495961922
Sony,A7SIII,1357,3200,1968.0,75.819337366504,29.73307347706039,32.209547983873
Sony,A7SIII,1357,3200,1968.0,76.849111289685,30.13690638811176,32.265798872682
Sony,A7SIII,1357,3200,1968.0,77.878885212866,30.540739299163132,32.321270006064
Sony,A7SIII,1357,3200,1968.0,78.908659136047,30.94457221021451,32.375981918564
Sony,A7SIII,1357,3200,1968.0,79.938433059228,31.34840512126588,32.429954345316
Sony,A7SIII,1357,3200,1968.0,80.968206982409,31.752238032317255,32.483206263007
Sony,A7SIII,1357,3200,1968.0,81.99798090559,32.156070943368626,32.535755928249
Sony,A7SIII,1357,3200,1968.0,83.027754828771,32.55990385442,32.587620913548
Sony,A7SIII,1357,3200,1968.0,84.057528751952,32.963736765471374,32.638818141064
Sony,A7SIII,1357,3200,1968.0,85.087302675133,33.36756967652275,32.68936391431
Sony,A7SIII,1357,3200,1968.0,86.117076598314,33.771402587574116,32.739273947939
Sony,A7SIII,1357,3200,1968.0,87.146850521495,34.17523549862549,32.788563395766
Sony,A7SIII,1357,3200,1968.0,88.176624444676,34.579068409676864,32.837246877141
Sony,A7SIII,1357,3200,1968.0,89.206398367857,34.98290132072824,32.885338501787
Sony,A7SIII,1357,3200,1968.0,90.236172291038,35.38673423177961,32.932851893211
Sony,A7SIII,1357,3200,1968.0,91.265946214219,35.79056714283098,32.979800210793
Sony,A7SIII,1357,3200,1968.0,92.2957201374,36.194400053882354,33.026196170628
Sony,A7SIII,1357,3200,1968.0,93.325494060581,36.59823296493372,33.072052065214
Sony,A7SIII,1357,3200,1968.0,94.355267983762,37.0020658759851,33.117379782055
Sony,A7SIII,1357,3200,1968.0,95.385041906943,37.40589878703647,33.16219082126
Sony,A7SIII,1357,3200,1968.0,96.414815830124,37.809731698087845,33.206496312195
Sony,A7SIII,1357,3200,1968.0,97.444589753305,38.21356460913922,33.250307029243
Sony,A7SIII,1357,3200,1968.0,98.474363676486,38.617397520190586,33.293633406743
Sony,A7SIII,1357,3200,1968.0,99.504137599668,39.02123043124235,33.33648555315
Sony,A7SIII,1357,3200,1968.0,100.53391152285,39.42506334229412,33.378873264464
Sony,A7SIII,1357,3200,1968.0,101.56368544603,39.8288962533451,33.420806036971
Sony,A7SIII,1357,3200,1968.0,102.59345936921,40.232729164396076,33.462293079351
Sony,A7SIII,1357,3200,1968.0,103.62323329239,40.63656207544706,33.503343324167
Sony,A7SIII,1357,3200,1968.0,104.65300721557,41.04039498649804,33.543965438801
Sony,A7SIII,1357,3200,1968.0,105.68278113875,41.44422789754902,33.584167835842
Sony,A7SIII,1357,3200,1968.0,106.71255506193,41.8480608086,33.623958682973
Sony,A7SIII,1357,3200,1968.0,107.74232898512,42.2518937196549,33.663345912388
Sony,A7SIII,1357,3200,1968.0,108.7721029083,42.65572663070588,33.702337229759
Sony,A7SIII,1357,3200,1968.0,109.80187683148,43.05955954175686,33.740940122771
Sony,A7SIII,1357,3200,1968.0,110.83165075466,43.463392452807845,33.779161869275
Sony,A7SIII,1357,3200,1968.0,111.86142467784,43.86722536385882,33.817009545049
Sony,A7SIII,1357,3200,1968.0,112.89119860102,44.271058274909805,33.854490031209
Sony,A7SIII,1357,3200,1968.0,113.9209725242,44.67489118596079,33.89161002129
Sony,A7SIII,1357,3200,1968.0,114.95074644738,45.078724097011765,33.928376027991
Sony,A7SIII,1357,3200,1968.0,115.98052037056,45.48255700806275,33.96479438964
Sony,A7SIII,1357,3200,1968.0,117.01029429374,45.88638991911373,34.000871276356
Sony,A7SIII,1357,3200,1968.0,118.04006821693,46.290222830168624,34.036612695951
Sony,A7SIII,1357,3200,1968.0,119.06984214011,46.69405574121961,34.07202449957
Sony,A7SIII,1357,3200,1968.0,120.09961606329,47.09788865227058,34.107112387093
Sony,A7SIII,1357,3200,1968.0,121.12938998647,47.50172156332157,34.141881912301
Sony,A7SIII,1357,3200,1968.0,122.15916390965,47.90555447437255,34.176338487826
Sony,A7SIII,1357,3200,1968.0,123.18893783283,48.30938738542353,34.210487389895
Sony,A7SIII,1357,3200,1968.0,124.21871175601,48.71322029647451,34.244333762873
Sony,A7SIII,1357,3200,1968.0,125.24848567919,49.117053207525494,34.277882623618
Sony,A7SIII,1357,3200,1968.0,126.27825960237,49.52088611857647,34.311138865662
Sony,A7SIII,1357,3200,1968.0,127.30803352555,49.924719029627454,34.344107263219
Sony,A7SIII,1357,3200,1968.0,128.33780744874,50.32855194068235,34.376792475031
Sony,A7SIII,1357,3200,1968.0,129.36758137192,50.732384851733336,34.409199048061
Sony,A7SIII,1357,3200,1968.0,130.3973552951,51.136217762784305,34.44133142104
Sony,A7SIII,1357,3200,1968.0,131.42712921828,51.54005067383529,34.473193927876
Sony,A7SIII,1357,3200,1968.0,132.45690314146,51.94388358488627,34.504790800924
Sony,A7SIII,1357,3200,1968.0,133.48667706464,52.34771649593725,34.536126174139
Sony,A7SIII,1357,3200,1968.0,134.51645098782,52.75154940698824,34.567204086095
Sony,A7SIII,1357,3200,1968.0,135.546224911,53.155382318039216,34.598028482903
Sony,A7SIII,1357,3200,1968.0,136.57599883418,53.5592152290902,34.628603221008
Sony,A7SIII,1357,3200,1968.0,137.60577275736,53.963048140141176,34.658932069883
Sony,A7SIII,1357,3200,1968.0,138.63554668055,54.36688105119608,34.689018714627
Sony,A7SIII,1357,3200,1968.0,139.66532060373,54.770713962247065,34.718866758464
Sony,A7SIII,1357,3200,1968.0,140.69509452691,55.174546873298034,34.748479725145
Sony,A7SIII,1357,3200,1968.0,141.72486845009,55.57837978434903,34.777861061273
Sony,A7SIII,1357,3200,1968.0,142.75464237327,55.9822126954,34.807014138536
Sony,A7SIII,1357,3200,1968.0,143.78441629645,56.38604560645098,34.835942255861
Sony,A7SIII,1357,3200,1968.0,144.81419021963,56.78987851750197,34.864648641494
Sony,A7SIII,1357,3200,1968.0,145.84396414281,57.19371142855294,34.893136455
Sony,A7SIII,1357,3200,1968.0,146.87373806599,57.59754433960392,34.921408789202
Sony,A7SIII,1357,3200,1968.0,147.90351198918,58.00137725065883,34.949468672045
Sony,A7SIII,1357,3200,1968.0,148.93328591236,58.405210161709796,34.977319068395
Sony,A7SIII,1357,3200,1968.0,149.96305983554,58.809043072760794,35.004962881783
Sony,A7SIII,1357,3200,1968.0,150.99283375872,59.21287598381176,35.03240295608
Sony,A7SIII,1357,3200,1968.0,152.0226076819,59.61670889486275,35.059642077123
Sony,A7SIII,1357,3200,1968.0,153.05238160508,60.02054180591373,35.08668297428
Sony,A7SIII,1357,3200,1968.0,154.08215552826,60.4243747169647,35.113528321971
Sony,A7SIII,1357,3200,1968.0,155.11192945144,60.82820762801568,35.140180741124
Sony,A7SIII,1357,3200,1968.0,156.14170337462,61.232040539066666,35.166642800598
Sony,A7SIII,1357,3200,1968.0,157.1714772978,61.63587345011765,35.192917018552
Sony,A7SIII,1357,3200,1968.0,158.20125122099,62.039706361172556,35.219005863766
Sony,A7SIII,1357,3200,1968.0,159.23102514417,62.443539272223525,35.244911756927
Sony,A7SIII,1357,3200,1968.0,160.26079906735,62.84737218327451,35.270637071869
Sony,A7SIII,1357,3200,1968.0,161.29057299053,63.25120509432549,35.296184136773
Sony,A7SIII,1357,3200,1968.0,162.32034691371,63.655038005376475,35.321555235328
Sony,A7SIII,1357,3200,1968.0,163.35012083689,64.05887091642745,35.346752607862
Sony,A7SIII,1357,3200,1968.0,164.37989476007,64.46270382747844,35.371778452426
Sony,A7SIII,1357,3200,1968.0,165.40966868325,64.86653673852942,35.396634925855
Sony,A7SIII,1357,3200,1968.0,166.43944260643,65.27036964958039,35.421324144793
Sony,A7SIII,1357,3200,1968.0,167.46921652961,65.67420256063137,35.445848186677
Sony,A7SIII,1357,3200,1968.0,168.4989904528,66.07803547168626,35.470209090709
Sony,A7SIII,1357,3200,1968.0,169.52876437598,66.48186838273725,35.494408858781
Sony,A7SIII,1357,3200,1968.0,170.55853829916,66.88570129378823,35.518449456382
Sony,A7SIII,1357,3200,1968.0,171.58831222234,67.28953420483921,35.542332813474
Sony,A7SIII,1357,3200,1968.0,172.61808614552,67.6933671158902,35.566060825343
Sony,A7SIII,1357,3200,1968.0,173.6478600687,68.09720002694118,35.589635353426
Sony,A7SIII,1357,3200,1968.0,174.67763399188,68.50103293799215,35.613058226108
Sony,A7SIII,1357,3200,1968.0,175.70740791506,68.90486584904313,35.636331239502
Sony,A7SIII,1357,3200,1968.0,176.73718183824,69.30869876009412,35.659456158205
Sony,A7SIII,1357,3200,1968.0,177.76695576142,69.7125316711451,35.682434716026
Sony,A7SIII,1357,3200,1968.0,178.79672968461,70.11636458219999,35.705268616705
Sony,A7SIII,1357,3200,1968.0,179.82650360779,70.52019749325098,35.727959534594
Sony,A7SIII,1357,3200,1968.0,180.85627753097,70.92403040430196,35.750509115339
Sony,A7SIII,1357,3200,1968.0,181.88605145415,71.32786331535293,35.772918976525
Sony,A7SIII,1357,3200,1968.0,182.91582537733,71.73169622640393,35.795190708311
Sony,A7SIII,1357,3200,1968.0,183.94559930051,72.1355291374549,35.817325874051
Sony,A7SIII,1357,3200,1968.0,184.97537322369,72.53936204850588,35.839326010885
Sony,A7SIII,1357,3200,1968.0,186.00514714687,72.94319495955686,35.861192630329
Sony,A7SIII,1357,3200,1968.0,187.03492107005,73.34702787060785,35.882927218835
Sony,A7SIII,1357,3200,1968.0,188.06469499323,73.75086078165882,35.904531238345
Sony,A7SIII,1357,3200,1968.0,189.09446891642,74.15469369271372,35.926006126828
Sony,A7SIII,1357,3200,1968.0,190.1242428396,74.55852660376469,35.947353298795
Sony,A7SIII,1357,3200,1968.0,191.15401676278,74.96235951481569,35.968574145813
Sony,A7SIII,1357,3200,1968.0,192.18379068596,75.36619242586666,35.989670036994
Sony,A7SIII,1357,3200,1968.0,193.21356460914,75.77002533691764,36.010642319477
Sony,A7SIII,1357,3200,1968.0,194.24333853232,76.17385824796862,36.031492318892
Sony,A7SIII,1357,3200,1968.0,195.2731124555,76.57769115901961,36.052221339823
Sony,A7SIII,1357,3200,1968.0,196.30288637868,76.98152407007058,36.07283066624
Sony,A7SIII,1357,3200,1968.0,197.33266030186,77.38535698112156,36.09332156194
Sony,A7SIII,1357,3200,1968.0,198.36243422504,77.78918989217254,36.113695270963
Sony,A7SIII,1357,3200,1968.0,199.39220814823,78.19302280322745,36.133953018002
Sony,A7SIII,1357,3200,1968.0,200.42198207141,78.59685571427843,36.1540960088
Sony,A7SIII,1357,3200,1968.0,201.45175599459,79.0006886253294,36.174125430541
Sony,A7SIII,1357,3200,1968.0,202.48152991777,79.40452153638039,36.194042452229
Sony,A7SIII,1357,3200,1968.0,203.51130384095,79.80835444743137,36.213848225056
Sony,A7SIII,1357,3200,1968.0,204.54107776413,80.21218735848234,36.23354388276
Sony,A7SIII,1357,3200,1968.0,205.57085168731,80.61602026953334,36.253130541978
Sony,A7SIII,1357,3200,1968.0,206.60062561049,81.0198531805843,36.272609302589
Sony,A7SIII,1357,3200,1968.0,207.63039953367,81.42368609163529,36.291981248045
Sony,A7SIII,1357,3200,1968.0,208.66017345685,81.82751900268627,36.311247445695
Sony,A7SIII,1357,3200,1968.0,209.68994738004,82.23135191374118,36.330408947107
Sony,A7SIII,1357,3200,1968.0,210.71972130322,82.63518482479216,36.349466788374
Sony,A7SIII,1357,3200,1968.0,211.7494952264,83.03901773584313,36.368421990416
Sony,A7SIII,1357,3200,1968.0,212.77926914958,83.44285064689412,36.387275559274
Sony,A7SIII,1357,3200,1968.0,213.80904307276,83.8466835579451,36.4060284864
Sony,A7SIII,1357,3200,1968.0,214.83881699594,84.25051646899607,36.424681748936
Sony,A7SIII,1357,3200,1968.0,215.86859091912,84.65434938004707,36.443236309987
Sony,A7SIII,1357,3200,1968.0,216.8983648423,85.05818229109803,36.461693118889
Sony,A7SIII,1357,3200,1968.0,217.92813876548,85.46201520214902,36.480053111472
Sony,A7SIII,1357,3200,1968.0,218.95791268866,85.8658481132,36.498317210311
Sony,A7SIII,1357,3200,1968.0,219.98768661185,86.2696810242549,36.516486324976
Sony,A7SIII,1357,3200,1968.0,221.01746053503,86.67351393530589,36.534561352277
Sony,A7SIII,1357,3200,1968.0,222.04723445821,87.07734684635686,36.552543176502
Sony,A7SIII,1357,3200,1968.0,223.07700838139,87.48117975740783,36.570432669643
Sony,A7SIII,1357,3200,1968.0,224.10678230457,87.88501266845883,36.58823069163
Sony,A7SIII,1357,3200,1968.0,225.13655622775,88.2888455795098,36.605938090546
Sony,A7SIII,1357,3200,1968.0,226.16633015093,88.69267849056078,36.623555702849
Sony,A7SIII,1357,3200,1968.0,227.19610407411,89.09651140161176,36.641084353579
Sony,A7SIII,1357,3200,1968.0,228.22587799729,89.50034431266275,36.658524856565
Sony,A7SIII,1357,3200,1968.0,229.25565192047,89.90417722371372,36.67587801463
Sony,A7SIII,1357,3200,1968.0,230.28542584366,90.30801013476862,36.693144619787
Sony,A7SIII,1357,3200,1968.0,231.31519976684,90.7118430458196,36.710325453429
Sony,A7SIII,1357,3200,1968.0,232.34497369002,91.11567595687059,36.727421286522
Sony,A7SIII,1357,3200,1968.0,233.3747476132,91.51950886792156,36.744432879788
Sony,A7SIII,1357,3200,1968.0,234.40452153638,91.92334177897254,36.761360983884
Sony,A7SIII,1357,3200,1968.0,235.43429545956,92.32717469002353,36.778206339581
Sony,A7SIII,1357,3200,1968.0,236.46406938274,92.73100760107451,36.794969677935
Sony,A7SIII,1357,3200,1968.0,237.49384330592,93.13484051212548,36.811651720456
Sony,A7SIII,1357,3200,1968.0,238.5236172291,93.53867342317648,36.828253179275
Sony,A7SIII,1357,3200,1968.0,239.55339115229,93.94250633423138,36.844774757302
Sony,A7SIII,1357,3200,1968.0,240.58316507547,94.34633924528235,36.861217148389
Sony,A7SIII,1357,3200,1968.0,241.61293899865,94.75017215633333,36.877581037482
Sony,A7SIII,1357,3200,1968.0,242.64271292183,95.15400506738432,36.893867100772
Sony,A7SIII,1357,3200,1968.0,243.67248684501,95.5578379784353,36.910076005845
Sony,A7SIII,1357,3200,1968.0,244.70226076819,95.96167088948627,36.926208411827
Sony,A7SIII,1357,3200,1968.0,245.73203469137,96.36550380053725,36.942264969525
Sony,A7SIII,1357,3200,1968.0,246.76180861455,96.76933671158824,36.958246321568
Sony,A7SIII,1357,3200,1968.0,247.79158253773,97.17316962263921,36.974153102541
Sony,A7SIII,1357,3200,1968.0,248.82135646091,97.5770025336902,36.989985939122
Sony,A7SIII,1357,3200,1968.0,249.8511303841,97.9808354447451,37.005745450207
Sony,A7SIII,1357,3200,1968.0,250.88090430728,98.38466835579608,37.021432247045
Sony,A7SIII,1357,3200,1968.0,251.91067823046,98.78850126684706,37.037046933357
Sony,A7SIII,1357,3200,1968.0,252.94045215364,99.19233417789803,37.052590105465
Sony,A7SIII,1357,3200,1968.0,253.97022607682,99.59616708894903,37.068062352407
Sony,A7SIII,1357,3200,1968.0,255,100.0,37.083464256056
Sony,A7SIII,1357,6400,4025.0,0.13634301976574,0.053467850888525494,0
Sony,A7SIII,1357,6400,4025.0,0.2727404266768,0.10695703006933333,3.8834484539441
Sony,A7SIII,1357,6400,4025.0,0.548163870794,0.21496622384078432,7.4291995080513
Sony,A7SIII,1357,6400,4025.0,1.076442871608,0.4221344594541176,10.632970833401
Sony,A7SIII,1357,6400,4025.0,2.2974541474869,0.9009624107791766,14.081939595215
Sony,A7SIII,1357,6400,4025.0,4.7649366670145,1.8686026145154904,17.319606498649
Sony,A7SIII,1357,6400,4025.0,5.7947105901955,2.2724355255668627,18.179745700093
Sony,A7SIII,1357,6400,4025.0,6.8244845133765,2.676268436618235,18.896784316724
Sony,A7SIII,1357,6400,4025.0,7.8542584365575,3.080101347669608,19.511522271959
Sony,A7SIII,1357,6400,4025.0,8.8840323597385,3.4839342587209803,20.04947065076
Sony,A7SIII,1357,6400,4025.0,9.9138062829195,3.8877671697723533,20.527648336274
Sony,A7SIII,1357,6400,4025.0,10.943580206101,4.291600080823922,20.957977190089
Sony,A7SIII,1357,6400,4025.0,11.973354129282,4.695432991875294,21.349133759855
Sony,A7SIII,1357,6400,4025.0,13.003128052463,5.099265902926667,21.707629728048
Sony,A7SIII,1357,6400,4025.0,14.032901975644,5.503098813978039,22.038477096191
Sony,A7SIII,1357,6400,4025.0,15.062675898825,5.906931725029412,22.345616023689
Sony,A7SIII,1357,6400,4025.0,16.092449822006,6.310764636080784,22.632200207469
Sony,A7SIII,1357,6400,4025.0,17.122223745187,6.714597547132158,22.900793185604
Sony,A7SIII,1357,6400,4025.0,18.151997668368,7.118430458183529,23.153506976459
Sony,A7SIII,1357,6400,4025.0,19.181771591549,7.522263369234902,23.392102256497
Sony,A7SIII,1357,6400,4025.0,20.21154551473,7.9260962802862736,23.618062210068
Sony,A7SIII,1357,6400,4025.0,21.241319437911,8.329929191337646,23.832647941151
Sony,A7SIII,1357,6400,4025.0,22.271093361092,8.73376210238902,24.036940709304
Sony,A7SIII,1357,6400,4025.0,23.300867284273,9.137595013440391,24.231874579202
Sony,A7SIII,1357,6400,4025.0,24.330641207454,9.541427924491765,24.418261981753
Sony,A7SIII,1357,6400,4025.0,25.360415130635,9.945260835543138,24.596813956887
Sony,A7SIII,1357,6400,4025.0,26.390189053816,10.34909374659451,24.768156352983
Sony,A7SIII,1357,6400,4025.0,27.419962976997,10.752926657645883,24.932842914958
Sony,A7SIII,1357,6400,4025.0,28.449736900178,11.156759568697254,25.091365951659
Sony,A7SIII,1357,6400,4025.0,29.479510823359,11.560592479748626,25.244165100699
Sony,A7SIII,1357,6400,4025.0,30.50928474654,11.9644253908,25.391634583932
Sony,A7SIII,1357,6400,4025.0,31.539058669721,12.368258301851373,25.534129255131
Sony,A7SIII,1357,6400,4025.0,32.568832592902,12.772091212902744,25.671969673355
Sony,A7SIII,1357,6400,4025.0,33.598606516083,13.175924123954118,25.805446384524
Sony,A7SIII,1357,6400,4025.0,34.628380439264,13.57975703500549,25.934823554994
Sony,A7SIII,1357,6400,4025.0,35.658154362445,13.983589946056865,26.060342071375
Sony,A7SIII,1357,6400,4025.0,36.687928285626,14.387422857108238,26.182222198001
Sony,A7SIII,1357,6400,4025.0,37.717702208807,14.791255768159605,26.3006658657
Sony,A7SIII,1357,6400,4025.0,38.747476131988,15.195088679210981,26.415858651593
Sony,A7SIII,1357,6400,4025.0,39.777250055169,15.598921590262352,26.527971498667
Sony,A7SIII,1357,6400,4025.0,40.80702397835,16.002754501313728,26.637162215108
Sony,A7SIII,1357,6400,4025.0,41.836797901531,16.4065874123651,26.743576786404
Sony,A7SIII,1357,6400,4025.0,42.866571824712,16.81042032341647,26.847350527599
Sony,A7SIII,1357,6400,4025.0,43.896345747893,17.214253234467844,26.948609098497
Sony,A7SIII,1357,6400,4025.0,44.926119671074,17.618086145519214,27.047469400936
Sony,A7SIII,1357,6400,4025.0,45.955893594255,18.02191905657059,27.144040374191
Sony,A7SIII,1357,6400,4025.0,46.985667517436,18.425751967621963,27.238423702086
Sony,A7SIII,1357,6400,4025.0,48.015441440617,18.829584878673334,27.330714443303
Sony,A7SIII,1357,6400,4025.0,49.045215363798,19.233417789724705,27.421001594711
Sony,A7SIII,1357,6400,4025.0,50.074989286979,19.637250700776075,27.509368596056
Sony,A7SIII,1357,6400,4025.0,51.10476321016,20.04108361182745,27.595893783197
Sony,A7SIII,1357,6400,4025.0,52.134537133341,20.444916522878824,27.680650796064
Sony,A7SIII,1357,6400,4025.0,53.164311056522,20.848749433930198,27.763708946643
Sony,A7SIII,1357,6400,4025.0,54.194084979703,21.25258234498157,27.845133551616
Sony,A7SIII,1357,6400,4025.0,55.223858902884,21.65641525603294,27.924986233639
Sony,A7SIII,1357,6400,4025.0,56.253632826065,22.060248167084314,28.003325194749
Sony,A7SIII,1357,6400,4025.0,57.283406749246,22.464081078135685,28.080205464936
Sony,A7SIII,1357,6400,4025.0,58.313180672427,22.86791398918706,28.155679128535
Sony,A7SIII,1357,6400,4025.0,59.342954595608,23.27174690023843,28.229795530777
Sony,A7SIII,1357,6400,4025.0,60.372728518789,23.675579811289804,28.302601466549
Sony,A7SIII,1357,6400,4025.0,61.40250244197,24.079412722341175,28.37414135316
Sony,A7SIII,1357,6400,4025.0,62.432276365151,24.48324563339255,28.444457388736
Sony,A7SIII,1357,6400,4025.0,63.462050288332,24.887078544443924,28.513589697623
Sony,A7SIII,1357,6400,4025.0,64.491824211513,25.290911455495298,28.581576464089
Sony,A7SIII,1357,6400,4025.0,65.521598134694,25.69474436654667,28.648454055411
Sony,A7SIII,1357,6400,4025.0,66.551372057875,26.09857727759804,28.714257135357
Sony,A7SIII,1357,6400,4025.0,67.581145981056,26.50241018864941,28.779018768941
Sony,A7SIII,1357,6400,4025.0,68.610919904237,26.906243099700784,28.842770519256
Sony,A7SIII,1357,6400,4025.0,69.640693827418,27.31007601075216,28.905542537075
Sony,A7SIII,1357,6400,4025.0,70.670467750599,27.713908921803533,28.967363643874
Sony,A7SIII,1357,6400,4025.0,71.70024167378,28.117741832854904,29.02826140884
Sony,A7SIII,1357,6400,4025.0,72.730015596961,28.521574743906275,29.088262220386
Sony,A7SIII,1357,6400,4025.0,73.759789520142,28.925407654957645,29.147391352629
Sony,A7SIII,1357,6400,4025.0,74.789563443323,29.329240566009023,29.205673027254
Sony,A7SIII,1357,6400,4025.0,75.819337366504,29.73307347706039,29.263130471149
Sony,A7SIII,1357,6400,4025.0,76.849111289685,30.13690638811176,29.319785970139
Sony,A7SIII,1357,6400,4025.0,77.878885212866,30.540739299163132,29.37566091915
Sony,A7SIII,1357,6400,4025.0,78.908659136047,30.94457221021451,29.430775869065
Sony,A7SIII,1357,6400,4025.0,79.938433059228,31.34840512126588,29.485150570549
Sony,A7SIII,1357,6400,4025.0,80.968206982409,31.752238032317255,29.538804015057
Sony,A7SIII,1357,6400,4025.0,81.99798090559,32.156070943368626,29.591754473254
Sony,A7SIII,1357,6400,4025.0,83.027754828771,32.55990385442,29.644019531034
Sony,A7SIII,1357,6400,4025.0,84.057528751952,32.963736765471374,29.695616123318
Sony,A7SIII,1357,6400,4025.0,85.087302675133,33.36756967652275,29.746560565784
Sony,A7SIII,1357,6400,4025.0,86.117076598314,33.771402587574116,29.796868584701
Sony,A7SIII,1357,6400,4025.0,87.146850521495,34.17523549862549,29.846555344978
Sony,A7SIII,1357,6400,4025.0,88.176624444676,34.579068409676864,29.895635476563
Sony,A7SIII,1357,6400,4025.0,89.206398367857,34.98290132072824,29.944123099315
Sony,A7SIII,1357,6400,4025.0,90.236172291038,35.38673423177961,29.992031846444
Sony,A7SIII,1357,6400,4025.0,91.265946214219,35.79056714283098,30.039374886616
Sony,A7SIII,1357,6400,4025.0,92.2957201374,36.194400053882354,30.086164944824
Sony,A7SIII,1357,6400,4025.0,93.325494060581,36.59823296493372,30.132414322095
Sony,A7SIII,1357,6400,4025.0,94.355267983762,37.0020658759851,30.178134914116
Sony,A7SIII,1357,6400,4025.0,95.385041906943,37.40589878703647,30.223338228848
Sony,A7SIII,1357,6400,4025.0,96.414815830124,37.809731698087845,30.268035403197
Sony,A7SIII,1357,6400,4025.0,97.444589753305,38.21356460913922,30.31223721879
Sony,A7SIII,1357,6400,4025.0,98.474363676486,38.617397520190586,30.355954116934
Sony,A7SIII,1357,6400,4025.0,99.504137599668,39.02123043124235,30.399196212781
Sony,A7SIII,1357,6400,4025.0,100.53391152285,39.42506334229412,30.441973308779
Sony,A7SIII,1357,6400,4025.0,101.56368544603,39.8288962533451,30.484294907421
Sony,A7SIII,1357,6400,4025.0,102.59345936921,40.232729164396076,30.526170223367
Sony,A7SIII,1357,6400,4025.0,103.62323329239,40.63656207544706,30.567608194947
Sony,A7SIII,1357,6400,4025.0,104.65300721557,41.04039498649804,30.608617495098
Sony,A7SIII,1357,6400,4025.0,105.68278113875,41.44422789754902,30.649206541773
Sony,A7SIII,1357,6400,4025.0,106.71255506193,41.8480608086,30.689383507832
Sony,A7SIII,1357,6400,4025.0,107.74232898512,42.2518937196549,30.729156330469
Sony,A7SIII,1357,6400,4025.0,108.7721029083,42.65572663070588,30.768532720184
Sony,A7SIII,1357,6400,4025.0,109.80187683148,43.05955954175686,30.807520169333
Sony,A7SIII,1357,6400,4025.0,110.83165075466,43.463392452807845,30.84612596028
Sony,A7SIII,1357,6400,4025.0,111.86142467784,43.86722536385882,30.884357173172
Sony,A7SIII,1357,6400,4025.0,112.89119860102,44.271058274909805,30.922220693354
Sony,A7SIII,1357,6400,4025.0,113.9209725242,44.67489118596079,30.959723218453
Sony,A7SIII,1357,6400,4025.0,114.95074644738,45.078724097011765,30.996871265138
Sony,A7SIII,1357,6400,4025.0,115.98052037056,45.48255700806275,31.033671175578
Sony,A7SIII,1357,6400,4025.0,117.01029429374,45.88638991911373,31.070129123622
Sony,A7SIII,1357,6400,4025.0,118.04006821693,46.290222830168624,31.106251120695
Sony,A7SIII,1357,6400,4025.0,119.06984214011,46.69405574121961,31.142043021452
Sony,A7SIII,1357,6400,4025.0,120.09961606329,47.09788865227058,31.177510529177
Sony,A7SIII,1357,6400,4025.0,121.12938998647,47.50172156332157,31.21265920096
Sony,A7SIII,1357,6400,4025.0,122.15916390965,47.90555447437255,31.247494452646
Sony,A7SIII,1357,6400,4025.0,123.18893783283,48.30938738542353,31.282021563586
Sony,A7SIII,1357,6400,4025.0,124.21871175601,48.71322029647451,31.316245681179
Sony,A7SIII,1357,6400,4025.0,125.24848567919,49.117053207525494,31.35017182524
Sony,A7SIII,1357,6400,4025.0,126.27825960237,49.52088611857647,31.383804892172
Sony,A7SIII,1357,6400,4025.0,127.30803352555,49.924719029627454,31.417149658989
Sony,A7SIII,1357,6400,4025.0,128.33780744874,50.32855194068235,31.450210787154
Sony,A7SIII,1357,6400,4025.0,129.36758137192,50.732384851733336,31.482992826285
Sony,A7SIII,1357,6400,4025.0,130.3973552951,51.136217762784305,31.515500217698
Sony,A7SIII,1357,6400,4025.0,131.42712921828,51.54005067383529,31.547737297822
Sony,A7SIII,1357,6400,4025.0,132.45690314146,51.94388358488627,31.579708301469
Sony,A7SIII,1357,6400,4025.0,133.48667706464,52.34771649593725,31.61141736499
Sony,A7SIII,1357,6400,4025.0,134.51645098782,52.75154940698824,31.642868529301
Sony,A7SIII,1357,6400,4025.0,135.546224911,53.155382318039216,31.674065742793
Sony,A7SIII,1357,6400,4025.0,136.57599883418,53.5592152290902,31.705012864141
Sony,A7SIII,1357,6400,4025.0,137.60577275736,53.963048140141176,31.735713664996
Sony,A7SIII,1357,6400,4025.0,138.63554668055,54.36688105119608,31.766171832585
Sony,A7SIII,1357,6400,4025.0,139.66532060373,54.770713962247065,31.796390972209
Sony,A7SIII,1357,6400,4025.0,140.69509452691,55.174546873298034,31.826374609654
Sony,A7SIII,1357,6400,4025.0,141.72486845009,55.57837978434903,31.856126193511
Sony,A7SIII,1357,6400,4025.0,142.75464237327,55.9822126954,31.885649097411
Sony,A7SIII,1357,6400,4025.0,143.78441629645,56.38604560645098,31.914946622186
Sony,A7SIII,1357,6400,4025.0,144.81419021963,56.78987851750197,31.944021997943
Sony,A7SIII,1357,6400,4025.0,145.84396414281,57.19371142855294,31.972878386072
Sony,A7SIII,1357,6400,4025.0,146.87373806599,57.59754433960392,32.001518881183
Sony,A7SIII,1357,6400,4025.0,147.90351198918,58.00137725065883,32.02994651297
Sony,A7SIII,1357,6400,4025.0,148.93328591236,58.405210161709796,32.058164248015
Sony,A7SIII,1357,6400,4025.0,149.96305983554,58.809043072760794,32.086174991528
Sony,A7SIII,1357,6400,4025.0,150.99283375872,59.21287598381176,32.113981589031
Sony,A7SIII,1357,6400,4025.0,152.0226076819,59.61670889486275,32.141586827977
Sony,A7SIII,1357,6400,4025.0,153.05238160508,60.02054180591373,32.168993439322
Sony,A7SIII,1357,6400,4025.0,154.08215552826,60.4243747169647,32.196204099038
Sony,A7SIII,1357,6400,4025.0,155.11192945144,60.82820762801568,32.223221429585
Sony,A7SIII,1357,6400,4025.0,156.14170337462,61.232040539066666,32.25004800132
Sony,A7SIII,1357,6400,4025.0,157.1714772978,61.63587345011765,32.276686333875
Sony,A7SIII,1357,6400,4025.0,158.20125122099,62.039706361172556,32.303138897478
Sony,A7SIII,1357,6400,4025.0,159.23102514417,62.443539272223525,32.329408114237
Sony,A7SIII,1357,6400,4025.0,160.26079906735,62.84737218327451,32.355496359385
Sony,A7SIII,1357,6400,4025.0,161.29057299053,63.25120509432549,32.381405962474
Sony,A7SIII,1357,6400,4025.0,162.32034691371,63.655038005376475,32.407139208546
Sony,A7SIII,1357,6400,4025.0,163.35012083689,64.05887091642745,32.432698339256
Sony,A7SIII,1357,6400,4025.0,164.37989476007,64.46270382747844,32.458085553962
Sony,A7SIII,1357,6400,4025.0,165.40966868325,64.86653673852942,32.483303010786
Sony,A7SIII,1357,6400,4025.0,166.43944260643,65.27036964958039,32.508352827635
Sony,A7SIII,1357,6400,4025.0,167.46921652961,65.67420256063137,32.533237083194
Sony,A7SIII,1357,6400,4025.0,168.4989904528,66.07803547168626,32.55795781789
Sony,A7SIII,1357,6400,4025.0,169.52876437598,66.48186838273725,32.582517034823
Sony,A7SIII,1357,6400,4025.0,170.55853829916,66.88570129378823,32.606916700672
Sony,A7SIII,1357,6400,4025.0,171.58831222234,67.28953420483921,32.631158746571
Sony,A7SIII,1357,6400,4025.0,172.61808614552,67.6933671158902,32.655245068962
Sony,A7SIII,1357,6400,4025.0,173.6478600687,68.09720002694118,32.679177530419
Sony,A7SIII,1357,6400,4025.0,174.67763399188,68.50103293799215,32.70295796045
Sony,A7SIII,1357,6400,4025.0,175.70740791506,68.90486584904313,32.726588156275
Sony,A7SIII,1357,6400,4025.0,176.73718183824,69.30869876009412,32.750069883581
Sony,A7SIII,1357,6400,4025.0,177.76695576142,69.7125316711451,32.773404877257
Sony,A7SIII,1357,6400,4025.0,178.79672968461,70.11636458219999,32.796594842101
Sony,A7SIII,1357,6400,4025.0,179.82650360779,70.52019749325098,32.819641453515
Sony,A7SIII,1357,6400,4025.0,180.85627753097,70.92403040430196,32.84254635818
Sony,A7SIII,1357,6400,4025.0,181.88605145415,71.32786331535293,32.8653111747
Sony,A7SIII,1357,6400,4025.0,182.91582537733,71.73169622640393,32.887937494245
Sony,A7SIII,1357,6400,4025.0,183.94559930051,72.1355291374549,32.910426881162
Sony,A7SIII,1357,6400,4025.0,184.97537322369,72.53936204850588,32.932780873576
Sony,A7SIII,1357,6400,4025.0,186.00514714687,72.94319495955686,32.955000983972
Sony,A7SIII,1357,6400,4025.0,187.03492107005,73.34702787060785,32.977088699764
Sony,A7SIII,1357,6400,4025.0,188.06469499323,73.75086078165882,32.999045483841
Sony,A7SIII,1357,6400,4025.0,189.09446891642,74.15469369271372,33.020872775109
Sony,A7SIII,1357,6400,4025.0,190.1242428396,74.55852660376469,33.042571989006
Sony,A7SIII,1357,6400,4025.0,191.15401676278,74.96235951481569,33.064144518014
Sony,A7SIII,1357,6400,4025.0,192.18379068596,75.36619242586666,33.08559173215
Sony,A7SIII,1357,6400,4025.0,193.21356460914,75.77002533691764,33.106914979449
Sony,A7SIII,1357,6400,4025.0,194.24333853232,76.17385824796862,33.128115586428
Sony,A7SIII,1357,6400,4025.0,195.2731124555,76.57769115901961,33.149194858544
Sony,A7SIII,1357,6400,4025.0,196.30288637868,76.98152407007058,33.170154080637
Sony,A7SIII,1357,6400,4025.0,197.33266030186,77.38535698112156,33.19099451736
Sony,A7SIII,1357,6400,4025.0,198.36243422504,77.78918989217254,33.211717413602
Sony,A7SIII,1357,6400,4025.0,199.39220814823,78.19302280322745,33.232323994895
Sony,A7SIII,1357,6400,4025.0,200.42198207141,78.59685571427843,33.252815467815
Sony,A7SIII,1357,6400,4025.0,201.45175599459,79.0006886253294,33.27319302037
Sony,A7SIII,1357,6400,4025.0,202.48152991777,79.40452153638039,33.293457822378
Sony,A7SIII,1357,6400,4025.0,203.51130384095,79.80835444743137,33.313611025838
Sony,A7SIII,1357,6400,4025.0,204.54107776413,80.21218735848234,33.333653765288
Sony,A7SIII,1357,6400,4025.0,205.57085168731,80.61602026953334,33.353587158158
Sony,A7SIII,1357,6400,4025.0,206.60062561049,81.0198531805843,33.373412305111
Sony,A7SIII,1357,6400,4025.0,207.63039953367,81.42368609163529,33.393130290375
Sony,A7SIII,1357,6400,4025.0,208.66017345685,81.82751900268627,33.412742182072
Sony,A7SIII,1357,6400,4025.0,209.68994738004,82.23135191374118,33.432249032532
Sony,A7SIII,1357,6400,4025.0,210.71972130322,82.63518482479216,33.451651878604
Sony,A7SIII,1357,6400,4025.0,211.7494952264,83.03901773584313,33.470951741959
Sony,A7SIII,1357,6400,4025.0,212.77926914958,83.44285064689412,33.490149629383
Sony,A7SIII,1357,6400,4025.0,213.80904307276,83.8466835579451,33.509246533063
Sony,A7SIII,1357,6400,4025.0,214.83881699594,84.25051646899607,33.528243430873
Sony,A7SIII,1357,6400,4025.0,215.86859091912,84.65434938004707,33.547141286642
Sony,A7SIII,1357,6400,4025.0,216.8983648423,85.05818229109803,33.565941050428
Sony,A7SIII,1357,6400,4025.0,217.92813876548,85.46201520214902,33.584643658771
Sony,A7SIII,1357,6400,4025.0,218.95791268866,85.8658481132,33.603250034954
Sony,A7SIII,1357,6400,4025.0,219.98768661185,86.2696810242549,33.62176108925
Sony,A7SIII,1357,6400,4025.0,221.01746053503,86.67351393530589,33.640177719166
Sony,A7SIII,1357,6400,4025.0,222.04723445821,87.07734684635686,33.658500809679
Sony,A7SIII,1357,6400,4025.0,223.07700838139,87.48117975740783,33.676731233468
Sony,A7SIII,1357,6400,4025.0,224.10678230457,87.88501266845883,33.694869851144
Sony,A7SIII,1357,6400,4025.0,225.13655622775,88.2888455795098,33.712917511465
Sony,A7SIII,1357,6400,4025.0,226.16633015093,88.69267849056078,33.730875051559
Sony,A7SIII,1357,6400,4025.0,227.19610407411,89.09651140161176,33.748743297132
Sony,A7SIII,1357,6400,4025.0,228.22587799729,89.50034431266275,33.766523062675
Sony,A7SIII,1357,6400,4025.0,229.25565192047,89.90417722371372,33.784215151667
Sony,A7SIII,1357,6400,4025.0,230.28542584366,90.30801013476862,33.801820356771
Sony,A7SIII,1357,6400,4025.0,231.31519976684,90.7118430458196,33.81933946003
Sony,A7SIII,1357,6400,4025.0,232.34497369002,91.11567595687059,33.83677323305
Sony,A7SIII,1357,6400,4025.0,233.3747476132,91.51950886792156,33.854122437193
Sony,A7SIII,1357,6400,4025.0,234.40452153638,91.92334177897254,33.87138782375
Sony,A7SIII,1357,6400,4025.0,235.43429545956,92.32717469002353,33.888570134121
Sony,A7SIII,1357,6400,4025.0,236.46406938274,92.73100760107451,33.905670099988
Sony,A7SIII,1357,6400,4025.0,237.49384330592,93.13484051212548,33.922688443484
Sony,A7SIII,1357,6400,4025.0,238.5236172291,93.53867342317648,33.939625877356
Sony,A7SIII,1357,6400,4025.0,239.55339115229,93.94250633423138,33.956483105129
Sony,A7SIII,1357,6400,4025.0,240.58316507547,94.34633924528235,33.973260821266
Sony,A7SIII,1357,6400,4025.0,241.61293899865,94.75017215633333,33.989959711317
Sony,A7SIII,1357,6400,4025.0,242.64271292183,95.15400506738432,34.006580452076
Sony,A7SIII,1357,6400,4025.0,243.67248684501,95.5578379784353,34.02312371173
Sony,A7SIII,1357,6400,4025.0,244.70226076819,95.96167088948627,34.039590149998
Sony,A7SIII,1357,6400,4025.0,245.73203469137,96.36550380053725,34.055980418281
Sony,A7SIII,1357,6400,4025.0,246.76180861455,96.76933671158824,34.072295159794
Sony,A7SIII,1357,6400,4025.0,247.79158253773,97.17316962263921,34.088535009709
Sony,A7SIII,1357,6400,4025.0,248.82135646091,97.5770025336902,34.104700595284
Sony,A7SIII,1357,6400,4025.0,249.8511303841,97.9808354447451,34.120792535995
Sony,A7SIII,1357,6400,4025.0,250.88090430728,98.38466835579608,34.136811443664
Sony,A7SIII,1357,6400,4025.0,251.91067823046,98.78850126684706,34.152757922586
Sony,A7SIII,1357,6400,4025.0,252.94045215364,99.19233417789803,34.168632569651
Sony,A7SIII,1357,6400,4025.0,253.97022607682,99.59616708894903,34.184435974462
Sony,A7SIII,1357,6400,4025.0,255,100.0,34.200168719456
Sony,A7SIII,1357,12800,7998.0,0.2727404266768,0.10695703006933333,0
Sony,A7SIII,1357,12800,7998.0,0.548163870794,0.21496622384078432,3.8898375964158
Sony,A7SIII,1357,12800,7998.0,1.076442871608,0.4221344594541176,7.3080140983319
Sony,A7SIII,1357,12800,7998.0,2.2974541474869,0.9009624107791766,10.894375990588
Sony,A7SIII,1357,12800,7998.0,4.7649366670145,1.8686026145154904,14.202732467559
Sony,A7SIII,1357,12800,7998.0,5.7947105901955,2.2724355255668627,15.075872651114
Sony,A7SIII,1357,12800,7998.0,6.8244845133765,2.676268436618235,15.802534202407
Sony,A7SIII,1357,12800,7998.0,7.8542584365575,3.080101347669608,16.424826298133
Sony,A7SIII,1357,12800,7998.0,8.8840323597385,3.4839342587209803,16.968969954431
Sony,A7SIII,1357,12800,7998.0,9.9138062829195,3.8877671697723533,17.45240238128
Sony,A7SIII,1357,12800,7998.0,10.943580206101,4.291600080823922,17.887307941375
Sony,A7SIII,1357,12800,7998.0,11.973354129282,4.695432991875294,18.282536232853
Sony,A7SIII,1357,12800,7998.0,13.003128052463,5.099265902926667,18.644717648956
Sony,A7SIII,1357,12800,7998.0,14.032901975644,5.503098813978039,18.978948338958
Sony,A7SIII,1357,12800,7998.0,15.062675898825,5.906931725029412,19.289229772542
Sony,A7SIII,1357,12800,7998.0,16.092449822006,6.310764636080784,19.578761374796
Sony,A7SIII,1357,12800,7998.0,17.122223745187,6.714597547132158,19.850141484449
Sony,A7SIII,1357,12800,7998.0,18.151997668368,7.118430458183529,20.105509073195
Sony,A7SIII,1357,12800,7998.0,19.181771591549,7.522263369234902,20.346646017428
Sony,A7SIII,1357,12800,7998.0,20.21154551473,7.9260962802862736,20.575052405432
Sony,A7SIII,1357,12800,7998.0,21.241319437911,8.329929191337646,20.792002984888
Sony,A7SIII,1357,12800,7998.0,22.271093361092,8.73376210238902,20.998590148698
Sony,A7SIII,1357,12800,7998.0,23.300867284273,9.137595013440391,21.195757136532
Sony,A7SIII,1357,12800,7998.0,24.330641207454,9.541427924491765,21.38432400843
Sony,A7SIII,1357,12800,7998.0,25.360415130635,9.945260835543138,21.565008200028
Sony,A7SIII,1357,12800,7998.0,26.390189053816,10.34909374659451,21.738440961598
Sony,A7SIII,1357,12800,7998.0,27.419962976997,10.752926657645883,21.905180631973
Sony,A7SIII,1357,12800,7998.0,28.449736900178,11.156759568697254,22.065723451583
Sony,A7SIII,1357,12800,7998.0,29.479510823359,11.560592479748626,22.220512442519
Sony,A7SIII,1357,12800,7998.0,30.50928474654,11.9644253908,22.369944756007
Sony,A7SIII,1357,12800,7998.0,31.539058669721,12.368258301851373,22.514377794099
Sony,A7SIII,1357,12800,7998.0,32.568832592902,12.772091212902744,22.654134343089
Sony,A7SIII,1357,12800,7998.0,33.598606516083,13.175924123954118,22.789506904112
Sony,A7SIII,1357,12800,7998.0,34.628380439264,13.57975703500549,22.920761367034
Sony,A7SIII,1357,12800,7998.0,35.658154362445,13.983589946056865,23.048140143621
Sony,A7SIII,1357,12800,7998.0,36.687928285626,14.387422857108238,23.171864852757
Sony,A7SIII,1357,12800,7998.0,37.717702208807,14.791255768159605,23.292138632435
Sony,A7SIII,1357,12800,7998.0,38.747476131988,15.195088679210981,23.409148139084
Sony,A7SIII,1357,12800,7998.0,39.777250055169,15.598921590262352,23.523065283638
Sony,A7SIII,1357,12800,7998.0,40.80702397835,16.002754501313728,23.63404874489
Sony,A7SIII,1357,12800,7998.0,41.836797901531,16.4065874123651,23.742245293534
Sony,A7SIII,1357,12800,7998.0,42.866571824712,16.81042032341647,23.847790954655
Sony,A7SIII,1357,12800,7998.0,43.896345747893,17.214253234467844,23.950812031721
Sony,A7SIII,1357,12800,7998.0,44.926119671074,17.618086145519214,24.051426011449
Sony,A7SIII,1357,12800,7998.0,45.955893594255,18.02191905657059,24.149742365778
Sony,A7SIII,1357,12800,7998.0,46.985667517436,18.425751967621963,24.245863264682
Sony,A7SIII,1357,12800,7998.0,48.015441440617,18.829584878673334,24.339884211467
Sony,A7SIII,1357,12800,7998.0,49.045215363798,19.233417789724705,24.431894610438
Sony,A7SIII,1357,12800,7998.0,50.074989286979,19.637250700776075,24.521978275407
Sony,A7SIII,1357,12800,7998.0,51.10476321016,20.04108361182745,24.61021388629
Sony,A7SIII,1357,12800,7998.0,52.134537133341,20.444916522878824,24.696675400009
Sony,A7SIII,1357,12800,7998.0,53.164311056522,20.848749433930198,24.781432421108
Sony,A7SIII,1357,12800,7998.0,54.194084979703,21.25258234498157,24.864550536696
Sony,A7SIII,1357,12800,7998.0,55.223858902884,21.65641525603294,24.946091619792
Sony,A7SIII,1357,12800,7998.0,56.253632826065,22.060248167084314,25.026114104562
Sony,A7SIII,1357,12800,7998.0,57.283406749246,22.464081078135685,25.104673236527
Sony,A7SIII,1357,12800,7998.0,58.313180672427,22.86791398918706,25.181821300415
Sony,A7SIII,1357,12800,7998.0,59.342954595608,23.27174690023843,25.25760782803
Sony,A7SIII,1357,12800,7998.0,60.372728518789,23.675579811289804,25.332079788177
Sony,A7SIII,1357,12800,7998.0,61.40250244197,24.079412722341175,25.405281760501
Sony,A7SIII,1357,12800,7998.0,62.432276365151,24.48324563339255,25.477256094819
Sony,A7SIII,1357,12800,7998.0,63.462050288332,24.887078544443924,25.548043057403
Sony,A7SIII,1357,12800,7998.0,64.491824211513,25.290911455495298,25.617680965446
Sony,A7SIII,1357,12800,7998.0,65.521598134694,25.69474436654667,25.686206310859
Sony,A7SIII,1357,12800,7998.0,66.551372057875,26.09857727759804,25.753653874396
Sony,A7SIII,1357,12800,7998.0,67.581145981056,26.50241018864941,25.820056830992
Sony,A7SIII,1357,12800,7998.0,68.610919904237,26.906243099700784,25.885446847117
Sony,A7SIII,1357,12800,7998.0,69.640693827418,27.31007601075216,25.949854170868
Sony,A7SIII,1357,12800,7998.0,70.670467750599,27.713908921803533,26.013307715427
Sony,A7SIII,1357,12800,7998.0,71.70024167378,28.117741832854904,26.075835136477
Sony,A7SIII,1357,12800,7998.0,72.730015596961,28.521574743906275,26.137462904081
Sony,A7SIII,1357,12800,7998.0,73.759789520142,28.925407654957645,26.198216369497
Sony,A7SIII,1357,12800,7998.0,74.789563443323,29.329240566009023,26.258119827356
Sony,A7SIII,1357,12800,7998.0,75.819337366504,29.73307347706039,26.317196573578
Sony,A7SIII,1357,12800,7998.0,76.849111289685,30.13690638811176,26.37546895937
Sony,A7SIII,1357,12800,7998.0,77.878885212866,30.540739299163132,26.432958441627
Sony,A7SIII,1357,12800,7998.0,78.908659136047,30.94457221021451,26.489685630016
Sony,A7SIII,1357,12800,7998.0,79.938433059228,31.34840512126588,26.545670331002
Sony,A7SIII,1357,12800,7998.0,80.968206982409,31.752238032317255,26.600931589045
Sony,A7SIII,1357,12800,7998.0,81.99798090559,32.156070943368626,26.655487725198
Sony,A7SIII,1357,12800,7998.0,83.027754828771,32.55990385442,26.709356373287
Sony,A7SIII,1357,12800,7998.0,84.057528751952,32.963736765471374,26.762554513854
Sony,A7SIII,1357,12800,7998.0,85.087302675133,33.36756967652275,26.815098506038
Sony,A7SIII,1357,12800,7998.0,86.117076598314,33.771402587574116,26.867004117527
Sony,A7SIII,1357,12800,7998.0,87.146850521495,34.17523549862549,26.91828655273
Sony,A7SIII,1357,12800,7998.0,88.176624444676,34.579068409676864,26.968960479293
Sony,A7SIII,1357,12800,7998.0,89.206398367857,34.98290132072824,27.019040053071
Sony,A7SIII,1357,12800,7998.0,90.236172291038,35.38673423177961,27.068538941662
Sony,A7SIII,1357,12800,7998.0,91.265946214219,35.79056714283098,27.117470346608
Sony,A7SIII,1357,12800,7998.0,92.2957201374,36.194400053882354,27.165847024348
Sony,A7SIII,1357,12800,7998.0,93.325494060581,36.59823296493372,27.213681306001
Sony,A7SIII,1357,12800,7998.0,94.355267983762,37.0020658759851,27.260985116072
Sony,A7SIII,1357,12800,7998.0,95.385041906943,37.40589878703647,27.307769990129
Sony,A7SIII,1357,12800,7998.0,96.414815830124,37.809731698087845,27.35404709154
Sony,A7SIII,1357,12800,7998.0,97.444589753305,38.21356460913922,27.399827227311
Sony,A7SIII,1357,12800,7998.0,98.474363676486,38.617397520190586,27.445120863098
Sony,A7SIII,1357,12800,7998.0,99.504137599668,39.02123043124235,27.489938137432
Sony,A7SIII,1357,12800,7998.0,100.53391152285,39.42506334229412,27.534288875209
Sony,A7SIII,1357,12800,7998.0,101.56368544603,39.8288962533451,27.578182600499
Sony,A7SIII,1357,12800,7998.0,102.59345936921,40.232729164396076,27.6216285487
Sony,A7SIII,1357,12800,7998.0,103.62323329239,40.63656207544706,27.664635678088
Sony,A7SIII,1357,12800,7998.0,104.65300721557,41.04039498649804,27.707212680795
Sony,A7SIII,1357,12800,7998.0,105.68278113875,41.44422789754902,27.749367993247
Sony,A7SIII,1357,12800,7998.0,106.71255506193,41.8480608086,27.7911098061
Sony,A7SIII,1357,12800,7998.0,107.74232898512,42.2518937196549,27.832446073689
Sony,A7SIII,1357,12800,7998.0,108.7721029083,42.65572663070588,27.873384523039
Sony,A7SIII,1357,12800,7998.0,109.80187683148,43.05955954175686,27.913932662438
Sony,A7SIII,1357,12800,7998.0,110.83165075466,43.463392452807845,27.954097789622
Sony,A7SIII,1357,12800,7998.0,111.86142467784,43.86722536385882,27.993886999569
Sony,A7SIII,1357,12800,7998.0,112.89119860102,44.271058274909805,28.033307191946
Sony,A7SIII,1357,12800,7998.0,113.9209725242,44.67489118596079,28.07236507821
Sony,A7SIII,1357,12800,7998.0,114.95074644738,45.078724097011765,28.111067188391
Sony,A7SIII,1357,12800,7998.0,115.98052037056,45.48255700806275,28.149419877575
Sony,A7SIII,1357,12800,7998.0,117.01029429374,45.88638991911373,28.187429332098
Sony,A7SIII,1357,12800,7998.0,118.04006821693,46.290222830168624,28.225101575465
Sony,A7SIII,1357,12800,7998.0,119.06984214011,46.69405574121961,28.262442474018
Sony,A7SIII,1357,12800,7998.0,120.09961606329,47.09788865227058,28.299457742355
Sony,A7SIII,1357,12800,7998.0,121.12938998647,47.50172156332157,28.336152948519
Sony,A7SIII,1357,12800,7998.0,122.15916390965,47.90555447437255,28.372533518967
Sony,A7SIII,1357,12800,7998.0,123.18893783283,48.30938738542353,28.408604743329
Sony,A7SIII,1357,12800,7998.0,124.21871175601,48.71322029647451,28.444371778972
Sony,A7SIII,1357,12800,7998.0,125.24848567919,49.117053207525494,28.479839655372
Sony,A7SIII,1357,12800,7998.0,126.27825960237,49.52088611857647,28.515013278306
Sony,A7SIII,1357,12800,7998.0,127.30803352555,49.924719029627454,28.549897433879
Sony,A7SIII,1357,12800,7998.0,128.33780744874,50.32855194068235,28.584496792382
Sony,A7SIII,1357,12800,7998.0,129.36758137192,50.732384851733336,28.618815912
Sony,A7SIII,1357,12800,7998.0,130.3973552951,51.136217762784305,28.652859242371
Sony,A7SIII,1357,12800,7998.0,131.42712921828,51.54005067383529,28.686631128008
Sony,A7SIII,1357,12800,7998.0,132.45690314146,51.94388358488627,28.720135811579
Sony,A7SIII,1357,12800,7998.0,133.48667706464,52.34771649593725,28.753377437071
Sony,A7SIII,1357,12800,7998.0,134.51645098782,52.75154940698824,28.786360052825
Sony,A7SIII,1357,12800,7998.0,135.546224911,53.155382318039216,28.819087614456
Sony,A7SIII,1357,12800,7998.0,136.57599883418,53.5592152290902,28.851563987664
Sony,A7SIII,1357,12800,7998.0,137.60577275736,53.963048140141176,28.883792950941
Sony,A7SIII,1357,12800,7998.0,138.63554668055,54.36688105119608,28.915778198169
Sony,A7SIII,1357,12800,7998.0,139.66532060373,54.770713962247065,28.947523341133
Sony,A7SIII,1357,12800,7998.0,140.69509452691,55.174546873298034,28.979031911932
Sony,A7SIII,1357,12800,7998.0,141.72486845009,55.57837978434903,29.010307365311
Sony,A7SIII,1357,12800,7998.0,142.75464237327,55.9822126954,29.041353080896
Sony,A7SIII,1357,12800,7998.0,143.78441629645,56.38604560645098,29.072172365363
Sony,A7SIII,1357,12800,7998.0,144.81419021963,56.78987851750197,29.10276845452
Sony,A7SIII,1357,12800,7998.0,145.84396414281,57.19371142855294,29.133144515315
Sony,A7SIII,1357,12800,7998.0,146.87373806599,57.59754433960392,29.163303647782
Sony,A7SIII,1357,12800,7998.0,147.90351198918,58.00137725065883,29.193248886907
Sony,A7SIII,1357,12800,7998.0,148.93328591236,58.405210161709796,29.222983204439
Sony,A7SIII,1357,12800,7998.0,149.96305983554,58.809043072760794,29.252509510633
Sony,A7SIII,1357,12800,7998.0,150.99283375872,59.21287598381176,29.281830655935
Sony,A7SIII,1357,12800,7998.0,152.0226076819,59.61670889486275,29.310949432612
Sony,A7SIII,1357,12800,7998.0,153.05238160508,60.02054180591373,29.339868576321
Sony,A7SIII,1357,12800,7998.0,154.08215552826,60.4243747169647,29.368590767631
Sony,A7SIII,1357,12800,7998.0,155.11192945144,60.82820762801568,29.397118633493
Sony,A7SIII,1357,12800,7998.0,156.14170337462,61.232040539066666,29.425454748659
Sony,A7SIII,1357,12800,7998.0,157.1714772978,61.63587345011765,29.453601637056
Sony,A7SIII,1357,12800,7998.0,158.20125122099,62.039706361172556,29.481561773115
Sony,A7SIII,1357,12800,7998.0,159.23102514417,62.443539272223525,29.509337583058
Sony,A7SIII,1357,12800,7998.0,160.26079906735,62.84737218327451,29.536931446142
Sony,A7SIII,1357,12800,7998.0,161.29057299053,63.25120509432549,29.56434569586
Sony,A7SIII,1357,12800,7998.0,162.32034691371,63.655038005376475,29.591582621113
Sony,A7SIII,1357,12800,7998.0,163.35012083689,64.05887091642745,29.618644467334
Sony,A7SIII,1357,12800,7998.0,164.37989476007,64.46270382747844,29.645533437585
Sony,A7SIII,1357,12800,7998.0,165.40966868325,64.86653673852942,29.672251693614
Sony,A7SIII,1357,12800,7998.0,166.43944260643,65.27036964958039,29.698801356882
Sony,A7SIII,1357,12800,7998.0,167.46921652961,65.67420256063137,29.725184509561
Sony,A7SIII,1357,12800,7998.0,168.4989904528,66.07803547168626,29.751403195493
Sony,A7SIII,1357,12800,7998.0,169.52876437598,66.48186838273725,29.777459421129
Sony,A7SIII,1357,12800,7998.0,170.55853829916,66.88570129378823,29.803355156434
Sony,A7SIII,1357,12800,7998.0,171.58831222234,67.28953420483921,29.829092335768
Sony,A7SIII,1357,12800,7998.0,172.61808614552,67.6933671158902,29.854672858736
Sony,A7SIII,1357,12800,7998.0,173.6478600687,68.09720002694118,29.880098591017
Sony,A7SIII,1357,12800,7998.0,174.67763399188,68.50103293799215,29.905371365168
Sony,A7SIII,1357,12800,7998.0,175.70740791506,68.90486584904313,29.930492981402
Sony,A7SIII,1357,12800,7998.0,176.73718183824,69.30869876009412,29.955465208346
Sony,A7SIII,1357,12800,7998.0,177.76695576142,69.7125316711451,29.980289783776
Sony,A7SIII,1357,12800,7998.0,178.79672968461,70.11636458219999,30.004968415326
Sony,A7SIII,1357,12800,7998.0,179.82650360779,70.52019749325098,30.029502781187
Sony,A7SIII,1357,12800,7998.0,180.85627753097,70.92403040430196,30.053894530778
Sony,A7SIII,1357,12800,7998.0,181.88605145415,71.32786331535293,30.078145285397
Sony,A7SIII,1357,12800,7998.0,182.91582537733,71.73169622640393,30.102256638862
Sony,A7SIII,1357,12800,7998.0,183.94559930051,72.1355291374549,30.126230158123
Sony,A7SIII,1357,12800,7998.0,184.97537322369,72.53936204850588,30.150067383866
Sony,A7SIII,1357,12800,7998.0,186.00514714687,72.94319495955686,30.173769831096
Sony,A7SIII,1357,12800,7998.0,187.03492107005,73.34702787060785,30.197338989705
Sony,A7SIII,1357,12800,7998.0,188.06469499323,73.75086078165882,30.220776325022
Sony,A7SIII,1357,12800,7998.0,189.09446891642,74.15469369271372,30.244083278352
Sony,A7SIII,1357,12800,7998.0,190.1242428396,74.55852660376469,30.267261267499
Sony,A7SIII,1357,12800,7998.0,191.15401676278,74.96235951481569,30.29031168727
Sony,A7SIII,1357,12800,7998.0,192.18379068596,75.36619242586666,30.313235909976
Sony,A7SIII,1357,12800,7998.0,193.21356460914,75.77002533691764,30.336035285906
Sony,A7SIII,1357,12800,7998.0,194.24333853232,76.17385824796862,30.358711143802
Sony,A7SIII,1357,12800,7998.0,195.2731124555,76.57769115901961,30.381264791312
Sony,A7SIII,1357,12800,7998.0,196.30288637868,76.98152407007058,30.403697515434
Sony,A7SIII,1357,12800,7998.0,197.33266030186,77.38535698112156,30.426010582948
Sony,A7SIII,1357,12800,7998.0,198.36243422504,77.78918989217254,30.448205240842
Sony,A7SIII,1357,12800,7998.0,199.39220814823,78.19302280322745,30.470282716714
Sony,A7SIII,1357,12800,7998.0,200.42198207141,78.59685571427843,30.492244219179
Sony,A7SIII,1357,12800,7998.0,201.45175599459,79.0006886253294,30.514090938256
Sony,A7SIII,1357,12800,7998.0,202.48152991777,79.40452153638039,30.535824045747
Sony,A7SIII,1357,12800,7998.0,203.51130384095,79.80835444743137,30.557444695605
Sony,A7SIII,1357,12800,7998.0,204.54107776413,80.21218735848234,30.5789540243
Sony,A7SIII,1357,12800,7998.0,205.57085168731,80.61602026953334,30.600353151167
Sony,A7SIII,1357,12800,7998.0,206.60062561049,81.0198531805843,30.621643178748
Sony,A7SIII,1357,12800,7998.0,207.63039953367,81.42368609163529,30.642825193127
Sony,A7SIII,1357,12800,7998.0,208.66017345685,81.82751900268627,30.663900264258
Sony,A7SIII,1357,12800,7998.0,209.68994738004,82.23135191374118,30.68486944628
Sony,A7SIII,1357,12800,7998.0,210.71972130322,82.63518482479216,30.705733777828
Sony,A7SIII,1357,12800,7998.0,211.7494952264,83.03901773584313,30.726494282337
Sony,A7SIII,1357,12800,7998.0,212.77926914958,83.44285064689412,30.747151968334
Sony,A7SIII,1357,12800,7998.0,213.80904307276,83.8466835579451,30.76770782973
Sony,A7SIII,1357,12800,7998.0,214.83881699594,84.25051646899607,30.788162846099
Sony,A7SIII,1357,12800,7998.0,215.86859091912,84.65434938004707,30.808517982952
Sony,A7SIII,1357,12800,7998.0,216.8983648423,85.05818229109803,30.828774192005
Sony,A7SIII,1357,12800,7998.0,217.92813876548,85.46201520214902,30.848932411443
Sony,A7SIII,1357,12800,7998.0,218.95791268866,85.8658481132,30.868993566171
Sony,A7SIII,1357,12800,7998.0,219.98768661185,86.2696810242549,30.888958568067
Sony,A7SIII,1357,12800,7998.0,221.01746053503,86.67351393530589,30.908828316225
Sony,A7SIII,1357,12800,7998.0,222.04723445821,87.07734684635686,30.928603697191
Sony,A7SIII,1357,12800,7998.0,223.07700838139,87.48117975740783,30.948285585197
Sony,A7SIII,1357,12800,7998.0,224.10678230457,87.88501266845883,30.967874842388
Sony,A7SIII,1357,12800,7998.0,225.13655622775,88.2888455795098,30.987372319042
Sony,A7SIII,1357,12800,7998.0,226.16633015093,88.69267849056078,31.006778853791
Sony,A7SIII,1357,12800,7998.0,227.19610407411,89.09651140161176,31.026095273826
Sony,A7SIII,1357,12800,7998.0,228.22587799729,89.50034431266275,31.045322395112
Sony,A7SIII,1357,12800,7998.0,229.25565192047,89.90417722371372,31.064461022583
Sony,A7SIII,1357,12800,7998.0,230.28542584366,90.30801013476862,31.083511950345
Sony,A7SIII,1357,12800,7998.0,231.31519976684,90.7118430458196,31.102475961867
Sony,A7SIII,1357,12800,7998.0,232.34497369002,91.11567595687059,31.121353830171
Sony,A7SIII,1357,12800,7998.0,233.3747476132,91.51950886792156,31.140146318017
Sony,A7SIII,1357,12800,7998.0,234.40452153638,91.92334177897254,31.158854178082
Sony,A7SIII,1357,12800,7998.0,235.43429545956,92.32717469002353,31.17747815314
Sony,A7SIII,1357,12800,7998.0,236.46406938274,92.73100760107451,31.196018976232
Sony,A7SIII,1357,12800,7998.0,237.49384330592,93.13484051212548,31.214477370838
Sony,A7SIII,1357,12800,7998.0,238.5236172291,93.53867342317648,31.23285405104
Sony,A7SIII,1357,12800,7998.0,239.55339115229,93.94250633423138,31.251149721686
Sony,A7SIII,1357,12800,7998.0,240.58316507547,94.34633924528235,31.269365078547
Sony,A7SIII,1357,12800,7998.0,241.61293899865,94.75017215633333,31.287500808474
Sony,A7SIII,1357,12800,7998.0,242.64271292183,95.15400506738432,31.305557589548
Sony,A7SIII,1357,12800,7998.0,243.67248684501,95.5578379784353,31.32353609123
Sony,A7SIII,1357,12800,7998.0,244.70226076819,95.96167088948627,31.341436974505
Sony,A7SIII,1357,12800,7998.0,245.73203469137,96.36550380053725,31.359260892028
Sony,A7SIII,1357,12800,7998.0,246.76180861455,96.76933671158824,31.377008488258
Sony,A7SIII,1357,12800,7998.0,247.79158253773,97.17316962263921,31.394680399598
Sony,A7SIII,1357,12800,7998.0,248.82135646091,97.5770025336902,31.41227725453
Sony,A7SIII,1357,12800,7998.0,249.8511303841,97.9808354447451,31.429799673743
Sony,A7SIII,1357,12800,7998.0,250.88090430728,98.38466835579608,31.447248270261
Sony,A7SIII,1357,12800,7998.0,251.91067823046,98.78850126684706,31.464623649572
Sony,A7SIII,1357,12800,7998.0,252.94045215364,99.19233417789803,31.481926409749
Sony,A7SIII,1357,12800,7998.0,253.97022607682,99.59616708894903,31.499157141569
Sony,A7SIII,1357,12800,7998.0,255,100.0,31.516316428636
Sony,A7SIII,1357,25600,15725.0,0.548163870794,0.21496622384078432,0
Sony,A7SIII,1357,25600,15725.0,1.076442871608,0.4221344594541176,3.7767183201608
Sony,A7SIII,1357,25600,15725.0,2.2974541474869,0.9009624107791766,7.6169710423758
Sony,A7SIII,1357,25600,15725.0,4.7649366670145,1.8686026145154904,11.058952670418
Sony,A7SIII,1357,25600,15725.0,5.7947105901955,2.2724355255668627,11.955355262728
Sony,A7SIII,1357,25600,15725.0,6.8244845133765,2.676268436618235,12.698423772056
Sony,A7SIII,1357,25600,15725.0,7.8542584365575,3.080101347669608,13.332887447087
Sony,A7SIII,1357,25600,15725.0,8.8840323597385,3.4839342587209803,13.886403079344
Sony,A7SIII,1357,25600,15725.0,9.9138062829195,3.8877671697723533,14.377260573499
Sony,A7SIII,1357,25600,15725.0,10.943580206101,4.291600080823922,14.818182621831
Sony,A7SIII,1357,25600,15725.0,11.973354129282,4.695432991875294,15.218375435252
Sony,A7SIII,1357,25600,15725.0,13.003128052463,5.099265902926667,15.584715011517
Sony,A7SIII,1357,25600,15725.0,14.032901975644,5.503098813978039,15.922472171878
Sony,A7SIII,1357,25600,15725.0,15.062675898825,5.906931725029412,16.235776008623
Sony,A7SIII,1357,25600,15725.0,16.092449822006,6.310764636080784,16.527921362165
Sony,A7SIII,1357,25600,15725.0,17.122223745187,6.714597547132158,16.801579336312
Sony,A7SIII,1357,25600,15725.0,18.151997668368,7.118430458183529,17.058945362163
Sony,A7SIII,1357,25600,15725.0,19.181771591549,7.522263369234902,17.301845794917
Sony,A7SIII,1357,25600,15725.0,20.21154551473,7.9260962802862736,17.531816238824
Sony,A7SIII,1357,25600,15725.0,21.241319437911,8.329929191337646,17.750160144026
Sony,A7SIII,1357,25600,15725.0,22.271093361092,8.73376210238902,17.95799335152
Sony,A7SIII,1357,25600,15725.0,23.300867284273,9.137595013440391,18.156278444439
Sony,A7SIII,1357,25600,15725.0,24.330641207454,9.541427924491765,18.34585158215
Sony,A7SIII,1357,25600,15725.0,25.360415130635,9.945260835543138,18.527443708226
Sony,A7SIII,1357,25600,15725.0,26.390189053816,10.34909374659451,18.701697490699
Sony,A7SIII,1357,25600,15725.0,27.419962976997,10.752926657645883,18.869180985226
Sony,A7SIII,1357,25600,15725.0,28.449736900178,11.156759568697254,19.030398753484
Sony,A7SIII,1357,25600,15725.0,29.479510823359,11.560592479748626,19.185800985106
Sony,A7SIII,1357,25600,15725.0,30.50928474654,11.9644253908,19.335791038397
Sony,A7SIII,1357,25600,15725.0,31.539058669721,12.368258301851373,19.480731717694
Sony,A7SIII,1357,25600,15725.0,32.568832592902,12.772091212902744,19.620950533116
Sony,A7SIII,1357,25600,15725.0,33.598606516083,13.175924123954118,19.756744134434
Sony,A7SIII,1357,25600,15725.0,34.628380439264,13.57975703500549,19.888382069917
Sony,A7SIII,1357,25600,15725.0,35.658154362445,13.983589946056865,20.016109989835
Sony,A7SIII,1357,25600,15725.0,36.687928285626,14.387422857108238,20.140152390241
Sony,A7SIII,1357,25600,15725.0,37.717702208807,14.791255768159605,20.260714973989
Sony,A7SIII,1357,25600,15725.0,38.747476131988,15.195088679210981,20.377986691314
Sony,A7SIII,1357,25600,15725.0,39.777250055169,15.598921590262352,20.49214151079
Sony,A7SIII,1357,25600,15725.0,40.80702397835,16.002754501313728,20.603339962309
Sony,A7SIII,1357,25600,15725.0,41.836797901531,16.4065874123651,20.711730486411
Sony,A7SIII,1357,25600,15725.0,42.866571824712,16.81042032341647,20.817450618419
Sony,A7SIII,1357,25600,15725.0,43.896345747893,17.214253234467844,20.920628031066
Sony,A7SIII,1357,25600,15725.0,44.926119671074,17.618086145519214,21.021381455425
Sony,A7SIII,1357,25600,15725.0,45.955893594255,18.02191905657059,21.119821496814
Sony,A7SIII,1357,25600,15725.0,46.985667517436,18.425751967621963,21.216051359708
Sony,A7SIII,1357,25600,15725.0,48.015441440617,18.829584878673334,21.310167493587
Sony,A7SIII,1357,25600,15725.0,49.045215363798,19.233417789724705,21.402260169838
Sony,A7SIII,1357,25600,15725.0,50.074989286979,19.637250700776075,21.492413998352
Sony,A7SIII,1357,25600,15725.0,51.10476321016,20.04108361182745,21.580708391245
Sony,A7SIII,1357,25600,15725.0,52.134537133341,20.444916522878824,21.667217980046
Sony,A7SIII,1357,25600,15725.0,53.164311056522,20.848749433930198,21.752012991855
Sony,A7SIII,1357,25600,15725.0,54.194084979703,21.25258234498157,21.835159589222
Sony,A7SIII,1357,25600,15725.0,55.223858902884,21.65641525603294,21.916720177862
Sony,A7SIII,1357,25600,15725.0,56.253632826065,22.060248167084314,21.996753685788
Sony,A7SIII,1357,25600,15725.0,57.283406749246,22.464081078135685,22.075315816994
Sony,A7SIII,1357,25600,15725.0,58.313180672427,22.86791398918706,22.152459282429
Sony,A7SIII,1357,25600,15725.0,59.342954595608,23.27174690023843,22.228234010638
Sony,A7SIII,1357,25600,15725.0,60.372728518789,23.675579811289804,22.302687340207
Sony,A7SIII,1357,25600,15725.0,61.40250244197,24.079412722341175,22.37586419584
Sony,A7SIII,1357,25600,15725.0,62.432276365151,24.48324563339255,22.447807249736
Sony,A7SIII,1357,25600,15725.0,63.462050288332,24.887078544443924,22.518557069695
Sony,A7SIII,1357,25600,15725.0,64.491824211513,25.290911455495298,22.588152255245
Sony,A7SIII,1357,25600,15725.0,65.521598134694,25.69474436654667,22.656629562949
Sony,A7SIII,1357,25600,15725.0,66.551372057875,26.09857727759804,22.724024021884
Sony,A7SIII,1357,25600,15725.0,67.581145981056,26.50241018864941,22.790369040223
Sony,A7SIII,1357,25600,15725.0,68.610919904237,26.906243099700784,22.855696503718
Sony,A7SIII,1357,25600,15725.0,69.640693827418,27.31007601075216,22.920036866818
Sony,A7SIII,1357,25600,15725.0,70.670467750599,27.713908921803533,22.983419237071
Sony,A7SIII,1357,25600,15725.0,71.70024167378,28.117741832854904,23.045871453391
Sony,A7SIII,1357,25600,15725.0,72.730015596961,28.521574743906275,23.107420158727
Sony,A7SIII,1357,25600,15725.0,73.759789520142,28.925407654957645,23.168090867599
Sony,A7SIII,1357,25600,15725.0,74.789563443323,29.329240566009023,23.227908028933
Sony,A7SIII,1357,25600,15725.0,75.819337366504,29.73307347706039,23.286895084584
Sony,A7SIII,1357,25600,15725.0,76.849111289685,30.13690638811176,23.345074523898
Sony,A7SIII,1357,25600,15725.0,77.878885212866,30.540739299163132,23.402467934622
Sony,A7SIII,1357,25600,15725.0,78.908659136047,30.94457221021451,23.459096050463
Sony,A7SIII,1357,25600,15725.0,79.938433059228,31.34840512126588,23.51497879555
Sony,A7SIII,1357,25600,15725.0,80.968206982409,31.752238032317255,23.57013532604
Sony,A7SIII,1357,25600,15725.0,81.99798090559,32.156070943368626,23.624584069085
Sony,A7SIII,1357,25600,15725.0,83.027754828771,32.55990385442,23.678342759359
Sony,A7SIII,1357,25600,15725.0,84.057528751952,32.963736765471374,23.731428473325
Sony,A7SIII,1357,25600,15725.0,85.087302675133,33.36756967652275,23.78385766141
Sony,A7SIII,1357,25600,15725.0,86.117076598314,33.771402587574116,23.835646178234
Sony,A7SIII,1357,25600,15725.0,87.146850521495,34.17523549862549,23.886809311039
Sony,A7SIII,1357,25600,15725.0,88.176624444676,34.579068409676864,23.937361806445
Sony,A7SIII,1357,25600,15725.0,89.206398367857,34.98290132072824,23.987317895639
Sony,A7SIII,1357,25600,15725.0,90.236172291038,35.38673423177961,24.036691318124
Sony,A7SIII,1357,25600,15725.0,91.265946214219,35.79056714283098,24.085495344109
Sony,A7SIII,1357,25600,15725.0,92.2957201374,36.194400053882354,24.13374279564
Sony,A7SIII,1357,25600,15725.0,93.325494060581,36.59823296493372,24.181446066555
Sony,A7SIII,1357,25600,15725.0,94.355267983762,37.0020658759851,24.228617141344
Sony,A7SIII,1357,25600,15725.0,95.385041906943,37.40589878703647,24.275267612979
Sony,A7SIII,1357,25600,15725.0,96.414815830124,37.809731698087845,24.321408699778
Sony,A7SIII,1357,25600,15725.0,97.444589753305,38.21356460913922,24.367051261387
Sony,A7SIII,1357,25600,15725.0,98.474363676486,38.617397520190586,24.412205813898
Sony,A7SIII,1357,25600,15725.0,99.504137599668,39.02123043124235,24.456882544196
Sony,A7SIII,1357,25600,15725.0,100.53391152285,39.42506334229412,24.501091323555
Sony,A7SIII,1357,25600,15725.0,101.56368544603,39.8288962533451,24.544841720544
Sony,A7SIII,1357,25600,15725.0,102.59345936921,40.232729164396076,24.588143013277
Sony,A7SIII,1357,25600,15725.0,103.62323329239,40.63656207544706,24.631004201051
Sony,A7SIII,1357,25600,15725.0,104.65300721557,41.04039498649804,24.673434015407
Sony,A7SIII,1357,25600,15725.0,105.68278113875,41.44422789754902,24.715440930648
Sony,A7SIII,1357,25600,15725.0,106.71255506193,41.8480608086,24.757033173845
Sony,A7SIII,1357,25600,15725.0,107.74232898512,42.2518937196549,24.79821873436
Sony,A7SIII,1357,25600,15725.0,108.7721029083,42.65572663070588,24.839005372919
Sony,A7SIII,1357,25600,15725.0,109.80187683148,43.05955954175686,24.879400630251
Sony,A7SIII,1357,25600,15725.0,110.83165075466,43.463392452807845,24.919411835326
Sony,A7SIII,1357,25600,15725.0,111.86142467784,43.86722536385882,24.95904611321
Sony,A7SIII,1357,25600,15725.0,112.89119860102,44.271058274909805,24.99831039256
Sony,A7SIII,1357,25600,15725.0,113.9209725242,44.67489118596079,25.037211412778
Sony,A7SIII,1357,25600,15725.0,114.95074644738,45.078724097011765,25.075755730838
Sony,A7SIII,1357,25600,15725.0,115.98052037056,45.48255700806275,25.113949727814
Sony,A7SIII,1357,25600,15725.0,117.01029429374,45.88638991911373,25.151799615116
Sony,A7SIII,1357,25600,15725.0,118.04006821693,46.290222830168624,25.18931144045
Sony,A7SIII,1357,25600,15725.0,119.06984214011,46.69405574121961,25.226491093523
Sony,A7SIII,1357,25600,15725.0,120.09961606329,47.09788865227058,25.263344311495
Sony,A7SIII,1357,25600,15725.0,121.12938998647,47.50172156332157,25.299876684209
Sony,A7SIII,1357,25600,15725.0,122.15916390965,47.90555447437255,25.336093659182
Sony,A7SIII,1357,25600,15725.0,123.18893783283,48.30938738542353,25.372000546407
Sony,A7SIII,1357,25600,15725.0,124.21871175601,48.71322029647451,25.407602522934
Sony,A7SIII,1357,25600,15725.0,125.24848567919,49.117053207525494,25.442904637277
Sony,A7SIII,1357,25600,15725.0,126.27825960237,49.52088611857647,25.477911813632
Sony,A7SIII,1357,25600,15725.0,127.30803352555,49.924719029627454,25.512628855924
Sony,A7SIII,1357,25600,15725.0,128.33780744874,50.32855194068235,25.547060451696
Sony,A7SIII,1357,25600,15725.0,129.36758137192,50.732384851733336,25.581211175835
Sony,A7SIII,1357,25600,15725.0,130.3973552951,51.136217762784305,25.615085494153
Sony,A7SIII,1357,25600,15725.0,131.42712921828,51.54005067383529,25.648687766829
Sony,A7SIII,1357,25600,15725.0,132.45690314146,51.94388358488627,25.682022251715
Sony,A7SIII,1357,25600,15725.0,133.48667706464,52.34771649593725,25.715093107509
Sony,A7SIII,1357,25600,15725.0,134.51645098782,52.75154940698824,25.747904396815
Sony,A7SIII,1357,25600,15725.0,135.546224911,53.155382318039216,25.780460089076
Sony,A7SIII,1357,25600,15725.0,136.57599883418,53.5592152290902,25.812764063405
Sony,A7SIII,1357,25600,15725.0,137.60577275736,53.963048140141176,25.844820111303
Sony,A7SIII,1357,25600,15725.0,138.63554668055,54.36688105119608,25.876631939277
Sony,A7SIII,1357,25600,15725.0,139.66532060373,54.770713962247065,25.908203171365
Sony,A7SIII,1357,25600,15725.0,140.69509452691,55.174546873298034,25.939537351559
Sony,A7SIII,1357,25600,15725.0,141.72486845009,55.57837978434903,25.97063794615
Sony,A7SIII,1357,25600,15725.0,142.75464237327,55.9822126954,26.001508345979
Sony,A7SIII,1357,25600,15725.0,143.78441629645,56.38604560645098,26.032151868617
Sony,A7SIII,1357,25600,15725.0,144.81419021963,56.78987851750197,26.062571760452
Sony,A7SIII,1357,25600,15725.0,145.84396414281,57.19371142855294,26.092771198719
Sony,A7SIII,1357,25600,15725.0,146.87373806599,57.59754433960392,26.122753293445
Sony,A7SIII,1357,25600,15725.0,147.90351198918,58.00137725065883,26.152521089336
Sony,A7SIII,1357,25600,15725.0,148.93328591236,58.405210161709796,26.182077567588
Sony,A7SIII,1357,25600,15725.0,149.96305983554,58.809043072760794,26.211425647644
Sony,A7SIII,1357,25600,15725.0,150.99283375872,59.21287598381176,26.24056818889
Sony,A7SIII,1357,25600,15725.0,152.0226076819,59.61670889486275,26.269507992287
Sony,A7SIII,1357,25600,15725.0,153.05238160508,60.02054180591373,26.298247801954
Sony,A7SIII,1357,25600,15725.0,154.08215552826,60.4243747169647,26.326790306695
Sony,A7SIII,1357,25600,15725.0,155.11192945144,60.82820762801568,26.355138141477
Sony,A7SIII,1357,25600,15725.0,156.14170337462,61.232040539066666,26.383293888856
Sony,A7SIII,1357,25600,15725.0,157.1714772978,61.63587345011765,26.41126008036
Sony,A7SIII,1357,25600,15725.0,158.20125122099,62.039706361172556,26.439039197821
Sony,A7SIII,1357,25600,15725.0,159.23102514417,62.443539272223525,26.466633674672
Sony,A7SIII,1357,25600,15725.0,160.26079906735,62.84737218327451,26.494045897192
Sony,A7SIII,1357,25600,15725.0,161.29057299053,63.25120509432549,26.521278205722
Sony,A7SIII,1357,25600,15725.0,162.32034691371,63.655038005376475,26.548332895833
Sony,A7SIII,1357,25600,15725.0,163.35012083689,64.05887091642745,26.575212219459
Sony,A7SIII,1357,25600,15725.0,164.37989476007,64.46270382747844,26.601918386003
Sony,A7SIII,1357,25600,15725.0,165.40966868325,64.86653673852942,26.628453563393
Sony,A7SIII,1357,25600,15725.0,166.43944260643,65.27036964958039,26.65481987912
Sony,A7SIII,1357,25600,15725.0,167.46921652961,65.67420256063137,26.681019421232
Sony,A7SIII,1357,25600,15725.0,168.4989904528,66.07803547168626,26.70705423931
Sony,A7SIII,1357,25600,15725.0,169.52876437598,66.48186838273725,26.732926345399
Sony,A7SIII,1357,25600,15725.0,170.55853829916,66.88570129378823,26.758637714926
Sony,A7SIII,1357,25600,15725.0,171.58831222234,67.28953420483921,26.784190287578
Sony,A7SIII,1357,25600,15725.0,172.61808614552,67.6933671158902,26.809585968163
Sony,A7SIII,1357,25600,15725.0,173.6478600687,68.09720002694118,26.834826627437
Sony,A7SIII,1357,25600,15725.0,174.67763399188,68.50103293799215,26.859914102916
Sony,A7SIII,1357,25600,15725.0,175.70740791506,68.90486584904313,26.884850199654
Sony,A7SIII,1357,25600,15725.0,176.73718183824,69.30869876009412,26.909636691007
Sony,A7SIII,1357,25600,15725.0,177.76695576142,69.7125316711451,26.934275319367
Sony,A7SIII,1357,25600,15725.0,178.79672968461,70.11636458219999,26.958767796882
Sony,A7SIII,1357,25600,15725.0,179.82650360779,70.52019749325098,26.983115806152
Sony,A7SIII,1357,25600,15725.0,180.85627753097,70.92403040430196,27.007321000901
Sony,A7SIII,1357,25600,15725.0,181.88605145415,71.32786331535293,27.031385006639
Sony,A7SIII,1357,25600,15725.0,182.91582537733,71.73169622640393,27.055309421296
Sony,A7SIII,1357,25600,15725.0,183.94559930051,72.1355291374549,27.079095815846
Sony,A7SIII,1357,25600,15725.0,184.97537322369,72.53936204850588,27.102745734906
Sony,A7SIII,1357,25600,15725.0,186.00514714687,72.94319495955686,27.126260697327
Sony,A7SIII,1357,25600,15725.0,187.03492107005,73.34702787060785,27.149642196759
Sony,A7SIII,1357,25600,15725.0,188.06469499323,73.75086078165882,27.172891702211
Sony,A7SIII,1357,25600,15725.0,189.09446891642,74.15469369271372,27.196010658582
Sony,A7SIII,1357,25600,15725.0,190.1242428396,74.55852660376469,27.219000487196
Sony,A7SIII,1357,25600,15725.0,191.15401676278,74.96235951481569,27.241862586302
Sony,A7SIII,1357,25600,15725.0,192.18379068596,75.36619242586666,27.264598331579
Sony,A7SIII,1357,25600,15725.0,193.21356460914,75.77002533691764,27.287209076614
Sony,A7SIII,1357,25600,15725.0,194.24333853232,76.17385824796862,27.309696153373
Sony,A7SIII,1357,25600,15725.0,195.2731124555,76.57769115901961,27.332060872662
Sony,A7SIII,1357,25600,15725.0,196.30288637868,76.98152407007058,27.354304524571
Sony,A7SIII,1357,25600,15725.0,197.33266030186,77.38535698112156,27.376428378906
Sony,A7SIII,1357,25600,15725.0,198.36243422504,77.78918989217254,27.398433685617
Sony,A7SIII,1357,25600,15725.0,199.39220814823,78.19302280322745,27.420321675204
Sony,A7SIII,1357,25600,15725.0,200.42198207141,78.59685571427843,27.442093559126
Sony,A7SIII,1357,25600,15725.0,201.45175599459,79.0006886253294,27.463750530182
Sony,A7SIII,1357,25600,15725.0,202.48152991777,79.40452153638039,27.4852937629
Sony,A7SIII,1357,25600,15725.0,203.51130384095,79.80835444743137,27.506724413908
Sony,A7SIII,1357,25600,15725.0,204.54107776413,80.21218735848234,27.528043622289
Sony,A7SIII,1357,25600,15725.0,205.57085168731,80.61602026953334,27.549252509943
Sony,A7SIII,1357,25600,15725.0,206.60062561049,81.0198531805843,27.570352181925
Sony,A7SIII,1357,25600,15725.0,207.63039953367,81.42368609163529,27.591343726781
Sony,A7SIII,1357,25600,15725.0,208.66017345685,81.82751900268627,27.612228216879
Sony,A7SIII,1357,25600,15725.0,209.68994738004,82.23135191374118,27.633006708722
Sony,A7SIII,1357,25600,15725.0,210.71972130322,82.63518482479216,27.653680243266
Sony,A7SIII,1357,25600,15725.0,211.7494952264,83.03901773584313,27.674249846219
Sony,A7SIII,1357,25600,15725.0,212.77926914958,83.44285064689412,27.694716528339
Sony,A7SIII,1357,25600,15725.0,213.80904307276,83.8466835579451,27.715081285722
Sony,A7SIII,1357,25600,15725.0,214.83881699594,84.25051646899607,27.735345100085
Sony,A7SIII,1357,25600,15725.0,215.86859091912,84.65434938004707,27.755508939043
Sony,A7SIII,1357,25600,15725.0,216.8983648423,85.05818229109803,27.775573756375
Sony,A7SIII,1357,25600,15725.0,217.92813876548,85.46201520214902,27.795540492287
Sony,A7SIII,1357,25600,15725.0,218.95791268866,85.8658481132,27.815410073672
Sony,A7SIII,1357,25600,15725.0,219.98768661185,86.2696810242549,27.835183414354
Sony,A7SIII,1357,25600,15725.0,221.01746053503,86.67351393530589,27.854861415337
Sony,A7SIII,1357,25600,15725.0,222.04723445821,87.07734684635686,27.874444965043
Sony,A7SIII,1357,25600,15725.0,223.07700838139,87.48117975740783,27.893934939545
Sony,A7SIII,1357,25600,15725.0,224.10678230457,87.88501266845883,27.913332202792
Sony,A7SIII,1357,25600,15725.0,225.13655622775,88.2888455795098,27.932637606837
Sony,A7SIII,1357,25600,15725.0,226.16633015093,88.69267849056078,27.951851992049
Sony,A7SIII,1357,25600,15725.0,227.19610407411,89.09651140161176,27.970976187331
Sony,A7SIII,1357,25600,15725.0,228.22587799729,89.50034431266275,27.990011010322
Sony,A7SIII,1357,25600,15725.0,229.25565192047,89.90417722371372,28.008957267605
Sony,A7SIII,1357,25600,15725.0,230.28542584366,90.30801013476862,28.027815754902
Sony,A7SIII,1357,25600,15725.0,231.31519976684,90.7118430458196,28.04658725727
Sony,A7SIII,1357,25600,15725.0,232.34497369002,91.11567595687059,28.065272549291
Sony,A7SIII,1357,25600,15725.0,233.3747476132,91.51950886792156,28.083872395255
Sony,A7SIII,1357,25600,15725.0,234.40452153638,91.92334177897254,28.102387549345
Sony,A7SIII,1357,25600,15725.0,235.43429545956,92.32717469002353,28.120818755812
Sony,A7SIII,1357,25600,15725.0,236.46406938274,92.73100760107451,28.13916674915
Sony,A7SIII,1357,25600,15725.0,237.49384330592,93.13484051212548,28.157432254263
Sony,A7SIII,1357,25600,15725.0,238.5236172291,93.53867342317648,28.175615986637
Sony,A7SIII,1357,25600,15725.0,239.55339115229,93.94250633423138,28.193718652495
Sony,A7SIII,1357,25600,15725.0,240.58316507547,94.34633924528235,28.211740948962
Sony,A7SIII,1357,25600,15725.0,241.61293899865,94.75017215633333,28.22968356422
Sony,A7SIII,1357,25600,15725.0,242.64271292183,95.15400506738432,28.247547177655
Sony,A7SIII,1357,25600,15725.0,243.67248684501,95.5578379784353,28.265332460014
Sony,A7SIII,1357,25600,15725.0,244.70226076819,95.96167088948627,28.283040073544
Sony,A7SIII,1357,25600,15725.0,245.73203469137,96.36550380053725,28.300670672141
Sony,A7SIII,1357,25600,15725.0,246.76180861455,96.76933671158824,28.318224901485
Sony,A7SIII,1357,25600,15725.0,247.79158253773,97.17316962263921,28.335703399178
Sony,A7SIII,1357,25600,15725.0,248.82135646091,97.5770025336902,28.353106794882
Sony,A7SIII,1357,25600,15725.0,249.8511303841,97.9808354447451,28.370435710444
Sony,A7SIII,1357,25600,15725.0,250.88090430728,98.38466835579608,28.387690760031
Sony,A7SIII,1357,25600,15725.0,251.91067823046,98.78850126684706,28.404872550253
Sony,A7SIII,1357,25600,15725.0,252.94045215364,99.19233417789803,28.421981680283
Sony,A7SIII,1357,25600,15725.0,253.97022607682,99.59616708894903,28.439018741986
Sony,A7SIII,1357,25600,15725.0,255,100.0,28.455984320031
Sony,A7SIII,1357,51200,29101.0,1.076442871608,0.4221344594541176,0
Sony,A7SIII,1357,51200,29101.0,2.2974541474869,0.9009624107791766,4.1457910011902
Sony,A7SIII,1357,51200,29101.0,4.7649366670145,1.8686026145154904,7.7650193086334
Sony,A7SIII,1357,51200,29101.0,5.7947105901955,2.2724355255668627,8.6934339834615
Sony,A7SIII,1357,51200,29101.0,6.8244845133765,2.676268436618235,9.4592388484321
Sony,A7SIII,1357,51200,29101.0,7.8542584365575,3.080101347669608,10.110624654097
Sony,A7SIII,1357,51200,29101.0,8.8840323597385,3.4839342587209803,10.677177854598
Sony,A7SIII,1357,51200,29101.0,9.9138062829195,3.8877671697723533,11.178349169363
Sony,A7SIII,1357,51200,29101.0,10.943580206101,4.291600080823922,11.62760150396
Sony,A7SIII,1357,51200,29101.0,11.973354129282,4.695432991875294,12.034635360983
Sony,A7SIII,1357,51200,29101.0,13.003128052463,5.099265902926667,12.406669407023
Sony,A7SIII,1357,51200,29101.0,14.032901975644,5.503098813978039,12.749219507113
Sony,A7SIII,1357,51200,29101.0,15.062675898825,5.906931725029412,13.06659462758
Sony,A7SIII,1357,51200,29101.0,16.092449822006,6.310764636080784,13.362224627793
Sony,A7SIII,1357,51200,29101.0,17.122223745187,6.714597547132158,13.638883936961
Sony,A7SIII,1357,51200,29101.0,18.151997668368,7.118430458183529,13.898848402112
Sony,A7SIII,1357,51200,29101.0,19.181771591549,7.522263369234902,14.144007900903
Sony,A7SIII,1357,51200,29101.0,20.21154551473,7.9260962802862736,14.375948881392
Sony,A7SIII,1357,51200,29101.0,21.241319437911,8.329929191337646,14.59601597178
Sony,A7SIII,1357,51200,29101.0,22.271093361092,8.73376210238902,14.805358718079
Sony,A7SIII,1357,51200,29101.0,23.300867284273,9.137595013440391,15.004967557094
Sony,A7SIII,1357,51200,29101.0,24.330641207454,9.541427924491765,15.195701867481
Sony,A7SIII,1357,51200,29101.0,25.360415130635,9.945260835543138,15.378312103079
Sony,A7SIII,1357,51200,29101.0,26.390189053816,10.34909374659451,15.553457445321
Sony,A7SIII,1357,51200,29101.0,27.419962976997,10.752926657645883,15.721720020529
Sony,A7SIII,1357,51200,29101.0,28.449736900178,11.156759568697254,15.883616453877
Sony,A7SIII,1357,51200,29101.0,29.479510823359,11.560592479748626,16.039607336902
Sony,A7SIII,1357,51200,29101.0,30.50928474654,11.9644253908,16.19010504477
Sony,A7SIII,1357,51200,29101.0,31.539058669721,12.368258301851373,16.335480236737
Sony,A7SIII,1357,51200,29101.0,32.568832592902,12.772091212902744,16.476067297219
Sony,A7SIII,1357,51200,29101.0,33.598606516083,13.175924123954118,16.612168918052
Sony,A7SIII,1357,51200,29101.0,34.628380439264,13.57975703500549,16.744059979583
Sony,A7SIII,1357,51200,29101.0,35.658154362445,13.983589946056865,16.871990855477
Sony,A7SIII,1357,51200,29101.0,36.687928285626,14.387422857108238,16.996190240941
Sony,A7SIII,1357,51200,29101.0,37.717702208807,14.791255768159605,17.116867584508
Sony,A7SIII,1357,51200,29101.0,38.747476131988,15.195088679210981,17.234215188219
Sony,A7SIII,1357,51200,29101.0,39.777250055169,15.598921590262352,17.348410029025
Sony,A7SIII,1357,51200,29101.0,40.80702397835,16.002754501313728,17.459615344649
Sony,A7SIII,1357,51200,29101.0,41.836797901531,16.4065874123651,17.567982019532
Sony,A7SIII,1357,51200,29101.0,42.866571824712,16.81042032341647,17.67364980036
Sony,A7SIII,1357,51200,29101.0,43.896345747893,17.214253234467844,17.776748365695
Sony,A7SIII,1357,51200,29101.0,44.926119671074,17.618086145519214,17.877398270253
Sony,A7SIII,1357,51200,29101.0,45.955893594255,18.02191905657059,17.975711781021
Sony,A7SIII,1357,51200,29101.0,46.985667517436,18.425751967621963,18.071793619766
Sony,A7SIII,1357,51200,29101.0,48.015441440617,18.829584878673334,18.165741624227
Sony,A7SIII,1357,51200,29101.0,49.045215363798,19.233417789724705,18.257647338444
Sony,A7SIII,1357,51200,29101.0,50.074989286979,19.637250700776075,18.347596541146
Sony,A7SIII,1357,51200,29101.0,51.10476321016,20.04108361182745,18.435669719843
Sony,A7SIII,1357,51200,29101.0,52.134537133341,20.444916522878824,18.521942497164
Sony,A7SIII,1357,51200,29101.0,53.164311056522,20.848749433930198,18.606486015119
Sony,A7SIII,1357,51200,29101.0,54.194084979703,21.25258234498157,18.689367282161
Sony,A7SIII,1357,51200,29101.0,55.223858902884,21.65641525603294,18.770649487277
Sony,A7SIII,1357,51200,29101.0,56.253632826065,22.060248167084314,18.85039228482
Sony,A7SIII,1357,51200,29101.0,57.283406749246,22.464081078135685,18.92865205327
Sony,A7SIII,1357,51200,29101.0,58.313180672427,22.86791398918706,19.005482130744
Sony,A7SIII,1357,51200,29101.0,59.342954595608,23.27174690023843,19.080933029728
Sony,A7SIII,1357,51200,29101.0,60.372728518789,23.675579811289804,19.155052633168
Sony,A7SIII,1357,51200,29101.0,61.40250244197,24.079412722341175,19.227886373857
Sony,A7SIII,1357,51200,29101.0,62.432276365151,24.48324563339255,19.299477398771
Sony,A7SIII,1357,51200,29101.0,63.462050288332,24.887078544443924,19.369866719866
Sony,A7SIII,1357,51200,29101.0,64.491824211513,25.290911455495298,19.439093352635
Sony,A7SIII,1357,51200,29101.0,65.521598134694,25.69474436654667,19.50719444361
Sony,A7SIII,1357,51200,29101.0,66.551372057875,26.09857727759804,19.574205387845
Sony,A7SIII,1357,51200,29101.0,67.581145981056,26.50241018864941,19.640159937311
Sony,A7SIII,1357,51200,29101.0,68.610919904237,26.906243099700784,19.705090301037
Sony,A7SIII,1357,51200,29101.0,69.640693827418,27.31007601075216,19.769027237731
Sony,A7SIII,1357,51200,29101.0,70.670467750599,27.713908921803533,19.832000141562
Sony,A7SIII,1357,51200,29101.0,71.70024167378,28.117741832854904,19.894037121687
Sony,A7SIII,1357,51200,29101.0,72.730015596961,28.521574743906275,19.955165076072
Sony,A7SIII,1357,51200,29101.0,73.759789520142,28.925407654957645,20.015409760081
Sony,A7SIII,1357,51200,29101.0,74.789563443323,29.329240566009023,20.074795850289
Sony,A7SIII,1357,51200,29101.0,75.819337366504,29.73307347706039,20.133347003891
Sony,A7SIII,1357,51200,29101.0,76.849111289685,30.13690638811176,20.191085914081
Sony,A7SIII,1357,51200,29101.0,77.878885212866,30.540739299163132,20.248034361724
Sony,A7SIII,1357,51200,29101.0,78.908659136047,30.94457221021451,20.304213263611
Sony,A7SIII,1357,51200,29101.0,79.938433059228,31.34840512126588,20.359642717557
Sony,A7SIII,1357,51200,29101.0,80.968206982409,31.752238032317255,20.41434204461
Sony,A7SIII,1357,51200,29101.0,81.99798090559,32.156070943368626,20.468329828562
Sony,A7SIII,1357,51200,29101.0,83.027754828771,32.55990385442,20.521623952988
Sony,A7SIII,1357,51200,29101.0,84.057528751952,32.963736765471374,20.574241635982
Sony,A7SIII,1357,51200,29101.0,85.087302675133,33.36756967652275,20.626199462771
Sony,A7SIII,1357,51200,29101.0,86.117076598314,33.771402587574116,20.677513416351
Sony,A7SIII,1357,51200,29101.0,87.146850521495,34.17523549862549,20.728198906294
Sony,A7SIII,1357,51200,29101.0,88.176624444676,34.579068409676864,20.778270795853
Sony,A7SIII,1357,51200,29101.0,89.206398367857,34.98290132072824,20.827743427482
Sony,A7SIII,1357,51200,29101.0,90.236172291038,35.38673423177961,20.876630646885
Sony,A7SIII,1357,51200,29101.0,91.265946214219,35.79056714283098,20.924945825695
Sony,A7SIII,1357,51200,29101.0,92.2957201374,36.194400053882354,20.972701882867
Sony,A7SIII,1357,51200,29101.0,93.325494060581,36.59823296493372,21.019911304885
Sony,A7SIII,1357,51200,29101.0,94.355267983762,37.0020658759851,21.066586164847
Sony,A7SIII,1357,51200,29101.0,95.385041906943,37.40589878703647,21.112738140517
Sony,A7SIII,1357,51200,29101.0,96.414815830124,37.809731698087845,21.158378531396
Sony,A7SIII,1357,51200,29101.0,97.444589753305,38.21356460913922,21.203518274879
Sony,A7SIII,1357,51200,29101.0,98.474363676486,38.617397520190586,21.248167961571
Sony,A7SIII,1357,51200,29101.0,99.504137599668,39.02123043124235,21.292337849785
Sony,A7SIII,1357,51200,29101.0,100.53391152285,39.42506334229412,21.336037879305
Sony,A7SIII,1357,51200,29101.0,101.56368544603,39.8288962533451,21.379277684434
Sony,A7SIII,1357,51200,29101.0,102.59345936921,40.232729164396076,21.422066606384
Sony,A7SIII,1357,51200,29101.0,103.62323329239,40.63656207544706,21.464413705048
Sony,A7SIII,1357,51200,29101.0,104.65300721557,41.04039498649804,21.506327770178
Sony,A7SIII,1357,51200,29101.0,105.68278113875,41.44422789754902,21.547817332023
Sony,A7SIII,1357,51200,29101.0,106.71255506193,41.8480608086,21.58889067144
Sony,A7SIII,1357,51200,29101.0,107.74232898512,42.2518937196549,21.629555829526
Sony,A7SIII,1357,51200,29101.0,108.7721029083,42.65572663070588,21.66982061678
Sony,A7SIII,1357,51200,29101.0,109.80187683148,43.05955954175686,21.709692621839
Sony,A7SIII,1357,51200,29101.0,110.83165075466,43.463392452807845,21.749179219802
Sony,A7SIII,1357,51200,29101.0,111.86142467784,43.86722536385882,21.788287580163
Sony,A7SIII,1357,51200,29101.0,112.89119860102,44.271058274909805,21.827024674388
Sony,A7SIII,1357,51200,29101.0,113.9209725242,44.67489118596079,21.865397283137
Sony,A7SIII,1357,51200,29101.0,114.95074644738,45.078724097011765,21.903412003166
Sony,A7SIII,1357,51200,29101.0,115.98052037056,45.48255700806275,21.941075253914
Sony,A7SIII,1357,51200,29101.0,117.01029429374,45.88638991911373,21.978393283805
Sony,A7SIII,1357,51200,29101.0,118.04006821693,46.290222830168624,22.015372176268
Sony,A7SIII,1357,51200,29101.0,119.06984214011,46.69405574121961,22.052017855493
Sony,A7SIII,1357,51200,29101.0,120.09961606329,47.09788865227058,22.088336091942
Sony,A7SIII,1357,51200,29101.0,121.12938998647,47.50172156332157,22.124332507619
Sony,A7SIII,1357,51200,29101.0,122.15916390965,47.90555447437255,22.160012581123
Sony,A7SIII,1357,51200,29101.0,123.18893783283,48.30938738542353,22.195381652483
Sony,A7SIII,1357,51200,29101.0,124.21871175601,48.71322029647451,22.230444927788
Sony,A7SIII,1357,51200,29101.0,125.24848567919,49.117053207525494,22.265207483634
Sony,A7SIII,1357,51200,29101.0,126.27825960237,49.52088611857647,22.299674271379
Sony,A7SIII,1357,51200,29101.0,127.30803352555,49.924719029627454,22.33385012123
Sony,A7SIII,1357,51200,29101.0,128.33780744874,50.32855194068235,22.367739746166
Sony,A7SIII,1357,51200,29101.0,129.36758137192,50.732384851733336,22.401347745694
Sony,A7SIII,1357,51200,29101.0,130.3973552951,51.136217762784305,22.43467860947
Sony,A7SIII,1357,51200,29101.0,131.42712921828,51.54005067383529,22.467736720765
Sony,A7SIII,1357,51200,29101.0,132.45690314146,51.94388358488627,22.500526359799
Sony,A7SIII,1357,51200,29101.0,133.48667706464,52.34771649593725,22.533051706949
Sony,A7SIII,1357,51200,29101.0,134.51645098782,52.75154940698824,22.565316845829
Sony,A7SIII,1357,51200,29101.0,135.546224911,53.155382318039216,22.597325766249
Sony,A7SIII,1357,51200,29101.0,136.57599883418,53.5592152290902,22.629082367075
Sony,A7SIII,1357,51200,29101.0,137.60577275736,53.963048140141176,22.660590458963
Sony,A7SIII,1357,51200,29101.0,138.63554668055,54.36688105119608,22.691853767006
Sony,A7SIII,1357,51200,29101.0,139.66532060373,54.770713962247065,22.722875933271
Sony,A7SIII,1357,51200,29101.0,140.69509452691,55.174546873298034,22.753660519254
Sony,A7SIII,1357,51200,29101.0,141.72486845009,55.57837978434903,22.784211008234
Sony,A7SIII,1357,51200,29101.0,142.75464237327,55.9822126954,22.814530807549
Sony,A7SIII,1357,51200,29101.0,143.78441629645,56.38604560645098,22.844623250787
Sony,A7SIII,1357,51200,29101.0,144.81419021963,56.78987851750197,22.874491599899
Sony,A7SIII,1357,51200,29101.0,145.84396414281,57.19371142855294,22.904139047235
Sony,A7SIII,1357,51200,29101.0,146.87373806599,57.59754433960392,22.933568717514
Sony,A7SIII,1357,51200,29101.0,147.90351198918,58.00137725065883,22.962783669718
Sony,A7SIII,1357,51200,29101.0,148.93328591236,58.405210161709796,22.991786898922
Sony,A7SIII,1357,51200,29101.0,149.96305983554,58.809043072760794,23.020581338065
Sony,A7SIII,1357,51200,29101.0,150.99283375872,59.21287598381176,23.049169859652
Sony,A7SIII,1357,51200,29101.0,152.0226076819,59.61670889486275,23.07755527741
Sony,A7SIII,1357,51200,29101.0,153.05238160508,60.02054180591373,23.105740347873
Sony,A7SIII,1357,51200,29101.0,154.08215552826,60.4243747169647,23.133727771927
Sony,A7SIII,1357,51200,29101.0,155.11192945144,60.82820762801568,23.161520196295
Sony,A7SIII,1357,51200,29101.0,156.14170337462,61.232040539066666,23.189120214975
Sony,A7SIII,1357,51200,29101.0,157.1714772978,61.63587345011765,23.216530370635
Sony,A7SIII,1357,51200,29101.0,158.20125122099,62.039706361172556,23.243753155953
Sony,A7SIII,1357,51200,29101.0,159.23102514417,62.443539272223525,23.270791014922
Sony,A7SIII,1357,51200,29101.0,160.26079906735,62.84737218327451,23.29764634411
Sony,A7SIII,1357,51200,29101.0,161.29057299053,63.25120509432549,23.324321493876
Sony,A7SIII,1357,51200,29101.0,162.32034691371,63.655038005376475,23.350818769554
Sony,A7SIII,1357,51200,29101.0,163.35012083689,64.05887091642745,23.377140432593
Sony,A7SIII,1357,51200,29101.0,164.37989476007,64.46270382747844,23.403288701664
Sony,A7SIII,1357,51200,29101.0,165.40966868325,64.86653673852942,23.429265753733
Sony,A7SIII,1357,51200,29101.0,166.43944260643,65.27036964958039,23.455073725099
Sony,A7SIII,1357,51200,29101.0,167.46921652961,65.67420256063137,23.480714712401
Sony,A7SIII,1357,51200,29101.0,168.4989904528,66.07803547168626,23.506190773594
Sony,A7SIII,1357,51200,29101.0,169.52876437598,66.48186838273725,23.531503928893
Sony,A7SIII,1357,51200,29101.0,170.55853829916,66.88570129378823,23.556656161692
Sony,A7SIII,1357,51200,29101.0,171.58831222234,67.28953420483921,23.581649419452
Sony,A7SIII,1357,51200,29101.0,172.61808614552,67.6933671158902,23.606485614563
Sony,A7SIII,1357,51200,29101.0,173.6478600687,68.09720002694118,23.631166625185
Sony,A7SIII,1357,51200,29101.0,174.67763399188,68.50103293799215,23.655694296055
Sony,A7SIII,1357,51200,29101.0,175.70740791506,68.90486584904313,23.680070439279
Sony,A7SIII,1357,51200,29101.0,176.73718183824,69.30869876009412,23.704296835092
Sony,A7SIII,1357,51200,29101.0,177.76695576142,69.7125316711451,23.728375232609
Sony,A7SIII,1357,51200,29101.0,178.79672968461,70.11636458219999,23.752307350538
Sony,A7SIII,1357,51200,29101.0,179.82650360779,70.52019749325098,23.776094877886
Sony,A7SIII,1357,51200,29101.0,180.85627753097,70.92403040430196,23.799739474637
Sony,A7SIII,1357,51200,29101.0,181.88605145415,71.32786331535293,23.823242772413
Sony,A7SIII,1357,51200,29101.0,182.91582537733,71.73169622640393,23.846606375117
Sony,A7SIII,1357,51200,29101.0,183.94559930051,72.1355291374549,23.869831859557
Sony,A7SIII,1357,51200,29101.0,184.97537322369,72.53936204850588,23.892920776054
Sony,A7SIII,1357,51200,29101.0,186.00514714687,72.94319495955686,23.915874649031
Sony,A7SIII,1357,51200,29101.0,187.03492107005,73.34702787060785,23.938694977584
Sony,A7SIII,1357,51200,29101.0,188.06469499323,73.75086078165882,23.961383236045
Sony,A7SIII,1357,51200,29101.0,189.09446891642,74.15469369271372,23.983940874519
Sony,A7SIII,1357,51200,29101.0,190.1242428396,74.55852660376469,24.006369319418
Sony,A7SIII,1357,51200,29101.0,191.15401676278,74.96235951481569,24.028669973968
Sony,A7SIII,1357,51200,29101.0,192.18379068596,75.36619242586666,24.050844218713
Sony,A7SIII,1357,51200,29101.0,193.21356460914,75.77002533691764,24.072893411998
Sony,A7SIII,1357,51200,29101.0,194.24333853232,76.17385824796862,24.094818890446
Sony,A7SIII,1357,51200,29101.0,195.2731124555,76.57769115901961,24.116621969415
Sony,A7SIII,1357,51200,29101.0,196.30288637868,76.98152407007058,24.138303943451
Sony,A7SIII,1357,51200,29101.0,197.33266030186,77.38535698112156,24.159866086718
Sony,A7SIII,1357,51200,29101.0,198.36243422504,77.78918989217254,24.181309653431
Sony,A7SIII,1357,51200,29101.0,199.39220814823,78.19302280322745,24.202635878266
Sony,A7SIII,1357,51200,29101.0,200.42198207141,78.59685571427843,24.223845976763
Sony,A7SIII,1357,51200,29101.0,201.45175599459,79.0006886253294,24.244941145723
Sony,A7SIII,1357,51200,29101.0,202.48152991777,79.40452153638039,24.265922563587
Sony,A7SIII,1357,51200,29101.0,203.51130384095,79.80835444743137,24.286791390814
Sony,A7SIII,1357,51200,29101.0,204.54107776413,80.21218735848234,24.30754877024
Sony,A7SIII,1357,51200,29101.0,205.57085168731,80.61602026953334,24.328195827437
Sony,A7SIII,1357,51200,29101.0,206.60062561049,81.0198531805843,24.348733671057
Sony,A7SIII,1357,51200,29101.0,207.63039953367,81.42368609163529,24.369163393171
Sony,A7SIII,1357,51200,29101.0,208.66017345685,81.82751900268627,24.389486069594
Sony,A7SIII,1357,51200,29101.0,209.68994738004,82.23135191374118,24.409702760212
Sony,A7SIII,1357,51200,29101.0,210.71972130322,82.63518482479216,24.42981450929
Sony,A7SIII,1357,51200,29101.0,211.7494952264,83.03901773584313,24.449822345778
Sony,A7SIII,1357,51200,29101.0,212.77926914958,83.44285064689412,24.469727283613
Sony,A7SIII,1357,51200,29101.0,213.80904307276,83.8466835579451,24.489530322004
Sony,A7SIII,1357,51200,29101.0,214.83881699594,84.25051646899607,24.509232445719
Sony,A7SIII,1357,51200,29101.0,215.86859091912,84.65434938004707,24.528834625362
Sony,A7SIII,1357,51200,29101.0,216.8983648423,85.05818229109803,24.548337817643
Sony,A7SIII,1357,51200,29101.0,217.92813876548,85.46201520214902,24.567742965641
Sony,A7SIII,1357,51200,29101.0,218.95791268866,85.8658481132,24.587050999061
Sony,A7SIII,1357,51200,29101.0,219.98768661185,86.2696810242549,24.606262834489
Sony,A7SIII,1357,51200,29101.0,221.01746053503,86.67351393530589,24.625379375633
Sony,A7SIII,1357,51200,29101.0,222.04723445821,87.07734684635686,24.644401513568
Sony,A7SIII,1357,51200,29101.0,223.07700838139,87.48117975740783,24.663330126966
Sony,A7SIII,1357,51200,29101.0,224.10678230457,87.88501266845883,24.682166082328
Sony,A7SIII,1357,51200,29101.0,225.13655622775,88.2888455795098,24.700910234207
Sony,A7SIII,1357,51200,29101.0,226.16633015093,88.69267849056078,24.719563425425
Sony,A7SIII,1357,51200,29101.0,227.19610407411,89.09651140161176,24.738126487287
Sony,A7SIII,1357,51200,29101.0,228.22587799729,89.50034431266275,24.756600239795
Sony,A7SIII,1357,51200,29101.0,229.25565192047,89.90417722371372,24.774985491843
Sony,A7SIII,1357,51200,29101.0,230.28542584366,90.30801013476862,24.793283041425
Sony,A7SIII,1357,51200,29101.0,231.31519976684,90.7118430458196,24.811493675824
Sony,A7SIII,1357,51200,29101.0,232.34497369002,91.11567595687059,24.829618171805
Sony,A7SIII,1357,51200,29101.0,233.3747476132,91.51950886792156,24.847657295804
Sony,A7SIII,1357,51200,29101.0,234.40452153638,91.92334177897254,24.865611804107
Sony,A7SIII,1357,51200,29101.0,235.43429545956,92.32717469002353,24.883482443027
Sony,A7SIII,1357,51200,29101.0,236.46406938274,92.73100760107451,24.901269949083
Sony,A7SIII,1357,51200,29101.0,237.49384330592,93.13484051212548,24.918975049169
Sony,A7SIII,1357,51200,29101.0,238.5236172291,93.53867342317648,24.936598460719
Sony,A7SIII,1357,51200,29101.0,239.55339115229,93.94250633423138,24.954140891873
Sony,A7SIII,1357,51200,29101.0,240.58316507547,94.34633924528235,24.971603041634
Sony,A7SIII,1357,51200,29101.0,241.61293899865,94.75017215633333,24.988985600026
Sony,A7SIII,1357,51200,29101.0,242.64271292183,95.15400506738432,25.00628924825
Sony,A7SIII,1357,51200,29101.0,243.67248684501,95.5578379784353,25.023514658828
Sony,A7SIII,1357,51200,29101.0,244.70226076819,95.96167088948627,25.040662495754
Sony,A7SIII,1357,51200,29101.0,245.73203469137,96.36550380053725,25.057733414635
Sony,A7SIII,1357,51200,29101.0,246.76180861455,96.76933671158824,25.074728062835
Sony,A7SIII,1357,51200,29101.0,247.79158253773,97.17316962263921,25.091647079608
Sony,A7SIII,1357,51200,29101.0,248.82135646091,97.5770025336902,25.108491096237
Sony,A7SIII,1357,51200,29101.0,249.8511303841,97.9808354447451,25.125260736164
Sony,A7SIII,1357,51200,29101.0,250.88090430728,98.38466835579608,25.141956615119
Sony,A7SIII,1357,51200,29101.0,251.91067823046,98.78850126684706,25.158579341247
Sony,A7SIII,1357,51200,29101.0,252.94045215364,99.19233417789803,25.175129515233
Sony,A7SIII,1357,51200,29101.0,253.97022607682,99.59616708894903,25.191607730422
Sony,A7SIII,1357,51200,29101.0,255,100.0,25.208014572939
Sony,A7SIII,1357,102400,63617.0,2.2974541474869,0.9009624107791766,0
Sony,A7SIII,1357,102400,63617.0,4.7649366670145,1.8686026145154904,4.0364002560309
Sony,A7SIII,1357,102400,63617.0,5.7947105901955,2.2724355255668627,5.0480236617529
Sony,A7SIII,1357,102400,63617.0,6.8244845133765,2.676268436618235,5.8750398499075
Sony,A7SIII,1357,102400,63617.0,7.8542584365575,3.080101347669608,6.5734299168192
Sony,A7SIII,1357,102400,63617.0,8.8840323597385,3.4839342587209803,7.1772790608517
Sony,A7SIII,1357,102400,63617.0,9.9138062829195,3.8877671697723533,7.7088180601902
Sony,A7SIII,1357,102400,63617.0,10.943580206101,4.291600080823922,8.1833206028402
Sony,A7SIII,1357,102400,63617.0,11.973354129282,4.695432991875294,8.6117173496973
Sony,A7SIII,1357,102400,63617.0,13.003128052463,5.099265902926667,9.0020919953266
Sony,A7SIII,1357,102400,63617.0,14.032901975644,5.503098813978039,9.36058643752
Sony,A7SIII,1357,102400,63617.0,15.062675898825,5.906931725029412,9.6919738983679
Sony,A7SIII,1357,102400,63617.0,16.092449822006,6.310764636080784,10.000035808902
Sony,A7SIII,1357,102400,63617.0,17.122223745187,6.714597547132158,10.287817722352
Sony,A7SIII,1357,102400,63617.0,18.151997668368,7.118430458183529,10.557807929769
Sony,A7SIII,1357,102400,63617.0,19.181771591549,7.522263369234902,10.812065134759
Sony,A7SIII,1357,102400,63617.0,20.21154551473,7.9260962802862736,11.052311642022
Sony,A7SIII,1357,102400,63617.0,21.241319437911,8.329929191337646,11.280002641149
Sony,A7SIII,1357,102400,63617.0,22.271093361092,8.73376210238902,11.496378570048
Sony,A7SIII,1357,102400,63617.0,23.300867284273,9.137595013440391,11.702505276102
Sony,A7SIII,1357,102400,63617.0,24.330641207454,9.541427924491765,11.899305228915
Sony,A7SIII,1357,102400,63617.0,25.360415130635,9.945260835543138,12.087582070853
Sony,A7SIII,1357,102400,63617.0,26.390189053816,10.34909374659451,12.268040139002
Sony,A7SIII,1357,102400,63617.0,27.419962976997,10.752926657645883,12.441300143834
Sony,A7SIII,1357,102400,63617.0,28.449736900178,11.156759568697254,12.607911876705
Sony,A7SIII,1357,102400,63617.0,29.479510823359,11.560592479748626,12.768364596141
Sony,A7SIII,1357,102400,63617.0,30.50928474654,11.9644253908,12.923095583045
Sony,A7SIII,1357,102400,63617.0,31.539058669721,12.368258301851373,13.072497238459
Sony,A7SIII,1357,102400,63617.0,32.568832592902,12.772091212902744,13.216923011619
Sony,A7SIII,1357,102400,63617.0,33.598606516083,13.175924123954118,13.356692381926
Sony,A7SIII,1357,102400,63617.0,34.628380439264,13.57975703500549,13.492095070213
Sony,A7SIII,1357,102400,63617.0,35.658154362445,13.983589946056865,13.623394617895
Sony,A7SIII,1357,102400,63617.0,36.687928285626,14.387422857108238,13.750831444419
Sony,A7SIII,1357,102400,63617.0,37.717702208807,14.791255768159605,13.874625471584
Sony,A7SIII,1357,102400,63617.0,38.747476131988,15.195088679210981,13.994978386248
Sony,A7SIII,1357,102400,63617.0,39.777250055169,15.598921590262352,14.11207559955
Sony,A7SIII,1357,102400,63617.0,40.80702397835,16.002754501313728,14.22608795017
Sony,A7SIII,1357,102400,63617.0,41.836797901531,16.4065874123651,14.337173190701
Sony,A7SIII,1357,102400,63617.0,42.866571824712,16.81042032341647,14.445477289404
Sony,A7SIII,1357,102400,63617.0,43.896345747893,17.214253234467844,14.551135574192
Sony,A7SIII,1357,102400,63617.0,44.926119671074,17.618086145519214,14.654273741211
Sony,A7SIII,1357,102400,63617.0,45.955893594255,18.02191905657059,14.755008746792
Sony,A7SIII,1357,102400,63617.0,46.985667517436,18.425751967621963,14.853449598581
Sony,A7SIII,1357,102400,63617.0,48.015441440617,18.829584878673334,14.949698059217
Sony,A7SIII,1357,102400,63617.0,49.045215363798,19.233417789724705,15.043849273877
Sony,A7SIII,1357,102400,63617.0,50.074989286979,19.637250700776075,15.135992331383
Sony,A7SIII,1357,102400,63617.0,51.10476321016,20.04108361182745,15.226210767109
Sony,A7SIII,1357,102400,63617.0,52.134537133341,20.444916522878824,15.314583014791
Sony,A7SIII,1357,102400,63617.0,53.164311056522,20.848749433930198,15.401182813339
Sony,A7SIII,1357,102400,63617.0,54.194084979703,21.25258234498157,15.486079573919
Sony,A7SIII,1357,102400,63617.0,55.223858902884,21.65641525603294,15.569338711872
Sony,A7SIII,1357,102400,63617.0,56.253632826065,22.060248167084314,15.651021947428
Sony,A7SIII,1357,102400,63617.0,57.283406749246,22.464081078135685,15.731187578676
Sony,A7SIII,1357,102400,63617.0,58.313180672427,22.86791398918706,15.809890729797
Sony,A7SIII,1357,102400,63617.0,59.342954595608,23.27174690023843,15.887183577207
Sony,A7SIII,1357,102400,63617.0,60.372728518789,23.675579811289804,15.963115555918
Sony,A7SIII,1357,102400,63617.0,61.40250244197,24.079412722341175,16.037733548169
Sony,A7SIII,1357,102400,63617.0,62.432276365151,24.48324563339255,16.11108205611
Sony,A7SIII,1357,102400,63617.0,63.462050288332,24.887078544443924,16.183203360134
Sony,A7SIII,1357,102400,63617.0,64.491824211513,25.290911455495298,16.254137664275
Sony,A7SIII,1357,102400,63617.0,65.521598134694,25.69474436654667,16.323923229898
Sony,A7SIII,1357,102400,63617.0,66.551372057875,26.09857727759804,16.39259649881
Sony,A7SIII,1357,102400,63617.0,67.581145981056,26.50241018864941,16.460192206779
Sony,A7SIII,1357,102400,63617.0,68.610919904237,26.906243099700784,16.526743488332
Sony,A7SIII,1357,102400,63617.0,69.640693827418,27.31007601075216,16.592281973639
Sony,A7SIII,1357,102400,63617.0,70.670467750599,27.713908921803533,16.656837878178
Sony,A7SIII,1357,102400,63617.0,71.70024167378,28.117741832854904,16.720440085823
Sony,A7SIII,1357,102400,63617.0,72.730015596961,28.521574743906275,16.783116225918
Sony,A7SIII,1357,102400,63617.0,73.759789520142,28.925407654957645,16.844892744867
Sony,A7SIII,1357,102400,63617.0,74.789563443323,29.329240566009023,16.905794972676
Sony,A7SIII,1357,102400,63617.0,75.819337366504,29.73307347706039,16.965847184898
Sony,A7SIII,1357,102400,63617.0,76.849111289685,30.13690638811176,17.025072660332
Sony,A7SIII,1357,102400,63617.0,77.878885212866,30.540739299163132,17.083493734833
Sony,A7SIII,1357,102400,63617.0,78.908659136047,30.94457221021451,17.141131851544
Sony,A7SIII,1357,102400,63617.0,79.938433059228,31.34840512126588,17.198007607824
Sony,A7SIII,1357,102400,63617.0,80.968206982409,31.752238032317255,17.254140799132
Sony,A7SIII,1357,102400,63617.0,81.99798090559,32.156070943368626,17.309550460108
Sony,A7SIII,1357,102400,63617.0,83.027754828771,32.55990385442,17.364254903056
Sony,A7SIII,1357,102400,63617.0,84.057528751952,32.963736765471374,17.418271754019
Sony,A7SIII,1357,102400,63617.0,85.087302675133,33.36756967652275,17.471617986638
Sony,A7SIII,1357,102400,63617.0,86.117076598314,33.771402587574116,17.524309953944
Sony,A7SIII,1357,102400,63617.0,87.146850521495,34.17523549862549,17.576363418242
Sony,A7SIII,1357,102400,63617.0,88.176624444676,34.579068409676864,17.627793579211
Sony,A7SIII,1357,102400,63617.0,89.206398367857,34.98290132072824,17.678615100364
Sony,A7SIII,1357,102400,63617.0,90.236172291038,35.38673423177961,17.728842133957
Sony,A7SIII,1357,102400,63617.0,91.265946214219,35.79056714283098,17.778488344484
Sony,A7SIII,1357,102400,63617.0,92.2957201374,36.194400053882354,17.827566930823
Sony,A7SIII,1357,102400,63617.0,93.325494060581,36.59823296493372,17.876090647153
Sony,A7SIII,1357,102400,63617.0,94.355267983762,37.0020658759851,17.924071822699
Sony,A7SIII,1357,102400,63617.0,95.385041906943,37.40589878703647,17.971522380402
Sony,A7SIII,1357,102400,63617.0,96.414815830124,37.809731698087845,18.018453854567
Sony,A7SIII,1357,102400,63617.0,97.444589753305,38.21356460913922,18.064877407573
Sony,A7SIII,1357,102400,63617.0,98.474363676486,38.617397520190586,18.110803845682
Sony,A7SIII,1357,102400,63617.0,99.504137599668,39.02123043124235,18.156243634031
Sony,A7SIII,1357,102400,63617.0,100.53391152285,39.42506334229412,18.201206910834
Sony,A7SIII,1357,102400,63617.0,101.56368544603,39.8288962533451,18.245703500852
Sony,A7SIII,1357,102400,63617.0,102.59345936921,40.232729164396076,18.289742928187
Sony,A7SIII,1357,102400,63617.0,103.62323329239,40.63656207544706,18.333334428418
Sony,A7SIII,1357,102400,63617.0,104.65300721557,41.04039498649804,18.376486960136
Sony,A7SIII,1357,102400,63617.0,105.68278113875,41.44422789754902,18.41920921591
Sony,A7SIII,1357,102400,63617.0,106.71255506193,41.8480608086,18.461509632712
Sony,A7SIII,1357,102400,63617.0,107.74232898512,42.2518937196549,18.503396401842
Sony,A7SIII,1357,102400,63617.0,108.7721029083,42.65572663070588,18.544877478366
Sony,A7SIII,1357,102400,63617.0,109.80187683148,43.05955954175686,18.58596059012
Sony,A7SIII,1357,102400,63617.0,110.83165075466,43.463392452807845,18.626653246271
Sony,A7SIII,1357,102400,63617.0,111.86142467784,43.86722536385882,18.666962745497
Sony,A7SIII,1357,102400,63617.0,112.89119860102,44.271058274909805,18.706896183775
Sony,A7SIII,1357,102400,63617.0,113.9209725242,44.67489118596079,18.746460461815
Sony,A7SIII,1357,102400,63617.0,114.95074644738,45.078724097011765,18.785662292163
Sony,A7SIII,1357,102400,63617.0,115.98052037056,45.48255700806275,18.824508205976
Sony,A7SIII,1357,102400,63617.0,117.01029429374,45.88638991911373,18.863004559498
Sony,A7SIII,1357,102400,63617.0,118.04006821693,46.290222830168624,18.901157540249
Sony,A7SIII,1357,102400,63617.0,119.06984214011,46.69405574121961,18.938973172944
Sony,A7SIII,1357,102400,63617.0,120.09961606329,47.09788865227058,18.976457325154
Sony,A7SIII,1357,102400,63617.0,121.12938998647,47.50172156332157,19.013615712724
Sony,A7SIII,1357,102400,63617.0,122.15916390965,47.90555447437255,19.050453904955
Sony,A7SIII,1357,102400,63617.0,123.18893783283,48.30938738542353,19.086977329574
Sony,A7SIII,1357,102400,63617.0,124.21871175601,48.71322029647451,19.123191277489
Sony,A7SIII,1357,102400,63617.0,125.24848567919,49.117053207525494,19.159100907351
Sony,A7SIII,1357,102400,63617.0,126.27825960237,49.52088611857647,19.194711249921
Sony,A7SIII,1357,102400,63617.0,127.30803352555,49.924719029627454,19.230027212265
Sony,A7SIII,1357,102400,63617.0,128.33780744874,50.32855194068235,19.265053581775
Sony,A7SIII,1357,102400,63617.0,129.36758137192,50.732384851733336,19.29979503003
Sony,A7SIII,1357,102400,63617.0,130.3973552951,51.136217762784305,19.334256116495
Sony,A7SIII,1357,102400,63617.0,131.42712921828,51.54005067383529,19.368441292088
Sony,A7SIII,1357,102400,63617.0,132.45690314146,51.94388358488627,19.402354902593
Sony,A7SIII,1357,102400,63617.0,133.48667706464,52.34771649593725,19.436001191944
Sony,A7SIII,1357,102400,63617.0,134.51645098782,52.75154940698824,19.469384305386
Sony,A7SIII,1357,102400,63617.0,135.546224911,53.155382318039216,19.502508292507
Sony,A7SIII,1357,102400,63617.0,136.57599883418,53.5592152290902,19.535377110163
Sony,A7SIII,1357,102400,63617.0,137.60577275736,53.963048140141176,19.567994625282
Sony,A7SIII,1357,102400,63617.0,138.63554668055,54.36688105119608,19.600364617574
Sony,A7SIII,1357,102400,63617.0,139.66532060373,54.770713962247065,19.63249078213
Sony,A7SIII,1357,102400,63617.0,140.69509452691,55.174546873298034,19.664376731927
Sony,A7SIII,1357,102400,63617.0,141.72486845009,55.57837978434903,19.69602600025
Sony,A7SIII,1357,102400,63617.0,142.75464237327,55.9822126954,19.727442043013
Sony,A7SIII,1357,102400,63617.0,143.78441629645,56.38604560645098,19.758628240999
Sony,A7SIII,1357,102400,63617.0,144.81419021963,56.78987851750197,19.78958790203
Sony,A7SIII,1357,102400,63617.0,145.84396414281,57.19371142855294,19.820324263044
Sony,A7SIII,1357,102400,63617.0,146.87373806599,57.59754433960392,19.850840492107
Sony,A7SIII,1357,102400,63617.0,147.90351198918,58.00137725065883,19.881139690356
Sony,A7SIII,1357,102400,63617.0,148.93328591236,58.405210161709796,19.911224893868
Sony,A7SIII,1357,102400,63617.0,149.96305983554,58.809043072760794,19.941099075467
Sony,A7SIII,1357,102400,63617.0,150.99283375872,59.21287598381176,19.970765146471
Sony,A7SIII,1357,102400,63617.0,152.0226076819,59.61670889486275,20.000225958375
Sony,A7SIII,1357,102400,63617.0,153.05238160508,60.02054180591373,20.029484304478
Sony,A7SIII,1357,102400,63617.0,154.08215552826,60.4243747169647,20.058542921458
Sony,A7SIII,1357,102400,63617.0,155.11192945144,60.82820762801568,20.08740449089
Sony,A7SIII,1357,102400,63617.0,156.14170337462,61.232040539066666,20.116071640717
Sony,A7SIII,1357,102400,63617.0,157.1714772978,61.63587345011765,20.144546946669
Sony,A7SIII,1357,102400,63617.0,158.20125122099,62.039706361172556,20.172832933638
Sony,A7SIII,1357,102400,63617.0,159.23102514417,62.443539272223525,20.200932077005
Sony,A7SIII,1357,102400,63617.0,160.26079906735,62.84737218327451,20.228846803929
Sony,A7SIII,1357,102400,63617.0,161.29057299053,63.25120509432549,20.256579494589
Sony,A7SIII,1357,102400,63617.0,162.32034691371,63.655038005376475,20.284132483391
Sony,A7SIII,1357,102400,63617.0,163.35012083689,64.05887091642745,20.311508060129
Sony,A7SIII,1357,102400,63617.0,164.37989476007,64.46270382747844,20.338708471122
Sony,A7SIII,1357,102400,63617.0,165.40966868325,64.86653673852942,20.3657359203
Sony,A7SIII,1357,102400,63617.0,166.43944260643,65.27036964958039,20.39259257027
Sony,A7SIII,1357,102400,63617.0,167.46921652961,65.67420256063137,20.419280543336
Sony,A7SIII,1357,102400,63617.0,168.4989904528,66.07803547168626,20.445801922502
Sony,A7SIII,1357,102400,63617.0,169.52876437598,66.48186838273725,20.47215875243
Sony,A7SIII,1357,102400,63617.0,170.55853829916,66.88570129378823,20.498353040377
Sony,A7SIII,1357,102400,63617.0,171.58831222234,67.28953420483921,20.524386757104
Sony,A7SIII,1357,102400,63617.0,172.61808614552,67.6933671158902,20.550261837751
Sony,A7SIII,1357,102400,63617.0,173.6478600687,68.09720002694118,20.575980182695
Sony,A7SIII,1357,102400,63617.0,174.67763399188,68.50103293799215,20.601543658373
Sony,A7SIII,1357,102400,63617.0,175.70740791506,68.90486584904313,20.626954098091
Sony,A7SIII,1357,102400,63617.0,176.73718183824,69.30869876009412,20.652213302797
Sony,A7SIII,1357,102400,63617.0,177.76695576142,69.7125316711451,20.677323041843
Sony,A7SIII,1357,102400,63617.0,178.79672968461,70.11636458219999,20.702285053717
Sony,A7SIII,1357,102400,63617.0,179.82650360779,70.52019749325098,20.727101046757
Sony,A7SIII,1357,102400,63617.0,180.85627753097,70.92403040430196,20.751772699846
Sony,A7SIII,1357,102400,63617.0,181.88605145415,71.32786331535293,20.776301663082
Sony,A7SIII,1357,102400,63617.0,182.91582537733,71.73169622640393,20.800689558437
Sony,A7SIII,1357,102400,63617.0,183.94559930051,72.1355291374549,20.824937980386
Sony,A7SIII,1357,102400,63617.0,184.97537322369,72.53936204850588,20.849048496532
Sony,A7SIII,1357,102400,63617.0,186.00514714687,72.94319495955686,20.8730226482
Sony,A7SIII,1357,102400,63617.0,187.03492107005,73.34702787060785,20.896861951025
Sony,A7SIII,1357,102400,63617.0,188.06469499323,73.75086078165882,20.920567895521
Sony,A7SIII,1357,102400,63617.0,189.09446891642,74.15469369271372,20.944141947629
Sony,A7SIII,1357,102400,63617.0,190.1242428396,74.55852660376469,20.967585549254
Sony,A7SIII,1357,102400,63617.0,191.15401676278,74.96235951481569,20.990900118793
Sony,A7SIII,1357,102400,63617.0,192.18379068596,75.36619242586666,21.014087051638
Sony,A7SIII,1357,102400,63617.0,193.21356460914,75.77002533691764,21.037147720674
Sony,A7SIII,1357,102400,63617.0,194.24333853232,76.17385824796862,21.060083476756
Sony,A7SIII,1357,102400,63617.0,195.2731124555,76.57769115901961,21.082895649184
Sony,A7SIII,1357,102400,63617.0,196.30288637868,76.98152407007058,21.105585546154
Sony,A7SIII,1357,102400,63617.0,197.33266030186,77.38535698112156,21.128154455205
Sony,A7SIII,1357,102400,63617.0,198.36243422504,77.78918989217254,21.15060364365
Sony,A7SIII,1357,102400,63617.0,199.39220814823,78.19302280322745,21.172934359
Sony,A7SIII,1357,102400,63617.0,200.42198207141,78.59685571427843,21.195147829371
Sony,A7SIII,1357,102400,63617.0,201.45175599459,79.0006886253294,21.217245263886
Sony,A7SIII,1357,102400,63617.0,202.48152991777,79.40452153638039,21.239227853064
Sony,A7SIII,1357,102400,63617.0,203.51130384095,79.80835444743137,21.261096769201
Sony,A7SIII,1357,102400,63617.0,204.54107776413,80.21218735848234,21.282853166737
Sony,A7SIII,1357,102400,63617.0,205.57085168731,80.61602026953334,21.304498182621
Sony,A7SIII,1357,102400,63617.0,206.60062561049,81.0198531805843,21.326032936657
Sony,A7SIII,1357,102400,63617.0,207.63039953367,81.42368609163529,21.347458531853
Sony,A7SIII,1357,102400,63617.0,208.66017345685,81.82751900268627,21.368776054752
Sony,A7SIII,1357,102400,63617.0,209.68994738004,82.23135191374118,21.389986575757
Sony,A7SIII,1357,102400,63617.0,210.71972130322,82.63518482479216,21.411091149452
Sony,A7SIII,1357,102400,63617.0,211.7494952264,83.03901773584313,21.432090814909
Sony,A7SIII,1357,102400,63617.0,212.77926914958,83.44285064689412,21.452986595993
Sony,A7SIII,1357,102400,63617.0,213.80904307276,83.8466835579451,21.473779501659
Sony,A7SIII,1357,102400,63617.0,214.83881699594,84.25051646899607,21.494470526235
Sony,A7SIII,1357,102400,63617.0,215.86859091912,84.65434938004707,21.515060649707
Sony,A7SIII,1357,102400,63617.0,216.8983648423,85.05818229109803,21.535550837991
Sony,A7SIII,1357,102400,63617.0,217.92813876548,85.46201520214902,21.555942043207
Sony,A7SIII,1357,102400,63617.0,218.95791268866,85.8658481132,21.576235203931
Sony,A7SIII,1357,102400,63617.0,219.98768661185,86.2696810242549,21.596431245459
Sony,A7SIII,1357,102400,63617.0,221.01746053503,86.67351393530589,21.616531080052
Sony,A7SIII,1357,102400,63617.0,222.04723445821,87.07734684635686,21.63653560718
Sony,A7SIII,1357,102400,63617.0,223.07700838139,87.48117975740783,21.656445713764
Sony,A7SIII,1357,102400,63617.0,224.10678230457,87.88501266845883,21.676262274401
Sony,A7SIII,1357,102400,63617.0,225.13655622775,88.2888455795098,21.695986151599
Sony,A7SIII,1357,102400,63617.0,226.16633015093,88.69267849056078,21.715618195991
Sony,A7SIII,1357,102400,63617.0,227.19610407411,89.09651140161176,21.735159246561
Sony,A7SIII,1357,102400,63617.0,228.22587799729,89.50034431266275,21.754610130847
Sony,A7SIII,1357,102400,63617.0,229.25565192047,89.90417722371372,21.773971665155
Sony,A7SIII,1357,102400,63617.0,230.28542584366,90.30801013476862,21.793244654755
Sony,A7SIII,1357,102400,63617.0,231.31519976684,90.7118430458196,21.812429894086
Sony,A7SIII,1357,102400,63617.0,232.34497369002,91.11567595687059,21.831528166945
Sony,A7SIII,1357,102400,63617.0,233.3747476132,91.51950886792156,21.850540246675
Sony,A7SIII,1357,102400,63617.0,234.40452153638,91.92334177897254,21.869466896354
Sony,A7SIII,1357,102400,63617.0,235.43429545956,92.32717469002353,21.888308868974
Sony,A7SIII,1357,102400,63617.0,236.46406938274,92.73100760107451,21.907066907617
Sony,A7SIII,1357,102400,63617.0,237.49384330592,93.13484051212548,21.925741745631
Sony,A7SIII,1357,102400,63617.0,238.5236172291,93.53867342317648,21.944334106795
Sony,A7SIII,1357,102400,63617.0,239.55339115229,93.94250633423138,21.962844705488
Sony,A7SIII,1357,102400,63617.0,240.58316507547,94.34633924528235,21.981274246851
Sony,A7SIII,1357,102400,63617.0,241.61293899865,94.75017215633333,21.999623426943
Sony,A7SIII,1357,102400,63617.0,242.64271292183,95.15400506738432,22.017892932901
Sony,A7SIII,1357,102400,63617.0,243.67248684501,95.5578379784353,22.036083443086
Sony,A7SIII,1357,102400,63617.0,244.70226076819,95.96167088948627,22.054195627236
Sony,A7SIII,1357,102400,63617.0,245.73203469137,96.36550380053725,22.07223014661
Sony,A7SIII,1357,102400,63617.0,246.76180861455,96.76933671158824,22.09018765413
Sony,A7SIII,1357,102400,63617.0,247.79158253773,97.17316962263921,22.108068794523
Sony,A7SIII,1357,102400,63617.0,248.82135646091,97.5770025336902,22.125874204454
Sony,A7SIII,1357,102400,63617.0,249.8511303841,97.9808354447451,22.143604512664
Sony,A7SIII,1357,102400,63617.0,250.88090430728,98.38466835579608,22.161260340095
Sony,A7SIII,1357,102400,63617.0,251.91067823046,98.78850126684706,22.178842300026
Sony,A7SIII,1357,102400,63617.0,252.94045215364,99.19233417789803,22.196350998193
Sony,A7SIII,1357,102400,63617.0,253.97022607682,99.59616708894903,22.213787032913
Sony,A7SIII,1357,102400,63617.0,255,100.0,22.231150995206
Sony,A7SIII,1357,204800,139267.0,4.7649366670145,1.8686026145154904,0
Sony,A7SIII,1357,204800,139267.0,5.7947105901955,2.2724355255668627,1.3603807668485
Sony,A7SIII,1357,204800,139267.0,6.8244845133765,2.676268436618235,2.4660484376128
Sony,A7SIII,1357,204800,139267.0,7.8542584365575,3.080101347669608,3.3924652157791
Sony,A7SIII,1357,204800,139267.0,8.8840323597385,3.4839342587209803,4.1864704049617
Sony,A7SIII,1357,204800,139267.0,9.9138062829195,3.8877671697723533,4.8790323718767
Sony,A7SIII,1357,204800,139267.0,10.943580206101,4.291600080823922,5.491630410688
Sony,A7SIII,1357,204800,139267.0,11.973354129282,4.695432991875294,6.0397340095793
Sony,A7SIII,1357,204800,139267.0,13.003128052463,5.099265902926667,6.5348288966133
Sony,A7SIII,1357,204800,139267.0,14.032901975644,5.503098813978039,6.9856603971138
Sony,A7SIII,1357,204800,139267.0,15.062675898825,5.906931725029412,7.3990298674916
Sony,A7SIII,1357,204800,139267.0,16.092449822006,6.310764636080784,7.7803233943398
Sony,A7SIII,1357,204800,139267.0,17.122223745187,6.714597547132158,8.1338735390762
Sony,A7SIII,1357,204800,139267.0,18.151997668368,7.118430458183529,8.463213362318
Sony,A7SIII,1357,204800,139267.0,19.181771591549,7.522263369234902,8.7712588756028
Sony,A7SIII,1357,204800,139267.0,20.21154551473,7.9260962802862736,9.0604427065635
Sony,A7SIII,1357,204800,139267.0,21.241319437911,8.329929191337646,9.3328137534436
Sony,A7SIII,1357,204800,139267.0,22.271093361092,8.73376210238902,9.5901126524634
Sony,A7SIII,1357,204800,139267.0,23.300867284273,9.137595013440391,9.8338297353093
Sony,A7SIII,1357,204800,139267.0,24.330641207454,9.541427924491765,10.065250106253
Sony,A7SIII,1357,204800,139267.0,25.360415130635,9.945260835543138,10.285489106398
Sony,A7SIII,1357,204800,139267.0,26.390189053816,10.34909374659451,10.495520508761
Sony,A7SIII,1357,204800,139267.0,27.419962976997,10.752926657645883,10.696199150182
Sony,A7SIII,1357,204800,139267.0,28.449736900178,11.156759568697254,10.888279258567
Sony,A7SIII,1357,204800,139267.0,29.479510823359,11.560592479748626,11.072429415458
Sony,A7SIII,1357,204800,139267.0,30.50928474654,11.9644253908,11.249244863923
Sony,A7SIII,1357,204800,139267.0,31.539058669721,12.368258301851373,11.41925770378
Sony,A7SIII,1357,204800,139267.0,32.568832592902,12.772091212902744,11.582945391912
Sony,A7SIII,1357,204800,139267.0,33.598606516083,13.175924123954118,11.740737872596
Sony,A7SIII,1357,204800,139267.0,34.628380439264,13.57975703500549,11.893023592722
Sony,A7SIII,1357,204800,139267.0,35.658154362445,13.983589946056865,12.040154603392
Sony,A7SIII,1357,204800,139267.0,36.687928285626,14.387422857108238,12.182450908352
Sony,A7SIII,1357,204800,139267.0,37.717702208807,14.791255768159605,12.320204187958
Sony,A7SIII,1357,204800,139267.0,38.747476131988,15.195088679210981,12.453681002552
Sony,A7SIII,1357,204800,139267.0,39.777250055169,15.598921590262352,12.58312555959
Sony,A7SIII,1357,204800,139267.0,40.80702397835,16.002754501313728,12.708762113466
Sony,A7SIII,1357,204800,139267.0,41.836797901531,16.4065874123651,12.830797054609
Sony,A7SIII,1357,204800,139267.0,42.866571824712,16.81042032341647,12.949420734598
Sony,A7SIII,1357,204800,139267.0,43.896345747893,17.214253234467844,13.064809066072
Sony,A7SIII,1357,204800,139267.0,44.926119671074,17.618086145519214,13.17712492975
Sony,A7SIII,1357,204800,139267.0,45.955893594255,18.02191905657059,13.28651941563
Sony,A7SIII,1357,204800,139267.0,46.985667517436,18.425751967621963,13.393132921127
Sony,A7SIII,1357,204800,139267.0,48.015441440617,18.829584878673334,13.497096125361
Sony,A7SIII,1357,204800,139267.0,49.045215363798,19.233417789724705,13.598530855873
Sony,A7SIII,1357,204800,139267.0,50.074989286979,19.637250700776075,13.697550861633
Sony,A7SIII,1357,204800,139267.0,51.10476321016,20.04108361182745,13.794262504155
Sony,A7SIII,1357,204800,139267.0,52.134537133341,20.444916522878824,13.888765376858
Sony,A7SIII,1357,204800,139267.0,53.164311056522,20.848749433930198,13.981152861358
Sony,A7SIII,1357,204800,139267.0,54.194084979703,21.25258234498157,14.071512628222
Sony,A7SIII,1357,204800,139267.0,55.223858902884,21.65641525603294,14.159927088638
Sony,A7SIII,1357,204800,139267.0,56.253632826065,22.060248167084314,14.246473802655
Sony,A7SIII,1357,204800,139267.0,57.283406749246,22.464081078135685,14.331225848858
Sony,A7SIII,1357,204800,139267.0,58.313180672427,22.86791398918706,14.414252159761
Sony,A7SIII,1357,204800,139267.0,59.342954595608,23.27174690023843,14.495617826625
Sony,A7SIII,1357,204800,139267.0,60.372728518789,23.675579811289804,14.575384376978
Sony,A7SIII,1357,204800,139267.0,61.40250244197,24.079412722341175,14.653610027696
Sony,A7SIII,1357,204800,139267.0,62.432276365151,24.48324563339255,14.730349916173
Sony,A7SIII,1357,204800,139267.0,63.462050288332,24.887078544443924,14.805656311797
Sony,A7SIII,1357,204800,139267.0,64.491824211513,25.290911455495298,14.87957880971
Sony,A7SIII,1357,204800,139267.0,65.521598134694,25.69474436654667,14.952164508587
Sony,A7SIII,1357,204800,139267.0,66.551372057875,26.09857727759804,15.023458173984
Sony,A7SIII,1357,204800,139267.0,67.581145981056,26.50241018864941,15.09350238863
Sony,A7SIII,1357,204800,139267.0,68.610919904237,26.906243099700784,15.162337690887
Sony,A7SIII,1357,204800,139267.0,69.640693827418,27.31007601075216,15.230002702479
Sony,A7SIII,1357,204800,139267.0,70.670467750599,27.713908921803533,15.296534246461
Sony,A7SIII,1357,204800,139267.0,71.70024167378,28.117741832854904,15.361967456302
Sony,A7SIII,1357,204800,139267.0,72.730015596961,28.521574743906275,15.426335876884
Sony,A7SIII,1357,204800,139267.0,73.759789520142,28.925407654957645,15.489671558105
Sony,A7SIII,1357,204800,139267.0,74.789563443323,29.329240566009023,15.55200514173
Sony,A7SIII,1357,204800,139267.0,75.819337366504,29.73307347706039,15.613365942066
Sony,A7SIII,1357,204800,139267.0,76.849111289685,30.13690638811176,15.673782020976
Sony,A7SIII,1357,204800,139267.0,77.878885212866,30.540739299163132,15.733280257696
Sony,A7SIII,1357,204800,139267.0,78.908659136047,30.94457221021451,15.791886413886
Sony,A7SIII,1357,204800,139267.0,79.938433059228,31.34840512126588,15.84962519429
Sony,A7SIII,1357,204800,139267.0,80.968206982409,31.752238032317255,15.906520303366
Sony,A7SIII,1357,204800,139267.0,81.99798090559,32.156070943368626,15.962594498185
Sony,A7SIII,1357,204800,139267.0,83.027754828771,32.55990385442,16.017869637907
Sony,A7SIII,1357,204800,139267.0,84.057528751952,32.963736765471374,16.072366730083
Sony,A7SIII,1357,204800,139267.0,85.087302675133,33.36756967652275,16.126105974024
Sony,A7SIII,1357,204800,139267.0,86.117076598314,33.771402587574116,16.179106801462
Sony,A7SIII,1357,204800,139267.0,87.146850521495,34.17523549862549,16.2313879147
Sony,A7SIII,1357,204800,139267.0,88.176624444676,34.579068409676864,16.282967322429
Sony,A7SIII,1357,204800,139267.0,89.206398367857,34.98290132072824,16.33386237339
Sony,A7SIII,1357,204800,139267.0,90.236172291038,35.38673423177961,16.384089788025
Sony,A7SIII,1357,204800,139267.0,91.265946214219,35.79056714283098,16.433665688263
Sony,A7SIII,1357,204800,139267.0,92.2957201374,36.194400053882354,16.482605625572
Sony,A7SIII,1357,204800,139267.0,93.325494060581,36.59823296493372,16.530924607393
Sony,A7SIII,1357,204800,139267.0,94.355267983762,37.0020658759851,16.578637122069
Sony,A7SIII,1357,204800,139267.0,95.385041906943,37.40589878703647,16.625757162368
Sony,A7SIII,1357,204800,139267.0,96.414815830124,37.809731698087845,16.672298247696
Sony,A7SIII,1357,204800,139267.0,97.444589753305,38.21356460913922,16.718273445084
Sony,A7SIII,1357,204800,139267.0,98.474363676486,38.617397520190586,16.763695389033
Sony,A7SIII,1357,204800,139267.0,99.504137599668,39.02123043124235,16.80857630028
Sony,A7SIII,1357,204800,139267.0,100.53391152285,39.42506334229412,16.852928003574
Sony,A7SIII,1357,204800,139267.0,101.56368544603,39.8288962533451,16.896761944497
Sony,A7SIII,1357,204800,139267.0,102.59345936921,40.232729164396076,16.940089205419
Sony,A7SIII,1357,204800,139267.0,103.62323329239,40.63656207544706,16.982920520618
Sony,A7SIII,1357,204800,139267.0,104.65300721557,41.04039498649804,17.025266290627
Sony,A7SIII,1357,204800,139267.0,105.68278113875,41.44422789754902,17.067136595852
Sony,A7SIII,1357,204800,139267.0,106.71255506193,41.8480608086,17.108541209507
Sony,A7SIII,1357,204800,139267.0,107.74232898512,42.2518937196549,17.149489609903
Sony,A7SIII,1357,204800,139267.0,108.7721029083,42.65572663070588,17.189990992132
Sony,A7SIII,1357,204800,139267.0,109.80187683148,43.05955954175686,17.23005427918
Sony,A7SIII,1357,204800,139267.0,110.83165075466,43.463392452807845,17.269688132505
Sony,A7SIII,1357,204800,139267.0,111.86142467784,43.86722536385882,17.308900962103
Sony,A7SIII,1357,204800,139267.0,112.89119860102,44.271058274909805,17.3477009361
Sony,A7SIII,1357,204800,139267.0,113.9209725242,44.67489118596079,17.386095989892
Sony,A7SIII,1357,204800,139267.0,114.95074644738,45.078724097011765,17.42409383486
Sony,A7SIII,1357,204800,139267.0,115.98052037056,45.48255700806275,17.46170196668
Sony,A7SIII,1357,204800,139267.0,117.01029429374,45.88638991911373,17.498927673254
Sony,A7SIII,1357,204800,139267.0,118.04006821693,46.290222830168624,17.535778042279
Sony,A7SIII,1357,204800,139267.0,119.06984214011,46.69405574121961,17.572259968484
Sony,A7SIII,1357,204800,139267.0,120.09961606329,47.09788865227058,17.60838016053
Sony,A7SIII,1357,204800,139267.0,121.12938998647,47.50172156332157,17.644145147622
Sony,A7SIII,1357,204800,139267.0,122.15916390965,47.90555447437255,17.679561285814
Sony,A7SIII,1357,204800,139267.0,123.18893783283,48.30938738542353,17.714634764056
Sony,A7SIII,1357,204800,139267.0,124.21871175601,48.71322029647451,17.749371609967
Sony,A7SIII,1357,204800,139267.0,125.24848567919,49.117053207525494,17.783777695375
Sony,A7SIII,1357,204800,139267.0,126.27825960237,49.52088611857647,17.817858741607
Sony,A7SIII,1357,204800,139267.0,127.30803352555,49.924719029627454,17.851620324571
Sony,A7SIII,1357,204800,139267.0,128.33780744874,50.32855194068235,17.88506787962
Sony,A7SIII,1357,204800,139267.0,129.36758137192,50.732384851733336,17.918206706209
Sony,A7SIII,1357,204800,139267.0,130.3973552951,51.136217762784305,17.951041972376
Sony,A7SIII,1357,204800,139267.0,131.42712921828,51.54005067383529,17.983578719026
Sony,A7SIII,1357,204800,139267.0,132.45690314146,51.94388358488627,18.015821864049
Sony,A7SIII,1357,204800,139267.0,133.48667706464,52.34771649593725,18.047776206277
Sony,A7SIII,1357,204800,139267.0,134.51645098782,52.75154940698824,18.079446429272
Sony,A7SIII,1357,204800,139267.0,135.546224911,53.155382318039216,18.110837104979
Sony,A7SIII,1357,204800,139267.0,136.57599883418,53.5592152290902,18.141952697225
Sony,A7SIII,1357,204800,139267.0,137.60577275736,53.963048140141176,18.172797565088
Sony,A7SIII,1357,204800,139267.0,138.63554668055,54.36688105119608,18.203375966134
Sony,A7SIII,1357,204800,139267.0,139.66532060373,54.770713962247065,18.233692059531
Sony,A7SIII,1357,204800,139267.0,140.69509452691,55.174546873298034,18.263749909048
Sony,A7SIII,1357,204800,139267.0,141.72486845009,55.57837978434903,18.293553485931
Sony,A7SIII,1357,204800,139267.0,142.75464237327,55.9822126954,18.323106671686
Sony,A7SIII,1357,204800,139267.0,143.78441629645,56.38604560645098,18.352413260746
Sony,A7SIII,1357,204800,139267.0,144.81419021963,56.78987851750197,18.381476963049
Sony,A7SIII,1357,204800,139267.0,145.84396414281,57.19371142855294,18.410301406513
Sony,A7SIII,1357,204800,139267.0,146.87373806599,57.59754433960392,18.43889013943
Sony,A7SIII,1357,204800,139267.0,147.90351198918,58.00137725065883,18.467246632767
Sony,A7SIII,1357,204800,139267.0,148.93328591236,58.405210161709796,18.495374282387
Sony,A7SIII,1357,204800,139267.0,149.96305983554,58.809043072760794,18.523276411195
Sony,A7SIII,1357,204800,139267.0,150.99283375872,59.21287598381176,18.550956271199
Sony,A7SIII,1357,204800,139267.0,152.0226076819,59.61670889486275,18.578417045507
Sony,A7SIII,1357,204800,139267.0,153.05238160508,60.02054180591373,18.605661850251
Sony,A7SIII,1357,204800,139267.0,154.08215552826,60.4243747169647,18.632693736448
Sony,A7SIII,1357,204800,139267.0,155.11192945144,60.82820762801568,18.65951569179
Sony,A7SIII,1357,204800,139267.0,156.14170337462,61.232040539066666,18.686130642377
Sony,A7SIII,1357,204800,139267.0,157.1714772978,61.63587345011765,18.712541454396
Sony,A7SIII,1357,204800,139267.0,158.20125122099,62.039706361172556,18.738750935735
Sony,A7SIII,1357,204800,139267.0,159.23102514417,62.443539272223525,18.764761837548
Sony,A7SIII,1357,204800,139267.0,160.26079906735,62.84737218327451,18.790576855768
Sony,A7SIII,1357,204800,139267.0,161.29057299053,63.25120509432549,18.816198632567
Sony,A7SIII,1357,204800,139267.0,162.32034691371,63.655038005376475,18.84162975777
Sony,A7SIII,1357,204800,139267.0,163.35012083689,64.05887091642745,18.866872770228
Sony,A7SIII,1357,204800,139267.0,164.37989476007,64.46270382747844,18.891930159134
Sony,A7SIII,1357,204800,139267.0,165.40966868325,64.86653673852942,18.91680436531
Sony,A7SIII,1357,204800,139267.0,166.43944260643,65.27036964958039,18.941497782445
Sony,A7SIII,1357,204800,139267.0,167.46921652961,65.67420256063137,18.966012758297
Sony,A7SIII,1357,204800,139267.0,168.4989904528,66.07803547168626,18.990351595853
Sony,A7SIII,1357,204800,139267.0,169.52876437598,66.48186838273725,19.01451655446
Sony,A7SIII,1357,204800,139267.0,170.55853829916,66.88570129378823,19.038509850911
Sony,A7SIII,1357,204800,139267.0,171.58831222234,67.28953420483921,19.062333660508
Sony,A7SIII,1357,204800,139267.0,172.61808614552,67.6933671158902,19.085990118083
Sony,A7SIII,1357,204800,139267.0,173.6478600687,68.09720002694118,19.109481318992
Sony,A7SIII,1357,204800,139267.0,174.67763399188,68.50103293799215,19.132809320082
Sony,A7SIII,1357,204800,139267.0,175.70740791506,68.90486584904313,19.155976140619
Sony,A7SIII,1357,204800,139267.0,176.73718183824,69.30869876009412,19.178983763199
Sony,A7SIII,1357,204800,139267.0,177.76695576142,69.7125316711451,19.201834134626
Sony,A7SIII,1357,204800,139267.0,178.79672968461,70.11636458219999,19.224529166763
Sony,A7SIII,1357,204800,139267.0,179.82650360779,70.52019749325098,19.247070737362
Sony,A7SIII,1357,204800,139267.0,180.85627753097,70.92403040430196,19.269460690867
Sony,A7SIII,1357,204800,139267.0,181.88605145415,71.32786331535293,19.291700839193
Sony,A7SIII,1357,204800,139267.0,182.91582537733,71.73169622640393,19.313792962482
Sony,A7SIII,1357,204800,139267.0,183.94559930051,72.1355291374549,19.335738809844
Sony,A7SIII,1357,204800,139267.0,184.97537322369,72.53936204850588,19.357540100063
Sony,A7SIII,1357,204800,139267.0,186.00514714687,72.94319495955686,19.379198522298
Sony,A7SIII,1357,204800,139267.0,187.03492107005,73.34702787060785,19.400715736755
Sony,A7SIII,1357,204800,139267.0,188.06469499323,73.75086078165882,19.422093375342
Sony,A7SIII,1357,204800,139267.0,189.09446891642,74.15469369271372,19.443333042304
Sony,A7SIII,1357,204800,139267.0,190.1242428396,74.55852660376469,19.464436314845
Sony,A7SIII,1357,204800,139267.0,191.15401676278,74.96235951481569,19.485404743728
Sony,A7SIII,1357,204800,139267.0,192.18379068596,75.36619242586666,19.506239853863
Sony,A7SIII,1357,204800,139267.0,193.21356460914,75.77002533691764,19.526943144871
Sony,A7SIII,1357,204800,139267.0,194.24333853232,76.17385824796862,19.547516091644
Sony,A7SIII,1357,204800,139267.0,195.2731124555,76.57769115901961,19.567960144877
Sony,A7SIII,1357,204800,139267.0,196.30288637868,76.98152407007058,19.588276731599
Sony,A7SIII,1357,204800,139267.0,197.33266030186,77.38535698112156,19.608467255678
Sony,A7SIII,1357,204800,139267.0,198.36243422504,77.78918989217254,19.628533098316
Sony,A7SIII,1357,204800,139267.0,199.39220814823,78.19302280322745,19.64847561854
Sony,A7SIII,1357,204800,139267.0,200.42198207141,78.59685571427843,19.668296153664
Sony,A7SIII,1357,204800,139267.0,201.45175599459,79.0006886253294,19.687996019751
Sony,A7SIII,1357,204800,139267.0,202.48152991777,79.40452153638039,19.707576512059
Sony,A7SIII,1357,204800,139267.0,203.51130384095,79.80835444743137,19.727038905473
Sony,A7SIII,1357,204800,139267.0,204.54107776413,80.21218735848234,19.746384454931
Sony,A7SIII,1357,204800,139267.0,205.57085168731,80.61602026953334,19.765614395836
Sony,A7SIII,1357,204800,139267.0,206.60062561049,81.0198531805843,19.784729944455
Sony,A7SIII,1357,204800,139267.0,207.63039953367,81.42368609163529,19.803732298313
Sony,A7SIII,1357,204800,139267.0,208.66017345685,81.82751900268627,19.822622636574
Sony,A7SIII,1357,204800,139267.0,209.68994738004,82.23135191374118,19.84140212041
Sony,A7SIII,1357,204800,139267.0,210.71972130322,82.63518482479216,19.86007189337
Sony,A7SIII,1357,204800,139267.0,211.7494952264,83.03901773584313,19.878633081726
Sony,A7SIII,1357,204800,139267.0,212.77926914958,83.44285064689412,19.897086794823
Sony,A7SIII,1357,204800,139267.0,213.80904307276,83.8466835579451,19.915434125412
Sony,A7SIII,1357,204800,139267.0,214.83881699594,84.25051646899607,19.933676149979
Sony,A7SIII,1357,204800,139267.0,215.86859091912,84.65434938004707,19.951813929064
Sony,A7SIII,1357,204800,139267.0,216.8983648423,85.05818229109803,19.969848507576
Sony,A7SIII,1357,204800,139267.0,217.92813876548,85.46201520214902,19.987780915093
Sony,A7SIII,1357,204800,139267.0,218.95791268866,85.8658481132,20.005612166161
Sony,A7SIII,1357,204800,139267.0,219.98768661185,86.2696810242549,20.023343260586
Sony,A7SIII,1357,204800,139267.0,221.01746053503,86.67351393530589,20.040975183712
Sony,A7SIII,1357,204800,139267.0,222.04723445821,87.07734684635686,20.058508906703
Sony,A7SIII,1357,204800,139267.0,223.07700838139,87.48117975740783,20.075945386807
Sony,A7SIII,1357,204800,139267.0,224.10678230457,87.88501266845883,20.093285567625
Sony,A7SIII,1357,204800,139267.0,225.13655622775,88.2888455795098,20.110530379362
Sony,A7SIII,1357,204800,139267.0,226.16633015093,88.69267849056078,20.127680739085
Sony,A7SIII,1357,204800,139267.0,227.19610407411,89.09651140161176,20.144737550961
Sony,A7SIII,1357,204800,139267.0,228.22587799729,89.50034431266275,20.161701706502
Sony,A7SIII,1357,204800,139267.0,229.25565192047,89.90417722371372,20.178574084797
Sony,A7SIII,1357,204800,139267.0,230.28542584366,90.30801013476862,20.19535555274
Sony,A7SIII,1357,204800,139267.0,231.31519976684,90.7118430458196,20.212046965254
Sony,A7SIII,1357,204800,139267.0,232.34497369002,91.11567595687059,20.228649165512
Sony,A7SIII,1357,204800,139267.0,233.3747476132,91.51950886792156,20.245162985146
Sony,A7SIII,1357,204800,139267.0,234.40452153638,91.92334177897254,20.261589244456
Sony,A7SIII,1357,204800,139267.0,235.43429545956,92.32717469002353,20.277928752619
Sony,A7SIII,1357,204800,139267.0,236.46406938274,92.73100760107451,20.294182307882
Sony,A7SIII,1357,204800,139267.0,237.49384330592,93.13484051212548,20.310350697762
Sony,A7SIII,1357,204800,139267.0,238.5236172291,93.53867342317648,20.326434699233
Sony,A7SIII,1357,204800,139267.0,239.55339115229,93.94250633423138,20.342435078914
Sony,A7SIII,1357,204800,139267.0,240.58316507547,94.34633924528235,20.35835259325
Sony,A7SIII,1357,204800,139267.0,241.61293899865,94.75017215633333,20.374187988694
Sony,A7SIII,1357,204800,139267.0,242.64271292183,95.15400506738432,20.389942001877
Sony,A7SIII,1357,204800,139267.0,243.67248684501,95.5578379784353,20.405615359779
Sony,A7SIII,1357,204800,139267.0,244.70226076819,95.96167088948627,20.421208779901
Sony,A7SIII,1357,204800,139267.0,245.73203469137,96.36550380053725,20.436722970423
Sony,A7SIII,1357,204800,139267.0,246.76180861455,96.76933671158824,20.452158630364
Sony,A7SIII,1357,204800,139267.0,247.79158253773,97.17316962263921,20.467516449743
Sony,A7SIII,1357,204800,139267.0,248.82135646091,97.5770025336902,20.482797109728
Sony,A7SIII,1357,204800,139267.0,249.8511303841,97.9808354447451,20.498001282786
Sony,A7SIII,1357,204800,139267.0,250.88090430728,98.38466835579608,20.513129632834
Sony,A7SIII,1357,204800,139267.0,251.91067823046,98.78850126684706,20.528182815377
Sony,A7SIII,1357,204800,139267.0,252.94045215364,99.19233417789803,20.543161477653
Sony,A7SIII,1357,204800,139267.0,253.97022607682,99.59616708894903,20.558066258768
Sony,A7SIII,1357,204800,139267.0,255,100.0,20.572897789832
Sony,A7SIII,1357,409600,300534.0,4.7649366670145,1.8686026145154904,0
Sony,A7SIII,1357,409600,300534.0,5.7947105901955,2.2724355255668627,0
Sony,A7SIII,1357,409600,300534.0,6.8244845133765,2.676268436618235,0
Sony,A7SIII,1357,409600,300534.0,7.8542584365575,3.080101347669608,0
Sony,A7SIII,1357,409600,300534.0,8.8840323597385,3.4839342587209803,0
Sony,A7SIII,1357,409600,300534.0,9.9138062829195,3.8877671697723533,0
Sony,A7SIII,1357,409600,300534.0,10.943580206101,4.291600080823922,0
Sony,A7SIII,1357,409600,300534.0,11.973354129282,4.695432991875294,0
Sony,A7SIII,1357,409600,300534.0,13.003128052463,5.099265902926667,0
Sony,A7SIII,1357,409600,300534.0,14.032901975644,5.503098813978039,0
Sony,A7SIII,1357,409600,300534.0,15.062675898825,5.906931725029412,0
Sony,A7SIII,1357,409600,300534.0,16.092449822006,6.310764636080784,0
Sony,A7SIII,1357,409600,300534.0,17.122223745187,6.714597547132158,0
Sony,A7SIII,1357,409600,300534.0,18.151997668368,7.118430458183529,0
Sony,A7SIII,1357,409600,300534.0,19.181771591549,7.522263369234902,0
Sony,A7SIII,1357,409600,300534.0,20.21154551473,7.9260962802862736,0
Sony,A7SIII,1357,409600,300534.0,21.241319437911,8.329929191337646,0
Sony,A7SIII,1357,409600,300534.0,22.271093361092,8.73376210238902,0
Sony,A7SIII,1357,409600,300534.0,23.300867284273,9.137595013440391,0
Sony,A7SIII,1357,409600,300534.0,24.330641207454,9.541427924491765,0
Sony,A7SIII,1357,409600,300534.0,25.360415130635,9.945260835543138,0
Sony,A7SIII,1357,409600,300534.0,26.390189053816,10.34909374659451,0
Sony,A7SIII,1357,409600,300534.0,27.419962976997,10.752926657645883,0
Sony,A7SIII,1357,409600,300534.0,28.449736900178,11.156759568697254,0
Sony,A7SIII,1357,409600,300534.0,29.479510823359,11.560592479748626,0
Sony,A7SIII,1357,409600,300534.0,30.50928474654,11.9644253908,0
Sony,A7SIII,1357,409600,300534.0,31.539058669721,12.368258301851373,0
Sony,A7SIII,1357,409600,300534.0,32.568832592902,12.772091212902744,0
Sony,A7SIII,1357,409600,300534.0,33.598606516083,13.175924123954118,0
Sony,A7SIII,1357,409600,300534.0,34.628380439264,13.57975703500549,0
Sony,A7SIII,1357,409600,300534.0,35.658154362445,13.983589946056865,0
Sony,A7SIII,1357,409600,300534.0,36.687928285626,14.387422857108238,0
Sony,A7SIII,1357,409600,300534.0,37.717702208807,14.791255768159605,0
Sony,A7SIII,1357,409600,300534.0,38.747476131988,15.195088679210981,0
Sony,A7SIII,1357,409600,300534.0,39.777250055169,15.598921590262352,0
Sony,A7SIII,1357,409600,300534.0,40.80702397835,16.002754501313728,0
Sony,A7SIII,1357,409600,300534.0,41.836797901531,16.4065874123651,0
Sony,A7SIII,1357,409600,300534.0,42.866571824712,16.81042032341647,0
Sony,A7SIII,1357,409600,300534.0,43.896345747893,17.214253234467844,0
Sony,A7SIII,1357,409600,300534.0,44.926119671074,17.618086145519214,0
Sony,A7SIII,1357,409600,300534.0,45.955893594255,18.02191905657059,0
Sony,A7SIII,1357,409600,300534.0,46.985667517436,18.425751967621963,0
Sony,A7SIII,1357,409600,300534.0,48.015441440617,18.829584878673334,0
Sony,A7SIII,1357,409600,300534.0,49.045215363798,19.233417789724705,0
Sony,A7SIII,1357,409600,300534.0,50.074989286979,19.637250700776075,0
Sony,A7SIII,1357,409600,300534.0,51.10476321016,20.04108361182745,0
Sony,A7SIII,1357,409600,300534.0,52.134537133341,20.444916522878824,0
Sony,A7SIII,1357,409600,300534.0,53.164311056522,20.848749433930198,0
Sony,A7SIII,1357,409600,300534.0,54.194084979703,21.25258234498157,0
Sony,A7SIII,1357,409600,300534.0,55.223858902884,21.65641525603294,0
Sony,A7SIII,1357,409600,300534.0,56.253632826065,22.060248167084314,0
Sony,A7SIII,1357,409600,300534.0,57.283406749246,22.464081078135685,0
Sony,A7SIII,1357,409600,300534.0,58.313180672427,22.86791398918706,0
Sony,A7SIII,1357,409600,300534.0,59.342954595608,23.27174690023843,0
Sony,A7SIII,1357,409600,300534.0,60.372728518789,23.675579811289804,0
Sony,A7SIII,1357,409600,300534.0,61.40250244197,24.079412722341175,0
Sony,A7SIII,1357,409600,300534.0,62.432276365151,24.48324563339255,0
Sony,A7SIII,1357,409600,300534.0,63.462050288332,24.887078544443924,0
Sony,A7SIII,1357,409600,300534.0,64.491824211513,25.290911455495298,0
Sony,A7SIII,1357,409600,300534.0,65.521598134694,25.69474436654667,0
Sony,A7SIII,1357,409600,300534.0,66.551372057875,26.09857727759804,0
Sony,A7SIII,1357,409600,300534.0,67.581145981056,26.50241018864941,0
Sony,A7SIII,1357,409600,300534.0,68.610919904237,26.906243099700784,0
Sony,A7SIII,1357,409600,300534.0,69.640693827418,27.31007601075216,0
Sony,A7SIII,1357,409600,300534.0,70.670467750599,27.713908921803533,0
Sony,A7SIII,1357,409600,300534.0,71.70024167378,28.117741832854904,0
Sony,A7SIII,1357,409600,300534.0,72.730015596961,28.521574743906275,0
Sony,A7SIII,1357,409600,300534.0,73.759789520142,28.925407654957645,0
Sony,A7SIII,1357,409600,300534.0,74.789563443323,29.329240566009023,0
Sony,A7SIII,1357,409600,300534.0,75.819337366504,29.73307347706039,0
Sony,A7SIII,1357,409600,300534.0,76.849111289685,30.13690638811176,0
Sony,A7SIII,1357,409600,300534.0,77.878885212866,30.540739299163132,0
Sony,A7SIII,1357,409600,300534.0,78.908659136047,30.94457221021451,0
Sony,A7SIII,1357,409600,300534.0,79.938433059228,31.34840512126588,0
Sony,A7SIII,1357,409600,300534.0,80.968206982409,31.752238032317255,0
Sony,A7SIII,1357,409600,300534.0,81.99798090559,32.156070943368626,0
Sony,A7SIII,1357,409600,300534.0,83.027754828771,32.55990385442,0
Sony,A7SIII,1357,409600,300534.0,84.057528751952,32.963736765471374,0
Sony,A7SIII,1357,409600,300534.0,85.087302675133,33.36756967652275,0
Sony,A7SIII,1357,409600,300534.0,86.117076598314,33.771402587574116,0
Sony,A7SIII,1357,409600,300534.0,87.146850521495,34.17523549862549,0
Sony,A7SIII,1357,409600,300534.0,88.176624444676,34.579068409676864,0
Sony,A7SIII,1357,409600,300534.0,89.206398367857,34.98290132072824,0
Sony,A7SIII,1357,409600,300534.0,90.236172291038,35.38673423177961,0
Sony,A7SIII,1357,409600,300534.0,91.265946214219,35.79056714283098,0
Sony,A7SIII,1357,409600,300534.0,92.2957201374,36.194400053882354,0
Sony,A7SIII,1357,409600,300534.0,93.325494060581,36.59823296493372,0
Sony,A7SIII,1357,409600,300534.0,94.355267983762,37.0020658759851,0
Sony,A7SIII,1357,409600,300534.0,95.385041906943,37.40589878703647,0
Sony,A7SIII,1357,409600,300534.0,96.414815830124,37.809731698087845,0
Sony,A7SIII,1357,409600,300534.0,97.444589753305,38.21356460913922,0
Sony,A7SIII,1357,409600,300534.0,98.474363676486,38.617397520190586,0
Sony,A7SIII,1357,409600,300534.0,99.504137599668,39.02123043124235,0
Sony,A7SIII,1357,409600,300534.0,100.53391152285,39.42506334229412,0
Sony,A7SIII,1357,409600,300534.0,101.56368544603,39.8288962533451,0
Sony,A7SIII,1357,409600,300534.0,102.59345936921,40.232729164396076,0
Sony,A7SIII,1357,409600,300534.0,103.62323329239,40.63656207544706,0
Sony,A7SIII,1357,409600,300534.0,104.65300721557,41.04039498649804,0
Sony,A7SIII,1357,409600,300534.0,105.68278113875,41.44422789754902,0
Sony,A7SIII,1357,409600,300534.0,106.71255506193,41.8480608086,0
Sony,A7SIII,1357,409600,300534.0,107.74232898512,42.2518937196549,0
Sony,A7SIII,1357,409600,300534.0,108.7721029083,42.65572663070588,0
Sony,A7SIII,1357,409600,300534.0,109.80187683148,43.05955954175686,0
Sony,A7SIII,1357,409600,300534.0,110.83165075466,43.463392452807845,0
Sony,A7SIII,1357,409600,300534.0,111.86142467784,43.86722536385882,0
Sony,A7SIII,1357,409600,300534.0,112.89119860102,44.271058274909805,0
Sony,A7SIII,1357,409600,300534.0,113.9209725242,44.67489118596079,0
Sony,A7SIII,1357,409600,300534.0,114.95074644738,45.078724097011765,0
Sony,A7SIII,1357,409600,300534.0,115.98052037056,45.48255700806275,0
Sony,A7SIII,1357,409600,300534.0,117.01029429374,45.88638991911373,0
Sony,A7SIII,1357,409600,300534.0,118.04006821693,46.290222830168624,0
Sony,A7SIII,1357,409600,300534.0,119.06984214011,46.69405574121961,0
Sony,A7SIII,1357,409600,300534.0,120.09961606329,47.09788865227058,0
Sony,A7SIII,1357,409600,300534.0,121.12938998647,47.50172156332157,0
Sony,A7SIII,1357,409600,300534.0,122.15916390965,47.90555447437255,0
Sony,A7SIII,1357,409600,300534.0,123.18893783283,48.30938738542353,0
Sony,A7SIII,1357,409600,300534.0,124.21871175601,48.71322029647451,0
Sony,A7SIII,1357,409600,300534.0,125.24848567919,49.117053207525494,0
Sony,A7SIII,1357,409600,300534.0,126.27825960237,49.52088611857647,0
Sony,A7SIII,1357,409600,300534.0,127.30803352555,49.924719029627454,0
Sony,A7SIII,1357,409600,300534.0,128.33780744874,50.32855194068235,0
Sony,A7SIII,1357,409600,300534.0,129.36758137192,50.732384851733336,0
Sony,A7SIII,1357,409600,300534.0,130.3973552951,51.136217762784305,0
Sony,A7SIII,1357,409600,300534.0,131.42712921828,51.54005067383529,0
Sony,A7SIII,1357,409600,300534.0,132.45690314146,51.94388358488627,0
Sony,A7SIII,1357,409600,300534.0,133.48667706464,52.34771649593725,0
Sony,A7SIII,1357,409600,300534.0,134.51645098782,52.75154940698824,0
Sony,A7SIII,1357,409600,300534.0,135.546224911,53.155382318039216,0
Sony,A7SIII,1357,409600,300534.0,136.57599883418,53.5592152290902,0
Sony,A7SIII,1357,409600,300534.0,137.60577275736,53.963048140141176,0
Sony,A7SIII,1357,409600,300534.0,138.63554668055,54.36688105119608,0
Sony,A7SIII,1357,409600,300534.0,139.66532060373,54.770713962247065,0
Sony,A7SIII,1357,409600,300534.0,140.69509452691,55.174546873298034,0
Sony,A7SIII,1357,409600,300534.0,141.72486845009,55.57837978434903,0
Sony,A7SIII,1357,409600,300534.0,142.75464237327,55.9822126954,0
Sony,A7SIII,1357,409600,300534.0,143.78441629645,56.38604560645098,0
Sony,A7SIII,1357,409600,300534.0,144.81419021963,56.78987851750197,0
Sony,A7SIII,1357,409600,300534.0,145.84396414281,57.19371142855294,0
Sony,A7SIII,1357,409600,300534.0,146.87373806599,57.59754433960392,0
Sony,A7SIII,1357,409600,300534.0,147.90351198918,58.00137725065883,0
Sony,A7SIII,1357,409600,300534.0,148.93328591236,58.405210161709796,0
Sony,A7SIII,1357,409600,300534.0,149.96305983554,58.809043072760794,0
Sony,A7SIII,1357,409600,300534.0,150.99283375872,59.21287598381176,0
Sony,A7SIII,1357,409600,300534.0,152.0226076819,59.61670889486275,0
Sony,A7SIII,1357,409600,300534.0,153.05238160508,60.02054180591373,0
Sony,A7SIII,1357,409600,300534.0,154.08215552826,60.4243747169647,0
Sony,A7SIII,1357,409600,300534.0,155.11192945144,60.82820762801568,0
Sony,A7SIII,1357,409600,300534.0,156.14170337462,61.232040539066666,0
Sony,A7SIII,1357,409600,300534.0,157.1714772978,61.63587345011765,0
Sony,A7SIII,1357,409600,300534.0,158.20125122099,62.039706361172556,0
Sony,A7SIII,1357,409600,300534.0,159.23102514417,62.443539272223525,0
Sony,A7SIII,1357,409600,300534.0,160.26079906735,62.84737218327451,0
Sony,A7SIII,1357,409600,300534.0,161.29057299053,63.25120509432549,0
Sony,A7SIII,1357,409600,300534.0,162.32034691371,63.655038005376475,0
Sony,A7SIII,1357,409600,300534.0,163.35012083689,64.05887091642745,0
Sony,A7SIII,1357,409600,300534.0,164.37989476007,64.46270382747844,0
Sony,A7SIII,1357,409600,300534.0,165.40966868325,64.86653673852942,0
Sony,A7SIII,1357,409600,300534.0,166.43944260643,65.27036964958039,0
Sony,A7SIII,1357,409600,300534.0,167.46921652961,65.67420256063137,0
Sony,A7SIII,1357,409600,300534.0,168.4989904528,66.07803547168626,0
Sony,A7SIII,1357,409600,300534.0,169.52876437598,66.48186838273725,0
Sony,A7SIII,1357,409600,300534.0,170.55853829916,66.88570129378823,0
Sony,A7SIII,1357,409600,300534.0,171.58831222234,67.28953420483921,0
Sony,A7SIII,1357,409600,300534.0,172.61808614552,67.6933671158902,0
Sony,A7SIII,1357,409600,300534.0,173.6478600687,68.09720002694118,0
Sony,A7SIII,1357,409600,300534.0,174.67763399188,68.50103293799215,0
Sony,A7SIII,1357,409600,300534.0,175.70740791506,68.90486584904313,0
Sony,A7SIII,1357,409600,300534.0,176.73718183824,69.30869876009412,0
Sony,A7SIII,1357,409600,300534.0,177.76695576142,69.7125316711451,0
Sony,A7SIII,1357,409600,300534.0,178.79672968461,70.11636458219999,0
Sony,A7SIII,1357,409600,300534.0,179.82650360779,70.52019749325098,0
Sony,A7SIII,1357,409600,300534.0,180.85627753097,70.92403040430196,0
Sony,A7SIII,1357,409600,300534.0,181.88605145415,71.32786331535293,0
Sony,A7SIII,1357,409600,300534.0,182.91582537733,71.73169622640393,0
Sony,A7SIII,1357,409600,300534.0,183.94559930051,72.1355291374549,0
Sony,A7SIII,1357,409600,300534.0,184.97537322369,72.53936204850588,0
Sony,A7SIII,1357,409600,300534.0,186.00514714687,72.94319495955686,0
Sony,A7SIII,1357,409600,300534.0,187.03492107005,73.34702787060785,0
Sony,A7SIII,1357,409600,300534.0,188.06469499323,73.75086078165882,0
Sony,A7SIII,1357,409600,300534.0,189.09446891642,74.15469369271372,0
Sony,A7SIII,1357,409600,300534.0,190.1242428396,74.55852660376469,0
Sony,A7SIII,1357,409600,300534.0,191.15401676278,74.96235951481569,0
Sony,A7SIII,1357,409600,300534.0,192.18379068596,75.36619242586666,0
Sony,A7SIII,1357,409600,300534.0,193.21356460914,75.77002533691764,0
Sony,A7SIII,1357,409600,300534.0,194.24333853232,76.17385824796862,0
Sony,A7SIII,1357,409600,300534.0,195.2731124555,76.57769115901961,0
Sony,A7SIII,1357,409600,300534.0,196.30288637868,76.98152407007058,0
Sony,A7SIII,1357,409600,300534.0,197.33266030186,77.38535698112156,0
Sony,A7SIII,1357,409600,300534.0,198.36243422504,77.78918989217254,0
Sony,A7SIII,1357,409600,300534.0,199.39220814823,78.19302280322745,0
Sony,A7SIII,1357,409600,300534.0,200.42198207141,78.59685571427843,0
Sony,A7SIII,1357,409600,300534.0,201.45175599459,79.0006886253294,0
Sony,A7SIII,1357,409600,300534.0,202.48152991777,79.40452153638039,0
Sony,A7SIII,1357,409600,300534.0,203.51130384095,79.80835444743137,0
Sony,A7SIII,1357,409600,300534.0,204.54107776413,80.21218735848234,0
Sony,A7SIII,1357,409600,300534.0,205.57085168731,80.61602026953334,0
Sony,A7SIII,1357,409600,300534.0,206.60062561049,81.0198531805843,0
Sony,A7SIII,1357,409600,300534.0,207.63039953367,81.42368609163529,0
Sony,A7SIII,1357,409600,300534.0,208.66017345685,81.82751900268627,0
Sony,A7SIII,1357,409600,300534.0,209.68994738004,82.23135191374118,0
Sony,A7SIII,1357,409600,300534.0,210.71972130322,82.63518482479216,0
Sony,A7SIII,1357,409600,300534.0,211.7494952264,83.03901773584313,0
Sony,A7SIII,1357,409600,300534.0,212.77926914958,83.44285064689412,0
Sony,A7SIII,1357,409600,300534.0,213.80904307276,83.8466835579451,0
Sony,A7SIII,1357,409600,300534.0,214.83881699594,84.25051646899607,0
Sony,A7SIII,1357,409600,300534.0,215.86859091912,84.65434938004707,0
Sony,A7SIII,1357,409600,300534.0,216.8983648423,85.05818229109803,0
Sony,A7SIII,1357,409600,300534.0,217.92813876548,85.46201520214902,0
Sony,A7SIII,1357,409600,300534.0,218.95791268866,85.8658481132,0
Sony,A7SIII,1357,409600,300534.0,219.98768661185,86.2696810242549,0
Sony,A7SIII,1357,409600,300534.0,221.01746053503,86.67351393530589,0
Sony,A7SIII,1357,409600,300534.0,222.04723445821,87.07734684635686,0
Sony,A7SIII,1357,409600,300534.0,223.07700838139,87.48117975740783,0
Sony,A7SIII,1357,409600,300534.0,224.10678230457,87.88501266845883,0
Sony,A7SIII,1357,409600,300534.0,225.13655622775,88.2888455795098,0
Sony,A7SIII,1357,409600,300534.0,226.16633015093,88.69267849056078,0
Sony,A7SIII,1357,409600,300534.0,227.19610407411,89.09651140161176,0
Sony,A7SIII,1357,409600,300534.0,228.22587799729,89.50034431266275,0
Sony,A7SIII,1357,409600,300534.0,229.25565192047,89.90417722371372,0
Sony,A7SIII,1357,409600,300534.0,230.28542584366,90.30801013476862,0
Sony,A7SIII,1357,409600,300534.0,231.31519976684,90.7118430458196,0
Sony,A7SIII,1357,409600,300534.0,232.34497369002,91.11567595687059,0
Sony,A7SIII,1357,409600,300534.0,233.3747476132,91.51950886792156,0
Sony,A7SIII,1357,409600,300534.0,234.40452153638,91.92334177897254,0
Sony,A7SIII,1357,409600,300534.0,235.43429545956,92.32717469002353,0
Sony,A7SIII,1357,409600,300534.0,236.46406938274,92.73100760107451,0
Sony,A7SIII,1357,409600,300534.0,237.49384330592,93.13484051212548,0
Sony,A7SIII,1357,409600,300534.0,238.5236172291,93.53867342317648,0
Sony,A7SIII,1357,409600,300534.0,239.55339115229,93.94250633423138,0
Sony,A7SIII,1357,409600,300534.0,240.58316507547,94.34633924528235,0
Sony,A7SIII,1357,409600,300534.0,241.61293899865,94.75017215633333,0
Sony,A7SIII,1357,409600,300534.0,242.64271292183,95.15400506738432,0
Sony,A7SIII,1357,409600,300534.0,243.67248684501,95.5578379784353,0
Sony,A7SIII,1357,409600,300534.0,244.70226076819,95.96167088948627,0
Sony,A7SIII,1357,409600,300534.0,245.73203469137,96.36550380053725,0
Sony,A7SIII,1357,409600,300534.0,246.76180861455,96.76933671158824,0
Sony,A7SIII,1357,409600,300534.0,247.79158253773,97.17316962263921,0
Sony,A7SIII,1357,409600,300534.0,248.82135646091,97.5770025336902,0
Sony,A7SIII,1357,409600,300534.0,249.8511303841,97.9808354447451,0
Sony,A7SIII,1357,409600,300534.0,250.88090430728,98.38466835579608,0
Sony,A7SIII,1357,409600,300534.0,251.91067823046,98.78850126684706,0
Sony,A7SIII,1357,409600,300534.0,252.94045215364,99.19233417789803,0
Sony,A7SIII,1357,409600,300534.0,253.97022607682,99.59616708894903,0
Sony,A7SIII,1357,409600,300534.0,255,100.0,0
