brand,model,sensor_id,iso_manufacturer,iso_measured,gray_level_255,gray_pct,snr_db
Sony,A7IV,1376,50,68.0,0.018994313182722,0.0074487502677341175,0
Sony,A7IV,1376,50,68.0,0.028798610956047,0.011293572923940001,3.2135602587762
Sony,A7IV,1376,50,68.0,0.033593844802986,0.013174056785484705,4.3677228801793
Sony,A7IV,1376,50,68.0,0.056630454588519,0.022208021407262354,8.1157339296923
Sony,A7IV,1376,50,68.0,0.11332395681367,0.0444407673779098,12.653779108093
Sony,A7IV,1376,50,68.0,0.21873094447266,0.08577684096967059,16.491392831475
Sony,A7IV,1376,50,68.0,0.43241714948092,0.1695753527376157,20.076930615361
Sony,A7IV,1376,50,68.0,0.83016796321208,0.32555606400473724,23.246774914967
Sony,A7IV,1376,50,68.0,1.6659419422693,0.6533105655958039,26.454030833556
Sony,A7IV,1376,50,68.0,3.2709614179638,1.2827299678289412,29.449790060271
Sony,A7IV,1376,50,68.0,4.9815237656639,1.953538731632902,31.275471720375
Sony,A7IV,1376,50,68.0,11.008135486133,4.316915876914902,34.626690286311
Sony,A7IV,1376,50,68.0,12.012217233104,4.710673424746666,34.987013664834
Sony,A7IV,1376,50,68.0,13.016298980075,5.104430972578431,35.316577371543
Sony,A7IV,1376,50,68.0,14.020380727045,5.498188520409804,35.619999438461
Sony,A7IV,1376,50,68.0,15.024462474016,5.891946068241569,35.900932884921
Sony,A7IV,1376,50,68.0,16.028544220986,6.285703616072941,36.162317111938
Sony,A7IV,1376,50,68.0,17.032625967957,6.679461163904706,36.406552419734
Sony,A7IV,1376,50,68.0,18.036707714928,7.07321871173647,36.635624239547
Sony,A7IV,1376,50,68.0,19.040789461898,7.4669762595678435,36.851193523015
Sony,A7IV,1376,50,68.0,20.044871208869,7.860733807399608,37.054663782464
Sony,A7IV,1376,50,68.0,21.04895295584,8.254491355231373,37.247231665438
Sony,A7IV,1376,50,68.0,22.05303470281,8.648248903062743,37.429925689943
Sony,A7IV,1376,50,68.0,23.057116449781,9.042006450894508,37.603636317915
Sony,A7IV,1376,50,68.0,24.061198196752,9.435763998726273,37.76913959198
Sony,A7IV,1376,50,68.0,25.065279943722,9.829521546557647,37.927115921012
Sony,A7IV,1376,50,68.0,26.069361690693,10.223279094389412,38.078165162295
Sony,A7IV,1376,50,68.0,27.073443437664,10.617036642221176,38.222818843241
Sony,A7IV,1376,50,68.0,28.077525184634,11.010794190052549,38.361550149919
Sony,A7IV,1376,50,68.0,29.081606931605,11.404551737884313,38.494782154854
Sony,A7IV,1376,50,68.0,30.085688678575,11.798309285715685,38.622894643855
Sony,A7IV,1376,50,68.0,31.089770425546,12.19206683354745,38.746229818748
Sony,A7IV,1376,50,68.0,32.093852172517,12.585824381379219,38.865097091025
Sony,A7IV,1376,50,68.0,33.097933919487,12.979581929210587,38.979777134972
Sony,A7IV,1376,50,68.0,34.102015666458,13.373339477042354,39.090525333414
Sony,A7IV,1376,50,68.0,35.106097413429,13.767097024874117,39.197574722152
Sony,A7IV,1376,50,68.0,36.110179160399,14.160854572705489,39.301138518117
Sony,A7IV,1376,50,68.0,37.11426090737,14.554612120537255,39.401412299936
Sony,A7IV,1376,50,68.0,38.118342654341,14.948369668369018,39.498575896719
Sony,A7IV,1376,50,68.0,39.122424401311,15.342127216200394,39.592795030694
Sony,A7IV,1376,50,68.0,40.126506148282,15.735884764032157,39.684222751215
Sony,A7IV,1376,50,68.0,41.130587895253,16.129642311863922,39.773000691138
Sony,A7IV,1376,50,68.0,42.134669642223,16.523399859695296,39.859260171339
Sony,A7IV,1376,50,68.0,43.138751389194,16.917157407527057,39.943123174885
Sony,A7IV,1376,50,68.0,44.142833136165,17.310914955358825,40.024703208867
Sony,A7IV,1376,50,68.0,45.146914883135,17.704672503190196,40.104106069122
Sony,A7IV,1376,50,68.0,46.150996630106,18.09843005102196,40.181430520653
Sony,A7IV,1376,50,68.0,47.155078377076,18.492187598853334,40.25676890468
Sony,A7IV,1376,50,68.0,48.159160124047,18.8859451466851,40.330207681599
Sony,A7IV,1376,50,68.0,49.163241871018,19.279702694516864,40.401827917814
Sony,A7IV,1376,50,68.0,50.167323617988,19.673460242348238,40.471705723252
Sony,A7IV,1376,50,68.0,51.171405364959,20.06721779018,40.539912645434
Sony,A7IV,1376,50,68.0,52.17548711193,20.460975338011767,40.606516025194
Sony,A7IV,1376,50,68.0,53.1795688589,20.854732885843134,40.671579318414
Sony,A7IV,1376,50,68.0,54.183650605871,21.248490433674903,40.735162387624
Sony,A7IV,1376,50,68.0,55.187732352842,21.642247981506664,40.797321766765
Sony,A7IV,1376,50,68.0,56.191814099812,22.03600552933804,40.858110902046
Sony,A7IV,1376,50,68.0,57.195895846783,22.429763077169806,40.917580371427
Sony,A7IV,1376,50,68.0,58.199977593754,22.823520625001567,40.975778084961
Sony,A7IV,1376,50,68.0,59.204059340724,23.21727817283294,41.032749467983
Sony,A7IV,1376,50,68.0,60.208141087695,23.611035720664706,41.088537628846
Sony,A7IV,1376,50,68.0,61.212222834666,24.00479326849647,41.143183512774
Sony,A7IV,1376,50,68.0,62.216304581636,24.398550816327845,41.196726043169
Sony,A7IV,1376,50,68.0,63.220386328607,24.792308364159606,41.249202251579
Sony,A7IV,1376,50,68.0,64.224468075578,25.186065911991374,41.300647397418
Sony,A7IV,1376,50,68.0,65.228549822548,25.579823459822748,41.351095078366
Sony,A7IV,1376,50,68.0,66.232631569519,25.973581007654513,41.400577332335
Sony,A7IV,1376,50,68.0,67.236713316489,26.36733855548588,41.449124731737
Sony,A7IV,1376,50,68.0,68.24079506346,26.761096103317644,41.496766470757
Sony,A7IV,1376,50,68.0,69.244876810431,27.15485365114941,41.543530446237
Sony,A7IV,1376,50,68.0,70.248958557401,27.548611198980783,41.589443332725
Sony,A7IV,1376,50,68.0,71.253040304372,27.94236874681255,41.63453065219
Sony,A7IV,1376,50,68.0,72.257122051343,28.336126294644316,41.678816838844
Sony,A7IV,1376,50,68.0,73.261203798313,28.72988384247569,41.722325299488
Sony,A7IV,1376,50,68.0,74.265285545284,29.123641390307455,41.765078469734
Sony,A7IV,1376,50,68.0,75.269367292255,29.517398938139216,41.807097866452
Sony,A7IV,1376,50,68.0,76.273449039225,29.911156485970587,41.848404136724
Sony,A7IV,1376,50,68.0,77.277530786196,30.304914033802348,41.889017103599
Sony,A7IV,1376,50,68.0,78.281612533166,30.698671581633725,41.928955808882
Sony,A7IV,1376,50,68.0,79.285694280137,31.092429129465486,41.968238553192
Sony,A7IV,1376,50,68.0,80.289776027108,31.486186677297255,42.00688293349
Sony,A7IV,1376,50,68.0,81.293857774078,31.879944225128632,42.044905878274
Sony,A7IV,1376,50,68.0,82.297939521049,32.27370177296039,42.082323680607
Sony,A7IV,1376,50,68.0,83.30202126802,32.66745932079216,42.119152029132
Sony,A7IV,1376,50,68.0,84.30610301499,33.061216868623525,42.155406037234
Sony,A7IV,1376,50,68.0,85.310184761961,33.45497441645529,42.19110027046
Sony,A7IV,1376,50,68.0,86.314266508932,33.848731964287055,42.226248772341
Sony,A7IV,1376,50,68.0,87.318348255902,34.24248951211843,42.260865088705
Sony,A7IV,1376,50,68.0,88.322430002873,34.6362470599502,42.294962290611
Sony,A7IV,1376,50,68.0,89.326511749844,35.03000460778196,42.328552995966
Sony,A7IV,1376,50,68.0,90.330593496814,35.42376215561334,42.361649389945
Sony,A7IV,1376,50,68.0,91.334675243785,35.8175197034451,42.394263244268
Sony,A7IV,1376,50,68.0,92.338756990755,36.21127725127647,42.42640593543
Sony,A7IV,1376,50,68.0,93.342838737726,36.60503479910823,42.45808846193
Sony,A7IV,1376,50,68.0,94.346920484697,36.99879234693999,42.489321460588
Sony,A7IV,1376,50,68.0,95.351002231667,37.39254989477137,42.520115221988
Sony,A7IV,1376,50,68.0,96.355083978638,37.78630744260314,42.550479705108
Sony,A7IV,1376,50,68.0,97.359165725609,38.1800649904349,42.580424551196
Sony,A7IV,1376,50,68.0,98.363247472579,38.57382253826628,42.609959096924
Sony,A7IV,1376,50,68.0,99.36732921955,38.96758008609804,42.639092386879
Sony,A7IV,1376,50,68.0,100.37141096652,39.36133763392941,42.667833185416
Sony,A7IV,1376,50,68.0,101.37549271349,39.75509518176079,42.696189987928
Sony,A7IV,1376,50,68.0,102.37957446046,40.14885272959216,42.724171031548
Sony,A7IV,1376,50,68.0,103.38365620743,40.54261027742353,42.751784305336
Sony,A7IV,1376,50,68.0,104.3877379544,40.9363678252549,42.779037559965
Sony,A7IV,1376,50,68.0,105.39181970137,41.330125373086275,42.805938316948
Sony,A7IV,1376,50,68.0,106.39590144834,41.723882920917646,42.832493877418
Sony,A7IV,1376,50,68.0,107.39998319532,42.117640468752946,42.858711330501
Sony,A7IV,1376,50,68.0,108.40406494229,42.511398016584316,42.884597561295
Sony,A7IV,1376,50,68.0,109.40814668926,42.90515556441568,42.910159258474
Sony,A7IV,1376,50,68.0,110.41222843623,43.29891311224706,42.935402921557
Sony,A7IV,1376,50,68.0,111.4163101832,43.692670660078434,42.960334867829
Sony,A7IV,1376,50,68.0,112.42039193017,44.086428207909805,42.984961238966
Sony,A7IV,1376,50,68.0,113.42447367714,44.480185755741175,43.009288007352
Sony,A7IV,1376,50,68.0,114.42855542411,44.87394330357255,43.033320982124
Sony,A7IV,1376,50,68.0,115.43263717108,45.26770085140392,43.057065814948
Sony,A7IV,1376,50,68.0,116.43671891805,45.66145839923529,43.080528005544
Sony,A7IV,1376,50,68.0,117.44080066502,46.05521594706667,43.103712906972
Sony,A7IV,1376,50,68.0,118.44488241199,46.44897349489804,43.126625730696
Sony,A7IV,1376,50,68.0,119.44896415896,46.842731042729405,43.149271551426
Sony,A7IV,1376,50,68.0,120.45304590593,47.23648859056078,43.171655311762
Sony,A7IV,1376,50,68.0,121.4571276529,47.63024613839216,43.193781826645
Sony,A7IV,1376,50,68.0,122.46120939987,48.02400368622353,43.215655787613
Sony,A7IV,1376,50,68.0,123.46529114685,48.41776123405882,43.237281766899
Sony,A7IV,1376,50,68.0,124.46937289382,48.81151878189019,43.258664221347
Sony,A7IV,1376,50,68.0,125.47345464079,49.20527632972156,43.279807496181
Sony,A7IV,1376,50,68.0,126.47753638776,49.59903387755294,43.300715828611
Sony,A7IV,1376,50,68.0,127.48161813473,49.99279142538431,43.321393351309
Sony,A7IV,1376,50,68.0,128.4856998817,50.38654897321568,43.341844095738
Sony,A7IV,1376,50,68.0,129.48978162867,50.78030652104706,43.362071995354
Sony,A7IV,1376,50,68.0,130.49386337564,51.17406406887842,43.382080888682
Sony,A7IV,1376,50,68.0,131.49794512261,51.5678216167098,43.401874522277
Sony,A7IV,1376,50,68.0,132.50202686958,51.96157916454117,43.421456553568
Sony,A7IV,1376,50,68.0,133.50610861655,52.35533671237255,43.440830553592
Sony,A7IV,1376,50,68.0,134.51019036352,52.74909426020392,43.460000009633
Sony,A7IV,1376,50,68.0,135.51427211049,53.142851808035296,43.478968327754
Sony,A7IV,1376,50,68.0,136.51835385746,53.53660935586667,43.497738835238
Sony,A7IV,1376,50,68.0,137.52243560443,53.93036690369804,43.516314782937
Sony,A7IV,1376,50,68.0,138.52651735141,54.324124451533336,43.53469934754
Sony,A7IV,1376,50,68.0,139.53059909838,54.717881999364714,43.552895633755
Sony,A7IV,1376,50,68.0,140.53468084535,55.11163954719608,43.570906676408
Sony,A7IV,1376,50,68.0,141.53876259232,55.505397095027455,43.588735442475
Sony,A7IV,1376,50,68.0,142.54284433929,55.899154642858825,43.606384833034
Sony,A7IV,1376,50,68.0,143.54692608626,56.29291219069019,43.623857685156
Sony,A7IV,1376,50,68.0,144.55100783323,56.686669738521566,43.64115677372
Sony,A7IV,1376,50,68.0,145.5550895802,57.08042728635294,43.658284813174
Sony,A7IV,1376,50,68.0,146.55917132717,57.47418483418431,43.675244459226
Sony,A7IV,1376,50,68.0,147.56325307414,57.86794238201568,43.692038310484
Sony,A7IV,1376,50,68.0,148.56733482111,58.261699929847055,43.708668910038
Sony,A7IV,1376,50,68.0,149.57141656808,58.65545747767843,43.725138746984
Sony,A7IV,1376,50,68.0,150.57549831505,59.0492150255098,43.741450257904
Sony,A7IV,1376,50,68.0,151.57958006202,59.44297257334118,43.757605828288
Sony,A7IV,1376,50,68.0,152.58366180899,59.83673012117256,43.773607793917
Sony,A7IV,1376,50,68.0,153.58774355596,60.23048766900392,43.789458442191
Sony,A7IV,1376,50,68.0,154.59182530294,60.62424521683922,43.805160013425
Sony,A7IV,1376,50,68.0,155.59590704991,61.018002764670584,43.82071470209
Sony,A7IV,1376,50,68.0,156.59998879688,61.41176031250196,43.836124658023
Sony,A7IV,1376,50,68.0,157.60407054385,61.80551786033334,43.851391987593
Sony,A7IV,1376,50,68.0,158.60815229082,62.1992754081647,43.866518754834
Sony,A7IV,1376,50,68.0,159.61223403779,62.59303295599607,43.881506982532
Sony,A7IV,1376,50,68.0,160.61631578476,62.98679050382745,43.896358653296
Sony,A7IV,1376,50,68.0,161.62039753173,63.38054805165883,43.911075710571
Sony,A7IV,1376,50,68.0,162.6244792787,63.77430559949019,43.925660059644
Sony,A7IV,1376,50,68.0,163.62856102567,64.16806314732156,43.940113568597
Sony,A7IV,1376,50,68.0,164.63264277264,64.56182069515293,43.954438069248
Sony,A7IV,1376,50,68.0,165.63672451961,64.95557824298432,43.96863535805
Sony,A7IV,1376,50,68.0,166.64080626658,65.34933579081569,43.982707196971
Sony,A7IV,1376,50,68.0,167.64488801355,65.74309333864706,43.996655314343
Sony,A7IV,1376,50,68.0,168.64896976052,66.13685088647844,44.010481405686
Sony,A7IV,1376,50,68.0,169.6530515075,66.53060843431373,44.02418713451
Sony,A7IV,1376,50,68.0,170.65713325447,66.9243659821451,44.037774133089
Sony,A7IV,1376,50,68.0,171.66121500144,67.31812352997648,44.051244003214
Sony,A7IV,1376,50,68.0,172.66529674841,67.71188107780783,44.064598316923
Sony,A7IV,1376,50,68.0,173.66937849538,68.10563862563922,44.077838617212
Sony,A7IV,1376,50,68.0,174.67346024235,68.49939617347059,44.090966418721
Sony,A7IV,1376,50,68.0,175.67754198932,68.89315372130196,44.103983208407
Sony,A7IV,1376,50,68.0,176.68162373629,69.28691126913333,44.116890446186
Sony,A7IV,1376,50,68.0,177.68570548326,69.68066881696471,44.12968956557
Sony,A7IV,1376,50,68.0,178.68978723023,70.07442636479607,44.142381974275
Sony,A7IV,1376,50,68.0,179.6938689772,70.46818391262745,44.154969054821
Sony,A7IV,1376,50,68.0,180.69795072417,70.86194146045882,44.167452165105
Sony,A7IV,1376,50,68.0,181.70203247114,71.2556990082902,44.179832638965
Sony,A7IV,1376,50,68.0,182.70611421811,71.64945655612158,44.192111786729
Sony,A7IV,1376,50,68.0,183.71019596508,72.04321410395295,44.20429089574
Sony,A7IV,1376,50,68.0,184.71427771206,72.43697165178824,44.216371230882
Sony,A7IV,1376,50,68.0,185.71835945903,72.83072919961961,44.22835403507
Sony,A7IV,1376,50,68.0,186.722441206,73.224486747451,44.240240529751
Sony,A7IV,1376,50,68.0,187.72652295297,73.61824429528234,44.252031915368
Sony,A7IV,1376,50,68.0,188.73060469994,74.01200184311372,44.263729371831
Sony,A7IV,1376,50,68.0,189.73468644691,74.4057593909451,44.275334058963
Sony,A7IV,1376,50,68.0,190.73876819388,74.79951693877646,44.286847116937
Sony,A7IV,1376,50,68.0,191.74284994085,75.19327448660785,44.298269666704
Sony,A7IV,1376,50,68.0,192.74693168782,75.58703203443922,44.309602810408
Sony,A7IV,1376,50,68.0,193.75101343479,75.98078958227059,44.320847631787
Sony,A7IV,1376,50,68.0,194.75509518176,76.37454713010196,44.332005196572
Sony,A7IV,1376,50,68.0,195.75917692873,76.76830467793333,44.343076552863
Sony,A7IV,1376,50,68.0,196.7632586757,77.1620622257647,44.354062731507
Sony,A7IV,1376,50,68.0,197.76734042267,77.55581977359608,44.364964746459
Sony,A7IV,1376,50,68.0,198.77142216964,77.94957732142745,44.375783595138
Sony,A7IV,1376,50,68.0,199.77550391662,78.34333486926275,44.386520258771
Sony,A7IV,1376,50,68.0,200.77958566359,78.73709241709412,44.397175702726
Sony,A7IV,1376,50,68.0,201.78366741056,79.1308499649255,44.407750876848
Sony,A7IV,1376,50,68.0,202.78774915753,79.52460751275686,44.418246715767
Sony,A7IV,1376,50,68.0,203.7918309045,79.91836506058823,44.428664139219
Sony,A7IV,1376,50,68.0,204.79591265147,80.3121226084196,44.439004052345
Sony,A7IV,1376,50,68.0,205.79999439844,80.70588015625097,44.449267345988
Sony,A7IV,1376,50,68.0,206.80407614541,81.09963770408235,44.45945489698
Sony,A7IV,1376,50,68.0,207.80815789238,81.49339525191373,44.469567568427
Sony,A7IV,1376,50,68.0,208.81223963935,81.8871527997451,44.479606209979
Sony,A7IV,1376,50,68.0,209.81632138632,82.28091034757648,44.489571658104
Sony,A7IV,1376,50,68.0,210.82040313329,82.67466789540784,44.499464736342
Sony,A7IV,1376,50,68.0,211.82448488026,83.0684254432392,44.509286255567
Sony,A7IV,1376,50,68.0,212.82856662723,83.46218299107059,44.519037014231
Sony,A7IV,1376,50,68.0,213.8326483742,83.85594053890196,44.528717798608
Sony,A7IV,1376,50,68.0,214.83673012117,84.24969808673333,44.538329383034
Sony,A7IV,1376,50,68.0,215.84081186815,84.64345563456862,44.547872530135
Sony,A7IV,1376,50,68.0,216.84489361512,85.0372131824,44.557347991054
Sony,A7IV,1376,50,68.0,217.84897536209,85.43097073023137,44.566756505673
Sony,A7IV,1376,50,68.0,218.85305710906,85.82472827806275,44.576098802827
Sony,A7IV,1376,50,68.0,219.85713885603,86.2184858258941,44.585375600514
Sony,A7IV,1376,50,68.0,220.861220603,86.61224337372548,44.594587606103
Sony,A7IV,1376,50,68.0,221.86530234997,87.00600092155686,44.603735516534
Sony,A7IV,1376,50,68.0,222.86938409694,87.39975846938823,44.61282001851
Sony,A7IV,1376,50,68.0,223.87346584391,87.7935160172196,44.621841788695
Sony,A7IV,1376,50,68.0,224.87754759088,88.18727356505099,44.630801493899
Sony,A7IV,1376,50,68.0,225.88162933785,88.58103111288236,44.639699791259
Sony,A7IV,1376,50,68.0,226.88571108482,88.97478866071373,44.648537328418
Sony,A7IV,1376,50,68.0,227.88979283179,89.3685462085451,44.657314743706
Sony,A7IV,1376,50,68.0,228.89387457876,89.76230375637647,44.6660326663
Sony,A7IV,1376,50,68.0,229.89795632573,90.15606130420785,44.674691716403
Sony,A7IV,1376,50,68.0,230.90203807271,90.54981885204315,44.683292505396
Sony,A7IV,1376,50,68.0,231.90611981968,90.9435763998745,44.691835636009
Sony,A7IV,1376,50,68.0,232.91020156665,91.33733394770587,44.700321702468
Sony,A7IV,1376,50,68.0,233.91428331362,91.73109149553726,44.708751290651
Sony,A7IV,1376,50,68.0,234.91836506059,92.12484904336863,44.71712497824
Sony,A7IV,1376,50,68.0,235.92244680756,92.5186065912,44.725443334864
Sony,A7IV,1376,50,68.0,236.92652855453,92.91236413903137,44.733706922241
Sony,A7IV,1376,50,68.0,237.9306103015,93.30612168686274,44.741916294323
Sony,A7IV,1376,50,68.0,238.93469204847,93.69987923469412,44.750071997427
Sony,A7IV,1376,50,68.0,239.93877379544,94.0936367825255,44.758174570373
Sony,A7IV,1376,50,68.0,240.94285554241,94.48739433035686,44.766224544614
Sony,A7IV,1376,50,68.0,241.94693728938,94.88115187818823,44.774222444361
Sony,A7IV,1376,50,68.0,242.95101903635,95.2749094260196,44.782168786716
Sony,A7IV,1376,50,68.0,243.95510078332,95.66866697385097,44.790064081786
Sony,A7IV,1376,50,68.0,244.95918253029,96.06242452168236,44.79790883281
Sony,A7IV,1376,50,68.0,245.96326427727,96.45618206951765,44.805703536275
Sony,A7IV,1376,50,68.0,246.96734602424,96.84993961734901,44.813448682029
Sony,A7IV,1376,50,68.0,247.97142777121,97.2436971651804,44.821144753397
Sony,A7IV,1376,50,68.0,248.97550951818,97.63745471301176,44.828792227288
Sony,A7IV,1376,50,68.0,249.97959126515,98.03121226084313,44.83639157431
Sony,A7IV,1376,50,68.0,250.98367301212,98.42496980867452,44.843943258867
Sony,A7IV,1376,50,68.0,251.98775475909,98.81872735650587,44.85144773927
Sony,A7IV,1376,50,68.0,252.99183650606,99.21248490433724,44.858905467836
Sony,A7IV,1376,50,68.0,253.99591825303,99.60624245216863,44.866316890988
Sony,A7IV,1376,50,68.0,255,100.0,44.873682449352
Sony,A7IV,1376,100,68.0,0.01897148071068,0.007439796357129411,0
Sony,A7IV,1376,100,68.0,0.018994313182722,0.0074487502677341175,0.0094957591263114
Sony,A7IV,1376,100,68.0,0.028798610956047,0.011293572923940001,3.2339667412329
Sony,A7IV,1376,100,68.0,0.033593844802986,0.013174056785484705,4.3927992563912
Sony,A7IV,1376,100,68.0,0.056630454588519,0.022208021407262354,8.1587770366829
Sony,A7IV,1376,100,68.0,0.11332395681367,0.0444407673779098,12.723048020468
Sony,A7IV,1376,100,68.0,0.21873094447266,0.08577684096967059,16.583035147384
Sony,A7IV,1376,100,68.0,0.43241714948092,0.1695753527376157,20.185286537118
Sony,A7IV,1376,100,68.0,0.83016796321208,0.32555606400473724,23.364212516353
Sony,A7IV,1376,100,68.0,1.6659419422693,0.6533105655958039,26.574427796969
Sony,A7IV,1376,100,68.0,3.2709614179638,1.2827299678289412,29.566527238397
Sony,A7IV,1376,100,68.0,4.9815237656639,1.953538731632902,31.385983703718
Sony,A7IV,1376,100,68.0,11.008135486133,4.316915876914902,34.713179540105
Sony,A7IV,1376,100,68.0,12.012217233104,4.710673424746666,35.069526204842
Sony,A7IV,1376,100,68.0,13.016298980075,5.104430972578431,35.395142094403
Sony,A7IV,1376,100,68.0,14.020380727045,5.498188520409804,35.694647707231
Sony,A7IV,1376,100,68.0,15.024462474016,5.891946068241569,35.971697701726
Sony,A7IV,1376,100,68.0,16.028544220986,6.285703616072941,36.229232552687
Sony,A7IV,1376,100,68.0,17.032625967957,6.679461163904706,36.469653238526
Sony,A7IV,1376,100,68.0,18.036707714928,7.07321871173647,36.694945586246
Sony,A7IV,1376,100,68.0,19.040789461898,7.4669762595678435,36.906770738235
Sony,A7IV,1376,100,68.0,20.044871208869,7.860733807399608,37.106532246688
Sony,A7IV,1376,100,68.0,21.04895295584,8.254491355231373,37.295426686768
Sony,A7IV,1376,100,68.0,22.05303470281,8.648248903062743,37.474482419868
Sony,A7IV,1376,100,68.0,23.057116449781,9.042006450894508,37.644589687741
Sony,A7IV,1376,100,68.0,24.061198196752,9.435763998726273,37.806524264684
Sony,A7IV,1376,100,68.0,25.065279943722,9.829521546557647,37.960966254774
Sony,A7IV,1376,100,68.0,26.069361690693,10.223279094389412,38.108515182947
Sony,A7IV,1376,100,68.0,27.073443437664,10.617036642221176,38.249702223603
Sony,A7IV,1376,100,68.0,28.077525184634,11.010794190052549,38.385000194501
Sony,A7IV,1376,100,68.0,29.081606931605,11.404551737884313,38.514831788756
Sony,A7IV,1376,100,68.0,30.085688678575,11.798309285715685,38.639576404998
Sony,A7IV,1376,100,68.0,31.089770425546,12.19206683354745,38.759575852734
Sony,A7IV,1376,100,68.0,32.093852172517,12.585824381379219,38.875139148105
Sony,A7IV,1376,100,68.0,33.097933919487,12.979581929210587,38.986546568696
Sony,A7IV,1376,100,68.0,34.102015666458,13.373339477042354,39.094053100639
Sony,A7IV,1376,100,68.0,35.106097413429,13.767097024874117,39.197891384135
Sony,A7IV,1376,100,68.0,36.110179160399,14.160854572705489,39.298274242485
Sony,A7IV,1376,100,68.0,37.11426090737,14.554612120537255,39.395396863367
Sony,A7IV,1376,100,68.0,38.118342654341,14.948369668369018,39.489438688187
Sony,A7IV,1376,100,68.0,39.122424401311,15.342127216200394,39.580565055172
Sony,A7IV,1376,100,68.0,40.126506148282,15.735884764032157,39.668928633738
Sony,A7IV,1376,100,68.0,41.130587895253,16.129642311863922,39.754670681157
Sony,A7IV,1376,100,68.0,42.134669642223,16.523399859695296,39.8379221473
Sony,A7IV,1376,100,68.0,43.138751389194,16.917157407527057,39.918804648975
Sony,A7IV,1376,100,68.0,44.142833136165,17.310914955358825,39.997431331902
Sony,A7IV,1376,100,68.0,45.146914883135,17.704672503190196,40.073907635517
Sony,A7IV,1376,100,68.0,46.150996630106,18.09843005102196,40.14833197347
Sony,A7IV,1376,100,68.0,47.155078377076,18.492187598853334,40.220796340708
Sony,A7IV,1376,100,68.0,48.159160124047,18.8859451466851,40.291386856462
Sony,A7IV,1376,100,68.0,49.163241871018,19.279702694516864,40.360184251076
Sony,A7IV,1376,100,68.0,50.167323617988,19.673460242348238,40.427264303512
Sony,A7IV,1376,100,68.0,51.171405364959,20.06721779018,40.492698235404
Sony,A7IV,1376,100,68.0,52.17548711193,20.460975338011767,40.556553066739
Sony,A7IV,1376,100,68.0,53.1795688589,20.854732885843134,40.618891937554
Sony,A7IV,1376,100,68.0,54.183650605871,21.248490433674903,40.679774399485
Sony,A7IV,1376,100,68.0,55.187732352842,21.642247981506664,40.739256680482
Sony,A7IV,1376,100,68.0,56.191814099812,22.03600552933804,40.797391925605
Sony,A7IV,1376,100,68.0,57.195895846783,22.429763077169806,40.854230416442
Sony,A7IV,1376,100,68.0,58.199977593754,22.823520625001567,40.909819771401
Sony,A7IV,1376,100,68.0,59.204059340724,23.21727817283294,40.964205128811
Sony,A7IV,1376,100,68.0,60.208141087695,23.611035720664706,41.017429314609
Sony,A7IV,1376,100,68.0,61.212222834666,24.00479326849647,41.069532996114
Sony,A7IV,1376,100,68.0,62.216304581636,24.398550816327845,41.120554823262
Sony,A7IV,1376,100,68.0,63.220386328607,24.792308364159606,41.170531558509
Sony,A7IV,1376,100,68.0,64.224468075578,25.186065911991374,41.219498196471
Sony,A7IV,1376,100,68.0,65.228549822548,25.579823459822748,41.267488074263
Sony,A7IV,1376,100,68.0,66.232631569519,25.973581007654513,41.314532973384
Sony,A7IV,1376,100,68.0,67.236713316489,26.36733855548588,41.360663213917
Sony,A7IV,1376,100,68.0,68.24079506346,26.761096103317644,41.405907741733
Sony,A7IV,1376,100,68.0,69.244876810431,27.15485365114941,41.450294209302
Sony,A7IV,1376,100,68.0,70.248958557401,27.548611198980783,41.493849050673
Sony,A7IV,1376,100,68.0,71.253040304372,27.94236874681255,41.53659755112
Sony,A7IV,1376,100,68.0,72.257122051343,28.336126294644316,41.578563911899
Sony,A7IV,1376,100,68.0,73.261203798313,28.72988384247569,41.61977131052
Sony,A7IV,1376,100,68.0,74.265285545284,29.123641390307455,41.66024195691
Sony,A7IV,1376,100,68.0,75.269367292255,29.517398938139216,41.699997145788
Sony,A7IV,1376,100,68.0,76.273449039225,29.911156485970587,41.739057305561
Sony,A7IV,1376,100,68.0,77.277530786196,30.304914033802348,41.777442044011
Sony,A7IV,1376,100,68.0,78.281612533166,30.698671581633725,41.815170191024
Sony,A7IV,1376,100,68.0,79.285694280137,31.092429129465486,41.852259838585
Sony,A7IV,1376,100,68.0,80.289776027108,31.486186677297255,41.888728378247
Sony,A7IV,1376,100,68.0,81.293857774078,31.879944225128632,41.924592536269
Sony,A7IV,1376,100,68.0,82.297939521049,32.27370177296039,41.95986840658
Sony,A7IV,1376,100,68.0,83.30202126802,32.66745932079216,41.994571481745
Sony,A7IV,1376,100,68.0,84.30610301499,33.061216868623525,42.028716682063
Sony,A7IV,1376,100,68.0,85.310184761961,33.45497441645529,42.062318382939
Sony,A7IV,1376,100,68.0,86.314266508932,33.848731964287055,42.095390440647
Sony,A7IV,1376,100,68.0,87.318348255902,34.24248951211843,42.127946216594
Sony,A7IV,1376,100,68.0,88.322430002873,34.6362470599502,42.159998600199
Sony,A7IV,1376,100,68.0,89.326511749844,35.03000460778196,42.191560030462
Sony,A7IV,1376,100,68.0,90.330593496814,35.42376215561334,42.222642516334
Sony,A7IV,1376,100,68.0,91.334675243785,35.8175197034451,42.253257655943
Sony,A7IV,1376,100,68.0,92.338756990755,36.21127725127647,42.283416654777
Sony,A7IV,1376,100,68.0,93.342838737726,36.60503479910823,42.313130342871
Sony,A7IV,1376,100,68.0,94.346920484697,36.99879234693999,42.342409191069
Sony,A7IV,1376,100,68.0,95.351002231667,37.39254989477137,42.371263326429
Sony,A7IV,1376,100,68.0,96.355083978638,37.78630744260314,42.399702546808
Sony,A7IV,1376,100,68.0,97.359165725609,38.1800649904349,42.42773633469
Sony,A7IV,1376,100,68.0,98.363247472579,38.57382253826628,42.455373870307
Sony,A7IV,1376,100,68.0,99.36732921955,38.96758008609804,42.482624044079
Sony,A7IV,1376,100,68.0,100.37141096652,39.36133763392941,42.509495468432
Sony,A7IV,1376,100,68.0,101.37549271349,39.75509518176079,42.535996489025
Sony,A7IV,1376,100,68.0,102.37957446046,40.14885272959216,42.562135195416
Sony,A7IV,1376,100,68.0,103.38365620743,40.54261027742353,42.58791943121
Sony,A7IV,1376,100,68.0,104.3877379544,40.9363678252549,42.613356803706
Sony,A7IV,1376,100,68.0,105.39181970137,41.330125373086275,42.638454693089
Sony,A7IV,1376,100,68.0,106.39590144834,41.723882920917646,42.663220261174
Sony,A7IV,1376,100,68.0,107.39998319532,42.117640468752946,42.687660459742
Sony,A7IV,1376,100,68.0,108.40406494229,42.511398016584316,42.711782038486
Sony,A7IV,1376,100,68.0,109.40814668926,42.90515556441568,42.735591552583
Sony,A7IV,1376,100,68.0,110.41222843623,43.29891311224706,42.759095369926
Sony,A7IV,1376,100,68.0,111.4163101832,43.692670660078434,42.782299678015
Sony,A7IV,1376,100,68.0,112.42039193017,44.086428207909805,42.805210490552
Sony,A7IV,1376,100,68.0,113.42447367714,44.480185755741175,42.827833653721
Sony,A7IV,1376,100,68.0,114.42855542411,44.87394330357255,42.85017485221
Sony,A7IV,1376,100,68.0,115.43263717108,45.26770085140392,42.872239614951
Sony,A7IV,1376,100,68.0,116.43671891805,45.66145839923529,42.894033320617
Sony,A7IV,1376,100,68.0,117.44080066502,46.05521594706667,42.915561202885
Sony,A7IV,1376,100,68.0,118.44488241199,46.44897349489804,42.936828355461
Sony,A7IV,1376,100,68.0,119.44896415896,46.842731042729405,42.957839736907
Sony,A7IV,1376,100,68.0,120.45304590593,47.23648859056078,42.978600175247
Sony,A7IV,1376,100,68.0,121.4571276529,47.63024613839216,42.999114372397
Sony,A7IV,1376,100,68.0,122.46120939987,48.02400368622353,43.019386908395
Sony,A7IV,1376,100,68.0,123.46529114685,48.41776123405882,43.039422245473
Sony,A7IV,1376,100,68.0,124.46937289382,48.81151878189019,43.059224731948
Sony,A7IV,1376,100,68.0,125.47345464079,49.20527632972156,43.078798605962
Sony,A7IV,1376,100,68.0,126.47753638776,49.59903387755294,43.098147999075
Sony,A7IV,1376,100,68.0,127.48161813473,49.99279142538431,43.117276939706
Sony,A7IV,1376,100,68.0,128.4856998817,50.38654897321568,43.136189356446
Sony,A7IV,1376,100,68.0,129.48978162867,50.78030652104706,43.154889081234
Sony,A7IV,1376,100,68.0,130.49386337564,51.17406406887842,43.173379852411
Sony,A7IV,1376,100,68.0,131.49794512261,51.5678216167098,43.191665317663
Sony,A7IV,1376,100,68.0,132.50202686958,51.96157916454117,43.209749036837
Sony,A7IV,1376,100,68.0,133.50610861655,52.35533671237255,43.227634484663
Sony,A7IV,1376,100,68.0,134.51019036352,52.74909426020392,43.245325053362
Sony,A7IV,1376,100,68.0,135.51427211049,53.142851808035296,43.262824055166
Sony,A7IV,1376,100,68.0,136.51835385746,53.53660935586667,43.280134724736
Sony,A7IV,1376,100,68.0,137.52243560443,53.93036690369804,43.297260221493
Sony,A7IV,1376,100,68.0,138.52651735141,54.324124451533336,43.314203631867
Sony,A7IV,1376,100,68.0,139.53059909838,54.717881999364714,43.330967971456
Sony,A7IV,1376,100,68.0,140.53468084535,55.11163954719608,43.347556187114
Sony,A7IV,1376,100,68.0,141.53876259232,55.505397095027455,43.363971158957
Sony,A7IV,1376,100,68.0,142.54284433929,55.899154642858825,43.380215702308
Sony,A7IV,1376,100,68.0,143.54692608626,56.29291219069019,43.396292569559
Sony,A7IV,1376,100,68.0,144.55100783323,56.686669738521566,43.412204451977
Sony,A7IV,1376,100,68.0,145.5550895802,57.08042728635294,43.427953981444
Sony,A7IV,1376,100,68.0,146.55917132717,57.47418483418431,43.443543732136
Sony,A7IV,1376,100,68.0,147.56325307414,57.86794238201568,43.458976222144
Sony,A7IV,1376,100,68.0,148.56733482111,58.261699929847055,43.474253915039
Sony,A7IV,1376,100,68.0,149.57141656808,58.65545747767843,43.489379221383
Sony,A7IV,1376,100,68.0,150.57549831505,59.0492150255098,43.504354500195
Sony,A7IV,1376,100,68.0,151.57958006202,59.44297257334118,43.519182060353
Sony,A7IV,1376,100,68.0,152.58366180899,59.83673012117256,43.533864161969
Sony,A7IV,1376,100,68.0,153.58774355596,60.23048766900392,43.548403017699
Sony,A7IV,1376,100,68.0,154.59182530294,60.62424521683922,43.562800794023
Sony,A7IV,1376,100,68.0,155.59590704991,61.018002764670584,43.577059612476
Sony,A7IV,1376,100,68.0,156.59998879688,61.41176031250196,43.591181550843
Sony,A7IV,1376,100,68.0,157.60407054385,61.80551786033334,43.605168644311
Sony,A7IV,1376,100,68.0,158.60815229082,62.1992754081647,43.619022886589
Sony,A7IV,1376,100,68.0,159.61223403779,62.59303295599607,43.632746230986
Sony,A7IV,1376,100,68.0,160.61631578476,62.98679050382745,43.64634059146
Sony,A7IV,1376,100,68.0,161.62039753173,63.38054805165883,43.659807843631
Sony,A7IV,1376,100,68.0,162.6244792787,63.77430559949019,43.673149825763
Sony,A7IV,1376,100,68.0,163.62856102567,64.16806314732156,43.686368339715
Sony,A7IV,1376,100,68.0,164.63264277264,64.56182069515293,43.699465151862
Sony,A7IV,1376,100,68.0,165.63672451961,64.95557824298432,43.712441993989
Sony,A7IV,1376,100,68.0,166.64080626658,65.34933579081569,43.725300564155
Sony,A7IV,1376,100,68.0,167.64488801355,65.74309333864706,43.738042527533
Sony,A7IV,1376,100,68.0,168.64896976052,66.13685088647844,43.750669517224
Sony,A7IV,1376,100,68.0,169.6530515075,66.53060843431373,43.763183135045
Sony,A7IV,1376,100,68.0,170.65713325447,66.9243659821451,43.775584952296
Sony,A7IV,1376,100,68.0,171.66121500144,67.31812352997648,43.787876510499
Sony,A7IV,1376,100,68.0,172.66529674841,67.71188107780783,43.800059322122
Sony,A7IV,1376,100,68.0,173.66937849538,68.10563862563922,43.812134871278
Sony,A7IV,1376,100,68.0,174.67346024235,68.49939617347059,43.824104614399
Sony,A7IV,1376,100,68.0,175.67754198932,68.89315372130196,43.835969980901
Sony,A7IV,1376,100,68.0,176.68162373629,69.28691126913333,43.847732373819
Sony,A7IV,1376,100,68.0,177.68570548326,69.68066881696471,43.859393170432
Sony,A7IV,1376,100,68.0,178.68978723023,70.07442636479607,43.87095372286
Sony,A7IV,1376,100,68.0,179.6938689772,70.46818391262745,43.882415358657
Sony,A7IV,1376,100,68.0,180.69795072417,70.86194146045882,43.893779381378
Sony,A7IV,1376,100,68.0,181.70203247114,71.2556990082902,43.90504707113
Sony,A7IV,1376,100,68.0,182.70611421811,71.64945655612158,43.916219685113
Sony,A7IV,1376,100,68.0,183.71019596508,72.04321410395295,43.92729845814
Sony,A7IV,1376,100,68.0,184.71427771206,72.43697165178824,43.938284603147
Sony,A7IV,1376,100,68.0,185.71835945903,72.83072919961961,43.949179311686
Sony,A7IV,1376,100,68.0,186.722441206,73.224486747451,43.959983754406
Sony,A7IV,1376,100,68.0,187.72652295297,73.61824429528234,43.970699081521
Sony,A7IV,1376,100,68.0,188.73060469994,74.01200184311372,43.981326423262
Sony,A7IV,1376,100,68.0,189.73468644691,74.4057593909451,43.991866890324
Sony,A7IV,1376,100,68.0,190.73876819388,74.79951693877646,44.002321574289
Sony,A7IV,1376,100,68.0,191.74284994085,75.19327448660785,44.012691548052
Sony,A7IV,1376,100,68.0,192.74693168782,75.58703203443922,44.022977866226
Sony,A7IV,1376,100,68.0,193.75101343479,75.98078958227059,44.033181565536
Sony,A7IV,1376,100,68.0,194.75509518176,76.37454713010196,44.04330366521
Sony,A7IV,1376,100,68.0,195.75917692873,76.76830467793333,44.05334516735
Sony,A7IV,1376,100,68.0,196.7632586757,77.1620622257647,44.063307057303
Sony,A7IV,1376,100,68.0,197.76734042267,77.55581977359608,44.073190304016
Sony,A7IV,1376,100,68.0,198.77142216964,77.94957732142745,44.082995860379
Sony,A7IV,1376,100,68.0,199.77550391662,78.34333486926275,44.092724663573
Sony,A7IV,1376,100,68.0,200.77958566359,78.73709241709412,44.10237763539
Sony,A7IV,1376,100,68.0,201.78366741056,79.1308499649255,44.11195568256
Sony,A7IV,1376,100,68.0,202.78774915753,79.52460751275686,44.121459697063
Sony,A7IV,1376,100,68.0,203.7918309045,79.91836506058823,44.130890556434
Sony,A7IV,1376,100,68.0,204.79591265147,80.3121226084196,44.140249124059
Sony,A7IV,1376,100,68.0,205.79999439844,80.70588015625097,44.149536249469
Sony,A7IV,1376,100,68.0,206.80407614541,81.09963770408235,44.158752768619
Sony,A7IV,1376,100,68.0,207.80815789238,81.49339525191373,44.167899504165
Sony,A7IV,1376,100,68.0,208.81223963935,81.8871527997451,44.176977265733
Sony,A7IV,1376,100,68.0,209.81632138632,82.28091034757648,44.185986850184
Sony,A7IV,1376,100,68.0,210.82040313329,82.67466789540784,44.194929041863
Sony,A7IV,1376,100,68.0,211.82448488026,83.0684254432392,44.203804612858
Sony,A7IV,1376,100,68.0,212.82856662723,83.46218299107059,44.212614323237
Sony,A7IV,1376,100,68.0,213.8326483742,83.85594053890196,44.221358921285
Sony,A7IV,1376,100,68.0,214.83673012117,84.24969808673333,44.230039143742
Sony,A7IV,1376,100,68.0,215.84081186815,84.64345563456862,44.238655716026
Sony,A7IV,1376,100,68.0,216.84489361512,85.0372131824,44.247209352451
Sony,A7IV,1376,100,68.0,217.84897536209,85.43097073023137,44.255700756448
Sony,A7IV,1376,100,68.0,218.85305710906,85.82472827806275,44.264130620774
Sony,A7IV,1376,100,68.0,219.85713885603,86.2184858258941,44.272499627716
Sony,A7IV,1376,100,68.0,220.861220603,86.61224337372548,44.280808449295
Sony,A7IV,1376,100,68.0,221.86530234997,87.00600092155686,44.289057747457
Sony,A7IV,1376,100,68.0,222.86938409694,87.39975846938823,44.297248174271
Sony,A7IV,1376,100,68.0,223.87346584391,87.7935160172196,44.305380372113
Sony,A7IV,1376,100,68.0,224.87754759088,88.18727356505099,44.313454973847
Sony,A7IV,1376,100,68.0,225.88162933785,88.58103111288236,44.32147260301
Sony,A7IV,1376,100,68.0,226.88571108482,88.97478866071373,44.329433873977
Sony,A7IV,1376,100,68.0,227.88979283179,89.3685462085451,44.337339392143
Sony,A7IV,1376,100,68.0,228.89387457876,89.76230375637647,44.345189754079
Sony,A7IV,1376,100,68.0,229.89795632573,90.15606130420785,44.352985547702
Sony,A7IV,1376,100,68.0,230.90203807271,90.54981885204315,44.360727352434
Sony,A7IV,1376,100,68.0,231.90611981968,90.9435763998745,44.368415739354
Sony,A7IV,1376,100,68.0,232.91020156665,91.33733394770587,44.376051271351
Sony,A7IV,1376,100,68.0,233.91428331362,91.73109149553726,44.383634503279
Sony,A7IV,1376,100,68.0,234.91836506059,92.12484904336863,44.391165982094
Sony,A7IV,1376,100,68.0,235.92244680756,92.5186065912,44.398646247001
Sony,A7IV,1376,100,68.0,236.92652855453,92.91236413903137,44.406075829595
Sony,A7IV,1376,100,68.0,237.9306103015,93.30612168686274,44.413455253992
Sony,A7IV,1376,100,68.0,238.93469204847,93.69987923469412,44.420785036969
Sony,A7IV,1376,100,68.0,239.93877379544,94.0936367825255,44.428065688087
Sony,A7IV,1376,100,68.0,240.94285554241,94.48739433035686,44.435297709825
Sony,A7IV,1376,100,68.0,241.94693728938,94.88115187818823,44.442481597701
Sony,A7IV,1376,100,68.0,242.95101903635,95.2749094260196,44.449617840395
Sony,A7IV,1376,100,68.0,243.95510078332,95.66866697385097,44.456706919872
Sony,A7IV,1376,100,68.0,244.95918253029,96.06242452168236,44.463749311492
Sony,A7IV,1376,100,68.0,245.96326427727,96.45618206951765,44.470745484131
Sony,A7IV,1376,100,68.0,246.96734602424,96.84993961734901,44.47769590029
Sony,A7IV,1376,100,68.0,247.97142777121,97.2436971651804,44.484601016207
Sony,A7IV,1376,100,68.0,248.97550951818,97.63745471301176,44.491461281962
Sony,A7IV,1376,100,68.0,249.97959126515,98.03121226084313,44.498277141582
Sony,A7IV,1376,100,68.0,250.98367301212,98.42496980867452,44.505049033148
Sony,A7IV,1376,100,68.0,251.98775475909,98.81872735650587,44.511777388891
Sony,A7IV,1376,100,68.0,252.99183650606,99.21248490433724,44.518462635296
Sony,A7IV,1376,100,68.0,253.99591825303,99.60624245216863,44.525105193194
Sony,A7IV,1376,100,68.0,255,100.0,44.531705477858
Sony,A7IV,1376,200,136.0,0.033593844802986,0.013174056785484705,0
Sony,A7IV,1376,200,136.0,0.056630454588519,0.022208021407262354,3.9407469851731
Sony,A7IV,1376,200,136.0,0.11332395681367,0.0444407673779098,8.7762725402326
Sony,A7IV,1376,200,136.0,0.21873094447266,0.08577684096967059,12.88696179783
Sony,A7IV,1376,200,136.0,0.43241714948092,0.1695753527376157,16.696450436004
Sony,A7IV,1376,200,136.0,0.83016796321208,0.32555606400473724,20.012197273089
Sony,A7IV,1376,200,136.0,1.6659419422693,0.6533105655958039,23.31767139659
Sony,A7IV,1376,200,136.0,3.2709614179638,1.2827299678289412,26.376415838171
Sony,A7IV,1376,200,136.0,4.9815237656639,1.953538731632902,28.235682646707
Sony,A7IV,1376,200,136.0,11.008135486133,4.316915876914902,31.659916569902
Sony,A7IV,1376,200,136.0,12.012217233104,4.710673424746666,32.030318470374
Sony,A7IV,1376,200,136.0,13.016298980075,5.104430972578431,32.369688698052
Sony,A7IV,1376,200,136.0,14.020380727045,5.498188520409804,32.682689516777
Sony,A7IV,1376,200,136.0,15.024462474016,5.891946068241569,32.973006637801
Sony,A7IV,1376,200,136.0,16.028544220986,6.285703616072941,33.24360420178
Sony,A7IV,1376,200,136.0,17.032625967957,6.679461163904706,33.496901622663
Sony,A7IV,1376,200,136.0,18.036707714928,7.07321871173647,33.734899373315
Sony,A7IV,1376,200,136.0,19.040789461898,7.4669762595678435,33.959270439804
Sony,A7IV,1376,200,136.0,20.044871208869,7.860733807399608,34.171428108231
Sony,A7IV,1376,200,136.0,21.04895295584,8.254491355231373,34.372577073246
Sony,A7IV,1376,200,136.0,22.05303470281,8.648248903062743,34.563752562126
Sony,A7IV,1376,200,136.0,23.057116449781,9.042006450894508,34.745850695995
Sony,A7IV,1376,200,136.0,24.061198196752,9.435763998726273,34.91965234264
Sony,A7IV,1376,200,136.0,25.065279943722,9.829521546557647,35.085842066462
Sony,A7IV,1376,200,136.0,26.069361690693,10.223279094389412,35.245023337227
Sony,A7IV,1376,200,136.0,27.073443437664,10.617036642221176,35.397730850356
Sony,A7IV,1376,200,136.0,28.077525184634,11.010794190052549,35.544440592998
Sony,A7IV,1376,200,136.0,29.081606931605,11.404551737884313,35.685578133387
Sony,A7IV,1376,200,136.0,30.085688678575,11.798309285715685,35.821525496998
Sony,A7IV,1376,200,136.0,31.089770425546,12.19206683354745,35.952626909095
Sony,A7IV,1376,200,136.0,32.093852172517,12.585824381379219,36.079193620792
Sony,A7IV,1376,200,136.0,33.097933919487,12.979581929210587,36.201507988725
Sony,A7IV,1376,200,136.0,34.102015666458,13.373339477042354,36.319826942708
Sony,A7IV,1376,200,136.0,35.106097413429,13.767097024874117,36.434384948345
Sony,A7IV,1376,200,136.0,36.110179160399,14.160854572705489,36.54539655037
Sony,A7IV,1376,200,136.0,37.11426090737,14.554612120537255,36.653058565958
Sony,A7IV,1376,200,136.0,38.118342654341,14.948369668369018,36.757551984271
Sony,A7IV,1376,200,136.0,39.122424401311,15.342127216200394,36.859043618224
Sony,A7IV,1376,200,136.0,40.126506148282,15.735884764032157,36.95768754627
Sony,A7IV,1376,200,136.0,41.130587895253,16.129642311863922,37.053626375443
Sony,A7IV,1376,200,136.0,42.134669642223,16.523399859695296,37.146992351606
Sony,A7IV,1376,200,136.0,43.138751389194,16.917157407527057,37.237908338567
Sony,A7IV,1376,200,136.0,44.142833136165,17.310914955358825,37.326488684211
Sony,A7IV,1376,200,136.0,45.146914883135,17.704672503190196,37.412839988949
Sony,A7IV,1376,200,136.0,46.150996630106,18.09843005102196,37.497061789408
Sony,A7IV,1376,200,136.0,47.155078377076,18.492187598853334,37.579247168344
Sony,A7IV,1376,200,136.0,48.159160124047,18.8859451466851,37.659483300116
Sony,A7IV,1376,200,136.0,49.163241871018,19.279702694516864,37.737851939743
Sony,A7IV,1376,200,136.0,50.167323617988,19.673460242348238,37.814429862383
Sony,A7IV,1376,200,136.0,51.171405364959,20.06721779018,37.889289259163
Sony,A7IV,1376,200,136.0,52.17548711193,20.460975338011767,37.962498094446
Sony,A7IV,1376,200,136.0,53.1795688589,20.854732885843134,38.034120428969
Sony,A7IV,1376,200,136.0,54.183650605871,21.248490433674903,38.104216712681
Sony,A7IV,1376,200,136.0,55.187732352842,21.642247981506664,38.17284405064
Sony,A7IV,1376,200,136.0,56.191814099812,22.03600552933804,38.240056444874
Sony,A7IV,1376,200,136.0,57.195895846783,22.429763077169806,38.30590501478
Sony,A7IV,1376,200,136.0,58.199977593754,22.823520625001567,38.3704381983
Sony,A7IV,1376,200,136.0,59.204059340724,23.21727817283294,38.433701935852
Sony,A7IV,1376,200,136.0,60.208141087695,23.611035720664706,38.495739838764
Sony,A7IV,1376,200,136.0,61.212222834666,24.00479326849647,38.556593343744
Sony,A7IV,1376,200,136.0,62.216304581636,24.398550816327845,38.61630185476
Sony,A7IV,1376,200,136.0,63.220386328607,24.792308364159606,38.674902873541
Sony,A7IV,1376,200,136.0,64.224468075578,25.186065911991374,38.732432119768
Sony,A7IV,1376,200,136.0,65.228549822548,25.579823459822748,38.78892364193
Sony,A7IV,1376,200,136.0,66.232631569519,25.973581007654513,38.844409919693
Sony,A7IV,1376,200,136.0,67.236713316489,26.36733855548588,38.898921958552
Sony,A7IV,1376,200,136.0,68.24079506346,26.761096103317644,38.952489377454
Sony,A7IV,1376,200,136.0,69.244876810431,27.15485365114941,39.005140490008
Sony,A7IV,1376,200,136.0,70.248958557401,27.548611198980783,39.056902379844
Sony,A7IV,1376,200,136.0,71.253040304372,27.94236874681255,39.107800970604
Sony,A7IV,1376,200,136.0,72.257122051343,28.336126294644316,39.157861091039
Sony,A7IV,1376,200,136.0,73.261203798313,28.72988384247569,39.207106535591
Sony,A7IV,1376,200,136.0,74.265285545284,29.123641390307455,39.255560120862
Sony,A7IV,1376,200,136.0,75.269367292255,29.517398938139216,39.303243738266
Sony,A7IV,1376,200,136.0,76.273449039225,29.911156485970587,39.350178403199
Sony,A7IV,1376,200,136.0,77.277530786196,30.304914033802348,39.396384300982
Sony,A7IV,1376,200,136.0,78.281612533166,30.698671581633725,39.441880829834
Sony,A7IV,1376,200,136.0,79.285694280137,31.092429129465486,39.486686641106
Sony,A7IV,1376,200,136.0,80.289776027108,31.486186677297255,39.530819676968
Sony,A7IV,1376,200,136.0,81.293857774078,31.879944225128632,39.574297205763
Sony,A7IV,1376,200,136.0,82.297939521049,32.27370177296039,39.617135855179
Sony,A7IV,1376,200,136.0,83.30202126802,32.66745932079216,39.659351643407
Sony,A7IV,1376,200,136.0,84.30610301499,33.061216868623525,39.700960008433
Sony,A7IV,1376,200,136.0,85.310184761961,33.45497441645529,39.741975835589
Sony,A7IV,1376,200,136.0,86.314266508932,33.848731964287055,39.782413483493
Sony,A7IV,1376,200,136.0,87.318348255902,34.24248951211843,39.822286808478
Sony,A7IV,1376,200,136.0,88.322430002873,34.6362470599502,39.861609187638
Sony,A7IV,1376,200,136.0,89.326511749844,35.03000460778196,39.900393540549
Sony,A7IV,1376,200,136.0,90.330593496814,35.42376215561334,39.938652349793
Sony,A7IV,1376,200,136.0,91.334675243785,35.8175197034451,39.97639768033
Sony,A7IV,1376,200,136.0,92.338756990755,36.21127725127647,40.013641197824
Sony,A7IV,1376,200,136.0,93.342838737726,36.60503479910823,40.050394185959
Sony,A7IV,1376,200,136.0,94.346920484697,36.99879234693999,40.086667562846
Sony,A7IV,1376,200,136.0,95.351002231667,37.39254989477137,40.122471896543
Sony,A7IV,1376,200,136.0,96.355083978638,37.78630744260314,40.157817419774
Sony,A7IV,1376,200,136.0,97.359165725609,38.1800649904349,40.192714043876
Sony,A7IV,1376,200,136.0,98.363247472579,38.57382253826628,40.227171372029
Sony,A7IV,1376,200,136.0,99.36732921955,38.96758008609804,40.26119871182
Sony,A7IV,1376,200,136.0,100.37141096652,39.36133763392941,40.294805087168
Sony,A7IV,1376,200,136.0,101.37549271349,39.75509518176079,40.327999249654
Sony,A7IV,1376,200,136.0,102.37957446046,40.14885272959216,40.360789689296
Sony,A7IV,1376,200,136.0,103.38365620743,40.54261027742353,40.393184644797
Sony,A7IV,1376,200,136.0,104.3877379544,40.9363678252549,40.425192113291
Sony,A7IV,1376,200,136.0,105.39181970137,41.330125373086275,40.456819859629
Sony,A7IV,1376,200,136.0,106.39590144834,41.723882920917646,40.488075425221
Sony,A7IV,1376,200,136.0,107.39998319532,42.117640468752946,40.518966136459
Sony,A7IV,1376,200,136.0,108.40406494229,42.511398016584316,40.549499112752
Sony,A7IV,1376,200,136.0,109.40814668926,42.90515556441568,40.579681274189
Sony,A7IV,1376,200,136.0,110.41222843623,43.29891311224706,40.609519348849
Sony,A7IV,1376,200,136.0,111.4163101832,43.692670660078434,40.639019879782
Sony,A7IV,1376,200,136.0,112.42039193017,44.086428207909805,40.668189231675
Sony,A7IV,1376,200,136.0,113.42447367714,44.480185755741175,40.697033597221
Sony,A7IV,1376,200,136.0,114.42855542411,44.87394330357255,40.725559003207
Sony,A7IV,1376,200,136.0,115.43263717108,45.26770085140392,40.753771316339
Sony,A7IV,1376,200,136.0,116.43671891805,45.66145839923529,40.781676248804
Sony,A7IV,1376,200,136.0,117.44080066502,46.05521594706667,40.809279363608
Sony,A7IV,1376,200,136.0,118.44488241199,46.44897349489804,40.836586079673
Sony,A7IV,1376,200,136.0,119.44896415896,46.842731042729405,40.863601676726
Sony,A7IV,1376,200,136.0,120.45304590593,47.23648859056078,40.890331299979
Sony,A7IV,1376,200,136.0,121.4571276529,47.63024613839216,40.916779964615
Sony,A7IV,1376,200,136.0,122.46120939987,48.02400368622353,40.942952560096
Sony,A7IV,1376,200,136.0,123.46529114685,48.41776123405882,40.968853854281
Sony,A7IV,1376,200,136.0,124.46937289382,48.81151878189019,40.994488497389
Sony,A7IV,1376,200,136.0,125.47345464079,49.20527632972156,41.019861025796
Sony,A7IV,1376,200,136.0,126.47753638776,49.59903387755294,41.044975865686
Sony,A7IV,1376,200,136.0,127.48161813473,49.99279142538431,41.06983733655
Sony,A7IV,1376,200,136.0,128.4856998817,50.38654897321568,41.094449654553
Sony,A7IV,1376,200,136.0,129.48978162867,50.78030652104706,41.118816935767
Sony,A7IV,1376,200,136.0,130.49386337564,51.17406406887842,41.14294319928
Sony,A7IV,1376,200,136.0,131.49794512261,51.5678216167098,41.166832370189
Sony,A7IV,1376,200,136.0,132.50202686958,51.96157916454117,41.190488282467
Sony,A7IV,1376,200,136.0,133.50610861655,52.35533671237255,41.213914681741
Sony,A7IV,1376,200,136.0,134.51019036352,52.74909426020392,41.237115227943
Sony,A7IV,1376,200,136.0,135.51427211049,53.142851808035296,41.260093497884
Sony,A7IV,1376,200,136.0,136.51835385746,53.53660935586667,41.282852987715
Sony,A7IV,1376,200,136.0,137.52243560443,53.93036690369804,41.305397115309
Sony,A7IV,1376,200,136.0,138.52651735141,54.324124451533336,41.327729222551
Sony,A7IV,1376,200,136.0,139.53059909838,54.717881999364714,41.349852577548
Sony,A7IV,1376,200,136.0,140.53468084535,55.11163954719608,41.371770376755
Sony,A7IV,1376,200,136.0,141.53876259232,55.505397095027455,41.393485747032
Sony,A7IV,1376,200,136.0,142.54284433929,55.899154642858825,41.41500174762
Sony,A7IV,1376,200,136.0,143.54692608626,56.29291219069019,41.436321372056
Sony,A7IV,1376,200,136.0,144.55100783323,56.686669738521566,41.457447550013
Sony,A7IV,1376,200,136.0,145.5550895802,57.08042728635294,41.478383149083
Sony,A7IV,1376,200,136.0,146.55917132717,57.47418483418431,41.499130976493
Sony,A7IV,1376,200,136.0,147.56325307414,57.86794238201568,41.519693780768
Sony,A7IV,1376,200,136.0,148.56733482111,58.261699929847055,41.54007425333
Sony,A7IV,1376,200,136.0,149.57141656808,58.65545747767843,41.560275030051
Sony,A7IV,1376,200,136.0,150.57549831505,59.0492150255098,41.580298692748
Sony,A7IV,1376,200,136.0,151.57958006202,59.44297257334118,41.600147770633
Sony,A7IV,1376,200,136.0,152.58366180899,59.83673012117256,41.619824741707
Sony,A7IV,1376,200,136.0,153.58774355596,60.23048766900392,41.63933203412
Sony,A7IV,1376,200,136.0,154.59182530294,60.62424521683922,41.658672027475
Sony,A7IV,1376,200,136.0,155.59590704991,61.018002764670584,41.677847054098
Sony,A7IV,1376,200,136.0,156.59998879688,61.41176031250196,41.696859400262
Sony,A7IV,1376,200,136.0,157.60407054385,61.80551786033334,41.715711307374
Sony,A7IV,1376,200,136.0,158.60815229082,62.1992754081647,41.734404973124
Sony,A7IV,1376,200,136.0,159.61223403779,62.59303295599607,41.752942552597
Sony,A7IV,1376,200,136.0,160.61631578476,62.98679050382745,41.771326159351
Sony,A7IV,1376,200,136.0,161.62039753173,63.38054805165883,41.789557866458
Sony,A7IV,1376,200,136.0,162.6244792787,63.77430559949019,41.80763970752
Sony,A7IV,1376,200,136.0,163.62856102567,64.16806314732156,41.825573677646
Sony,A7IV,1376,200,136.0,164.63264277264,64.56182069515293,41.843361734403
Sony,A7IV,1376,200,136.0,165.63672451961,64.95557824298432,41.861005798735
Sony,A7IV,1376,200,136.0,166.64080626658,65.34933579081569,41.878507755859
Sony,A7IV,1376,200,136.0,167.64488801355,65.74309333864706,41.895869456128
Sony,A7IV,1376,200,136.0,168.64896976052,66.13685088647844,41.913092715877
Sony,A7IV,1376,200,136.0,169.6530515075,66.53060843431373,41.930179318229
Sony,A7IV,1376,200,136.0,170.65713325447,66.9243659821451,41.947131013895
Sony,A7IV,1376,200,136.0,171.66121500144,67.31812352997648,41.963949521938
Sony,A7IV,1376,200,136.0,172.66529674841,67.71188107780783,41.980636530516
Sony,A7IV,1376,200,136.0,173.66937849538,68.10563862563922,41.997193697609
Sony,A7IV,1376,200,136.0,174.67346024235,68.49939617347059,42.013622651721
Sony,A7IV,1376,200,136.0,175.67754198932,68.89315372130196,42.029924992563
Sony,A7IV,1376,200,136.0,176.68162373629,69.28691126913333,42.046102291714
Sony,A7IV,1376,200,136.0,177.68570548326,69.68066881696471,42.062156093265
Sony,A7IV,1376,200,136.0,178.68978723023,70.07442636479607,42.078087914447
Sony,A7IV,1376,200,136.0,179.6938689772,70.46818391262745,42.093899246239
Sony,A7IV,1376,200,136.0,180.69795072417,70.86194146045882,42.109591553958
Sony,A7IV,1376,200,136.0,181.70203247114,71.2556990082902,42.125166277834
Sony,A7IV,1376,200,136.0,182.70611421811,71.64945655612158,42.140624833569
Sony,A7IV,1376,200,136.0,183.71019596508,72.04321410395295,42.15596861288
Sony,A7IV,1376,200,136.0,184.71427771206,72.43697165178824,42.171198984032
Sony,A7IV,1376,200,136.0,185.71835945903,72.83072919961961,42.186317292343
Sony,A7IV,1376,200,136.0,186.722441206,73.224486747451,42.201324860694
Sony,A7IV,1376,200,136.0,187.72652295297,73.61824429528234,42.21622299001
Sony,A7IV,1376,200,136.0,188.73060469994,74.01200184311372,42.231012959737
Sony,A7IV,1376,200,136.0,189.73468644691,74.4057593909451,42.2456960283
Sony,A7IV,1376,200,136.0,190.73876819388,74.79951693877646,42.260273433555
Sony,A7IV,1376,200,136.0,191.74284994085,75.19327448660785,42.274746393223
Sony,A7IV,1376,200,136.0,192.74693168782,75.58703203443922,42.28911610532
Sony,A7IV,1376,200,136.0,193.75101343479,75.98078958227059,42.303383748568
Sony,A7IV,1376,200,136.0,194.75509518176,76.37454713010196,42.317550482798
Sony,A7IV,1376,200,136.0,195.75917692873,76.76830467793333,42.331617449347
Sony,A7IV,1376,200,136.0,196.7632586757,77.1620622257647,42.345585771439
Sony,A7IV,1376,200,136.0,197.76734042267,77.55581977359608,42.359456554559
Sony,A7IV,1376,200,136.0,198.77142216964,77.94957732142745,42.373230886815
Sony,A7IV,1376,200,136.0,199.77550391662,78.34333486926275,42.386909839297
Sony,A7IV,1376,200,136.0,200.77958566359,78.73709241709412,42.400494466418
Sony,A7IV,1376,200,136.0,201.78366741056,79.1308499649255,42.413985806253
Sony,A7IV,1376,200,136.0,202.78774915753,79.52460751275686,42.42738488087
Sony,A7IV,1376,200,136.0,203.7918309045,79.91836506058823,42.440692696646
Sony,A7IV,1376,200,136.0,204.79591265147,80.3121226084196,42.453910244585
Sony,A7IV,1376,200,136.0,205.79999439844,80.70588015625097,42.467038500617
Sony,A7IV,1376,200,136.0,206.80407614541,81.09963770408235,42.4800784259
Sony,A7IV,1376,200,136.0,207.80815789238,81.49339525191373,42.493030967108
Sony,A7IV,1376,200,136.0,208.81223963935,81.8871527997451,42.505897056716
Sony,A7IV,1376,200,136.0,209.81632138632,82.28091034757648,42.518677613273
Sony,A7IV,1376,200,136.0,210.82040313329,82.67466789540784,42.531373541677
Sony,A7IV,1376,200,136.0,211.82448488026,83.0684254432392,42.543985733432
Sony,A7IV,1376,200,136.0,212.82856662723,83.46218299107059,42.55651506691
Sony,A7IV,1376,200,136.0,213.8326483742,83.85594053890196,42.5689624076
Sony,A7IV,1376,200,136.0,214.83673012117,84.24969808673333,42.581328608352
Sony,A7IV,1376,200,136.0,215.84081186815,84.64345563456862,42.593614509619
Sony,A7IV,1376,200,136.0,216.84489361512,85.0372131824,42.605820939689
Sony,A7IV,1376,200,136.0,217.84897536209,85.43097073023137,42.61794871491
Sony,A7IV,1376,200,136.0,218.85305710906,85.82472827806275,42.629998639922
Sony,A7IV,1376,200,136.0,219.85713885603,86.2184858258941,42.641971507863
Sony,A7IV,1376,200,136.0,220.861220603,86.61224337372548,42.653868100593
Sony,A7IV,1376,200,136.0,221.86530234997,87.00600092155686,42.665689188894
Sony,A7IV,1376,200,136.0,222.86938409694,87.39975846938823,42.677435532677
Sony,A7IV,1376,200,136.0,223.87346584391,87.7935160172196,42.68910788118
Sony,A7IV,1376,200,136.0,224.87754759088,88.18727356505099,42.700706973162
Sony,A7IV,1376,200,136.0,225.88162933785,88.58103111288236,42.712233537092
Sony,A7IV,1376,200,136.0,226.88571108482,88.97478866071373,42.723688291336
Sony,A7IV,1376,200,136.0,227.88979283179,89.3685462085451,42.735071944339
Sony,A7IV,1376,200,136.0,228.89387457876,89.76230375637647,42.746385194798
Sony,A7IV,1376,200,136.0,229.89795632573,90.15606130420785,42.757628731843
Sony,A7IV,1376,200,136.0,230.90203807271,90.54981885204315,42.7688032352
Sony,A7IV,1376,200,136.0,231.90611981968,90.9435763998745,42.779909375359
Sony,A7IV,1376,200,136.0,232.91020156665,91.33733394770587,42.79094781374
Sony,A7IV,1376,200,136.0,233.91428331362,91.73109149553726,42.801919202845
Sony,A7IV,1376,200,136.0,234.91836506059,92.12484904336863,42.81282418642
Sony,A7IV,1376,200,136.0,235.92244680756,92.5186065912,42.823663399604
Sony,A7IV,1376,200,136.0,236.92652855453,92.91236413903137,42.834437469078
Sony,A7IV,1376,200,136.0,237.9306103015,93.30612168686274,42.845147013209
Sony,A7IV,1376,200,136.0,238.93469204847,93.69987923469412,42.855792642198
Sony,A7IV,1376,200,136.0,239.93877379544,94.0936367825255,42.866374958214
Sony,A7IV,1376,200,136.0,240.94285554241,94.48739433035686,42.876894555534
Sony,A7IV,1376,200,136.0,241.94693728938,94.88115187818823,42.887352020673
Sony,A7IV,1376,200,136.0,242.95101903635,95.2749094260196,42.897747932521
Sony,A7IV,1376,200,136.0,243.95510078332,95.66866697385097,42.908082862465
Sony,A7IV,1376,200,136.0,244.95918253029,96.06242452168236,42.918357374518
Sony,A7IV,1376,200,136.0,245.96326427727,96.45618206951765,42.928572025444
Sony,A7IV,1376,200,136.0,246.96734602424,96.84993961734901,42.938727364873
Sony,A7IV,1376,200,136.0,247.97142777121,97.2436971651804,42.948823935422
Sony,A7IV,1376,200,136.0,248.97550951818,97.63745471301176,42.958862272811
Sony,A7IV,1376,200,136.0,249.97959126515,98.03121226084313,42.968842905978
Sony,A7IV,1376,200,136.0,250.98367301212,98.42496980867452,42.978766357184
Sony,A7IV,1376,200,136.0,251.98775475909,98.81872735650587,42.988633142129
Sony,A7IV,1376,200,136.0,252.99183650606,99.21248490433724,42.998443770053
Sony,A7IV,1376,200,136.0,253.99591825303,99.60624245216863,43.008198743844
Sony,A7IV,1376,200,136.0,255,100.0,43.017898560137
Sony,A7IV,1376,400,274.0,0.028798610956047,0.011293572923940001,0
Sony,A7IV,1376,400,274.0,0.033593844802986,0.013174056785484705,0.98601611298418
Sony,A7IV,1376,400,274.0,0.056630454588519,0.022208021407262354,4.1426725579641
Sony,A7IV,1376,400,274.0,0.11332395681367,0.0444407673779098,7.9417649114526
Sony,A7IV,1376,400,274.0,0.21873094447266,0.08577684096967059,11.233271257771
Sony,A7IV,1376,400,274.0,0.43241714948092,0.1695753527376157,14.442584909343
Sony,A7IV,1376,400,274.0,0.83016796321208,0.32555606400473724,17.400771480876
Sony,A7IV,1376,400,274.0,1.6659419422693,0.6533105655958039,20.491049368765
Sony,A7IV,1376,400,274.0,3.2709614179638,1.2827299678289412,23.444258824068
Sony,A7IV,1376,400,274.0,4.9815237656639,1.953538731632902,25.270674533379
Sony,A7IV,1376,400,274.0,11.008135486133,4.316915876914902,28.681509180858
Sony,A7IV,1376,400,274.0,12.012217233104,4.710673424746666,29.05390693722
Sony,A7IV,1376,400,274.0,13.016298980075,5.104430972578431,29.395725102304
Sony,A7IV,1376,400,274.0,14.020380727045,5.498188520409804,29.711524417518
Sony,A7IV,1376,400,274.0,15.024462474016,5.891946068241569,30.004916118488
Sony,A7IV,1376,400,274.0,16.028544220986,6.285703616072941,30.278808484699
Sony,A7IV,1376,400,274.0,17.032625967957,6.679461163904706,30.535578220444
Sony,A7IV,1376,400,274.0,18.036707714928,7.07321871173647,30.777192594622
Sony,A7IV,1376,400,274.0,19.040789461898,7.4669762595678435,31.005298398195
Sony,A7IV,1376,400,274.0,20.044871208869,7.860733807399608,31.221287981799
Sony,A7IV,1376,400,274.0,21.04895295584,8.254491355231373,31.426349113911
Sony,A7IV,1376,400,274.0,22.05303470281,8.648248903062743,31.621503194991
Sony,A7IV,1376,400,274.0,23.057116449781,9.042006450894508,31.807634945751
Sony,A7IV,1376,400,274.0,24.061198196752,9.435763998726273,31.985515754986
Sony,A7IV,1376,400,274.0,25.065279943722,9.829521546557647,32.155822245559
Sony,A7IV,1376,400,274.0,26.069361690693,10.223279094389412,32.319151187668
Sony,A7IV,1376,400,274.0,27.073443437664,10.617036642221176,32.476031589218
Sony,A7IV,1376,400,274.0,28.077525184634,11.010794190052549,32.626934581184
Sony,A7IV,1376,400,274.0,29.081606931605,11.404551737884313,32.772281563602
Sony,A7IV,1376,400,274.0,30.085688678575,11.798309285715685,32.912450966994
Sony,A7IV,1376,400,274.0,31.089770425546,12.19206683354745,33.047783902368
Sony,A7IV,1376,400,274.0,32.093852172517,12.585824381379219,33.178588912067
Sony,A7IV,1376,400,274.0,33.097933919487,12.979581929210587,33.305145987888
Sony,A7IV,1376,400,274.0,34.102015666458,13.373339477042354,33.427709988041
Sony,A7IV,1376,400,274.0,35.106097413429,13.767097024874117,33.546513557745
Sony,A7IV,1376,400,274.0,36.110179160399,14.160854572705489,33.661769637548
Sony,A7IV,1376,400,274.0,37.11426090737,14.554612120537255,33.773673627297
Sony,A7IV,1376,400,274.0,38.118342654341,14.948369668369018,33.882405260974
Sony,A7IV,1376,400,274.0,39.122424401311,15.342127216200394,33.988130237545
Sony,A7IV,1376,400,274.0,40.126506148282,15.735884764032157,34.091001644973
Sony,A7IV,1376,400,274.0,41.130587895253,16.129642311863922,34.191161208081
Sony,A7IV,1376,400,274.0,42.134669642223,16.523399859695296,34.288740385797
Sony,A7IV,1376,400,274.0,43.138751389194,16.917157407527057,34.383861339072
Sony,A7IV,1376,400,274.0,44.142833136165,17.310914955358825,34.476637787349
Sony,A7IV,1376,400,274.0,45.146914883135,17.704672503190196,34.567175768637
Sony,A7IV,1376,400,274.0,46.150996630106,18.09843005102196,34.655574315915
Sony,A7IV,1376,400,274.0,47.155078377076,18.492187598853334,34.741926060688
Sony,A7IV,1376,400,274.0,48.159160124047,18.8859451466851,34.826317772914
Sony,A7IV,1376,400,274.0,49.163241871018,19.279702694516864,34.908830845171
Sony,A7IV,1376,400,274.0,50.167323617988,19.673460242348238,34.989541727857
Sony,A7IV,1376,400,274.0,51.171405364959,20.06721779018,35.068522321226
Sony,A7IV,1376,400,274.0,52.17548711193,20.460975338011767,35.145840329313
Sony,A7IV,1376,400,274.0,53.1795688589,20.854732885843134,35.221559580103
Sony,A7IV,1376,400,274.0,54.183650605871,21.248490433674903,35.295740315735
Sony,A7IV,1376,400,274.0,55.187732352842,21.642247981506664,35.368439456044
Sony,A7IV,1376,400,274.0,56.191814099812,22.03600552933804,35.439710838333
Sony,A7IV,1376,400,274.0,57.195895846783,22.429763077169806,35.509605435894
Sony,A7IV,1376,400,274.0,58.199977593754,22.823520625001567,35.578171557506
Sony,A7IV,1376,400,274.0,59.204059340724,23.21727817283294,35.645455029858
Sony,A7IV,1376,400,274.0,60.208141087695,23.611035720664706,35.711499364626
Sony,A7IV,1376,400,274.0,61.212222834666,24.00479326849647,35.776345911722
Sony,A7IV,1376,400,274.0,62.216304581636,24.398550816327845,35.840034000071
Sony,A7IV,1376,400,274.0,63.220386328607,24.792308364159606,35.902601067115
Sony,A7IV,1376,400,274.0,64.224468075578,25.186065911991374,35.964082778101
Sony,A7IV,1376,400,274.0,65.228549822548,25.579823459822748,36.024513136117
Sony,A7IV,1376,400,274.0,66.232631569519,25.973581007654513,36.083924583718
Sony,A7IV,1376,400,274.0,67.236713316489,26.36733855548588,36.142348096905
Sony,A7IV,1376,400,274.0,68.24079506346,26.761096103317644,36.199813272126
Sony,A7IV,1376,400,274.0,69.244876810431,27.15485365114941,36.256348406932
Sony,A7IV,1376,400,274.0,70.248958557401,27.548611198980783,36.311980574815
Sony,A7IV,1376,400,274.0,71.253040304372,27.94236874681255,36.366735694737
Sony,A7IV,1376,400,274.0,72.257122051343,28.336126294644316,36.420638595792
Sony,A7IV,1376,400,274.0,73.261203798313,28.72988384247569,36.473713077402
Sony,A7IV,1376,400,274.0,74.265285545284,29.123641390307455,36.525981965416
Sony,A7IV,1376,400,274.0,75.269367292255,29.517398938139216,36.57746716444
Sony,A7IV,1376,400,274.0,76.273449039225,29.911156485970587,36.628189706695
Sony,A7IV,1376,400,274.0,77.277530786196,30.304914033802348,36.678169797683
Sony,A7IV,1376,400,274.0,78.281612533166,30.698671581633725,36.727426858906
Sony,A7IV,1376,400,274.0,79.285694280137,31.092429129465486,36.775979567849
Sony,A7IV,1376,400,274.0,80.289776027108,31.486186677297255,36.823845895464
Sony,A7IV,1376,400,274.0,81.293857774078,31.879944225128632,36.871043141308
Sony,A7IV,1376,400,274.0,82.297939521049,32.27370177296039,36.917587966533
Sony,A7IV,1376,400,274.0,83.30202126802,32.66745932079216,36.963496424872
Sony,A7IV,1376,400,274.0,84.30610301499,33.061216868623525,37.008783991766
Sony,A7IV,1376,400,274.0,85.310184761961,33.45497441645529,37.053465591767
Sony,A7IV,1376,400,274.0,86.314266508932,33.848731964287055,37.097555624343
Sony,A7IV,1376,400,274.0,87.318348255902,34.24248951211843,37.141067988178
Sony,A7IV,1376,400,274.0,88.322430002873,34.6362470599502,37.184016104093
Sony,A7IV,1376,400,274.0,89.326511749844,35.03000460778196,37.226412936667
Sony,A7IV,1376,400,274.0,90.330593496814,35.42376215561334,37.268271014649
Sony,A7IV,1376,400,274.0,91.334675243785,35.8175197034451,37.309602450241
Sony,A7IV,1376,400,274.0,92.338756990755,36.21127725127647,37.350418957326
Sony,A7IV,1376,400,274.0,93.342838737726,36.60503479910823,37.390731868716
Sony,A7IV,1376,400,274.0,94.346920484697,36.99879234693999,37.430552152465
Sony,A7IV,1376,400,274.0,95.351002231667,37.39254989477137,37.46989042733
Sony,A7IV,1376,400,274.0,96.355083978638,37.78630744260314,37.508756977414
Sony,A7IV,1376,400,274.0,97.359165725609,38.1800649904349,37.547161766055
Sony,A7IV,1376,400,274.0,98.363247472579,38.57382253826628,37.585114448999
Sony,A7IV,1376,400,274.0,99.36732921955,38.96758008609804,37.622624386904
Sony,A7IV,1376,400,274.0,100.37141096652,39.36133763392941,37.659700657216
Sony,A7IV,1376,400,274.0,101.37549271349,39.75509518176079,37.696352065456
Sony,A7IV,1376,400,274.0,102.37957446046,40.14885272959216,37.732587155944
Sony,A7IV,1376,400,274.0,103.38365620743,40.54261027742353,37.768414222006
Sony,A7IV,1376,400,274.0,104.3877379544,40.9363678252549,37.803841315686
Sony,A7IV,1376,400,274.0,105.39181970137,41.330125373086275,37.83887625699
Sony,A7IV,1376,400,274.0,106.39590144834,41.723882920917646,37.873526642695
Sony,A7IV,1376,400,274.0,107.39998319532,42.117640468752946,37.907799854744
Sony,A7IV,1376,400,274.0,108.40406494229,42.511398016584316,37.941703068247
Sony,A7IV,1376,400,274.0,109.40814668926,42.90515556441568,37.975243259113
Sony,A7IV,1376,400,274.0,110.41222843623,43.29891311224706,38.008427211343
Sony,A7IV,1376,400,274.0,111.4163101832,43.692670660078434,38.041261523977
Sony,A7IV,1376,400,274.0,112.42039193017,44.086428207909805,38.073752617743
Sony,A7IV,1376,400,274.0,113.42447367714,44.480185755741175,38.1059067414
Sony,A7IV,1376,400,274.0,114.42855542411,44.87394330357255,38.137729977811
Sony,A7IV,1376,400,274.0,115.43263717108,45.26770085140392,38.169228249742
Sony,A7IV,1376,400,274.0,116.43671891805,45.66145839923529,38.200407325414
Sony,A7IV,1376,400,274.0,117.44080066502,46.05521594706667,38.231272823818
Sony,A7IV,1376,400,274.0,118.44488241199,46.44897349489804,38.261830219799
Sony,A7IV,1376,400,274.0,119.44896415896,46.842731042729405,38.29208484893
Sony,A7IV,1376,400,274.0,120.45304590593,47.23648859056078,38.32204191218
Sony,A7IV,1376,400,274.0,121.4571276529,47.63024613839216,38.351706480385
Sony,A7IV,1376,400,274.0,122.46120939987,48.02400368622353,38.381083498543
Sony,A7IV,1376,400,274.0,123.46529114685,48.41776123405882,38.410177789924
Sony,A7IV,1376,400,274.0,124.46937289382,48.81151878189019,38.43899406002
Sony,A7IV,1376,400,274.0,125.47345464079,49.20527632972156,38.467536900336
Sony,A7IV,1376,400,274.0,126.47753638776,49.59903387755294,38.495810792023
Sony,A7IV,1376,400,274.0,127.48161813473,49.99279142538431,38.52382010938
Sony,A7IV,1376,400,274.0,128.4856998817,50.38654897321568,38.551569123202
Sony,A7IV,1376,400,274.0,129.48978162867,50.78030652104706,38.579062004016
Sony,A7IV,1376,400,274.0,130.49386337564,51.17406406887842,38.606302825176
Sony,A7IV,1376,400,274.0,131.49794512261,51.5678216167098,38.633295565846
Sony,A7IV,1376,400,274.0,132.50202686958,51.96157916454117,38.660044113876
Sony,A7IV,1376,400,274.0,133.50610861655,52.35533671237255,38.686552268554
Sony,A7IV,1376,400,274.0,134.51019036352,52.74909426020392,38.712823743272
Sony,A7IV,1376,400,274.0,135.51427211049,53.142851808035296,38.738862168076
Sony,A7IV,1376,400,274.0,136.51835385746,53.53660935586667,38.76467109214
Sony,A7IV,1376,400,274.0,137.52243560443,53.93036690369804,38.790253986131
Sony,A7IV,1376,400,274.0,138.52651735141,54.324124451533336,38.815614244502
Sony,A7IV,1376,400,274.0,139.53059909838,54.717881999364714,38.840755187693
Sony,A7IV,1376,400,274.0,140.53468084535,55.11163954719608,38.865680064263
Sony,A7IV,1376,400,274.0,141.53876259232,55.505397095027455,38.890392052931
Sony,A7IV,1376,400,274.0,142.54284433929,55.899154642858825,38.914894264561
Sony,A7IV,1376,400,274.0,143.54692608626,56.29291219069019,38.939189744069
Sony,A7IV,1376,400,274.0,144.55100783323,56.686669738521566,38.96328147226
Sony,A7IV,1376,400,274.0,145.5550895802,57.08042728635294,38.98717236761
Sony,A7IV,1376,400,274.0,146.55917132717,57.47418483418431,39.010865287983
Sony,A7IV,1376,400,274.0,147.56325307414,57.86794238201568,39.034363032287
Sony,A7IV,1376,400,274.0,148.56733482111,58.261699929847055,39.057668342076
Sony,A7IV,1376,400,274.0,149.57141656808,58.65545747767843,39.080783903099
Sony,A7IV,1376,400,274.0,150.57549831505,59.0492150255098,39.103712346794
Sony,A7IV,1376,400,274.0,151.57958006202,59.44297257334118,39.126456251738
Sony,A7IV,1376,400,274.0,152.58366180899,59.83673012117256,39.149018145041
Sony,A7IV,1376,400,274.0,153.58774355596,60.23048766900392,39.171400503703
Sony,A7IV,1376,400,274.0,154.59182530294,60.62424521683922,39.193605755917
Sony,A7IV,1376,400,274.0,155.59590704991,61.018002764670584,39.215636282342
Sony,A7IV,1376,400,274.0,156.59998879688,61.41176031250196,39.237494417323
Sony,A7IV,1376,400,274.0,157.60407054385,61.80551786033334,39.259182450079
Sony,A7IV,1376,400,274.0,158.60815229082,62.1992754081647,39.280702625853
Sony,A7IV,1376,400,274.0,159.61223403779,62.59303295599607,39.302057147021
Sony,A7IV,1376,400,274.0,160.61631578476,62.98679050382745,39.323248174172
Sony,A7IV,1376,400,274.0,161.62039753173,63.38054805165883,39.344277827153
Sony,A7IV,1376,400,274.0,162.6244792787,63.77430559949019,39.365148186076
Sony,A7IV,1376,400,274.0,163.62856102567,64.16806314732156,39.385861292302
Sony,A7IV,1376,400,274.0,164.63264277264,64.56182069515293,39.406419149389
Sony,A7IV,1376,400,274.0,165.63672451961,64.95557824298432,39.426823724016
Sony,A7IV,1376,400,274.0,166.64080626658,65.34933579081569,39.447076946874
Sony,A7IV,1376,400,274.0,167.64488801355,65.74309333864706,39.467180713535
Sony,A7IV,1376,400,274.0,168.64896976052,66.13685088647844,39.48713688529
Sony,A7IV,1376,400,274.0,169.6530515075,66.53060843431373,39.506947289967
Sony,A7IV,1376,400,274.0,170.65713325447,66.9243659821451,39.526613722722
Sony,A7IV,1376,400,274.0,171.66121500144,67.31812352997648,39.546137946807
Sony,A7IV,1376,400,274.0,172.66529674841,67.71188107780783,39.565521694317
Sony,A7IV,1376,400,274.0,173.66937849538,68.10563862563922,39.584766666914
Sony,A7IV,1376,400,274.0,174.67346024235,68.49939617347059,39.603874536531
Sony,A7IV,1376,400,274.0,175.67754198932,68.89315372130196,39.622846946053
Sony,A7IV,1376,400,274.0,176.68162373629,69.28691126913333,39.641685509985
Sony,A7IV,1376,400,274.0,177.68570548326,69.68066881696471,39.660391815093
Sony,A7IV,1376,400,274.0,178.68978723023,70.07442636479607,39.678967421034
Sony,A7IV,1376,400,274.0,179.6938689772,70.46818391262745,39.697413860961
Sony,A7IV,1376,400,274.0,180.69795072417,70.86194146045882,39.715732642121
Sony,A7IV,1376,400,274.0,181.70203247114,71.2556990082902,39.733925246428
Sony,A7IV,1376,400,274.0,182.70611421811,71.64945655612158,39.75199313102
Sony,A7IV,1376,400,274.0,183.71019596508,72.04321410395295,39.76993772881
Sony,A7IV,1376,400,274.0,184.71427771206,72.43697165178824,39.787760449009
Sony,A7IV,1376,400,274.0,185.71835945903,72.83072919961961,39.805462677648
Sony,A7IV,1376,400,274.0,186.722441206,73.224486747451,39.823045778073
Sony,A7IV,1376,400,274.0,187.72652295297,73.61824429528234,39.840511091439
Sony,A7IV,1376,400,274.0,188.73060469994,74.01200184311372,39.857859937181
Sony,A7IV,1376,400,274.0,189.73468644691,74.4057593909451,39.875093613477
Sony,A7IV,1376,400,274.0,190.73876819388,74.79951693877646,39.892213397699
Sony,A7IV,1376,400,274.0,191.74284994085,75.19327448660785,39.909220546851
Sony,A7IV,1376,400,274.0,192.74693168782,75.58703203443922,39.926116297998
Sony,A7IV,1376,400,274.0,193.75101343479,75.98078958227059,39.942901868677
Sony,A7IV,1376,400,274.0,194.75509518176,76.37454713010196,39.959578457306
Sony,A7IV,1376,400,274.0,195.75917692873,76.76830467793333,39.976147243577
Sony,A7IV,1376,400,274.0,196.7632586757,77.1620622257647,39.992609388843
Sony,A7IV,1376,400,274.0,197.76734042267,77.55581977359608,40.008966036487
Sony,A7IV,1376,400,274.0,198.77142216964,77.94957732142745,40.025218312293
Sony,A7IV,1376,400,274.0,199.77550391662,78.34333486926275,40.041367324801
Sony,A7IV,1376,400,274.0,200.77958566359,78.73709241709412,40.05741416565
Sony,A7IV,1376,400,274.0,201.78366741056,79.1308499649255,40.073359909921
Sony,A7IV,1376,400,274.0,202.78774915753,79.52460751275686,40.089205616465
Sony,A7IV,1376,400,274.0,203.7918309045,79.91836506058823,40.104952328225
Sony,A7IV,1376,400,274.0,204.79591265147,80.3121226084196,40.120601072551
Sony,A7IV,1376,400,274.0,205.79999439844,80.70588015625097,40.136152861503
Sony,A7IV,1376,400,274.0,206.80407614541,81.09963770408235,40.151608692155
Sony,A7IV,1376,400,274.0,207.80815789238,81.49339525191373,40.166969546881
Sony,A7IV,1376,400,274.0,208.81223963935,81.8871527997451,40.182236393644
Sony,A7IV,1376,400,274.0,209.81632138632,82.28091034757648,40.197410186269
Sony,A7IV,1376,400,274.0,210.82040313329,82.67466789540784,40.212491864721
Sony,A7IV,1376,400,274.0,211.82448488026,83.0684254432392,40.227482355361
Sony,A7IV,1376,400,274.0,212.82856662723,83.46218299107059,40.242382571211
Sony,A7IV,1376,400,274.0,213.8326483742,83.85594053890196,40.257193412203
Sony,A7IV,1376,400,274.0,214.83673012117,84.24969808673333,40.271915765427
Sony,A7IV,1376,400,274.0,215.84081186815,84.64345563456862,40.286550505371
Sony,A7IV,1376,400,274.0,216.84489361512,85.0372131824,40.301098494154
Sony,A7IV,1376,400,274.0,217.84897536209,85.43097073023137,40.315560581759
Sony,A7IV,1376,400,274.0,218.85305710906,85.82472827806275,40.329937606254
Sony,A7IV,1376,400,274.0,219.85713885603,86.2184858258941,40.344230394013
Sony,A7IV,1376,400,274.0,220.861220603,86.61224337372548,40.358439759932
Sony,A7IV,1376,400,274.0,221.86530234997,87.00600092155686,40.372566507633
Sony,A7IV,1376,400,274.0,222.86938409694,87.39975846938823,40.386611429672
Sony,A7IV,1376,400,274.0,223.87346584391,87.7935160172196,40.400575307741
Sony,A7IV,1376,400,274.0,224.87754759088,88.18727356505099,40.414458912857
Sony,A7IV,1376,400,274.0,225.88162933785,88.58103111288236,40.42826300556
Sony,A7IV,1376,400,274.0,226.88571108482,88.97478866071373,40.441988336097
Sony,A7IV,1376,400,274.0,227.88979283179,89.3685462085451,40.455635644601
Sony,A7IV,1376,400,274.0,228.89387457876,89.76230375637647,40.469205661276
Sony,A7IV,1376,400,274.0,229.89795632573,90.15606130420785,40.48269910657
Sony,A7IV,1376,400,274.0,230.90203807271,90.54981885204315,40.496116691342
Sony,A7IV,1376,400,274.0,231.90611981968,90.9435763998745,40.509459117033
Sony,A7IV,1376,400,274.0,232.91020156665,91.33733394770587,40.52272707583
Sony,A7IV,1376,400,274.0,233.91428331362,91.73109149553726,40.535921250825
Sony,A7IV,1376,400,274.0,234.91836506059,92.12484904336863,40.549042316169
Sony,A7IV,1376,400,274.0,235.92244680756,92.5186065912,40.56209093723
Sony,A7IV,1376,400,274.0,236.92652855453,92.91236413903137,40.575067770741
Sony,A7IV,1376,400,274.0,237.9306103015,93.30612168686274,40.587973464945
Sony,A7IV,1376,400,274.0,238.93469204847,93.69987923469412,40.600808659742
Sony,A7IV,1376,400,274.0,239.93877379544,94.0936367825255,40.613573986829
Sony,A7IV,1376,400,274.0,240.94285554241,94.48739433035686,40.626270069835
Sony,A7IV,1376,400,274.0,241.94693728938,94.88115187818823,40.638897524459
Sony,A7IV,1376,400,274.0,242.95101903635,95.2749094260196,40.651456958601
Sony,A7IV,1376,400,274.0,243.95510078332,95.66866697385097,40.663948972493
Sony,A7IV,1376,400,274.0,244.95918253029,96.06242452168236,40.676374158822
Sony,A7IV,1376,400,274.0,245.96326427727,96.45618206951765,40.688733102859
Sony,A7IV,1376,400,274.0,246.96734602424,96.84993961734901,40.701026382576
Sony,A7IV,1376,400,274.0,247.97142777121,97.2436971651804,40.713254568768
Sony,A7IV,1376,400,274.0,248.97550951818,97.63745471301176,40.72541822517
Sony,A7IV,1376,400,274.0,249.97959126515,98.03121226084313,40.737517908569
Sony,A7IV,1376,400,274.0,250.98367301212,98.42496980867452,40.749554168917
Sony,A7IV,1376,400,274.0,251.98775475909,98.81872735650587,40.761527549444
Sony,A7IV,1376,400,274.0,252.99183650606,99.21248490433724,40.773438586761
Sony,A7IV,1376,400,274.0,253.99591825303,99.60624245216863,40.785287810967
Sony,A7IV,1376,400,274.0,255,100.0,40.797075745754
Sony,A7IV,1376,800,546.0,0.056630454588519,0.022208021407262354,0
Sony,A7IV,1376,800,546.0,0.11332395681367,0.0444407673779098,4.2150029820805
Sony,A7IV,1376,800,546.0,0.21873094447266,0.08577684096967059,7.7945032752771
Sony,A7IV,1376,800,546.0,0.43241714948092,0.1695753527376157,11.193673337172
Sony,A7IV,1376,800,546.0,0.83016796321208,0.32555606400473724,14.25789519383
Sony,A7IV,1376,800,546.0,1.6659419422693,0.6533105655958039,17.41187730582
Sony,A7IV,1376,800,546.0,3.2709614179638,1.2827299678289412,20.401097619603
Sony,A7IV,1376,800,546.0,4.9815237656639,1.953538731632902,22.244205398559
Sony,A7IV,1376,800,546.0,11.008135486133,4.316915876914902,25.686135114872
Sony,A7IV,1376,800,546.0,12.012217233104,4.710673424746666,26.062538219225
Sony,A7IV,1376,800,546.0,13.016298980075,5.104430972578431,26.40822721552
Sony,A7IV,1376,800,546.0,14.020380727045,5.498188520409804,26.727789808964
Sony,A7IV,1376,800,546.0,15.024462474016,5.891946068241569,27.024857020195
Sony,A7IV,1376,800,546.0,16.028544220986,6.285703616072941,27.302351977701
Sony,A7IV,1376,800,546.0,17.032625967957,6.679461163904706,27.56266275016
Sony,A7IV,1376,800,546.0,18.036707714928,7.07321871173647,27.807765453927
Sony,A7IV,1376,800,546.0,19.040789461898,7.4669762595678435,28.039313872657
Sony,A7IV,1376,800,546.0,20.044871208869,7.860733807399608,28.258705958472
Sony,A7IV,1376,800,546.0,21.04895295584,8.254491355231373,28.467134021256
Sony,A7IV,1376,800,546.0,22.05303470281,8.648248903062743,28.665623183643
Sony,A7IV,1376,800,546.0,23.057116449781,9.042006450894508,28.855061247304
Sony,A7IV,1376,800,546.0,24.061198196752,9.435763998726273,29.036222174306
Sony,A7IV,1376,800,546.0,25.065279943722,9.829521546557647,29.209784754577
Sony,A7IV,1376,800,546.0,26.069361690693,10.223279094389412,29.376347597244
Sony,A7IV,1376,800,546.0,27.073443437664,10.617036642221176,29.536441281724
Sony,A7IV,1376,800,546.0,28.077525184634,11.010794190052549,29.690538290805
Sony,A7IV,1376,800,546.0,29.081606931605,11.404551737884313,29.839061194472
Sony,A7IV,1376,800,546.0,30.085688678575,11.798309285715685,29.982389441614
Sony,A7IV,1376,800,546.0,31.089770425546,12.19206683354745,30.120865034434
Sony,A7IV,1376,800,546.0,32.093852172517,12.585824381379219,30.254797299144
Sony,A7IV,1376,800,546.0,33.097933919487,12.979581929210587,30.384466920311
Sony,A7IV,1376,800,546.0,34.102015666458,13.373339477042354,30.510129371187
Sony,A7IV,1376,800,546.0,35.106097413429,13.767097024874117,30.632017845381
Sony,A7IV,1376,800,546.0,36.110179160399,14.160854572705489,30.750345774413
Sony,A7IV,1376,800,546.0,37.11426090737,14.554612120537255,30.865308999418
Sony,A7IV,1376,800,546.0,38.118342654341,14.948369668369018,30.977087652492
Sony,A7IV,1376,800,546.0,39.122424401311,15.342127216200394,31.08584779306
Sony,A7IV,1376,800,546.0,40.126506148282,15.735884764032157,31.191742836568
Sony,A7IV,1376,800,546.0,41.130587895253,16.129642311863922,31.294914806349
Sony,A7IV,1376,800,546.0,42.134669642223,16.523399859695296,31.395495434298
Sony,A7IV,1376,800,546.0,43.138751389194,16.917157407527057,31.493607131737
Sony,A7IV,1376,800,546.0,44.142833136165,17.310914955358825,31.589363848437
Sony,A7IV,1376,800,546.0,45.146914883135,17.704672503190196,31.682871834898
Sony,A7IV,1376,800,546.0,46.150996630106,18.09843005102196,31.774230320672
Sony,A7IV,1376,800,546.0,47.155078377076,18.492187598853334,31.8635321196
Sony,A7IV,1376,800,546.0,48.159160124047,18.8859451466851,31.950864171199
Sony,A7IV,1376,800,546.0,49.163241871018,19.279702694516864,32.036308026126
Sony,A7IV,1376,800,546.0,50.167323617988,19.673460242348238,32.119940282497
Sony,A7IV,1376,800,546.0,51.171405364959,20.06721779018,32.201832978935
Sony,A7IV,1376,800,546.0,52.17548711193,20.460975338011767,32.282053949375
Sony,A7IV,1376,800,546.0,53.1795688589,20.854732885843134,32.360667144014
Sony,A7IV,1376,800,546.0,54.183650605871,21.248490433674903,32.437732920217
Sony,A7IV,1376,800,546.0,55.187732352842,21.642247981506664,32.513308306679
Sony,A7IV,1376,800,546.0,56.191814099812,22.03600552933804,32.587447243752
Sony,A7IV,1376,800,546.0,57.195895846783,22.429763077169806,32.660200802462
Sony,A7IV,1376,800,546.0,58.199977593754,22.823520625001567,32.731617384454
Sony,A7IV,1376,800,546.0,59.204059340724,23.21727817283294,32.801742904814
Sony,A7IV,1376,800,546.0,60.208141087695,23.611035720664706,32.870620959505
Sony,A7IV,1376,800,546.0,61.212222834666,24.00479326849647,32.938292978945
Sony,A7IV,1376,800,546.0,62.216304581636,24.398550816327845,33.004798369073
Sony,A7IV,1376,800,546.0,63.220386328607,24.792308364159606,33.07017464112
Sony,A7IV,1376,800,546.0,64.224468075578,25.186065911991374,33.134457531141
Sony,A7IV,1376,800,546.0,65.228549822548,25.579823459822748,33.197681110267
Sony,A7IV,1376,800,546.0,66.232631569519,25.973581007654513,33.25987788653
Sony,A7IV,1376,800,546.0,67.236713316489,26.36733855548588,33.321078899023
Sony,A7IV,1376,800,546.0,68.24079506346,26.761096103317644,33.381313805068
Sony,A7IV,1376,800,546.0,69.244876810431,27.15485365114941,33.440610961023
Sony,A7IV,1376,800,546.0,70.248958557401,27.548611198980783,33.498997497253
Sony,A7IV,1376,800,546.0,71.253040304372,27.94236874681255,33.556499387795
Sony,A7IV,1376,800,546.0,72.257122051343,28.336126294644316,33.613141515128
Sony,A7IV,1376,800,546.0,73.261203798313,28.72988384247569,33.668947730479
Sony,A7IV,1376,800,546.0,74.265285545284,29.123641390307455,33.723940910019
Sony,A7IV,1376,800,546.0,75.269367292255,29.517398938139216,33.778143007283
Sony,A7IV,1376,800,546.0,76.273449039225,29.911156485970587,33.831575102115
Sony,A7IV,1376,800,546.0,77.277530786196,30.304914033802348,33.884257446407
Sony,A7IV,1376,800,546.0,78.281612533166,30.698671581633725,33.936209506885
Sony,A7IV,1376,800,546.0,79.285694280137,31.092429129465486,33.98745000517
Sony,A7IV,1376,800,546.0,80.289776027108,31.486186677297255,34.037996955309
Sony,A7IV,1376,800,546.0,81.293857774078,31.879944225128632,34.087867698978
Sony,A7IV,1376,800,546.0,82.297939521049,32.27370177296039,34.137078938523
Sony,A7IV,1376,800,546.0,83.30202126802,32.66745932079216,34.18564676799
Sony,A7IV,1376,800,546.0,84.30610301499,33.061216868623525,34.233586702303
Sony,A7IV,1376,800,546.0,85.310184761961,33.45497441645529,34.280913704707
Sony,A7IV,1376,800,546.0,86.314266508932,33.848731964287055,34.327642212608
Sony,A7IV,1376,800,546.0,87.318348255902,34.24248951211843,34.373786161915
Sony,A7IV,1376,800,546.0,88.322430002873,34.6362470599502,34.419359009996
Sony,A7IV,1376,800,546.0,89.326511749844,35.03000460778196,34.464373757324
Sony,A7IV,1376,800,546.0,90.330593496814,35.42376215561334,34.508842967923
Sony,A7IV,1376,800,546.0,91.334675243785,35.8175197034451,34.55277878868
Sony,A7IV,1376,800,546.0,92.338756990755,36.21127725127647,34.596192967599
Sony,A7IV,1376,800,546.0,93.342838737726,36.60503479910823,34.639096871066
Sony,A7IV,1376,800,546.0,94.346920484697,36.99879234693999,34.681501500197
Sony,A7IV,1376,800,546.0,95.351002231667,37.39254989477137,34.723417506311
Sony,A7IV,1376,800,546.0,96.355083978638,37.78630744260314,34.764855205599
Sony,A7IV,1376,800,546.0,97.359165725609,38.1800649904349,34.805824593027
Sony,A7IV,1376,800,546.0,98.363247472579,38.57382253826628,34.846335355532
Sony,A7IV,1376,800,546.0,99.36732921955,38.96758008609804,34.886396884537
Sony,A7IV,1376,800,546.0,100.37141096652,39.36133763392941,34.92601828785
Sony,A7IV,1376,800,546.0,101.37549271349,39.75509518176079,34.965208400959
Sony,A7IV,1376,800,546.0,102.37957446046,40.14885272959216,35.003975797775
Sony,A7IV,1376,800,546.0,103.38365620743,40.54261027742353,35.04232880085
Sony,A7IV,1376,800,546.0,104.3877379544,40.9363678252549,35.080275491102
Sony,A7IV,1376,800,546.0,105.39181970137,41.330125373086275,35.117823717072
Sony,A7IV,1376,800,546.0,106.39590144834,41.723882920917646,35.154981103743
Sony,A7IV,1376,800,546.0,107.39998319532,42.117640468752946,35.191755060945
Sony,A7IV,1376,800,546.0,108.40406494229,42.511398016584316,35.228152791368
Sony,A7IV,1376,800,546.0,109.40814668926,42.90515556441568,35.264181298206
Sony,A7IV,1376,800,546.0,110.41222843623,43.29891311224706,35.299847392451
Sony,A7IV,1376,800,546.0,111.4163101832,43.692670660078434,35.335157699855
Sony,A7IV,1376,800,546.0,112.42039193017,44.086428207909805,35.370118667588
Sony,A7IV,1376,800,546.0,113.42447367714,44.480185755741175,35.404736570586
Sony,A7IV,1376,800,546.0,114.42855542411,44.87394330357255,35.43901751763
Sony,A7IV,1376,800,546.0,115.43263717108,45.26770085140392,35.472967457156
Sony,A7IV,1376,800,546.0,116.43671891805,45.66145839923529,35.506592182812
Sony,A7IV,1376,800,546.0,117.44080066502,46.05521594706667,35.53989733878
Sony,A7IV,1376,800,546.0,118.44488241199,46.44897349489804,35.572888424864
Sony,A7IV,1376,800,546.0,119.44896415896,46.842731042729405,35.605570801373
Sony,A7IV,1376,800,546.0,120.45304590593,47.23648859056078,35.637949693791
Sony,A7IV,1376,800,546.0,121.4571276529,47.63024613839216,35.670030197258
Sony,A7IV,1376,800,546.0,122.46120939987,48.02400368622353,35.701817280865
Sony,A7IV,1376,800,546.0,123.46529114685,48.41776123405882,35.733315791773
Sony,A7IV,1376,800,546.0,124.46937289382,48.81151878189019,35.764530459165
Sony,A7IV,1376,800,546.0,125.47345464079,49.20527632972156,35.795465898043
Sony,A7IV,1376,800,546.0,126.47753638776,49.59903387755294,35.826126612867
Sony,A7IV,1376,800,546.0,127.48161813473,49.99279142538431,35.856517001052
Sony,A7IV,1376,800,546.0,128.4856998817,50.38654897321568,35.886641356337
Sony,A7IV,1376,800,546.0,129.48978162867,50.78030652104706,35.916503872006
Sony,A7IV,1376,800,546.0,130.49386337564,51.17406406887842,35.946108643998
Sony,A7IV,1376,800,546.0,131.49794512261,51.5678216167098,35.975459673894
Sony,A7IV,1376,800,546.0,132.50202686958,51.96157916454117,36.004560871789
Sony,A7IV,1376,800,546.0,133.50610861655,52.35533671237255,36.033416059053
Sony,A7IV,1376,800,546.0,134.51019036352,52.74909426020392,36.062028970997
Sony,A7IV,1376,800,546.0,135.51427211049,53.142851808035296,36.090403259432
Sony,A7IV,1376,800,546.0,136.51835385746,53.53660935586667,36.118542495135
Sony,A7IV,1376,800,546.0,137.52243560443,53.93036690369804,36.146450170228
Sony,A7IV,1376,800,546.0,138.52651735141,54.324124451533336,36.174129700466
Sony,A7IV,1376,800,546.0,139.53059909838,54.717881999364714,36.201584427447
Sony,A7IV,1376,800,546.0,140.53468084535,55.11163954719608,36.228817620737
Sony,A7IV,1376,800,546.0,141.53876259232,55.505397095027455,36.255832479926
Sony,A7IV,1376,800,546.0,142.54284433929,55.899154642858825,36.282632136603
Sony,A7IV,1376,800,546.0,143.54692608626,56.29291219069019,36.309219656273
Sony,A7IV,1376,800,546.0,144.55100783323,56.686669738521566,36.335598040196
Sony,A7IV,1376,800,546.0,145.5550895802,57.08042728635294,36.361770227166
Sony,A7IV,1376,800,546.0,146.55917132717,57.47418483418431,36.387739095236
Sony,A7IV,1376,800,546.0,147.56325307414,57.86794238201568,36.413507463369
Sony,A7IV,1376,800,546.0,148.56733482111,58.261699929847055,36.439078093051
Sony,A7IV,1376,800,546.0,149.57141656808,58.65545747767843,36.464453689833
Sony,A7IV,1376,800,546.0,150.57549831505,59.0492150255098,36.489636904835
Sony,A7IV,1376,800,546.0,151.57958006202,59.44297257334118,36.514630336188
Sony,A7IV,1376,800,546.0,152.58366180899,59.83673012117256,36.539436530439
Sony,A7IV,1376,800,546.0,153.58774355596,60.23048766900392,36.564057983903
Sony,A7IV,1376,800,546.0,154.59182530294,60.62424521683922,36.588497143974
Sony,A7IV,1376,800,546.0,155.59590704991,61.018002764670584,36.612756410394
Sony,A7IV,1376,800,546.0,156.59998879688,61.41176031250196,36.636838136474
Sony,A7IV,1376,800,546.0,157.60407054385,61.80551786033334,36.66074463029
Sony,A7IV,1376,800,546.0,158.60815229082,62.1992754081647,36.684478155827
Sony,A7IV,1376,800,546.0,159.61223403779,62.59303295599607,36.708040934096
Sony,A7IV,1376,800,546.0,160.61631578476,62.98679050382745,36.731435144208
Sony,A7IV,1376,800,546.0,161.62039753173,63.38054805165883,36.754662924427
Sony,A7IV,1376,800,546.0,162.6244792787,63.77430559949019,36.777726373174
Sony,A7IV,1376,800,546.0,163.62856102567,64.16806314732156,36.800627550015
Sony,A7IV,1376,800,546.0,164.63264277264,64.56182069515293,36.82336847661
Sony,A7IV,1376,800,546.0,165.63672451961,64.95557824298432,36.845951137635
Sony,A7IV,1376,800,546.0,166.64080626658,65.34933579081569,36.868377481678
Sony,A7IV,1376,800,546.0,167.64488801355,65.74309333864706,36.890649422105
Sony,A7IV,1376,800,546.0,168.64896976052,66.13685088647844,36.912768837905
Sony,A7IV,1376,800,546.0,169.6530515075,66.53060843431373,36.934737574504
Sony,A7IV,1376,800,546.0,170.65713325447,66.9243659821451,36.956557444557
Sony,A7IV,1376,800,546.0,171.66121500144,67.31812352997648,36.978230228723
Sony,A7IV,1376,800,546.0,172.66529674841,67.71188107780783,36.999757676406
Sony,A7IV,1376,800,546.0,173.66937849538,68.10563862563922,37.021141506481
Sony,A7IV,1376,800,546.0,174.67346024235,68.49939617347059,37.042383408004
Sony,A7IV,1376,800,546.0,175.67754198932,68.89315372130196,37.06348504089
Sony,A7IV,1376,800,546.0,176.68162373629,69.28691126913333,37.08444803658
Sony,A7IV,1376,800,546.0,177.68570548326,69.68066881696471,37.105273998689
Sony,A7IV,1376,800,546.0,178.68978723023,70.07442636479607,37.125964503629
Sony,A7IV,1376,800,546.0,179.6938689772,70.46818391262745,37.146521101226
Sony,A7IV,1376,800,546.0,180.69795072417,70.86194146045882,37.166945315304
Sony,A7IV,1376,800,546.0,181.70203247114,71.2556990082902,37.187238644272
Sony,A7IV,1376,800,546.0,182.70611421811,71.64945655612158,37.207402561676
Sony,A7IV,1376,800,546.0,183.71019596508,72.04321410395295,37.227438516749
Sony,A7IV,1376,800,546.0,184.71427771206,72.43697165178824,37.24734793494
Sony,A7IV,1376,800,546.0,185.71835945903,72.83072919961961,37.267132218433
Sony,A7IV,1376,800,546.0,186.722441206,73.224486747451,37.286792746645
Sony,A7IV,1376,800,546.0,187.72652295297,73.61824429528234,37.306330876715
Sony,A7IV,1376,800,546.0,188.73060469994,74.01200184311372,37.325747943985
Sony,A7IV,1376,800,546.0,189.73468644691,74.4057593909451,37.345045262458
Sony,A7IV,1376,800,546.0,190.73876819388,74.79951693877646,37.36422412525
Sony,A7IV,1376,800,546.0,191.74284994085,75.19327448660785,37.383285805029
Sony,A7IV,1376,800,546.0,192.74693168782,75.58703203443922,37.402231554443
Sony,A7IV,1376,800,546.0,193.75101343479,75.98078958227059,37.421062606539
Sony,A7IV,1376,800,546.0,194.75509518176,76.37454713010196,37.439780175163
Sony,A7IV,1376,800,546.0,195.75917692873,76.76830467793333,37.45838545536
Sony,A7IV,1376,800,546.0,196.7632586757,77.1620622257647,37.476879623756
Sony,A7IV,1376,800,546.0,197.76734042267,77.55581977359608,37.495263838937
Sony,A7IV,1376,800,546.0,198.77142216964,77.94957732142745,37.513539241811
Sony,A7IV,1376,800,546.0,199.77550391662,78.34333486926275,37.531706955965
Sony,A7IV,1376,800,546.0,200.77958566359,78.73709241709412,37.549768088018
Sony,A7IV,1376,800,546.0,201.78366741056,79.1308499649255,37.567723727953
Sony,A7IV,1376,800,546.0,202.78774915753,79.52460751275686,37.585574949449
Sony,A7IV,1376,800,546.0,203.7918309045,79.91836506058823,37.603322810208
Sony,A7IV,1376,800,546.0,204.79591265147,80.3121226084196,37.620968352266
Sony,A7IV,1376,800,546.0,205.79999439844,80.70588015625097,37.638512602297
Sony,A7IV,1376,800,546.0,206.80407614541,81.09963770408235,37.655956571918
Sony,A7IV,1376,800,546.0,207.80815789238,81.49339525191373,37.673301257979
Sony,A7IV,1376,800,546.0,208.81223963935,81.8871527997451,37.690547642845
Sony,A7IV,1376,800,546.0,209.81632138632,82.28091034757648,37.707696694679
Sony,A7IV,1376,800,546.0,210.82040313329,82.67466789540784,37.72474936771
Sony,A7IV,1376,800,546.0,211.82448488026,83.0684254432392,37.7417066025
Sony,A7IV,1376,800,546.0,212.82856662723,83.46218299107059,37.758569326201
Sony,A7IV,1376,800,546.0,213.8326483742,83.85594053890196,37.77533845281
Sony,A7IV,1376,800,546.0,214.83673012117,84.24969808673333,37.792014883413
Sony,A7IV,1376,800,546.0,215.84081186815,84.64345563456862,37.80859950643
Sony,A7IV,1376,800,546.0,216.84489361512,85.0372131824,37.825093197846
Sony,A7IV,1376,800,546.0,217.84897536209,85.43097073023137,37.841496821445
Sony,A7IV,1376,800,546.0,218.85305710906,85.82472827806275,37.857811229031
Sony,A7IV,1376,800,546.0,219.85713885603,86.2184858258941,37.874037260649
Sony,A7IV,1376,800,546.0,220.861220603,86.61224337372548,37.890175744803
Sony,A7IV,1376,800,546.0,221.86530234997,87.00600092155686,37.90622749866
Sony,A7IV,1376,800,546.0,222.86938409694,87.39975846938823,37.922193328259
Sony,A7IV,1376,800,546.0,223.87346584391,87.7935160172196,37.938074028708
Sony,A7IV,1376,800,546.0,224.87754759088,88.18727356505099,37.953870384384
Sony,A7IV,1376,800,546.0,225.88162933785,88.58103111288236,37.969583169121
Sony,A7IV,1376,800,546.0,226.88571108482,88.97478866071373,37.9852131464
Sony,A7IV,1376,800,546.0,227.88979283179,89.3685462085451,38.000761069528
Sony,A7IV,1376,800,546.0,228.89387457876,89.76230375637647,38.016227681824
Sony,A7IV,1376,800,546.0,229.89795632573,90.15606130420785,38.031613716786
Sony,A7IV,1376,800,546.0,230.90203807271,90.54981885204315,38.046919898268
Sony,A7IV,1376,800,546.0,231.90611981968,90.9435763998745,38.062146940647
Sony,A7IV,1376,800,546.0,232.91020156665,91.33733394770587,38.077295548982
Sony,A7IV,1376,800,546.0,233.91428331362,91.73109149553726,38.092366419184
Sony,A7IV,1376,800,546.0,234.91836506059,92.12484904336863,38.107360238164
Sony,A7IV,1376,800,546.0,235.92244680756,92.5186065912,38.12227768399
Sony,A7IV,1376,800,546.0,236.92652855453,92.91236413903137,38.137119426038
Sony,A7IV,1376,800,546.0,237.9306103015,93.30612168686274,38.151886125141
Sony,A7IV,1376,800,546.0,238.93469204847,93.69987923469412,38.166578433728
Sony,A7IV,1376,800,546.0,239.93877379544,94.0936367825255,38.18119699597
Sony,A7IV,1376,800,546.0,240.94285554241,94.48739433035686,38.195742447915
Sony,A7IV,1376,800,546.0,241.94693728938,94.88115187818823,38.210215417626
Sony,A7IV,1376,800,546.0,242.95101903635,95.2749094260196,38.22461652531
Sony,A7IV,1376,800,546.0,243.95510078332,95.66866697385097,38.238946383452
Sony,A7IV,1376,800,546.0,244.95918253029,96.06242452168236,38.253205596939
Sony,A7IV,1376,800,546.0,245.96326427727,96.45618206951765,38.267394763184
Sony,A7IV,1376,800,546.0,246.96734602424,96.84993961734901,38.281514472252
Sony,A7IV,1376,800,546.0,247.97142777121,97.2436971651804,38.295565306975
Sony,A7IV,1376,800,546.0,248.97550951818,97.63745471301176,38.309547843072
Sony,A7IV,1376,800,546.0,249.97959126515,98.03121226084313,38.323462649262
Sony,A7IV,1376,800,546.0,250.98367301212,98.42496980867452,38.337310287376
Sony,A7IV,1376,800,546.0,251.98775475909,98.81872735650587,38.35109131247
Sony,A7IV,1376,800,546.0,252.99183650606,99.21248490433724,38.364806272931
Sony,A7IV,1376,800,546.0,253.99591825303,99.60624245216863,38.378455710581
Sony,A7IV,1376,800,546.0,255,100.0,38.392040160785
Sony,A7IV,1376,1600,1094.0,0.11332395681367,0.0444407673779098,0
Sony,A7IV,1376,1600,1094.0,0.21873094447266,0.08577684096967059,3.979349910087
Sony,A7IV,1376,1600,1094.0,0.43241714948092,0.1695753527376157,7.6800244605176
Sony,A7IV,1376,1600,1094.0,0.83016796321208,0.32555606400473724,10.927588698729
Sony,A7IV,1376,1600,1094.0,1.6659419422693,0.6533105655958039,14.195806544553
Sony,A7IV,1376,1600,1094.0,3.2709614179638,1.2827299678289412,17.247809641409
Sony,A7IV,1376,1600,1094.0,4.9815237656639,1.953538731632902,19.117165144606
Sony,A7IV,1376,1600,1094.0,11.008135486133,4.316915876914902,22.598923367017
Sony,A7IV,1376,1600,1094.0,12.012217233104,4.710673424746666,22.979744803239
Sony,A7IV,1376,1600,1094.0,13.016298980075,5.104430972578431,23.329605027954
Sony,A7IV,1376,1600,1094.0,14.020380727045,5.498188520409804,23.653143714259
Sony,A7IV,1376,1600,1094.0,15.024462474016,5.891946068241569,23.954030032074
Sony,A7IV,1376,1600,1094.0,16.028544220986,6.285703616072941,24.235215748001
Sony,A7IV,1376,1600,1094.0,17.032625967957,6.679461163904706,24.499110848435
Sony,A7IV,1376,1600,1094.0,18.036707714928,7.07321871173647,24.747708509645
Sony,A7IV,1376,1600,1094.0,19.040789461898,7.4669762595678435,24.982675993046
Sony,A7IV,1376,1600,1094.0,20.044871208869,7.860733807399608,25.205422040095
Sony,A7IV,1376,1600,1094.0,21.04895295584,8.254491355231373,25.417147700453
Sony,A7IV,1376,1600,1094.0,22.05303470281,8.648248903062743,25.618885251922
Sony,A7IV,1376,1600,1094.0,23.057116449781,9.042006450894508,25.811528410602
Sony,A7IV,1376,1600,1094.0,24.061198196752,9.435763998726273,25.995856070299
Sony,A7IV,1376,1600,1094.0,25.065279943722,9.829521546557647,26.172551166204
Sony,A7IV,1376,1600,1094.0,26.069361690693,10.223279094389412,26.342215817238
Sony,A7IV,1376,1600,1094.0,27.073443437664,10.617036642221176,26.505383594644
Sony,A7IV,1376,1600,1094.0,28.077525184634,11.010794190052549,26.662529547418
Sony,A7IV,1376,1600,1094.0,29.081606931605,11.404551737884313,26.814078459419
Sony,A7IV,1376,1600,1094.0,30.085688678575,11.798309285715685,26.960411699708
Sony,A7IV,1376,1600,1094.0,31.089770425546,12.19206683354745,27.10187294427
Sony,A7IV,1376,1600,1094.0,32.093852172517,12.585824381379219,27.23877298515
Sony,A7IV,1376,1600,1094.0,33.097933919487,12.979581929210587,27.371393796265
Sony,A7IV,1376,1600,1094.0,34.102015666458,13.373339477042354,27.499991989655
Sony,A7IV,1376,1600,1094.0,35.106097413429,13.767097024874117,27.624801768635
Sony,A7IV,1376,1600,1094.0,36.110179160399,14.160854572705489,27.746037463253
Sony,A7IV,1376,1600,1094.0,37.11426090737,14.554612120537255,27.863895716995
Sony,A7IV,1376,1600,1094.0,38.118342654341,14.948369668369018,27.978557380776
Sony,A7IV,1376,1600,1094.0,39.122424401311,15.342127216200394,28.090189159998
Sony,A7IV,1376,1600,1094.0,40.126506148282,15.735884764032157,28.198945052336
Sony,A7IV,1376,1600,1094.0,41.130587895253,16.129642311863922,28.30496760737
Sony,A7IV,1376,1600,1094.0,42.134669642223,16.523399859695296,28.40838903391
Sony,A7IV,1376,1600,1094.0,43.138751389194,16.917157407527057,28.509332176596
Sony,A7IV,1376,1600,1094.0,44.142833136165,17.310914955358825,28.607911379862
Sony,A7IV,1376,1600,1094.0,45.146914883135,17.704672503190196,28.704233254504
Sony,A7IV,1376,1600,1094.0,46.150996630106,18.09843005102196,28.798397359737
Sony,A7IV,1376,1600,1094.0,47.155078377076,18.492187598853334,28.890496811684
Sony,A7IV,1376,1600,1094.0,48.159160124047,18.8859451466851,28.980618827606
Sony,A7IV,1376,1600,1094.0,49.163241871018,19.279702694516864,29.068845213871
Sony,A7IV,1376,1600,1094.0,50.167323617988,19.673460242348238,29.155252804471
Sony,A7IV,1376,1600,1094.0,51.171405364959,20.06721779018,29.239913856009
Sony,A7IV,1376,1600,1094.0,52.17548711193,20.460975338011767,29.322896404222
Sony,A7IV,1376,1600,1094.0,53.1795688589,20.854732885843134,29.404264586455
Sony,A7IV,1376,1600,1094.0,54.183650605871,21.248490433674903,29.484078933919
Sony,A7IV,1376,1600,1094.0,55.187732352842,21.642247981506664,29.562396637061
Sony,A7IV,1376,1600,1094.0,56.191814099812,22.03600552933804,29.639271786967
Sony,A7IV,1376,1600,1094.0,57.195895846783,22.429763077169806,29.714755595343
Sony,A7IV,1376,1600,1094.0,58.199977593754,22.823520625001567,29.788896595324
Sony,A7IV,1376,1600,1094.0,59.204059340724,23.21727817283294,29.861740825073
Sony,A7IV,1376,1600,1094.0,60.208141087695,23.611035720664706,29.933331995916
Sony,A7IV,1376,1600,1094.0,61.212222834666,24.00479326849647,30.003711646549
Sony,A7IV,1376,1600,1094.0,62.216304581636,24.398550816327845,30.072919284676
Sony,A7IV,1376,1600,1094.0,63.220386328607,24.792308364159606,30.140992517289
Sony,A7IV,1376,1600,1094.0,64.224468075578,25.186065911991374,30.207967170672
Sony,A7IV,1376,1600,1094.0,65.228549822548,25.579823459822748,30.273877401078
Sony,A7IV,1376,1600,1094.0,66.232631569519,25.973581007654513,30.338755796933
Sony,A7IV,1376,1600,1094.0,67.236713316489,26.36733855548588,30.402633473352
Sony,A7IV,1376,1600,1094.0,68.24079506346,26.761096103317644,30.465540159627
Sony,A7IV,1376,1600,1094.0,69.244876810431,27.15485365114941,30.527504280319
Sony,A7IV,1376,1600,1094.0,70.248958557401,27.548611198980783,30.588553030508
Sony,A7IV,1376,1600,1094.0,71.253040304372,27.94236874681255,30.64871244569
Sony,A7IV,1376,1600,1094.0,72.257122051343,28.336126294644316,30.70800746678
Sony,A7IV,1376,1600,1094.0,73.261203798313,28.72988384247569,30.766462000621
Sony,A7IV,1376,1600,1094.0,74.265285545284,29.123641390307455,30.824098976366
Sony,A7IV,1376,1600,1094.0,75.269367292255,29.517398938139216,30.880940398079
Sony,A7IV,1376,1600,1094.0,76.273449039225,29.911156485970587,30.937007393831
Sony,A7IV,1376,1600,1094.0,77.277530786196,30.304914033802348,30.992320261594
Sony,A7IV,1376,1600,1094.0,78.281612533166,30.698671581633725,31.046898512164
Sony,A7IV,1376,1600,1094.0,79.285694280137,31.092429129465486,31.100760909339
Sony,A7IV,1376,1600,1094.0,80.289776027108,31.486186677297255,31.153925507578
Sony,A7IV,1376,1600,1094.0,81.293857774078,31.879944225128632,31.206409687305
Sony,A7IV,1376,1600,1094.0,82.297939521049,32.27370177296039,31.258230188051
Sony,A7IV,1376,1600,1094.0,83.30202126802,32.66745932079216,31.309403139578
Sony,A7IV,1376,1600,1094.0,84.30610301499,33.061216868623525,31.359944091144
Sony,A7IV,1376,1600,1094.0,85.310184761961,33.45497441645529,31.409868039025
Sony,A7IV,1376,1600,1094.0,86.314266508932,33.848731964287055,31.459189452428
Sony,A7IV,1376,1600,1094.0,87.318348255902,34.24248951211843,31.507922297908
Sony,A7IV,1376,1600,1094.0,88.322430002873,34.6362470599502,31.556080062379
Sony,A7IV,1376,1600,1094.0,89.326511749844,35.03000460778196,31.603675774831
Sony,A7IV,1376,1600,1094.0,90.330593496814,35.42376215561334,31.650722026826
Sony,A7IV,1376,1600,1094.0,91.334675243785,35.8175197034451,31.697230991865
Sony,A7IV,1376,1600,1094.0,92.338756990755,36.21127725127647,31.743214443689
Sony,A7IV,1376,1600,1094.0,93.342838737726,36.60503479910823,31.788683773593
Sony,A7IV,1376,1600,1094.0,94.346920484697,36.99879234693999,31.833650006814
Sony,A7IV,1376,1600,1094.0,95.351002231667,37.39254989477137,31.878123818047
Sony,A7IV,1376,1600,1094.0,96.355083978638,37.78630744260314,31.92211554615
Sony,A7IV,1376,1600,1094.0,97.359165725609,38.1800649904349,31.965635208085
Sony,A7IV,1376,1600,1094.0,98.363247472579,38.57382253826628,32.008692512143
Sony,A7IV,1376,1600,1094.0,99.36732921955,38.96758008609804,32.051296870497
Sony,A7IV,1376,1600,1094.0,100.37141096652,39.36133763392941,32.093457411122
Sony,A7IV,1376,1600,1094.0,101.37549271349,39.75509518176079,32.135182989126
Sony,A7IV,1376,1600,1094.0,102.37957446046,40.14885272959216,32.176482197513
Sony,A7IV,1376,1600,1094.0,103.38365620743,40.54261027742353,32.217363377429
Sony,A7IV,1376,1600,1094.0,104.3877379544,40.9363678252549,32.25783462791
Sony,A7IV,1376,1600,1094.0,105.39181970137,41.330125373086275,32.297903815157
Sony,A7IV,1376,1600,1094.0,106.39590144834,41.723882920917646,32.337578581383
Sony,A7IV,1376,1600,1094.0,107.39998319532,42.117640468752946,32.376866353228
Sony,A7IV,1376,1600,1094.0,108.40406494229,42.511398016584316,32.415774349799
Sony,A7IV,1376,1600,1094.0,109.40814668926,42.90515556441568,32.454309590327
Sony,A7IV,1376,1600,1094.0,110.41222843623,43.29891311224706,32.492478901477
Sony,A7IV,1376,1600,1094.0,111.4163101832,43.692670660078434,32.53028892433
Sony,A7IV,1376,1600,1094.0,112.42039193017,44.086428207909805,32.567746121049
Sony,A7IV,1376,1600,1094.0,113.42447367714,44.480185755741175,32.604856781244
Sony,A7IV,1376,1600,1094.0,114.42855542411,44.87394330357255,32.64162702807
Sony,A7IV,1376,1600,1094.0,115.43263717108,45.26770085140392,32.678062824038
Sony,A7IV,1376,1600,1094.0,116.43671891805,45.66145839923529,32.714169976595
Sony,A7IV,1376,1600,1094.0,117.44080066502,46.05521594706667,32.749954143447
Sony,A7IV,1376,1600,1094.0,118.44488241199,46.44897349489804,32.78542083767
Sony,A7IV,1376,1600,1094.0,119.44896415896,46.842731042729405,32.82057543259
Sony,A7IV,1376,1600,1094.0,120.45304590593,47.23648859056078,32.855423166471
Sony,A7IV,1376,1600,1094.0,121.4571276529,47.63024613839216,32.889969147005
Sony,A7IV,1376,1600,1094.0,122.46120939987,48.02400368622353,32.924218355612
Sony,A7IV,1376,1600,1094.0,123.46529114685,48.41776123405882,32.958175651569
Sony,A7IV,1376,1600,1094.0,124.46937289382,48.81151878189019,32.991845775972
Sony,A7IV,1376,1600,1094.0,125.47345464079,49.20527632972156,33.025233355535
Sony,A7IV,1376,1600,1094.0,126.47753638776,49.59903387755294,33.058342906242
Sony,A7IV,1376,1600,1094.0,127.48161813473,49.99279142538431,33.091178836851
Sony,A7IV,1376,1600,1094.0,128.4856998817,50.38654897321568,33.123745452262
Sony,A7IV,1376,1600,1094.0,129.48978162867,50.78030652104706,33.156046956754
Sony,A7IV,1376,1600,1094.0,130.49386337564,51.17406406887842,33.188087457095
Sony,A7IV,1376,1600,1094.0,131.49794512261,51.5678216167098,33.219870965535
Sony,A7IV,1376,1600,1094.0,132.50202686958,51.96157916454117,33.251401402683
Sony,A7IV,1376,1600,1094.0,133.50610861655,52.35533671237255,33.28268260028
Sony,A7IV,1376,1600,1094.0,134.51019036352,52.74909426020392,33.313718303859
Sony,A7IV,1376,1600,1094.0,135.51427211049,53.142851808035296,33.344512175317
Sony,A7IV,1376,1600,1094.0,136.51835385746,53.53660935586667,33.375067795383
Sony,A7IV,1376,1600,1094.0,137.52243560443,53.93036690369804,33.405388666001
Sony,A7IV,1376,1600,1094.0,138.52651735141,54.324124451533336,33.43547821262
Sony,A7IV,1376,1600,1094.0,139.53059909838,54.717881999364714,33.465339786414
Sony,A7IV,1376,1600,1094.0,140.53468084535,55.11163954719608,33.494976666404
Sony,A7IV,1376,1600,1094.0,141.53876259232,55.505397095027455,33.524392061521
Sony,A7IV,1376,1600,1094.0,142.54284433929,55.899154642858825,33.553589112588
Sony,A7IV,1376,1600,1094.0,143.54692608626,56.29291219069019,33.582570894232
Sony,A7IV,1376,1600,1094.0,144.55100783323,56.686669738521566,33.611340416732
Sony,A7IV,1376,1600,1094.0,145.5550895802,57.08042728635294,33.639900627802
Sony,A7IV,1376,1600,1094.0,146.55917132717,57.47418483418431,33.668254414312
Sony,A7IV,1376,1600,1094.0,147.56325307414,57.86794238201568,33.696404603953
Sony,A7IV,1376,1600,1094.0,148.56733482111,58.261699929847055,33.724353966842
Sony,A7IV,1376,1600,1094.0,149.57141656808,58.65545747767843,33.752105217071
Sony,A7IV,1376,1600,1094.0,150.57549831505,59.0492150255098,33.779661014215
Sony,A7IV,1376,1600,1094.0,151.57958006202,59.44297257334118,33.807023964775
Sony,A7IV,1376,1600,1094.0,152.58366180899,59.83673012117256,33.834196623584
Sony,A7IV,1376,1600,1094.0,153.58774355596,60.23048766900392,33.861181495163
Sony,A7IV,1376,1600,1094.0,154.59182530294,60.62424521683922,33.887981035035
Sony,A7IV,1376,1600,1094.0,155.59590704991,61.018002764670584,33.91459765099
Sony,A7IV,1376,1600,1094.0,156.59998879688,61.41176031250196,33.941033704319
Sony,A7IV,1376,1600,1094.0,157.60407054385,61.80551786033334,33.967291511002
Sony,A7IV,1376,1600,1094.0,158.60815229082,62.1992754081647,33.993373342857
Sony,A7IV,1376,1600,1094.0,159.61223403779,62.59303295599607,34.01928142866
Sony,A7IV,1376,1600,1094.0,160.61631578476,62.98679050382745,34.045017955221
Sony,A7IV,1376,1600,1094.0,161.62039753173,63.38054805165883,34.070585068436
Sony,A7IV,1376,1600,1094.0,162.6244792787,63.77430559949019,34.095984874295
Sony,A7IV,1376,1600,1094.0,163.62856102567,64.16806314732156,34.12121943987
Sony,A7IV,1376,1600,1094.0,164.63264277264,64.56182069515293,34.146290794266
Sony,A7IV,1376,1600,1094.0,165.63672451961,64.95557824298432,34.171200929546
Sony,A7IV,1376,1600,1094.0,166.64080626658,65.34933579081569,34.195951801626
Sony,A7IV,1376,1600,1094.0,167.64488801355,65.74309333864706,34.220545331142
Sony,A7IV,1376,1600,1094.0,168.64896976052,66.13685088647844,34.244983404301
Sony,A7IV,1376,1600,1094.0,169.6530515075,66.53060843431373,34.269267873689
Sony,A7IV,1376,1600,1094.0,170.65713325447,66.9243659821451,34.293400559071
Sony,A7IV,1376,1600,1094.0,171.66121500144,67.31812352997648,34.317383248161
Sony,A7IV,1376,1600,1094.0,172.66529674841,67.71188107780783,34.34121769737
Sony,A7IV,1376,1600,1094.0,173.66937849538,68.10563862563922,34.364905632532
Sony,A7IV,1376,1600,1094.0,174.67346024235,68.49939617347059,34.388448749608
Sony,A7IV,1376,1600,1094.0,175.67754198932,68.89315372130196,34.411848715373
Sony,A7IV,1376,1600,1094.0,176.68162373629,69.28691126913333,34.435107168085
Sony,A7IV,1376,1600,1094.0,177.68570548326,69.68066881696471,34.458225718124
Sony,A7IV,1376,1600,1094.0,178.68978723023,70.07442636479607,34.481205948627
Sony,A7IV,1376,1600,1094.0,179.6938689772,70.46818391262745,34.504049416099
Sony,A7IV,1376,1600,1094.0,180.69795072417,70.86194146045882,34.526757651002
Sony,A7IV,1376,1600,1094.0,181.70203247114,71.2556990082902,34.549332158337
Sony,A7IV,1376,1600,1094.0,182.70611421811,71.64945655612158,34.571774418205
Sony,A7IV,1376,1600,1094.0,183.71019596508,72.04321410395295,34.594085886351
Sony,A7IV,1376,1600,1094.0,184.71427771206,72.43697165178824,34.616267994697
Sony,A7IV,1376,1600,1094.0,185.71835945903,72.83072919961961,34.638322151861
Sony,A7IV,1376,1600,1094.0,186.722441206,73.224486747451,34.660249743654
Sony,A7IV,1376,1600,1094.0,187.72652295297,73.61824429528234,34.682052133574
Sony,A7IV,1376,1600,1094.0,188.73060469994,74.01200184311372,34.703730663284
Sony,A7IV,1376,1600,1094.0,189.73468644691,74.4057593909451,34.72528665307
Sony,A7IV,1376,1600,1094.0,190.73876819388,74.79951693877646,34.746721402297
Sony,A7IV,1376,1600,1094.0,191.74284994085,75.19327448660785,34.768036189847
Sony,A7IV,1376,1600,1094.0,192.74693168782,75.58703203443922,34.789232274549
Sony,A7IV,1376,1600,1094.0,193.75101343479,75.98078958227059,34.810310895592
Sony,A7IV,1376,1600,1094.0,194.75509518176,76.37454713010196,34.831273272935
Sony,A7IV,1376,1600,1094.0,195.75917692873,76.76830467793333,34.852120607701
Sony,A7IV,1376,1600,1094.0,196.7632586757,77.1620622257647,34.872854082565
Sony,A7IV,1376,1600,1094.0,197.76734042267,77.55581977359608,34.893474862126
Sony,A7IV,1376,1600,1094.0,198.77142216964,77.94957732142745,34.913984093276
Sony,A7IV,1376,1600,1094.0,199.77550391662,78.34333486926275,34.934382905557
Sony,A7IV,1376,1600,1094.0,200.77958566359,78.73709241709412,34.954672411508
Sony,A7IV,1376,1600,1094.0,201.78366741056,79.1308499649255,34.974853707004
Sony,A7IV,1376,1600,1094.0,202.78774915753,79.52460751275686,34.994927871591
Sony,A7IV,1376,1600,1094.0,203.7918309045,79.91836506058823,35.014895968802
Sony,A7IV,1376,1600,1094.0,204.79591265147,80.3121226084196,35.03475904648
Sony,A7IV,1376,1600,1094.0,205.79999439844,80.70588015625097,35.054518137077
Sony,A7IV,1376,1600,1094.0,206.80407614541,81.09963770408235,35.07417425796
Sony,A7IV,1376,1600,1094.0,207.80815789238,81.49339525191373,35.093728411701
Sony,A7IV,1376,1600,1094.0,208.81223963935,81.8871527997451,35.113181586362
Sony,A7IV,1376,1600,1094.0,209.81632138632,82.28091034757648,35.132534755773
Sony,A7IV,1376,1600,1094.0,210.82040313329,82.67466789540784,35.151788879808
Sony,A7IV,1376,1600,1094.0,211.82448488026,83.0684254432392,35.170944904645
Sony,A7IV,1376,1600,1094.0,212.82856662723,83.46218299107059,35.190003763027
Sony,A7IV,1376,1600,1094.0,213.8326483742,83.85594053890196,35.208966374519
Sony,A7IV,1376,1600,1094.0,214.83673012117,84.24969808673333,35.227833645747
Sony,A7IV,1376,1600,1094.0,215.84081186815,84.64345563456862,35.246606470649
Sony,A7IV,1376,1600,1094.0,216.84489361512,85.0372131824,35.265285730702
Sony,A7IV,1376,1600,1094.0,217.84897536209,85.43097073023137,35.283872295159
Sony,A7IV,1376,1600,1094.0,218.85305710906,85.82472827806275,35.302367021269
Sony,A7IV,1376,1600,1094.0,219.85713885603,86.2184858258941,35.320770754501
Sony,A7IV,1376,1600,1094.0,220.861220603,86.61224337372548,35.339084328754
Sony,A7IV,1376,1600,1094.0,221.86530234997,87.00600092155686,35.357308566574
Sony,A7IV,1376,1600,1094.0,222.86938409694,87.39975846938823,35.375444279352
Sony,A7IV,1376,1600,1094.0,223.87346584391,87.7935160172196,35.393492267528
Sony,A7IV,1376,1600,1094.0,224.87754759088,88.18727356505099,35.411453320788
Sony,A7IV,1376,1600,1094.0,225.88162933785,88.58103111288236,35.429328218255
Sony,A7IV,1376,1600,1094.0,226.88571108482,88.97478866071373,35.447117728673
Sony,A7IV,1376,1600,1094.0,227.88979283179,89.3685462085451,35.464822610598
Sony,A7IV,1376,1600,1094.0,228.89387457876,89.76230375637647,35.482443612569
Sony,A7IV,1376,1600,1094.0,229.89795632573,90.15606130420785,35.499981473288
Sony,A7IV,1376,1600,1094.0,230.90203807271,90.54981885204315,35.517436921793
Sony,A7IV,1376,1600,1094.0,231.90611981968,90.9435763998745,35.534810677621
Sony,A7IV,1376,1600,1094.0,232.91020156665,91.33733394770587,35.552103450976
Sony,A7IV,1376,1600,1094.0,233.91428331362,91.73109149553726,35.569315942888
Sony,A7IV,1376,1600,1094.0,234.91836506059,92.12484904336863,35.586448845371
Sony,A7IV,1376,1600,1094.0,235.92244680756,92.5186065912,35.603502841577
Sony,A7IV,1376,1600,1094.0,236.92652855453,92.91236413903137,35.620478605946
Sony,A7IV,1376,1600,1094.0,237.9306103015,93.30612168686274,35.637376804354
Sony,A7IV,1376,1600,1094.0,238.93469204847,93.69987923469412,35.654198094256
Sony,A7IV,1376,1600,1094.0,239.93877379544,94.0936367825255,35.67094312483
Sony,A7IV,1376,1600,1094.0,240.94285554241,94.48739433035686,35.687612537112
Sony,A7IV,1376,1600,1094.0,241.94693728938,94.88115187818823,35.704206964134
Sony,A7IV,1376,1600,1094.0,242.95101903635,95.2749094260196,35.720727031057
Sony,A7IV,1376,1600,1094.0,243.95510078332,95.66866697385097,35.737173355297
Sony,A7IV,1376,1600,1094.0,244.95918253029,96.06242452168236,35.753546546658
Sony,A7IV,1376,1600,1094.0,245.96326427727,96.45618206951765,35.769847207451
Sony,A7IV,1376,1600,1094.0,246.96734602424,96.84993961734901,35.786075932621
Sony,A7IV,1376,1600,1094.0,247.97142777121,97.2436971651804,35.802233309863
Sony,A7IV,1376,1600,1094.0,248.97550951818,97.63745471301176,35.818319919742
Sony,A7IV,1376,1600,1094.0,249.97959126515,98.03121226084313,35.834336335805
Sony,A7IV,1376,1600,1094.0,250.98367301212,98.42496980867452,35.850283124696
Sony,A7IV,1376,1600,1094.0,251.98775475909,98.81872735650587,35.866160846266
Sony,A7IV,1376,1600,1094.0,252.99183650606,99.21248490433724,35.881970053679
Sony,A7IV,1376,1600,1094.0,253.99591825303,99.60624245216863,35.89771129352
Sony,A7IV,1376,1600,1094.0,255,100.0,35.913385105898
Sony,A7IV,1376,3200,2237.0,0.21873094447266,0.08577684096967059,0
Sony,A7IV,1376,3200,2237.0,0.43241714948092,0.1695753527376157,4.0563930775842
Sony,A7IV,1376,3200,2237.0,0.83016796321208,0.32555606400473724,7.5481213651821
Sony,A7IV,1376,3200,2237.0,1.6659419422693,0.6533105655958039,10.979178431805
Sony,A7IV,1376,3200,2237.0,3.2709614179638,1.2827299678289412,14.120873673885
Sony,A7IV,1376,3200,2237.0,4.9815237656639,1.953538731632902,16.024662785121
Sony,A7IV,1376,3200,2237.0,11.008135486133,4.316915876914902,19.546264392222
Sony,A7IV,1376,3200,2237.0,12.012217233104,4.710673424746666,19.930260541098
Sony,A7IV,1376,3200,2237.0,13.016298980075,5.104430972578431,20.282910104982
Sony,A7IV,1376,3200,2237.0,14.020380727045,5.498188520409804,20.608934649666
Sony,A7IV,1376,3200,2237.0,15.024462474016,5.891946068241569,20.912063549503
Sony,A7IV,1376,3200,2237.0,16.028544220986,6.285703616072941,21.195293821291
Sony,A7IV,1376,3200,2237.0,17.032625967957,6.679461163904706,21.461070119067
Sony,A7IV,1376,3200,2237.0,18.036707714928,7.07321871173647,21.711412626971
Sony,A7IV,1376,3200,2237.0,19.040789461898,7.4669762595678435,21.948009959322
Sony,A7IV,1376,3200,2237.0,20.044871208869,7.860733807399608,22.172287961977
Sony,A7IV,1376,3200,2237.0,21.04895295584,8.254491355231373,22.385461547071
Sony,A7IV,1376,3200,2237.0,22.05303470281,8.648248903062743,22.588574346307
Sony,A7IV,1376,3200,2237.0,23.057116449781,9.042006450894508,22.782529464008
Sony,A7IV,1376,3200,2237.0,24.061198196752,9.435763998726273,22.968113624281
Sony,A7IV,1376,3200,2237.0,25.065279943722,9.829521546557647,23.146016344997
Sony,A7IV,1376,3200,2237.0,26.069361690693,10.223279094389412,23.316845319105
Sony,A7IV,1376,3200,2237.0,27.073443437664,10.617036642221176,23.481138869304
Sony,A7IV,1376,3200,2237.0,28.077525184634,11.010794190052549,23.639376119817
Sony,A7IV,1376,3200,2237.0,29.081606931605,11.404551737884313,23.791985369676
Sony,A7IV,1376,3200,2237.0,30.085688678575,11.798309285715685,23.939351036085
Sony,A7IV,1376,3200,2237.0,31.089770425546,12.19206683354745,24.081819451215
Sony,A7IV,1376,3200,2237.0,32.093852172517,12.585824381379219,24.219703732386
Sony,A7IV,1376,3200,2237.0,33.097933919487,12.979581929210587,24.353287897866
Sony,A7IV,1376,3200,2237.0,34.102015666458,13.373339477042354,24.4828303643
Sony,A7IV,1376,3200,2237.0,35.106097413429,13.767097024874117,24.608566934014
Sony,A7IV,1376,3200,2237.0,36.110179160399,14.160854572705489,24.730713358946
Sony,A7IV,1376,3200,2237.0,37.11426090737,14.554612120537255,24.849467551223
Sony,A7IV,1376,3200,2237.0,38.118342654341,14.948369668369018,24.965011497253
Sony,A7IV,1376,3200,2237.0,39.122424401311,15.342127216200394,25.077512921814
Sony,A7IV,1376,3200,2237.0,40.126506148282,15.735884764032157,25.187126740316
Sony,A7IV,1376,3200,2237.0,41.130587895253,16.129642311863922,25.293996330797
Sony,A7IV,1376,3200,2237.0,42.134669642223,16.523399859695296,25.39825465185
Sony,A7IV,1376,3200,2237.0,43.138751389194,16.917157407527057,25.500025228347
Sony,A7IV,1376,3200,2237.0,44.142833136165,17.310914955358825,25.599423023291
Sony,A7IV,1376,3200,2237.0,45.146914883135,17.704672503190196,25.696555211218
Sony,A7IV,1376,3200,2237.0,46.150996630106,18.09843005102196,25.791521866202
Sony,A7IV,1376,3200,2237.0,47.155078377076,18.492187598853334,25.884416575527
Sony,A7IV,1376,3200,2237.0,48.159160124047,18.8859451466851,25.97532698847
Sony,A7IV,1376,3200,2237.0,49.163241871018,19.279702694516864,26.064335308242
Sony,A7IV,1376,3200,2237.0,50.167323617988,19.673460242348238,26.151518734027
Sony,A7IV,1376,3200,2237.0,51.171405364959,20.06721779018,26.23694985906
Sony,A7IV,1376,3200,2237.0,52.17548711193,20.460975338011767,26.32069702989
Sony,A7IV,1376,3200,2237.0,53.1795688589,20.854732885843134,26.402824671287
Sony,A7IV,1376,3200,2237.0,54.183650605871,21.248490433674903,26.483393580662
Sony,A7IV,1376,3200,2237.0,55.187732352842,21.642247981506664,26.562461195362
Sony,A7IV,1376,3200,2237.0,56.191814099812,22.03600552933804,26.640081835789
Sony,A7IV,1376,3200,2237.0,57.195895846783,22.429763077169806,26.716306926929
Sony,A7IV,1376,3200,2237.0,58.199977593754,22.823520625001567,26.791185200534
Sony,A7IV,1376,3200,2237.0,59.204059340724,23.21727817283294,26.864762879965
Sony,A7IV,1376,3200,2237.0,60.208141087695,23.611035720664706,26.937083849439
Sony,A7IV,1376,3200,2237.0,61.212222834666,24.00479326849647,27.008189809249
Sony,A7IV,1376,3200,2237.0,62.216304581636,24.398550816327845,27.078120418305
Sony,A7IV,1376,3200,2237.0,63.220386328607,24.792308364159606,27.146913425246
Sony,A7IV,1376,3200,2237.0,64.224468075578,25.186065911991374,27.21460478918
Sony,A7IV,1376,3200,2237.0,65.228549822548,25.579823459822748,27.281228791041
Sony,A7IV,1376,3200,2237.0,66.232631569519,25.973581007654513,27.346818136416
Sony,A7IV,1376,3200,2237.0,67.236713316489,26.36733855548588,27.411404050612
Sony,A7IV,1376,3200,2237.0,68.24079506346,26.761096103317644,27.475016366658
Sony,A7IV,1376,3200,2237.0,69.244876810431,27.15485365114941,27.537683606871
Sony,A7IV,1376,3200,2237.0,70.248958557401,27.548611198980783,27.599433058523
Sony,A7IV,1376,3200,2237.0,71.253040304372,27.94236874681255,27.660290844134
Sony,A7IV,1376,3200,2237.0,72.257122051343,28.336126294644316,27.720281986833
Sony,A7IV,1376,3200,2237.0,73.261203798313,28.72988384247569,27.779430471195
Sony,A7IV,1376,3200,2237.0,74.265285545284,29.123641390307455,27.837759299928
Sony,A7IV,1376,3200,2237.0,75.269367292255,29.517398938139216,27.895290546746
Sony,A7IV,1376,3200,2237.0,76.273449039225,29.911156485970587,27.952045405731
Sony,A7IV,1376,3200,2237.0,77.277530786196,30.304914033802348,28.008044237455
Sony,A7IV,1376,3200,2237.0,78.281612533166,30.698671581633725,28.06330661212
Sony,A7IV,1376,3200,2237.0,79.285694280137,31.092429129465486,28.117851349948
Sony,A7IV,1376,3200,2237.0,80.289776027108,31.486186677297255,28.171696559017
Sony,A7IV,1376,3200,2237.0,81.293857774078,31.879944225128632,28.224859670741
Sony,A7IV,1376,3200,2237.0,82.297939521049,32.27370177296039,28.27735747317
Sony,A7IV,1376,3200,2237.0,83.30202126802,32.66745932079216,28.32920614227
Sony,A7IV,1376,3200,2237.0,84.30610301499,33.061216868623525,28.380421271313
Sony,A7IV,1376,3200,2237.0,85.310184761961,33.45497441645529,28.431017898539
Sony,A7IV,1376,3200,2237.0,86.314266508932,33.848731964287055,28.481010533184
Sony,A7IV,1376,3200,2237.0,87.318348255902,34.24248951211843,28.530413180005
Sony,A7IV,1376,3200,2237.0,88.322430002873,34.6362470599502,28.579239362402
Sony,A7IV,1376,3200,2237.0,89.326511749844,35.03000460778196,28.627502144221
Sony,A7IV,1376,3200,2237.0,90.330593496814,35.42376215561334,28.675214150352
Sony,A7IV,1376,3200,2237.0,91.334675243785,35.8175197034451,28.722387586168
Sony,A7IV,1376,3200,2237.0,92.338756990755,36.21127725127647,28.769034255916
Sony,A7IV,1376,3200,2237.0,93.342838737726,36.60503479910823,28.815165580098
Sony,A7IV,1376,3200,2237.0,94.346920484697,36.99879234693999,28.860792611927
Sony,A7IV,1376,3200,2237.0,95.351002231667,37.39254989477137,28.905926052915
Sony,A7IV,1376,3200,2237.0,96.355083978638,37.78630744260314,28.950576267629
Sony,A7IV,1376,3200,2237.0,97.359165725609,38.1800649904349,28.994753297694
Sony,A7IV,1376,3200,2237.0,98.363247472579,38.57382253826628,29.038466875073
Sony,A7IV,1376,3200,2237.0,99.36732921955,38.96758008609804,29.081726434666
Sony,A7IV,1376,3200,2237.0,100.37141096652,39.36133763392941,29.124541126278
Sony,A7IV,1376,3200,2237.0,101.37549271349,39.75509518176079,29.166919825997
Sony,A7IV,1376,3200,2237.0,102.37957446046,40.14885272959216,29.208871146996
Sony,A7IV,1376,3200,2237.0,103.38365620743,40.54261027742353,29.25040344982
Sony,A7IV,1376,3200,2237.0,104.3877379544,40.9363678252549,29.291524852168
Sony,A7IV,1376,3200,2237.0,105.39181970137,41.330125373086275,29.332243238208
Sony,A7IV,1376,3200,2237.0,106.39590144834,41.723882920917646,29.37256626745
Sony,A7IV,1376,3200,2237.0,107.39998319532,42.117640468752946,29.4125013832
Sony,A7IV,1376,3200,2237.0,108.40406494229,42.511398016584316,29.452055820624
Sony,A7IV,1376,3200,2237.0,109.40814668926,42.90515556441568,29.491236614432
Sony,A7IV,1376,3200,2237.0,110.41222843623,43.29891311224706,29.530050606219
Sony,A7IV,1376,3200,2237.0,111.4163101832,43.692670660078434,29.568504451469
Sony,A7IV,1376,3200,2237.0,112.42039193017,44.086428207909805,29.606604626243
Sony,A7IV,1376,3200,2237.0,113.42447367714,44.480185755741175,29.64435743357
Sony,A7IV,1376,3200,2237.0,114.42855542411,44.87394330357255,29.68176900956
Sony,A7IV,1376,3200,2237.0,115.43263717108,45.26770085140392,29.718845329245
Sony,A7IV,1376,3200,2237.0,116.43671891805,45.66145839923529,29.755592212166
Sony,A7IV,1376,3200,2237.0,117.44080066502,46.05521594706667,29.792015327725
Sony,A7IV,1376,3200,2237.0,118.44488241199,46.44897349489804,29.828120200301
Sony,A7IV,1376,3200,2237.0,119.44896415896,46.842731042729405,29.86391221416
Sony,A7IV,1376,3200,2237.0,120.45304590593,47.23648859056078,29.899396618149
Sony,A7IV,1376,3200,2237.0,121.4571276529,47.63024613839216,29.934578530201
Sony,A7IV,1376,3200,2237.0,122.46120939987,48.02400368622353,29.969462941653
Sony,A7IV,1376,3200,2237.0,123.46529114685,48.41776123405882,30.004054721387
Sony,A7IV,1376,3200,2237.0,124.46937289382,48.81151878189019,30.038358619802
Sony,A7IV,1376,3200,2237.0,125.47345464079,49.20527632972156,30.072379272627
Sony,A7IV,1376,3200,2237.0,126.47753638776,49.59903387755294,30.106121204586
Sony,A7IV,1376,3200,2237.0,127.48161813473,49.99279142538431,30.139588832909
Sony,A7IV,1376,3200,2237.0,128.4856998817,50.38654897321568,30.172786470713
Sony,A7IV,1376,3200,2237.0,129.48978162867,50.78030652104706,30.205718330248
Sony,A7IV,1376,3200,2237.0,130.49386337564,51.17406406887842,30.238388526017
Sony,A7IV,1376,3200,2237.0,131.49794512261,51.5678216167098,30.270801077779
Sony,A7IV,1376,3200,2237.0,132.50202686958,51.96157916454117,30.302959913433
Sony,A7IV,1376,3200,2237.0,133.50610861655,52.35533671237255,30.334868871796
Sony,A7IV,1376,3200,2237.0,134.51019036352,52.74909426020392,30.366531705281
Sony,A7IV,1376,3200,2237.0,135.51427211049,53.142851808035296,30.397952082463
Sony,A7IV,1376,3200,2237.0,136.51835385746,53.53660935586667,30.429133590566
Sony,A7IV,1376,3200,2237.0,137.52243560443,53.93036690369804,30.460079737844
Sony,A7IV,1376,3200,2237.0,138.52651735141,54.324124451533336,30.490793955885
Sony,A7IV,1376,3200,2237.0,139.53059909838,54.717881999364714,30.521279601831
Sony,A7IV,1376,3200,2237.0,140.53468084535,55.11163954719608,30.55153996051
Sony,A7IV,1376,3200,2237.0,141.53876259232,55.505397095027455,30.581578246504
Sony,A7IV,1376,3200,2237.0,142.54284433929,55.899154642858825,30.611397606133
Sony,A7IV,1376,3200,2237.0,143.54692608626,56.29291219069019,30.641001119379
Sony,A7IV,1376,3200,2237.0,144.55100783323,56.686669738521566,30.670391801732
Sony,A7IV,1376,3200,2237.0,145.5550895802,57.08042728635294,30.699572605983
Sony,A7IV,1376,3200,2237.0,146.55917132717,57.47418483418431,30.728546423948
Sony,A7IV,1376,3200,2237.0,147.56325307414,57.86794238201568,30.757316088135
Sony,A7IV,1376,3200,2237.0,148.56733482111,58.261699929847055,30.785884373356
Sony,A7IV,1376,3200,2237.0,149.57141656808,58.65545747767843,30.814253998283
Sony,A7IV,1376,3200,2237.0,150.57549831505,59.0492150255098,30.84242762695
Sony,A7IV,1376,3200,2237.0,151.57958006202,59.44297257334118,30.870407870213
Sony,A7IV,1376,3200,2237.0,152.58366180899,59.83673012117256,30.898197287148
Sony,A7IV,1376,3200,2237.0,153.58774355596,60.23048766900392,30.925798386418
Sony,A7IV,1376,3200,2237.0,154.59182530294,60.62424521683922,30.953213627586
Sony,A7IV,1376,3200,2237.0,155.59590704991,61.018002764670584,30.980445422387
Sony,A7IV,1376,3200,2237.0,156.59998879688,61.41176031250196,31.007496135961
Sony,A7IV,1376,3200,2237.0,157.60407054385,61.80551786033334,31.034368088046
Sony,A7IV,1376,3200,2237.0,158.60815229082,62.1992754081647,31.061063554132
Sony,A7IV,1376,3200,2237.0,159.61223403779,62.59303295599607,31.087584766579
Sony,A7IV,1376,3200,2237.0,160.61631578476,62.98679050382745,31.113933915702
Sony,A7IV,1376,3200,2237.0,161.62039753173,63.38054805165883,31.140113150816
Sony,A7IV,1376,3200,2237.0,162.6244792787,63.77430559949019,31.166124581258
Sony,A7IV,1376,3200,2237.0,163.62856102567,64.16806314732156,31.191970277369
Sony,A7IV,1376,3200,2237.0,164.63264277264,64.56182069515293,31.217652271451
Sony,A7IV,1376,3200,2237.0,165.63672451961,64.95557824298432,31.243172558692
Sony,A7IV,1376,3200,2237.0,166.64080626658,65.34933579081569,31.268533098064
Sony,A7IV,1376,3200,2237.0,167.64488801355,65.74309333864706,31.293735813195
Sony,A7IV,1376,3200,2237.0,168.64896976052,66.13685088647844,31.318782593215
Sony,A7IV,1376,3200,2237.0,169.6530515075,66.53060843431373,31.343675293575
Sony,A7IV,1376,3200,2237.0,170.65713325447,66.9243659821451,31.368415736842
Sony,A7IV,1376,3200,2237.0,171.66121500144,67.31812352997648,31.393005713471
Sony,A7IV,1376,3200,2237.0,172.66529674841,67.71188107780783,31.417446982559
Sony,A7IV,1376,3200,2237.0,173.66937849538,68.10563862563922,31.441741272569
Sony,A7IV,1376,3200,2237.0,174.67346024235,68.49939617347059,31.465890282037
Sony,A7IV,1376,3200,2237.0,175.67754198932,68.89315372130196,31.489895680261
Sony,A7IV,1376,3200,2237.0,176.68162373629,69.28691126913333,31.51375910797
Sony,A7IV,1376,3200,2237.0,177.68570548326,69.68066881696471,31.537482177965
Sony,A7IV,1376,3200,2237.0,178.68978723023,70.07442636479607,31.561066475757
Sony,A7IV,1376,3200,2237.0,179.6938689772,70.46818391262745,31.584513560176
Sony,A7IV,1376,3200,2237.0,180.69795072417,70.86194146045882,31.607824963965
Sony,A7IV,1376,3200,2237.0,181.70203247114,71.2556990082902,31.631002194361
Sony,A7IV,1376,3200,2237.0,182.70611421811,71.64945655612158,31.654046733657
Sony,A7IV,1376,3200,2237.0,183.71019596508,72.04321410395295,31.676960039749
Sony,A7IV,1376,3200,2237.0,184.71427771206,72.43697165178824,31.69974354667
Sony,A7IV,1376,3200,2237.0,185.71835945903,72.83072919961961,31.722398665104
Sony,A7IV,1376,3200,2237.0,186.722441206,73.224486747451,31.744926782895
Sony,A7IV,1376,3200,2237.0,187.72652295297,73.61824429528234,31.767329265536
Sony,A7IV,1376,3200,2237.0,188.73060469994,74.01200184311372,31.789607456642
Sony,A7IV,1376,3200,2237.0,189.73468644691,74.4057593909451,31.811762678424
Sony,A7IV,1376,3200,2237.0,190.73876819388,74.79951693877646,31.83379623213
Sony,A7IV,1376,3200,2237.0,191.74284994085,75.19327448660785,31.855709398495
Sony,A7IV,1376,3200,2237.0,192.74693168782,75.58703203443922,31.877503438165
Sony,A7IV,1376,3200,2237.0,193.75101343479,75.98078958227059,31.899179592116
Sony,A7IV,1376,3200,2237.0,194.75509518176,76.37454713010196,31.920739082064
Sony,A7IV,1376,3200,2237.0,195.75917692873,76.76830467793333,31.942183110854
Sony,A7IV,1376,3200,2237.0,196.7632586757,77.1620622257647,31.963512862856
Sony,A7IV,1376,3200,2237.0,197.76734042267,77.55581977359608,31.984729504335
Sony,A7IV,1376,3200,2237.0,198.77142216964,77.94957732142745,32.005834183819
Sony,A7IV,1376,3200,2237.0,199.77550391662,78.34333486926275,32.02682803246
Sony,A7IV,1376,3200,2237.0,200.77958566359,78.73709241709412,32.047712164379
Sony,A7IV,1376,3200,2237.0,201.78366741056,79.1308499649255,32.068487677007
Sony,A7IV,1376,3200,2237.0,202.78774915753,79.52460751275686,32.089155651421
Sony,A7IV,1376,3200,2237.0,203.7918309045,79.91836506058823,32.109717152659
Sony,A7IV,1376,3200,2237.0,204.79591265147,80.3121226084196,32.130173230044
Sony,A7IV,1376,3200,2237.0,205.79999439844,80.70588015625097,32.150524917486
Sony,A7IV,1376,3200,2237.0,206.80407614541,81.09963770408235,32.170773233786
Sony,A7IV,1376,3200,2237.0,207.80815789238,81.49339525191373,32.190919182926
Sony,A7IV,1376,3200,2237.0,208.81223963935,81.8871527997451,32.210963754357
Sony,A7IV,1376,3200,2237.0,209.81632138632,82.28091034757648,32.230907923277
Sony,A7IV,1376,3200,2237.0,210.82040313329,82.67466789540784,32.250752650904
Sony,A7IV,1376,3200,2237.0,211.82448488026,83.0684254432392,32.270498884743
Sony,A7IV,1376,3200,2237.0,212.82856662723,83.46218299107059,32.290147558842
Sony,A7IV,1376,3200,2237.0,213.8326483742,83.85594053890196,32.30969959405
Sony,A7IV,1376,3200,2237.0,214.83673012117,84.24969808673333,32.329155898262
Sony,A7IV,1376,3200,2237.0,215.84081186815,84.64345563456862,32.34851736666
Sony,A7IV,1376,3200,2237.0,216.84489361512,85.0372131824,32.367784881952
Sony,A7IV,1376,3200,2237.0,217.84897536209,85.43097073023137,32.3869593146
Sony,A7IV,1376,3200,2237.0,218.85305710906,85.82472827806275,32.406041523049
Sony,A7IV,1376,3200,2237.0,219.85713885603,86.2184858258941,32.425032353941
Sony,A7IV,1376,3200,2237.0,220.861220603,86.61224337372548,32.443932642338
Sony,A7IV,1376,3200,2237.0,221.86530234997,87.00600092155686,32.462743211926
Sony,A7IV,1376,3200,2237.0,222.86938409694,87.39975846938823,32.481464875224
Sony,A7IV,1376,3200,2237.0,223.87346584391,87.7935160172196,32.500098433784
Sony,A7IV,1376,3200,2237.0,224.87754759088,88.18727356505099,32.518644678387
Sony,A7IV,1376,3200,2237.0,225.88162933785,88.58103111288236,32.537104389236
Sony,A7IV,1376,3200,2237.0,226.88571108482,88.97478866071373,32.555478336143
Sony,A7IV,1376,3200,2237.0,227.88979283179,89.3685462085451,32.573767278714
Sony,A7IV,1376,3200,2237.0,228.89387457876,89.76230375637647,32.591971966526
Sony,A7IV,1376,3200,2237.0,229.89795632573,90.15606130420785,32.610093139306
Sony,A7IV,1376,3200,2237.0,230.90203807271,90.54981885204315,32.628131527102
Sony,A7IV,1376,3200,2237.0,231.90611981968,90.9435763998745,32.646087850447
Sony,A7IV,1376,3200,2237.0,232.91020156665,91.33733394770587,32.66396282053
Sony,A7IV,1376,3200,2237.0,233.91428331362,91.73109149553726,32.681757139353
Sony,A7IV,1376,3200,2237.0,234.91836506059,92.12484904336863,32.69947149989
Sony,A7IV,1376,3200,2237.0,235.92244680756,92.5186065912,32.717106586239
Sony,A7IV,1376,3200,2237.0,236.92652855453,92.91236413903137,32.734663073775
Sony,A7IV,1376,3200,2237.0,237.9306103015,93.30612168686274,32.752141629298
Sony,A7IV,1376,3200,2237.0,238.93469204847,93.69987923469412,32.769542911176
Sony,A7IV,1376,3200,2237.0,239.93877379544,94.0936367825255,32.786867569487
Sony,A7IV,1376,3200,2237.0,240.94285554241,94.48739433035686,32.804116246157
Sony,A7IV,1376,3200,2237.0,241.94693728938,94.88115187818823,32.8212895751
Sony,A7IV,1376,3200,2237.0,242.95101903635,95.2749094260196,32.838388182342
Sony,A7IV,1376,3200,2237.0,243.95510078332,95.66866697385097,32.855412686161
Sony,A7IV,1376,3200,2237.0,244.95918253029,96.06242452168236,32.872363697208
Sony,A7IV,1376,3200,2237.0,245.96326427727,96.45618206951765,32.889241818634
Sony,A7IV,1376,3200,2237.0,246.96734602424,96.84993961734901,32.906047646212
Sony,A7IV,1376,3200,2237.0,247.97142777121,97.2436971651804,32.922781768456
Sony,A7IV,1376,3200,2237.0,248.97550951818,97.63745471301176,32.939444766743
Sony,A7IV,1376,3200,2237.0,249.97959126515,98.03121226084313,32.956037215419
Sony,A7IV,1376,3200,2237.0,250.98367301212,98.42496980867452,32.972559681922
Sony,A7IV,1376,3200,2237.0,251.98775475909,98.81872735650587,32.989012726885
Sony,A7IV,1376,3200,2237.0,252.99183650606,99.21248490433724,33.005396904248
Sony,A7IV,1376,3200,2237.0,253.99591825303,99.60624245216863,33.021712761362
Sony,A7IV,1376,3200,2237.0,255,100.0,33.037960839094
Sony,A7IV,1376,6400,4609.0,0.43241714948092,0.1695753527376157,0
Sony,A7IV,1376,6400,4609.0,0.83016796321208,0.32555606400473724,3.8458870161594
Sony,A7IV,1376,6400,4609.0,1.6659419422693,0.6533105655958039,7.5425480511043
Sony,A7IV,1376,6400,4609.0,3.2709614179638,1.2827299678289412,10.841863413541
Sony,A7IV,1376,6400,4609.0,4.9815237656639,1.953538731632902,12.808100228572
Sony,A7IV,1376,6400,4609.0,11.008135486133,4.316915876914902,16.401791865583
Sony,A7IV,1376,6400,4609.0,12.012217233104,4.710673424746666,16.791361524513
Sony,A7IV,1376,6400,4609.0,13.016298980075,5.104430972578431,17.148858967111
Sony,A7IV,1376,6400,4609.0,14.020380727045,5.498188520409804,17.479158827468
Sony,A7IV,1376,6400,4609.0,15.024462474016,5.891946068241569,17.786103313949
Sony,A7IV,1376,6400,4609.0,16.028544220986,6.285703616072941,18.072774447619
Sony,A7IV,1376,6400,4609.0,17.032625967957,6.679461163904706,18.341682138783
Sony,A7IV,1376,6400,4609.0,18.036707714928,7.07321871173647,18.594897499871
Sony,A7IV,1376,6400,4609.0,19.040789461898,7.4669762595678435,18.83414947331
Sony,A7IV,1376,6400,4609.0,20.044871208869,7.860733807399608,19.060896254383
Sony,A7IV,1376,6400,4609.0,21.04895295584,8.254491355231373,19.276379006161
Sony,A7IV,1376,6400,4609.0,22.05303470281,8.648248903062743,19.481662885219
Sony,A7IV,1376,6400,4609.0,23.057116449781,9.042006450894508,19.677668812453
Sony,A7IV,1376,6400,4609.0,24.061198196752,9.435763998726273,19.865198385859
Sony,A7IV,1376,6400,4609.0,25.065279943722,9.829521546557647,20.044953637961
Sony,A7IV,1376,6400,4609.0,26.069361690693,10.223279094389412,20.217552867056
Sony,A7IV,1376,6400,4609.0,27.073443437664,10.617036642221176,20.383543442625
Sony,A7IV,1376,6400,4609.0,28.077525184634,11.010794190052549,20.543412253274
Sony,A7IV,1376,6400,4609.0,29.081606931605,11.404551737884313,20.697594299477
Sony,A7IV,1376,6400,4609.0,30.085688678575,11.798309285715685,20.846479812812
Sony,A7IV,1376,6400,4609.0,31.089770425546,12.19206683354745,20.990420194837
Sony,A7IV,1376,6400,4609.0,32.093852172517,12.585824381379219,21.129733002885
Sony,A7IV,1376,6400,4609.0,33.097933919487,12.979581929210587,21.264706160596
Sony,A7IV,1376,6400,4609.0,34.102015666458,13.373339477042354,21.395601533473
Sony,A7IV,1376,6400,4609.0,35.106097413429,13.767097024874117,21.522657980996
Sony,A7IV,1376,6400,4609.0,36.110179160399,14.160854572705489,21.646093974628
Sony,A7IV,1376,6400,4609.0,37.11426090737,14.554612120537255,21.76610985375
Sony,A7IV,1376,6400,4609.0,38.118342654341,14.948369668369018,21.882889777993
Sony,A7IV,1376,6400,4609.0,39.122424401311,15.342127216200394,21.996603423711
Sony,A7IV,1376,6400,4609.0,40.126506148282,15.735884764032157,22.1074074638
Sony,A7IV,1376,6400,4609.0,41.130587895253,16.129642311863922,22.215446863238
Sony,A7IV,1376,6400,4609.0,42.134669642223,16.523399859695296,22.320856017211
Sony,A7IV,1376,6400,4609.0,43.138751389194,16.917157407527057,22.423759754228
Sony,A7IV,1376,6400,4609.0,44.142833136165,17.310914955358825,22.52427422301
Sony,A7IV,1376,6400,4609.0,45.146914883135,17.704672503190196,22.622507678933
Sony,A7IV,1376,6400,4609.0,46.150996630106,18.09843005102196,22.718561183372
Sony,A7IV,1376,6400,4609.0,47.155078377076,18.492187598853334,22.812529227285
Sony,A7IV,1376,6400,4609.0,48.159160124047,18.8859451466851,22.904500288661
Sony,A7IV,1376,6400,4609.0,49.163241871018,19.279702694516864,22.994557332086
Sony,A7IV,1376,6400,4609.0,50.167323617988,19.673460242348238,23.082778257476
Sony,A7IV,1376,6400,4609.0,51.171405364959,20.06721779018,23.16923630408
Sony,A7IV,1376,6400,4609.0,52.17548711193,20.460975338011767,23.254000414983
Sony,A7IV,1376,6400,4609.0,53.1795688589,20.854732885843134,23.337135566661
Sony,A7IV,1376,6400,4609.0,54.183650605871,21.248490433674903,23.418703067533
Sony,A7IV,1376,6400,4609.0,55.187732352842,21.642247981506664,23.498760828943
Sony,A7IV,1376,6400,4609.0,56.191814099812,22.03600552933804,23.577363611573
Sony,A7IV,1376,6400,4609.0,57.195895846783,22.429763077169806,23.654563249914
Sony,A7IV,1376,6400,4609.0,58.199977593754,22.823520625001567,23.730408857093
Sony,A7IV,1376,6400,4609.0,59.204059340724,23.21727817283294,23.804947012092
Sony,A7IV,1376,6400,4609.0,60.208141087695,23.611035720664706,23.878221931132
Sony,A7IV,1376,6400,4609.0,61.212222834666,24.00479326849647,23.950275624823
Sony,A7IV,1376,6400,4609.0,62.216304581636,24.398550816327845,24.021148042448
Sony,A7IV,1376,6400,4609.0,63.220386328607,24.792308364159606,24.090877204648
Sony,A7IV,1376,6400,4609.0,64.224468075578,25.186065911991374,24.1594993256
Sony,A7IV,1376,6400,4609.0,65.228549822548,25.579823459822748,24.227048925668
Sony,A7IV,1376,6400,4609.0,66.232631569519,25.973581007654513,24.293558935408
Sony,A7IV,1376,6400,4609.0,67.236713316489,26.36733855548588,24.359060791716
Sony,A7IV,1376,6400,4609.0,68.24079506346,26.761096103317644,24.423584526809
Sony,A7IV,1376,6400,4609.0,69.244876810431,27.15485365114941,24.487158850685
Sony,A7IV,1376,6400,4609.0,70.248958557401,27.548611198980783,24.549811227609
Sony,A7IV,1376,6400,4609.0,71.253040304372,27.94236874681255,24.611567947162
Sony,A7IV,1376,6400,4609.0,72.257122051343,28.336126294644316,24.672454190282
Sony,A7IV,1376,6400,4609.0,73.261203798313,28.72988384247569,24.732494090738
Sony,A7IV,1376,6400,4609.0,74.265285545284,29.123641390307455,24.791710792395
Sony,A7IV,1376,6400,4609.0,75.269367292255,29.517398938139216,24.850126502624
Sony,A7IV,1376,6400,4609.0,76.273449039225,29.911156485970587,24.907762542149
Sony,A7IV,1376,6400,4609.0,77.277530786196,30.304914033802348,24.964639391634
Sony,A7IV,1376,6400,4609.0,78.281612533166,30.698671581633725,25.020776735233
Sony,A7IV,1376,6400,4609.0,79.285694280137,31.092429129465486,25.076193501372
Sony,A7IV,1376,6400,4609.0,80.289776027108,31.486186677297255,25.130907900938
Sony,A7IV,1376,6400,4609.0,81.293857774078,31.879944225128632,25.184937463099
Sony,A7IV,1376,6400,4609.0,82.297939521049,32.27370177296039,25.238299068906
Sony,A7IV,1376,6400,4609.0,83.30202126802,32.66745932079216,25.291008982858
Sony,A7IV,1376,6400,4609.0,84.30610301499,33.061216868623525,25.343082882563
Sony,A7IV,1376,6400,4609.0,85.310184761961,33.45497441645529,25.394535886638
Sony,A7IV,1376,6400,4609.0,86.314266508932,33.848731964287055,25.445382580974
Sony,A7IV,1376,6400,4609.0,87.318348255902,34.24248951211843,25.495637043469
Sony,A7IV,1376,6400,4609.0,88.322430002873,34.6362470599502,25.545312867353
Sony,A7IV,1376,6400,4609.0,89.326511749844,35.03000460778196,25.594423183176
Sony,A7IV,1376,6400,4609.0,90.330593496814,35.42376215561334,25.642980679575
Sony,A7IV,1376,6400,4609.0,91.334675243785,35.8175197034451,25.690997622881
Sony,A7IV,1376,6400,4609.0,92.338756990755,36.21127725127647,25.738485875658
Sony,A7IV,1376,6400,4609.0,93.342838737726,36.60503479910823,25.785456914224
Sony,A7IV,1376,6400,4609.0,94.346920484697,36.99879234693999,25.831921845248
Sony,A7IV,1376,6400,4609.0,95.351002231667,37.39254989477137,25.877891421447
Sony,A7IV,1376,6400,4609.0,96.355083978638,37.78630744260314,25.923376056474
Sony,A7IV,1376,6400,4609.0,97.359165725609,38.1800649904349,25.968385839024
Sony,A7IV,1376,6400,4609.0,98.363247472579,38.57382253826628,26.012930546213
Sony,A7IV,1376,6400,4609.0,99.36732921955,38.96758008609804,26.057019656279
Sony,A7IV,1376,6400,4609.0,100.37141096652,39.36133763392941,26.100662360639
Sony,A7IV,1376,6400,4609.0,101.37549271349,39.75509518176079,26.14386757535
Sony,A7IV,1376,6400,4609.0,102.37957446046,40.14885272959216,26.186643951995
Sony,A7IV,1376,6400,4609.0,103.38365620743,40.54261027742353,26.228999888043
Sony,A7IV,1376,6400,4609.0,104.3877379544,40.9363678252549,26.270943536702
Sony,A7IV,1376,6400,4609.0,105.39181970137,41.330125373086275,26.312482816304
Sony,A7IV,1376,6400,4609.0,106.39590144834,41.723882920917646,26.353625419239
Sony,A7IV,1376,6400,4609.0,107.39998319532,42.117640468752946,26.394378820469
Sony,A7IV,1376,6400,4609.0,108.40406494229,42.511398016584316,26.434750285649
Sony,A7IV,1376,6400,4609.0,109.40814668926,42.90515556441568,26.474746878864
Sony,A7IV,1376,6400,4609.0,110.41222843623,43.29891311224706,26.514375470024
Sony,A7IV,1376,6400,4609.0,111.4163101832,43.692670660078434,26.553642741907
Sony,A7IV,1376,6400,4609.0,112.42039193017,44.086428207909805,26.592555196901
Sony,A7IV,1376,6400,4609.0,113.42447367714,44.480185755741175,26.631119163437
Sony,A7IV,1376,6400,4609.0,114.42855542411,44.87394330357255,26.669340802138
Sony,A7IV,1376,6400,4609.0,115.43263717108,45.26770085140392,26.7072261117
Sony,A7IV,1376,6400,4609.0,116.43671891805,45.66145839923529,26.744780934518
Sony,A7IV,1376,6400,4609.0,117.44080066502,46.05521594706667,26.782010962069
Sony,A7IV,1376,6400,4609.0,118.44488241199,46.44897349489804,26.818921740066
Sony,A7IV,1376,6400,4609.0,119.44896415896,46.842731042729405,26.855518673393
Sony,A7IV,1376,6400,4609.0,120.45304590593,47.23648859056078,26.891807030833
Sony,A7IV,1376,6400,4609.0,121.4571276529,47.63024613839216,26.9277919496
Sony,A7IV,1376,6400,4609.0,122.46120939987,48.02400368622353,26.963478439682
Sony,A7IV,1376,6400,4609.0,123.46529114685,48.41776123405882,26.998871388012
Sony,A7IV,1376,6400,4609.0,124.46937289382,48.81151878189019,27.033975562458
Sony,A7IV,1376,6400,4609.0,125.47345464079,49.20527632972156,27.068795615666
Sony,A7IV,1376,6400,4609.0,126.47753638776,49.59903387755294,27.103336088741
Sony,A7IV,1376,6400,4609.0,127.48161813473,49.99279142538431,27.137601414782
Sony,A7IV,1376,6400,4609.0,128.4856998817,50.38654897321568,27.171595922284
Sony,A7IV,1376,6400,4609.0,129.48978162867,50.78030652104706,27.205323838399
Sony,A7IV,1376,6400,4609.0,130.49386337564,51.17406406887842,27.238789292079
Sony,A7IV,1376,6400,4609.0,131.49794512261,51.5678216167098,27.271996317093
Sony,A7IV,1376,6400,4609.0,132.50202686958,51.96157916454117,27.304948854927
Sony,A7IV,1376,6400,4609.0,133.50610861655,52.35533671237255,27.337650757583
Sony,A7IV,1376,6400,4609.0,134.51019036352,52.74909426020392,27.370105790265
Sony,A7IV,1376,6400,4609.0,135.51427211049,53.142851808035296,27.402317633966
Sony,A7IV,1376,6400,4609.0,136.51835385746,53.53660935586667,27.434289887962
Sony,A7IV,1376,6400,4609.0,137.52243560443,53.93036690369804,27.466026072215
Sony,A7IV,1376,6400,4609.0,138.52651735141,54.324124451533336,27.497529629681
Sony,A7IV,1376,6400,4609.0,139.53059909838,54.717881999364714,27.528803928545
Sony,A7IV,1376,6400,4609.0,140.53468084535,55.11163954719608,27.559852264369
Sony,A7IV,1376,6400,4609.0,141.53876259232,55.505397095027455,27.590677862163
Sony,A7IV,1376,6400,4609.0,142.54284433929,55.899154642858825,27.621283878388
Sony,A7IV,1376,6400,4609.0,143.54692608626,56.29291219069019,27.651673402882
Sony,A7IV,1376,6400,4609.0,144.55100783323,56.686669738521566,27.681849460722
Sony,A7IV,1376,6400,4609.0,145.5550895802,57.08042728635294,27.711815014025
Sony,A7IV,1376,6400,4609.0,146.55917132717,57.47418483418431,27.741572963679
Sony,A7IV,1376,6400,4609.0,147.56325307414,57.86794238201568,27.771126151019
Sony,A7IV,1376,6400,4609.0,148.56733482111,58.261699929847055,27.800477359449
Sony,A7IV,1376,6400,4609.0,149.57141656808,58.65545747767843,27.829629316003
Sony,A7IV,1376,6400,4609.0,150.57549831505,59.0492150255098,27.858584692861
Sony,A7IV,1376,6400,4609.0,151.57958006202,59.44297257334118,27.887346108806
Sony,A7IV,1376,6400,4609.0,152.58366180899,59.83673012117256,27.915916130638
Sony,A7IV,1376,6400,4609.0,153.58774355596,60.23048766900392,27.944297274545
Sony,A7IV,1376,6400,4609.0,154.59182530294,60.62424521683922,27.972492007418
Sony,A7IV,1376,6400,4609.0,155.59590704991,61.018002764670584,28.000502748138
Sony,A7IV,1376,6400,4609.0,156.59998879688,61.41176031250196,28.028331868808
Sony,A7IV,1376,6400,4609.0,157.60407054385,61.80551786033334,28.055981695953
Sony,A7IV,1376,6400,4609.0,158.60815229082,62.1992754081647,28.083454511681
Sony,A7IV,1376,6400,4609.0,159.61223403779,62.59303295599607,28.110752554806
Sony,A7IV,1376,6400,4609.0,160.61631578476,62.98679050382745,28.137878021938
Sony,A7IV,1376,6400,4609.0,161.62039753173,63.38054805165883,28.164833068533
Sony,A7IV,1376,6400,4609.0,162.6244792787,63.77430559949019,28.191619809919
Sony,A7IV,1376,6400,4609.0,163.62856102567,64.16806314732156,28.218240322282
Sony,A7IV,1376,6400,4609.0,164.63264277264,64.56182069515293,28.244696643631
Sony,A7IV,1376,6400,4609.0,165.63672451961,64.95557824298432,28.270990774722
Sony,A7IV,1376,6400,4609.0,166.64080626658,65.34933579081569,28.297124679966
Sony,A7IV,1376,6400,4609.0,167.64488801355,65.74309333864706,28.3231002883
Sony,A7IV,1376,6400,4609.0,168.64896976052,66.13685088647844,28.348919494039
Sony,A7IV,1376,6400,4609.0,169.6530515075,66.53060843431373,28.374584157696
Sony,A7IV,1376,6400,4609.0,170.65713325447,66.9243659821451,28.400096106786
Sony,A7IV,1376,6400,4609.0,171.66121500144,67.31812352997648,28.425457136599
Sony,A7IV,1376,6400,4609.0,172.66529674841,67.71188107780783,28.450669010952
Sony,A7IV,1376,6400,4609.0,173.66937849538,68.10563862563922,28.475733462925
Sony,A7IV,1376,6400,4609.0,174.67346024235,68.49939617347059,28.500652195565
Sony,A7IV,1376,6400,4609.0,175.67754198932,68.89315372130196,28.525426882581
Sony,A7IV,1376,6400,4609.0,176.68162373629,69.28691126913333,28.550059169012
Sony,A7IV,1376,6400,4609.0,177.68570548326,69.68066881696471,28.574550671876
Sony,A7IV,1376,6400,4609.0,178.68978723023,70.07442636479607,28.598902980809
Sony,A7IV,1376,6400,4609.0,179.6938689772,70.46818391262745,28.623117658672
Sony,A7IV,1376,6400,4609.0,180.69795072417,70.86194146045882,28.647196242154
Sony,A7IV,1376,6400,4609.0,181.70203247114,71.2556990082902,28.671140242352
Sony,A7IV,1376,6400,4609.0,182.70611421811,71.64945655612158,28.694951145335
Sony,A7IV,1376,6400,4609.0,183.71019596508,72.04321410395295,28.718630412697
Sony,A7IV,1376,6400,4609.0,184.71427771206,72.43697165178824,28.742179482086
Sony,A7IV,1376,6400,4609.0,185.71835945903,72.83072919961961,28.76559976773
Sony,A7IV,1376,6400,4609.0,186.722441206,73.224486747451,28.788892660938
Sony,A7IV,1376,6400,4609.0,187.72652295297,73.61824429528234,28.812059530597
Sony,A7IV,1376,6400,4609.0,188.73060469994,74.01200184311372,28.835101723647
Sony,A7IV,1376,6400,4609.0,189.73468644691,74.4057593909451,28.858020565553
Sony,A7IV,1376,6400,4609.0,190.73876819388,74.79951693877646,28.880817360752
Sony,A7IV,1376,6400,4609.0,191.74284994085,75.19327448660785,28.903493393102
Sony,A7IV,1376,6400,4609.0,192.74693168782,75.58703203443922,28.926049926309
Sony,A7IV,1376,6400,4609.0,193.75101343479,75.98078958227059,28.948488204349
Sony,A7IV,1376,6400,4609.0,194.75509518176,76.37454713010196,28.970809451871
Sony,A7IV,1376,6400,4609.0,195.75917692873,76.76830467793333,28.993014874605
Sony,A7IV,1376,6400,4609.0,196.7632586757,77.1620622257647,29.01510565974
Sony,A7IV,1376,6400,4609.0,197.76734042267,77.55581977359608,29.037082976308
Sony,A7IV,1376,6400,4609.0,198.77142216964,77.94957732142745,29.05894797555
Sony,A7IV,1376,6400,4609.0,199.77550391662,78.34333486926275,29.080701791276
Sony,A7IV,1376,6400,4609.0,200.77958566359,78.73709241709412,29.102345540216
Sony,A7IV,1376,6400,4609.0,201.78366741056,79.1308499649255,29.123880322359
Sony,A7IV,1376,6400,4609.0,202.78774915753,79.52460751275686,29.145307221288
Sony,A7IV,1376,6400,4609.0,203.7918309045,79.91836506058823,29.166627304504
Sony,A7IV,1376,6400,4609.0,204.79591265147,80.3121226084196,29.187841623742
Sony,A7IV,1376,6400,4609.0,205.79999439844,80.70588015625097,29.208951215281
Sony,A7IV,1376,6400,4609.0,206.80407614541,81.09963770408235,29.229957100246
Sony,A7IV,1376,6400,4609.0,207.80815789238,81.49339525191373,29.250860284899
Sony,A7IV,1376,6400,4609.0,208.81223963935,81.8871527997451,29.271661760928
Sony,A7IV,1376,6400,4609.0,209.81632138632,82.28091034757648,29.29236250573
Sony,A7IV,1376,6400,4609.0,210.82040313329,82.67466789540784,29.312963482679
Sony,A7IV,1376,6400,4609.0,211.82448488026,83.0684254432392,29.333465641394
Sony,A7IV,1376,6400,4609.0,212.82856662723,83.46218299107059,29.353869918006
Sony,A7IV,1376,6400,4609.0,213.8326483742,83.85594053890196,29.374177235401
Sony,A7IV,1376,6400,4609.0,214.83673012117,84.24969808673333,29.39438850348
Sony,A7IV,1376,6400,4609.0,215.84081186815,84.64345563456862,29.414504619393
Sony,A7IV,1376,6400,4609.0,216.84489361512,85.0372131824,29.434526467782
Sony,A7IV,1376,6400,4609.0,217.84897536209,85.43097073023137,29.454454921009
Sony,A7IV,1376,6400,4609.0,218.85305710906,85.82472827806275,29.474290839381
Sony,A7IV,1376,6400,4609.0,219.85713885603,86.2184858258941,29.494035071378
Sony,A7IV,1376,6400,4609.0,220.861220603,86.61224337372548,29.513688453859
Sony,A7IV,1376,6400,4609.0,221.86530234997,87.00600092155686,29.533251812283
Sony,A7IV,1376,6400,4609.0,222.86938409694,87.39975846938823,29.552725960906
Sony,A7IV,1376,6400,4609.0,223.87346584391,87.7935160172196,29.572111702991
Sony,A7IV,1376,6400,4609.0,224.87754759088,88.18727356505099,29.591409830999
Sony,A7IV,1376,6400,4609.0,225.88162933785,88.58103111288236,29.610621126785
Sony,A7IV,1376,6400,4609.0,226.88571108482,88.97478866071373,29.629746361786
Sony,A7IV,1376,6400,4609.0,227.88979283179,89.3685462085451,29.648786297203
Sony,A7IV,1376,6400,4609.0,228.89387457876,89.76230375637647,29.667741684185
Sony,A7IV,1376,6400,4609.0,229.89795632573,90.15606130420785,29.686613264003
Sony,A7IV,1376,6400,4609.0,230.90203807271,90.54981885204315,29.70540176822
Sony,A7IV,1376,6400,4609.0,231.90611981968,90.9435763998745,29.724107918868
Sony,A7IV,1376,6400,4609.0,232.91020156665,91.33733394770587,29.742732428601
Sony,A7IV,1376,6400,4609.0,233.91428331362,91.73109149553726,29.761276000868
Sony,A7IV,1376,6400,4609.0,234.91836506059,92.12484904336863,29.779739330063
Sony,A7IV,1376,6400,4609.0,235.92244680756,92.5186065912,29.798123101685
Sony,A7IV,1376,6400,4609.0,236.92652855453,92.91236413903137,29.816427992485
Sony,A7IV,1376,6400,4609.0,237.9306103015,93.30612168686274,29.834654670617
Sony,A7IV,1376,6400,4609.0,238.93469204847,93.69987923469412,29.852803795782
Sony,A7IV,1376,6400,4609.0,239.93877379544,94.0936367825255,29.870876019369
Sony,A7IV,1376,6400,4609.0,240.94285554241,94.48739433035686,29.888871984598
Sony,A7IV,1376,6400,4609.0,241.94693728938,94.88115187818823,29.906792326651
Sony,A7IV,1376,6400,4609.0,242.95101903635,95.2749094260196,29.924637672808
Sony,A7IV,1376,6400,4609.0,243.95510078332,95.66866697385097,29.942408642578
Sony,A7IV,1376,6400,4609.0,244.95918253029,96.06242452168236,29.960105847824
Sony,A7IV,1376,6400,4609.0,245.96326427727,96.45618206951765,29.977729892893
Sony,A7IV,1376,6400,4609.0,246.96734602424,96.84993961734901,29.995281374733
Sony,A7IV,1376,6400,4609.0,247.97142777121,97.2436971651804,30.012760883019
Sony,A7IV,1376,6400,4609.0,248.97550951818,97.63745471301176,30.030169000265
Sony,A7IV,1376,6400,4609.0,249.97959126515,98.03121226084313,30.047506301945
Sony,A7IV,1376,6400,4609.0,250.98367301212,98.42496980867452,30.064773356601
Sony,A7IV,1376,6400,4609.0,251.98775475909,98.81872735650587,30.081970725958
Sony,A7IV,1376,6400,4609.0,252.99183650606,99.21248490433724,30.099098965029
Sony,A7IV,1376,6400,4609.0,253.99591825303,99.60624245216863,30.116158622225
Sony,A7IV,1376,6400,4609.0,255,100.0,30.133150239457
Sony,A7IV,1376,12800,9266.0,0.83016796321208,0.32555606400473724,0
Sony,A7IV,1376,12800,9266.0,1.6659419422693,0.6533105655958039,4.0481084482628
Sony,A7IV,1376,12800,9266.0,3.2709614179638,1.2827299678289412,7.5804839401723
Sony,A7IV,1376,12800,9266.0,4.9815237656639,1.953538731632902,9.6439136087138
Sony,A7IV,1376,12800,9266.0,11.008135486133,4.316915876914902,13.34971245151
Sony,A7IV,1376,12800,9266.0,12.012217233104,4.710673424746666,13.747527231551
Sony,A7IV,1376,12800,9266.0,13.016298980075,5.104430972578431,14.112066268819
Sony,A7IV,1376,12800,9266.0,14.020380727045,5.498188520409804,14.448454508346
Sony,A7IV,1376,12800,9266.0,15.024462474016,5.891946068241569,14.760719554458
Sony,A7IV,1376,12800,9266.0,16.028544220986,6.285703616072941,15.052083671939
Sony,A7IV,1376,12800,9266.0,17.032625967957,6.679461163904706,15.325164819686
Sony,A7IV,1376,12800,9266.0,18.036707714928,7.07321871173647,15.582118700906
Sony,A7IV,1376,12800,9266.0,19.040789461898,7.4669762595678435,15.824741429349
Sony,A7IV,1376,12800,9266.0,20.044871208869,7.860733807399608,16.05454521659
Sony,A7IV,1376,12800,9266.0,21.04895295584,8.254491355231373,16.272815157083
Sony,A7IV,1376,12800,9266.0,22.05303470281,8.648248903062743,16.480652502531
Sony,A7IV,1376,12800,9266.0,23.057116449781,9.042006450894508,16.679008105374
Sony,A7IV,1376,12800,9266.0,24.061198196752,9.435763998726273,16.868708593321
Sony,A7IV,1376,12800,9266.0,25.065279943722,9.829521546557647,17.05047709078
Sony,A7IV,1376,12800,9266.0,26.069361690693,10.223279094389412,17.224949795203
Sony,A7IV,1376,12800,9266.0,27.073443437664,10.617036642221176,17.392689364592
Sony,A7IV,1376,12800,9266.0,28.077525184634,11.010794190052549,17.554195824657
Sony,A7IV,1376,12800,9266.0,29.081606931605,11.404551737884313,17.709915527132
Sony,A7IV,1376,12800,9266.0,30.085688678575,11.798309285715685,17.860248562504
Sony,A7IV,1376,12800,9266.0,31.089770425546,12.19206683354745,18.005554936329
Sony,A7IV,1376,12800,9266.0,32.093852172517,12.585824381379219,18.146159748543
Sony,A7IV,1376,12800,9266.0,33.097933919487,12.979581929210587,18.282357562762
Sony,A7IV,1376,12800,9266.0,34.102015666458,13.373339477042354,18.41441611294
Sony,A7IV,1376,12800,9266.0,35.106097413429,13.767097024874117,18.542579464381
Sony,A7IV,1376,12800,9266.0,36.110179160399,14.160854572705489,18.667070722698
Sony,A7IV,1376,12800,9266.0,37.11426090737,14.554612120537255,18.788094366126
Sony,A7IV,1376,12800,9266.0,38.118342654341,14.948369668369018,18.905838262305
Sony,A7IV,1376,12800,9266.0,39.122424401311,15.342127216200394,19.020475419393
Sony,A7IV,1376,12800,9266.0,40.126506148282,15.735884764032157,19.132165512412
Sony,A7IV,1376,12800,9266.0,41.130587895253,16.129642311863922,19.241056218587
Sony,A7IV,1376,12800,9266.0,42.134669642223,16.523399859695296,19.347284389627
Sony,A7IV,1376,12800,9266.0,43.138751389194,16.917157407527057,19.450977084295
Sony,A7IV,1376,12800,9266.0,44.142833136165,17.310914955358825,19.552252480753
Sony,A7IV,1376,12800,9266.0,45.146914883135,17.704672503190196,19.651220685114
Sony,A7IV,1376,12800,9266.0,46.150996630106,18.09843005102196,19.74798445003
Sony,A7IV,1376,12800,9266.0,47.155078377076,18.492187598853334,19.842639815092
Sony,A7IV,1376,12800,9266.0,48.159160124047,18.8859451466851,19.935276679001
Sony,A7IV,1376,12800,9266.0,49.163241871018,19.279702694516864,20.025979312076
Sony,A7IV,1376,12800,9266.0,50.167323617988,19.673460242348238,20.114826816391
Sony,A7IV,1376,12800,9266.0,51.171405364959,20.06721779018,20.201893539846
Sony,A7IV,1376,12800,9266.0,52.17548711193,20.460975338011767,20.287249449586
Sony,A7IV,1376,12800,9266.0,53.1795688589,20.854732885843134,20.370960469478
Sony,A7IV,1376,12800,9266.0,54.183650605871,21.248490433674903,20.453088785704
Sony,A7IV,1376,12800,9266.0,55.187732352842,21.642247981506664,20.53369312402
Sony,A7IV,1376,12800,9266.0,56.191814099812,22.03600552933804,20.612829001792
Sony,A7IV,1376,12800,9266.0,57.195895846783,22.429763077169806,20.690548957482
Sony,A7IV,1376,12800,9266.0,58.199977593754,22.823520625001567,20.766902759997
Sony,A7IV,1376,12800,9266.0,59.204059340724,23.21727817283294,20.841937599953
Sony,A7IV,1376,12800,9266.0,60.208141087695,23.611035720664706,20.915698264723
Sony,A7IV,1376,12800,9266.0,61.212222834666,24.00479326849647,20.98822729887
Sony,A7IV,1376,12800,9266.0,62.216304581636,24.398550816327845,21.059565151418
Sony,A7IV,1376,12800,9266.0,63.220386328607,24.792308364159606,21.129750311235
Sony,A7IV,1376,12800,9266.0,64.224468075578,25.186065911991374,21.19881943165
Sony,A7IV,1376,12800,9266.0,65.228549822548,25.579823459822748,21.266807445334
Sony,A7IV,1376,12800,9266.0,66.232631569519,25.973581007654513,21.33374767032
Sony,A7IV,1376,12800,9266.0,67.236713316489,26.36733855548588,21.399671907993
Sony,A7IV,1376,12800,9266.0,68.24079506346,26.761096103317644,21.464610533755
Sony,A7IV,1376,12800,9266.0,69.244876810431,27.15485365114941,21.528592581012
Sony,A7IV,1376,12800,9266.0,70.248958557401,27.548611198980783,21.591645819073
Sony,A7IV,1376,12800,9266.0,71.253040304372,27.94236874681255,21.653796825476
Sony,A7IV,1376,12800,9266.0,72.257122051343,28.336126294644316,21.715071053214
Sony,A7IV,1376,12800,9266.0,73.261203798313,28.72988384247569,21.775492893291
Sony,A7IV,1376,12800,9266.0,74.265285545284,29.123641390307455,21.835085732981
Sony,A7IV,1376,12800,9266.0,75.269367292255,29.517398938139216,21.893872010155
Sony,A7IV,1376,12800,9266.0,76.273449039225,29.911156485970587,21.951873263976
Sony,A7IV,1376,12800,9266.0,77.277530786196,30.304914033802348,22.009110182256
Sony,A7IV,1376,12800,9266.0,78.281612533166,30.698671581633725,22.065602645739
Sony,A7IV,1376,12800,9266.0,79.285694280137,31.092429129465486,22.121369769534
Sony,A7IV,1376,12800,9266.0,80.289776027108,31.486186677297255,22.176429941932
Sony,A7IV,1376,12800,9266.0,81.293857774078,31.879944225128632,22.230800860785
Sony,A7IV,1376,12800,9266.0,82.297939521049,32.27370177296039,22.284499567645
Sony,A7IV,1376,12800,9266.0,83.30202126802,32.66745932079216,22.337542479817
Sony,A7IV,1376,12800,9266.0,84.30610301499,33.061216868623525,22.389945420472
Sony,A7IV,1376,12800,9266.0,85.310184761961,33.45497441645529,22.441723646978
Sony,A7IV,1376,12800,9266.0,86.314266508932,33.848731964287055,22.492891877552
Sony,A7IV,1376,12800,9266.0,87.318348255902,34.24248951211843,22.543464316367
Sony,A7IV,1376,12800,9266.0,88.322430002873,34.6362470599502,22.593454677213
Sony,A7IV,1376,12800,9266.0,89.326511749844,35.03000460778196,22.642876205808
Sony,A7IV,1376,12800,9266.0,90.330593496814,35.42376215561334,22.691741700863
Sony,A7IV,1376,12800,9266.0,91.334675243785,35.8175197034451,22.740063533969
Sony,A7IV,1376,12800,9266.0,92.338756990755,36.21127725127647,22.787853668391
Sony,A7IV,1376,12800,9266.0,93.342838737726,36.60503479910823,22.835123676839
Sony,A7IV,1376,12800,9266.0,94.346920484697,36.99879234693999,22.881884758289
Sony,A7IV,1376,12800,9266.0,95.351002231667,37.39254989477137,22.928147753898
Sony,A7IV,1376,12800,9266.0,96.355083978638,37.78630744260314,22.973923162089
Sony,A7IV,1376,12800,9266.0,97.359165725609,38.1800649904349,23.019221152847
Sony,A7IV,1376,12800,9266.0,98.363247472579,38.57382253826628,23.064051581272
Sony,A7IV,1376,12800,9266.0,99.36732921955,38.96758008609804,23.108424000452
Sony,A7IV,1376,12800,9266.0,100.37141096652,39.36133763392941,23.152347673673
Sony,A7IV,1376,12800,9266.0,101.37549271349,39.75509518176079,23.195831586022
Sony,A7IV,1376,12800,9266.0,102.37957446046,40.14885272959216,23.238884455422
Sony,A7IV,1376,12800,9266.0,103.38365620743,40.54261027742353,23.281514743113
Sony,A7IV,1376,12800,9266.0,104.3877379544,40.9363678252549,23.323730663631
Sony,A7IV,1376,12800,9266.0,105.39181970137,41.330125373086275,23.365540194311
Sony,A7IV,1376,12800,9266.0,106.39590144834,41.723882920917646,23.406951084327
Sony,A7IV,1376,12800,9266.0,107.39998319532,42.117640468752946,23.447970863312
Sony,A7IV,1376,12800,9266.0,108.40406494229,42.511398016584316,23.488606849573
Sony,A7IV,1376,12800,9266.0,109.40814668926,42.90515556441568,23.528866157925
Sony,A7IV,1376,12800,9266.0,110.41222843623,43.29891311224706,23.568755707168
Sony,A7IV,1376,12800,9266.0,111.4163101832,43.692670660078434,23.608282227216
Sony,A7IV,1376,12800,9266.0,112.42039193017,44.086428207909805,23.647452265917
Sony,A7IV,1376,12800,9266.0,113.42447367714,44.480185755741175,23.686272195558
Sony,A7IV,1376,12800,9266.0,114.42855542411,44.87394330357255,23.724748219083
Sony,A7IV,1376,12800,9266.0,115.43263717108,45.26770085140392,23.762886376044
Sony,A7IV,1376,12800,9266.0,116.43671891805,45.66145839923529,23.800692548291
Sony,A7IV,1376,12800,9266.0,117.44080066502,46.05521594706667,23.838172465407
Sony,A7IV,1376,12800,9266.0,118.44488241199,46.44897349489804,23.875331709928
Sony,A7IV,1376,12800,9266.0,119.44896415896,46.842731042729405,23.912175722325
Sony,A7IV,1376,12800,9266.0,120.45304590593,47.23648859056078,23.948709805789
Sony,A7IV,1376,12800,9266.0,121.4571276529,47.63024613839216,23.984939130804
Sony,A7IV,1376,12800,9266.0,122.46120939987,48.02400368622353,24.020868739547
Sony,A7IV,1376,12800,9266.0,123.46529114685,48.41776123405882,24.056503550089
Sony,A7IV,1376,12800,9266.0,124.46937289382,48.81151878189019,24.091848360444
Sony,A7IV,1376,12800,9266.0,125.47345464079,49.20527632972156,24.126907852436
Sony,A7IV,1376,12800,9266.0,126.47753638776,49.59903387755294,24.161686595426
Sony,A7IV,1376,12800,9266.0,127.48161813473,49.99279142538431,24.196189049885
Sony,A7IV,1376,12800,9266.0,128.4856998817,50.38654897321568,24.230419570824
Sony,A7IV,1376,12800,9266.0,129.48978162867,50.78030652104706,24.264382411094
Sony,A7IV,1376,12800,9266.0,130.49386337564,51.17406406887842,24.298081724556
Sony,A7IV,1376,12800,9266.0,131.49794512261,51.5678216167098,24.331521569131
Sony,A7IV,1376,12800,9266.0,132.50202686958,51.96157916454117,24.364705909727
Sony,A7IV,1376,12800,9266.0,133.50610861655,52.35533671237255,24.397638621068
Sony,A7IV,1376,12800,9266.0,134.51019036352,52.74909426020392,24.430323490399
Sony,A7IV,1376,12800,9266.0,135.51427211049,53.142851808035296,24.462764220108
Sony,A7IV,1376,12800,9266.0,136.51835385746,53.53660935586667,24.494964430237
Sony,A7IV,1376,12800,9266.0,137.52243560443,53.93036690369804,24.526927660907
Sony,A7IV,1376,12800,9266.0,138.52651735141,54.324124451533336,24.558657374654
Sony,A7IV,1376,12800,9266.0,139.53059909838,54.717881999364714,24.590156958681
Sony,A7IV,1376,12800,9266.0,140.53468084535,55.11163954719608,24.621429727024
Sony,A7IV,1376,12800,9266.0,141.53876259232,55.505397095027455,24.652478922646
Sony,A7IV,1376,12800,9266.0,142.54284433929,55.899154642858825,24.683307719458
Sony,A7IV,1376,12800,9266.0,143.54692608626,56.29291219069019,24.713919224258
Sony,A7IV,1376,12800,9266.0,144.55100783323,56.686669738521566,24.744316478617
Sony,A7IV,1376,12800,9266.0,145.5550895802,57.08042728635294,24.77450246069
Sony,A7IV,1376,12800,9266.0,146.55917132717,57.47418483418431,24.804480086964
Sony,A7IV,1376,12800,9266.0,147.56325307414,57.86794238201568,24.834252213954
Sony,A7IV,1376,12800,9266.0,148.56733482111,58.261699929847055,24.863821639831
Sony,A7IV,1376,12800,9266.0,149.57141656808,58.65545747767843,24.893191106002
Sony,A7IV,1376,12800,9266.0,150.57549831505,59.0492150255098,24.922363298637
Sony,A7IV,1376,12800,9266.0,151.57958006202,59.44297257334118,24.951340850141
Sony,A7IV,1376,12800,9266.0,152.58366180899,59.83673012117256,24.980126340579
Sony,A7IV,1376,12800,9266.0,153.58774355596,60.23048766900392,25.008722299054
Sony,A7IV,1376,12800,9266.0,154.59182530294,60.62424521683922,25.037131205043
Sony,A7IV,1376,12800,9266.0,155.59590704991,61.018002764670584,25.065355489685
Sony,A7IV,1376,12800,9266.0,156.59998879688,61.41176031250196,25.093397537029
Sony,A7IV,1376,12800,9266.0,157.60407054385,61.80551786033334,25.121259685244
Sony,A7IV,1376,12800,9266.0,158.60815229082,62.1992754081647,25.148944227785
Sony,A7IV,1376,12800,9266.0,159.61223403779,62.59303295599607,25.176453414532
Sony,A7IV,1376,12800,9266.0,160.61631578476,62.98679050382745,25.20378945288
Sony,A7IV,1376,12800,9266.0,161.62039753173,63.38054805165883,25.230954508808
Sony,A7IV,1376,12800,9266.0,162.6244792787,63.77430559949019,25.257950707905
Sony,A7IV,1376,12800,9266.0,163.62856102567,64.16806314732156,25.284780136368
Sony,A7IV,1376,12800,9266.0,164.63264277264,64.56182069515293,25.311444841971
Sony,A7IV,1376,12800,9266.0,165.63672451961,64.95557824298432,25.337946835004
Sony,A7IV,1376,12800,9266.0,166.64080626658,65.34933579081569,25.364288089177
Sony,A7IV,1376,12800,9266.0,167.64488801355,65.74309333864706,25.390470542508
Sony,A7IV,1376,12800,9266.0,168.64896976052,66.13685088647844,25.416496098174
Sony,A7IV,1376,12800,9266.0,169.6530515075,66.53060843431373,25.442366625346
Sony,A7IV,1376,12800,9266.0,170.65713325447,66.9243659821451,25.468083959988
Sony,A7IV,1376,12800,9266.0,171.66121500144,67.31812352997648,25.493649905645
Sony,A7IV,1376,12800,9266.0,172.66529674841,67.71188107780783,25.519066234198
Sony,A7IV,1376,12800,9266.0,173.66937849538,68.10563862563922,25.544334686601
Sony,A7IV,1376,12800,9266.0,174.67346024235,68.49939617347059,25.569456973601
Sony,A7IV,1376,12800,9266.0,175.67754198932,68.89315372130196,25.594434776425
Sony,A7IV,1376,12800,9266.0,176.68162373629,69.28691126913333,25.619269747463
Sony,A7IV,1376,12800,9266.0,177.68570548326,69.68066881696471,25.643963510919
Sony,A7IV,1376,12800,9266.0,178.68978723023,70.07442636479607,25.66851766345
Sony,A7IV,1376,12800,9266.0,179.6938689772,70.46818391262745,25.692933774786
Sony,A7IV,1376,12800,9266.0,180.69795072417,70.86194146045882,25.71721338833
Sony,A7IV,1376,12800,9266.0,181.70203247114,71.2556990082902,25.741358021747
Sony,A7IV,1376,12800,9266.0,182.70611421811,71.64945655612158,25.765369167527
Sony,A7IV,1376,12800,9266.0,183.71019596508,72.04321410395295,25.789248293547
Sony,A7IV,1376,12800,9266.0,184.71427771206,72.43697165178824,25.812996843602
Sony,A7IV,1376,12800,9266.0,185.71835945903,72.83072919961961,25.836616237933
Sony,A7IV,1376,12800,9266.0,186.722441206,73.224486747451,25.860107873736
Sony,A7IV,1376,12800,9266.0,187.72652295297,73.61824429528234,25.883473125654
Sony,A7IV,1376,12800,9266.0,188.73060469994,74.01200184311372,25.906713346268
Sony,A7IV,1376,12800,9266.0,189.73468644691,74.4057593909451,25.929829866557
Sony,A7IV,1376,12800,9266.0,190.73876819388,74.79951693877646,25.952823996362
Sony,A7IV,1376,12800,9266.0,191.74284994085,75.19327448660785,25.975697024831
Sony,A7IV,1376,12800,9266.0,192.74693168782,75.58703203443922,25.998450220848
Sony,A7IV,1376,12800,9266.0,193.75101343479,75.98078958227059,26.02108483346
Sony,A7IV,1376,12800,9266.0,194.75509518176,76.37454713010196,26.043602092288
Sony,A7IV,1376,12800,9266.0,195.75917692873,76.76830467793333,26.066003207924
Sony,A7IV,1376,12800,9266.0,196.7632586757,77.1620622257647,26.088289372325
Sony,A7IV,1376,12800,9266.0,197.76734042267,77.55581977359608,26.110461759195
Sony,A7IV,1376,12800,9266.0,198.77142216964,77.94957732142745,26.13252152435
Sony,A7IV,1376,12800,9266.0,199.77550391662,78.34333486926275,26.154469806086
Sony,A7IV,1376,12800,9266.0,200.77958566359,78.73709241709412,26.176307725526
Sony,A7IV,1376,12800,9266.0,201.78366741056,79.1308499649255,26.198036386968
Sony,A7IV,1376,12800,9266.0,202.78774915753,79.52460751275686,26.219656878219
Sony,A7IV,1376,12800,9266.0,203.7918309045,79.91836506058823,26.241170270917
Sony,A7IV,1376,12800,9266.0,204.79591265147,80.3121226084196,26.262577620857
Sony,A7IV,1376,12800,9266.0,205.79999439844,80.70588015625097,26.283879968299
Sony,A7IV,1376,12800,9266.0,206.80407614541,81.09963770408235,26.305078338268
Sony,A7IV,1376,12800,9266.0,207.80815789238,81.49339525191373,26.326173740855
Sony,A7IV,1376,12800,9266.0,208.81223963935,81.8871527997451,26.347167171502
Sony,A7IV,1376,12800,9266.0,209.81632138632,82.28091034757648,26.368059611287
Sony,A7IV,1376,12800,9266.0,210.82040313329,82.67466789540784,26.388852027196
Sony,A7IV,1376,12800,9266.0,211.82448488026,83.0684254432392,26.409545372395
Sony,A7IV,1376,12800,9266.0,212.82856662723,83.46218299107059,26.430140586488
Sony,A7IV,1376,12800,9266.0,213.8326483742,83.85594053890196,26.450638595776
Sony,A7IV,1376,12800,9266.0,214.83673012117,84.24969808673333,26.471040313506
Sony,A7IV,1376,12800,9266.0,215.84081186815,84.64345563456862,26.491346640117
Sony,A7IV,1376,12800,9266.0,216.84489361512,85.0372131824,26.511558463474
Sony,A7IV,1376,12800,9266.0,217.84897536209,85.43097073023137,26.531676659105
Sony,A7IV,1376,12800,9266.0,218.85305710906,85.82472827806275,26.551702090428
Sony,A7IV,1376,12800,9266.0,219.85713885603,86.2184858258941,26.571635608971
Sony,A7IV,1376,12800,9266.0,220.861220603,86.61224337372548,26.591478054592
Sony,A7IV,1376,12800,9266.0,221.86530234997,87.00600092155686,26.61123025569
Sony,A7IV,1376,12800,9266.0,222.86938409694,87.39975846938823,26.630893029411
Sony,A7IV,1376,12800,9266.0,223.87346584391,87.7935160172196,26.650467181856
Sony,A7IV,1376,12800,9266.0,224.87754759088,88.18727356505099,26.669953508272
Sony,A7IV,1376,12800,9266.0,225.88162933785,88.58103111288236,26.689352793251
Sony,A7IV,1376,12800,9266.0,226.88571108482,88.97478866071373,26.70866581092
Sony,A7IV,1376,12800,9266.0,227.88979283179,89.3685462085451,26.727893325122
Sony,A7IV,1376,12800,9266.0,228.89387457876,89.76230375637647,26.7470360896
Sony,A7IV,1376,12800,9266.0,229.89795632573,90.15606130420785,26.766094848176
Sony,A7IV,1376,12800,9266.0,230.90203807271,90.54981885204315,26.78507033492
Sony,A7IV,1376,12800,9266.0,231.90611981968,90.9435763998745,26.803963274325
Sony,A7IV,1376,12800,9266.0,232.91020156665,91.33733394770587,26.822774381467
Sony,A7IV,1376,12800,9266.0,233.91428331362,91.73109149553726,26.841504362173
Sony,A7IV,1376,12800,9266.0,234.91836506059,92.12484904336863,26.860153913176
Sony,A7IV,1376,12800,9266.0,235.92244680756,92.5186065912,26.878723722272
Sony,A7IV,1376,12800,9266.0,236.92652855453,92.91236413903137,26.897214468473
Sony,A7IV,1376,12800,9266.0,237.9306103015,93.30612168686274,26.915626822154
Sony,A7IV,1376,12800,9266.0,238.93469204847,93.69987923469412,26.9339614452
Sony,A7IV,1376,12800,9266.0,239.93877379544,94.0936367825255,26.95221899115
Sony,A7IV,1376,12800,9266.0,240.94285554241,94.48739433035686,26.970400105333
Sony,A7IV,1376,12800,9266.0,241.94693728938,94.88115187818823,26.988505425011
Sony,A7IV,1376,12800,9266.0,242.95101903635,95.2749094260196,27.006535579505
Sony,A7IV,1376,12800,9266.0,243.95510078332,95.66866697385097,27.024491190334
Sony,A7IV,1376,12800,9266.0,244.95918253029,96.06242452168236,27.042372871337
Sony,A7IV,1376,12800,9266.0,245.96326427727,96.45618206951765,27.060181228806
Sony,A7IV,1376,12800,9266.0,246.96734602424,96.84993961734901,27.077916861602
Sony,A7IV,1376,12800,9266.0,247.97142777121,97.2436971651804,27.09558036128
Sony,A7IV,1376,12800,9266.0,248.97550951818,97.63745471301176,27.113172312207
Sony,A7IV,1376,12800,9266.0,249.97959126515,98.03121226084313,27.130693291678
Sony,A7IV,1376,12800,9266.0,250.98367301212,98.42496980867452,27.148143870029
Sony,A7IV,1376,12800,9266.0,251.98775475909,98.81872735650587,27.165524610748
Sony,A7IV,1376,12800,9266.0,252.99183650606,99.21248490433724,27.182836070585
Sony,A7IV,1376,12800,9266.0,253.99591825303,99.60624245216863,27.200078799659
Sony,A7IV,1376,12800,9266.0,255,100.0,27.217253341563
Sony,A7IV,1376,25600,18874.0,1.6659419422693,0.6533105655958039,0
Sony,A7IV,1376,25600,18874.0,3.2709614179638,1.2827299678289412,3.9157488374326
Sony,A7IV,1376,25600,18874.0,4.9815237656639,1.953538731632902,6.1560174680556
Sony,A7IV,1376,25600,18874.0,11.008135486133,4.316915876914902,10.079111357143
Sony,A7IV,1376,25600,18874.0,12.012217233104,4.710673424746666,10.493381887386
Sony,A7IV,1376,25600,18874.0,13.016298980075,5.104430972578431,10.871998644298
Sony,A7IV,1376,25600,18874.0,14.020380727045,5.498188520409804,11.220567373239
Sony,A7IV,1376,25600,18874.0,15.024462474016,5.891946068241569,11.543475035555
Sony,A7IV,1376,25600,18874.0,16.028544220986,6.285703616072941,11.844217879369
Sony,A7IV,1376,25600,18874.0,17.032625967957,6.679461163904706,12.125626407072
Sony,A7IV,1376,25600,18874.0,18.036707714928,7.07321871173647,12.390023734644
Sony,A7IV,1376,25600,18874.0,19.040789461898,7.4669762595678435,12.639339633488
Sony,A7IV,1376,25600,18874.0,20.044871208869,7.860733807399608,12.875194317435
Sony,A7IV,1376,25600,18874.0,21.04895295584,8.254491355231373,13.098961101933
Sony,A7IV,1376,25600,18874.0,22.05303470281,8.648248903062743,13.311814009165
Sony,A7IV,1376,25600,18874.0,23.057116449781,9.042006450894508,13.514764452212
Sony,A7IV,1376,25600,18874.0,24.061198196752,9.435763998726273,13.708689867396
Sony,A7IV,1376,25600,18874.0,25.065279943722,9.829521546557647,13.894356322772
Sony,A7IV,1376,25600,18874.0,26.069361690693,10.223279094389412,14.072436559667
Sony,A7IV,1376,25600,18874.0,27.073443437664,10.617036642221176,14.243524529571
Sony,A7IV,1376,25600,18874.0,28.077525184634,11.010794190052549,14.408147211568
Sony,A7IV,1376,25600,18874.0,29.081606931605,11.404551737884313,14.566774297873
Sony,A7IV,1376,25600,18874.0,30.085688678575,11.798309285715685,14.719826192297
Sony,A7IV,1376,25600,18874.0,31.089770425546,12.19206683354745,14.867680661932
Sony,A7IV,1376,25600,18874.0,32.093852172517,12.585824381379219,15.010678404964
Sony,A7IV,1376,25600,18874.0,33.097933919487,12.979581929210587,15.149127739602
Sony,A7IV,1376,25600,18874.0,34.102015666458,13.373339477042354,15.283308575315
Sony,A7IV,1376,25600,18874.0,35.106097413429,13.767097024874117,15.413475794128
Sony,A7IV,1376,25600,18874.0,36.110179160399,14.160854572705489,15.539862144
Sony,A7IV,1376,25600,18874.0,37.11426090737,14.554612120537255,15.662680726298
Sony,A7IV,1376,25600,18874.0,38.118342654341,14.948369668369018,15.782127143788
Sony,A7IV,1376,25600,18874.0,39.122424401311,15.342127216200394,15.898381363184
Sony,A7IV,1376,25600,18874.0,40.126506148282,15.735884764032157,16.01160933657
Sony,A7IV,1376,25600,18874.0,41.130587895253,16.129642311863922,16.121964418166
Sony,A7IV,1376,25600,18874.0,42.134669642223,16.523399859695296,16.229588606653
Sony,A7IV,1376,25600,18874.0,43.138751389194,16.917157407527057,16.334613638182
Sony,A7IV,1376,25600,18874.0,44.142833136165,17.310914955358825,16.43716195108
Sony,A7IV,1376,25600,18874.0,45.146914883135,17.704672503190196,16.537347539906
Sony,A7IV,1376,25600,18874.0,46.150996630106,18.09843005102196,16.635276713723
Sony,A7IV,1376,25600,18874.0,47.155078377076,18.492187598853334,16.731048771191
Sony,A7IV,1376,25600,18874.0,48.159160124047,18.8859451466851,16.824756603184
Sony,A7IV,1376,25600,18874.0,49.163241871018,19.279702694516864,16.916487232064
Sony,A7IV,1376,25600,18874.0,50.167323617988,19.673460242348238,17.00632229544
Sony,A7IV,1376,25600,18874.0,51.171405364959,20.06721779018,17.094338481115
Sony,A7IV,1376,25600,18874.0,52.17548711193,20.460975338011767,17.180607919021
Sony,A7IV,1376,25600,18874.0,53.1795688589,20.854732885843134,17.265198535137
Sony,A7IV,1376,25600,18874.0,54.183650605871,21.248490433674903,17.348174371734
Sony,A7IV,1376,25600,18874.0,55.187732352842,21.642247981506664,17.429595877711
Sony,A7IV,1376,25600,18874.0,56.191814099812,22.03600552933804,17.509520172319
Sony,A7IV,1376,25600,18874.0,57.195895846783,22.429763077169806,17.588001285136
Sony,A7IV,1376,25600,18874.0,58.199977593754,22.823520625001567,17.665090374819
Sony,A7IV,1376,25600,18874.0,59.204059340724,23.21727817283294,17.740835928847
Sony,A7IV,1376,25600,18874.0,60.208141087695,23.611035720664706,17.815283946194
Sony,A7IV,1376,25600,18874.0,61.212222834666,24.00479326849647,17.888478104662
Sony,A7IV,1376,25600,18874.0,62.216304581636,24.398550816327845,17.960459914382
Sony,A7IV,1376,25600,18874.0,63.220386328607,24.792308364159606,18.031268858849
Sony,A7IV,1376,25600,18874.0,64.224468075578,25.186065911991374,18.100942524664
Sony,A7IV,1376,25600,18874.0,65.228549822548,25.579823459822748,18.16951672107
Sony,A7IV,1376,25600,18874.0,66.232631569519,25.973581007654513,18.237025590224
Sony,A7IV,1376,25600,18874.0,67.236713316489,26.36733855548588,18.303501709043
Sony,A7IV,1376,25600,18874.0,68.24079506346,26.761096103317644,18.368976183398
Sony,A7IV,1376,25600,18874.0,69.244876810431,27.15485365114941,18.433478735335
Sony,A7IV,1376,25600,18874.0,70.248958557401,27.548611198980783,18.497037783916
Sony,A7IV,1376,25600,18874.0,71.253040304372,27.94236874681255,18.559680520261
Sony,A7IV,1376,25600,18874.0,72.257122051343,28.336126294644316,18.62143297725
Sony,A7IV,1376,25600,18874.0,73.261203798313,28.72988384247569,18.682320094361
Sony,A7IV,1376,25600,18874.0,74.265285545284,29.123641390307455,18.742365778032
Sony,A7IV,1376,25600,18874.0,75.269367292255,29.517398938139216,18.801592957918
Sony,A7IV,1376,25600,18874.0,76.273449039225,29.911156485970587,18.860023639363
Sony,A7IV,1376,25600,18874.0,77.277530786196,30.304914033802348,18.917678952411
Sony,A7IV,1376,25600,18874.0,78.281612533166,30.698671581633725,18.974579197597
Sony,A7IV,1376,25600,18874.0,79.285694280137,31.092429129465486,19.030743888795
Sony,A7IV,1376,25600,18874.0,80.289776027108,31.486186677297255,19.086191793327
Sony,A7IV,1376,25600,18874.0,81.293857774078,31.879944225128632,19.140940969556
Sony,A7IV,1376,25600,18874.0,82.297939521049,32.27370177296039,19.195008802136
Sony,A7IV,1376,25600,18874.0,83.30202126802,32.66745932079216,19.248412035103
Sony,A7IV,1376,25600,18874.0,84.30610301499,33.061216868623525,19.301166802961
Sony,A7IV,1376,25600,18874.0,85.310184761961,33.45497441645529,19.353288659899
Sony,A7IV,1376,25600,18874.0,86.314266508932,33.848731964287055,19.404792607287
Sony,A7IV,1376,25600,18874.0,87.318348255902,34.24248951211843,19.455693119556
Sony,A7IV,1376,25600,18874.0,88.322430002873,34.6362470599502,19.506004168586
Sony,A7IV,1376,25600,18874.0,89.326511749844,35.03000460778196,19.555739246696
Sony,A7IV,1376,25600,18874.0,90.330593496814,35.42376215561334,19.60491138834
Sony,A7IV,1376,25600,18874.0,91.334675243785,35.8175197034451,19.653533190582
Sony,A7IV,1376,25600,18874.0,92.338756990755,36.21127725127647,19.701616832448
Sony,A7IV,1376,25600,18874.0,93.342838737726,36.60503479910823,19.749174093216
Sony,A7IV,1376,25600,18874.0,94.346920484697,36.99879234693999,19.796216369711
Sony,A7IV,1376,25600,18874.0,95.351002231667,37.39254989477137,19.842754692688
Sony,A7IV,1376,25600,18874.0,96.355083978638,37.78630744260314,19.888799742334
Sony,A7IV,1376,25600,18874.0,97.359165725609,38.1800649904349,19.934361862967
Sony,A7IV,1376,25600,18874.0,98.363247472579,38.57382253826628,19.979451076968
Sony,A7IV,1376,25600,18874.0,99.36732921955,38.96758008609804,20.024077098002
Sony,A7IV,1376,25600,18874.0,100.37141096652,39.36133763392941,20.068249343562
Sony,A7IV,1376,25600,18874.0,101.37549271349,39.75509518176079,20.111976946889
Sony,A7IV,1376,25600,18874.0,102.37957446046,40.14885272959216,20.155268768293
Sony,A7IV,1376,25600,18874.0,103.38365620743,40.54261027742353,20.198133405921
Sony,A7IV,1376,25600,18874.0,104.3877379544,40.9363678252549,20.24057920599
Sony,A7IV,1376,25600,18874.0,105.39181970137,41.330125373086275,20.282614272541
Sony,A7IV,1376,25600,18874.0,106.39590144834,41.723882920917646,20.324246476708
Sony,A7IV,1376,25600,18874.0,107.39998319532,42.117640468752946,20.365483465564
Sony,A7IV,1376,25600,18874.0,108.40406494229,42.511398016584316,20.406332670538
Sony,A7IV,1376,25600,18874.0,109.40814668926,42.90515556441568,20.446801315448
Sony,A7IV,1376,25600,18874.0,110.41222843623,43.29891311224706,20.486896424162
Sony,A7IV,1376,25600,18874.0,111.4163101832,43.692670660078434,20.526624827909
Sony,A7IV,1376,25600,18874.0,112.42039193017,44.086428207909805,20.565993172256
Sony,A7IV,1376,25600,18874.0,113.42447367714,44.480185755741175,20.605007923776
Sony,A7IV,1376,25600,18874.0,114.42855542411,44.87394330357255,20.643675376418
Sony,A7IV,1376,25600,18874.0,115.43263717108,45.26770085140392,20.682001657595
Sony,A7IV,1376,25600,18874.0,116.43671891805,45.66145839923529,20.719992734009
Sony,A7IV,1376,25600,18874.0,117.44080066502,46.05521594706667,20.757654417218
Sony,A7IV,1376,25600,18874.0,118.44488241199,46.44897349489804,20.79499236897
Sony,A7IV,1376,25600,18874.0,119.44896415896,46.842731042729405,20.832012106307
Sony,A7IV,1376,25600,18874.0,120.45304590593,47.23648859056078,20.868719006455
Sony,A7IV,1376,25600,18874.0,121.4571276529,47.63024613839216,20.905118311506
Sony,A7IV,1376,25600,18874.0,122.46120939987,48.02400368622353,20.941215132907
Sony,A7IV,1376,25600,18874.0,123.46529114685,48.41776123405882,20.977014455768
Sony,A7IV,1376,25600,18874.0,124.46937289382,48.81151878189019,21.012521142989
Sony,A7IV,1376,25600,18874.0,125.47345464079,49.20527632972156,21.047739939222
Sony,A7IV,1376,25600,18874.0,126.47753638776,49.59903387755294,21.082675474672
Sony,A7IV,1376,25600,18874.0,127.48161813473,49.99279142538431,21.117332268751
Sony,A7IV,1376,25600,18874.0,128.4856998817,50.38654897321568,21.151714733581
Sony,A7IV,1376,25600,18874.0,129.48978162867,50.78030652104706,21.185827177366
Sony,A7IV,1376,25600,18874.0,130.49386337564,51.17406406887842,21.219673807625
Sony,A7IV,1376,25600,18874.0,131.49794512261,51.5678216167098,21.253258734311
Sony,A7IV,1376,25600,18874.0,132.50202686958,51.96157916454117,21.286585972799
Sony,A7IV,1376,25600,18874.0,133.50610861655,52.35533671237255,21.319659446768
Sony,A7IV,1376,25600,18874.0,134.51019036352,52.74909426020392,21.352482990968
Sony,A7IV,1376,25600,18874.0,135.51427211049,53.142851808035296,21.385060353893
Sony,A7IV,1376,25600,18874.0,136.51835385746,53.53660935586667,21.417395200344
Sony,A7IV,1376,25600,18874.0,137.52243560443,53.93036690369804,21.4494911139
Sony,A7IV,1376,25600,18874.0,138.52651735141,54.324124451533336,21.481351599306
Sony,A7IV,1376,25600,18874.0,139.53059909838,54.717881999364714,21.512980084764
Sony,A7IV,1376,25600,18874.0,140.53468084535,55.11163954719608,21.544379924145
Sony,A7IV,1376,25600,18874.0,141.53876259232,55.505397095027455,21.575554399127
Sony,A7IV,1376,25600,18874.0,142.54284433929,55.899154642858825,21.606506721246
Sony,A7IV,1376,25600,18874.0,143.54692608626,56.29291219069019,21.637240033885
Sony,A7IV,1376,25600,18874.0,144.55100783323,56.686669738521566,21.667757414185
Sony,A7IV,1376,25600,18874.0,145.5550895802,57.08042728635294,21.698061874897
Sony,A7IV,1376,25600,18874.0,146.55917132717,57.47418483418431,21.728156366164
Sony,A7IV,1376,25600,18874.0,147.56325307414,57.86794238201568,21.758043777241
Sony,A7IV,1376,25600,18874.0,148.56733482111,58.261699929847055,21.787726938164
Sony,A7IV,1376,25600,18874.0,149.57141656808,58.65545747767843,21.817208621353
Sony,A7IV,1376,25600,18874.0,150.57549831505,59.0492150255098,21.846491543168
Sony,A7IV,1376,25600,18874.0,151.57958006202,59.44297257334118,21.875578365409
Sony,A7IV,1376,25600,18874.0,152.58366180899,59.83673012117256,21.904471696766
Sony,A7IV,1376,25600,18874.0,153.58774355596,60.23048766900392,21.933174094226
Sony,A7IV,1376,25600,18874.0,154.59182530294,60.62424521683922,21.961688064425
Sony,A7IV,1376,25600,18874.0,155.59590704991,61.018002764670584,21.990016064968
Sony,A7IV,1376,25600,18874.0,156.59998879688,61.41176031250196,22.018160505691
Sony,A7IV,1376,25600,18874.0,157.60407054385,61.80551786033334,22.0461237499
Sony,A7IV,1376,25600,18874.0,158.60815229082,62.1992754081647,22.073908115553
Sony,A7IV,1376,25600,18874.0,159.61223403779,62.59303295599607,22.101515876418
Sony,A7IV,1376,25600,18874.0,160.61631578476,62.98679050382745,22.128949263188
Sony,A7IV,1376,25600,18874.0,161.62039753173,63.38054805165883,22.156210464561
Sony,A7IV,1376,25600,18874.0,162.6244792787,63.77430559949019,22.183301628286
Sony,A7IV,1376,25600,18874.0,163.62856102567,64.16806314732156,22.210224862182
Sony,A7IV,1376,25600,18874.0,164.63264277264,64.56182069515293,22.23698223512
Sony,A7IV,1376,25600,18874.0,165.63672451961,64.95557824298432,22.263575777974
Sony,A7IV,1376,25600,18874.0,166.64080626658,65.34933579081569,22.290007484551
Sony,A7IV,1376,25600,18874.0,167.64488801355,65.74309333864706,22.316279312482
Sony,A7IV,1376,25600,18874.0,168.64896976052,66.13685088647844,22.342393184095
Sony,A7IV,1376,25600,18874.0,169.6530515075,66.53060843431373,22.368350987259
Sony,A7IV,1376,25600,18874.0,170.65713325447,66.9243659821451,22.394154576201
Sony,A7IV,1376,25600,18874.0,171.66121500144,67.31812352997648,22.4198057723
Sony,A7IV,1376,25600,18874.0,172.66529674841,67.71188107780783,22.445306364862
Sony,A7IV,1376,25600,18874.0,173.66937849538,68.10563862563922,22.470658111864
Sony,A7IV,1376,25600,18874.0,174.67346024235,68.49939617347059,22.495862740683
Sony,A7IV,1376,25600,18874.0,175.67754198932,68.89315372130196,22.520921948805
Sony,A7IV,1376,25600,18874.0,176.68162373629,69.28691126913333,22.545837404505
Sony,A7IV,1376,25600,18874.0,177.68570548326,69.68066881696471,22.570610747517
Sony,A7IV,1376,25600,18874.0,178.68978723023,70.07442636479607,22.595243589681
Sony,A7IV,1376,25600,18874.0,179.6938689772,70.46818391262745,22.619737515571
Sony,A7IV,1376,25600,18874.0,180.69795072417,70.86194146045882,22.644094083107
Sony,A7IV,1376,25600,18874.0,181.70203247114,71.2556990082902,22.668314824149
Sony,A7IV,1376,25600,18874.0,182.70611421811,71.64945655612158,22.692401245078
Sony,A7IV,1376,25600,18874.0,183.71019596508,72.04321410395295,22.716354827351
Sony,A7IV,1376,25600,18874.0,184.71427771206,72.43697165178824,22.740177028056
Sony,A7IV,1376,25600,18874.0,185.71835945903,72.83072919961961,22.763869280438
Sony,A7IV,1376,25600,18874.0,186.722441206,73.224486747451,22.787432994418
Sony,A7IV,1376,25600,18874.0,187.72652295297,73.61824429528234,22.810869557095
Sony,A7IV,1376,25600,18874.0,188.73060469994,74.01200184311372,22.834180333241
Sony,A7IV,1376,25600,18874.0,189.73468644691,74.4057593909451,22.857366665769
Sony,A7IV,1376,25600,18874.0,190.73876819388,74.79951693877646,22.880429876205
Sony,A7IV,1376,25600,18874.0,191.74284994085,75.19327448660785,22.903371265136
Sony,A7IV,1376,25600,18874.0,192.74693168782,75.58703203443922,22.92619211265
Sony,A7IV,1376,25600,18874.0,193.75101343479,75.98078958227059,22.948893678768
Sony,A7IV,1376,25600,18874.0,194.75509518176,76.37454713010196,22.971477203854
Sony,A7IV,1376,25600,18874.0,195.75917692873,76.76830467793333,22.993943909031
Sony,A7IV,1376,25600,18874.0,196.7632586757,77.1620622257647,23.016294996568
Sony,A7IV,1376,25600,18874.0,197.76734042267,77.55581977359608,23.038531650273
Sony,A7IV,1376,25600,18874.0,198.77142216964,77.94957732142745,23.060655035866
Sony,A7IV,1376,25600,18874.0,199.77550391662,78.34333486926275,23.082666301343
Sony,A7IV,1376,25600,18874.0,200.77958566359,78.73709241709412,23.104566577341
Sony,A7IV,1376,25600,18874.0,201.78366741056,79.1308499649255,23.126356977478
Sony,A7IV,1376,25600,18874.0,202.78774915753,79.52460751275686,23.148038598697
Sony,A7IV,1376,25600,18874.0,203.7918309045,79.91836506058823,23.169612521598
Sony,A7IV,1376,25600,18874.0,204.79591265147,80.3121226084196,23.191079810759
Sony,A7IV,1376,25600,18874.0,205.79999439844,80.70588015625097,23.21244151505
Sony,A7IV,1376,25600,18874.0,206.80407614541,81.09963770408235,23.233698667946
Sony,A7IV,1376,25600,18874.0,207.80815789238,81.49339525191373,23.25485228782
Sony,A7IV,1376,25600,18874.0,208.81223963935,81.8871527997451,23.27590337824
Sony,A7IV,1376,25600,18874.0,209.81632138632,82.28091034757648,23.296852928254
Sony,A7IV,1376,25600,18874.0,210.82040313329,82.67466789540784,23.317701912668
Sony,A7IV,1376,25600,18874.0,211.82448488026,83.0684254432392,23.338451292317
Sony,A7IV,1376,25600,18874.0,212.82856662723,83.46218299107059,23.359102014335
Sony,A7IV,1376,25600,18874.0,213.8326483742,83.85594053890196,23.379655012408
Sony,A7IV,1376,25600,18874.0,214.83673012117,84.24969808673333,23.400111207034
Sony,A7IV,1376,25600,18874.0,215.84081186815,84.64345563456862,23.420471505764
Sony,A7IV,1376,25600,18874.0,216.84489361512,85.0372131824,23.440736803448
Sony,A7IV,1376,25600,18874.0,217.84897536209,85.43097073023137,23.460907982469
Sony,A7IV,1376,25600,18874.0,218.85305710906,85.82472827806275,23.480985912974
Sony,A7IV,1376,25600,18874.0,219.85713885603,86.2184858258941,23.5009714531
Sony,A7IV,1376,25600,18874.0,220.861220603,86.61224337372548,23.520865449192
Sony,A7IV,1376,25600,18874.0,221.86530234997,87.00600092155686,23.540668736019
Sony,A7IV,1376,25600,18874.0,222.86938409694,87.39975846938823,23.560382136985
Sony,A7IV,1376,25600,18874.0,223.87346584391,87.7935160172196,23.580006464334
Sony,A7IV,1376,25600,18874.0,224.87754759088,88.18727356505099,23.59954251935
Sony,A7IV,1376,25600,18874.0,225.88162933785,88.58103111288236,23.618991092554
Sony,A7IV,1376,25600,18874.0,226.88571108482,88.97478866071373,23.638352963893
Sony,A7IV,1376,25600,18874.0,227.88979283179,89.3685462085451,23.657628902936
Sony,A7IV,1376,25600,18874.0,228.89387457876,89.76230375637647,23.676819669045
Sony,A7IV,1376,25600,18874.0,229.89795632573,90.15606130420785,23.695926011567
Sony,A7IV,1376,25600,18874.0,230.90203807271,90.54981885204315,23.714948670001
Sony,A7IV,1376,25600,18874.0,231.90611981968,90.9435763998745,23.733888374172
Sony,A7IV,1376,25600,18874.0,232.91020156665,91.33733394770587,23.7527458444
Sony,A7IV,1376,25600,18874.0,233.91428331362,91.73109149553726,23.771521791666
Sony,A7IV,1376,25600,18874.0,234.91836506059,92.12484904336863,23.790216917767
Sony,A7IV,1376,25600,18874.0,235.92244680756,92.5186065912,23.808831915479
Sony,A7IV,1376,25600,18874.0,236.92652855453,92.91236413903137,23.82736746871
Sony,A7IV,1376,25600,18874.0,237.9306103015,93.30612168686274,23.845824252647
Sony,A7IV,1376,25600,18874.0,238.93469204847,93.69987923469412,23.864202933908
Sony,A7IV,1376,25600,18874.0,239.93877379544,94.0936367825255,23.882504170686
Sony,A7IV,1376,25600,18874.0,240.94285554241,94.48739433035686,23.900728612886
Sony,A7IV,1376,25600,18874.0,241.94693728938,94.88115187818823,23.918876902268
Sony,A7IV,1376,25600,18874.0,242.95101903635,95.2749094260196,23.936949672583
Sony,A7IV,1376,25600,18874.0,243.95510078332,95.66866697385097,23.954947549702
Sony,A7IV,1376,25600,18874.0,244.95918253029,96.06242452168236,23.972871151748
Sony,A7IV,1376,25600,18874.0,245.96326427727,96.45618206951765,23.990721089224
Sony,A7IV,1376,25600,18874.0,246.96734602424,96.84993961734901,24.008497965136
Sony,A7IV,1376,25600,18874.0,247.97142777121,97.2436971651804,24.026202375119
Sony,A7IV,1376,25600,18874.0,248.97550951818,97.63745471301176,24.04383490755
Sony,A7IV,1376,25600,18874.0,249.97959126515,98.03121226084313,24.061396143674
Sony,A7IV,1376,25600,18874.0,250.98367301212,98.42496980867452,24.078886657709
Sony,A7IV,1376,25600,18874.0,251.98775475909,98.81872735650587,24.096307016969
Sony,A7IV,1376,25600,18874.0,252.99183650606,99.21248490433724,24.113657781966
Sony,A7IV,1376,25600,18874.0,253.99591825303,99.60624245216863,24.130939506524
Sony,A7IV,1376,25600,18874.0,255,100.0,24.148152737879
Sony,A7IV,1376,51200,34872.0,3.2709614179638,1.2827299678289412,0
Sony,A7IV,1376,51200,34872.0,4.9815237656639,1.953538731632902,2.4502291924755
Sony,A7IV,1376,51200,34872.0,11.008135486133,4.316915876914902,6.6591375882876
Sony,A7IV,1376,51200,34872.0,12.012217233104,4.710673424746666,7.0964498601698
Sony,A7IV,1376,51200,34872.0,13.016298980075,5.104430972578431,7.4949459917248
Sony,A7IV,1376,51200,34872.0,14.020380727045,5.498188520409804,7.8608411227143
Sony,A7IV,1376,51200,34872.0,15.024462474016,5.891946068241569,8.1989844474042
Sony,A7IV,1376,51200,34872.0,16.028544220986,6.285703616072941,8.513229187617
Sony,A7IV,1376,51200,34872.0,17.032625967957,6.679461163904706,8.8066859138819
Sony,A7IV,1376,51200,34872.0,18.036707714928,7.07321871173647,9.0819005602534
Sony,A7IV,1376,51200,34872.0,19.040789461898,7.4669762595678435,9.3409823856065
Sony,A7IV,1376,51200,34872.0,20.044871208869,7.860733807399608,9.585697806718
Sony,A7IV,1376,51200,34872.0,21.04895295584,8.254491355231373,9.8175404320283
Sony,A7IV,1376,51200,34872.0,22.05303470281,8.648248903062743,10.037784163611
Sony,A7IV,1376,51200,34872.0,23.057116449781,9.042006450894508,10.247524035576
Sony,A7IV,1376,51200,34872.0,24.061198196752,9.435763998726273,10.447708025735
Sony,A7IV,1376,51200,34872.0,25.065279943722,9.829521546557647,10.639162125381
Sony,A7IV,1376,51200,34872.0,26.069361690693,10.223279094389412,10.822610306427
Sony,A7IV,1376,51200,34872.0,27.073443437664,10.617036642221176,10.998690579502
Sony,A7IV,1376,51200,34872.0,28.077525184634,11.010794190052549,11.167968023893
Sony,A7IV,1376,51200,34872.0,29.081606931605,11.404551737884313,11.330945447631
Sony,A7IV,1376,51200,34872.0,30.085688678575,11.798309285715685,11.48807217529
Sony,A7IV,1376,51200,34872.0,31.089770425546,12.19206683354745,11.639751343595
Sony,A7IV,1376,51200,34872.0,32.093852172517,12.585824381379219,11.786345998081
Sony,A7IV,1376,51200,34872.0,33.097933919487,12.979581929210587,11.928184219088
Sony,A7IV,1376,51200,34872.0,34.102015666458,13.373339477042354,12.065563456343
Sony,A7IV,1376,51200,34872.0,35.106097413429,13.767097024874117,12.198754213995
Sony,A7IV,1376,51200,34872.0,36.110179160399,14.160854572705489,12.328003199222
Sony,A7IV,1376,51200,34872.0,37.11426090737,14.554612120537255,12.45353602525
Sony,A7IV,1376,51200,34872.0,38.118342654341,14.948369668369018,12.575559542189
Sony,A7IV,1376,51200,34872.0,39.122424401311,15.342127216200394,12.694263855404
Sony,A7IV,1376,51200,34872.0,40.126506148282,15.735884764032157,12.809824080269
Sony,A7IV,1376,51200,34872.0,41.130587895253,16.129642311863922,12.922401873472
Sony,A7IV,1376,51200,34872.0,42.134669642223,16.523399859695296,13.032146774105
Sony,A7IV,1376,51200,34872.0,43.138751389194,16.917157407527057,13.139197382149
Sony,A7IV,1376,51200,34872.0,44.142833136165,17.310914955358825,13.243682397406
Sony,A7IV,1376,51200,34872.0,45.146914883135,17.704672503190196,13.345721538214
Sony,A7IV,1376,51200,34872.0,46.150996630106,18.09843005102196,13.445426356222
Sony,A7IV,1376,51200,34872.0,47.155078377076,18.492187598853334,13.542900961012
Sony,A7IV,1376,51200,34872.0,48.159160124047,18.8859451466851,13.638242666251
Sony,A7IV,1376,51200,34872.0,49.163241871018,19.279702694516864,13.731542567331
Sony,A7IV,1376,51200,34872.0,50.167323617988,19.673460242348238,13.822886059034
Sony,A7IV,1376,51200,34872.0,51.171405364959,20.06721779018,13.912353300517
Sony,A7IV,1376,51200,34872.0,52.17548711193,20.460975338011767,14.000019633914
Sony,A7IV,1376,51200,34872.0,53.1795688589,20.854732885843134,14.085955962004
Sony,A7IV,1376,51200,34872.0,54.183650605871,21.248490433674903,14.170229089623
Sony,A7IV,1376,51200,34872.0,55.187732352842,21.642247981506664,14.25290203294
Sony,A7IV,1376,51200,34872.0,56.191814099812,22.03600552933804,14.334034300131
Sony,A7IV,1376,51200,34872.0,57.195895846783,22.429763077169806,14.413682146585
Sony,A7IV,1376,51200,34872.0,58.199977593754,22.823520625001567,14.491898807342
Sony,A7IV,1376,51200,34872.0,59.204059340724,23.21727817283294,14.568734709164
Sony,A7IV,1376,51200,34872.0,60.208141087695,23.611035720664706,14.644237664346
Sony,A7IV,1376,51200,34872.0,61.212222834666,24.00479326849647,14.718453048109
Sony,A7IV,1376,51200,34872.0,62.216304581636,24.398550816327845,14.791423961218
Sony,A7IV,1376,51200,34872.0,63.220386328607,24.792308364159606,14.863191379284
Sony,A7IV,1376,51200,34872.0,64.224468075578,25.186065911991374,14.933794290014
Sony,A7IV,1376,51200,34872.0,65.228549822548,25.579823459822748,15.003269819589
Sony,A7IV,1376,51200,34872.0,66.232631569519,25.973581007654513,15.071653349154
Sony,A7IV,1376,51200,34872.0,67.236713316489,26.36733855548588,15.138978622352
Sony,A7IV,1376,51200,34872.0,68.24079506346,26.761096103317644,15.205277844713
Sony,A7IV,1376,51200,34872.0,69.244876810431,27.15485365114941,15.270581775619
Sony,A7IV,1376,51200,34872.0,70.248958557401,27.548611198980783,15.334919813506
Sony,A7IV,1376,51200,34872.0,71.253040304372,27.94236874681255,15.398320074891
Sony,A7IV,1376,51200,34872.0,72.257122051343,28.336126294644316,15.46080946775
Sony,A7IV,1376,51200,34872.0,73.261203798313,28.72988384247569,15.522413759723
Sony,A7IV,1376,51200,34872.0,74.265285545284,29.123641390307455,15.583157641581
Sony,A7IV,1376,51200,34872.0,75.269367292255,29.517398938139216,15.643064786345
Sony,A7IV,1376,51200,34872.0,76.273449039225,29.911156485970587,15.702157904402
Sony,A7IV,1376,51200,34872.0,77.277530786196,30.304914033802348,15.760458794948
Sony,A7IV,1376,51200,34872.0,78.281612533166,30.698671581633725,15.817988394039
Sony,A7IV,1376,51200,34872.0,79.285694280137,31.092429129465486,15.874766819523
Sony,A7IV,1376,51200,34872.0,80.289776027108,31.486186677297255,15.930813413086
Sony,A7IV,1376,51200,34872.0,81.293857774078,31.879944225128632,15.986146779629
Sony,A7IV,1376,51200,34872.0,82.297939521049,32.27370177296039,16.040784824196
Sony,A7IV,1376,51200,34872.0,83.30202126802,32.66745932079216,16.094744786599
Sony,A7IV,1376,51200,34872.0,84.30610301499,33.061216868623525,16.148043273947
Sony,A7IV,1376,51200,34872.0,85.310184761961,33.45497441645529,16.200696291202
Sony,A7IV,1376,51200,34872.0,86.314266508932,33.848731964287055,16.252719269918
Sony,A7IV,1376,51200,34872.0,87.318348255902,34.24248951211843,16.304127095287
Sony,A7IV,1376,51200,34872.0,88.322430002873,34.6362470599502,16.354934131607
Sony,A7IV,1376,51200,34872.0,89.326511749844,35.03000460778196,16.405154246289
Sony,A7IV,1376,51200,34872.0,90.330593496814,35.42376215561334,16.454800832495
Sony,A7IV,1376,51200,34872.0,91.334675243785,35.8175197034451,16.503886830499
Sony,A7IV,1376,51200,34872.0,92.338756990755,36.21127725127647,16.55242474787
Sony,A7IV,1376,51200,34872.0,93.342838737726,36.60503479910823,16.600426678529
Sony,A7IV,1376,51200,34872.0,94.346920484697,36.99879234693999,16.647904320784
Sony,A7IV,1376,51200,34872.0,95.351002231667,37.39254989477137,16.694868994383
Sony,A7IV,1376,51200,34872.0,96.355083978638,37.78630744260314,16.74133165666
Sony,A7IV,1376,51200,34872.0,97.359165725609,38.1800649904349,16.787302917836
Sony,A7IV,1376,51200,34872.0,98.363247472579,38.57382253826628,16.832793055515
Sony,A7IV,1376,51200,34872.0,99.36732921955,38.96758008609804,16.877812028433
Sony,A7IV,1376,51200,34872.0,100.37141096652,39.36133763392941,16.922369489508
Sony,A7IV,1376,51200,34872.0,101.37549271349,39.75509518176079,16.966474798222
Sony,A7IV,1376,51200,34872.0,102.37957446046,40.14885272959216,17.010137032393
Sony,A7IV,1376,51200,34872.0,103.38365620743,40.54261027742353,17.053364999352
Sony,A7IV,1376,51200,34872.0,104.3877379544,40.9363678252549,17.096167246582
Sony,A7IV,1376,51200,34872.0,105.39181970137,41.330125373086275,17.138552071832
Sony,A7IV,1376,51200,34872.0,106.39590144834,41.723882920917646,17.180527532744
Sony,A7IV,1376,51200,34872.0,107.39998319532,42.117640468752946,17.222101456026
Sony,A7IV,1376,51200,34872.0,108.40406494229,42.511398016584316,17.263281446188
Sony,A7IV,1376,51200,34872.0,109.40814668926,42.90515556441568,17.304074893867
Sony,A7IV,1376,51200,34872.0,110.41222843623,43.29891311224706,17.34448898377
Sony,A7IV,1376,51200,34872.0,111.4163101832,43.692670660078434,17.38453070225
Sony,A7IV,1376,51200,34872.0,112.42039193017,44.086428207909805,17.424206844536
Sony,A7IV,1376,51200,34872.0,113.42447367714,44.480185755741175,17.46352402164
Sony,A7IV,1376,51200,34872.0,114.42855542411,44.87394330357255,17.502488666948
Sony,A7IV,1376,51200,34872.0,115.43263717108,45.26770085140392,17.541107042529
Sony,A7IV,1376,51200,34872.0,116.43671891805,45.66145839923529,17.579385245157
Sony,A7IV,1376,51200,34872.0,117.44080066502,46.05521594706667,17.617329212079
Sony,A7IV,1376,51200,34872.0,118.44488241199,46.44897349489804,17.654944726523
Sony,A7IV,1376,51200,34872.0,119.44896415896,46.842731042729405,17.692237422986
Sony,A7IV,1376,51200,34872.0,120.45304590593,47.23648859056078,17.729212792281
Sony,A7IV,1376,51200,34872.0,121.4571276529,47.63024613839216,17.765876186381
Sony,A7IV,1376,51200,34872.0,122.46120939987,48.02400368622353,17.802232823061
Sony,A7IV,1376,51200,34872.0,123.46529114685,48.41776123405882,17.838287790341
Sony,A7IV,1376,51200,34872.0,124.46937289382,48.81151878189019,17.874046050757
Sony,A7IV,1376,51200,34872.0,125.47345464079,49.20527632972156,17.909512445444
Sony,A7IV,1376,51200,34872.0,126.47753638776,49.59903387755294,17.94469169807
Sony,A7IV,1376,51200,34872.0,127.48161813473,49.99279142538431,17.979588418599
Sony,A7IV,1376,51200,34872.0,128.4856998817,50.38654897321568,18.014207106911
Sony,A7IV,1376,51200,34872.0,129.48978162867,50.78030652104706,18.04855215628
Sony,A7IV,1376,51200,34872.0,130.49386337564,51.17406406887842,18.08262785671
Sony,A7IV,1376,51200,34872.0,131.49794512261,51.5678216167098,18.116438398149
Sony,A7IV,1376,51200,34872.0,132.50202686958,51.96157916454117,18.149987873571
Sony,A7IV,1376,51200,34872.0,133.50610861655,52.35533671237255,18.18328028195
Sony,A7IV,1376,51200,34872.0,134.51019036352,52.74909426020392,18.216319531108
Sony,A7IV,1376,51200,34872.0,135.51427211049,53.142851808035296,18.249109440472
Sony,A7IV,1376,51200,34872.0,136.51835385746,53.53660935586667,18.281653743712
Sony,A7IV,1376,51200,34872.0,137.52243560443,53.93036690369804,18.313956091291
Sony,A7IV,1376,51200,34872.0,138.52651735141,54.324124451533336,18.346020052919
Sony,A7IV,1376,51200,34872.0,139.53059909838,54.717881999364714,18.377849119915
Sony,A7IV,1376,51200,34872.0,140.53468084535,55.11163954719608,18.409446707486
Sony,A7IV,1376,51200,34872.0,141.53876259232,55.505397095027455,18.440816156921
Sony,A7IV,1376,51200,34872.0,142.54284433929,55.899154642858825,18.471960737711
Sony,A7IV,1376,51200,34872.0,143.54692608626,56.29291219069019,18.502883649587
Sony,A7IV,1376,51200,34872.0,144.55100783323,56.686669738521566,18.533588024493
Sony,A7IV,1376,51200,34872.0,145.5550895802,57.08042728635294,18.564076928486
Sony,A7IV,1376,51200,34872.0,146.55917132717,57.47418483418431,18.594353363568
Sony,A7IV,1376,51200,34872.0,147.56325307414,57.86794238201568,18.624420269461
Sony,A7IV,1376,51200,34872.0,148.56733482111,58.261699929847055,18.654280525316
Sony,A7IV,1376,51200,34872.0,149.57141656808,58.65545747767843,18.683936951365
Sony,A7IV,1376,51200,34872.0,150.57549831505,59.0492150255098,18.713392310516
Sony,A7IV,1376,51200,34872.0,151.57958006202,59.44297257334118,18.742649309898
Sony,A7IV,1376,51200,34872.0,152.58366180899,59.83673012117256,18.77171060235
Sony,A7IV,1376,51200,34872.0,153.58774355596,60.23048766900392,18.800578787865
Sony,A7IV,1376,51200,34872.0,154.59182530294,60.62424521683922,18.829256414981
Sony,A7IV,1376,51200,34872.0,155.59590704991,61.018002764670584,18.857745982129
Sony,A7IV,1376,51200,34872.0,156.59998879688,61.41176031250196,18.886049938944
Sony,A7IV,1376,51200,34872.0,157.60407054385,61.80551786033334,18.914170687518
Sony,A7IV,1376,51200,34872.0,158.60815229082,62.1992754081647,18.942110583629
Sony,A7IV,1376,51200,34872.0,159.61223403779,62.59303295599607,18.96987193792
Sony,A7IV,1376,51200,34872.0,160.61631578476,62.98679050382745,18.997457017046
Sony,A7IV,1376,51200,34872.0,161.62039753173,63.38054805165883,19.024868044783
Sony,A7IV,1376,51200,34872.0,162.6244792787,63.77430559949019,19.052107203103
Sony,A7IV,1376,51200,34872.0,163.62856102567,64.16806314732156,19.079176633211
Sony,A7IV,1376,51200,34872.0,164.63264277264,64.56182069515293,19.106078436561
Sony,A7IV,1376,51200,34872.0,165.63672451961,64.95557824298432,19.132814675828
Sony,A7IV,1376,51200,34872.0,166.64080626658,65.34933579081569,19.159387375858
Sony,A7IV,1376,51200,34872.0,167.64488801355,65.74309333864706,19.185798524587
Sony,A7IV,1376,51200,34872.0,168.64896976052,66.13685088647844,19.212050073932
Sony,A7IV,1376,51200,34872.0,169.6530515075,66.53060843431373,19.238143940659
Sony,A7IV,1376,51200,34872.0,170.65713325447,66.9243659821451,19.264082007215
Sony,A7IV,1376,51200,34872.0,171.66121500144,67.31812352997648,19.289866122549
Sony,A7IV,1376,51200,34872.0,172.66529674841,67.71188107780783,19.315498102898
Sony,A7IV,1376,51200,34872.0,173.66937849538,68.10563862563922,19.340979732556
Sony,A7IV,1376,51200,34872.0,174.67346024235,68.49939617347059,19.366312764617
Sony,A7IV,1376,51200,34872.0,175.67754198932,68.89315372130196,19.391498921698
Sony,A7IV,1376,51200,34872.0,176.68162373629,69.28691126913333,19.416539896642
Sony,A7IV,1376,51200,34872.0,177.68570548326,69.68066881696471,19.441437353202
Sony,A7IV,1376,51200,34872.0,178.68978723023,70.07442636479607,19.466192926699
Sony,A7IV,1376,51200,34872.0,179.6938689772,70.46818391262745,19.490808224669
Sony,A7IV,1376,51200,34872.0,180.69795072417,70.86194146045882,19.515284827488
Sony,A7IV,1376,51200,34872.0,181.70203247114,71.2556990082902,19.539624288983
Sony,A7IV,1376,51200,34872.0,182.70611421811,71.64945655612158,19.563828137017
Sony,A7IV,1376,51200,34872.0,183.71019596508,72.04321410395295,19.58789787407
Sony,A7IV,1376,51200,34872.0,184.71427771206,72.43697165178824,19.611834977796
Sony,A7IV,1376,51200,34872.0,185.71835945903,72.83072919961961,19.635640901566
Sony,A7IV,1376,51200,34872.0,186.722441206,73.224486747451,19.659317074999
Sony,A7IV,1376,51200,34872.0,187.72652295297,73.61824429528234,19.682864904473
Sony,A7IV,1376,51200,34872.0,188.73060469994,74.01200184311372,19.706285773631
Sony,A7IV,1376,51200,34872.0,189.73468644691,74.4057593909451,19.729581043865
Sony,A7IV,1376,51200,34872.0,190.73876819388,74.79951693877646,19.75275205479
Sony,A7IV,1376,51200,34872.0,191.74284994085,75.19327448660785,19.775800124709
Sony,A7IV,1376,51200,34872.0,192.74693168782,75.58703203443922,19.798726551058
Sony,A7IV,1376,51200,34872.0,193.75101343479,75.98078958227059,19.82153261085
Sony,A7IV,1376,51200,34872.0,194.75509518176,76.37454713010196,19.844219561095
Sony,A7IV,1376,51200,34872.0,195.75917692873,76.76830467793333,19.86678863922
Sony,A7IV,1376,51200,34872.0,196.7632586757,77.1620622257647,19.889241063473
Sony,A7IV,1376,51200,34872.0,197.76734042267,77.55581977359608,19.911578033313
Sony,A7IV,1376,51200,34872.0,198.77142216964,77.94957732142745,19.933800729802
Sony,A7IV,1376,51200,34872.0,199.77550391662,78.34333486926275,19.955910315971
Sony,A7IV,1376,51200,34872.0,200.77958566359,78.73709241709412,19.977907937192
Sony,A7IV,1376,51200,34872.0,201.78366741056,79.1308499649255,19.999794721528
Sony,A7IV,1376,51200,34872.0,202.78774915753,79.52460751275686,20.021571780085
Sony,A7IV,1376,51200,34872.0,203.7918309045,79.91836506058823,20.043240207347
Sony,A7IV,1376,51200,34872.0,204.79591265147,80.3121226084196,20.064801081505
Sony,A7IV,1376,51200,34872.0,205.79999439844,80.70588015625097,20.086255464782
Sony,A7IV,1376,51200,34872.0,206.80407614541,81.09963770408235,20.107604403745
Sony,A7IV,1376,51200,34872.0,207.80815789238,81.49339525191373,20.12884892961
Sony,A7IV,1376,51200,34872.0,208.81223963935,81.8871527997451,20.149990058542
Sony,A7IV,1376,51200,34872.0,209.81632138632,82.28091034757648,20.171028791947
Sony,A7IV,1376,51200,34872.0,210.82040313329,82.67466789540784,20.191966116756
Sony,A7IV,1376,51200,34872.0,211.82448488026,83.0684254432392,20.2128030057
Sony,A7IV,1376,51200,34872.0,212.82856662723,83.46218299107059,20.233540417586
Sony,A7IV,1376,51200,34872.0,213.8326483742,83.85594053890196,20.254179297557
Sony,A7IV,1376,51200,34872.0,214.83673012117,84.24969808673333,20.274720577353
Sony,A7IV,1376,51200,34872.0,215.84081186815,84.64345563456862,20.295165175562
Sony,A7IV,1376,51200,34872.0,216.84489361512,85.0372131824,20.315513997865
Sony,A7IV,1376,51200,34872.0,217.84897536209,85.43097073023137,20.335767937282
Sony,A7IV,1376,51200,34872.0,218.85305710906,85.82472827806275,20.3559278744
Sony,A7IV,1376,51200,34872.0,219.85713885603,86.2184858258941,20.375994677606
Sony,A7IV,1376,51200,34872.0,220.861220603,86.61224337372548,20.395969203313
Sony,A7IV,1376,51200,34872.0,221.86530234997,87.00600092155686,20.415852296176
Sony,A7IV,1376,51200,34872.0,222.86938409694,87.39975846938823,20.435644789307
Sony,A7IV,1376,51200,34872.0,223.87346584391,87.7935160172196,20.455347504485
Sony,A7IV,1376,51200,34872.0,224.87754759088,88.18727356505099,20.474961252362
Sony,A7IV,1376,51200,34872.0,225.88162933785,88.58103111288236,20.494486832659
Sony,A7IV,1376,51200,34872.0,226.88571108482,88.97478866071373,20.513925034365
Sony,A7IV,1376,51200,34872.0,227.88979283179,89.3685462085451,20.533276635928
Sony,A7IV,1376,51200,34872.0,228.89387457876,89.76230375637647,20.552542405438
Sony,A7IV,1376,51200,34872.0,229.89795632573,90.15606130420785,20.571723100818
Sony,A7IV,1376,51200,34872.0,230.90203807271,90.54981885204315,20.590819469991
Sony,A7IV,1376,51200,34872.0,231.90611981968,90.9435763998745,20.609832251068
Sony,A7IV,1376,51200,34872.0,232.91020156665,91.33733394770587,20.628762172509
Sony,A7IV,1376,51200,34872.0,233.91428331362,91.73109149553726,20.647609953294
Sony,A7IV,1376,51200,34872.0,234.91836506059,92.12484904336863,20.666376303089
Sony,A7IV,1376,51200,34872.0,235.92244680756,92.5186065912,20.685061922401
Sony,A7IV,1376,51200,34872.0,236.92652855453,92.91236413903137,20.70366750274
Sony,A7IV,1376,51200,34872.0,237.9306103015,93.30612168686274,20.72219372677
Sony,A7IV,1376,51200,34872.0,238.93469204847,93.69987923469412,20.740641268459
Sony,A7IV,1376,51200,34872.0,239.93877379544,94.0936367825255,20.759010793226
Sony,A7IV,1376,51200,34872.0,240.94285554241,94.48739433035686,20.777302958087
Sony,A7IV,1376,51200,34872.0,241.94693728938,94.88115187818823,20.795518411793
Sony,A7IV,1376,51200,34872.0,242.95101903635,95.2749094260196,20.813657794971
Sony,A7IV,1376,51200,34872.0,243.95510078332,95.66866697385097,20.831721740255
Sony,A7IV,1376,51200,34872.0,244.95918253029,96.06242452168236,20.849710872423
Sony,A7IV,1376,51200,34872.0,245.96326427727,96.45618206951765,20.867625808523
Sony,A7IV,1376,51200,34872.0,246.96734602424,96.84993961734901,20.885467158003
Sony,A7IV,1376,51200,34872.0,247.97142777121,97.2436971651804,20.903235522832
Sony,A7IV,1376,51200,34872.0,248.97550951818,97.63745471301176,20.920931497624
Sony,A7IV,1376,51200,34872.0,249.97959126515,98.03121226084313,20.938555669758
Sony,A7IV,1376,51200,34872.0,250.98367301212,98.42496980867452,20.956108619491
Sony,A7IV,1376,51200,34872.0,251.98775475909,98.81872735650587,20.973590920079
Sony,A7IV,1376,51200,34872.0,252.99183650606,99.21248490433724,20.991003137882
Sony,A7IV,1376,51200,34872.0,253.99591825303,99.60624245216863,21.00834583248
Sony,A7IV,1376,51200,34872.0,255,100.0,21.025619556778
Sony,A7IV,1376,102400,83319.0,4.9815237656639,1.953538731632902,0
Sony,A7IV,1376,102400,83319.0,11.008135486133,4.316915876914902,4.5167118224167
Sony,A7IV,1376,102400,83319.0,12.012217233104,4.710673424746666,4.9807471408099
Sony,A7IV,1376,102400,83319.0,13.016298980075,5.104430972578431,5.4025467533645
Sony,A7IV,1376,102400,83319.0,14.020380727045,5.498188520409804,5.7889429772167
Sony,A7IV,1376,102400,83319.0,15.024462474016,5.891946068241569,6.1452620347518
Sony,A7IV,1376,102400,83319.0,16.028544220986,6.285703616072941,6.4757316846695
Sony,A7IV,1376,102400,83319.0,17.032625967957,6.679461163904706,6.7837606742522
Sony,A7IV,1376,102400,83319.0,18.036707714928,7.07321871173647,7.0721352761103
Sony,A7IV,1376,102400,83319.0,19.040789461898,7.4669762595678435,7.3431606282518
Sony,A7IV,1376,102400,83319.0,20.044871208869,7.860733807399608,7.598764395643
Sony,A7IV,1376,102400,83319.0,21.04895295584,8.254491355231373,7.8405741349923
Sony,A7IV,1376,102400,83319.0,22.05303470281,8.648248903062743,8.0699759407312
Sony,A7IV,1376,102400,83319.0,23.057116449781,9.042006450894508,8.2881595288746
Sony,A7IV,1376,102400,83319.0,24.061198196752,9.435763998726273,8.496153337163
Sony,A7IV,1376,102400,83319.0,25.065279943722,9.829521546557647,8.6948521689353
Sony,A7IV,1376,102400,83319.0,26.069361690693,10.223279094389412,8.8850391947389
Sony,A7IV,1376,102400,83319.0,27.073443437664,10.617036642221176,9.0674036328022
Sony,A7IV,1376,102400,83319.0,28.077525184634,11.010794190052549,9.2425550834941
Sony,A7IV,1376,102400,83319.0,29.081606931605,11.404551737884313,9.4110352464203
Sony,A7IV,1376,102400,83319.0,30.085688678575,11.798309285715685,9.5733275708405
Sony,A7IV,1376,102400,83319.0,31.089770425546,12.19206683354745,9.7298652599828
Sony,A7IV,1376,102400,83319.0,32.093852172517,12.585824381379219,9.8810379536058
Sony,A7IV,1376,102400,83319.0,33.097933919487,12.979581929210587,10.027197341229
Sony,A7IV,1376,102400,83319.0,34.102015666458,13.373339477042354,10.168661904138
Sony,A7IV,1376,102400,83319.0,35.106097413429,13.767097024874117,10.305720942879
Sony,A7IV,1376,102400,83319.0,36.110179160399,14.160854572705489,10.438638015139
Sony,A7IV,1376,102400,83319.0,37.11426090737,14.554612120537255,10.567653884237
Sony,A7IV,1376,102400,83319.0,38.118342654341,14.948369668369018,10.69298905919
Sony,A7IV,1376,102400,83319.0,39.122424401311,15.342127216200394,10.814845992163
Sony,A7IV,1376,102400,83319.0,40.126506148282,15.735884764032157,10.933410987084
Sony,A7IV,1376,102400,83319.0,41.130587895253,16.129642311863922,11.04885586367
Sony,A7IV,1376,102400,83319.0,42.134669642223,16.523399859695296,11.161339413389
Sony,A7IV,1376,102400,83319.0,43.138751389194,16.917157407527057,11.271008677713
Sony,A7IV,1376,102400,83319.0,44.142833136165,17.310914955358825,11.378000073985
Sony,A7IV,1376,102400,83319.0,45.146914883135,17.704672503190196,11.482440390114
Sony,A7IV,1376,102400,83319.0,46.150996630106,18.09843005102196,11.584447665967
Sony,A7IV,1376,102400,83319.0,47.155078377076,18.492187598853334,11.684131976542
Sony,A7IV,1376,102400,83319.0,48.159160124047,18.8859451466851,11.781596129742
Sony,A7IV,1376,102400,83319.0,49.163241871018,19.279702694516864,11.876936289639
Sony,A7IV,1376,102400,83319.0,50.167323617988,19.673460242348238,11.970242534558
Sony,A7IV,1376,102400,83319.0,51.171405364959,20.06721779018,12.06159935796
Sony,A7IV,1376,102400,83319.0,52.17548711193,20.460975338011767,12.151086119007
Sony,A7IV,1376,102400,83319.0,53.1795688589,20.854732885843134,12.238777448733
Sony,A7IV,1376,102400,83319.0,54.183650605871,21.248490433674903,12.324743616958
Sony,A7IV,1376,102400,83319.0,55.187732352842,21.642247981506664,12.409050864388
Sony,A7IV,1376,102400,83319.0,56.191814099812,22.03600552933804,12.491761703804
Sony,A7IV,1376,102400,83319.0,57.195895846783,22.429763077169806,12.572935193695
Sony,A7IV,1376,102400,83319.0,58.199977593754,22.823520625001567,12.652627187313
Sony,A7IV,1376,102400,83319.0,59.204059340724,23.21727817283294,12.730890559745
Sony,A7IV,1376,102400,83319.0,60.208141087695,23.611035720664706,12.807775415278
Sony,A7IV,1376,102400,83319.0,61.212222834666,24.00479326849647,12.883329277078
Sony,A7IV,1376,102400,83319.0,62.216304581636,24.398550816327845,12.957597260951
Sony,A7IV,1376,102400,83319.0,63.220386328607,24.792308364159606,13.030622234759
Sony,A7IV,1376,102400,83319.0,64.224468075578,25.186065911991374,13.102444964896
Sony,A7IV,1376,102400,83319.0,65.228549822548,25.579823459822748,13.173104251051
Sony,A7IV,1376,102400,83319.0,66.232631569519,25.973581007654513,13.242637050359
Sony,A7IV,1376,102400,83319.0,67.236713316489,26.36733855548588,13.311078591943
Sony,A7IV,1376,102400,83319.0,68.24079506346,26.761096103317644,13.378462482703
Sony,A7IV,1376,102400,83319.0,69.244876810431,27.15485365114941,13.444820805151
Sony,A7IV,1376,102400,83319.0,70.248958557401,27.548611198980783,13.510184208002
Sony,A7IV,1376,102400,83319.0,71.253040304372,27.94236874681255,13.574581990147
Sony,A7IV,1376,102400,83319.0,72.257122051343,28.336126294644316,13.638042178572
Sony,A7IV,1376,102400,83319.0,73.261203798313,28.72988384247569,13.700591600761
Sony,A7IV,1376,102400,83319.0,74.265285545284,29.123641390307455,13.762255952018
Sony,A7IV,1376,102400,83319.0,75.269367292255,29.517398938139216,13.823059858146
Sony,A7IV,1376,102400,83319.0,76.273449039225,29.911156485970587,13.88302693386
Sony,A7IV,1376,102400,83319.0,77.277530786196,30.304914033802348,13.942179837262
Sony,A7IV,1376,102400,83319.0,78.281612533166,30.698671581633725,14.000540320717
Sony,A7IV,1376,102400,83319.0,79.285694280137,31.092429129465486,14.058129278389
Sony,A7IV,1376,102400,83319.0,80.289776027108,31.486186677297255,14.114966790706
Sony,A7IV,1376,102400,83319.0,81.293857774078,31.879944225128632,14.171072165989
Sony,A7IV,1376,102400,83319.0,82.297939521049,32.27370177296039,14.226463979457
Sony,A7IV,1376,102400,83319.0,83.30202126802,32.66745932079216,14.281160109802
Sony,A7IV,1376,102400,83319.0,84.30610301499,33.061216868623525,14.335177773517
Sony,A7IV,1376,102400,83319.0,85.310184761961,33.45497441645529,14.388533557139
Sony,A7IV,1376,102400,83319.0,86.314266508932,33.848731964287055,14.441243447556
Sony,A7IV,1376,102400,83319.0,87.318348255902,34.24248951211843,14.493322860511
Sony,A7IV,1376,102400,83319.0,88.322430002873,34.6362470599502,14.544786667448
Sony,A7IV,1376,102400,83319.0,89.326511749844,35.03000460778196,14.595649220785
Sony,A7IV,1376,102400,83319.0,90.330593496814,35.42376215561334,14.645924377753
Sony,A7IV,1376,102400,83319.0,91.334675243785,35.8175197034451,14.695625522873
Sony,A7IV,1376,102400,83319.0,92.338756990755,36.21127725127647,14.744765589186
Sony,A7IV,1376,102400,83319.0,93.342838737726,36.60503479910823,14.793357078293
Sony,A7IV,1376,102400,83319.0,94.346920484697,36.99879234693999,14.841412079308
Sony,A7IV,1376,102400,83319.0,95.351002231667,37.39254989477137,14.888942286777
Sony,A7IV,1376,102400,83319.0,96.355083978638,37.78630744260314,14.935959017635
Sony,A7IV,1376,102400,83319.0,97.359165725609,38.1800649904349,14.982473227269
Sony,A7IV,1376,102400,83319.0,98.363247472579,38.57382253826628,15.028495524732
Sony,A7IV,1376,102400,83319.0,99.36732921955,38.96758008609804,15.074036187165
Sony,A7IV,1376,102400,83319.0,100.37141096652,39.36133763392941,15.119105173482
Sony,A7IV,1376,102400,83319.0,101.37549271349,39.75509518176079,15.163712137357
Sony,A7IV,1376,102400,83319.0,102.37957446046,40.14885272959216,15.207866439551
Sony,A7IV,1376,102400,83319.0,103.38365620743,40.54261027742353,15.251577159627
Sony,A7IV,1376,102400,83319.0,104.3877379544,40.9363678252549,15.294853107089
Sony,A7IV,1376,102400,83319.0,105.39181970137,41.330125373086275,15.337702831971
Sony,A7IV,1376,102400,83319.0,106.39590144834,41.723882920917646,15.380134634912
Sony,A7IV,1376,102400,83319.0,107.39998319532,42.117640468752946,15.422156576754
Sony,A7IV,1376,102400,83319.0,108.40406494229,42.511398016584316,15.463776487674
Sony,A7IV,1376,102400,83319.0,109.40814668926,42.90515556441568,15.505001975894
Sony,A7IV,1376,102400,83319.0,110.41222843623,43.29891311224706,15.545840435979
Sony,A7IV,1376,102400,83319.0,111.4163101832,43.692670660078434,15.586299056752
Sony,A7IV,1376,102400,83319.0,112.42039193017,44.086428207909805,15.626384828852
Sony,A7IV,1376,102400,83319.0,113.42447367714,44.480185755741175,15.666104551938
Sony,A7IV,1376,102400,83319.0,114.42855542411,44.87394330357255,15.705464841577
Sony,A7IV,1376,102400,83319.0,115.43263717108,45.26770085140392,15.744472135824
Sony,A7IV,1376,102400,83319.0,116.43671891805,45.66145839923529,15.783132701507
Sony,A7IV,1376,102400,83319.0,117.44080066502,46.05521594706667,15.821452640239
Sony,A7IV,1376,102400,83319.0,118.44488241199,46.44897349489804,15.859437894171
Sony,A7IV,1376,102400,83319.0,119.44896415896,46.842731042729405,15.897094251489
Sony,A7IV,1376,102400,83319.0,120.45304590593,47.23648859056078,15.934427351689
Sony,A7IV,1376,102400,83319.0,121.4571276529,47.63024613839216,15.971442690615
Sony,A7IV,1376,102400,83319.0,122.46120939987,48.02400368622353,16.008145625296
Sony,A7IV,1376,102400,83319.0,123.46529114685,48.41776123405882,16.044541378574
Sony,A7IV,1376,102400,83319.0,124.46937289382,48.81151878189019,16.080635043547
Sony,A7IV,1376,102400,83319.0,125.47345464079,49.20527632972156,16.116431587824
Sony,A7IV,1376,102400,83319.0,126.47753638776,49.59903387755294,16.151935857611
Sony,A7IV,1376,102400,83319.0,127.48161813473,49.99279142538431,16.187152581632
Sony,A7IV,1376,102400,83319.0,128.4856998817,50.38654897321568,16.22208637489
Sony,A7IV,1376,102400,83319.0,129.48978162867,50.78030652104706,16.256741742284
Sony,A7IV,1376,102400,83319.0,130.49386337564,51.17406406887842,16.291123082077
Sony,A7IV,1376,102400,83319.0,131.49794512261,51.5678216167098,16.325234689237
Sony,A7IV,1376,102400,83319.0,132.50202686958,51.96157916454117,16.359080758638
Sony,A7IV,1376,102400,83319.0,133.50610861655,52.35533671237255,16.392665388146
Sony,A7IV,1376,102400,83319.0,134.51019036352,52.74909426020392,16.425992581587
Sony,A7IV,1376,102400,83319.0,135.51427211049,53.142851808035296,16.459066251595
Sony,A7IV,1376,102400,83319.0,136.51835385746,53.53660935586667,16.491890222363
Sony,A7IV,1376,102400,83319.0,137.52243560443,53.93036690369804,16.524468232281
Sony,A7IV,1376,102400,83319.0,138.52651735141,54.324124451533336,16.556803936488
Sony,A7IV,1376,102400,83319.0,139.53059909838,54.717881999364714,16.588900909318
Sony,A7IV,1376,102400,83319.0,140.53468084535,55.11163954719608,16.620762646665
Sony,A7IV,1376,102400,83319.0,141.53876259232,55.505397095027455,16.65239256826
Sony,A7IV,1376,102400,83319.0,142.54284433929,55.899154642858825,16.683794019864
Sony,A7IV,1376,102400,83319.0,143.54692608626,56.29291219069019,16.714970275388
Sony,A7IV,1376,102400,83319.0,144.55100783323,56.686669738521566,16.745924538927
Sony,A7IV,1376,102400,83319.0,145.5550895802,57.08042728635294,16.776659946739
Sony,A7IV,1376,102400,83319.0,146.55917132717,57.47418483418431,16.807179569135
Sony,A7IV,1376,102400,83319.0,147.56325307414,57.86794238201568,16.837486412322
Sony,A7IV,1376,102400,83319.0,148.56733482111,58.261699929847055,16.867583420171
Sony,A7IV,1376,102400,83319.0,149.57141656808,58.65545747767843,16.897473475924
Sony,A7IV,1376,102400,83319.0,150.57549831505,59.0492150255098,16.927159403851
Sony,A7IV,1376,102400,83319.0,151.57958006202,59.44297257334118,16.956643970845
Sony,A7IV,1376,102400,83319.0,152.58366180899,59.83673012117256,16.985929887962
Sony,A7IV,1376,102400,83319.0,153.58774355596,60.23048766900392,17.015019811917
Sony,A7IV,1376,102400,83319.0,154.59182530294,60.62424521683922,17.043916346521
Sony,A7IV,1376,102400,83319.0,155.59590704991,61.018002764670584,17.072622044076
Sony,A7IV,1376,102400,83319.0,156.59998879688,61.41176031250196,17.10113940673
Sony,A7IV,1376,102400,83319.0,157.60407054385,61.80551786033334,17.129470887771
Sony,A7IV,1376,102400,83319.0,158.60815229082,62.1992754081647,17.1576188929
Sony,A7IV,1376,102400,83319.0,159.61223403779,62.59303295599607,17.185585781447
Sony,A7IV,1376,102400,83319.0,160.61631578476,62.98679050382745,17.213373867556
Sony,A7IV,1376,102400,83319.0,161.62039753173,63.38054805165883,17.240985421333
Sony,A7IV,1376,102400,83319.0,162.6244792787,63.77430559949019,17.268422669951
Sony,A7IV,1376,102400,83319.0,163.62856102567,64.16806314732156,17.29568779873
Sony,A7IV,1376,102400,83319.0,164.63264277264,64.56182069515293,17.322782952174
Sony,A7IV,1376,102400,83319.0,165.63672451961,64.95557824298432,17.349710234986
Sony,A7IV,1376,102400,83319.0,166.64080626658,65.34933579081569,17.376471713039
Sony,A7IV,1376,102400,83319.0,167.64488801355,65.74309333864706,17.403069414333
Sony,A7IV,1376,102400,83319.0,168.64896976052,66.13685088647844,17.429505329907
Sony,A7IV,1376,102400,83319.0,169.6530515075,66.53060843431373,17.455781414736
Sony,A7IV,1376,102400,83319.0,170.65713325447,66.9243659821451,17.481899588596
Sony,A7IV,1376,102400,83319.0,171.66121500144,67.31812352997648,17.5078617369
Sony,A7IV,1376,102400,83319.0,172.66529674841,67.71188107780783,17.533669711516
Sony,A7IV,1376,102400,83319.0,173.66937849538,68.10563862563922,17.559325331557
Sony,A7IV,1376,102400,83319.0,174.67346024235,68.49939617347059,17.584830384148
Sony,A7IV,1376,102400,83319.0,175.67754198932,68.89315372130196,17.610186625171
Sony,A7IV,1376,102400,83319.0,176.68162373629,69.28691126913333,17.635395779991
Sony,A7IV,1376,102400,83319.0,177.68570548326,69.68066881696471,17.660459544153
Sony,A7IV,1376,102400,83319.0,178.68978723023,70.07442636479607,17.685379584071
Sony,A7IV,1376,102400,83319.0,179.6938689772,70.46818391262745,17.71015753769
Sony,A7IV,1376,102400,83319.0,180.69795072417,70.86194146045882,17.734795015127
Sony,A7IV,1376,102400,83319.0,181.70203247114,71.2556990082902,17.7592935993
Sony,A7IV,1376,102400,83319.0,182.70611421811,71.64945655612158,17.783654846537
Sony,A7IV,1376,102400,83319.0,183.71019596508,72.04321410395295,17.807880287169
Sony,A7IV,1376,102400,83319.0,184.71427771206,72.43697165178824,17.831971426101
Sony,A7IV,1376,102400,83319.0,185.71835945903,72.83072919961961,17.855929743378
Sony,A7IV,1376,102400,83319.0,186.722441206,73.224486747451,17.879756694724
Sony,A7IV,1376,102400,83319.0,187.72652295297,73.61824429528234,17.903453712075
Sony,A7IV,1376,102400,83319.0,188.73060469994,74.01200184311372,17.927022204093
Sony,A7IV,1376,102400,83319.0,189.73468644691,74.4057593909451,17.950463556667
Sony,A7IV,1376,102400,83319.0,190.73876819388,74.79951693877646,17.973779133402
Sony,A7IV,1376,102400,83319.0,191.74284994085,75.19327448660785,17.996970276094
Sony,A7IV,1376,102400,83319.0,192.74693168782,75.58703203443922,18.020038305191
Sony,A7IV,1376,102400,83319.0,193.75101343479,75.98078958227059,18.042984520244
Sony,A7IV,1376,102400,83319.0,194.75509518176,76.37454713010196,18.065810200347
Sony,A7IV,1376,102400,83319.0,195.75917692873,76.76830467793333,18.088516604561
Sony,A7IV,1376,102400,83319.0,196.7632586757,77.1620622257647,18.111104972333
Sony,A7IV,1376,102400,83319.0,197.76734042267,77.55581977359608,18.133576523898
Sony,A7IV,1376,102400,83319.0,198.77142216964,77.94957732142745,18.155932460677
Sony,A7IV,1376,102400,83319.0,199.77550391662,78.34333486926275,18.178173965659
Sony,A7IV,1376,102400,83319.0,200.77958566359,78.73709241709412,18.200302203777
Sony,A7IV,1376,102400,83319.0,201.78366741056,79.1308499649255,18.222318322275
Sony,A7IV,1376,102400,83319.0,202.78774915753,79.52460751275686,18.244223451059
Sony,A7IV,1376,102400,83319.0,203.7918309045,79.91836506058823,18.266018703053
Sony,A7IV,1376,102400,83319.0,204.79591265147,80.3121226084196,18.28770517453
Sony,A7IV,1376,102400,83319.0,205.79999439844,80.70588015625097,18.309283945444
Sony,A7IV,1376,102400,83319.0,206.80407614541,81.09963770408235,18.330756079754
Sony,A7IV,1376,102400,83319.0,207.80815789238,81.49339525191373,18.352122625739
Sony,A7IV,1376,102400,83319.0,208.81223963935,81.8871527997451,18.3733846163
Sony,A7IV,1376,102400,83319.0,209.81632138632,82.28091034757648,18.394543069264
Sony,A7IV,1376,102400,83319.0,210.82040313329,82.67466789540784,18.415598987672
Sony,A7IV,1376,102400,83319.0,211.82448488026,83.0684254432392,18.436553360068
Sony,A7IV,1376,102400,83319.0,212.82856662723,83.46218299107059,18.457407160772
Sony,A7IV,1376,102400,83319.0,213.8326483742,83.85594053890196,18.478161350156
Sony,A7IV,1376,102400,83319.0,214.83673012117,84.24969808673333,18.498816874906
Sony,A7IV,1376,102400,83319.0,215.84081186815,84.64345563456862,18.519374668281
Sony,A7IV,1376,102400,83319.0,216.84489361512,85.0372131824,18.539835650369
Sony,A7IV,1376,102400,83319.0,217.84897536209,85.43097073023137,18.560200728327
Sony,A7IV,1376,102400,83319.0,218.85305710906,85.82472827806275,18.580470796628
Sony,A7IV,1376,102400,83319.0,219.85713885603,86.2184858258941,18.600646737295
Sony,A7IV,1376,102400,83319.0,220.861220603,86.61224337372548,18.620729420129
Sony,A7IV,1376,102400,83319.0,221.86530234997,87.00600092155686,18.640719702935
Sony,A7IV,1376,102400,83319.0,222.86938409694,87.39975846938823,18.66061843174
Sony,A7IV,1376,102400,83319.0,223.87346584391,87.7935160172196,18.680426441011
Sony,A7IV,1376,102400,83319.0,224.87754759088,88.18727356505099,18.700144553862
Sony,A7IV,1376,102400,83319.0,225.88162933785,88.58103111288236,18.719773582258
Sony,A7IV,1376,102400,83319.0,226.88571108482,88.97478866071373,18.739314327217
Sony,A7IV,1376,102400,83319.0,227.88979283179,89.3685462085451,18.758767579009
Sony,A7IV,1376,102400,83319.0,228.89387457876,89.76230375637647,18.778134117338
Sony,A7IV,1376,102400,83319.0,229.89795632573,90.15606130420785,18.797414711541
Sony,A7IV,1376,102400,83319.0,230.90203807271,90.54981885204315,18.816610120761
Sony,A7IV,1376,102400,83319.0,231.90611981968,90.9435763998745,18.835721094134
Sony,A7IV,1376,102400,83319.0,232.91020156665,91.33733394770587,18.854748370958
Sony,A7IV,1376,102400,83319.0,233.91428331362,91.73109149553726,18.873692680869
Sony,A7IV,1376,102400,83319.0,234.91836506059,92.12484904336863,18.892554744006
Sony,A7IV,1376,102400,83319.0,235.92244680756,92.5186065912,18.911335271174
Sony,A7IV,1376,102400,83319.0,236.92652855453,92.91236413903137,18.93003496401
Sony,A7IV,1376,102400,83319.0,237.9306103015,93.30612168686274,18.948654515132
Sony,A7IV,1376,102400,83319.0,238.93469204847,93.69987923469412,18.9671946083
Sony,A7IV,1376,102400,83319.0,239.93877379544,94.0936367825255,18.985655918563
Sony,A7IV,1376,102400,83319.0,240.94285554241,94.48739433035686,19.004039112405
Sony,A7IV,1376,102400,83319.0,241.94693728938,94.88115187818823,19.022344847893
Sony,A7IV,1376,102400,83319.0,242.95101903635,95.2749094260196,19.040573774815
Sony,A7IV,1376,102400,83319.0,243.95510078332,95.66866697385097,19.05872653482
Sony,A7IV,1376,102400,83319.0,244.95918253029,96.06242452168236,19.076803761552
Sony,A7IV,1376,102400,83319.0,245.96326427727,96.45618206951765,19.094806080783
Sony,A7IV,1376,102400,83319.0,246.96734602424,96.84993961734901,19.112734110544
Sony,A7IV,1376,102400,83319.0,247.97142777121,97.2436971651804,19.130588461251
Sony,A7IV,1376,102400,83319.0,248.97550951818,97.63745471301176,19.148369735828
Sony,A7IV,1376,102400,83319.0,249.97959126515,98.03121226084313,19.166078529833
Sony,A7IV,1376,102400,83319.0,250.98367301212,98.42496980867452,19.183715431573
Sony,A7IV,1376,102400,83319.0,251.98775475909,98.81872735650587,19.201281022226
Sony,A7IV,1376,102400,83319.0,252.99183650606,99.21248490433724,19.218775875952
Sony,A7IV,1376,102400,83319.0,253.99591825303,99.60624245216863,19.236200560005
Sony,A7IV,1376,102400,83319.0,255,100.0,19.253555634847
Sony,A7IV,1376,204800,184577.0,11.008135486133,4.316915876914902,0
Sony,A7IV,1376,204800,184577.0,12.012217233104,4.710673424746666,0.5163595346934
Sony,A7IV,1376,204800,184577.0,13.016298980075,5.104430972578431,0.98457606976305
Sony,A7IV,1376,204800,184577.0,14.020380727045,5.498188520409804,1.4124311074182
Sony,A7IV,1376,204800,184577.0,15.024462474016,5.891946068241569,1.8060066283002
Sony,A7IV,1376,204800,184577.0,16.028544220986,6.285703616072941,2.1701396947056
Sony,A7IV,1376,204800,184577.0,17.032625967957,6.679461163904706,2.5087357984621
Sony,A7IV,1376,204800,184577.0,18.036707714928,7.07321871173647,2.8249902817869
Sony,A7IV,1376,204800,184577.0,19.040789461898,7.4669762595678435,3.121548230293
Sony,A7IV,1376,204800,184577.0,20.044871208869,7.860733807399608,3.4006221615288
Sony,A7IV,1376,204800,184577.0,21.04895295584,8.254491355231373,3.6640801300901
Sony,A7IV,1376,204800,184577.0,22.05303470281,8.648248903062743,3.913512692936
Sony,A7IV,1376,204800,184577.0,23.057116449781,9.042006450894508,4.1502845058625
Sony,A7IV,1376,204800,184577.0,24.061198196752,9.435763998726273,4.3755745717471
Sony,A7IV,1376,204800,184577.0,25.065279943722,9.829521546557647,4.5904079905973
Sony,A7IV,1376,204800,184577.0,26.069361690693,10.223279094389412,4.7956812636098
Sony,A7IV,1376,204800,184577.0,27.073443437664,10.617036642221176,4.992182650251
Sony,A7IV,1376,204800,184577.0,28.077525184634,11.010794190052549,5.1806086877193
Sony,A7IV,1376,204800,184577.0,29.081606931605,11.404551737884313,5.3615777037249
Sony,A7IV,1376,204800,184577.0,30.085688678575,11.798309285715685,5.5356409519207
Sony,A7IV,1376,204800,184577.0,31.089770425546,12.19206683354745,5.7032918515494
Sony,A7IV,1376,204800,184577.0,32.093852172517,12.585824381379219,5.8649737033278
Sony,A7IV,1376,204800,184577.0,33.097933919487,12.979581929210587,6.0210861715289
Sony,A7IV,1376,204800,184577.0,34.102015666458,13.373339477042354,6.1719907601357
Sony,A7IV,1376,204800,184577.0,35.106097413429,13.767097024874117,6.3180154635464
Sony,A7IV,1376,204800,184577.0,36.110179160399,14.160854572705489,6.4594587358119
Sony,A7IV,1376,204800,184577.0,37.11426090737,14.554612120537255,6.5965928940568
Sony,A7IV,1376,204800,184577.0,38.118342654341,14.948369668369018,6.7296670495758
Sony,A7IV,1376,204800,184577.0,39.122424401311,15.342127216200394,6.8589096426488
Sony,A7IV,1376,204800,184577.0,40.126506148282,15.735884764032157,6.9845306432705
Sony,A7IV,1376,204800,184577.0,41.130587895253,16.129642311863922,7.1067234689529
Sony,A7IV,1376,204800,184577.0,42.134669642223,16.523399859695296,7.2256666618861
Sony,A7IV,1376,204800,184577.0,43.138751389194,16.917157407527057,7.3415253605856
Sony,A7IV,1376,204800,184577.0,44.142833136165,17.310914955358825,7.4544525953419
Sony,A7IV,1376,204800,184577.0,45.146914883135,17.704672503190196,7.5645904320461
Sony,A7IV,1376,204800,184577.0,46.150996630106,18.09843005102196,7.6720709850735
Sony,A7IV,1376,204800,184577.0,47.155078377076,18.492187598853334,7.7770173167087
Sony,A7IV,1376,204800,184577.0,48.159160124047,18.8859451466851,7.8795442379392
Sony,A7IV,1376,204800,184577.0,49.163241871018,19.279702694516864,7.9797590232462
Sony,A7IV,1376,204800,184577.0,50.167323617988,19.673460242348238,8.0777620501805
Sony,A7IV,1376,204800,184577.0,51.171405364959,20.06721779018,8.1736473729725
Sony,A7IV,1376,204800,184577.0,52.17548711193,20.460975338011767,8.267503238132
Sony,A7IV,1376,204800,184577.0,53.1795688589,20.854732885843134,8.3594125488992
Sony,A7IV,1376,204800,184577.0,54.183650605871,21.248490433674903,8.4494532844853
Sony,A7IV,1376,204800,184577.0,55.187732352842,21.642247981506664,8.5376988792551
Sony,A7IV,1376,204800,184577.0,56.191814099812,22.03600552933804,8.6242185663347
Sony,A7IV,1376,204800,184577.0,57.195895846783,22.429763077169806,8.7090776895545
Sony,A7IV,1376,204800,184577.0,58.199977593754,22.823520625001567,8.7923379871486
Sony,A7IV,1376,204800,184577.0,59.204059340724,23.21727817283294,8.8740578502092
Sony,A7IV,1376,204800,184577.0,60.208141087695,23.611035720664706,8.9542925585303
Sony,A7IV,1376,204800,184577.0,61.212222834666,24.00479326849647,9.0330944961637
Sony,A7IV,1376,204800,184577.0,62.216304581636,24.398550816327845,9.1105133487344
Sony,A7IV,1376,204800,184577.0,63.220386328607,24.792308364159606,9.1865962843288
Sony,A7IV,1376,204800,184577.0,64.224468075578,25.186065911991374,9.2613881195622
Sony,A7IV,1376,204800,184577.0,65.228549822548,25.579823459822748,9.3349314722516
Sony,A7IV,1376,204800,184577.0,66.232631569519,25.973581007654513,9.4072669019658
Sony,A7IV,1376,204800,184577.0,67.236713316489,26.36733855548588,9.478433039582
Sony,A7IV,1376,204800,184577.0,68.24079506346,26.761096103317644,9.5484667068624
Sony,A7IV,1376,204800,184577.0,69.244876810431,27.15485365114941,9.6174030269537
Sony,A7IV,1376,204800,184577.0,70.248958557401,27.548611198980783,9.6852755266219
Sony,A7IV,1376,204800,184577.0,71.253040304372,27.94236874681255,9.7521162309486
Sony,A7IV,1376,204800,184577.0,72.257122051343,28.336126294644316,9.817955751144
Sony,A7IV,1376,204800,184577.0,73.261203798313,28.72988384247569,9.8828233660662
Sony,A7IV,1376,204800,184577.0,74.265285545284,29.123641390307455,9.9467470979773
Sony,A7IV,1376,204800,184577.0,75.269367292255,29.517398938139216,10.009753783018
Sony,A7IV,1376,204800,184577.0,76.273449039225,29.911156485970587,10.07186913683
Sony,A7IV,1376,204800,184577.0,77.277530786196,30.304914033802348,10.133117815732
Sony,A7IV,1376,204800,184577.0,78.281612533166,30.698671581633725,10.193523473785
Sony,A7IV,1376,204800,184577.0,79.285694280137,31.092429129465486,10.253108816092
Sony,A7IV,1376,204800,184577.0,80.289776027108,31.486186677297255,10.311895648615
Sony,A7IV,1376,204800,184577.0,81.293857774078,31.879944225128632,10.36990492478
Sony,A7IV,1376,204800,184577.0,82.297939521049,32.27370177296039,10.427156789112
Sony,A7IV,1376,204800,184577.0,83.30202126802,32.66745932079216,10.48367061813
Sony,A7IV,1376,204800,184577.0,84.30610301499,33.061216868623525,10.539465058699
Sony,A7IV,1376,204800,184577.0,85.310184761961,33.45497441645529,10.594558064025
Sony,A7IV,1376,204800,184577.0,86.314266508932,33.848731964287055,10.648966927471
Sony,A7IV,1376,204800,184577.0,87.318348255902,34.24248951211843,10.702708314345
Sony,A7IV,1376,204800,184577.0,88.322430002873,34.6362470599502,10.755798291801
Sony,A7IV,1376,204800,184577.0,89.326511749844,35.03000460778196,10.808252356992
Sony,A7IV,1376,204800,184577.0,90.330593496814,35.42376215561334,10.860085463591
Sony,A7IV,1376,204800,184577.0,91.334675243785,35.8175197034451,10.911312046795
Sony,A7IV,1376,204800,184577.0,92.338756990755,36.21127725127647,10.961946046909
Sony,A7IV,1376,204800,184577.0,93.342838737726,36.60503479910823,11.012000931615
Sony,A7IV,1376,204800,184577.0,94.346920484697,36.99879234693999,11.061489717003
Sony,A7IV,1376,204800,184577.0,95.351002231667,37.39254989477137,11.110424987448
Sony,A7IV,1376,204800,184577.0,96.355083978638,37.78630744260314,11.158818914414
Sony,A7IV,1376,204800,184577.0,97.359165725609,38.1800649904349,11.20668327425
Sony,A7IV,1376,204800,184577.0,98.363247472579,38.57382253826628,11.254029465028
Sony,A7IV,1376,204800,184577.0,99.36732921955,38.96758008609804,11.300868522518
Sony,A7IV,1376,204800,184577.0,100.37141096652,39.36133763392941,11.347211135311
Sony,A7IV,1376,204800,184577.0,101.37549271349,39.75509518176079,11.393067659175
Sony,A7IV,1376,204800,184577.0,102.37957446046,40.14885272959216,11.438448130679
Sony,A7IV,1376,204800,184577.0,103.38365620743,40.54261027742353,11.483362280125
Sony,A7IV,1376,204800,184577.0,104.3877379544,40.9363678252549,11.527819543834
Sony,A7IV,1376,204800,184577.0,105.39181970137,41.330125373086275,11.57182907583
Sony,A7IV,1376,204800,184577.0,106.39590144834,41.723882920917646,11.615399758944
Sony,A7IV,1376,204800,184577.0,107.39998319532,42.117640468752946,11.658540215381
Sony,A7IV,1376,204800,184577.0,108.40406494229,42.511398016584316,11.701258816785
Sony,A7IV,1376,204800,184577.0,109.40814668926,42.90515556441568,11.743563693813
Sony,A7IV,1376,204800,184577.0,110.41222843623,43.29891311224706,11.785462745269
Sony,A7IV,1376,204800,184577.0,111.4163101832,43.692670660078434,11.826963646802
Sony,A7IV,1376,204800,184577.0,112.42039193017,44.086428207909805,11.868073859207
Sony,A7IV,1376,204800,184577.0,113.42447367714,44.480185755741175,11.908800636339
Sony,A7IV,1376,204800,184577.0,114.42855542411,44.87394330357255,11.949151032674
Sony,A7IV,1376,204800,184577.0,115.43263717108,45.26770085140392,11.989131910524
Sony,A7IV,1376,204800,184577.0,116.43671891805,45.66145839923529,12.028749946927
Sony,A7IV,1376,204800,184577.0,117.44080066502,46.05521594706667,12.068011640243
Sony,A7IV,1376,204800,184577.0,118.44488241199,46.44897349489804,12.106923316443
Sony,A7IV,1376,204800,184577.0,119.44896415896,46.842731042729405,12.145491135143
Sony,A7IV,1376,204800,184577.0,120.45304590593,47.23648859056078,12.18372109536
Sony,A7IV,1376,204800,184577.0,121.4571276529,47.63024613839216,12.221619041035
Sony,A7IV,1376,204800,184577.0,122.46120939987,48.02400368622353,12.259190666314
Sony,A7IV,1376,204800,184577.0,123.46529114685,48.41776123405882,12.296441520608
Sony,A7IV,1376,204800,184577.0,124.46937289382,48.81151878189019,12.333377013444
Sony,A7IV,1376,204800,184577.0,125.47345464079,49.20527632972156,12.370002419111
Sony,A7IV,1376,204800,184577.0,126.47753638776,49.59903387755294,12.406322881121
Sony,A7IV,1376,204800,184577.0,127.48161813473,49.99279142538431,12.44234341648
Sony,A7IV,1376,204800,184577.0,128.4856998817,50.38654897321568,12.478068919795
Sony,A7IV,1376,204800,184577.0,129.48978162867,50.78030652104706,12.51350416721
Sony,A7IV,1376,204800,184577.0,130.49386337564,51.17406406887842,12.548653820189
Sony,A7IV,1376,204800,184577.0,131.49794512261,51.5678216167098,12.583522429148
Sony,A7IV,1376,204800,184577.0,132.50202686958,51.96157916454117,12.618114436942
Sony,A7IV,1376,204800,184577.0,133.50610861655,52.35533671237255,12.652434182223
Sony,A7IV,1376,204800,184577.0,134.51019036352,52.74909426020392,12.686485902663
Sony,A7IV,1376,204800,184577.0,135.51427211049,53.142851808035296,12.720273738057
Sony,A7IV,1376,204800,184577.0,136.51835385746,53.53660935586667,12.753801733302
Sony,A7IV,1376,204800,184577.0,137.52243560443,53.93036690369804,12.787073841273
Sony,A7IV,1376,204800,184577.0,138.52651735141,54.324124451533336,12.820093925583
Sony,A7IV,1376,204800,184577.0,139.53059909838,54.717881999364714,12.852865763246
Sony,A7IV,1376,204800,184577.0,140.53468084535,55.11163954719608,12.885393047237
Sony,A7IV,1376,204800,184577.0,141.53876259232,55.505397095027455,12.917679388963
Sony,A7IV,1376,204800,184577.0,142.54284433929,55.899154642858825,12.949728320639
Sony,A7IV,1376,204800,184577.0,143.54692608626,56.29291219069019,12.981543297584
Sony,A7IV,1376,204800,184577.0,144.55100783323,56.686669738521566,13.013127700429
Sony,A7IV,1376,204800,184577.0,145.5550895802,57.08042728635294,13.04448483725
Sony,A7IV,1376,204800,184577.0,146.55917132717,57.47418483418431,13.075617945627
Sony,A7IV,1376,204800,184577.0,147.56325307414,57.86794238201568,13.106530194624
Sony,A7IV,1376,204800,184577.0,148.56733482111,58.261699929847055,13.137224686707
Sony,A7IV,1376,204800,184577.0,149.57141656808,58.65545747767843,13.167704459591
Sony,A7IV,1376,204800,184577.0,150.57549831505,59.0492150255098,13.19797248803
Sony,A7IV,1376,204800,184577.0,151.57958006202,59.44297257334118,13.228031685534
Sony,A7IV,1376,204800,184577.0,152.58366180899,59.83673012117256,13.257884906041
Sony,A7IV,1376,204800,184577.0,153.58774355596,60.23048766900392,13.287534945523
Sony,A7IV,1376,204800,184577.0,154.59182530294,60.62424521683922,13.316984543545
Sony,A7IV,1376,204800,184577.0,155.59590704991,61.018002764670584,13.346236384765
Sony,A7IV,1376,204800,184577.0,156.59998879688,61.41176031250196,13.375293100391
Sony,A7IV,1376,204800,184577.0,157.60407054385,61.80551786033334,13.404157269589
Sony,A7IV,1376,204800,184577.0,158.60815229082,62.1992754081647,13.432831420839
Sony,A7IV,1376,204800,184577.0,159.61223403779,62.59303295599607,13.461318033255
Sony,A7IV,1376,204800,184577.0,160.61631578476,62.98679050382745,13.48961953786
Sony,A7IV,1376,204800,184577.0,161.62039753173,63.38054805165883,13.517738318817
Sony,A7IV,1376,204800,184577.0,162.6244792787,63.77430559949019,13.545676714624
Sony,A7IV,1376,204800,184577.0,163.62856102567,64.16806314732156,13.57343701927
Sony,A7IV,1376,204800,184577.0,164.63264277264,64.56182069515293,13.601021483357
Sony,A7IV,1376,204800,184577.0,165.63672451961,64.95557824298432,13.628432315184
Sony,A7IV,1376,204800,184577.0,166.64080626658,65.34933579081569,13.655671681798
Sony,A7IV,1376,204800,184577.0,167.64488801355,65.74309333864706,13.682741710014
Sony,A7IV,1376,204800,184577.0,168.64896976052,66.13685088647844,13.709644487402
Sony,A7IV,1376,204800,184577.0,169.6530515075,66.53060843431373,13.736382063246
Sony,A7IV,1376,204800,184577.0,170.65713325447,66.9243659821451,13.762956449473
Sony,A7IV,1376,204800,184577.0,171.66121500144,67.31812352997648,13.789369621551
Sony,A7IV,1376,204800,184577.0,172.66529674841,67.71188107780783,13.815623519367
Sony,A7IV,1376,204800,184577.0,173.66937849538,68.10563862563922,13.841720048072
Sony,A7IV,1376,204800,184577.0,174.67346024235,68.49939617347059,13.867661078905
Sony,A7IV,1376,204800,184577.0,175.67754198932,68.89315372130196,13.893448449992
Sony,A7IV,1376,204800,184577.0,176.68162373629,69.28691126913333,13.919083967121
Sony,A7IV,1376,204800,184577.0,177.68570548326,69.68066881696471,13.944569404493
Sony,A7IV,1376,204800,184577.0,178.68978723023,70.07442636479607,13.969906505458
Sony,A7IV,1376,204800,184577.0,179.6938689772,70.46818391262745,13.995096983218
Sony,A7IV,1376,204800,184577.0,180.69795072417,70.86194146045882,14.020142521524
Sony,A7IV,1376,204800,184577.0,181.70203247114,71.2556990082902,14.045044775341
Sony,A7IV,1376,204800,184577.0,182.70611421811,71.64945655612158,14.069805371502
Sony,A7IV,1376,204800,184577.0,183.71019596508,72.04321410395295,14.09442590934
Sony,A7IV,1376,204800,184577.0,184.71427771206,72.43697165178824,14.118907961303
Sony,A7IV,1376,204800,184577.0,185.71835945903,72.83072919961961,14.143253073554
Sony,A7IV,1376,204800,184577.0,186.722441206,73.224486747451,14.16746276655
Sony,A7IV,1376,204800,184577.0,187.72652295297,73.61824429528234,14.19153853561
Sony,A7IV,1376,204800,184577.0,188.73060469994,74.01200184311372,14.215481851464
Sony,A7IV,1376,204800,184577.0,189.73468644691,74.4057593909451,14.239294160789
Sony,A7IV,1376,204800,184577.0,190.73876819388,74.79951693877646,14.26297688673
Sony,A7IV,1376,204800,184577.0,191.74284994085,75.19327448660785,14.286531429406
Sony,A7IV,1376,204800,184577.0,192.74693168782,75.58703203443922,14.309959166404
Sony,A7IV,1376,204800,184577.0,193.75101343479,75.98078958227059,14.333261453258
Sony,A7IV,1376,204800,184577.0,194.75509518176,76.37454713010196,14.356439623919
Sony,A7IV,1376,204800,184577.0,195.75917692873,76.76830467793333,14.379494991208
Sony,A7IV,1376,204800,184577.0,196.7632586757,77.1620622257647,14.402428847259
Sony,A7IV,1376,204800,184577.0,197.76734042267,77.55581977359608,14.425242463953
Sony,A7IV,1376,204800,184577.0,198.77142216964,77.94957732142745,14.447937093335
Sony,A7IV,1376,204800,184577.0,199.77550391662,78.34333486926275,14.470513968027
Sony,A7IV,1376,204800,184577.0,200.77958566359,78.73709241709412,14.492974301627
Sony,A7IV,1376,204800,184577.0,201.78366741056,79.1308499649255,14.515319289094
Sony,A7IV,1376,204800,184577.0,202.78774915753,79.52460751275686,14.537550107131
Sony,A7IV,1376,204800,184577.0,203.7918309045,79.91836506058823,14.559667914556
Sony,A7IV,1376,204800,184577.0,204.79591265147,80.3121226084196,14.581673852656
Sony,A7IV,1376,204800,184577.0,205.79999439844,80.70588015625097,14.603569045544
Sony,A7IV,1376,204800,184577.0,206.80407614541,81.09963770408235,14.625354600499
Sony,A7IV,1376,204800,184577.0,207.80815789238,81.49339525191373,14.647031608299
Sony,A7IV,1376,204800,184577.0,208.81223963935,81.8871527997451,14.66860114355
Sony,A7IV,1376,204800,184577.0,209.81632138632,82.28091034757648,14.690064265001
Sony,A7IV,1376,204800,184577.0,210.82040313329,82.67466789540784,14.711422015855
Sony,A7IV,1376,204800,184577.0,211.82448488026,83.0684254432392,14.732675424071
Sony,A7IV,1376,204800,184577.0,212.82856662723,83.46218299107059,14.75382550266
Sony,A7IV,1376,204800,184577.0,213.8326483742,83.85594053890196,14.774873249972
Sony,A7IV,1376,204800,184577.0,214.83673012117,84.24969808673333,14.79581964998
Sony,A7IV,1376,204800,184577.0,215.84081186815,84.64345563456862,14.816665672548
Sony,A7IV,1376,204800,184577.0,216.84489361512,85.0372131824,14.837412273707
Sony,A7IV,1376,204800,184577.0,217.84897536209,85.43097073023137,14.858060395912
Sony,A7IV,1376,204800,184577.0,218.85305710906,85.82472827806275,14.878610968297
Sony,A7IV,1376,204800,184577.0,219.85713885603,86.2184858258941,14.899064906927
Sony,A7IV,1376,204800,184577.0,220.861220603,86.61224337372548,14.919423115039
Sony,A7IV,1376,204800,184577.0,221.86530234997,87.00600092155686,14.939686483284
Sony,A7IV,1376,204800,184577.0,222.86938409694,87.39975846938823,14.959855889956
Sony,A7IV,1376,204800,184577.0,223.87346584391,87.7935160172196,14.97993220122
Sony,A7IV,1376,204800,184577.0,224.87754759088,88.18727356505099,14.999916271335
Sony,A7IV,1376,204800,184577.0,225.88162933785,88.58103111288236,15.019808942869
Sony,A7IV,1376,204800,184577.0,226.88571108482,88.97478866071373,15.039611046914
Sony,A7IV,1376,204800,184577.0,227.88979283179,89.3685462085451,15.059323403292
Sony,A7IV,1376,204800,184577.0,228.89387457876,89.76230375637647,15.078946820756
Sony,A7IV,1376,204800,184577.0,229.89795632573,90.15606130420785,15.09848209719
Sony,A7IV,1376,204800,184577.0,230.90203807271,90.54981885204315,15.117930019802
Sony,A7IV,1376,204800,184577.0,231.90611981968,90.9435763998745,15.137291365314
Sony,A7IV,1376,204800,184577.0,232.91020156665,91.33733394770587,15.156566900146
Sony,A7IV,1376,204800,184577.0,233.91428331362,91.73109149553726,15.175757380599
Sony,A7IV,1376,204800,184577.0,234.91836506059,92.12484904336863,15.194863553031
Sony,A7IV,1376,204800,184577.0,235.92244680756,92.5186065912,15.213886154029
Sony,A7IV,1376,204800,184577.0,236.92652855453,92.91236413903137,15.232825910582
Sony,A7IV,1376,204800,184577.0,237.9306103015,93.30612168686274,15.251683540243
Sony,A7IV,1376,204800,184577.0,238.93469204847,93.69987923469412,15.270459751295
Sony,A7IV,1376,204800,184577.0,239.93877379544,94.0936367825255,15.289155242907
Sony,A7IV,1376,204800,184577.0,240.94285554241,94.48739433035686,15.307770705291
Sony,A7IV,1376,204800,184577.0,241.94693728938,94.88115187818823,15.326306819855
Sony,A7IV,1376,204800,184577.0,242.95101903635,95.2749094260196,15.344764259349
Sony,A7IV,1376,204800,184577.0,243.95510078332,95.66866697385097,15.363143688014
Sony,A7IV,1376,204800,184577.0,244.95918253029,96.06242452168236,15.381445761724
Sony,A7IV,1376,204800,184577.0,245.96326427727,96.45618206951765,15.399671128123
Sony,A7IV,1376,204800,184577.0,246.96734602424,96.84993961734901,15.417820426767
Sony,A7IV,1376,204800,184577.0,247.97142777121,97.2436971651804,15.435894289254
Sony,A7IV,1376,204800,184577.0,248.97550951818,97.63745471301176,15.453893339355
Sony,A7IV,1376,204800,184577.0,249.97959126515,98.03121226084313,15.471818193147
Sony,A7IV,1376,204800,184577.0,250.98367301212,98.42496980867452,15.489669459135
Sony,A7IV,1376,204800,184577.0,251.98775475909,98.81872735650587,15.507447738377
Sony,A7IV,1376,204800,184577.0,252.99183650606,99.21248490433724,15.525153624603
Sony,A7IV,1376,204800,184577.0,253.99591825303,99.60624245216863,15.542787704337
Sony,A7IV,1376,204800,184577.0,255,100.0,15.56035055701
