brand,model,sensor_id,iso_manufacturer,iso_measured,gray_level_255,gray_pct,snr_db
Sony,NEX-C3,715,200,149.0,0.075678587710847,0.02967787753366549,0
Sony,NEX-C3,715,200,149.0,0.11278803753004,0.04423060295295686,3.1431794132416
Sony,NEX-C3,715,200,149.0,0.18917714226504,0.07418711461374118,7.0381415348828
Sony,NEX-C3,715,200,149.0,0.36424371400184,0.14284067215758434,11.607506731334
Sony,NEX-C3,715,200,149.0,0.7344313246391,0.2880122841721961,15.991695808931
Sony,NEX-C3,715,200,149.0,1.4749162328744,0.5783985226958431,19.870019171216
Sony,NEX-C3,715,200,149.0,2.800562241401,1.0982597025101961,23.114076590614
Sony,NEX-C3,715,200,149.0,3.8134113890259,1.4954554466768235,24.59664436682
Sony,NEX-C3,715,200,149.0,4.8262605366508,1.892651190843451,25.701552589606
Sony,NEX-C3,715,200,149.0,5.8391096842757,2.289846935010078,26.581119114237
Sony,NEX-C3,715,200,149.0,6.8519588319006,2.687042679176706,27.311106276121
Sony,NEX-C3,715,200,149.0,7.8648079795255,3.0842384233433333,27.934620629941
Sony,NEX-C3,715,200,149.0,8.8776571271504,3.4814341675099607,28.478506413655
Sony,NEX-C3,715,200,149.0,9.8905062747753,3.8786299116765877,28.960604897176
Sony,NEX-C3,715,200,149.0,10.9033554224,4.275825655843137,29.393372155681
Sony,NEX-C3,715,200,149.0,11.916204570025,4.673021400009804,29.785846580193
Sony,NEX-C3,715,200,149.0,12.92905371765,5.07021714417647,30.144793545612
Sony,NEX-C3,715,200,149.0,13.941902865275,5.467412888343138,30.475408137075
Sony,NEX-C3,715,200,149.0,14.9547520129,5.864608632509804,30.781765927034
Sony,NEX-C3,715,200,149.0,15.967601160525,6.26180437667647,31.067122905698
Sony,NEX-C3,715,200,149.0,16.98045030815,6.659000120843138,31.334121317041
Sony,NEX-C3,715,200,149.0,17.993299455774,7.056195865009412,31.584934719731
Sony,NEX-C3,715,200,149.0,19.006148603399,7.453391609176078,31.82137259841
Sony,NEX-C3,715,200,149.0,20.018997751024,7.850587353342744,32.044957341171
Sony,NEX-C3,715,200,149.0,21.031846898649,8.247783097509412,32.25698190066
Sony,NEX-C3,715,200,149.0,22.044696046274,8.64497884167608,32.4585536758
Sony,NEX-C3,715,200,149.0,23.057545193899,9.042174585842746,32.650628384317
Sony,NEX-C3,715,200,149.0,24.070394341524,9.439370330009412,32.834036545503
Sony,NEX-C3,715,200,149.0,25.083243489149,9.836566074176078,33.009504426504
Sony,NEX-C3,715,200,149.0,26.096092636774,10.233761818342744,33.17767078502
Sony,NEX-C3,715,200,149.0,27.108941784398,10.63095756250902,33.339100381443
Sony,NEX-C3,715,200,149.0,28.121790932023,11.028153306675687,33.49429498053
Sony,NEX-C3,715,200,149.0,29.134640079648,11.425349050842353,33.643702382141
Sony,NEX-C3,715,200,149.0,30.147489227273,11.82254479500902,33.787723890034
Sony,NEX-C3,715,200,149.0,31.160338374898,12.219740539175685,33.926720531997
Sony,NEX-C3,715,200,149.0,32.173187522523,12.616936283342353,34.061018273682
Sony,NEX-C3,715,200,149.0,33.186036670148,13.01413202750902,34.19091241535
Sony,NEX-C3,715,200,149.0,34.198885817773,13.411327771675685,34.316671320484
Sony,NEX-C3,715,200,149.0,35.211734965398,13.808523515842353,34.438539594511
Sony,NEX-C3,715,200,149.0,36.224584113023,14.205719260009019,34.556740808134
Sony,NEX-C3,715,200,149.0,37.237433260647,14.602915004175296,34.671479841382
Sony,NEX-C3,715,200,149.0,38.250282408272,15.00011074834196,34.782944910033
Sony,NEX-C3,715,200,149.0,39.263131555897,15.397306492508624,34.891309324694
Sony,NEX-C3,715,200,149.0,40.275980703522,15.794502236675296,34.996733023762
Sony,NEX-C3,715,200,149.0,41.288829851147,16.19169798084196,35.099363914279
Sony,NEX-C3,715,200,149.0,42.301678998772,16.588893725008628,35.199339048847
Sony,NEX-C3,715,200,149.0,43.314528146397,16.986089469175294,35.296785662091
Sony,NEX-C3,715,200,149.0,44.327377294022,17.383285213341964,35.391822086309
Sony,NEX-C3,715,200,149.0,45.340226441647,17.780480957508626,35.484558562813
Sony,NEX-C3,715,200,149.0,46.353075589272,18.177676701675296,35.575097962918
Sony,NEX-C3,715,200,149.0,47.365924736896,18.574872445841567,35.663536430374
Sony,NEX-C3,715,200,149.0,48.378773884521,18.972068190008237,35.749963955302
Sony,NEX-C3,715,200,149.0,49.391623032146,19.369263934174903,35.834464888204
Sony,NEX-C3,715,200,149.0,50.404472179771,19.76645967834157,35.917118401413
Sony,NEX-C3,715,200,149.0,51.417321327396,20.163655422508235,35.997998904294
Sony,NEX-C3,715,200,149.0,52.430170475021,20.5608511666749,36.077176417652
Sony,NEX-C3,715,200,149.0,53.443019622646,20.958046910841567,36.154716912066
Sony,NEX-C3,715,200,149.0,54.455868770271,21.355242655008237,36.230682614231
Sony,NEX-C3,715,200,149.0,55.468717917896,21.752438399174903,36.305132284885
Sony,NEX-C3,715,200,149.0,56.48156706552,22.149634143341178,36.37812147141
Sony,NEX-C3,715,200,149.0,57.494416213145,22.546829887507844,36.449702737846
Sony,NEX-C3,715,200,149.0,58.50726536077,22.94402563167451,36.519925874673
Sony,NEX-C3,715,200,149.0,59.520114508395,23.341221375841176,36.588838090488
Sony,NEX-C3,715,200,149.0,60.53296365602,23.738417120007842,36.656484187398
Sony,NEX-C3,715,200,149.0,61.545812803645,24.13561286417451,36.722906721772
Sony,NEX-C3,715,200,149.0,62.55866195127,24.532808608341174,36.788146151794
Sony,NEX-C3,715,200,149.0,63.571511098895,24.930004352507844,36.85224097309
Sony,NEX-C3,715,200,149.0,64.58436024652,25.327200096674513,36.915227843575
Sony,NEX-C3,715,200,149.0,65.597209394145,25.724395840841176,36.977141698526
Sony,NEX-C3,715,200,149.0,66.610058541769,26.121591585007454,37.038015856795
Sony,NEX-C3,715,200,149.0,67.622907689394,26.518787329174113,37.097882118949
Sony,NEX-C3,715,200,149.0,68.635756837019,26.915983073340787,37.156770858083
Sony,NEX-C3,715,200,149.0,69.648605984644,27.313178817507456,37.214711103943
Sony,NEX-C3,715,200,149.0,70.661455132269,27.71037456167412,37.271730620939
Sony,NEX-C3,715,200,149.0,71.674304279894,28.107570305840785,37.327855980578
Sony,NEX-C3,715,200,149.0,72.687153427519,28.504766050007447,37.38311262879
Sony,NEX-C3,715,200,149.0,73.700002575144,28.90196179417412,37.437524948571
Sony,NEX-C3,715,200,149.0,74.712851722769,29.299157538340786,37.49111631832
Sony,NEX-C3,715,200,149.0,75.725700870393,29.69635328250706,37.543909166243
Sony,NEX-C3,715,200,149.0,76.738550018018,30.093549026673728,37.595925021109
Sony,NEX-C3,715,200,149.0,77.751399165643,30.49074477084039,37.647184559672
Sony,NEX-C3,715,200,149.0,78.764248313268,30.887940515007056,37.697707651006
Sony,NEX-C3,715,200,149.0,79.777097460893,31.28513625917373,37.747513397991
Sony,NEX-C3,715,200,149.0,80.789946608518,31.68233200334039,37.796620176174
Sony,NEX-C3,715,200,149.0,81.802795756143,32.07952774750706,37.845045670192
Sony,NEX-C3,715,200,149.0,82.815644903768,32.476723491673724,37.89280690795
Sony,NEX-C3,715,200,149.0,83.828494051393,32.87391923584039,37.939920292704
Sony,NEX-C3,715,200,149.0,84.841343199018,33.27111498000706,37.986401633217
Sony,NEX-C3,715,200,149.0,85.854192346642,33.66831072417333,38.03226617211
Sony,NEX-C3,715,200,149.0,86.867041494267,34.065506468340004,38.077528612548
Sony,NEX-C3,715,200,149.0,87.879890641892,34.46270221250667,38.122203143371
Sony,NEX-C3,715,200,149.0,88.892739789517,34.85989795667333,38.166303462775
Sony,NEX-C3,715,200,149.0,89.905588937142,35.257093700839995,38.209842800651
Sony,NEX-C3,715,200,149.0,90.918438084767,35.65428944500667,38.252833939667
Sony,NEX-C3,715,200,149.0,91.931287232392,36.051485189173334,38.29528923517
Sony,NEX-C3,715,200,149.0,92.944136380017,36.44868093334,38.337220634002
Sony,NEX-C3,715,200,149.0,93.956985527642,36.845876677506666,38.378639692288
Sony,NEX-C3,715,200,149.0,94.969834675266,37.24307242167294,38.419557592265
Sony,NEX-C3,715,200,149.0,95.982683822891,37.64026816583961,38.459985158218
Sony,NEX-C3,715,200,149.0,96.995532970516,38.037463910006274,38.499932871573
Sony,NEX-C3,715,200,149.0,98.008382118141,38.43465965417294,38.539410885205
Sony,NEX-C3,715,200,149.0,99.021231265766,38.83185539833961,38.578429037007
Sony,NEX-C3,715,200,149.0,100.03408041339,39.22905114250588,38.616996862766
Sony,NEX-C3,715,200,149.0,101.04692956102,39.62624688667451,38.655123608385
Sony,NEX-C3,715,200,149.0,102.05977870864,40.02344263083921,38.6928182415
Sony,NEX-C3,715,200,149.0,103.07262785627,40.42063837500785,38.730089462515
Sony,NEX-C3,715,200,149.0,104.08547700389,40.81783411917255,38.766945715093
Sony,NEX-C3,715,200,149.0,105.09832615152,41.21502986334117,38.803395196151
Sony,NEX-C3,715,200,149.0,106.11117529914,41.612225607505884,38.839445865354
Sony,NEX-C3,715,200,149.0,107.12402444677,42.00942135167451,38.875105454173
Sony,NEX-C3,715,200,149.0,108.13687359439,42.406617095839216,38.910381474508
Sony,NEX-C3,715,200,149.0,109.14972274201,42.80381284000392,38.945281226905
Sony,NEX-C3,715,200,149.0,110.16257188964,43.20100858417255,38.979811808401
Sony,NEX-C3,715,200,149.0,111.17542103726,43.59820432833725,39.013980119998
Sony,NEX-C3,715,200,149.0,112.18827018489,43.99540007250588,39.047792873806
Sony,NEX-C3,715,200,149.0,113.20111933251,44.392595816670585,39.081256599857
Sony,NEX-C3,715,200,149.0,114.21396848014,44.78979156083921,39.114377652622
Sony,NEX-C3,715,200,149.0,115.22681762776,45.186987305003925,39.147162217228
Sony,NEX-C3,715,200,149.0,116.23966677539,45.58418304917255,39.179616315415
Sony,NEX-C3,715,200,149.0,117.25251592301,45.98137879333725,39.211745811225
Sony,NEX-C3,715,200,149.0,118.26536507064,46.378574537505884,39.243556416447
Sony,NEX-C3,715,200,149.0,119.27821421826,46.77577028167059,39.275053695833
Sony,NEX-C3,715,200,149.0,120.29106336589,47.172966025839216,39.306243072086
Sony,NEX-C3,715,200,149.0,121.30391251351,47.57016177000392,39.337129830645
Sony,NEX-C3,715,200,149.0,122.31676166114,47.967357514172555,39.367719124266
Sony,NEX-C3,715,200,149.0,123.32961080876,48.36455325833725,39.398015977416
Sony,NEX-C3,715,200,149.0,124.34245995639,48.76174900250588,39.428025290485
Sony,NEX-C3,715,200,149.0,125.35530910401,49.15894474667059,39.457751843824
Sony,NEX-C3,715,200,149.0,126.36815825164,49.55614049083921,39.487200301631
Sony,NEX-C3,715,200,149.0,127.38100739926,49.95333623500392,39.516375215665
Sony,NEX-C3,715,200,149.0,128.39385654689,50.350531979172544,39.545281028827
Sony,NEX-C3,715,200,149.0,129.40670569451,50.747727723337256,39.573922078591
Sony,NEX-C3,715,200,149.0,130.41955484214,51.14492346750589,39.602302600304
Sony,NEX-C3,715,200,149.0,131.43240398976,51.54211921167059,39.63042673036
Sony,NEX-C3,715,200,149.0,132.44525313739,51.93931495583922,39.658298509245
Sony,NEX-C3,715,200,149.0,133.45810228501,52.33651070000393,39.685921884477
Sony,NEX-C3,715,200,149.0,134.47095143264,52.73370644417255,39.713300713419
Sony,NEX-C3,715,200,149.0,135.48380058026,53.13090218833726,39.740438766002
Sony,NEX-C3,715,200,149.0,136.49664972789,53.52809793250588,39.767339727336
Sony,NEX-C3,715,200,149.0,137.50949887551,53.925293676670584,39.794007200228
Sony,NEX-C3,715,200,149.0,138.52234802314,54.32248942083922,39.820444707607
Sony,NEX-C3,715,200,149.0,139.53519717076,54.719685165003916,39.846655694857
Sony,NEX-C3,715,200,149.0,140.54804631839,55.11688090917255,39.872643532073
Sony,NEX-C3,715,200,149.0,141.56089546601,55.51407665333726,39.89841151623
Sony,NEX-C3,715,200,149.0,142.57374461364,55.91127239750588,39.923962873271
Sony,NEX-C3,715,200,149.0,143.58659376126,56.30846814167059,39.949300760134
Sony,NEX-C3,715,200,149.0,144.59944290889,56.70566388583922,39.974428266689
Sony,NEX-C3,715,200,149.0,145.61229205651,57.10285963000392,39.999348417627
Sony,NEX-C3,715,200,149.0,146.62514120414,57.50005537417254,40.024064174267
Sony,NEX-C3,715,200,149.0,147.63799035176,57.89725111833726,40.048578436309
Sony,NEX-C3,715,200,149.0,148.65083949939,58.294446862505886,40.072894043527
Sony,NEX-C3,715,200,149.0,149.66368864701,58.69164260667058,40.097013777401
Sony,NEX-C3,715,200,149.0,150.67653779464,59.088838350839225,40.120940362694
Sony,NEX-C3,715,200,149.0,151.68938694226,59.48603409500392,40.144676468979
Sony,NEX-C3,715,200,149.0,152.70223608989,59.88322983917255,40.168224712114
Sony,NEX-C3,715,200,149.0,153.71508523751,60.28042558333726,40.191587655666
Sony,NEX-C3,715,200,149.0,154.72793438514,60.67762132750588,40.21476781229
Sony,NEX-C3,715,200,149.0,155.74078353276,61.07481707167059,40.237767645064
Sony,NEX-C3,715,200,149.0,156.75363268039,61.472012815839214,40.260589568776
Sony,NEX-C3,715,200,149.0,157.76648182801,61.86920856000392,40.283235951175
Sony,NEX-C3,715,200,149.0,158.77933097563,62.266404304168624,40.305709114179
Sony,NEX-C3,715,200,149.0,159.79218012326,62.66360004833725,40.328011335044
Sony,NEX-C3,715,200,149.0,160.80502927088,63.060795792501956,40.350144847498
Sony,NEX-C3,715,200,149.0,161.81787841851,63.45799153667059,40.372111842839
Sony,NEX-C3,715,200,149.0,162.83072756613,63.8551872808353,40.393914470995
Sony,NEX-C3,715,200,149.0,163.84357671376,64.25238302500392,40.415554841554
Sony,NEX-C3,715,200,149.0,164.85642586138,64.64957876916863,40.437035024766
Sony,NEX-C3,715,200,149.0,165.86927500901,65.04677451333725,40.458357052507
Sony,NEX-C3,715,200,149.0,166.88212415663,65.44397025750196,40.479522919218
Sony,NEX-C3,715,200,149.0,167.89497330426,65.84116600167059,40.500534582812
Sony,NEX-C3,715,200,149.0,168.90782245188,66.23836174583529,40.52139396556
Sony,NEX-C3,715,200,149.0,169.92067159951,66.63555749000393,40.542102954945
Sony,NEX-C3,715,200,149.0,170.93352074713,67.03275323416862,40.562663404488
Sony,NEX-C3,715,200,149.0,171.94636989476,67.42994897833726,40.583077134561
Sony,NEX-C3,715,200,149.0,172.95921904238,67.82714472250197,40.603345933164
Sony,NEX-C3,715,200,149.0,173.97206819001,68.22434046667058,40.623471556682
Sony,NEX-C3,715,200,149.0,174.98491733763,68.6215362108353,40.643455730627
Sony,NEX-C3,715,200,149.0,175.99776648526,69.01873195500391,40.663300150351
Sony,NEX-C3,715,200,149.0,177.01061563288,69.41592769916862,40.683006481739
Sony,NEX-C3,715,200,149.0,178.02346478051,69.81312344333726,40.702576361887
Sony,NEX-C3,715,200,149.0,179.03631392813,70.21031918750195,40.722011399757
Sony,NEX-C3,715,200,149.0,180.04916307576,70.6075149316706,40.741313176812
Sony,NEX-C3,715,200,149.0,181.06201222338,71.0047106758353,40.76048324764
Sony,NEX-C3,715,200,149.0,182.07486137101,71.40190642000393,40.779523140551
Sony,NEX-C3,715,200,149.0,183.08771051863,71.79910216416863,40.798434358165
Sony,NEX-C3,715,200,149.0,184.10055966626,72.19629790833726,40.817218377983
Sony,NEX-C3,715,200,149.0,185.11340881388,72.59349365250196,40.835876652934
Sony,NEX-C3,715,200,149.0,186.12625796151,72.99068939667059,40.854410611922
Sony,NEX-C3,715,200,149.0,187.13910710913,73.3878851408353,40.872821660341
Sony,NEX-C3,715,200,149.0,188.15195625676,73.78508088500392,40.891111180591
Sony,NEX-C3,715,200,149.0,189.16480540438,74.18227662916863,40.909280532571
Sony,NEX-C3,715,200,149.0,190.17765455201,74.57947237333727,40.927331054162
Sony,NEX-C3,715,200,149.0,191.19050369963,74.97666811750196,40.945264061697
Sony,NEX-C3,715,200,149.0,192.20335284726,75.37386386167059,40.963080850416
Sony,NEX-C3,715,200,149.0,193.21620199488,75.7710596058353,40.980782694916
Sony,NEX-C3,715,200,149.0,194.22905114251,76.16825535000392,40.99837084958
Sony,NEX-C3,715,200,149.0,195.24190029013,76.56545109416862,41.015846549
Sony,NEX-C3,715,200,149.0,196.25474943776,76.96264683833725,41.03321100839
Sony,NEX-C3,715,200,149.0,197.26759858538,77.35984258250195,41.050465423986
Sony,NEX-C3,715,200,149.0,198.28044773301,77.75703832667058,41.067610973436
Sony,NEX-C3,715,200,149.0,199.29329688063,78.15423407083529,41.084648816181
Sony,NEX-C3,715,200,149.0,200.30614602826,78.55142981500393,41.101580093823
Sony,NEX-C3,715,200,149.0,201.31899517588,78.94862555916863,41.118405930491
Sony,NEX-C3,715,200,149.0,202.33184432351,79.34582130333726,41.13512743319
Sony,NEX-C3,715,200,149.0,203.34469347113,79.74301704750197,41.151745692146
Sony,NEX-C3,715,200,149.0,204.35754261876,80.14021279167058,41.16826178114
Sony,NEX-C3,715,200,149.0,205.37039176638,80.5374085358353,41.184676757833
Sony,NEX-C3,715,200,149.0,206.38324091401,80.93460428000392,41.20099166409
Sony,NEX-C3,715,200,149.0,207.39609006163,81.33180002416861,41.217207526284
Sony,NEX-C3,715,200,149.0,208.40893920926,81.72899576833727,41.233325355603
Sony,NEX-C3,715,200,149.0,209.42178835688,82.12619151250196,41.249346148347
Sony,NEX-C3,715,200,149.0,210.43463750451,82.52338725667059,41.265270886213
Sony,NEX-C3,715,200,149.0,211.44748665213,82.92058300083531,41.281100536579
Sony,NEX-C3,715,200,149.0,212.46033579975,83.317778745,41.296836052776
Sony,NEX-C3,715,200,149.0,213.47318494738,83.71497448916863,41.312478374363
Sony,NEX-C3,715,200,149.0,214.486034095,84.11217023333334,41.328028427382
Sony,NEX-C3,715,200,149.0,215.49888324263,84.50936597750196,41.343487124616
Sony,NEX-C3,715,200,149.0,216.51173239025,84.90656172166666,41.358855365841
Sony,NEX-C3,715,200,149.0,217.52458153788,85.30375746583529,41.374134038067
Sony,NEX-C3,715,200,149.0,218.5374306855,85.70095321,41.38932401578
Sony,NEX-C3,715,200,149.0,219.55027983313,86.09814895416864,41.404426161168
Sony,NEX-C3,715,200,149.0,220.56312898075,86.49534469833333,41.419441324358
Sony,NEX-C3,715,200,149.0,221.57597812838,86.89254044250197,41.434370343628
Sony,NEX-C3,715,200,149.0,222.588827276,87.28973618666667,41.449214045632
Sony,NEX-C3,715,200,149.0,223.60167642363,87.6869319308353,41.46397324561
Sony,NEX-C3,715,200,149.0,224.61452557125,88.084127675,41.478648747591
Sony,NEX-C3,715,200,149.0,225.62737471888,88.48132341916862,41.493241344602
Sony,NEX-C3,715,200,149.0,226.6402238665,88.87851916333334,41.507751818862
Sony,NEX-C3,715,200,149.0,227.65307301413,89.27571490750196,41.522180941978
Sony,NEX-C3,715,200,149.0,228.66592216175,89.67291065166665,41.536529475133
Sony,NEX-C3,715,200,149.0,229.67877130938,90.0701063958353,41.550798169271
Sony,NEX-C3,715,200,149.0,230.691620457,90.46730214,41.564987765279
Sony,NEX-C3,715,200,149.0,231.70446960463,90.86449788416863,41.579098994164
Sony,NEX-C3,715,200,149.0,232.71731875225,91.26169362833335,41.593132577227
Sony,NEX-C3,715,200,149.0,233.73016789988,91.65888937250196,41.607089226228
Sony,NEX-C3,715,200,149.0,234.7430170475,92.05608511666667,41.620969643559
Sony,NEX-C3,715,200,149.0,235.75586619513,92.45328086083529,41.634774522402
Sony,NEX-C3,715,200,149.0,236.76871534275,92.850476605,41.648504546886
Sony,NEX-C3,715,200,149.0,237.78156449038,93.24767234916862,41.662160392247
Sony,NEX-C3,715,200,149.0,238.794413638,93.64486809333333,41.675742724977
Sony,NEX-C3,715,200,149.0,239.80726278563,94.04206383750197,41.689252202972
Sony,NEX-C3,715,200,149.0,240.82011193325,94.43925958166666,41.702689475682
Sony,NEX-C3,715,200,149.0,241.83296108088,94.8364553258353,41.716055184249
Sony,NEX-C3,715,200,149.0,242.8458102285,95.23365107000001,41.729349961647
Sony,NEX-C3,715,200,149.0,243.85865937613,95.63084681416862,41.742574432823
Sony,NEX-C3,715,200,149.0,244.87150852375,96.02804255833334,41.755729214826
Sony,NEX-C3,715,200,149.0,245.88435767138,96.42523830250195,41.768814916939
Sony,NEX-C3,715,200,149.0,246.897206819,96.82243404666666,41.781832140812
Sony,NEX-C3,715,200,149.0,247.91005596663,97.2196297908353,41.79478148058
Sony,NEX-C3,715,200,149.0,248.92290511425,97.61682553499999,41.807663522993
Sony,NEX-C3,715,200,149.0,249.93575426188,98.01402127916863,41.820478847533
Sony,NEX-C3,715,200,149.0,250.9486034095,98.41121702333334,41.833228026533
Sony,NEX-C3,715,200,149.0,251.96145255713,98.80841276750196,41.845911625294
Sony,NEX-C3,715,200,149.0,252.97430170475,99.20560851166667,41.858530202196
Sony,NEX-C3,715,200,149.0,253.98715085238,99.6028042558353,41.871084308813
Sony,NEX-C3,715,200,149.0,255,100.0,41.883574490016
Sony,NEX-C3,715,400,299.0,0.11278803753004,0.04423060295295686,0
Sony,NEX-C3,715,400,299.0,0.18917714226504,0.07418711461374118,3.9128180284869
Sony,NEX-C3,715,400,299.0,0.36424371400184,0.14284067215758434,8.5100498281901
Sony,NEX-C3,715,400,299.0,0.7344313246391,0.2880122841721961,12.925699230759
Sony,NEX-C3,715,400,299.0,1.4749162328744,0.5783985226958431,16.831204523987
Sony,NEX-C3,715,400,299.0,2.800562241401,1.0982597025101961,20.095086144969
Sony,NEX-C3,715,400,299.0,3.8134113890259,1.4954554466768235,21.586018463258
Sony,NEX-C3,715,400,299.0,4.8262605366508,1.892651190843451,22.697168910168
Sony,NEX-C3,715,400,299.0,5.8391096842757,2.289846935010078,23.581883233013
Sony,NEX-C3,715,400,299.0,6.8519588319006,2.687042679176706,24.316378563005
Sony,NEX-C3,715,400,299.0,7.8648079795255,3.0842384233433333,24.943993709295
Sony,NEX-C3,715,400,299.0,8.8776571271504,3.4814341675099607,25.491703910305
Sony,NEX-C3,715,400,299.0,9.8905062747753,3.8786299116765877,25.977429942845
Sony,NEX-C3,715,400,299.0,10.9033554224,4.275825655843137,26.413678936765
Sony,NEX-C3,715,400,299.0,11.916204570025,4.673021400009804,26.809523571009
Sony,NEX-C3,715,400,299.0,12.92905371765,5.07021714417647,27.171753105105
Sony,NEX-C3,715,400,299.0,13.941902865275,5.467412888343138,27.505579775298
Sony,NEX-C3,715,400,299.0,14.9547520129,5.864608632509804,27.815091790335
Sony,NEX-C3,715,400,299.0,15.967601160525,6.26180437667647,28.103554657559
Sony,NEX-C3,715,400,299.0,16.98045030815,6.659000120843138,28.373617926984
Sony,NEX-C3,715,400,299.0,17.993299455774,7.056195865009412,28.627460860492
Sony,NEX-C3,715,400,299.0,19.006148603399,7.453391609176078,28.866897461056
Sony,NEX-C3,715,400,299.0,20.018997751024,7.850587353342744,29.093453743846
Sony,NEX-C3,715,400,299.0,21.031846898649,8.247783097509412,29.308425607767
Sony,NEX-C3,715,400,299.0,22.044696046274,8.64497884167608,29.512922870671
Sony,NEX-C3,715,400,299.0,23.057545193899,9.042174585842746,29.707903255631
Sony,NEX-C3,715,400,299.0,24.070394341524,9.439370330009412,29.894198959231
Sony,NEX-C3,715,400,299.0,25.083243489149,9.836566074176078,30.072537662982
Sony,NEX-C3,715,400,299.0,26.096092636774,10.233761818342744,30.243559326228
Sony,NEX-C3,715,400,299.0,27.108941784398,10.63095756250902,30.407829737413
Sony,NEX-C3,715,400,299.0,28.121790932023,11.028153306675687,30.565851546527
Sony,NEX-C3,715,400,299.0,29.134640079648,11.425349050842353,30.718073320315
Sony,NEX-C3,715,400,299.0,30.147489227273,11.82254479500902,30.864897030659
Sony,NEX-C3,715,400,299.0,31.160338374898,12.219740539175685,31.006684290534
Sony,NEX-C3,715,400,299.0,32.173187522523,12.616936283342353,31.143761580718
Sony,NEX-C3,715,400,299.0,33.186036670148,13.01413202750902,31.276424657074
Sony,NEX-C3,715,400,299.0,34.198885817773,13.411327771675685,31.404942287862
Sony,NEX-C3,715,400,299.0,35.211734965398,13.808523515842353,31.529559439671
Sony,NEX-C3,715,400,299.0,36.224584113023,14.205719260009019,31.650500006762
Sony,NEX-C3,715,400,299.0,37.237433260647,14.602915004175296,31.767969160167
Sony,NEX-C3,715,400,299.0,38.250282408272,15.00011074834196,31.882155378357
Sony,NEX-C3,715,400,299.0,39.263131555897,15.397306492508624,31.993232209926
Sony,NEX-C3,715,400,299.0,40.275980703522,15.794502236675296,32.101359809617
Sony,NEX-C3,715,400,299.0,41.288829851147,16.19169798084196,32.206686281786
Sony,NEX-C3,715,400,299.0,42.301678998772,16.588893725008628,32.30934885957
Sony,NEX-C3,715,400,299.0,43.314528146397,16.986089469175294,32.409474943274
Sony,NEX-C3,715,400,299.0,44.327377294022,17.383285213341964,32.507183017697
Sony,NEX-C3,715,400,299.0,45.340226441647,17.780480957508626,32.60258346492
Sony,NEX-C3,715,400,299.0,46.353075589272,18.177676701675296,32.695779286555
Sony,NEX-C3,715,400,299.0,47.365924736896,18.574872445841567,32.786866747274
Sony,NEX-C3,715,400,299.0,48.378773884521,18.972068190008237,32.875935949712
Sony,NEX-C3,715,400,299.0,49.391623032146,19.369263934174903,32.963071349321
Sony,NEX-C3,715,400,299.0,50.404472179771,19.76645967834157,33.048352216565
Sony,NEX-C3,715,400,299.0,51.417321327396,20.163655422508235,33.131853052779
Sony,NEX-C3,715,400,299.0,52.430170475021,20.5608511666749,33.213643965158
Sony,NEX-C3,715,400,299.0,53.443019622646,20.958046910841567,33.293791005603
Sony,NEX-C3,715,400,299.0,54.455868770271,21.355242655008237,33.372356477532
Sony,NEX-C3,715,400,299.0,55.468717917896,21.752438399174903,33.449399214205
Sony,NEX-C3,715,400,299.0,56.48156706552,22.149634143341178,33.524974831702
Sony,NEX-C3,715,400,299.0,57.494416213145,22.546829887507844,33.599135959251
Sony,NEX-C3,715,400,299.0,58.50726536077,22.94402563167451,33.671932449318
Sony,NEX-C3,715,400,299.0,59.520114508395,23.341221375841176,33.743411569536
Sony,NEX-C3,715,400,299.0,60.53296365602,23.738417120007842,33.813618178342
Sony,NEX-C3,715,400,299.0,61.545812803645,24.13561286417451,33.882594885941
Sony,NEX-C3,715,400,299.0,62.55866195127,24.532808608341174,33.950382202054
Sony,NEX-C3,715,400,299.0,63.571511098895,24.930004352507844,34.017018671719
Sony,NEX-C3,715,400,299.0,64.58436024652,25.327200096674513,34.082541000297
Sony,NEX-C3,715,400,299.0,65.597209394145,25.724395840841176,34.146984168693
Sony,NEX-C3,715,400,299.0,66.610058541769,26.121591585007454,34.210381539694
Sony,NEX-C3,715,400,299.0,67.622907689394,26.518787329174113,34.272764956235
Sony,NEX-C3,715,400,299.0,68.635756837019,26.915983073340787,34.334164832316
Sony,NEX-C3,715,400,299.0,69.648605984644,27.313178817507456,34.394610237229
Sony,NEX-C3,715,400,299.0,70.661455132269,27.71037456167412,34.454128973658
Sony,NEX-C3,715,400,299.0,71.674304279894,28.107570305840785,34.512747650201
Sony,NEX-C3,715,400,299.0,72.687153427519,28.504766050007447,34.570491748769
Sony,NEX-C3,715,400,299.0,73.700002575144,28.90196179417412,34.627385687295
Sony,NEX-C3,715,400,299.0,74.712851722769,29.299157538340786,34.68345287815
Sony,NEX-C3,715,400,299.0,75.725700870393,29.69635328250706,34.738715782589
Sony,NEX-C3,715,400,299.0,76.738550018018,30.093549026673728,34.793195961576
Sony,NEX-C3,715,400,299.0,77.751399165643,30.49074477084039,34.846914123249
Sony,NEX-C3,715,400,299.0,78.764248313268,30.887940515007056,34.899890167306
Sony,NEX-C3,715,400,299.0,79.777097460893,31.28513625917373,34.95214322653
Sony,NEX-C3,715,400,299.0,80.789946608518,31.68233200334039,35.003691705693
Sony,NEX-C3,715,400,299.0,81.802795756143,32.07952774750706,35.054553318019
Sony,NEX-C3,715,400,299.0,82.815644903768,32.476723491673724,35.104745119389
Sony,NEX-C3,715,400,299.0,83.828494051393,32.87391923584039,35.154283540465
Sony,NEX-C3,715,400,299.0,84.841343199018,33.27111498000706,35.203184416867
Sony,NEX-C3,715,400,299.0,85.854192346642,33.66831072417333,35.25146301756
Sony,NEX-C3,715,400,299.0,86.867041494267,34.065506468340004,35.29913407156
Sony,NEX-C3,715,400,299.0,87.879890641892,34.46270221250667,35.34621179309
Sony,NEX-C3,715,400,299.0,88.892739789517,34.85989795667333,35.392709905287
Sony,NEX-C3,715,400,299.0,89.905588937142,35.257093700839995,35.438641662558
Sony,NEX-C3,715,400,299.0,90.918438084767,35.65428944500667,35.484019871682
Sony,NEX-C3,715,400,299.0,91.931287232392,36.051485189173334,35.528856911734
Sony,NEX-C3,715,400,299.0,92.944136380017,36.44868093334,35.573164752914
Sony,NEX-C3,715,400,299.0,93.956985527642,36.845876677506666,35.616954974354
Sony,NEX-C3,715,400,299.0,94.969834675266,37.24307242167294,35.660238780959
Sony,NEX-C3,715,400,299.0,95.982683822891,37.64026816583961,35.703027019361
Sony,NEX-C3,715,400,299.0,96.995532970516,38.037463910006274,35.745330193021
Sony,NEX-C3,715,400,299.0,98.008382118141,38.43465965417294,35.787158476555
Sony,NEX-C3,715,400,299.0,99.021231265766,38.83185539833961,35.82852172931
Sony,NEX-C3,715,400,299.0,100.03408041339,39.22905114250588,35.869429508251
Sony,NEX-C3,715,400,299.0,101.04692956102,39.62624688667451,35.9098910802
Sony,NEX-C3,715,400,299.0,102.05977870864,40.02344263083921,35.949915433453
Sony,NEX-C3,715,400,299.0,103.07262785627,40.42063837500785,35.989511288831
Sony,NEX-C3,715,400,299.0,104.08547700389,40.81783411917255,36.02868711018
Sony,NEX-C3,715,400,299.0,105.09832615152,41.21502986334117,36.06745111437
Sony,NEX-C3,715,400,299.0,106.11117529914,41.612225607505884,36.105811280801
Sony,NEX-C3,715,400,299.0,107.12402444677,42.00942135167451,36.143775360465
Sony,NEX-C3,715,400,299.0,108.13687359439,42.406617095839216,36.181350884579
Sony,NEX-C3,715,400,299.0,109.14972274201,42.80381284000392,36.218545172806
Sony,NEX-C3,715,400,299.0,110.16257188964,43.20100858417255,36.255365341108
Sony,NEX-C3,715,400,299.0,111.17542103726,43.59820432833725,36.291818309227
Sony,NEX-C3,715,400,299.0,112.18827018489,43.99540007250588,36.327910807831
Sony,NEX-C3,715,400,299.0,113.20111933251,44.392595816670585,36.363649385335
Sony,NEX-C3,715,400,299.0,114.21396848014,44.78979156083921,36.399040414421
Sony,NEX-C3,715,400,299.0,115.22681762776,45.186987305003925,36.434090098264
Sony,NEX-C3,715,400,299.0,116.23966677539,45.58418304917255,36.468804476492
Sony,NEX-C3,715,400,299.0,117.25251592301,45.98137879333725,36.503189430874
Sony,NEX-C3,715,400,299.0,118.26536507064,46.378574537505884,36.537250690779
Sony,NEX-C3,715,400,299.0,119.27821421826,46.77577028167059,36.570993838388
Sony,NEX-C3,715,400,299.0,120.29106336589,47.172966025839216,36.604424313689
Sony,NEX-C3,715,400,299.0,121.30391251351,47.57016177000392,36.637547419266
Sony,NEX-C3,715,400,299.0,122.31676166114,47.967357514172555,36.670368324884
Sony,NEX-C3,715,400,299.0,123.32961080876,48.36455325833725,36.702892071881
Sony,NEX-C3,715,400,299.0,124.34245995639,48.76174900250588,36.73512357739
Sony,NEX-C3,715,400,299.0,125.35530910401,49.15894474667059,36.76706763838
Sony,NEX-C3,715,400,299.0,126.36815825164,49.55614049083921,36.798728935536
Sony,NEX-C3,715,400,299.0,127.38100739926,49.95333623500392,36.830112036987
Sony,NEX-C3,715,400,299.0,128.39385654689,50.350531979172544,36.861221401883
Sony,NEX-C3,715,400,299.0,129.40670569451,50.747727723337256,36.89206138383
Sony,NEX-C3,715,400,299.0,130.41955484214,51.14492346750589,36.922636234193
Sony,NEX-C3,715,400,299.0,131.43240398976,51.54211921167059,36.952950105271
Sony,NEX-C3,715,400,299.0,132.44525313739,51.93931495583922,36.983007053347
Sony,NEX-C3,715,400,299.0,133.45810228501,52.33651070000393,37.012811041627
Sony,NEX-C3,715,400,299.0,134.47095143264,52.73370644417255,37.042365943058
Sony,NEX-C3,715,400,299.0,135.48380058026,53.13090218833726,37.07167554305
Sony,NEX-C3,715,400,299.0,136.49664972789,53.52809793250588,37.100743542091
Sony,NEX-C3,715,400,299.0,137.50949887551,53.925293676670584,37.129573558267
Sony,NEX-C3,715,400,299.0,138.52234802314,54.32248942083922,37.158169129685
Sony,NEX-C3,715,400,299.0,139.53519717076,54.719685165003916,37.186533716816
Sony,NEX-C3,715,400,299.0,140.54804631839,55.11688090917255,37.214670704743
Sony,NEX-C3,715,400,299.0,141.56089546601,55.51407665333726,37.242583405337
Sony,NEX-C3,715,400,299.0,142.57374461364,55.91127239750588,37.270275059348
Sony,NEX-C3,715,400,299.0,143.58659376126,56.30846814167059,37.297748838427
Sony,NEX-C3,715,400,299.0,144.59944290889,56.70566388583922,37.325007847072
Sony,NEX-C3,715,400,299.0,145.61229205651,57.10285963000392,37.352055124514
Sony,NEX-C3,715,400,299.0,146.62514120414,57.50005537417254,37.378893646524
Sony,NEX-C3,715,400,299.0,147.63799035176,57.89725111833726,37.405526327173
Sony,NEX-C3,715,400,299.0,148.65083949939,58.294446862505886,37.43195602052
Sony,NEX-C3,715,400,299.0,149.66368864701,58.69164260667058,37.458185522248
Sony,NEX-C3,715,400,299.0,150.67653779464,59.088838350839225,37.484217571244
Sony,NEX-C3,715,400,299.0,151.68938694226,59.48603409500392,37.510054851126
Sony,NEX-C3,715,400,299.0,152.70223608989,59.88322983917255,37.535699991715
Sony,NEX-C3,715,400,299.0,153.71508523751,60.28042558333726,37.561155570465
Sony,NEX-C3,715,400,299.0,154.72793438514,60.67762132750588,37.586424113842
Sony,NEX-C3,715,400,299.0,155.74078353276,61.07481707167059,37.611508098659
Sony,NEX-C3,715,400,299.0,156.75363268039,61.472012815839214,37.636409953364
Sony,NEX-C3,715,400,299.0,157.76648182801,61.86920856000392,37.661132059295
Sony,NEX-C3,715,400,299.0,158.77933097563,62.266404304168624,37.685676751881
Sony,NEX-C3,715,400,299.0,159.79218012326,62.66360004833725,37.710046321824
Sony,NEX-C3,715,400,299.0,160.80502927088,63.060795792501956,37.734243016222
Sony,NEX-C3,715,400,299.0,161.81787841851,63.45799153667059,37.758269039674
Sony,NEX-C3,715,400,299.0,162.83072756613,63.8551872808353,37.782126555339
Sony,NEX-C3,715,400,299.0,163.84357671376,64.25238302500392,37.805817685972
Sony,NEX-C3,715,400,299.0,164.85642586138,64.64957876916863,37.829344514917
Sony,NEX-C3,715,400,299.0,165.86927500901,65.04677451333725,37.85270908708
Sony,NEX-C3,715,400,299.0,166.88212415663,65.44397025750196,37.875913409863
Sony,NEX-C3,715,400,299.0,167.89497330426,65.84116600167059,37.898959454079
Sony,NEX-C3,715,400,299.0,168.90782245188,66.23836174583529,37.921849154831
Sony,NEX-C3,715,400,299.0,169.92067159951,66.63555749000393,37.94458441237
Sony,NEX-C3,715,400,299.0,170.93352074713,67.03275323416862,37.967167092923
Sony,NEX-C3,715,400,299.0,171.94636989476,67.42994897833726,37.989599029505
Sony,NEX-C3,715,400,299.0,172.95921904238,67.82714472250197,38.011882022694
Sony,NEX-C3,715,400,299.0,173.97206819001,68.22434046667058,38.034017841396
Sony,NEX-C3,715,400,299.0,174.98491733763,68.6215362108353,38.056008223582
Sony,NEX-C3,715,400,299.0,175.99776648526,69.01873195500391,38.077854876998
Sony,NEX-C3,715,400,299.0,177.01061563288,69.41592769916862,38.099559479871
Sony,NEX-C3,715,400,299.0,178.02346478051,69.81312344333726,38.121123681573
Sony,NEX-C3,715,400,299.0,179.03631392813,70.21031918750195,38.142549103288
Sony,NEX-C3,715,400,299.0,180.04916307576,70.6075149316706,38.163837338641
Sony,NEX-C3,715,400,299.0,181.06201222338,71.0047106758353,38.184989954324
Sony,NEX-C3,715,400,299.0,182.07486137101,71.40190642000393,38.206008490695
Sony,NEX-C3,715,400,299.0,183.08771051863,71.79910216416863,38.226894462367
Sony,NEX-C3,715,400,299.0,184.10055966626,72.19629790833726,38.247649358772
Sony,NEX-C3,715,400,299.0,185.11340881388,72.59349365250196,38.268274644724
Sony,NEX-C3,715,400,299.0,186.12625796151,72.99068939667059,38.288771760947
Sony,NEX-C3,715,400,299.0,187.13910710913,73.3878851408353,38.309142124608
Sony,NEX-C3,715,400,299.0,188.15195625676,73.78508088500392,38.329387129824
Sony,NEX-C3,715,400,299.0,189.16480540438,74.18227662916863,38.349508148154
Sony,NEX-C3,715,400,299.0,190.17765455201,74.57947237333727,38.36950652909
Sony,NEX-C3,715,400,299.0,191.19050369963,74.97666811750196,38.389383600521
Sony,NEX-C3,715,400,299.0,192.20335284726,75.37386386167059,38.409140669192
Sony,NEX-C3,715,400,299.0,193.21620199488,75.7710596058353,38.428779021152
Sony,NEX-C3,715,400,299.0,194.22905114251,76.16825535000392,38.448299922184
Sony,NEX-C3,715,400,299.0,195.24190029013,76.56545109416862,38.467704618231
Sony,NEX-C3,715,400,299.0,196.25474943776,76.96264683833725,38.486994335807
Sony,NEX-C3,715,400,299.0,197.26759858538,77.35984258250195,38.506170282395
Sony,NEX-C3,715,400,299.0,198.28044773301,77.75703832667058,38.525233646844
Sony,NEX-C3,715,400,299.0,199.29329688063,78.15423407083529,38.544185599742
Sony,NEX-C3,715,400,299.0,200.30614602826,78.55142981500393,38.563027293794
Sony,NEX-C3,715,400,299.0,201.31899517588,78.94862555916863,38.58175986418
Sony,NEX-C3,715,400,299.0,202.33184432351,79.34582130333726,38.600384428908
Sony,NEX-C3,715,400,299.0,203.34469347113,79.74301704750197,38.618902089159
Sony,NEX-C3,715,400,299.0,204.35754261876,80.14021279167058,38.637313929621
Sony,NEX-C3,715,400,299.0,205.37039176638,80.5374085358353,38.655621018817
Sony,NEX-C3,715,400,299.0,206.38324091401,80.93460428000392,38.673824409423
Sony,NEX-C3,715,400,299.0,207.39609006163,81.33180002416861,38.69192513858
Sony,NEX-C3,715,400,299.0,208.40893920926,81.72899576833727,38.709924228196
Sony,NEX-C3,715,400,299.0,209.42178835688,82.12619151250196,38.727822685244
Sony,NEX-C3,715,400,299.0,210.43463750451,82.52338725667059,38.74562150205
Sony,NEX-C3,715,400,299.0,211.44748665213,82.92058300083531,38.763321656574
Sony,NEX-C3,715,400,299.0,212.46033579975,83.317778745,38.780924112689
Sony,NEX-C3,715,400,299.0,213.47318494738,83.71497448916863,38.798429820442
Sony,NEX-C3,715,400,299.0,214.486034095,84.11217023333334,38.815839716326
Sony,NEX-C3,715,400,299.0,215.49888324263,84.50936597750196,38.833154723529
Sony,NEX-C3,715,400,299.0,216.51173239025,84.90656172166666,38.850375752187
Sony,NEX-C3,715,400,299.0,217.52458153788,85.30375746583529,38.867503699628
Sony,NEX-C3,715,400,299.0,218.5374306855,85.70095321,38.88453945061
Sony,NEX-C3,715,400,299.0,219.55027983313,86.09814895416864,38.901483877554
Sony,NEX-C3,715,400,299.0,220.56312898075,86.49534469833333,38.918337840773
Sony,NEX-C3,715,400,299.0,221.57597812838,86.89254044250197,38.935102188693
Sony,NEX-C3,715,400,299.0,222.588827276,87.28973618666667,38.95177775807
Sony,NEX-C3,715,400,299.0,223.60167642363,87.6869319308353,38.968365374205
Sony,NEX-C3,715,400,299.0,224.61452557125,88.084127675,38.984865851148
Sony,NEX-C3,715,400,299.0,225.62737471888,88.48132341916862,39.001279991905
Sony,NEX-C3,715,400,299.0,226.6402238665,88.87851916333334,39.017608588631
Sony,NEX-C3,715,400,299.0,227.65307301413,89.27571490750196,39.033852422831
Sony,NEX-C3,715,400,299.0,228.66592216175,89.67291065166665,39.050012265543
Sony,NEX-C3,715,400,299.0,229.67877130938,90.0701063958353,39.066088877528
Sony,NEX-C3,715,400,299.0,230.691620457,90.46730214,39.082083009447
Sony,NEX-C3,715,400,299.0,231.70446960463,90.86449788416863,39.097995402043
Sony,NEX-C3,715,400,299.0,232.71731875225,91.26169362833335,39.113826786312
Sony,NEX-C3,715,400,299.0,233.73016789988,91.65888937250196,39.129577883674
Sony,NEX-C3,715,400,299.0,234.7430170475,92.05608511666667,39.145249406136
Sony,NEX-C3,715,400,299.0,235.75586619513,92.45328086083529,39.160842056459
Sony,NEX-C3,715,400,299.0,236.76871534275,92.850476605,39.176356528312
Sony,NEX-C3,715,400,299.0,237.78156449038,93.24767234916862,39.191793506433
Sony,NEX-C3,715,400,299.0,238.794413638,93.64486809333333,39.207153666777
Sony,NEX-C3,715,400,299.0,239.80726278563,94.04206383750197,39.222437676667
Sony,NEX-C3,715,400,299.0,240.82011193325,94.43925958166666,39.237646194938
Sony,NEX-C3,715,400,299.0,241.83296108088,94.8364553258353,39.252779872082
Sony,NEX-C3,715,400,299.0,242.8458102285,95.23365107000001,39.267839350388
Sony,NEX-C3,715,400,299.0,243.85865937613,95.63084681416862,39.282825264077
Sony,NEX-C3,715,400,299.0,244.87150852375,96.02804255833334,39.297738239436
Sony,NEX-C3,715,400,299.0,245.88435767138,96.42523830250195,39.312578894953
Sony,NEX-C3,715,400,299.0,246.897206819,96.82243404666666,39.327347841441
Sony,NEX-C3,715,400,299.0,247.91005596663,97.2196297908353,39.342045682165
Sony,NEX-C3,715,400,299.0,248.92290511425,97.61682553499999,39.356673012968
Sony,NEX-C3,715,400,299.0,249.93575426188,98.01402127916863,39.371230422389
Sony,NEX-C3,715,400,299.0,250.9486034095,98.41121702333334,39.385718491784
Sony,NEX-C3,715,400,299.0,251.96145255713,98.80841276750196,39.400137795439
Sony,NEX-C3,715,400,299.0,252.97430170475,99.20560851166667,39.414488900686
Sony,NEX-C3,715,400,299.0,253.98715085238,99.6028042558353,39.428772368014
Sony,NEX-C3,715,400,299.0,255,100.0,39.442988751176
Sony,NEX-C3,715,800,588.0,0.18917714226504,0.07418711461374118,0
Sony,NEX-C3,715,800,588.0,0.36424371400184,0.14284067215758434,4.7826390644205
Sony,NEX-C3,715,800,588.0,0.7344313246391,0.2880122841721961,9.4157239403676
Sony,NEX-C3,715,800,588.0,1.4749162328744,0.5783985226958431,13.510966103683
Sony,NEX-C3,715,800,588.0,2.800562241401,1.0982597025101961,16.902743220315
Sony,NEX-C3,715,800,588.0,3.8134113890259,1.4954554466768235,18.43927140288
Sony,NEX-C3,715,800,588.0,4.8262605366508,1.892651190843451,19.57932090466
Sony,NEX-C3,715,800,588.0,5.8391096842757,2.289846935010078,20.484249776554
Sony,NEX-C3,715,800,588.0,6.8519588319006,2.687042679176706,21.233867236812
Sony,NEX-C3,715,800,588.0,7.8648079795255,3.0842384233433333,21.873362755108
Sony,NEX-C3,715,800,588.0,8.8776571271504,3.4814341675099607,22.430762042146
Sony,NEX-C3,715,800,588.0,9.8905062747753,3.8786299116765877,22.924626458551
Sony,NEX-C3,715,800,588.0,10.9033554224,4.275825655843137,23.36787598422
Sony,NEX-C3,715,800,588.0,11.916204570025,4.673021400009804,23.769861357549
Sony,NEX-C3,715,800,588.0,12.92905371765,5.07021714417647,24.137565966165
Sony,NEX-C3,715,800,588.0,13.941902865275,5.467412888343138,24.476341689714
Sony,NEX-C3,715,800,588.0,14.9547520129,5.864608632509804,24.790379757739
Sony,NEX-C3,715,800,588.0,15.967601160525,6.26180437667647,25.083023343187
Sony,NEX-C3,715,800,588.0,16.98045030815,6.659000120843138,25.356981655132
Sony,NEX-C3,715,800,588.0,17.993299455774,7.056195865009412,25.614480540827
Sony,NEX-C3,715,800,588.0,19.006148603399,7.453391609176078,25.857370910385
Sony,NEX-C3,715,800,588.0,20.018997751024,7.850587353342744,26.087208397375
Sony,NEX-C3,715,800,588.0,21.031846898649,8.247783097509412,26.305312945205
Sony,NEX-C3,715,800,588.0,22.044696046274,8.64497884167608,26.5128140948
Sony,NEX-C3,715,800,588.0,23.057545193899,9.042174585842746,26.71068590014
Sony,NEX-C3,715,800,588.0,24.070394341524,9.439370330009412,26.899774195904
Sony,NEX-C3,715,800,588.0,25.083243489149,9.836566074176078,27.080818142085
Sony,NEX-C3,715,800,588.0,26.096092636774,10.233761818342744,27.254467428213
Sony,NEX-C3,715,800,588.0,27.108941784398,10.63095756250902,27.421296145385
Sony,NEX-C3,715,800,588.0,28.121790932023,11.028153306675687,27.58181407136
Sony,NEX-C3,715,800,588.0,29.134640079648,11.425349050842353,27.736475926579
Sony,NEX-C3,715,800,588.0,30.147489227273,11.82254479500902,27.885689023543
Sony,NEX-C3,715,800,588.0,31.160338374898,12.219740539175685,28.029819632854
Sony,NEX-C3,715,800,588.0,32.173187522523,12.616936283342353,28.169198315801
Sony,NEX-C3,715,800,588.0,33.186036670148,13.01413202750902,28.304124418421
Sony,NEX-C3,715,800,588.0,34.198885817773,13.411327771675685,28.434869880394
Sony,NEX-C3,715,800,588.0,35.211734965398,13.808523515842353,28.561682480356
Sony,NEX-C3,715,800,588.0,36.224584113023,14.205719260009019,28.684788614817
Sony,NEX-C3,715,800,588.0,37.237433260647,14.602915004175296,28.804395688833
Sony,NEX-C3,715,800,588.0,38.250282408272,15.00011074834196,28.920694181738
Sony,NEX-C3,715,800,588.0,39.263131555897,15.397306492508624,29.033859439522
Sony,NEX-C3,715,800,588.0,40.275980703522,15.794502236675296,29.144053236131
Sony,NEX-C3,715,800,588.0,41.288829851147,16.19169798084196,29.251425138531
Sony,NEX-C3,715,800,588.0,42.301678998772,16.588893725008628,29.356113704402
Sony,NEX-C3,715,800,588.0,43.314528146397,16.986089469175294,29.458247536488
Sony,NEX-C3,715,800,588.0,44.327377294022,17.383285213341964,29.55794621371
Sony,NEX-C3,715,800,588.0,45.340226441647,17.780480957508626,29.655321115932
Sony,NEX-C3,715,800,588.0,46.353075589272,18.177676701675296,29.750476156614
Sony,NEX-C3,715,800,588.0,47.365924736896,18.574872445841567,29.843508435441
Sony,NEX-C3,715,800,588.0,48.378773884521,18.972068190008237,29.93450882118
Sony,NEX-C3,715,800,588.0,49.391623032146,19.369263934174903,30.023562473528
Sony,NEX-C3,715,800,588.0,50.404472179771,19.76645967834157,30.110749311465
Sony,NEX-C3,715,800,588.0,51.417321327396,20.163655422508235,30.196144434547
Sony,NEX-C3,715,800,588.0,52.430170475021,20.5608511666749,30.279818502706
Sony,NEX-C3,715,800,588.0,53.443019622646,20.958046910841567,30.36183807937
Sony,NEX-C3,715,800,588.0,54.455868770271,21.355242655008237,30.442265942063
Sony,NEX-C3,715,800,588.0,55.468717917896,21.752438399174903,30.521161364125
Sony,NEX-C3,715,800,588.0,56.48156706552,22.149634143341178,30.598580370704
Sony,NEX-C3,715,800,588.0,57.494416213145,22.546829887507844,30.6745759718
Sony,NEX-C3,715,800,588.0,58.50726536077,22.94402563167451,30.749198374774
Sony,NEX-C3,715,800,588.0,59.520114508395,23.341221375841176,30.82249517847
Sony,NEX-C3,715,800,588.0,60.53296365602,23.738417120007842,30.894511550808
Sony,NEX-C3,715,800,588.0,61.545812803645,24.13561286417451,30.965290391524
Sony,NEX-C3,715,800,588.0,62.55866195127,24.532808608341174,31.03487248152
Sony,NEX-C3,715,800,588.0,63.571511098895,24.930004352507844,31.103296620113
Sony,NEX-C3,715,800,588.0,64.58436024652,25.327200096674513,31.170599751359
Sony,NEX-C3,715,800,588.0,65.597209394145,25.724395840841176,31.236817080464
Sony,NEX-C3,715,800,588.0,66.610058541769,26.121591585007454,31.301982181207
Sony,NEX-C3,715,800,588.0,67.622907689394,26.518787329174113,31.366127095197
Sony,NEX-C3,715,800,588.0,68.635756837019,26.915983073340787,31.429282423693
Sony,NEX-C3,715,800,588.0,69.648605984644,27.313178817507456,31.491477412649
Sony,NEX-C3,715,800,588.0,70.661455132269,27.71037456167412,31.552740031574
Sony,NEX-C3,715,800,588.0,71.674304279894,28.107570305840785,31.613097046737
Sony,NEX-C3,715,800,588.0,72.687153427519,28.504766050007447,31.672574089204
Sony,NEX-C3,715,800,588.0,73.700002575144,28.90196179417412,31.731195718128
Sony,NEX-C3,715,800,588.0,74.712851722769,29.299157538340786,31.788985479691
Sony,NEX-C3,715,800,588.0,75.725700870393,29.69635328250706,31.845965962051
Sony,NEX-C3,715,800,588.0,76.738550018018,30.093549026673728,31.902158846613
Sony,NEX-C3,715,800,588.0,77.751399165643,30.49074477084039,31.957584955917
Sony,NEX-C3,715,800,588.0,78.764248313268,30.887940515007056,32.012264298401
Sony,NEX-C3,715,800,588.0,79.777097460893,31.28513625917373,32.066216110293
Sony,NEX-C3,715,800,588.0,80.789946608518,31.68233200334039,32.119458894837
Sony,NEX-C3,715,800,588.0,81.802795756143,32.07952774750706,32.172010459061
Sony,NEX-C3,715,800,588.0,82.815644903768,32.476723491673724,32.223887948271
Sony,NEX-C3,715,800,588.0,83.828494051393,32.87391923584039,32.275107878432
Sony,NEX-C3,715,800,588.0,84.841343199018,33.27111498000706,32.325686166592
Sony,NEX-C3,715,800,588.0,85.854192346642,33.66831072417333,32.375638159494
Sony,NEX-C3,715,800,588.0,86.867041494267,34.065506468340004,32.424978660493
Sony,NEX-C3,715,800,588.0,87.879890641892,34.46270221250667,32.473721954912
Sony,NEX-C3,715,800,588.0,88.892739789517,34.85989795667333,32.521881833926
Sony,NEX-C3,715,800,588.0,89.905588937142,35.257093700839995,32.569471617095
Sony,NEX-C3,715,800,588.0,90.918438084767,35.65428944500667,32.61650417362
Sony,NEX-C3,715,800,588.0,91.931287232392,36.051485189173334,32.66299194242
Sony,NEX-C3,715,800,588.0,92.944136380017,36.44868093334,32.7089469511
Sony,NEX-C3,715,800,588.0,93.956985527642,36.845876677506666,32.754380833884
Sony,NEX-C3,715,800,588.0,94.969834675266,37.24307242167294,32.799304848585
Sony,NEX-C3,715,800,588.0,95.982683822891,37.64026816583961,32.843729892666
Sony,NEX-C3,715,800,588.0,96.995532970516,38.037463910006274,32.887666518458
Sony,NEX-C3,715,800,588.0,98.008382118141,38.43465965417294,32.931124947574
Sony,NEX-C3,715,800,588.0,99.021231265766,38.83185539833961,32.974115084592
Sony,NEX-C3,715,800,588.0,100.03408041339,39.22905114250588,33.016646530027
Sony,NEX-C3,715,800,588.0,101.04692956102,39.62624688667451,33.058728592647
Sony,NEX-C3,715,800,588.0,102.05977870864,40.02344263083921,33.100370301178
Sony,NEX-C3,715,800,588.0,103.07262785627,40.42063837500785,33.141580415422
Sony,NEX-C3,715,800,588.0,104.08547700389,40.81783411917255,33.182367436832
Sony,NEX-C3,715,800,588.0,105.09832615152,41.21502986334117,33.222739618569
Sony,NEX-C3,715,800,588.0,106.11117529914,41.612225607505884,33.262704975079
Sony,NEX-C3,715,800,588.0,107.12402444677,42.00942135167451,33.302271291208
Sony,NEX-C3,715,800,588.0,108.13687359439,42.406617095839216,33.341446130889
Sony,NEX-C3,715,800,588.0,109.14972274201,42.80381284000392,33.38023684542
Sony,NEX-C3,715,800,588.0,110.16257188964,43.20100858417255,33.418650581362
Sony,NEX-C3,715,800,588.0,111.17542103726,43.59820432833725,33.456694288068
Sony,NEX-C3,715,800,588.0,112.18827018489,43.99540007250588,33.494374724871
Sony,NEX-C3,715,800,588.0,113.20111933251,44.392595816670585,33.531698467953
Sony,NEX-C3,715,800,588.0,114.21396848014,44.78979156083921,33.568671916895
Sony,NEX-C3,715,800,588.0,115.22681762776,45.186987305003925,33.605301300951
Sony,NEX-C3,715,800,588.0,116.23966677539,45.58418304917255,33.641592685031
Sony,NEX-C3,715,800,588.0,117.25251592301,45.98137879333725,33.677551975437
Sony,NEX-C3,715,800,588.0,118.26536507064,46.378574537505884,33.71318492534
Sony,NEX-C3,715,800,588.0,119.27821421826,46.77577028167059,33.748497140031
Sony,NEX-C3,715,800,588.0,120.29106336589,47.172966025839216,33.783494081945
Sony,NEX-C3,715,800,588.0,121.30391251351,47.57016177000392,33.818181075471
Sony,NEX-C3,715,800,588.0,122.31676166114,47.967357514172555,33.852563311568
Sony,NEX-C3,715,800,588.0,123.32961080876,48.36455325833725,33.886645852181
Sony,NEX-C3,715,800,588.0,124.34245995639,48.76174900250588,33.920433634485
Sony,NEX-C3,715,800,588.0,125.35530910401,49.15894474667059,33.95393147495
Sony,NEX-C3,715,800,588.0,126.36815825164,49.55614049083921,33.987144073241
Sony,NEX-C3,715,800,588.0,127.38100739926,49.95333623500392,34.020076015968
Sony,NEX-C3,715,800,588.0,128.39385654689,50.350531979172544,34.05273178028
Sony,NEX-C3,715,800,588.0,129.40670569451,50.747727723337256,34.085115737319
Sony,NEX-C3,715,800,588.0,130.41955484214,51.14492346750589,34.117232155544
Sony,NEX-C3,715,800,588.0,131.43240398976,51.54211921167059,34.149085203917
Sony,NEX-C3,715,800,588.0,132.44525313739,51.93931495583922,34.180678954974
Sony,NEX-C3,715,800,588.0,133.45810228501,52.33651070000393,34.212017387775
Sony,NEX-C3,715,800,588.0,134.47095143264,52.73370644417255,34.24310439074
Sony,NEX-C3,715,800,588.0,135.48380058026,53.13090218833726,34.273943764386
Sony,NEX-C3,715,800,588.0,136.49664972789,53.52809793250588,34.30453922395
Sony,NEX-C3,715,800,588.0,137.50949887551,53.925293676670584,34.334894401924
Sony,NEX-C3,715,800,588.0,138.52234802314,54.32248942083922,34.365012850496
Sony,NEX-C3,715,800,588.0,139.53519717076,54.719685165003916,34.394898043894
Sony,NEX-C3,715,800,588.0,140.54804631839,55.11688090917255,34.424553380655
Sony,NEX-C3,715,800,588.0,141.56089546601,55.51407665333726,34.453982185804
Sony,NEX-C3,715,800,588.0,142.57374461364,55.91127239750588,34.483187712962
Sony,NEX-C3,715,800,588.0,143.58659376126,56.30846814167059,34.512173146371
Sony,NEX-C3,715,800,588.0,144.59944290889,56.70566388583922,34.540941602857
Sony,NEX-C3,715,800,588.0,145.61229205651,57.10285963000392,34.569496133717
Sony,NEX-C3,715,800,588.0,146.62514120414,57.50005537417254,34.597839726541
Sony,NEX-C3,715,800,588.0,147.63799035176,57.89725111833726,34.625975306976
Sony,NEX-C3,715,800,588.0,148.65083949939,58.294446862505886,34.653905740425
Sony,NEX-C3,715,800,588.0,149.66368864701,58.69164260667058,34.68163383369
Sony,NEX-C3,715,800,588.0,150.67653779464,59.088838350839225,34.709162336557
Sony,NEX-C3,715,800,588.0,151.68938694226,59.48603409500392,34.73649394333
Sony,NEX-C3,715,800,588.0,152.70223608989,59.88322983917255,34.763631294315
Sony,NEX-C3,715,800,588.0,153.71508523751,60.28042558333726,34.790576977252
Sony,NEX-C3,715,800,588.0,154.72793438514,60.67762132750588,34.8173335287
Sony,NEX-C3,715,800,588.0,155.74078353276,61.07481707167059,34.843903435378
Sony,NEX-C3,715,800,588.0,156.75363268039,61.472012815839214,34.870289135464
Sony,NEX-C3,715,800,588.0,157.76648182801,61.86920856000392,34.896493019846
Sony,NEX-C3,715,800,588.0,158.77933097563,62.266404304168624,34.922517433339
Sony,NEX-C3,715,800,588.0,159.79218012326,62.66360004833725,34.948364675861
Sony,NEX-C3,715,800,588.0,160.80502927088,63.060795792501956,34.974037003572
Sony,NEX-C3,715,800,588.0,161.81787841851,63.45799153667059,34.999536629975
Sony,NEX-C3,715,800,588.0,162.83072756613,63.8551872808353,35.024865726986
Sony,NEX-C3,715,800,588.0,163.84357671376,64.25238302500392,35.050026425968
Sony,NEX-C3,715,800,588.0,164.85642586138,64.64957876916863,35.075020818734
Sony,NEX-C3,715,800,588.0,165.86927500901,65.04677451333725,35.09985095852
Sony,NEX-C3,715,800,588.0,166.88212415663,65.44397025750196,35.124518860928
Sony,NEX-C3,715,800,588.0,167.89497330426,65.84116600167059,35.149026504838
Sony,NEX-C3,715,800,588.0,168.90782245188,66.23836174583529,35.173375833296
Sony,NEX-C3,715,800,588.0,169.92067159951,66.63555749000393,35.197568754372
Sony,NEX-C3,715,800,588.0,170.93352074713,67.03275323416862,35.221607141996
Sony,NEX-C3,715,800,588.0,171.94636989476,67.42994897833726,35.245492836767
Sony,NEX-C3,715,800,588.0,172.95921904238,67.82714472250197,35.269227646737
Sony,NEX-C3,715,800,588.0,173.97206819001,68.22434046667058,35.292813348177
Sony,NEX-C3,715,800,588.0,174.98491733763,68.6215362108353,35.316251686313
Sony,NEX-C3,715,800,588.0,175.99776648526,69.01873195500391,35.339544376047
Sony,NEX-C3,715,800,588.0,177.01061563288,69.41592769916862,35.362693102658
Sony,NEX-C3,715,800,588.0,178.02346478051,69.81312344333726,35.385699522474
Sony,NEX-C3,715,800,588.0,179.03631392813,70.21031918750195,35.408565263536
Sony,NEX-C3,715,800,588.0,180.04916307576,70.6075149316706,35.431291926238
Sony,NEX-C3,715,800,588.0,181.06201222338,71.0047106758353,35.453881083946
Sony,NEX-C3,715,800,588.0,182.07486137101,71.40190642000393,35.476334283606
Sony,NEX-C3,715,800,588.0,183.08771051863,71.79910216416863,35.498653046332
Sony,NEX-C3,715,800,588.0,184.10055966626,72.19629790833726,35.520838867974
Sony,NEX-C3,715,800,588.0,185.11340881388,72.59349365250196,35.542893219681
Sony,NEX-C3,715,800,588.0,186.12625796151,72.99068939667059,35.564817548433
Sony,NEX-C3,715,800,588.0,187.13910710913,73.3878851408353,35.586613277576
Sony,NEX-C3,715,800,588.0,188.15195625676,73.78508088500392,35.608281807328
Sony,NEX-C3,715,800,588.0,189.16480540438,74.18227662916863,35.629824515277
Sony,NEX-C3,715,800,588.0,190.17765455201,74.57947237333727,35.65124275687
Sony,NEX-C3,715,800,588.0,191.19050369963,74.97666811750196,35.672537865883
Sony,NEX-C3,715,800,588.0,192.20335284726,75.37386386167059,35.693711154877
Sony,NEX-C3,715,800,588.0,193.21620199488,75.7710596058353,35.714763915651
Sony,NEX-C3,715,800,588.0,194.22905114251,76.16825535000392,35.735697419672
Sony,NEX-C3,715,800,588.0,195.24190029013,76.56545109416862,35.756512918504
Sony,NEX-C3,715,800,588.0,196.25474943776,76.96264683833725,35.777211644216
Sony,NEX-C3,715,800,588.0,197.26759858538,77.35984258250195,35.79779480979
Sony,NEX-C3,715,800,588.0,198.28044773301,77.75703832667058,35.81826360951
Sony,NEX-C3,715,800,588.0,199.29329688063,78.15423407083529,35.838619219343
Sony,NEX-C3,715,800,588.0,200.30614602826,78.55142981500393,35.858862797316
Sony,NEX-C3,715,800,588.0,201.31899517588,78.94862555916863,35.878995483873
Sony,NEX-C3,715,800,588.0,202.33184432351,79.34582130333726,35.899018402233
Sony,NEX-C3,715,800,588.0,203.34469347113,79.74301704750197,35.918932658736
Sony,NEX-C3,715,800,588.0,204.35754261876,80.14021279167058,35.938739343175
Sony,NEX-C3,715,800,588.0,205.37039176638,80.5374085358353,35.958439529126
Sony,NEX-C3,715,800,588.0,206.38324091401,80.93460428000392,35.978034274271
Sony,NEX-C3,715,800,588.0,207.39609006163,81.33180002416861,35.997524620707
Sony,NEX-C3,715,800,588.0,208.40893920926,81.72899576833727,36.016911595249
Sony,NEX-C3,715,800,588.0,209.42178835688,82.12619151250196,36.036196209731
Sony,NEX-C3,715,800,588.0,210.43463750451,82.52338725667059,36.055379461294
Sony,NEX-C3,715,800,588.0,211.44748665213,82.92058300083531,36.074462332669
Sony,NEX-C3,715,800,588.0,212.46033579975,83.317778745,36.093445792454
Sony,NEX-C3,715,800,588.0,213.47318494738,83.71497448916863,36.112330795381
Sony,NEX-C3,715,800,588.0,214.486034095,84.11217023333334,36.131118282583
Sony,NEX-C3,715,800,588.0,215.49888324263,84.50936597750196,36.149809181847
Sony,NEX-C3,715,800,588.0,216.51173239025,84.90656172166666,36.168404407871
Sony,NEX-C3,715,800,588.0,217.52458153788,85.30375746583529,36.1869048625
Sony,NEX-C3,715,800,588.0,218.5374306855,85.70095321,36.205311434973
Sony,NEX-C3,715,800,588.0,219.55027983313,86.09814895416864,36.223625002154
Sony,NEX-C3,715,800,588.0,220.56312898075,86.49534469833333,36.241846428761
Sony,NEX-C3,715,800,588.0,221.57597812838,86.89254044250197,36.259976567588
Sony,NEX-C3,715,800,588.0,222.588827276,87.28973618666667,36.278016259725
Sony,NEX-C3,715,800,588.0,223.60167642363,87.6869319308353,36.295966334768
Sony,NEX-C3,715,800,588.0,224.61452557125,88.084127675,36.31382761103
Sony,NEX-C3,715,800,588.0,225.62737471888,88.48132341916862,36.331600895746
Sony,NEX-C3,715,800,588.0,226.6402238665,88.87851916333334,36.349286985266
Sony,NEX-C3,715,800,588.0,227.65307301413,89.27571490750196,36.366886665257
Sony,NEX-C3,715,800,588.0,228.66592216175,89.67291065166665,36.384400710887
Sony,NEX-C3,715,800,588.0,229.67877130938,90.0701063958353,36.401829887015
Sony,NEX-C3,715,800,588.0,230.691620457,90.46730214,36.419174948372
Sony,NEX-C3,715,800,588.0,231.70446960463,90.86449788416863,36.436436639737
Sony,NEX-C3,715,800,588.0,232.71731875225,91.26169362833335,36.453615696113
Sony,NEX-C3,715,800,588.0,233.73016789988,91.65888937250196,36.470712842898
Sony,NEX-C3,715,800,588.0,234.7430170475,92.05608511666667,36.487728796048
Sony,NEX-C3,715,800,588.0,235.75586619513,92.45328086083529,36.504664262246
Sony,NEX-C3,715,800,588.0,236.76871534275,92.850476605,36.521519939053
Sony,NEX-C3,715,800,588.0,237.78156449038,93.24767234916862,36.538296515072
Sony,NEX-C3,715,800,588.0,238.794413638,93.64486809333333,36.554994670097
Sony,NEX-C3,715,800,588.0,239.80726278563,94.04206383750197,36.571615075262
Sony,NEX-C3,715,800,588.0,240.82011193325,94.43925958166666,36.58815839319
Sony,NEX-C3,715,800,588.0,241.83296108088,94.8364553258353,36.604625278134
Sony,NEX-C3,715,800,588.0,242.8458102285,95.23365107000001,36.621016376116
Sony,NEX-C3,715,800,588.0,243.85865937613,95.63084681416862,36.637332325069
Sony,NEX-C3,715,800,588.0,244.87150852375,96.02804255833334,36.653573754967
Sony,NEX-C3,715,800,588.0,245.88435767138,96.42523830250195,36.669741287957
Sony,NEX-C3,715,800,588.0,246.897206819,96.82243404666666,36.685835538494
Sony,NEX-C3,715,800,588.0,247.91005596663,97.2196297908353,36.701857113457
Sony,NEX-C3,715,800,588.0,248.92290511425,97.61682553499999,36.717806612282
Sony,NEX-C3,715,800,588.0,249.93575426188,98.01402127916863,36.733684627079
Sony,NEX-C3,715,800,588.0,250.9486034095,98.41121702333334,36.74949174275
Sony,NEX-C3,715,800,588.0,251.96145255713,98.80841276750196,36.765228537108
Sony,NEX-C3,715,800,588.0,252.97430170475,99.20560851166667,36.78089558099
Sony,NEX-C3,715,800,588.0,253.98715085238,99.6028042558353,36.796493438368
Sony,NEX-C3,715,800,588.0,255,100.0,36.812022666459
Sony,NEX-C3,715,1600,1160.0,0.36424371400184,0.14284067215758434,0
Sony,NEX-C3,715,1600,1160.0,0.7344313246391,0.2880122841721961,5.0976587443789
Sony,NEX-C3,715,1600,1160.0,1.4749162328744,0.5783985226958431,9.66424990348
Sony,NEX-C3,715,1600,1160.0,2.800562241401,1.0982597025101961,13.414670011069
Sony,NEX-C3,715,1600,1160.0,3.8134113890259,1.4954554466768235,15.086510264403
Sony,NEX-C3,715,1600,1160.0,4.8262605366508,1.892651190843451,16.313335863785
Sony,NEX-C3,715,1600,1160.0,5.8391096842757,2.289846935010078,17.278709752172
Sony,NEX-C3,715,1600,1160.0,6.8519588319006,2.687042679176706,18.07288907023
Sony,NEX-C3,715,1600,1160.0,7.8648079795255,3.0842384233433333,18.746627919533
Sony,NEX-C3,715,1600,1160.0,8.8776571271504,3.4814341675099607,19.331188474029
Sony,NEX-C3,715,1600,1160.0,9.8905062747753,3.8786299116765877,19.847142895894
Sony,NEX-C3,715,1600,1160.0,10.9033554224,4.275825655843137,20.308726412476
Sony,NEX-C3,715,1600,1160.0,11.916204570025,4.673021400009804,20.726186303014
Sony,NEX-C3,715,1600,1160.0,12.92905371765,5.07021714417647,21.107138142292
Sony,NEX-C3,715,1600,1160.0,13.941902865275,5.467412888343138,21.457392397366
Sony,NEX-C3,715,1600,1160.0,14.9547520129,5.864608632509804,21.781481050892
Sony,NEX-C3,715,1600,1160.0,15.967601160525,6.26180437667647,22.08300575996
Sony,NEX-C3,715,1600,1160.0,16.98045030815,6.659000120843138,22.364875365217
Sony,NEX-C3,715,1600,1160.0,17.993299455774,7.056195865009412,22.629472341556
Sony,NEX-C3,715,1600,1160.0,19.006148603399,7.453391609176078,22.87877221138
Sony,NEX-C3,715,1600,1160.0,20.018997751024,7.850587353342744,23.114430988009
Sony,NEX-C3,715,1600,1160.0,21.031846898649,8.247783097509412,23.337850379671
Sony,NEX-C3,715,1600,1160.0,22.044696046274,8.64497884167608,23.550227201243
Sony,NEX-C3,715,1600,1160.0,23.057545193899,9.042174585842746,23.75259136392
Sony,NEX-C3,715,1600,1160.0,24.070394341524,9.439370330009412,23.945835466238
Sony,NEX-C3,715,1600,1160.0,25.083243489149,9.836566074176078,24.130738116846
Sony,NEX-C3,715,1600,1160.0,26.096092636774,10.233761818342744,24.307982515333
Sony,NEX-C3,715,1600,1160.0,27.108941784398,10.63095756250902,24.47817140126
Sony,NEX-C3,715,1600,1160.0,28.121790932023,11.028153306675687,24.64183919007
Sony,NEX-C3,715,1600,1160.0,29.134640079648,11.425349050842353,24.799461907287
Sony,NEX-C3,715,1600,1160.0,30.147489227273,11.82254479500902,24.951465382956
Sony,NEX-C3,715,1600,1160.0,31.160338374898,12.219740539175685,25.098232059161
Sony,NEX-C3,715,1600,1160.0,32.173187522523,12.616936283342353,25.24010668276
Sony,NEX-C3,715,1600,1160.0,33.186036670148,13.01413202750902,25.377401095225
Sony,NEX-C3,715,1600,1160.0,34.198885817773,13.411327771675685,25.510398285972
Sony,NEX-C3,715,1600,1160.0,35.211734965398,13.808523515842353,25.639355840897
Sony,NEX-C3,715,1600,1160.0,36.224584113023,14.205719260009019,25.764508891156
Sony,NEX-C3,715,1600,1160.0,37.237433260647,14.602915004175296,25.886072646582
Sony,NEX-C3,715,1600,1160.0,38.250282408272,15.00011074834196,26.004244581955
Sony,NEX-C3,715,1600,1160.0,39.263131555897,15.397306492508624,26.119206331643
Sony,NEX-C3,715,1600,1160.0,40.275980703522,15.794502236675296,26.23112533804
Sony,NEX-C3,715,1600,1160.0,41.288829851147,16.19169798084196,26.340156291187
Sony,NEX-C3,715,1600,1160.0,42.301678998772,16.588893725008628,26.446442390523
Sony,NEX-C3,715,1600,1160.0,43.314528146397,16.986089469175294,26.550116454465
Sony,NEX-C3,715,1600,1160.0,44.327377294022,17.383285213341964,26.651301899322
Sony,NEX-C3,715,1600,1160.0,45.340226441647,17.780480957508626,26.750113605561
Sony,NEX-C3,715,1600,1160.0,46.353075589272,18.177676701675296,26.846658686618
Sony,NEX-C3,715,1600,1160.0,47.365924736896,18.574872445841567,26.941037173124
Sony,NEX-C3,715,1600,1160.0,48.378773884521,18.972068190008237,27.033342623457
Sony,NEX-C3,715,1600,1160.0,49.391623032146,19.369263934174903,27.123662669931
Sony,NEX-C3,715,1600,1160.0,50.404472179771,19.76645967834157,27.212079508602
Sony,NEX-C3,715,1600,1160.0,51.417321327396,20.163655422508235,27.298670339517
Sony,NEX-C3,715,1600,1160.0,52.430170475021,20.5608511666749,27.383507763314
Sony,NEX-C3,715,1600,1160.0,53.443019622646,20.958046910841567,27.466660139249
Sony,NEX-C3,715,1600,1160.0,54.455868770271,21.355242655008237,27.548191909073
Sony,NEX-C3,715,1600,1160.0,55.468717917896,21.752438399174903,27.628163890591
Sony,NEX-C3,715,1600,1160.0,56.48156706552,22.149634143341178,27.70663354424
Sony,NEX-C3,715,1600,1160.0,57.494416213145,22.546829887507844,27.783655215613
Sony,NEX-C3,715,1600,1160.0,58.50726536077,22.94402563167451,27.859280356481
Sony,NEX-C3,715,1600,1160.0,59.520114508395,23.341221375841176,27.933557726564
Sony,NEX-C3,715,1600,1160.0,60.53296365602,23.738417120007842,28.006533578021
Sony,NEX-C3,715,1600,1160.0,61.545812803645,24.13561286417451,28.078251824418
Sony,NEX-C3,715,1600,1160.0,62.55866195127,24.532808608341174,28.148754195693
Sony,NEX-C3,715,1600,1160.0,63.571511098895,24.930004352507844,28.218080380515
Sony,NEX-C3,715,1600,1160.0,64.58436024652,25.327200096674513,28.286268157217
Sony,NEX-C3,715,1600,1160.0,65.597209394145,25.724395840841176,28.353353514414
Sony,NEX-C3,715,1600,1160.0,66.610058541769,26.121591585007454,28.419370762243
Sony,NEX-C3,715,1600,1160.0,67.622907689394,26.518787329174113,28.484352635103
Sony,NEX-C3,715,1600,1160.0,68.635756837019,26.915983073340787,28.548330386651
Sony,NEX-C3,715,1600,1160.0,69.648605984644,27.313178817507456,28.611333877751
Sony,NEX-C3,715,1600,1160.0,70.661455132269,27.71037456167412,28.673391657986
Sony,NEX-C3,715,1600,1160.0,71.674304279894,28.107570305840785,28.734531041304
Sony,NEX-C3,715,1600,1160.0,72.687153427519,28.504766050007447,28.794778176279
Sony,NEX-C3,715,1600,1160.0,73.700002575144,28.90196179417412,28.854158111454
Sony,NEX-C3,715,1600,1160.0,74.712851722769,29.299157538340786,28.912694856172
Sony,NEX-C3,715,1600,1160.0,75.725700870393,29.69635328250706,28.970411437254
Sony,NEX-C3,715,1600,1160.0,76.738550018018,30.093549026673728,29.02732995187
Sony,NEX-C3,715,1600,1160.0,77.751399165643,30.49074477084039,29.083471616904
Sony,NEX-C3,715,1600,1160.0,78.764248313268,30.887940515007056,29.13885681508
Sony,NEX-C3,715,1600,1160.0,79.777097460893,31.28513625917373,29.193505138114
Sony,NEX-C3,715,1600,1160.0,80.789946608518,31.68233200334039,29.247435427106
Sony,NEX-C3,715,1600,1160.0,81.802795756143,32.07952774750706,29.300665810391
Sony,NEX-C3,715,1600,1160.0,82.815644903768,32.476723491673724,29.353213739032
Sony,NEX-C3,715,1600,1160.0,83.828494051393,32.87391923584039,29.405096020131
Sony,NEX-C3,715,1600,1160.0,84.841343199018,33.27111498000706,29.456328848123
Sony,NEX-C3,715,1600,1160.0,85.854192346642,33.66831072417333,29.506927834183
Sony,NEX-C3,715,1600,1160.0,86.867041494267,34.065506468340004,29.556908033899
Sony,NEX-C3,715,1600,1160.0,87.879890641892,34.46270221250667,29.606283973317
Sony,NEX-C3,715,1600,1160.0,88.892739789517,34.85989795667333,29.655069673483
Sony,NEX-C3,715,1600,1160.0,89.905588937142,35.257093700839995,29.703278673574
Sony,NEX-C3,715,1600,1160.0,90.918438084767,35.65428944500667,29.750924052725
Sony,NEX-C3,715,1600,1160.0,91.931287232392,36.051485189173334,29.798018450633
Sony,NEX-C3,715,1600,1160.0,92.944136380017,36.44868093334,29.844574087018
Sony,NEX-C3,715,1600,1160.0,93.956985527642,36.845876677506666,29.890602780023
Sony,NEX-C3,715,1600,1160.0,94.969834675266,37.24307242167294,29.936115963612
Sony,NEX-C3,715,1600,1160.0,95.982683822891,37.64026816583961,29.981124704043
Sony,NEX-C3,715,1600,1160.0,96.995532970516,38.037463910006274,30.02563971546
Sony,NEX-C3,715,1600,1160.0,98.008382118141,38.43465965417294,30.069671374673
Sony,NEX-C3,715,1600,1160.0,99.021231265766,38.83185539833961,30.11322973517
Sony,NEX-C3,715,1600,1160.0,100.03408041339,39.22905114250588,30.156324540405
Sony,NEX-C3,715,1600,1160.0,101.04692956102,39.62624688667451,30.198965236416
Sony,NEX-C3,715,1600,1160.0,102.05977870864,40.02344263083921,30.241160983805
Sony,NEX-C3,715,1600,1160.0,103.07262785627,40.42063837500785,30.282920669118
Sony,NEX-C3,715,1600,1160.0,104.08547700389,40.81783411917255,30.324252915671
Sony,NEX-C3,715,1600,1160.0,105.09832615152,41.21502986334117,30.365166093838
Sony,NEX-C3,715,1600,1160.0,106.11117529914,41.612225607505884,30.405668330849
Sony,NEX-C3,715,1600,1160.0,107.12402444677,42.00942135167451,30.445767520112
Sony,NEX-C3,715,1600,1160.0,108.13687359439,42.406617095839216,30.485471330098
Sony,NEX-C3,715,1600,1160.0,109.14972274201,42.80381284000392,30.524787212803
Sony,NEX-C3,715,1600,1160.0,110.16257188964,43.20100858417255,30.563722411821
Sony,NEX-C3,715,1600,1160.0,111.17542103726,43.59820432833725,30.602283970038
Sony,NEX-C3,715,1600,1160.0,112.18827018489,43.99540007250588,30.640478736981
Sony,NEX-C3,715,1600,1160.0,113.20111933251,44.392595816670585,30.678313375829
Sony,NEX-C3,715,1600,1160.0,114.21396848014,44.78979156083921,30.71579437011
Sony,NEX-C3,715,1600,1160.0,115.22681762776,45.186987305003925,30.7529280301
Sony,NEX-C3,715,1600,1160.0,116.23966677539,45.58418304917255,30.789720498943
Sony,NEX-C3,715,1600,1160.0,117.25251592301,45.98137879333725,30.826177758498
Sony,NEX-C3,715,1600,1160.0,118.26536507064,46.378574537505884,30.862305634934
Sony,NEX-C3,715,1600,1160.0,119.27821421826,46.77577028167059,30.898109804087
Sony,NEX-C3,715,1600,1160.0,120.29106336589,47.172966025839216,30.933595796588
Sony,NEX-C3,715,1600,1160.0,121.30391251351,47.57016177000392,30.968769002769
Sony,NEX-C3,715,1600,1160.0,122.31676166114,47.967357514172555,31.003634677373
Sony,NEX-C3,715,1600,1160.0,123.32961080876,48.36455325833725,31.038197944058
Sony,NEX-C3,715,1600,1160.0,124.34245995639,48.76174900250588,31.072463799722
Sony,NEX-C3,715,1600,1160.0,125.35530910401,49.15894474667059,31.106437118653
Sony,NEX-C3,715,1600,1160.0,126.36815825164,49.55614049083921,31.140122656499
Sony,NEX-C3,715,1600,1160.0,127.38100739926,49.95333623500392,31.173525054095
Sony,NEX-C3,715,1600,1160.0,128.39385654689,50.350531979172544,31.206648841124
Sony,NEX-C3,715,1600,1160.0,129.40670569451,50.747727723337256,31.239498439637
Sony,NEX-C3,715,1600,1160.0,130.41955484214,51.14492346750589,31.272078167439
Sony,NEX-C3,715,1600,1160.0,131.43240398976,51.54211921167059,31.304392241336
Sony,NEX-C3,715,1600,1160.0,132.44525313739,51.93931495583922,31.336444780263
Sony,NEX-C3,715,1600,1160.0,133.45810228501,52.33651070000393,31.368239808287
Sony,NEX-C3,715,1600,1160.0,134.47095143264,52.73370644417255,31.399781257497
Sony,NEX-C3,715,1600,1160.0,135.48380058026,53.13090218833726,31.431072970789
Sony,NEX-C3,715,1600,1160.0,136.49664972789,53.52809793250588,31.462118704537
Sony,NEX-C3,715,1600,1160.0,137.50949887551,53.925293676670584,31.492922131176
Sony,NEX-C3,715,1600,1160.0,138.52234802314,54.32248942083922,31.523486841682
Sony,NEX-C3,715,1600,1160.0,139.53519717076,54.719685165003916,31.553816347962
Sony,NEX-C3,715,1600,1160.0,140.54804631839,55.11688090917255,31.583914085157
Sony,NEX-C3,715,1600,1160.0,141.56089546601,55.51407665333726,31.613783413866
Sony,NEX-C3,715,1600,1160.0,142.57374461364,55.91127239750588,31.643427622286
Sony,NEX-C3,715,1600,1160.0,143.58659376126,56.30846814167059,31.672849928273
Sony,NEX-C3,715,1600,1160.0,144.59944290889,56.70566388583922,31.70205348134
Sony,NEX-C3,715,1600,1160.0,145.61229205651,57.10285963000392,31.731041364571
Sony,NEX-C3,715,1600,1160.0,146.62514120414,57.50005537417254,31.759816596483
Sony,NEX-C3,715,1600,1160.0,147.63799035176,57.89725111833726,31.788382132809
Sony,NEX-C3,715,1600,1160.0,148.65083949939,58.294446862505886,31.816740868233
Sony,NEX-C3,715,1600,1160.0,149.66368864701,58.69164260667058,31.844895638056
Sony,NEX-C3,715,1600,1160.0,150.67653779464,59.088838350839225,31.872849219808
Sony,NEX-C3,715,1600,1160.0,151.68938694226,59.48603409500392,31.900604334812
Sony,NEX-C3,715,1600,1160.0,152.70223608989,59.88322983917255,31.928163649683
Sony,NEX-C3,715,1600,1160.0,153.71508523751,60.28042558333726,31.955529777788
Sony,NEX-C3,715,1600,1160.0,154.72793438514,60.67762132750588,31.982705280654
Sony,NEX-C3,715,1600,1160.0,155.74078353276,61.07481707167059,32.009692669332
Sony,NEX-C3,715,1600,1160.0,156.75363268039,61.472012815839214,32.036494405707
Sony,NEX-C3,715,1600,1160.0,157.76648182801,61.86920856000392,32.063112903782
Sony,NEX-C3,715,1600,1160.0,158.77933097563,62.266404304168624,32.089550530905
Sony,NEX-C3,715,1600,1160.0,159.79218012326,62.66360004833725,32.115809608964
Sony,NEX-C3,715,1600,1160.0,160.80502927088,63.060795792501956,32.141892415549
Sony,NEX-C3,715,1600,1160.0,161.81787841851,63.45799153667059,32.167801185063
Sony,NEX-C3,715,1600,1160.0,162.83072756613,63.8551872808353,32.193538109813
Sony,NEX-C3,715,1600,1160.0,163.84357671376,64.25238302500392,32.219105341057
Sony,NEX-C3,715,1600,1160.0,164.85642586138,64.64957876916863,32.244504990026
Sony,NEX-C3,715,1600,1160.0,165.86927500901,65.04677451333725,32.269739128907
Sony,NEX-C3,715,1600,1160.0,166.88212415663,65.44397025750196,32.2948097918
Sony,NEX-C3,715,1600,1160.0,167.89497330426,65.84116600167059,32.319718975649
Sony,NEX-C3,715,1600,1160.0,168.90782245188,66.23836174583529,32.344468641137
Sony,NEX-C3,715,1600,1160.0,169.92067159951,66.63555749000393,32.36906071356
Sony,NEX-C3,715,1600,1160.0,170.93352074713,67.03275323416862,32.393497083675
Sony,NEX-C3,715,1600,1160.0,171.94636989476,67.42994897833726,32.417779608518
Sony,NEX-C3,715,1600,1160.0,172.95921904238,67.82714472250197,32.441910112204
Sony,NEX-C3,715,1600,1160.0,173.97206819001,68.22434046667058,32.465890386696
Sony,NEX-C3,715,1600,1160.0,174.98491733763,68.6215362108353,32.489722192562
Sony,NEX-C3,715,1600,1160.0,175.99776648526,69.01873195500391,32.513407259698
Sony,NEX-C3,715,1600,1160.0,177.01061563288,69.41592769916862,32.536947288042
Sony,NEX-C3,715,1600,1160.0,178.02346478051,69.81312344333726,32.560343948257
Sony,NEX-C3,715,1600,1160.0,179.03631392813,70.21031918750195,32.583598882399
Sony,NEX-C3,715,1600,1160.0,180.04916307576,70.6075149316706,32.60671370457
Sony,NEX-C3,715,1600,1160.0,181.06201222338,71.0047106758353,32.629690001547
Sony,NEX-C3,715,1600,1160.0,182.07486137101,71.40190642000393,32.652529333395
Sony,NEX-C3,715,1600,1160.0,183.08771051863,71.79910216416863,32.67523323406
Sony,NEX-C3,715,1600,1160.0,184.10055966626,72.19629790833726,32.697803211956
Sony,NEX-C3,715,1600,1160.0,185.11340881388,72.59349365250196,32.72024075052
Sony,NEX-C3,715,1600,1160.0,186.12625796151,72.99068939667059,32.742547308767
Sony,NEX-C3,715,1600,1160.0,187.13910710913,73.3878851408353,32.764724321819
Sony,NEX-C3,715,1600,1160.0,188.15195625676,73.78508088500392,32.786773201425
Sony,NEX-C3,715,1600,1160.0,189.16480540438,74.18227662916863,32.808695336466
Sony,NEX-C3,715,1600,1160.0,190.17765455201,74.57947237333727,32.830492093445
Sony,NEX-C3,715,1600,1160.0,191.19050369963,74.97666811750196,32.852164816966
Sony,NEX-C3,715,1600,1160.0,192.20335284726,75.37386386167059,32.8737148302
Sony,NEX-C3,715,1600,1160.0,193.21620199488,75.7710596058353,32.895143435336
Sony,NEX-C3,715,1600,1160.0,194.22905114251,76.16825535000392,32.916451914023
Sony,NEX-C3,715,1600,1160.0,195.24190029013,76.56545109416862,32.937641527801
Sony,NEX-C3,715,1600,1160.0,196.25474943776,76.96264683833725,32.958713518517
Sony,NEX-C3,715,1600,1160.0,197.26759858538,77.35984258250195,32.979669108734
Sony,NEX-C3,715,1600,1160.0,198.28044773301,77.75703832667058,33.000509502128
Sony,NEX-C3,715,1600,1160.0,199.29329688063,78.15423407083529,33.021235883875
Sony,NEX-C3,715,1600,1160.0,200.30614602826,78.55142981500393,33.041849421028
Sony,NEX-C3,715,1600,1160.0,201.31899517588,78.94862555916863,33.062351262883
Sony,NEX-C3,715,1600,1160.0,202.33184432351,79.34582130333726,33.082742541341
Sony,NEX-C3,715,1600,1160.0,203.34469347113,79.74301704750197,33.103024371253
Sony,NEX-C3,715,1600,1160.0,204.35754261876,80.14021279167058,33.123197850763
Sony,NEX-C3,715,1600,1160.0,205.37039176638,80.5374085358353,33.143264061639
Sony,NEX-C3,715,1600,1160.0,206.38324091401,80.93460428000392,33.163224069598
Sony,NEX-C3,715,1600,1160.0,207.39609006163,81.33180002416861,33.183078924622
Sony,NEX-C3,715,1600,1160.0,208.40893920926,81.72899576833727,33.202829661263
Sony,NEX-C3,715,1600,1160.0,209.42178835688,82.12619151250196,33.222477298948
Sony,NEX-C3,715,1600,1160.0,210.43463750451,82.52338725667059,33.242022842271
Sony,NEX-C3,715,1600,1160.0,211.44748665213,82.92058300083531,33.261467281277
Sony,NEX-C3,715,1600,1160.0,212.46033579975,83.317778745,33.280811591745
Sony,NEX-C3,715,1600,1160.0,213.47318494738,83.71497448916863,33.300056735456
Sony,NEX-C3,715,1600,1160.0,214.486034095,84.11217023333334,33.319203660466
Sony,NEX-C3,715,1600,1160.0,215.49888324263,84.50936597750196,33.338253301359
Sony,NEX-C3,715,1600,1160.0,216.51173239025,84.90656172166666,33.357206579506
Sony,NEX-C3,715,1600,1160.0,217.52458153788,85.30375746583529,33.376064403311
Sony,NEX-C3,715,1600,1160.0,218.5374306855,85.70095321,33.39482766845
Sony,NEX-C3,715,1600,1160.0,219.55027983313,86.09814895416864,33.413497258114
Sony,NEX-C3,715,1600,1160.0,220.56312898075,86.49534469833333,33.432074043234
Sony,NEX-C3,715,1600,1160.0,221.57597812838,86.89254044250197,33.450558882711
Sony,NEX-C3,715,1600,1160.0,222.588827276,87.28973618666667,33.468952623634
Sony,NEX-C3,715,1600,1160.0,223.60167642363,87.6869319308353,33.487256101496
Sony,NEX-C3,715,1600,1160.0,224.61452557125,88.084127675,33.505470140403
Sony,NEX-C3,715,1600,1160.0,225.62737471888,88.48132341916862,33.523595553285
Sony,NEX-C3,715,1600,1160.0,226.6402238665,88.87851916333334,33.541633142092
Sony,NEX-C3,715,1600,1160.0,227.65307301413,89.27571490750196,33.559583697992
Sony,NEX-C3,715,1600,1160.0,228.66592216175,89.67291065166665,33.577448001565
Sony,NEX-C3,715,1600,1160.0,229.67877130938,90.0701063958353,33.595226822989
Sony,NEX-C3,715,1600,1160.0,230.691620457,90.46730214,33.612920922226
Sony,NEX-C3,715,1600,1160.0,231.70446960463,90.86449788416863,33.630531049198
Sony,NEX-C3,715,1600,1160.0,232.71731875225,91.26169362833335,33.648057943969
Sony,NEX-C3,715,1600,1160.0,233.73016789988,91.65888937250196,33.665502336912
Sony,NEX-C3,715,1600,1160.0,234.7430170475,92.05608511666667,33.682864948877
Sony,NEX-C3,715,1600,1160.0,235.75586619513,92.45328086083529,33.700146491362
Sony,NEX-C3,715,1600,1160.0,236.76871534275,92.850476605,33.717347666665
Sony,NEX-C3,715,1600,1160.0,237.78156449038,93.24767234916862,33.734469168051
Sony,NEX-C3,715,1600,1160.0,238.794413638,93.64486809333333,33.751511679898
Sony,NEX-C3,715,1600,1160.0,239.80726278563,94.04206383750197,33.768475877854
Sony,NEX-C3,715,1600,1160.0,240.82011193325,94.43925958166666,33.785362428982
Sony,NEX-C3,715,1600,1160.0,241.83296108088,94.8364553258353,33.802171991906
Sony,NEX-C3,715,1600,1160.0,242.8458102285,95.23365107000001,33.818905216952
Sony,NEX-C3,715,1600,1160.0,243.85865937613,95.63084681416862,33.835562746286
Sony,NEX-C3,715,1600,1160.0,244.87150852375,96.02804255833334,33.852145214053
Sony,NEX-C3,715,1600,1160.0,245.88435767138,96.42523830250195,33.868653246505
Sony,NEX-C3,715,1600,1160.0,246.897206819,96.82243404666666,33.885087462135
Sony,NEX-C3,715,1600,1160.0,247.91005596663,97.2196297908353,33.901448471805
Sony,NEX-C3,715,1600,1160.0,248.92290511425,97.61682553499999,33.917736878869
Sony,NEX-C3,715,1600,1160.0,249.93575426188,98.01402127916863,33.933953279295
Sony,NEX-C3,715,1600,1160.0,250.9486034095,98.41121702333334,33.950098261787
Sony,NEX-C3,715,1600,1160.0,251.96145255713,98.80841276750196,33.966172407902
Sony,NEX-C3,715,1600,1160.0,252.97430170475,99.20560851166667,33.982176292165
Sony,NEX-C3,715,1600,1160.0,253.98715085238,99.6028042558353,33.99811048218
Sony,NEX-C3,715,1600,1160.0,255,100.0,34.013975538745
Sony,NEX-C3,715,3200,2331.0,0.7344313246391,0.2880122841721961,0
Sony,NEX-C3,715,3200,2331.0,1.4749162328744,0.5783985226958431,5.0690475021764
Sony,NEX-C3,715,3200,2331.0,2.800562241401,1.0982597025101961,9.2898280154999
Sony,NEX-C3,715,3200,2331.0,3.8134113890259,1.4954554466768235,11.164632385602
Sony,NEX-C3,715,3200,2331.0,4.8262605366508,1.892651190843451,12.530313160889
Sony,NEX-C3,715,3200,2331.0,5.8391096842757,2.289846935010078,13.596782966493
Sony,NEX-C3,715,3200,2331.0,6.8519588319006,2.687042679176706,14.467931100783
Sony,NEX-C3,715,3200,2331.0,7.8648079795255,3.0842384233433333,15.202280120737
Sony,NEX-C3,715,3200,2331.0,8.8776571271504,3.4814341675099607,15.835846110588
Sony,NEX-C3,715,3200,2331.0,9.8905062747753,3.8786299116765877,16.392274514085
Sony,NEX-C3,715,3200,2331.0,10.9033554224,4.275825655843137,16.887876011755
Sony,NEX-C3,715,3200,2331.0,11.916204570025,4.673021400009804,17.334350272684
Sony,NEX-C3,715,3200,2331.0,12.92905371765,5.07021714417647,17.740359786056
Sony,NEX-C3,715,3200,2331.0,13.941902865275,5.467412888343138,18.112488780111
Sony,NEX-C3,715,3200,2331.0,14.9547520129,5.864608632509804,18.455853506906
Sony,NEX-C3,715,3200,2331.0,15.967601160525,6.26180437667647,18.774505079548
Sony,NEX-C3,715,3200,2331.0,16.98045030815,6.659000120843138,19.071703754502
Sony,NEX-C3,715,3200,2331.0,17.993299455774,7.056195865009412,19.350110738427
Sony,NEX-C3,715,3200,2331.0,19.006148603399,7.453391609176078,19.61192547345
Sony,NEX-C3,715,3200,2331.0,20.018997751024,7.850587353342744,19.858985925314
Sony,NEX-C3,715,3200,2331.0,21.031846898649,8.247783097509412,20.092843181092
Sony,NEX-C3,715,3200,2331.0,22.044696046274,8.64497884167608,20.31481783917
Sony,NEX-C3,715,3200,2331.0,23.057545193899,9.042174585842746,20.526043256644
Sony,NEX-C3,715,3200,2331.0,24.070394341524,9.439370330009412,20.727499152995
Sony,NEX-C3,715,3200,2331.0,25.083243489149,9.836566074176078,20.920038031406
Sony,NEX-C3,715,3200,2331.0,26.096092636774,10.233761818342744,21.104406178117
Sony,NEX-C3,715,3200,2331.0,27.108941784398,10.63095756250902,21.281260517952
Sony,NEX-C3,715,3200,2331.0,28.121790932023,11.028153306675687,21.45118226688
Sony,NEX-C3,715,3200,2331.0,29.134640079648,11.425349050842353,21.614688082942
Sony,NEX-C3,715,3200,2331.0,30.147489227273,11.82254479500902,21.772239244517
Sony,NEX-C3,715,3200,2331.0,31.160338374898,12.219740539175685,21.924249259159
Sony,NEX-C3,715,3200,2331.0,32.173187522523,12.616936283342353,22.071090213455
Sony,NEX-C3,715,3200,2331.0,33.186036670148,13.01413202750902,22.213098105208
Sony,NEX-C3,715,3200,2331.0,34.198885817773,13.411327771675685,22.350577347033
Sony,NEX-C3,715,3200,2331.0,35.211734965398,13.808523515842353,22.483804590839
Sony,NEX-C3,715,3200,2331.0,36.224584113023,14.205719260009019,22.613031992161
Sony,NEX-C3,715,3200,2331.0,37.237433260647,14.602915004175296,22.738490009746
Sony,NEX-C3,715,3200,2331.0,38.250282408272,15.00011074834196,22.860389817418
Sony,NEX-C3,715,3200,2331.0,39.263131555897,15.397306492508624,22.978925390762
Sony,NEX-C3,715,3200,2331.0,40.275980703522,15.794502236675296,23.094275319736
Sony,NEX-C3,715,3200,2331.0,41.288829851147,16.19169798084196,23.206604389215
Sony,NEX-C3,715,3200,2331.0,42.301678998772,16.588893725008628,23.31606496215
Sony,NEX-C3,715,3200,2331.0,43.314528146397,16.986089469175294,23.422798194141
Sony,NEX-C3,715,3200,2331.0,44.327377294022,17.383285213341964,23.526935103448
Sony,NEX-C3,715,3200,2331.0,45.340226441647,17.780480957508626,23.628597516558
Sony,NEX-C3,715,3200,2331.0,46.353075589272,18.177676701675296,23.727898906261
Sony,NEX-C3,715,3200,2331.0,47.365924736896,18.574872445841567,23.824945136535
Sony,NEX-C3,715,3200,2331.0,48.378773884521,18.972068190008237,23.919835126385
Sony,NEX-C3,715,3200,2331.0,49.391623032146,19.369263934174903,24.012661442972
Sony,NEX-C3,715,3200,2331.0,50.404472179771,19.76645967834157,24.103510832873
Sony,NEX-C3,715,3200,2331.0,51.417321327396,20.163655422508235,24.192464699035
Sony,NEX-C3,715,3200,2331.0,52.430170475021,20.5608511666749,24.279599529946
Sony,NEX-C3,715,3200,2331.0,53.443019622646,20.958046910841567,24.364987286647
Sony,NEX-C3,715,3200,2331.0,54.455868770271,21.355242655008237,24.448695752445
Sony,NEX-C3,715,3200,2331.0,55.468717917896,21.752438399174903,24.530788849559
Sony,NEX-C3,715,3200,2331.0,56.48156706552,22.149634143341178,24.611326926374
Sony,NEX-C3,715,3200,2331.0,57.494416213145,22.546829887507844,24.690367018507
Sony,NEX-C3,715,3200,2331.0,58.50726536077,22.94402563167451,24.767963086504
Sony,NEX-C3,715,3200,2331.0,59.520114508395,23.341221375841176,24.844166232624
Sony,NEX-C3,715,3200,2331.0,60.53296365602,23.738417120007842,24.91902489888
Sony,NEX-C3,715,3200,2331.0,61.545812803645,24.13561286417451,24.992585048242
Sony,NEX-C3,715,3200,2331.0,62.55866195127,24.532808608341174,25.064890330695
Sony,NEX-C3,715,3200,2331.0,63.571511098895,24.930004352507844,25.135982235636
Sony,NEX-C3,715,3200,2331.0,64.58436024652,25.327200096674513,25.205900231949
Sony,NEX-C3,715,3200,2331.0,65.597209394145,25.724395840841176,25.274681896913
Sony,NEX-C3,715,3200,2331.0,66.610058541769,26.121591585007454,25.342363035012
Sony,NEX-C3,715,3200,2331.0,67.622907689394,26.518787329174113,25.408977787569
Sony,NEX-C3,715,3200,2331.0,68.635756837019,26.915983073340787,25.474558734049
Sony,NEX-C3,715,3200,2331.0,69.648605984644,27.313178817507456,25.539136985766
Sony,NEX-C3,715,3200,2331.0,70.661455132269,27.71037456167412,25.602742272684
Sony,NEX-C3,715,3200,2331.0,71.674304279894,28.107570305840785,25.665403023896
Sony,NEX-C3,715,3200,2331.0,72.687153427519,28.504766050007447,25.727146442336
Sony,NEX-C3,715,3200,2331.0,73.700002575144,28.90196179417412,25.787998574209
Sony,NEX-C3,715,3200,2331.0,74.712851722769,29.299157538340786,25.847984373583
Sony,NEX-C3,715,3200,2331.0,75.725700870393,29.69635328250706,25.907127762532
Sony,NEX-C3,715,3200,2331.0,76.738550018018,30.093549026673728,25.965451687209
Sony,NEX-C3,715,3200,2331.0,77.751399165643,30.49074477084039,26.022978170156
Sony,NEX-C3,715,3200,2331.0,78.764248313268,30.887940515007056,26.079728359167
Sony,NEX-C3,715,3200,2331.0,79.777097460893,31.28513625917373,26.135722572962
Sony,NEX-C3,715,3200,2331.0,80.789946608518,31.68233200334039,26.190980343917
Sony,NEX-C3,715,3200,2331.0,81.802795756143,32.07952774750706,26.245520458086
Sony,NEX-C3,715,3200,2331.0,82.815644903768,32.476723491673724,26.299360992708
Sony,NEX-C3,715,3200,2331.0,83.828494051393,32.87391923584039,26.352519351386
Sony,NEX-C3,715,3200,2331.0,84.841343199018,33.27111498000706,26.405012297114
Sony,NEX-C3,715,3200,2331.0,85.854192346642,33.66831072417333,26.456855983314
Sony,NEX-C3,715,3200,2331.0,86.867041494267,34.065506468340004,26.508065983003
Sony,NEX-C3,715,3200,2331.0,87.879890641892,34.46270221250667,26.558657316248
Sony,NEX-C3,715,3200,2331.0,88.892739789517,34.85989795667333,26.608644476018
Sony,NEX-C3,715,3200,2331.0,89.905588937142,35.257093700839995,26.658041452533
Sony,NEX-C3,715,3200,2331.0,90.918438084767,35.65428944500667,26.706861756243
Sony,NEX-C3,715,3200,2331.0,91.931287232392,36.051485189173334,26.755118439489
Sony,NEX-C3,715,3200,2331.0,92.944136380017,36.44868093334,26.802824116971
Sony,NEX-C3,715,3200,2331.0,93.956985527642,36.845876677506666,26.849990985083
Sony,NEX-C3,715,3200,2331.0,94.969834675266,37.24307242167294,26.896630840185
Sony,NEX-C3,715,3200,2331.0,95.982683822891,37.64026816583961,26.942755095903
Sony,NEX-C3,715,3200,2331.0,96.995532970516,38.037463910006274,26.988374799488
Sony,NEX-C3,715,3200,2331.0,98.008382118141,38.43465965417294,27.033500647328
Sony,NEX-C3,715,3200,2331.0,99.021231265766,38.83185539833961,27.07814299963
Sony,NEX-C3,715,3200,2331.0,100.03408041339,39.22905114250588,27.12231189436
Sony,NEX-C3,715,3200,2331.0,101.04692956102,39.62624688667451,27.166017060456
Sony,NEX-C3,715,3200,2331.0,102.05977870864,40.02344263083921,27.209267930377
Sony,NEX-C3,715,3200,2331.0,103.07262785627,40.42063837500785,27.252073652019
Sony,NEX-C3,715,3200,2331.0,104.08547700389,40.81783411917255,27.294443100039
Sony,NEX-C3,715,3200,2331.0,105.09832615152,41.21502986334117,27.336384886626
Sony,NEX-C3,715,3200,2331.0,106.11117529914,41.612225607505884,27.377907371741
Sony,NEX-C3,715,3200,2331.0,107.12402444677,42.00942135167451,27.419018672862
Sony,NEX-C3,715,3200,2331.0,108.13687359439,42.406617095839216,27.459726674272
Sony,NEX-C3,715,3200,2331.0,109.14972274201,42.80381284000392,27.500039035897
Sony,NEX-C3,715,3200,2331.0,110.16257188964,43.20100858417255,27.539963201733
Sony,NEX-C3,715,3200,2331.0,111.17542103726,43.59820432833725,27.579506407885
Sony,NEX-C3,715,3200,2331.0,112.18827018489,43.99540007250588,27.618675690227
Sony,NEX-C3,715,3200,2331.0,113.20111933251,44.392595816670585,27.657477891723
Sony,NEX-C3,715,3200,2331.0,114.21396848014,44.78979156083921,27.695919669407
Sony,NEX-C3,715,3200,2331.0,115.22681762776,45.186987305003925,27.734007501059
Sony,NEX-C3,715,3200,2331.0,116.23966677539,45.58418304917255,27.771747691574
Sony,NEX-C3,715,3200,2331.0,117.25251592301,45.98137879333725,27.809146379063
Sony,NEX-C3,715,3200,2331.0,118.26536507064,46.378574537505884,27.846209540676
Sony,NEX-C3,715,3200,2331.0,119.27821421826,46.77577028167059,27.88294299818
Sony,NEX-C3,715,3200,2331.0,120.29106336589,47.172966025839216,27.919352423297
Sony,NEX-C3,715,3200,2331.0,121.30391251351,47.57016177000392,27.955443342811
Sony,NEX-C3,715,3200,2331.0,122.31676166114,47.967357514172555,27.991221143464
Sony,NEX-C3,715,3200,2331.0,123.32961080876,48.36455325833725,28.026691076645
Sony,NEX-C3,715,3200,2331.0,124.34245995639,48.76174900250588,28.061858262885
Sony,NEX-C3,715,3200,2331.0,125.35530910401,49.15894474667059,28.096727696164
Sony,NEX-C3,715,3200,2331.0,126.36815825164,49.55614049083921,28.131304248051
Sony,NEX-C3,715,3200,2331.0,127.38100739926,49.95333623500392,28.165592671663
Sony,NEX-C3,715,3200,2331.0,128.39385654689,50.350531979172544,28.199597605479
Sony,NEX-C3,715,3200,2331.0,129.40670569451,50.747727723337256,28.233323576991
Sony,NEX-C3,715,3200,2331.0,130.41955484214,51.14492346750589,28.266775006219
Sony,NEX-C3,715,3200,2331.0,131.43240398976,51.54211921167059,28.299956209079
Sony,NEX-C3,715,3200,2331.0,132.44525313739,51.93931495583922,28.332871400631
Sony,NEX-C3,715,3200,2331.0,133.45810228501,52.33651070000393,28.365524698193
Sony,NEX-C3,715,3200,2331.0,134.47095143264,52.73370644417255,28.397920124336
Sony,NEX-C3,715,3200,2331.0,135.48380058026,53.13090218833726,28.430061609775
Sony,NEX-C3,715,3200,2331.0,136.49664972789,53.52809793250588,28.461952996134
Sony,NEX-C3,715,3200,2331.0,137.50949887551,53.925293676670584,28.493598038624
Sony,NEX-C3,715,3200,2331.0,138.52234802314,54.32248942083922,28.525000408614
Sony,NEX-C3,715,3200,2331.0,139.53519717076,54.719685165003916,28.556163696102
Sony,NEX-C3,715,3200,2331.0,140.54804631839,55.11688090917255,28.587091412107
Sony,NEX-C3,715,3200,2331.0,141.56089546601,55.51407665333726,28.617786990965
Sony,NEX-C3,715,3200,2331.0,142.57374461364,55.91127239750588,28.648253792544
Sony,NEX-C3,715,3200,2331.0,143.58659376126,56.30846814167059,28.678495104384
Sony,NEX-C3,715,3200,2331.0,144.59944290889,56.70566388583922,28.708514143755
Sony,NEX-C3,715,3200,2331.0,145.61229205651,57.10285963000392,28.738314059644
Sony,NEX-C3,715,3200,2331.0,146.62514120414,57.50005537417254,28.767897934678
Sony,NEX-C3,715,3200,2331.0,147.63799035176,57.89725111833726,28.797268786965
Sony,NEX-C3,715,3200,2331.0,148.65083949939,58.294446862505886,28.826429571894
Sony,NEX-C3,715,3200,2331.0,149.66368864701,58.69164260667058,28.855383183848
Sony,NEX-C3,715,3200,2331.0,150.67653779464,59.088838350839225,28.884132457881
Sony,NEX-C3,715,3200,2331.0,151.68938694226,59.48603409500392,28.912680171321
Sony,NEX-C3,715,3200,2331.0,152.70223608989,59.88322983917255,28.94102904533
Sony,NEX-C3,715,3200,2331.0,153.71508523751,60.28042558333726,28.969181746404
Sony,NEX-C3,715,3200,2331.0,154.72793438514,60.67762132750588,28.997140887832
Sony,NEX-C3,715,3200,2331.0,155.74078353276,61.07481707167059,29.024909031099
Sony,NEX-C3,715,3200,2331.0,156.75363268039,61.472012815839214,29.052488687243
Sony,NEX-C3,715,3200,2331.0,157.76648182801,61.86920856000392,29.079882318177
Sony,NEX-C3,715,3200,2331.0,158.77933097563,62.266404304168624,29.107092337956
Sony,NEX-C3,715,3200,2331.0,159.79218012326,62.66360004833725,29.134121114011
Sony,NEX-C3,715,3200,2331.0,160.80502927088,63.060795792501956,29.160970968343
Sony,NEX-C3,715,3200,2331.0,161.81787841851,63.45799153667059,29.187644178676
Sony,NEX-C3,715,3200,2331.0,162.83072756613,63.8551872808353,29.214142979575
Sony,NEX-C3,715,3200,2331.0,163.84357671376,64.25238302500392,29.240469563529
Sony,NEX-C3,715,3200,2331.0,164.85642586138,64.64957876916863,29.266626082003
Sony,NEX-C3,715,3200,2331.0,165.86927500901,65.04677451333725,29.292614646452
Sony,NEX-C3,715,3200,2331.0,166.88212415663,65.44397025750196,29.318437329307
Sony,NEX-C3,715,3200,2331.0,167.89497330426,65.84116600167059,29.344096164932
Sony,NEX-C3,715,3200,2331.0,168.90782245188,66.23836174583529,29.369593150549
Sony,NEX-C3,715,3200,2331.0,169.92067159951,66.63555749000393,29.394930247137
Sony,NEX-C3,715,3200,2331.0,170.93352074713,67.03275323416862,29.420109380303
Sony,NEX-C3,715,3200,2331.0,171.94636989476,67.42994897833726,29.445132441127
Sony,NEX-C3,715,3200,2331.0,172.95921904238,67.82714472250197,29.470001286983
Sony,NEX-C3,715,3200,2331.0,173.97206819001,68.22434046667058,29.494717742336
Sony,NEX-C3,715,3200,2331.0,174.98491733763,68.6215362108353,29.519283599513
Sony,NEX-C3,715,3200,2331.0,175.99776648526,69.01873195500391,29.543700619451
Sony,NEX-C3,715,3200,2331.0,177.01061563288,69.41592769916862,29.567970532433
Sony,NEX-C3,715,3200,2331.0,178.02346478051,69.81312344333726,29.592095038787
Sony,NEX-C3,715,3200,2331.0,179.03631392813,70.21031918750195,29.616075809577
Sony,NEX-C3,715,3200,2331.0,180.04916307576,70.6075149316706,29.63991448727
Sony,NEX-C3,715,3200,2331.0,181.06201222338,71.0047106758353,29.663612686387
Sony,NEX-C3,715,3200,2331.0,182.07486137101,71.40190642000393,29.687171994129
Sony,NEX-C3,715,3200,2331.0,183.08771051863,71.79910216416863,29.710593970991
Sony,NEX-C3,715,3200,2331.0,184.10055966626,72.19629790833726,29.733880151361
Sony,NEX-C3,715,3200,2331.0,185.11340881388,72.59349365250196,29.757032044094
Sony,NEX-C3,715,3200,2331.0,186.12625796151,72.99068939667059,29.780051133079
Sony,NEX-C3,715,3200,2331.0,187.13910710913,73.3878851408353,29.802938877783
Sony,NEX-C3,715,3200,2331.0,188.15195625676,73.78508088500392,29.82569671379
Sony,NEX-C3,715,3200,2331.0,189.16480540438,74.18227662916863,29.848326053311
Sony,NEX-C3,715,3200,2331.0,190.17765455201,74.57947237333727,29.870828285695
Sony,NEX-C3,715,3200,2331.0,191.19050369963,74.97666811750196,29.893204777916
Sony,NEX-C3,715,3200,2331.0,192.20335284726,75.37386386167059,29.915456875054
Sony,NEX-C3,715,3200,2331.0,193.21620199488,75.7710596058353,29.937585900757
Sony,NEX-C3,715,3200,2331.0,194.22905114251,76.16825535000392,29.959593157693
Sony,NEX-C3,715,3200,2331.0,195.24190029013,76.56545109416862,29.981479927996
Sony,NEX-C3,715,3200,2331.0,196.25474943776,76.96264683833725,30.00324747369
Sony,NEX-C3,715,3200,2331.0,197.26759858538,77.35984258250195,30.02489703711
Sony,NEX-C3,715,3200,2331.0,198.28044773301,77.75703832667058,30.046429841307
Sony,NEX-C3,715,3200,2331.0,199.29329688063,78.15423407083529,30.067847090448
Sony,NEX-C3,715,3200,2331.0,200.30614602826,78.55142981500393,30.089149970202
Sony,NEX-C3,715,3200,2331.0,201.31899517588,78.94862555916863,30.110339648114
Sony,NEX-C3,715,3200,2331.0,202.33184432351,79.34582130333726,30.131417273974
Sony,NEX-C3,715,3200,2331.0,203.34469347113,79.74301704750197,30.152383980179
Sony,NEX-C3,715,3200,2331.0,204.35754261876,80.14021279167058,30.173240882075
Sony,NEX-C3,715,3200,2331.0,205.37039176638,80.5374085358353,30.193989078302
Sony,NEX-C3,715,3200,2331.0,206.38324091401,80.93460428000392,30.214629651126
Sony,NEX-C3,715,3200,2331.0,207.39609006163,81.33180002416861,30.235163666759
Sony,NEX-C3,715,3200,2331.0,208.40893920926,81.72899576833727,30.255592175681
Sony,NEX-C3,715,3200,2331.0,209.42178835688,82.12619151250196,30.275916212942
Sony,NEX-C3,715,3200,2331.0,210.43463750451,82.52338725667059,30.296136798464
Sony,NEX-C3,715,3200,2331.0,211.44748665213,82.92058300083531,30.316254937338
Sony,NEX-C3,715,3200,2331.0,212.46033579975,83.317778745,30.336271620106
Sony,NEX-C3,715,3200,2331.0,213.47318494738,83.71497448916863,30.356187823042
Sony,NEX-C3,715,3200,2331.0,214.486034095,84.11217023333334,30.376004508424
Sony,NEX-C3,715,3200,2331.0,215.49888324263,84.50936597750196,30.395722624801
Sony,NEX-C3,715,3200,2331.0,216.51173239025,84.90656172166666,30.415343107252
Sony,NEX-C3,715,3200,2331.0,217.52458153788,85.30375746583529,30.434866877641
Sony,NEX-C3,715,3200,2331.0,218.5374306855,85.70095321,30.454294844863
Sony,NEX-C3,715,3200,2331.0,219.55027983313,86.09814895416864,30.473627905089
Sony,NEX-C3,715,3200,2331.0,220.56312898075,86.49534469833333,30.492866941997
Sony,NEX-C3,715,3200,2331.0,221.57597812838,86.89254044250197,30.512012827011
Sony,NEX-C3,715,3200,2331.0,222.588827276,87.28973618666667,30.531066419517
Sony,NEX-C3,715,3200,2331.0,223.60167642363,87.6869319308353,30.550028567094
Sony,NEX-C3,715,3200,2331.0,224.61452557125,88.084127675,30.568900105718
Sony,NEX-C3,715,3200,2331.0,225.62737471888,88.48132341916862,30.587681859985
Sony,NEX-C3,715,3200,2331.0,226.6402238665,88.87851916333334,30.606374643304
Sony,NEX-C3,715,3200,2331.0,227.65307301413,89.27571490750196,30.624979258109
Sony,NEX-C3,715,3200,2331.0,228.66592216175,89.67291065166665,30.643496496049
Sony,NEX-C3,715,3200,2331.0,229.67877130938,90.0701063958353,30.661927138184
Sony,NEX-C3,715,3200,2331.0,230.691620457,90.46730214,30.68027195517
Sony,NEX-C3,715,3200,2331.0,231.70446960463,90.86449788416863,30.698531707445
Sony,NEX-C3,715,3200,2331.0,232.71731875225,91.26169362833335,30.716707145408
Sony,NEX-C3,715,3200,2331.0,233.73016789988,91.65888937250196,30.734799009594
Sony,NEX-C3,715,3200,2331.0,234.7430170475,92.05608511666667,30.75280803085
Sony,NEX-C3,715,3200,2331.0,235.75586619513,92.45328086083529,30.770734930497
Sony,NEX-C3,715,3200,2331.0,236.76871534275,92.850476605,30.788580420501
Sony,NEX-C3,715,3200,2331.0,237.78156449038,93.24767234916862,30.806345203629
Sony,NEX-C3,715,3200,2331.0,238.794413638,93.64486809333333,30.824029973609
Sony,NEX-C3,715,3200,2331.0,239.80726278563,94.04206383750197,30.841635415287
Sony,NEX-C3,715,3200,2331.0,240.82011193325,94.43925958166666,30.859162204771
Sony,NEX-C3,715,3200,2331.0,241.83296108088,94.8364553258353,30.876611009586
Sony,NEX-C3,715,3200,2331.0,242.8458102285,95.23365107000001,30.893982488816
Sony,NEX-C3,715,3200,2331.0,243.85865937613,95.63084681416862,30.911277293243
Sony,NEX-C3,715,3200,2331.0,244.87150852375,96.02804255833334,30.92849606549
Sony,NEX-C3,715,3200,2331.0,245.88435767138,96.42523830250195,30.945639440156
Sony,NEX-C3,715,3200,2331.0,246.897206819,96.82243404666666,30.962708043946
Sony,NEX-C3,715,3200,2331.0,247.91005596663,97.2196297908353,30.979702495804
Sony,NEX-C3,715,3200,2331.0,248.92290511425,97.61682553499999,30.996623407041
Sony,NEX-C3,715,3200,2331.0,249.93575426188,98.01402127916863,31.013471381458
Sony,NEX-C3,715,3200,2331.0,250.9486034095,98.41121702333334,31.03024701547
Sony,NEX-C3,715,3200,2331.0,251.96145255713,98.80841276750196,31.046950898225
Sony,NEX-C3,715,3200,2331.0,252.97430170475,99.20560851166667,31.063583611721
Sony,NEX-C3,715,3200,2331.0,253.98715085238,99.6028042558353,31.080145730925
Sony,NEX-C3,715,3200,2331.0,255,100.0,31.096637823879
Sony,NEX-C3,715,6400,5034.0,1.4749162328744,0.5783985226958431,0
Sony,NEX-C3,715,6400,5034.0,2.800562241401,1.0982597025101961,4.6938915224264
Sony,NEX-C3,715,6400,5034.0,3.8134113890259,1.4954554466768235,6.8079885494967
Sony,NEX-C3,715,6400,5034.0,4.8262605366508,1.892651190843451,8.3522157210973
Sony,NEX-C3,715,6400,5034.0,5.8391096842757,2.289846935010078,9.5571751803965
Sony,NEX-C3,715,6400,5034.0,6.8519588319006,2.687042679176706,10.538973677115
Sony,NEX-C3,715,6400,5034.0,7.8648079795255,3.0842384233433333,11.363825853493
Sony,NEX-C3,715,6400,5034.0,8.8776571271504,3.4814341675099607,12.072837565311
Sony,NEX-C3,715,6400,5034.0,9.8905062747753,3.8786299116765877,12.69315883361
Sony,NEX-C3,715,6400,5034.0,10.9033554224,4.275825655843137,13.243593473716
Sony,NEX-C3,715,6400,5034.0,11.916204570025,4.673021400009804,13.737663803089
Sony,NEX-C3,715,6400,5034.0,12.92905371765,5.07021714417647,14.185396011342
Sony,NEX-C3,715,6400,5034.0,13.941902865275,5.467412888343138,14.594415175767
Sony,NEX-C3,715,6400,5034.0,14.9547520129,5.864608632509804,14.970645866144
Sony,NEX-C3,715,6400,5034.0,15.967601160525,6.26180437667647,15.318776554441
Sony,NEX-C3,715,6400,5034.0,16.98045030815,6.659000120843138,15.642576869578
Sony,NEX-C3,715,6400,5034.0,17.993299455774,7.056195865009412,15.945120023556
Sony,NEX-C3,715,6400,5034.0,19.006148603399,7.453391609176078,16.228942319785
Sony,NEX-C3,715,6400,5034.0,20.018997751024,7.850587353342744,16.496159838762
Sony,NEX-C3,715,6400,5034.0,21.031846898649,8.247783097509412,16.748555316073
Sony,NEX-C3,715,6400,5034.0,22.044696046274,8.64497884167608,16.987643853813
Sony,NEX-C3,715,6400,5034.0,23.057545193899,9.042174585842746,17.214723330723
Sony,NEX-C3,715,6400,5034.0,24.070394341524,9.439370330009412,17.430913571759
Sony,NEX-C3,715,6400,5034.0,25.083243489149,9.836566074176078,17.637187139152
Sony,NEX-C3,715,6400,5034.0,26.096092636774,10.233761818342744,17.834393795014
Sony,NEX-C3,715,6400,5034.0,27.108941784398,10.63095756250902,18.023280125801
Sony,NEX-C3,715,6400,5034.0,28.121790932023,11.028153306675687,18.204505426682
Sony,NEX-C3,715,6400,5034.0,29.134640079648,11.425349050842353,18.378654664978
Sony,NEX-C3,715,6400,5034.0,30.147489227273,11.82254479500902,18.546249140772
Sony,NEX-C3,715,6400,5034.0,31.160338374898,12.219740539175685,18.707755316047
Sony,NEX-C3,715,6400,5034.0,32.173187522523,12.616936283342353,18.863592175334
Sony,NEX-C3,715,6400,5034.0,33.186036670148,13.01413202750902,19.014137399953
Sony,NEX-C3,715,6400,5034.0,34.198885817773,13.411327771675685,19.159732576963
Sony,NEX-C3,715,6400,5034.0,35.211734965398,13.808523515842353,19.30068761746
Sony,NEX-C3,715,6400,5034.0,36.224584113023,14.205719260009019,19.437284523279
Sony,NEX-C3,715,6400,5034.0,37.237433260647,14.602915004175296,19.569780613514
Sony,NEX-C3,715,6400,5034.0,38.250282408272,15.00011074834196,19.698411300773
Sony,NEX-C3,715,6400,5034.0,39.263131555897,15.397306492508624,19.823392490148
Sony,NEX-C3,715,6400,5034.0,40.275980703522,15.794502236675296,19.944922660508
Sony,NEX-C3,715,6400,5034.0,41.288829851147,16.19169798084196,20.06318467705
Sony,NEX-C3,715,6400,5034.0,42.301678998772,16.588893725008628,20.178347375508
Sony,NEX-C3,715,6400,5034.0,43.314528146397,16.986089469175294,20.290566951542
Sony,NEX-C3,715,6400,5034.0,44.327377294022,17.383285213341964,20.399988183224
Sony,NEX-C3,715,6400,5034.0,45.340226441647,17.780480957508626,20.506745510019
Sony,NEX-C3,715,6400,5034.0,46.353075589272,18.177676701675296,20.61096398792
Sony,NEX-C3,715,6400,5034.0,47.365924736896,18.574872445841567,20.712760137346
Sony,NEX-C3,715,6400,5034.0,48.378773884521,18.972068190008237,20.812242697865
Sony,NEX-C3,715,6400,5034.0,49.391623032146,19.369263934174903,20.909513301717
Sony,NEX-C3,715,6400,5034.0,50.404472179771,19.76645967834157,21.004667076362
Sony,NEX-C3,715,6400,5034.0,51.417321327396,20.163655422508235,21.097793184799
Sony,NEX-C3,715,6400,5034.0,52.430170475021,20.5608511666749,21.188975311188
Sony,NEX-C3,715,6400,5034.0,53.443019622646,20.958046910841567,21.278292098262
Sony,NEX-C3,715,6400,5034.0,54.455868770271,21.355242655008237,21.365817542128
Sony,NEX-C3,715,6400,5034.0,55.468717917896,21.752438399174903,21.45162134935
Sony,NEX-C3,715,6400,5034.0,56.48156706552,22.149634143341178,21.535769260505
Sony,NEX-C3,715,6400,5034.0,57.494416213145,22.546829887507844,21.618323343942
Sony,NEX-C3,715,6400,5034.0,58.50726536077,22.94402563167451,21.699342262941
Sony,NEX-C3,715,6400,5034.0,59.520114508395,23.341221375841176,21.778881519111
Sony,NEX-C3,715,6400,5034.0,60.53296365602,23.738417120007842,21.856993674513
Sony,NEX-C3,715,6400,5034.0,61.545812803645,24.13561286417451,21.933728554683
Sony,NEX-C3,715,6400,5034.0,62.55866195127,24.532808608341174,22.009133434497
Sony,NEX-C3,715,6400,5034.0,63.571511098895,24.930004352507844,22.083253208579
Sony,NEX-C3,715,6400,5034.0,64.58436024652,25.327200096674513,22.156130547759
Sony,NEX-C3,715,6400,5034.0,65.597209394145,25.724395840841176,22.227806042938
Sony,NEX-C3,715,6400,5034.0,66.610058541769,26.121591585007454,22.298318337541
Sony,NEX-C3,715,6400,5034.0,67.622907689394,26.518787329174113,22.367704249628
Sony,NEX-C3,715,6400,5034.0,68.635756837019,26.915983073340787,22.43599888462
Sony,NEX-C3,715,6400,5034.0,69.648605984644,27.313178817507456,22.503235739476
Sony,NEX-C3,715,6400,5034.0,70.661455132269,27.71037456167412,22.569446799105
Sony,NEX-C3,715,6400,5034.0,71.674304279894,28.107570305840785,22.634662625677
Sony,NEX-C3,715,6400,5034.0,72.687153427519,28.504766050007447,22.698912441454
Sony,NEX-C3,715,6400,5034.0,73.700002575144,28.90196179417412,22.762224205713
Sony,NEX-C3,715,6400,5034.0,74.712851722769,29.299157538340786,22.824624686223
Sony,NEX-C3,715,6400,5034.0,75.725700870393,29.69635328250706,22.886139525774
Sony,NEX-C3,715,6400,5034.0,76.738550018018,30.093549026673728,22.946793304121
Sony,NEX-C3,715,6400,5034.0,77.751399165643,30.49074477084039,23.006609595746
Sony,NEX-C3,715,6400,5034.0,78.764248313268,30.887940515007056,23.06561102376
Sony,NEX-C3,715,6400,5034.0,79.777097460893,31.28513625917373,23.123819310246
Sony,NEX-C3,715,6400,5034.0,80.789946608518,31.68233200334039,23.181255323328
Sony,NEX-C3,715,6400,5034.0,81.802795756143,32.07952774750706,23.237939121214
Sony,NEX-C3,715,6400,5034.0,82.815644903768,32.476723491673724,23.293889993441
Sony,NEX-C3,715,6400,5034.0,83.828494051393,32.87391923584039,23.349126499541
Sony,NEX-C3,715,6400,5034.0,84.841343199018,33.27111498000706,23.403666505303
Sony,NEX-C3,715,6400,5034.0,85.854192346642,33.66831072417333,23.457527216826
Sony,NEX-C3,715,6400,5034.0,86.867041494267,34.065506468340004,23.510725212507
Sony,NEX-C3,715,6400,5034.0,87.879890641892,34.46270221250667,23.56327647312
Sony,NEX-C3,715,6400,5034.0,88.892739789517,34.85989795667333,23.61519641012
Sony,NEX-C3,715,6400,5034.0,89.905588937142,35.257093700839995,23.666499892297
Sony,NEX-C3,715,6400,5034.0,90.918438084767,35.65428944500667,23.717201270883
Sony,NEX-C3,715,6400,5034.0,91.931287232392,36.051485189173334,23.76731440324
Sony,NEX-C3,715,6400,5034.0,92.944136380017,36.44868093334,23.816852675201
Sony,NEX-C3,715,6400,5034.0,93.956985527642,36.845876677506666,23.865829022169
Sony,NEX-C3,715,6400,5034.0,94.969834675266,37.24307242167294,23.914255949053
Sony,NEX-C3,715,6400,5034.0,95.982683822891,37.64026816583961,23.962145549109
Sony,NEX-C3,715,6400,5034.0,96.995532970516,38.037463910006274,24.009509521773
Sony,NEX-C3,715,6400,5034.0,98.008382118141,38.43465965417294,24.056359189534
Sony,NEX-C3,715,6400,5034.0,99.021231265766,38.83185539833961,24.102705513915
Sony,NEX-C3,715,6400,5034.0,100.03408041339,39.22905114250588,24.148559110623
Sony,NEX-C3,715,6400,5034.0,101.04692956102,39.62624688667451,24.193930263907
Sony,NEX-C3,715,6400,5034.0,102.05977870864,40.02344263083921,24.238828940188
Sony,NEX-C3,715,6400,5034.0,103.07262785627,40.42063837500785,24.283264800987
Sony,NEX-C3,715,6400,5034.0,104.08547700389,40.81783411917255,24.327247215216
Sony,NEX-C3,715,6400,5034.0,105.09832615152,41.21502986334117,24.370785270842
Sony,NEX-C3,715,6400,5034.0,106.11117529914,41.612225607505884,24.413887785992
Sony,NEX-C3,715,6400,5034.0,107.12402444677,42.00942135167451,24.456563319505
Sony,NEX-C3,715,6400,5034.0,108.13687359439,42.406617095839216,24.498820180978
Sony,NEX-C3,715,6400,5034.0,109.14972274201,42.80381284000392,24.540666440332
Sony,NEX-C3,715,6400,5034.0,110.16257188964,43.20100858417255,24.582109936922
Sony,NEX-C3,715,6400,5034.0,111.17542103726,43.59820432833725,24.623158288221
Sony,NEX-C3,715,6400,5034.0,112.18827018489,43.99540007250588,24.663818898095
Sony,NEX-C3,715,6400,5034.0,113.20111933251,44.392595816670585,24.704098964708
Sony,NEX-C3,715,6400,5034.0,114.21396848014,44.78979156083921,24.744005488049
Sony,NEX-C3,715,6400,5034.0,115.22681762776,45.186987305003925,24.783545277132
Sony,NEX-C3,715,6400,5034.0,116.23966677539,45.58418304917255,24.822724956867
Sony,NEX-C3,715,6400,5034.0,117.25251592301,45.98137879333725,24.861550974623
Sony,NEX-C3,715,6400,5034.0,118.26536507064,46.378574537505884,24.900029606508
Sony,NEX-C3,715,6400,5034.0,119.27821421826,46.77577028167059,24.938166963369
Sony,NEX-C3,715,6400,5034.0,120.29106336589,47.172966025839216,24.975968996531
Sony,NEX-C3,715,6400,5034.0,121.30391251351,47.57016177000392,25.013441503295
Sony,NEX-C3,715,6400,5034.0,122.31676166114,47.967357514172555,25.050590132199
Sony,NEX-C3,715,6400,5034.0,123.32961080876,48.36455325833725,25.087420388054
Sony,NEX-C3,715,6400,5034.0,124.34245995639,48.76174900250588,25.12393763677
Sony,NEX-C3,715,6400,5034.0,125.35530910401,49.15894474667059,25.160147109986
Sony,NEX-C3,715,6400,5034.0,126.36815825164,49.55614049083921,25.196053909503
Sony,NEX-C3,715,6400,5034.0,127.38100739926,49.95333623500392,25.231663011539
Sony,NEX-C3,715,6400,5034.0,128.39385654689,50.350531979172544,25.266979270809
Sony,NEX-C3,715,6400,5034.0,129.40670569451,50.747727723337256,25.302007424447
Sony,NEX-C3,715,6400,5034.0,130.41955484214,51.14492346750589,25.336752095762
Sony,NEX-C3,715,6400,5034.0,131.43240398976,51.54211921167059,25.371217797851
Sony,NEX-C3,715,6400,5034.0,132.44525313739,51.93931495583922,25.405408937072
Sony,NEX-C3,715,6400,5034.0,133.45810228501,52.33651070000393,25.439329816376
Sony,NEX-C3,715,6400,5034.0,134.47095143264,52.73370644417255,25.472984638513
Sony,NEX-C3,715,6400,5034.0,135.48380058026,53.13090218833726,25.506377509116
Sony,NEX-C3,715,6400,5034.0,136.49664972789,53.52809793250588,25.539512439665
Sony,NEX-C3,715,6400,5034.0,137.50949887551,53.925293676670584,25.57239335034
Sony,NEX-C3,715,6400,5034.0,138.52234802314,54.32248942083922,25.605024072767
Sony,NEX-C3,715,6400,5034.0,139.53519717076,54.719685165003916,25.637408352662
Sony,NEX-C3,715,6400,5034.0,140.54804631839,55.11688090917255,25.669549852376
Sony,NEX-C3,715,6400,5034.0,141.56089546601,55.51407665333726,25.701452153349
Sony,NEX-C3,715,6400,5034.0,142.57374461364,55.91127239750588,25.733118758468
Sony,NEX-C3,715,6400,5034.0,143.58659376126,56.30846814167059,25.764553094352
Sony,NEX-C3,715,6400,5034.0,144.59944290889,56.70566388583922,25.795758513541
Sony,NEX-C3,715,6400,5034.0,145.61229205651,57.10285963000392,25.826738296616
Sony,NEX-C3,715,6400,5034.0,146.62514120414,57.50005537417254,25.85749565424
Sony,NEX-C3,715,6400,5034.0,147.63799035176,57.89725111833726,25.88803372913
Sony,NEX-C3,715,6400,5034.0,148.65083949939,58.294446862505886,25.918355597957
Sony,NEX-C3,715,6400,5034.0,149.66368864701,58.69164260667058,25.948464273181
Sony,NEX-C3,715,6400,5034.0,150.67653779464,59.088838350839225,25.978362704826
Sony,NEX-C3,715,6400,5034.0,151.68938694226,59.48603409500392,26.008053782187
Sony,NEX-C3,715,6400,5034.0,152.70223608989,59.88322983917255,26.037540335489
Sony,NEX-C3,715,6400,5034.0,153.71508523751,60.28042558333726,26.066825137479
Sony,NEX-C3,715,6400,5034.0,154.72793438514,60.67762132750588,26.095910904975
Sony,NEX-C3,715,6400,5034.0,155.74078353276,61.07481707167059,26.124800300355
Sony,NEX-C3,715,6400,5034.0,156.75363268039,61.472012815839214,26.153495933001
Sony,NEX-C3,715,6400,5034.0,157.76648182801,61.86920856000392,26.182000360695
Sony,NEX-C3,715,6400,5034.0,158.77933097563,62.266404304168624,26.210316090969
Sony,NEX-C3,715,6400,5034.0,159.79218012326,62.66360004833725,26.238445582413
Sony,NEX-C3,715,6400,5034.0,160.80502927088,63.060795792501956,26.266391245935
Sony,NEX-C3,715,6400,5034.0,161.81787841851,63.45799153667059,26.294155445988
Sony,NEX-C3,715,6400,5034.0,162.83072756613,63.8551872808353,26.321740501754
Sony,NEX-C3,715,6400,5034.0,163.84357671376,64.25238302500392,26.349148688291
Sony,NEX-C3,715,6400,5034.0,164.85642586138,64.64957876916863,26.376382237643
Sony,NEX-C3,715,6400,5034.0,165.86927500901,65.04677451333725,26.403443339919
Sony,NEX-C3,715,6400,5034.0,166.88212415663,65.44397025750196,26.430334144332
Sony,NEX-C3,715,6400,5034.0,167.89497330426,65.84116600167059,26.457056760214
Sony,NEX-C3,715,6400,5034.0,168.90782245188,66.23836174583529,26.483613257994
Sony,NEX-C3,715,6400,5034.0,169.92067159951,66.63555749000393,26.510005670145
Sony,NEX-C3,715,6400,5034.0,170.93352074713,67.03275323416862,26.53623599211
Sony,NEX-C3,715,6400,5034.0,171.94636989476,67.42994897833726,26.562306183194
Sony,NEX-C3,715,6400,5034.0,172.95921904238,67.82714472250197,26.588218167427
Sony,NEX-C3,715,6400,5034.0,173.97206819001,68.22434046667058,26.61397383441
Sony,NEX-C3,715,6400,5034.0,174.98491733763,68.6215362108353,26.639575040126
Sony,NEX-C3,715,6400,5034.0,175.99776648526,69.01873195500391,26.665023607737
Sony,NEX-C3,715,6400,5034.0,177.01061563288,69.41592769916862,26.690321328347
Sony,NEX-C3,715,6400,5034.0,178.02346478051,69.81312344333726,26.715469961754
Sony,NEX-C3,715,6400,5034.0,179.03631392813,70.21031918750195,26.740471237172
Sony,NEX-C3,715,6400,5034.0,180.04916307576,70.6075149316706,26.765326853932
Sony,NEX-C3,715,6400,5034.0,181.06201222338,71.0047106758353,26.790038482174
Sony,NEX-C3,715,6400,5034.0,182.07486137101,71.40190642000393,26.814607763503
Sony,NEX-C3,715,6400,5034.0,183.08771051863,71.79910216416863,26.839036311639
Sony,NEX-C3,715,6400,5034.0,184.10055966626,72.19629790833726,26.863325713044
Sony,NEX-C3,715,6400,5034.0,185.11340881388,72.59349365250196,26.887477527531
Sony,NEX-C3,715,6400,5034.0,186.12625796151,72.99068939667059,26.911493288858
Sony,NEX-C3,715,6400,5034.0,187.13910710913,73.3878851408353,26.935374505304
Sony,NEX-C3,715,6400,5034.0,188.15195625676,73.78508088500392,26.95912266023
Sony,NEX-C3,715,6400,5034.0,189.16480540438,74.18227662916863,26.982739212623
Sony,NEX-C3,715,6400,5034.0,190.17765455201,74.57947237333727,27.006225597631
Sony,NEX-C3,715,6400,5034.0,191.19050369963,74.97666811750196,27.029583227073
Sony,NEX-C3,715,6400,5034.0,192.20335284726,75.37386386167059,27.052813489946
Sony,NEX-C3,715,6400,5034.0,193.21620199488,75.7710596058353,27.075917752913
Sony,NEX-C3,715,6400,5034.0,194.22905114251,76.16825535000392,27.098897360777
Sony,NEX-C3,715,6400,5034.0,195.24190029013,76.56545109416862,27.121753636948
Sony,NEX-C3,715,6400,5034.0,196.25474943776,76.96264683833725,27.144487883889
Sony,NEX-C3,715,6400,5034.0,197.26759858538,77.35984258250195,27.167101383559
Sony,NEX-C3,715,6400,5034.0,198.28044773301,77.75703832667058,27.189595397841
Sony,NEX-C3,715,6400,5034.0,199.29329688063,78.15423407083529,27.211971168957
Sony,NEX-C3,715,6400,5034.0,200.30614602826,78.55142981500393,27.234229919875
Sony,NEX-C3,715,6400,5034.0,201.31899517588,78.94862555916863,27.256372854703
Sony,NEX-C3,715,6400,5034.0,202.33184432351,79.34582130333726,27.278401159077
Sony,NEX-C3,715,6400,5034.0,203.34469347113,79.74301704750197,27.300316000536
Sony,NEX-C3,715,6400,5034.0,204.35754261876,80.14021279167058,27.322118528885
Sony,NEX-C3,715,6400,5034.0,205.37039176638,80.5374085358353,27.343809876557
Sony,NEX-C3,715,6400,5034.0,206.38324091401,80.93460428000392,27.365391158957
Sony,NEX-C3,715,6400,5034.0,207.39609006163,81.33180002416861,27.386863474806
Sony,NEX-C3,715,6400,5034.0,208.40893920926,81.72899576833727,27.408227906466
Sony,NEX-C3,715,6400,5034.0,209.42178835688,82.12619151250196,27.429485520265
Sony,NEX-C3,715,6400,5034.0,210.43463750451,82.52338725667059,27.450637366817
Sony,NEX-C3,715,6400,5034.0,211.44748665213,82.92058300083531,27.471684481321
Sony,NEX-C3,715,6400,5034.0,212.46033579975,83.317778745,27.492627883866
Sony,NEX-C3,715,6400,5034.0,213.47318494738,83.71497448916863,27.513468579722
Sony,NEX-C3,715,6400,5034.0,214.486034095,84.11217023333334,27.534207559627
Sony,NEX-C3,715,6400,5034.0,215.49888324263,84.50936597750196,27.554845800061
Sony,NEX-C3,715,6400,5034.0,216.51173239025,84.90656172166666,27.575384263524
Sony,NEX-C3,715,6400,5034.0,217.52458153788,85.30375746583529,27.595823898799
Sony,NEX-C3,715,6400,5034.0,218.5374306855,85.70095321,27.616165641208
Sony,NEX-C3,715,6400,5034.0,219.55027983313,86.09814895416864,27.636410412872
Sony,NEX-C3,715,6400,5034.0,220.56312898075,86.49534469833333,27.656559122951
Sony,NEX-C3,715,6400,5034.0,221.57597812838,86.89254044250197,27.676612667891
Sony,NEX-C3,715,6400,5034.0,222.588827276,87.28973618666667,27.696571931657
Sony,NEX-C3,715,6400,5034.0,223.60167642363,87.6869319308353,27.716437785964
Sony,NEX-C3,715,6400,5034.0,224.61452557125,88.084127675,27.736211090504
Sony,NEX-C3,715,6400,5034.0,225.62737471888,88.48132341916862,27.755892693161
Sony,NEX-C3,715,6400,5034.0,226.6402238665,88.87851916333334,27.775483430234
Sony,NEX-C3,715,6400,5034.0,227.65307301413,89.27571490750196,27.794984126639
Sony,NEX-C3,715,6400,5034.0,228.66592216175,89.67291065166665,27.814395596118
Sony,NEX-C3,715,6400,5034.0,229.67877130938,90.0701063958353,27.833718641443
Sony,NEX-C3,715,6400,5034.0,230.691620457,90.46730214,27.852954054605
Sony,NEX-C3,715,6400,5034.0,231.70446960463,90.86449788416863,27.872102617013
Sony,NEX-C3,715,6400,5034.0,232.71731875225,91.26169362833335,27.891165099677
Sony,NEX-C3,715,6400,5034.0,233.73016789988,91.65888937250196,27.910142263393
Sony,NEX-C3,715,6400,5034.0,234.7430170475,92.05608511666667,27.929034858924
Sony,NEX-C3,715,6400,5034.0,235.75586619513,92.45328086083529,27.947843627174
Sony,NEX-C3,715,6400,5034.0,236.76871534275,92.850476605,27.966569299359
Sony,NEX-C3,715,6400,5034.0,237.78156449038,93.24767234916862,27.985212597176
Sony,NEX-C3,715,6400,5034.0,238.794413638,93.64486809333333,28.00377423297
Sony,NEX-C3,715,6400,5034.0,239.80726278563,94.04206383750197,28.02225490989
Sony,NEX-C3,715,6400,5034.0,240.82011193325,94.43925958166666,28.040655322048
Sony,NEX-C3,715,6400,5034.0,241.83296108088,94.8364553258353,28.058976154678
Sony,NEX-C3,715,6400,5034.0,242.8458102285,95.23365107000001,28.077218084278
Sony,NEX-C3,715,6400,5034.0,243.85865937613,95.63084681416862,28.095381778765
Sony,NEX-C3,715,6400,5034.0,244.87150852375,96.02804255833334,28.113467897617
Sony,NEX-C3,715,6400,5034.0,245.88435767138,96.42523830250195,28.131477092013
Sony,NEX-C3,715,6400,5034.0,246.897206819,96.82243404666666,28.149410004975
Sony,NEX-C3,715,6400,5034.0,247.91005596663,97.2196297908353,28.167267271499
Sony,NEX-C3,715,6400,5034.0,248.92290511425,97.61682553499999,28.185049518692
Sony,NEX-C3,715,6400,5034.0,249.93575426188,98.01402127916863,28.202757365901
Sony,NEX-C3,715,6400,5034.0,250.9486034095,98.41121702333334,28.220391424839
Sony,NEX-C3,715,6400,5034.0,251.96145255713,98.80841276750196,28.237952299712
Sony,NEX-C3,715,6400,5034.0,252.97430170475,99.20560851166667,28.25544058734
Sony,NEX-C3,715,6400,5034.0,253.98715085238,99.6028042558353,28.272856877275
Sony,NEX-C3,715,6400,5034.0,255,100.0,28.290201751923
Sony,NEX-C3,715,12800,9357.0,2.800562241401,1.0982597025101961,0
Sony,NEX-C3,715,12800,9357.0,3.8134113890259,1.4954554466768235,2.291096466392
Sony,NEX-C3,715,12800,9357.0,4.8262605366508,1.892651190843451,3.978810331598
Sony,NEX-C3,715,12800,9357.0,5.8391096842757,2.289846935010078,5.3024671748245
Sony,NEX-C3,715,12800,9357.0,6.8519588319006,2.687042679176706,6.38409499452
Sony,NEX-C3,715,12800,9357.0,7.8648079795255,3.0842384233433333,7.2940740807799
Sony,NEX-C3,715,12800,9357.0,8.8776571271504,3.4814341675099607,8.0765286847335
Sony,NEX-C3,715,12800,9357.0,9.8905062747753,3.8786299116765877,8.7608508876042
Sony,NEX-C3,715,12800,9357.0,10.9033554224,4.275825655843137,9.3675455396582
Sony,NEX-C3,715,12800,9357.0,11.916204570025,4.673021400009804,9.9114493437592
Sony,NEX-C3,715,12800,9357.0,12.92905371765,5.07021714417647,10.403620461824
Sony,NEX-C3,715,12800,9357.0,13.941902865275,5.467412888343138,10.852505693031
Sony,NEX-C3,715,12800,9357.0,14.9547520129,5.864608632509804,11.26469214349
Sony,NEX-C3,715,12800,9357.0,15.967601160525,6.26180437667647,11.645408478503
Sony,NEX-C3,715,12800,9357.0,16.98045030815,6.659000120843138,11.998869221965
Sony,NEX-C3,715,12800,9357.0,17.993299455774,7.056195865009412,12.328517345006
Sony,NEX-C3,715,12800,9357.0,19.006148603399,7.453391609176078,12.637199017846
Sony,NEX-C3,715,12800,9357.0,20.018997751024,7.850587353342744,12.927291967352
Sony,NEX-C3,715,12800,9357.0,21.031846898649,8.247783097509412,13.200801396146
Sony,NEX-C3,715,12800,9357.0,22.044696046274,8.64497884167608,13.459432771981
Sony,NEX-C3,715,12800,9357.0,23.057545193899,9.042174585842746,13.70464783315
Sony,NEX-C3,715,12800,9357.0,24.070394341524,9.439370330009412,13.937708221204
Sony,NEX-C3,715,12800,9357.0,25.083243489149,9.836566074176078,14.159709861796
Sony,NEX-C3,715,12800,9357.0,26.096092636774,10.233761818342744,14.371610337013
Sony,NEX-C3,715,12800,9357.0,27.108941784398,10.63095756250902,14.574250885322
Sony,NEX-C3,715,12800,9357.0,28.121790932023,11.028153306675687,14.768374238334
Sony,NEX-C3,715,12800,9357.0,29.134640079648,11.425349050842353,14.954639198982
Sony,NEX-C3,715,12800,9357.0,30.147489227273,11.82254479500902,15.1336326455
Sony,NEX-C3,715,12800,9357.0,31.160338374898,12.219740539175685,15.305879484339
Sony,NEX-C3,715,12800,9357.0,32.173187522523,12.616936283342353,15.471850955813
Sony,NEX-C3,715,12800,9357.0,33.186036670148,13.01413202750902,15.631971606903
Sony,NEX-C3,715,12800,9357.0,34.198885817773,13.411327771675685,15.786625178131
Sony,NEX-C3,715,12800,9357.0,35.211734965398,13.808523515842353,15.936159599942
Sony,NEX-C3,715,12800,9357.0,36.224584113023,14.205719260009019,16.080891254361
Sony,NEX-C3,715,12800,9357.0,37.237433260647,14.602915004175296,16.221108626992
Sony,NEX-C3,715,12800,9357.0,38.250282408272,15.00011074834196,16.357075450387
Sony,NEX-C3,715,12800,9357.0,39.263131555897,15.397306492508624,16.489033420903
Sony,NEX-C3,715,12800,9357.0,40.275980703522,15.794502236675296,16.617204556196
Sony,NEX-C3,715,12800,9357.0,41.288829851147,16.19169798084196,16.74179324853
Sony,NEX-C3,715,12800,9357.0,42.301678998772,16.588893725008628,16.862988059494
Sony,NEX-C3,715,12800,9357.0,43.314528146397,16.986089469175294,16.980963293995
Sony,NEX-C3,715,12800,9357.0,44.327377294022,17.383285213341964,17.095880385093
Sony,NEX-C3,715,12800,9357.0,45.340226441647,17.780480957508626,17.207889116147
Sony,NEX-C3,715,12800,9357.0,46.353075589272,18.177676701675296,17.317128702518
Sony,NEX-C3,715,12800,9357.0,47.365924736896,18.574872445841567,17.423728751648
Sony,NEX-C3,715,12800,9357.0,48.378773884521,18.972068190008237,17.527810117444
Sony,NEX-C3,715,12800,9357.0,49.391623032146,19.369263934174903,17.629485662556
Sony,NEX-C3,715,12800,9357.0,50.404472179771,19.76645967834157,17.728860940117
Sony,NEX-C3,715,12800,9357.0,51.417321327396,20.163655422508235,17.826034804906
Sony,NEX-C3,715,12800,9357.0,52.430170475021,20.5608511666749,17.921099962441
Sony,NEX-C3,715,12800,9357.0,53.443019622646,20.958046910841567,18.014143463391
Sony,NEX-C3,715,12800,9357.0,54.455868770271,21.355242655008237,18.105247149668
Sony,NEX-C3,715,12800,9357.0,55.468717917896,21.752438399174903,18.194488057711
Sony,NEX-C3,715,12800,9357.0,56.48156706552,22.149634143341178,18.281938783793
Sony,NEX-C3,715,12800,9357.0,57.494416213145,22.546829887507844,18.367667815511
Sony,NEX-C3,715,12800,9357.0,58.50726536077,22.94402563167451,18.451739833144
Sony,NEX-C3,715,12800,9357.0,59.520114508395,23.341221375841176,18.534215984081
Sony,NEX-C3,715,12800,9357.0,60.53296365602,23.738417120007842,18.615154133143
Sony,NEX-C3,715,12800,9357.0,61.545812803645,24.13561286417451,18.69460909127
Sony,NEX-C3,715,12800,9357.0,62.55866195127,24.532808608341174,18.772632824785
Sony,NEX-C3,715,12800,9357.0,63.571511098895,24.930004352507844,18.849274647156
Sony,NEX-C3,715,12800,9357.0,64.58436024652,25.327200096674513,18.924581394974
Sony,NEX-C3,715,12800,9357.0,65.597209394145,25.724395840841176,18.998597589685
Sony,NEX-C3,715,12800,9357.0,66.610058541769,26.121591585007454,19.071365586415
Sony,NEX-C3,715,12800,9357.0,67.622907689394,26.518787329174113,19.142925711108
Sony,NEX-C3,715,12800,9357.0,68.635756837019,26.915983073340787,19.213316387051
Sony,NEX-C3,715,12800,9357.0,69.648605984644,27.313178817507456,19.282574251751
Sony,NEX-C3,715,12800,9357.0,70.661455132269,27.71037456167412,19.350734265035
Sony,NEX-C3,715,12800,9357.0,71.674304279894,28.107570305840785,19.417829809141
Sony,NEX-C3,715,12800,9357.0,72.687153427519,28.504766050007447,19.483892781501
Sony,NEX-C3,715,12800,9357.0,73.700002575144,28.90196179417412,19.548953680839
Sony,NEX-C3,715,12800,9357.0,74.712851722769,29.299157538340786,19.61304168717
Sony,NEX-C3,715,12800,9357.0,75.725700870393,29.69635328250706,19.676184736173
Sony,NEX-C3,715,12800,9357.0,76.738550018018,30.093549026673728,19.738409588446
Sony,NEX-C3,715,12800,9357.0,77.751399165643,30.49074477084039,19.799741894021
Sony,NEX-C3,715,12800,9357.0,78.764248313268,30.887940515007056,19.860206252548
Sony,NEX-C3,715,12800,9357.0,79.777097460893,31.28513625917373,19.919826269472
Sony,NEX-C3,715,12800,9357.0,80.789946608518,31.68233200334039,19.978624608528
Sony,NEX-C3,715,12800,9357.0,81.802795756143,32.07952774750706,20.036623040842
Sony,NEX-C3,715,12800,9357.0,82.815644903768,32.476723491673724,20.093842490875
Sony,NEX-C3,715,12800,9357.0,83.828494051393,32.87391923584039,20.150303079483
Sony,NEX-C3,715,12800,9357.0,84.841343199018,33.27111498000706,20.206024164274
Sony,NEX-C3,715,12800,9357.0,85.854192346642,33.66831072417333,20.261024377488
Sony,NEX-C3,715,12800,9357.0,86.867041494267,34.065506468340004,20.315321661554
Sony,NEX-C3,715,12800,9357.0,87.879890641892,34.46270221250667,20.368933302522
Sony,NEX-C3,715,12800,9357.0,88.892739789517,34.85989795667333,20.421875961493
Sony,NEX-C3,715,12800,9357.0,89.905588937142,35.257093700839995,20.474165704202
Sony,NEX-C3,715,12800,9357.0,90.918438084767,35.65428944500667,20.525818028884
Sony,NEX-C3,715,12800,9357.0,91.931287232392,36.051485189173334,20.576847892531
Sony,NEX-C3,715,12800,9357.0,92.944136380017,36.44868093334,20.627269735657
Sony,NEX-C3,715,12800,9357.0,93.956985527642,36.845876677506666,20.677097505671
Sony,NEX-C3,715,12800,9357.0,94.969834675266,37.24307242167294,20.726344678949
Sony,NEX-C3,715,12800,9357.0,95.982683822891,37.64026816583961,20.775024281685
Sony,NEX-C3,715,12800,9357.0,96.995532970516,38.037463910006274,20.823148909616
Sony,NEX-C3,715,12800,9357.0,98.008382118141,38.43465965417294,20.870730746675
Sony,NEX-C3,715,12800,9357.0,99.021231265766,38.83185539833961,20.917781582652
Sony,NEX-C3,715,12800,9357.0,100.03408041339,39.22905114250588,20.964312829922
Sony,NEX-C3,715,12800,9357.0,101.04692956102,39.62624688667451,21.010335539301
Sony,NEX-C3,715,12800,9357.0,102.05977870864,40.02344263083921,21.055860415078
Sony,NEX-C3,715,12800,9357.0,103.07262785627,40.42063837500785,21.100897829283
Sony,NEX-C3,715,12800,9357.0,104.08547700389,40.81783411917255,21.14545783522
Sony,NEX-C3,715,12800,9357.0,105.09832615152,41.21502986334117,21.189550180337
Sony,NEX-C3,715,12800,9357.0,106.11117529914,41.612225607505884,21.23318431844
Sony,NEX-C3,715,12800,9357.0,107.12402444677,42.00942135167451,21.276369421317
Sony,NEX-C3,715,12800,9357.0,108.13687359439,42.406617095839216,21.319114389789
Sony,NEX-C3,715,12800,9357.0,109.14972274201,42.80381284000392,21.361427864228
Sony,NEX-C3,715,12800,9357.0,110.16257188964,43.20100858417255,21.403318234576
Sony,NEX-C3,715,12800,9357.0,111.17542103726,43.59820432833725,21.444793649878
Sony,NEX-C3,715,12800,9357.0,112.18827018489,43.99540007250588,21.485862027382
Sony,NEX-C3,715,12800,9357.0,113.20111933251,44.392595816670585,21.526531061205
Sony,NEX-C3,715,12800,9357.0,114.21396848014,44.78979156083921,21.5668082306
Sony,NEX-C3,715,12800,9357.0,115.22681762776,45.186987305003925,21.606700807849
Sony,NEX-C3,715,12800,9357.0,116.23966677539,45.58418304917255,21.646215865794
Sony,NEX-C3,715,12800,9357.0,117.25251592301,45.98137879333725,21.685360285037
Sony,NEX-C3,715,12800,9357.0,118.26536507064,46.378574537505884,21.724140760807
Sony,NEX-C3,715,12800,9357.0,119.27821421826,46.77577028167059,21.76256380954
Sony,NEX-C3,715,12800,9357.0,120.29106336589,47.172966025839216,21.800635775152
Sony,NEX-C3,715,12800,9357.0,121.30391251351,47.57016177000392,21.838362835062
Sony,NEX-C3,715,12800,9357.0,122.31676166114,47.967357514172555,21.875751005932
Sony,NEX-C3,715,12800,9357.0,123.32961080876,48.36455325833725,21.912806149184
Sony,NEX-C3,715,12800,9357.0,124.34245995639,48.76174900250588,21.949533976268
Sony,NEX-C3,715,12800,9357.0,125.35530910401,49.15894474667059,21.985940053715
Sony,NEX-C3,715,12800,9357.0,126.36815825164,49.55614049083921,22.022029807985
Sony,NEX-C3,715,12800,9357.0,127.38100739926,49.95333623500392,22.0578085301
Sony,NEX-C3,715,12800,9357.0,128.39385654689,50.350531979172544,22.093281380104
Sony,NEX-C3,715,12800,9357.0,129.40670569451,50.747727723337256,22.128453391331
Sony,NEX-C3,715,12800,9357.0,130.41955484214,51.14492346750589,22.163329474506
Sony,NEX-C3,715,12800,9357.0,131.43240398976,51.54211921167059,22.197914421678
Sony,NEX-C3,715,12800,9357.0,132.44525313739,51.93931495583922,22.232212910003
Sony,NEX-C3,715,12800,9357.0,133.45810228501,52.33651070000393,22.266229505369
Sony,NEX-C3,715,12800,9357.0,134.47095143264,52.73370644417255,22.299968665891
Sony,NEX-C3,715,12800,9357.0,135.48380058026,53.13090218833726,22.333434745259
Sony,NEX-C3,715,12800,9357.0,136.49664972789,53.52809793250588,22.366631995967
Sony,NEX-C3,715,12800,9357.0,137.50949887551,53.925293676670584,22.399564572409
Sony,NEX-C3,715,12800,9357.0,138.52234802314,54.32248942083922,22.432236533867
Sony,NEX-C3,715,12800,9357.0,139.53519717076,54.719685165003916,22.464651847384
Sony,NEX-C3,715,12800,9357.0,140.54804631839,55.11688090917255,22.496814390521
Sony,NEX-C3,715,12800,9357.0,141.56089546601,55.51407665333726,22.528727954025
Sony,NEX-C3,715,12800,9357.0,142.57374461364,55.91127239750588,22.560396244393
Sony,NEX-C3,715,12800,9357.0,143.58659376126,56.30846814167059,22.591822886337
Sony,NEX-C3,715,12800,9357.0,144.59944290889,56.70566388583922,22.62301142517
Sony,NEX-C3,715,12800,9357.0,145.61229205651,57.10285963000392,22.653965329098
Sony,NEX-C3,715,12800,9357.0,146.62514120414,57.50005537417254,22.684687991432
Sony,NEX-C3,715,12800,9357.0,147.63799035176,57.89725111833726,22.715182732727
Sony,NEX-C3,715,12800,9357.0,148.65083949939,58.294446862505886,22.745452802833
Sony,NEX-C3,715,12800,9357.0,149.66368864701,58.69164260667058,22.775501382889
Sony,NEX-C3,715,12800,9357.0,150.67653779464,59.088838350839225,22.805331587235
Sony,NEX-C3,715,12800,9357.0,151.68938694226,59.48603409500392,22.834946465269
Sony,NEX-C3,715,12800,9357.0,152.70223608989,59.88322983917255,22.864349003231
Sony,NEX-C3,715,12800,9357.0,153.71508523751,60.28042558333726,22.893542125929
Sony,NEX-C3,715,12800,9357.0,154.72793438514,60.67762132750588,22.922528698411
Sony,NEX-C3,715,12800,9357.0,155.74078353276,61.07481707167059,22.951311527576
Sony,NEX-C3,715,12800,9357.0,156.75363268039,61.472012815839214,22.97989336373
Sony,NEX-C3,715,12800,9357.0,157.76648182801,61.86920856000392,23.008276902097
Sony,NEX-C3,715,12800,9357.0,158.77933097563,62.266404304168624,23.036464784272
Sony,NEX-C3,715,12800,9357.0,159.79218012326,62.66360004833725,23.064459599633
Sony,NEX-C3,715,12800,9357.0,160.80502927088,63.060795792501956,23.092263886703
Sony,NEX-C3,715,12800,9357.0,161.81787841851,63.45799153667059,23.119880134472
Sony,NEX-C3,715,12800,9357.0,162.83072756613,63.8551872808353,23.147310783668
Sony,NEX-C3,715,12800,9357.0,163.84357671376,64.25238302500392,23.174558228
Sony,NEX-C3,715,12800,9357.0,164.85642586138,64.64957876916863,23.20162481535
Sony,NEX-C3,715,12800,9357.0,165.86927500901,65.04677451333725,23.228512848935
Sony,NEX-C3,715,12800,9357.0,166.88212415663,65.44397025750196,23.255224588429
Sony,NEX-C3,715,12800,9357.0,167.89497330426,65.84116600167059,23.281762251048
Sony,NEX-C3,715,12800,9357.0,168.90782245188,66.23836174583529,23.308128012611
Sony,NEX-C3,715,12800,9357.0,169.92067159951,66.63555749000393,23.334324008553
Sony,NEX-C3,715,12800,9357.0,170.93352074713,67.03275323416862,23.360352334924
Sony,NEX-C3,715,12800,9357.0,171.94636989476,67.42994897833726,23.386215049342
Sony,NEX-C3,715,12800,9357.0,172.95921904238,67.82714472250197,23.411914171929
Sony,NEX-C3,715,12800,9357.0,173.97206819001,68.22434046667058,23.437451686213
Sony,NEX-C3,715,12800,9357.0,174.98491733763,68.6215362108353,23.462829540003
Sony,NEX-C3,715,12800,9357.0,175.99776648526,69.01873195500391,23.488049646243
Sony,NEX-C3,715,12800,9357.0,177.01061563288,69.41592769916862,23.513113883833
Sony,NEX-C3,715,12800,9357.0,178.02346478051,69.81312344333726,23.538024098432
Sony,NEX-C3,715,12800,9357.0,179.03631392813,70.21031918750195,23.562782103236
Sony,NEX-C3,715,12800,9357.0,180.04916307576,70.6075149316706,23.587389679733
Sony,NEX-C3,715,12800,9357.0,181.06201222338,71.0047106758353,23.611848578433
Sony,NEX-C3,715,12800,9357.0,182.07486137101,71.40190642000393,23.636160519588
Sony,NEX-C3,715,12800,9357.0,183.08771051863,71.79910216416863,23.660327193875
Sony,NEX-C3,715,12800,9357.0,184.10055966626,72.19629790833726,23.684350263075
Sony,NEX-C3,715,12800,9357.0,185.11340881388,72.59349365250196,23.708231360721
Sony,NEX-C3,715,12800,9357.0,186.12625796151,72.99068939667059,23.73197209274
Sony,NEX-C3,715,12800,9357.0,187.13910710913,73.3878851408353,23.755574038061
Sony,NEX-C3,715,12800,9357.0,188.15195625676,73.78508088500392,23.779038749226
Sony,NEX-C3,715,12800,9357.0,189.16480540438,74.18227662916863,23.802367752964
Sony,NEX-C3,715,12800,9357.0,190.17765455201,74.57947237333727,23.825562550764
Sony,NEX-C3,715,12800,9357.0,191.19050369963,74.97666811750196,23.848624619426
Sony,NEX-C3,715,12800,9357.0,192.20335284726,75.37386386167059,23.871555411598
Sony,NEX-C3,715,12800,9357.0,193.21620199488,75.7710596058353,23.894356356299
Sony,NEX-C3,715,12800,9357.0,194.22905114251,76.16825535000392,23.917028859426
Sony,NEX-C3,715,12800,9357.0,195.24190029013,76.56545109416862,23.939574304252
Sony,NEX-C3,715,12800,9357.0,196.25474943776,76.96264683833725,23.961994051904
Sony,NEX-C3,715,12800,9357.0,197.26759858538,77.35984258250195,23.984289441837
Sony,NEX-C3,715,12800,9357.0,198.28044773301,77.75703832667058,24.006461792288
Sony,NEX-C3,715,12800,9357.0,199.29329688063,78.15423407083529,24.028512400718
Sony,NEX-C3,715,12800,9357.0,200.30614602826,78.55142981500393,24.050442544251
Sony,NEX-C3,715,12800,9357.0,201.31899517588,78.94862555916863,24.072253480093
Sony,NEX-C3,715,12800,9357.0,202.33184432351,79.34582130333726,24.093946445944
Sony,NEX-C3,715,12800,9357.0,203.34469347113,79.74301704750197,24.115522660397
Sony,NEX-C3,715,12800,9357.0,204.35754261876,80.14021279167058,24.13698332333
Sony,NEX-C3,715,12800,9357.0,205.37039176638,80.5374085358353,24.158329616287
Sony,NEX-C3,715,12800,9357.0,206.38324091401,80.93460428000392,24.179562702847
Sony,NEX-C3,715,12800,9357.0,207.39609006163,81.33180002416861,24.200683728988
Sony,NEX-C3,715,12800,9357.0,208.40893920926,81.72899576833727,24.221693823437
Sony,NEX-C3,715,12800,9357.0,209.42178835688,82.12619151250196,24.242594098018
Sony,NEX-C3,715,12800,9357.0,210.43463750451,82.52338725667059,24.26338564798
Sony,NEX-C3,715,12800,9357.0,211.44748665213,82.92058300083531,24.284069552331
Sony,NEX-C3,715,12800,9357.0,212.46033579975,83.317778745,24.304646874156
Sony,NEX-C3,715,12800,9357.0,213.47318494738,83.71497448916863,24.325118660924
Sony,NEX-C3,715,12800,9357.0,214.486034095,84.11217023333334,24.345485944795
Sony,NEX-C3,715,12800,9357.0,215.49888324263,84.50936597750196,24.365749742917
Sony,NEX-C3,715,12800,9357.0,216.51173239025,84.90656172166666,24.385911057713
Sony,NEX-C3,715,12800,9357.0,217.52458153788,85.30375746583529,24.405970877164
Sony,NEX-C3,715,12800,9357.0,218.5374306855,85.70095321,24.425930175087
Sony,NEX-C3,715,12800,9357.0,219.55027983313,86.09814895416864,24.445789911399
Sony,NEX-C3,715,12800,9357.0,220.56312898075,86.49534469833333,24.465551032384
Sony,NEX-C3,715,12800,9357.0,221.57597812838,86.89254044250197,24.485214470949
Sony,NEX-C3,715,12800,9357.0,222.588827276,87.28973618666667,24.504781146873
Sony,NEX-C3,715,12800,9357.0,223.60167642363,87.6869319308353,24.524251967052
Sony,NEX-C3,715,12800,9357.0,224.61452557125,88.084127675,24.543627825739
Sony,NEX-C3,715,12800,9357.0,225.62737471888,88.48132341916862,24.562909604777
Sony,NEX-C3,715,12800,9357.0,226.6402238665,88.87851916333334,24.582098173827
Sony,NEX-C3,715,12800,9357.0,227.65307301413,89.27571490750196,24.601194390591
Sony,NEX-C3,715,12800,9357.0,228.66592216175,89.67291065166665,24.620199101031
Sony,NEX-C3,715,12800,9357.0,229.67877130938,90.0701063958353,24.63911313958
Sony,NEX-C3,715,12800,9357.0,230.691620457,90.46730214,24.657937329351
Sony,NEX-C3,715,12800,9357.0,231.70446960463,90.86449788416863,24.676672482342
Sony,NEX-C3,715,12800,9357.0,232.71731875225,91.26169362833335,24.695319399632
Sony,NEX-C3,715,12800,9357.0,233.73016789988,91.65888937250196,24.713878871578
Sony,NEX-C3,715,12800,9357.0,234.7430170475,92.05608511666667,24.732351678004
Sony,NEX-C3,715,12800,9357.0,235.75586619513,92.45328086083529,24.750738588388
Sony,NEX-C3,715,12800,9357.0,236.76871534275,92.850476605,24.769040362042
Sony,NEX-C3,715,12800,9357.0,237.78156449038,93.24767234916862,24.787257748292
Sony,NEX-C3,715,12800,9357.0,238.794413638,93.64486809333333,24.805391486652
Sony,NEX-C3,715,12800,9357.0,239.80726278563,94.04206383750197,24.823442306993
Sony,NEX-C3,715,12800,9357.0,240.82011193325,94.43925958166666,24.84141092971
Sony,NEX-C3,715,12800,9357.0,241.83296108088,94.8364553258353,24.859298065886
Sony,NEX-C3,715,12800,9357.0,242.8458102285,95.23365107000001,24.877104417449
Sony,NEX-C3,715,12800,9357.0,243.85865937613,95.63084681416862,24.894830677334
Sony,NEX-C3,715,12800,9357.0,244.87150852375,96.02804255833334,24.912477529627
Sony,NEX-C3,715,12800,9357.0,245.88435767138,96.42523830250195,24.930045649725
Sony,NEX-C3,715,12800,9357.0,246.897206819,96.82243404666666,24.947535704472
Sony,NEX-C3,715,12800,9357.0,247.91005596663,97.2196297908353,24.964948352311
Sony,NEX-C3,715,12800,9357.0,248.92290511425,97.61682553499999,24.982284243419
Sony,NEX-C3,715,12800,9357.0,249.93575426188,98.01402127916863,24.999544019848
Sony,NEX-C3,715,12800,9357.0,250.9486034095,98.41121702333334,25.016728315657
Sony,NEX-C3,715,12800,9357.0,251.96145255713,98.80841276750196,25.033837757045
Sony,NEX-C3,715,12800,9357.0,252.97430170475,99.20560851166667,25.050872962481
Sony,NEX-C3,715,12800,9357.0,253.98715085238,99.6028042558353,25.067834542829
Sony,NEX-C3,715,12800,9357.0,255,100.0,25.084723101472
