brand,model,sensor_id,iso_manufacturer,iso_measured,gray_level_255,gray_pct,snr_db
YUNEEC,Breeze 4K,1152,100,45.0,0.19714718481317,0.07731262149536078,0
YUNEEC,Breeze 4K,1152,100,45.0,0.30783980003334,0.12072149020915293,3.3571071657266
YUNEEC,Breeze 4K,1152,100,45.0,0.53446710900767,0.2095949447088902,7.2553399624505
YUNEEC,Breeze 4K,1152,100,45.0,0.94573242084078,0.3708754591532471,10.948030504335
YUNEEC,Breeze 4K,1152,100,45.0,1.9184185538049,0.7523210014921176,15.053500896895
YUNEEC,Breeze 4K,1152,100,45.0,3.7672652112383,1.4773589063679606,18.571145804857
YUNEEC,Breeze 4K,1152,100,45.0,7.3257641138874,2.8728486721127062,21.769520669403
YUNEEC,Breeze 4K,1152,100,45.0,13.304461758462,5.217435983710589,24.485170404388
YUNEEC,Breeze 4K,1152,100,45.0,14.279040541694,5.599623741840784,24.799257804762
YUNEEC,Breeze 4K,1152,100,45.0,15.253619324926,5.98181149997098,25.091258746768
YUNEEC,Breeze 4K,1152,100,45.0,16.228198108158,6.3639992581011775,25.364008267038
YUNEEC,Breeze 4K,1152,100,45.0,17.20277689139,6.746187016231373,25.619829717096
YUNEEC,Breeze 4K,1152,100,45.0,18.177355674622,7.1283747743615695,25.860650731259
YUNEEC,Breeze 4K,1152,100,45.0,19.151934457854,7.510562532491765,26.088088141417
YUNEEC,Breeze 4K,1152,100,45.0,20.126513241086,7.89275029062196,26.303511300015
YUNEEC,Breeze 4K,1152,100,45.0,21.101092024318,8.274938048752157,26.508090074674
YUNEEC,Breeze 4K,1152,100,45.0,22.07567080755,8.657125806882354,26.702831757532
YUNEEC,Breeze 4K,1152,100,45.0,23.050249590782,9.039313565012549,26.888609823527
YUNEEC,Breeze 4K,1152,100,45.0,24.024828374014,9.421501323142746,27.066186604661
YUNEEC,Breeze 4K,1152,100,45.0,24.999407157246,9.80368908127294,27.236231360925
YUNEEC,Breeze 4K,1152,100,45.0,25.973985940478,10.185876839403136,27.399334824828
YUNEEC,Breeze 4K,1152,100,45.0,26.94856472371,10.568064597533333,27.556021013726
YUNEEC,Breeze 4K,1152,100,45.0,27.923143506942,10.95025235566353,27.706756903155
YUNEEC,Breeze 4K,1152,100,45.0,28.897722290174,11.332440113793725,27.851960409438
YUNEEC,Breeze 4K,1152,100,45.0,29.872301073406,11.714627871923922,27.992007023985
YUNEEC,Breeze 4K,1152,100,45.0,30.846879856638,12.096815630054119,28.127235363507
YUNEEC,Breeze 4K,1152,100,45.0,31.82145863987,12.479003388184314,28.257951841858
YUNEEC,Breeze 4K,1152,100,45.0,32.796037423102,12.86119114631451,28.384434625131
YUNEEC,Breeze 4K,1152,100,45.0,33.770616206334,13.243378904444706,28.506936997961
YUNEEC,Breeze 4K,1152,100,45.0,34.745194989566,13.625566662574903,28.625690243135
YUNEEC,Breeze 4K,1152,100,45.0,35.719773772798,14.007754420705098,28.740906116531
YUNEEC,Breeze 4K,1152,100,45.0,36.69435255603,14.389942178835295,28.85277898374
YUNEEC,Breeze 4K,1152,100,45.0,37.668931339262,14.772129936965491,28.961487672359
YUNEEC,Breeze 4K,1152,100,45.0,38.643510122494,15.154317695095687,29.067197084175
YUNEEC,Breeze 4K,1152,100,45.0,39.618088905726,15.536505453225882,29.17005960362
YUNEEC,Breeze 4K,1152,100,45.0,40.592667688958,15.91869321135608,29.27021633263
YUNEEC,Breeze 4K,1152,100,45.0,41.56724647219,16.300880969486276,29.36779817695
YUNEEC,Breeze 4K,1152,100,45.0,42.541825255422,16.683068727616472,29.462926804813
YUNEEC,Breeze 4K,1152,100,45.0,43.516404038654,17.06525648574667,29.555715495587
YUNEEC,Breeze 4K,1152,100,45.0,44.490982821886,17.447444243876863,29.646269893177
YUNEEC,Breeze 4K,1152,100,45.0,45.465561605118,17.82963200200706,29.734688676738
YUNEEC,Breeze 4K,1152,100,45.0,46.44014038835,18.211819760137253,29.821064159351
YUNEEC,Breeze 4K,1152,100,45.0,47.414719171582,18.59400751826745,29.905482823742
YUNEEC,Breeze 4K,1152,100,45.0,48.389297954814,18.976195276397647,29.988025802829
YUNEEC,Breeze 4K,1152,100,45.0,49.363876738046,19.358383034527844,30.068769311777
YUNEEC,Breeze 4K,1152,100,45.0,50.338455521278,19.740570792658037,30.147785037307
YUNEEC,Breeze 4K,1152,100,45.0,51.31303430451,20.122758550788234,30.225140489245
YUNEEC,Breeze 4K,1152,100,45.0,52.287613087742,20.50494630891843,30.300899318612
YUNEEC,Breeze 4K,1152,100,45.0,53.262191870974,20.887134067048628,30.375121606011
YUNEEC,Breeze 4K,1152,100,45.0,54.236770654206,21.26932182517882,30.447864123572
YUNEEC,Breeze 4K,1152,100,45.0,55.211349437438,21.65150958330902,30.519180573318
YUNEEC,Breeze 4K,1152,100,45.0,56.18592822067,22.033697341439215,30.589121804443
YUNEEC,Breeze 4K,1152,100,45.0,57.160507003902,22.41588509956941,30.657736011715
YUNEEC,Breeze 4K,1152,100,45.0,58.135085787134,22.79807285769961,30.725068916924
YUNEEC,Breeze 4K,1152,100,45.0,59.109664570366,23.180260615829802,30.791163935098
YUNEEC,Breeze 4K,1152,100,45.0,60.084243353599,23.562448373960393,30.856062326977
YUNEEC,Breeze 4K,1152,100,45.0,61.058822136831,23.944636132090586,30.91980333911
YUNEEC,Breeze 4K,1152,100,45.0,62.033400920063,24.326823890220787,30.982424332739
YUNEEC,Breeze 4K,1152,100,45.0,63.007979703295,24.70901164835098,31.043960902542
YUNEEC,Breeze 4K,1152,100,45.0,63.982558486527,25.091199406481174,31.104446986178
YUNEEC,Breeze 4K,1152,100,45.0,64.957137269759,25.47338716461137,31.163914965467
YUNEEC,Breeze 4K,1152,100,45.0,65.931716052991,25.85557492274157,31.222395759968
YUNEEC,Breeze 4K,1152,100,45.0,66.906294836223,26.23776268087176,31.279918913629
YUNEEC,Breeze 4K,1152,100,45.0,67.880873619455,26.61995043900196,31.33651267511
YUNEEC,Breeze 4K,1152,100,45.0,68.855452402687,27.002138197132158,31.392204072333
YUNEEC,Breeze 4K,1152,100,45.0,69.830031185919,27.38432595526235,31.447018981745
YUNEEC,Breeze 4K,1152,100,45.0,70.804609969151,27.76651371339255,31.500982192735
YUNEEC,Breeze 4K,1152,100,45.0,71.779188752383,28.148701471522745,31.554117467615
YUNEEC,Breeze 4K,1152,100,45.0,72.753767535615,28.53088922965294,31.606447597518
YUNEEC,Breeze 4K,1152,100,45.0,73.728346318847,28.913076987783136,31.657994454546
YUNEEC,Breeze 4K,1152,100,45.0,74.702925102079,29.295264745913336,31.708779040466
YUNEEC,Breeze 4K,1152,100,45.0,75.677503885311,29.67745250404353,31.758821532222
YUNEEC,Breeze 4K,1152,100,45.0,76.652082668543,30.059640262173726,31.808141324514
YUNEEC,Breeze 4K,1152,100,45.0,77.626661451775,30.441828020303923,31.856757069659
YUNEEC,Breeze 4K,1152,100,45.0,78.601240235007,30.824015778434116,31.904686714956
YUNEEC,Breeze 4K,1152,100,45.0,79.575819018239,31.206203536564313,31.95194753772
YUNEEC,Breeze 4K,1152,100,45.0,80.550397801471,31.588391294694507,31.998556178171
YUNEEC,Breeze 4K,1152,100,45.0,81.524976584703,31.970579052824704,32.044528670334
YUNEEC,Breeze 4K,1152,100,45.0,82.499555367935,32.352766810954904,32.089880471079
YUNEEC,Breeze 4K,1152,100,45.0,83.474134151167,32.7349545690851,32.134626487456
YUNEEC,Breeze 4K,1152,100,45.0,84.448712934399,33.11714232721529,32.178781102416
YUNEEC,Breeze 4K,1152,100,45.0,85.423291717631,33.49933008534549,32.22235819906
YUNEEC,Breeze 4K,1152,100,45.0,86.397870500863,33.881517843475685,32.265371183492
YUNEEC,Breeze 4K,1152,100,45.0,87.372449284095,34.263705601605885,32.307833006389
YUNEEC,Breeze 4K,1152,100,45.0,88.347028067327,34.64589335973608,32.349756183356
YUNEEC,Breeze 4K,1152,100,45.0,89.321606850559,35.02808111786627,32.391152814168
YUNEEC,Breeze 4K,1152,100,45.0,90.296185633791,35.41026887599647,32.432034600949
YUNEEC,Breeze 4K,1152,100,45.0,91.270764417023,35.792456634126665,32.472412865381
YUNEEC,Breeze 4K,1152,100,45.0,92.245343200255,36.17464439225686,32.51229856498
YUNEEC,Breeze 4K,1152,100,45.0,93.219921983487,36.55683215038706,32.551702308518
YUNEEC,Breeze 4K,1152,100,45.0,94.194500766719,36.93901990851726,32.590634370638
YUNEEC,Breeze 4K,1152,100,45.0,95.169079549951,37.321207666647446,32.629104705709
YUNEEC,Breeze 4K,1152,100,45.0,96.143658333183,37.703395424777646,32.667122960969
YUNEEC,Breeze 4K,1152,100,45.0,97.118237116415,38.08558318290785,32.704698489008
YUNEEC,Breeze 4K,1152,100,45.0,98.092815899647,38.46777094103804,32.741840359615
YUNEEC,Breeze 4K,1152,100,45.0,99.067394682879,38.84995869916823,32.778557371039
YUNEEC,Breeze 4K,1152,100,45.0,100.04197346611,39.232146457298036,32.814858060698
YUNEEC,Breeze 4K,1152,100,45.0,101.01655224934,39.61433421542745,32.850750715363
YUNEEC,Breeze 4K,1152,100,45.0,101.99113103257,39.99652197355686,32.886243380848
YUNEEC,Breeze 4K,1152,100,45.0,102.96570981581,40.3787097316902,32.921343871241
YUNEEC,Breeze 4K,1152,100,45.0,103.94028859904,40.760897489819605,32.956059777691
YUNEEC,Breeze 4K,1152,100,45.0,104.91486738227,41.14308524794902,32.990398476792
YUNEEC,Breeze 4K,1152,100,45.0,105.8894461655,41.525273006078436,33.024367138567
YUNEEC,Breeze 4K,1152,100,45.0,106.86402494873,41.90746076420784,33.05797273409
YUNEEC,Breeze 4K,1152,100,45.0,107.83860373197,42.289648522341174,33.091222042757
YUNEEC,Breeze 4K,1152,100,45.0,108.8131825152,42.671836280470586,33.124121659232
YUNEEC,Breeze 4K,1152,100,45.0,109.78776129843,43.0540240386,33.156678000075
YUNEEC,Breeze 4K,1152,100,45.0,110.76234008166,43.43621179672941,33.188897310083
YUNEEC,Breeze 4K,1152,100,45.0,111.73691886489,43.81839955485882,33.220785668344
YUNEEC,Breeze 4K,1152,100,45.0,112.71149764813,44.200587312992155,33.252348994033
YUNEEC,Breeze 4K,1152,100,45.0,113.68607643136,44.58277507112157,33.283593051953
YUNEEC,Breeze 4K,1152,100,45.0,114.66065521459,44.96496282925098,33.314523457839
YUNEEC,Breeze 4K,1152,100,45.0,115.63523399782,45.34715058738039,33.345145683441
YUNEEC,Breeze 4K,1152,100,45.0,116.60981278105,45.7293383455098,33.37546506138
YUNEEC,Breeze 4K,1152,100,45.0,117.58439156429,46.111526103643136,33.405486789816
YUNEEC,Breeze 4K,1152,100,45.0,118.55897034752,46.49371386177255,33.435215936916
YUNEEC,Breeze 4K,1152,100,45.0,119.53354913075,46.87590161990196,33.464657445129
YUNEEC,Breeze 4K,1152,100,45.0,120.50812791398,47.25808937803138,33.493816135305
YUNEEC,Breeze 4K,1152,100,45.0,121.48270669721,47.64027713616078,33.52269671063
YUNEEC,Breeze 4K,1152,100,45.0,122.45728548045,48.02246489429412,33.551303760412
YUNEEC,Breeze 4K,1152,100,45.0,123.43186426368,48.40465265242353,33.579641763718
YUNEEC,Breeze 4K,1152,100,45.0,124.40644304691,48.78684041055294,33.607715092855
YUNEEC,Breeze 4K,1152,100,45.0,125.38102183014,49.16902816868235,33.635528016731
YUNEEC,Breeze 4K,1152,100,45.0,126.35560061337,49.551215926811764,33.663084704073
YUNEEC,Breeze 4K,1152,100,45.0,127.33017939661,49.9334036849451,33.690389226524
YUNEEC,Breeze 4K,1152,100,45.0,128.30475817984,50.31559144307452,33.717445561624
YUNEEC,Breeze 4K,1152,100,45.0,129.27933696307,50.69777920120392,33.744257595675
YUNEEC,Breeze 4K,1152,100,45.0,130.2539157463,51.07996695933333,33.770829126498
YUNEEC,Breeze 4K,1152,100,45.0,131.22849452953,51.46215471746275,33.797163866089
YUNEEC,Breeze 4K,1152,100,45.0,132.20307331277,51.84434247559607,33.823265443171
YUNEEC,Breeze 4K,1152,100,45.0,133.177652096,52.22653023372549,33.849137405658
YUNEEC,Breeze 4K,1152,100,45.0,134.15223087923,52.6087179918549,33.874783223025
YUNEEC,Breeze 4K,1152,100,45.0,135.12680966246,52.99090574998432,33.900206288593
YUNEEC,Breeze 4K,1152,100,45.0,136.10138844569,53.373093508113726,33.925409921731
YUNEEC,Breeze 4K,1152,100,45.0,137.07596722893,53.75528126624707,33.95039736998
YUNEEC,Breeze 4K,1152,100,45.0,138.05054601216,54.13746902437647,33.975171811099
YUNEEC,Breeze 4K,1152,100,45.0,139.02512479539,54.51965678250589,33.999736355041
YUNEEC,Breeze 4K,1152,100,45.0,139.99970357862,54.901844540635295,34.024094045861
YUNEEC,Breeze 4K,1152,100,45.0,140.97428236185,55.28403229876469,34.048247863553
YUNEEC,Breeze 4K,1152,100,45.0,141.94886114509,55.66622005689804,34.072200725825
YUNEEC,Breeze 4K,1152,100,45.0,142.92343992832,56.048407815027446,34.095955489818
YUNEEC,Breeze 4K,1152,100,45.0,143.89801871155,56.430595573156864,34.119514953758
YUNEEC,Breeze 4K,1152,100,45.0,144.87259749478,56.812783331286276,34.142881858559
YUNEEC,Breeze 4K,1152,100,45.0,145.84717627801,57.19497108941569,34.166058889367
YUNEEC,Breeze 4K,1152,100,45.0,146.82175506125,57.57715884754903,34.189048677056
YUNEEC,Breeze 4K,1152,100,45.0,147.79633384448,57.959346605678434,34.211853799672
YUNEEC,Breeze 4K,1152,100,45.0,148.77091262771,58.341534363807845,34.23447678383
YUNEEC,Breeze 4K,1152,100,45.0,149.74549141094,58.72372212193725,34.256920106066
YUNEEC,Breeze 4K,1152,100,45.0,150.72007019417,59.10590988006666,34.279186194144
YUNEEC,Breeze 4K,1152,100,45.0,151.69464897741,59.4880976382,34.30127742832
YUNEEC,Breeze 4K,1152,100,45.0,152.66922776064,59.870285396329415,34.323196142568
YUNEEC,Breeze 4K,1152,100,45.0,153.64380654387,60.25247315445882,34.344944625763
YUNEEC,Breeze 4K,1152,100,45.0,154.6183853271,60.63466091258823,34.366525122831
YUNEEC,Breeze 4K,1152,100,45.0,155.59296411033,61.01684867071765,34.387939835855
YUNEEC,Breeze 4K,1152,100,45.0,156.56754289357,61.39903642885097,34.40919092516
YUNEEC,Breeze 4K,1152,100,45.0,157.5421216768,61.781224186980396,34.430280510347
YUNEEC,Breeze 4K,1152,100,45.0,158.51670046003,62.1634119451098,34.451210671309
YUNEEC,Breeze 4K,1152,100,45.0,159.49127924326,62.54559970323922,34.471983449209
YUNEEC,Breeze 4K,1152,100,45.0,160.46585802649,62.927787461368624,34.492600847429
YUNEEC,Breeze 4K,1152,100,45.0,161.44043680973,63.30997521950196,34.51306483249
YUNEEC,Breeze 4K,1152,100,45.0,162.41501559296,63.69216297763137,34.533377334946
YUNEEC,Breeze 4K,1152,100,45.0,163.38959437619,64.07435073576077,34.553540250251
YUNEEC,Breeze 4K,1152,100,45.0,164.36417315942,64.4565384938902,34.573555439595
YUNEEC,Breeze 4K,1152,100,45.0,165.33875194266,64.83872625202352,34.593424730723
YUNEEC,Breeze 4K,1152,100,45.0,166.31333072589,65.22091401015294,34.613149918726
YUNEEC,Breeze 4K,1152,100,45.0,167.28790950912,65.60310176828236,34.632732766805
YUNEEC,Breeze 4K,1152,100,45.0,168.26248829235,65.98528952641178,34.65217500702
YUNEEC,Breeze 4K,1152,100,45.0,169.23706707558,66.36747728454118,34.671478341014
YUNEEC,Breeze 4K,1152,100,45.0,170.21164585882,66.74966504267451,34.690644440713
YUNEEC,Breeze 4K,1152,100,45.0,171.18622464205,67.13185280080393,34.709674949012
YUNEEC,Breeze 4K,1152,100,45.0,172.16080342528,67.51404055893333,34.728571480436
YUNEEC,Breeze 4K,1152,100,45.0,173.13538220851,67.89622831706275,34.747335621787
YUNEEC,Breeze 4K,1152,100,45.0,174.10996099174,68.27841607519215,34.765968932765
YUNEEC,Breeze 4K,1152,100,45.0,175.08453977498,68.66060383332548,34.784472946586
YUNEEC,Breeze 4K,1152,100,45.0,176.05911855821,69.0427915914549,34.802849170564
YUNEEC,Breeze 4K,1152,100,45.0,177.03369734144,69.42497934958432,34.821099086692
YUNEEC,Breeze 4K,1152,100,45.0,178.00827612467,69.80716710771372,34.839224152203
YUNEEC,Breeze 4K,1152,100,45.0,178.9828549079,70.18935486584313,34.857225800107
YUNEEC,Breeze 4K,1152,100,45.0,179.95743369114,70.57154262397648,34.87510543973
YUNEEC,Breeze 4K,1152,100,45.0,180.93201247437,70.95373038210589,34.892864457219
YUNEEC,Breeze 4K,1152,100,45.0,181.9065912576,71.3359181402353,34.910504216053
YUNEEC,Breeze 4K,1152,100,45.0,182.88117004083,71.7181058983647,34.928026057522
YUNEEC,Breeze 4K,1152,100,45.0,183.85574882406,72.1002936564941,34.945431301209
YUNEEC,Breeze 4K,1152,100,45.0,184.8303276073,72.48248141462746,34.962721245444
YUNEEC,Breeze 4K,1152,100,45.0,185.80490639053,72.86466917275686,34.979897167764
YUNEEC,Breeze 4K,1152,100,45.0,186.77948517376,73.24685693088627,34.996960325341
YUNEEC,Breeze 4K,1152,100,45.0,187.75406395699,73.62904468901569,35.013911955415
YUNEEC,Breeze 4K,1152,100,45.0,188.72864274022,74.0112324471451,35.030753275708
YUNEEC,Breeze 4K,1152,100,45.0,189.70322152346,74.39342020527843,35.047485484827
YUNEEC,Breeze 4K,1152,100,45.0,190.67780030669,74.77560796340784,35.064109762661
YUNEEC,Breeze 4K,1152,100,45.0,191.65237908992,75.15779572153725,35.080627270764
YUNEEC,Breeze 4K,1152,100,45.0,192.62695787315,75.53998347966666,35.097039152729
YUNEEC,Breeze 4K,1152,100,45.0,193.60153665638,75.92217123779608,35.113346534552
YUNEEC,Breeze 4K,1152,100,45.0,194.57611543962,76.3043589959294,35.129550524992
YUNEEC,Breeze 4K,1152,100,45.0,195.55069422285,76.68654675405882,35.145652215913
YUNEEC,Breeze 4K,1152,100,45.0,196.52527300608,77.06873451218823,35.161652682625
YUNEEC,Breeze 4K,1152,100,45.0,197.49985178931,77.45092227031765,35.177552984214
YUNEEC,Breeze 4K,1152,100,45.0,198.47443057254,77.83311002844707,35.193354163861
YUNEEC,Breeze 4K,1152,100,45.0,199.44900935578,78.21529778658038,35.209057249158
YUNEEC,Breeze 4K,1152,100,45.0,200.42358813901,78.59748554470981,35.224663252413
YUNEEC,Breeze 4K,1152,100,45.0,201.39816692224,78.97967330283922,35.240173170952
YUNEEC,Breeze 4K,1152,100,45.0,202.37274570547,79.36186106096864,35.255587987402
YUNEEC,Breeze 4K,1152,100,45.0,203.3473244887,79.74404881909804,35.270908669987
YUNEEC,Breeze 4K,1152,100,45.0,204.32190327194,80.12623657723137,35.286136172794
YUNEEC,Breeze 4K,1152,100,45.0,205.29648205517,80.50842433536079,35.301271436053
YUNEEC,Breeze 4K,1152,100,45.0,206.2710608384,80.89061209349019,35.316315386394
YUNEEC,Breeze 4K,1152,100,45.0,207.24563962163,81.27279985161961,35.331268937113
YUNEEC,Breeze 4K,1152,100,45.0,208.22021840486,81.65498760974901,35.346132988416
YUNEEC,Breeze 4K,1152,100,45.0,209.1947971881,82.03717536788236,35.36090842767
YUNEEC,Breeze 4K,1152,100,45.0,210.16937597133,82.41936312601177,35.375596129645
YUNEEC,Breeze 4K,1152,100,45.0,211.14395475456,82.80155088414118,35.390196956744
YUNEEC,Breeze 4K,1152,100,45.0,212.11853353779,83.18373864227058,35.404711759234
YUNEEC,Breeze 4K,1152,100,45.0,213.09311232102,83.56592640039999,35.419141375473
YUNEEC,Breeze 4K,1152,100,45.0,214.06769110426,83.94811415853334,35.433486632125
YUNEEC,Breeze 4K,1152,100,45.0,215.04226988749,84.33030191666275,35.447748344378
YUNEEC,Breeze 4K,1152,100,45.0,216.01684867072,84.71248967479215,35.46192731615
YUNEEC,Breeze 4K,1152,100,45.0,216.99142745395,85.09467743292156,35.476024340293
YUNEEC,Breeze 4K,1152,100,45.0,217.96600623718,85.47686519105099,35.490040198797
YUNEEC,Breeze 4K,1152,100,45.0,218.94058502042,85.85905294918432,35.50397566298
YUNEEC,Breeze 4K,1152,100,45.0,219.91516380365,86.24124070731372,35.517831493684
YUNEEC,Breeze 4K,1152,100,45.0,220.88974258688,86.62342846544314,35.531608441459
YUNEEC,Breeze 4K,1152,100,45.0,221.86432137011,87.00561622357255,35.545307246744
YUNEEC,Breeze 4K,1152,100,45.0,222.83890015334,87.38780398170196,35.558928640049
YUNEEC,Breeze 4K,1152,100,45.0,223.81347893658,87.76999173983529,35.572473342129
YUNEEC,Breeze 4K,1152,100,45.0,224.78805771981,88.15217949796471,35.585942064153
YUNEEC,Breeze 4K,1152,100,45.0,225.76263650304,88.53436725609411,35.599335507872
YUNEEC,Breeze 4K,1152,100,45.0,226.73721528627,88.91655501422352,35.612654365786
YUNEEC,Breeze 4K,1152,100,45.0,227.7117940695,89.29874277235295,35.625899321296
YUNEEC,Breeze 4K,1152,100,45.0,228.68637285274,89.68093053048626,35.639071048869
YUNEEC,Breeze 4K,1152,100,45.0,229.66095163597,90.06311828861568,35.652170214187
YUNEEC,Breeze 4K,1152,100,45.0,230.6355304192,90.4453060467451,35.665197474298
YUNEEC,Breeze 4K,1152,100,45.0,231.61010920243,90.82749380487452,35.67815347776
YUNEEC,Breeze 4K,1152,100,45.0,232.58468798566,91.20968156300393,35.691038864792
YUNEEC,Breeze 4K,1152,100,45.0,233.5592667689,91.59186932113725,35.703854267406
YUNEEC,Breeze 4K,1152,100,45.0,234.53384555213,91.97405707926667,35.71660030955
YUNEEC,Breeze 4K,1152,100,45.0,235.50842433536,92.35624483739608,35.729277607241
YUNEEC,Breeze 4K,1152,100,45.0,236.48300311859,92.7384325955255,35.7418867687
YUNEEC,Breeze 4K,1152,100,45.0,237.45758190182,93.1206203536549,35.754428394476
YUNEEC,Breeze 4K,1152,100,45.0,238.43216068506,93.50280811178824,35.766903077578
YUNEEC,Breeze 4K,1152,100,45.0,239.40673946829,93.88499586991765,35.779311403595
YUNEEC,Breeze 4K,1152,100,45.0,240.38131825152,94.26718362804706,35.791653950822
YUNEEC,Breeze 4K,1152,100,45.0,241.35589703475,94.64937138617647,35.803931290375
YUNEEC,Breeze 4K,1152,100,45.0,242.33047581798,95.03155914430587,35.816143986307
YUNEEC,Breeze 4K,1152,100,45.0,243.30505460122,95.41374690243923,35.82829259573
YUNEEC,Breeze 4K,1152,100,45.0,244.27963338445,95.79593466056863,35.840377668917
YUNEEC,Breeze 4K,1152,100,45.0,245.25421216768,96.17812241869804,35.852399749417
YUNEEC,Breeze 4K,1152,100,45.0,246.22879095091,96.56031017682744,35.864359374165
YUNEEC,Breeze 4K,1152,100,45.0,247.20336973414,96.94249793495688,35.876257073582
YUNEEC,Breeze 4K,1152,100,45.0,248.17794851738,97.3246856930902,35.88809337168
YUNEEC,Breeze 4K,1152,100,45.0,249.15252730061,97.7068734512196,35.899868786167
YUNEEC,Breeze 4K,1152,100,45.0,250.12710608384,98.08906120934903,35.911583828543
YUNEEC,Breeze 4K,1152,100,45.0,251.10168486707,98.47124896747843,35.923239004196
YUNEEC,Breeze 4K,1152,100,45.0,252.0762636503,98.85343672560785,35.934834812503
YUNEEC,Breeze 4K,1152,100,45.0,253.05084243354,99.23562448374118,35.946371746917
YUNEEC,Breeze 4K,1152,100,45.0,254.02542121677,99.6178122418706,35.957850295063
YUNEEC,Breeze 4K,1152,100,45.0,255,100.0,35.96927093883
YUNEEC,Breeze 4K,1152,200,91.0,0.30783980003334,0.12072149020915293,0
YUNEEC,Breeze 4K,1152,200,91.0,0.53446710900767,0.2095949447088902,3.9786473080421
YUNEEC,Breeze 4K,1152,200,91.0,0.94573242084078,0.3708754591532471,7.7621533211954
YUNEEC,Breeze 4K,1152,200,91.0,1.9184185538049,0.7523210014921176,11.971075512232
YUNEEC,Breeze 4K,1152,200,91.0,3.7672652112383,1.4773589063679606,15.563450455635
YUNEEC,Breeze 4K,1152,200,91.0,7.3257641138874,2.8728486721127062,18.811684529243
YUNEEC,Breeze 4K,1152,200,91.0,13.304461758462,5.217435983710589,21.558316923388
YUNEEC,Breeze 4K,1152,200,91.0,14.279040541694,5.599623741840784,21.875564151428
YUNEEC,Breeze 4K,1152,200,91.0,15.253619324926,5.98181149997098,22.17045610067
YUNEEC,Breeze 4K,1152,200,91.0,16.228198108158,6.3639992581011775,22.445873598533
YUNEEC,Breeze 4K,1152,200,91.0,17.20277689139,6.746187016231373,22.704175841993
YUNEEC,Breeze 4K,1152,200,91.0,18.177355674622,7.1283747743615695,22.947318927239
YUNEEC,Breeze 4K,1152,200,91.0,19.151934457854,7.510562532491765,23.176942573153
YUNEEC,Breeze 4K,1152,200,91.0,20.126513241086,7.89275029062196,23.394434746143
YUNEEC,Breeze 4K,1152,200,91.0,21.101092024318,8.274938048752157,23.60098060807
YUNEEC,Breeze 4K,1152,200,91.0,22.07567080755,8.657125806882354,23.797600134579
YUNEEC,Breeze 4K,1152,200,91.0,23.050249590782,9.039313565012549,23.985177408106
YUNEEC,Breeze 4K,1152,200,91.0,24.024828374014,9.421501323142746,24.164483700608
YUNEEC,Breeze 4K,1152,200,91.0,24.999407157246,9.80368908127294,24.336195860164
YUNEEC,Breeze 4K,1152,200,91.0,25.973985940478,10.185876839403136,24.500911102076
YUNEEC,Breeze 4K,1152,200,91.0,26.94856472371,10.568064597533333,24.659159015702
YUNEEC,Breeze 4K,1152,200,91.0,27.923143506942,10.95025235566353,24.81141139261
YUNEEC,Breeze 4K,1152,200,91.0,28.897722290174,11.332440113793725,24.958090333464
YUNEEC,Breeze 4K,1152,200,91.0,29.872301073406,11.714627871923922,25.099574982866
YUNEEC,Breeze 4K,1152,200,91.0,30.846879856638,12.096815630054119,25.236207161489
YUNEEC,Breeze 4K,1152,200,91.0,31.82145863987,12.479003388184314,25.368296105141
YUNEEC,Breeze 4K,1152,200,91.0,32.796037423102,12.86119114631451,25.496122475351
YUNEEC,Breeze 4K,1152,200,91.0,33.770616206334,13.243378904444706,25.619941771766
YUNEEC,Breeze 4K,1152,200,91.0,34.745194989566,13.625566662574903,25.739987250258
YUNEEC,Breeze 4K,1152,200,91.0,35.719773772798,14.007754420705098,25.856472430185
YUNEEC,Breeze 4K,1152,200,91.0,36.69435255603,14.389942178835295,25.969593258288
YUNEEC,Breeze 4K,1152,200,91.0,37.668931339262,14.772129936965491,26.079529984105
YUNEEC,Breeze 4K,1152,200,91.0,38.643510122494,15.154317695095687,26.186448791844
YUNEEC,Breeze 4K,1152,200,91.0,39.618088905726,15.536505453225882,26.290503225677
YUNEEC,Breeze 4K,1152,200,91.0,40.592667688958,15.91869321135608,26.39183543905
YUNEEC,Breeze 4K,1152,200,91.0,41.56724647219,16.300880969486276,26.490577293443
YUNEEC,Breeze 4K,1152,200,91.0,42.541825255422,16.683068727616472,26.586851327831
YUNEEC,Breeze 4K,1152,200,91.0,43.516404038654,17.06525648574667,26.680771616673
YUNEEC,Breeze 4K,1152,200,91.0,44.490982821886,17.447444243876863,26.772444531461
YUNEEC,Breeze 4K,1152,200,91.0,45.465561605118,17.82963200200706,26.861969418544
YUNEEC,Breeze 4K,1152,200,91.0,46.44014038835,18.211819760137253,26.94943920403
YUNEEC,Breeze 4K,1152,200,91.0,47.414719171582,18.59400751826745,27.034940934983
YUNEEC,Breeze 4K,1152,200,91.0,48.389297954814,18.976195276397647,27.118556264792
YUNEEC,Breeze 4K,1152,200,91.0,49.363876738046,19.358383034527844,27.200361889485
YUNEEC,Breeze 4K,1152,200,91.0,50.338455521278,19.740570792658037,27.280429940808
YUNEEC,Breeze 4K,1152,200,91.0,51.31303430451,20.122758550788234,27.358828341123
YUNEEC,Breeze 4K,1152,200,91.0,52.287613087742,20.50494630891843,27.435621124482
YUNEEC,Breeze 4K,1152,200,91.0,53.262191870974,20.887134067048628,27.510868727662
YUNEEC,Breeze 4K,1152,200,91.0,54.236770654206,21.26932182517882,27.584628254492
YUNEEC,Breeze 4K,1152,200,91.0,55.211349437438,21.65150958330902,27.656953716341
YUNEEC,Breeze 4K,1152,200,91.0,56.18592822067,22.033697341439215,27.727896251304
YUNEEC,Breeze 4K,1152,200,91.0,57.160507003902,22.41588509956941,27.797504324321
YUNEEC,Breeze 4K,1152,200,91.0,58.135085787134,22.79807285769961,27.865823910171
YUNEEC,Breeze 4K,1152,200,91.0,59.109664570366,23.180260615829802,27.932898661077
YUNEEC,Breeze 4K,1152,200,91.0,60.084243353599,23.562448373960393,27.998770060446
YUNEEC,Breeze 4K,1152,200,91.0,61.058822136831,23.944636132090586,28.063477564104
YUNEEC,Breeze 4K,1152,200,91.0,62.033400920063,24.326823890220787,28.127058730213
YUNEEC,Breeze 4K,1152,200,91.0,63.007979703295,24.70901164835098,28.189549338958
YUNEEC,Breeze 4K,1152,200,91.0,63.982558486527,25.091199406481174,28.250983502941
YUNEEC,Breeze 4K,1152,200,91.0,64.957137269759,25.47338716461137,28.311393769147
YUNEEC,Breeze 4K,1152,200,91.0,65.931716052991,25.85557492274157,28.370811213226
YUNEEC,Breeze 4K,1152,200,91.0,66.906294836223,26.23776268087176,28.429265526796
YUNEEC,Breeze 4K,1152,200,91.0,67.880873619455,26.61995043900196,28.486785098357
YUNEEC,Breeze 4K,1152,200,91.0,68.855452402687,27.002138197132158,28.543397088389
YUNEEC,Breeze 4K,1152,200,91.0,69.830031185919,27.38432595526235,28.59912749911
YUNEEC,Breeze 4K,1152,200,91.0,70.804609969151,27.76651371339255,28.654001239353
YUNEEC,Breeze 4K,1152,200,91.0,71.779188752383,28.148701471522745,28.708042184969
YUNEEC,Breeze 4K,1152,200,91.0,72.753767535615,28.53088922965294,28.761273235112
YUNEEC,Breeze 4K,1152,200,91.0,73.728346318847,28.913076987783136,28.813716364744
YUNEEC,Breeze 4K,1152,200,91.0,74.702925102079,29.295264745913336,28.865392673662
YUNEEC,Breeze 4K,1152,200,91.0,75.677503885311,29.67745250404353,28.916322432313
YUNEEC,Breeze 4K,1152,200,91.0,76.652082668543,30.059640262173726,28.966525124655
YUNEEC,Breeze 4K,1152,200,91.0,77.626661451775,30.441828020303923,29.01601948828
YUNEEC,Breeze 4K,1152,200,91.0,78.601240235007,30.824015778434116,29.064823552018
YUNEEC,Breeze 4K,1152,200,91.0,79.575819018239,31.206203536564313,29.112954671198
YUNEEC,Breeze 4K,1152,200,91.0,80.550397801471,31.588391294694507,29.160429560741
YUNEEC,Breeze 4K,1152,200,91.0,81.524976584703,31.970579052824704,29.207264326255
YUNEEC,Breeze 4K,1152,200,91.0,82.499555367935,32.352766810954904,29.253474493258
YUNEEC,Breeze 4K,1152,200,91.0,83.474134151167,32.7349545690851,29.29907503467
YUNEEC,Breeze 4K,1152,200,91.0,84.448712934399,33.11714232721529,29.344080396702
YUNEEC,Breeze 4K,1152,200,91.0,85.423291717631,33.49933008534549,29.388504523242
YUNEEC,Breeze 4K,1152,200,91.0,86.397870500863,33.881517843475685,29.432360878847
YUNEEC,Breeze 4K,1152,200,91.0,87.372449284095,34.263705601605885,29.475662470434
YUNEEC,Breeze 4K,1152,200,91.0,88.347028067327,34.64589335973608,29.518421867763
YUNEEC,Breeze 4K,1152,200,91.0,89.321606850559,35.02808111786627,29.560651222778
YUNEEC,Breeze 4K,1152,200,91.0,90.296185633791,35.41026887599647,29.602362287901
YUNEEC,Breeze 4K,1152,200,91.0,91.270764417023,35.792456634126665,29.643566433326
YUNEEC,Breeze 4K,1152,200,91.0,92.245343200255,36.17464439225686,29.684274663396
YUNEEC,Breeze 4K,1152,200,91.0,93.219921983487,36.55683215038706,29.724497632105
YUNEEC,Breeze 4K,1152,200,91.0,94.194500766719,36.93901990851726,29.764245657792
YUNEEC,Breeze 4K,1152,200,91.0,95.169079549951,37.321207666647446,29.803528737075
YUNEEC,Breeze 4K,1152,200,91.0,96.143658333183,37.703395424777646,29.842356558064
YUNEEC,Breeze 4K,1152,200,91.0,97.118237116415,38.08558318290785,29.880738512905
YUNEEC,Breeze 4K,1152,200,91.0,98.092815899647,38.46777094103804,29.918683709694
YUNEEC,Breeze 4K,1152,200,91.0,99.067394682879,38.84995869916823,29.9562009838
YUNEEC,Breeze 4K,1152,200,91.0,100.04197346611,39.232146457298036,29.993298908623
YUNEEC,Breeze 4K,1152,200,91.0,101.01655224934,39.61433421542745,30.029985805833
YUNEEC,Breeze 4K,1152,200,91.0,101.99113103257,39.99652197355686,30.066269755108
YUNEEC,Breeze 4K,1152,200,91.0,102.96570981581,40.3787097316902,30.102158603415
YUNEEC,Breeze 4K,1152,200,91.0,103.94028859904,40.760897489819605,30.13765997384
YUNEEC,Breeze 4K,1152,200,91.0,104.91486738227,41.14308524794902,30.172781274009
YUNEEC,Breeze 4K,1152,200,91.0,105.8894461655,41.525273006078436,30.207529704115
YUNEEC,Breeze 4K,1152,200,91.0,106.86402494873,41.90746076420784,30.241912264578
YUNEEC,Breeze 4K,1152,200,91.0,107.83860373197,42.289648522341174,30.275935763352
YUNEEC,Breeze 4K,1152,200,91.0,108.8131825152,42.671836280470586,30.309606822897
YUNEEC,Breeze 4K,1152,200,91.0,109.78776129843,43.0540240386,30.342931886848
YUNEEC,Breeze 4K,1152,200,91.0,110.76234008166,43.43621179672941,30.375917226381
YUNEEC,Breeze 4K,1152,200,91.0,111.73691886489,43.81839955485882,30.408568946295
YUNEEC,Breeze 4K,1152,200,91.0,112.71149764813,44.200587312992155,30.440892990837
YUNEEC,Breeze 4K,1152,200,91.0,113.68607643136,44.58277507112157,30.472895149267
YUNEEC,Breeze 4K,1152,200,91.0,114.66065521459,44.96496282925098,30.504581061189
YUNEEC,Breeze 4K,1152,200,91.0,115.63523399782,45.34715058738039,30.535956221651
YUNEEC,Breeze 4K,1152,200,91.0,116.60981278105,45.7293383455098,30.567025986031
YUNEEC,Breeze 4K,1152,200,91.0,117.58439156429,46.111526103643136,30.597795574721
YUNEEC,Breeze 4K,1152,200,91.0,118.55897034752,46.49371386177255,30.628270077613
YUNEEC,Breeze 4K,1152,200,91.0,119.53354913075,46.87590161990196,30.658454458401
YUNEEC,Breeze 4K,1152,200,91.0,120.50812791398,47.25808937803138,30.688353558706
YUNEEC,Breeze 4K,1152,200,91.0,121.48270669721,47.64027713616078,30.71797210204
YUNEEC,Breeze 4K,1152,200,91.0,122.45728548045,48.02246489429412,30.747314697603
YUNEEC,Breeze 4K,1152,200,91.0,123.43186426368,48.40465265242353,30.776385843931
YUNEEC,Breeze 4K,1152,200,91.0,124.40644304691,48.78684041055294,30.805189932402
YUNEEC,Breeze 4K,1152,200,91.0,125.38102183014,49.16902816868235,30.833731250604
YUNEEC,Breeze 4K,1152,200,91.0,126.35560061337,49.551215926811764,30.862013985568
YUNEEC,Breeze 4K,1152,200,91.0,127.33017939661,49.9334036849451,30.890042226879
YUNEEC,Breeze 4K,1152,200,91.0,128.30475817984,50.31559144307452,30.917819969668
YUNEEC,Breeze 4K,1152,200,91.0,129.27933696307,50.69777920120392,30.945351117491
YUNEEC,Breeze 4K,1152,200,91.0,130.2539157463,51.07996695933333,30.972639485096
YUNEEC,Breeze 4K,1152,200,91.0,131.22849452953,51.46215471746275,30.999688801087
YUNEEC,Breeze 4K,1152,200,91.0,132.20307331277,51.84434247559607,31.026502710493
YUNEEC,Breeze 4K,1152,200,91.0,133.177652096,52.22653023372549,31.053084777235
YUNEEC,Breeze 4K,1152,200,91.0,134.15223087923,52.6087179918549,31.07943848651
YUNEEC,Breeze 4K,1152,200,91.0,135.12680966246,52.99090574998432,31.105567247084
YUNEEC,Breeze 4K,1152,200,91.0,136.10138844569,53.373093508113726,31.131474393502
YUNEEC,Breeze 4K,1152,200,91.0,137.07596722893,53.75528126624707,31.157163188219
YUNEEC,Breeze 4K,1152,200,91.0,138.05054601216,54.13746902437647,31.182636823659
YUNEEC,Breeze 4K,1152,200,91.0,139.02512479539,54.51965678250589,31.207898424193
YUNEEC,Breeze 4K,1152,200,91.0,139.99970357862,54.901844540635295,31.232951048057
YUNEEC,Breeze 4K,1152,200,91.0,140.97428236185,55.28403229876469,31.257797689197
YUNEEC,Breeze 4K,1152,200,91.0,141.94886114509,55.66622005689804,31.282441279049
YUNEEC,Breeze 4K,1152,200,91.0,142.92343992832,56.048407815027446,31.306884688265
YUNEEC,Breeze 4K,1152,200,91.0,143.89801871155,56.430595573156864,31.331130728373
YUNEEC,Breeze 4K,1152,200,91.0,144.87259749478,56.812783331286276,31.355182153381
YUNEEC,Breeze 4K,1152,200,91.0,145.84717627801,57.19497108941569,31.379041661335
YUNEEC,Breeze 4K,1152,200,91.0,146.82175506125,57.57715884754903,31.402711895812
YUNEEC,Breeze 4K,1152,200,91.0,147.79633384448,57.959346605678434,31.426195447376
YUNEEC,Breeze 4K,1152,200,91.0,148.77091262771,58.341534363807845,31.449494854975
YUNEEC,Breeze 4K,1152,200,91.0,149.74549141094,58.72372212193725,31.472612607303
YUNEEC,Breeze 4K,1152,200,91.0,150.72007019417,59.10590988006666,31.495551144107
YUNEEC,Breeze 4K,1152,200,91.0,151.69464897741,59.4880976382,31.518312857459
YUNEEC,Breeze 4K,1152,200,91.0,152.66922776064,59.870285396329415,31.540900092985
YUNEEC,Breeze 4K,1152,200,91.0,153.64380654387,60.25247315445882,31.563315151053
YUNEEC,Breeze 4K,1152,200,91.0,154.6183853271,60.63466091258823,31.585560287923
YUNEEC,Breeze 4K,1152,200,91.0,155.59296411033,61.01684867071765,31.607637716868
YUNEEC,Breeze 4K,1152,200,91.0,156.56754289357,61.39903642885097,31.629549609248
YUNEEC,Breeze 4K,1152,200,91.0,157.5421216768,61.781224186980396,31.65129809556
YUNEEC,Breeze 4K,1152,200,91.0,158.51670046003,62.1634119451098,31.67288526645
YUNEEC,Breeze 4K,1152,200,91.0,159.49127924326,62.54559970323922,31.694313173699
YUNEEC,Breeze 4K,1152,200,91.0,160.46585802649,62.927787461368624,31.715583831172
YUNEEC,Breeze 4K,1152,200,91.0,161.44043680973,63.30997521950196,31.736699215743
YUNEEC,Breeze 4K,1152,200,91.0,162.41501559296,63.69216297763137,31.757661268195
YUNEEC,Breeze 4K,1152,200,91.0,163.38959437619,64.07435073576077,31.778471894081
YUNEEC,Breeze 4K,1152,200,91.0,164.36417315942,64.4565384938902,31.799132964574
YUNEEC,Breeze 4K,1152,200,91.0,165.33875194266,64.83872625202352,31.819646317281
YUNEEC,Breeze 4K,1152,200,91.0,166.31333072589,65.22091401015294,31.840013757038
YUNEEC,Breeze 4K,1152,200,91.0,167.28790950912,65.60310176828236,31.860237056682
YUNEEC,Breeze 4K,1152,200,91.0,168.26248829235,65.98528952641178,31.880317957795
YUNEEC,Breeze 4K,1152,200,91.0,169.23706707558,66.36747728454118,31.900258171434
YUNEEC,Breeze 4K,1152,200,91.0,170.21164585882,66.74966504267451,31.920059378836
YUNEEC,Breeze 4K,1152,200,91.0,171.18622464205,67.13185280080393,31.9397232321
YUNEEC,Breeze 4K,1152,200,91.0,172.16080342528,67.51404055893333,31.959251354857
YUNEEC,Breeze 4K,1152,200,91.0,173.13538220851,67.89622831706275,31.978645342912
YUNEEC,Breeze 4K,1152,200,91.0,174.10996099174,68.27841607519215,31.997906764876
YUNEEC,Breeze 4K,1152,200,91.0,175.08453977498,68.66060383332548,32.017037162777
YUNEEC,Breeze 4K,1152,200,91.0,176.05911855821,69.0427915914549,32.036038052651
YUNEEC,Breeze 4K,1152,200,91.0,177.03369734144,69.42497934958432,32.05491092512
YUNEEC,Breeze 4K,1152,200,91.0,178.00827612467,69.80716710771372,32.073657245956
YUNEEC,Breeze 4K,1152,200,91.0,178.9828549079,70.18935486584313,32.092278456625
YUNEEC,Breeze 4K,1152,200,91.0,179.95743369114,70.57154262397648,32.110775974816
YUNEEC,Breeze 4K,1152,200,91.0,180.93201247437,70.95373038210589,32.129151194964
YUNEEC,Breeze 4K,1152,200,91.0,181.9065912576,71.3359181402353,32.147405488746
YUNEEC,Breeze 4K,1152,200,91.0,182.88117004083,71.7181058983647,32.165540205573
YUNEEC,Breeze 4K,1152,200,91.0,183.85574882406,72.1002936564941,32.183556673069
YUNEEC,Breeze 4K,1152,200,91.0,184.8303276073,72.48248141462746,32.201456197528
YUNEEC,Breeze 4K,1152,200,91.0,185.80490639053,72.86466917275686,32.219240064373
YUNEEC,Breeze 4K,1152,200,91.0,186.77948517376,73.24685693088627,32.236909538589
YUNEEC,Breeze 4K,1152,200,91.0,187.75406395699,73.62904468901569,32.254465865155
YUNEEC,Breeze 4K,1152,200,91.0,188.72864274022,74.0112324471451,32.271910269459
YUNEEC,Breeze 4K,1152,200,91.0,189.70322152346,74.39342020527843,32.289243957706
YUNEEC,Breeze 4K,1152,200,91.0,190.67780030669,74.77560796340784,32.306468117309
YUNEEC,Breeze 4K,1152,200,91.0,191.65237908992,75.15779572153725,32.323583917282
YUNEEC,Breeze 4K,1152,200,91.0,192.62695787315,75.53998347966666,32.340592508607
YUNEEC,Breeze 4K,1152,200,91.0,193.60153665638,75.92217123779608,32.357495024608
YUNEEC,Breeze 4K,1152,200,91.0,194.57611543962,76.3043589959294,32.374292581302
YUNEEC,Breeze 4K,1152,200,91.0,195.55069422285,76.68654675405882,32.39098627775
YUNEEC,Breeze 4K,1152,200,91.0,196.52527300608,77.06873451218823,32.407577196398
YUNEEC,Breeze 4K,1152,200,91.0,197.49985178931,77.45092227031765,32.424066403402
YUNEEC,Breeze 4K,1152,200,91.0,198.47443057254,77.83311002844707,32.440454948957
YUNEEC,Breeze 4K,1152,200,91.0,199.44900935578,78.21529778658038,32.456743867605
YUNEEC,Breeze 4K,1152,200,91.0,200.42358813901,78.59748554470981,32.472934178551
YUNEEC,Breeze 4K,1152,200,91.0,201.39816692224,78.97967330283922,32.489026885955
YUNEEC,Breeze 4K,1152,200,91.0,202.37274570547,79.36186106096864,32.505022979225
YUNEEC,Breeze 4K,1152,200,91.0,203.3473244887,79.74404881909804,32.520923433306
YUNEEC,Breeze 4K,1152,200,91.0,204.32190327194,80.12623657723137,32.536729208957
YUNEEC,Breeze 4K,1152,200,91.0,205.29648205517,80.50842433536079,32.55244125302
YUNEEC,Breeze 4K,1152,200,91.0,206.2710608384,80.89061209349019,32.56806049869
YUNEEC,Breeze 4K,1152,200,91.0,207.24563962163,81.27279985161961,32.583587865768
YUNEEC,Breeze 4K,1152,200,91.0,208.22021840486,81.65498760974901,32.599024260919
YUNEEC,Breeze 4K,1152,200,91.0,209.1947971881,82.03717536788236,32.614370577919
YUNEEC,Breeze 4K,1152,200,91.0,210.16937597133,82.41936312601177,32.629627697891
YUNEEC,Breeze 4K,1152,200,91.0,211.14395475456,82.80155088414118,32.644796489545
YUNEEC,Breeze 4K,1152,200,91.0,212.11853353779,83.18373864227058,32.659877809409
YUNEEC,Breeze 4K,1152,200,91.0,213.09311232102,83.56592640039999,32.67487250205
YUNEEC,Breeze 4K,1152,200,91.0,214.06769110426,83.94811415853334,32.689781400296
YUNEEC,Breeze 4K,1152,200,91.0,215.04226988749,84.33030191666275,32.704605325451
YUNEEC,Breeze 4K,1152,200,91.0,216.01684867072,84.71248967479215,32.719345087503
YUNEEC,Breeze 4K,1152,200,91.0,216.99142745395,85.09467743292156,32.734001485331
YUNEEC,Breeze 4K,1152,200,91.0,217.96600623718,85.47686519105099,32.748575306905
YUNEEC,Breeze 4K,1152,200,91.0,218.94058502042,85.85905294918432,32.763067329481
YUNEEC,Breeze 4K,1152,200,91.0,219.91516380365,86.24124070731372,32.777478319792
YUNEEC,Breeze 4K,1152,200,91.0,220.88974258688,86.62342846544314,32.79180903424
YUNEEC,Breeze 4K,1152,200,91.0,221.86432137011,87.00561622357255,32.806060219072
YUNEEC,Breeze 4K,1152,200,91.0,222.83890015334,87.38780398170196,32.820232610565
YUNEEC,Breeze 4K,1152,200,91.0,223.81347893658,87.76999173983529,32.834326935198
YUNEEC,Breeze 4K,1152,200,91.0,224.78805771981,88.15217949796471,32.848343909827
YUNEEC,Breeze 4K,1152,200,91.0,225.76263650304,88.53436725609411,32.862284241846
YUNEEC,Breeze 4K,1152,200,91.0,226.73721528627,88.91655501422352,32.876148629359
YUNEEC,Breeze 4K,1152,200,91.0,227.7117940695,89.29874277235295,32.889937761335
YUNEEC,Breeze 4K,1152,200,91.0,228.68637285274,89.68093053048626,32.903652317768
YUNEEC,Breeze 4K,1152,200,91.0,229.66095163597,90.06311828861568,32.917292969829
YUNEEC,Breeze 4K,1152,200,91.0,230.6355304192,90.4453060467451,32.930860380018
YUNEEC,Breeze 4K,1152,200,91.0,231.61010920243,90.82749380487452,32.944355202307
YUNEEC,Breeze 4K,1152,200,91.0,232.58468798566,91.20968156300393,32.957778082293
YUNEEC,Breeze 4K,1152,200,91.0,233.5592667689,91.59186932113725,32.971129657329
YUNEEC,Breeze 4K,1152,200,91.0,234.53384555213,91.97405707926667,32.98441055667
YUNEEC,Breeze 4K,1152,200,91.0,235.50842433536,92.35624483739608,32.997621401603
YUNEEC,Breeze 4K,1152,200,91.0,236.48300311859,92.7384325955255,33.010762805584
YUNEEC,Breeze 4K,1152,200,91.0,237.45758190182,93.1206203536549,33.023835374363
YUNEEC,Breeze 4K,1152,200,91.0,238.43216068506,93.50280811178824,33.036839706116
YUNEEC,Breeze 4K,1152,200,91.0,239.40673946829,93.88499586991765,33.049776391565
YUNEEC,Breeze 4K,1152,200,91.0,240.38131825152,94.26718362804706,33.062646014104
YUNEEC,Breeze 4K,1152,200,91.0,241.35589703475,94.64937138617647,33.075449149916
YUNEEC,Breeze 4K,1152,200,91.0,242.33047581798,95.03155914430587,33.088186368089
YUNEEC,Breeze 4K,1152,200,91.0,243.30505460122,95.41374690243923,33.100858230734
YUNEEC,Breeze 4K,1152,200,91.0,244.27963338445,95.79593466056863,33.113465293096
YUNEEC,Breeze 4K,1152,200,91.0,245.25421216768,96.17812241869804,33.126008103663
YUNEEC,Breeze 4K,1152,200,91.0,246.22879095091,96.56031017682744,33.138487204276
YUNEEC,Breeze 4K,1152,200,91.0,247.20336973414,96.94249793495688,33.150903130231
YUNEEC,Breeze 4K,1152,200,91.0,248.17794851738,97.3246856930902,33.163256410389
YUNEEC,Breeze 4K,1152,200,91.0,249.15252730061,97.7068734512196,33.175547567273
YUNEEC,Breeze 4K,1152,200,91.0,250.12710608384,98.08906120934903,33.187777117166
YUNEEC,Breeze 4K,1152,200,91.0,251.10168486707,98.47124896747843,33.199945570216
YUNEEC,Breeze 4K,1152,200,91.0,252.0762636503,98.85343672560785,33.212053430524
YUNEEC,Breeze 4K,1152,200,91.0,253.05084243354,99.23562448374118,33.224101196243
YUNEEC,Breeze 4K,1152,200,91.0,254.02542121677,99.6178122418706,33.236089359668
YUNEEC,Breeze 4K,1152,200,91.0,255,100.0,33.248018407328
YUNEEC,Breeze 4K,1152,400,182.0,0.53446710900767,0.2095949447088902,0
YUNEEC,Breeze 4K,1152,400,182.0,0.94573242084078,0.3708754591532471,3.9854421842743
YUNEEC,Breeze 4K,1152,400,182.0,1.9184185538049,0.7523210014921176,8.4428200004566
YUNEEC,Breeze 4K,1152,400,182.0,3.7672652112383,1.4773589063679606,12.229685322342
YUNEEC,Breeze 4K,1152,400,182.0,7.3257641138874,2.8728486721127062,15.618305282755
YUNEEC,Breeze 4K,1152,400,182.0,13.304461758462,5.217435983710589,18.461269495263
YUNEEC,Breeze 4K,1152,400,182.0,14.279040541694,5.599623741840784,18.789063275424
YUNEEC,Breeze 4K,1152,400,182.0,15.253619324926,5.98181149997098,19.093759342875
YUNEEC,Breeze 4K,1152,400,182.0,16.228198108158,6.3639992581011775,19.378363428629
YUNEEC,Breeze 4K,1152,400,182.0,17.20277689139,6.746187016231373,19.645332814272
YUNEEC,Breeze 4K,1152,400,182.0,18.177355674622,7.1283747743615695,19.896701694595
YUNEEC,Breeze 4K,1152,400,182.0,19.151934457854,7.510562532491765,20.134172746198
YUNEEC,Breeze 4K,1152,400,182.0,20.126513241086,7.89275029062196,20.359185253092
YUNEEC,Breeze 4K,1152,400,182.0,21.101092024318,8.274938048752157,20.572966627001
YUNEEC,Breeze 4K,1152,400,182.0,22.07567080755,8.657125806882354,20.776571944749
YUNEEC,Breeze 4K,1152,400,182.0,23.050249590782,9.039313565012549,20.970914692738
YUNEEC,Breeze 4K,1152,400,182.0,24.024828374014,9.421501323142746,21.156790961286
YUNEEC,Breeze 4K,1152,400,182.0,24.999407157246,9.80368908127294,21.334898692343
YUNEEC,Breeze 4K,1152,400,182.0,25.973985940478,10.185876839403136,21.505853144666
YUNEEC,Breeze 4K,1152,400,182.0,26.94856472371,10.568064597533333,21.670199433451
YUNEEC,Breeze 4K,1152,400,182.0,27.923143506942,10.95025235566353,21.828422783365
YUNEEC,Breeze 4K,1152,400,182.0,28.897722290174,11.332440113793725,21.980956977078
YUNEEC,Breeze 4K,1152,400,182.0,29.872301073406,11.714627871923922,22.128191366934
YUNEEC,Breeze 4K,1152,400,182.0,30.846879856638,12.096815630054119,22.270476732999
YUNEEC,Breeze 4K,1152,400,182.0,31.82145863987,12.479003388184314,22.40813020773
YUNEEC,Breeze 4K,1152,400,182.0,32.796037423102,12.86119114631451,22.541439440007
YUNEEC,Breeze 4K,1152,400,182.0,33.770616206334,13.243378904444706,22.670666135132
YUNEEC,Breeze 4K,1152,400,182.0,34.745194989566,13.625566662574903,22.796049079629
YUNEEC,Breeze 4K,1152,400,182.0,35.719773772798,14.007754420705098,22.917806738196
YUNEEC,Breeze 4K,1152,400,182.0,36.69435255603,14.389942178835295,23.036139493347
YUNEEC,Breeze 4K,1152,400,182.0,37.668931339262,14.772129936965491,23.151231585113
YUNEEC,Breeze 4K,1152,400,182.0,38.643510122494,15.154317695095687,23.263252797704
YUNEEC,Breeze 4K,1152,400,182.0,39.618088905726,15.536505453225882,23.372359931691
YUNEEC,Breeze 4K,1152,400,182.0,40.592667688958,15.91869321135608,23.47869809361
YUNEEC,Breeze 4K,1152,400,182.0,41.56724647219,16.300880969486276,23.582401829472
YUNEEC,Breeze 4K,1152,400,182.0,42.541825255422,16.683068727616472,23.6835961243
YUNEEC,Breeze 4K,1152,400,182.0,43.516404038654,17.06525648574667,23.782397286246
YUNEEC,Breeze 4K,1152,400,182.0,44.490982821886,17.447444243876863,23.878913730891
YUNEEC,Breeze 4K,1152,400,182.0,45.465561605118,17.82963200200706,23.973246678972
YUNEEC,Breeze 4K,1152,400,182.0,46.44014038835,18.211819760137253,24.065490778722
YUNEEC,Breeze 4K,1152,400,182.0,47.414719171582,18.59400751826745,24.155734662395
YUNEEC,Breeze 4K,1152,400,182.0,48.389297954814,18.976195276397647,24.244061445147
YUNEEC,Breeze 4K,1152,400,182.0,49.363876738046,19.358383034527844,24.330549173299
YUNEEC,Breeze 4K,1152,400,182.0,50.338455521278,19.740570792658037,24.415271227994
YUNEEC,Breeze 4K,1152,400,182.0,51.31303430451,20.122758550788234,24.498296689495
YUNEEC,Breeze 4K,1152,400,182.0,52.287613087742,20.50494630891843,24.579690666623
YUNEEC,Breeze 4K,1152,400,182.0,53.262191870974,20.887134067048628,24.659514595256
YUNEEC,Breeze 4K,1152,400,182.0,54.236770654206,21.26932182517882,24.73782650933
YUNEEC,Breeze 4K,1152,400,182.0,55.211349437438,21.65150958330902,24.8146812873
YUNEEC,Breeze 4K,1152,400,182.0,56.18592822067,22.033697341439215,24.890130876702
YUNEEC,Breeze 4K,1152,400,182.0,57.160507003902,22.41588509956941,24.964224499087
YUNEEC,Breeze 4K,1152,400,182.0,58.135085787134,22.79807285769961,25.037008837374
YUNEEC,Breeze 4K,1152,400,182.0,59.109664570366,23.180260615829802,25.10852820737
YUNEEC,Breeze 4K,1152,400,182.0,60.084243353599,23.562448373960393,25.178824715071
YUNEEC,Breeze 4K,1152,400,182.0,61.058822136831,23.944636132090586,25.2479384011
YUNEEC,Breeze 4K,1152,400,182.0,62.033400920063,24.326823890220787,25.315907373549
YUNEEC,Breeze 4K,1152,400,182.0,63.007979703295,24.70901164835098,25.382767930313
YUNEEC,Breeze 4K,1152,400,182.0,63.982558486527,25.091199406481174,25.448554671894
YUNEEC,Breeze 4K,1152,400,182.0,64.957137269759,25.47338716461137,25.513300605563
YUNEEC,Breeze 4K,1152,400,182.0,65.931716052991,25.85557492274157,25.577037241652
YUNEEC,Breeze 4K,1152,400,182.0,66.906294836223,26.23776268087176,25.639794682685
YUNEEC,Breeze 4K,1152,400,182.0,67.880873619455,26.61995043900196,25.701601705972
YUNEEC,Breeze 4K,1152,400,182.0,68.855452402687,27.002138197132158,25.762485840242
YUNEEC,Breeze 4K,1152,400,182.0,69.830031185919,27.38432595526235,25.822473436807
YUNEEC,Breeze 4K,1152,400,182.0,70.804609969151,27.76651371339255,25.881589735742
YUNEEC,Breeze 4K,1152,400,182.0,71.779188752383,28.148701471522745,25.939858927472
YUNEEC,Breeze 4K,1152,400,182.0,72.753767535615,28.53088922965294,25.997304210152
YUNEEC,Breeze 4K,1152,400,182.0,73.728346318847,28.913076987783136,26.05394784319
YUNEEC,Breeze 4K,1152,400,182.0,74.702925102079,29.295264745913336,26.109811197198
YUNEEC,Breeze 4K,1152,400,182.0,75.677503885311,29.67745250404353,26.164914800674
YUNEEC,Breeze 4K,1152,400,182.0,76.652082668543,30.059640262173726,26.219278383657
YUNEEC,Breeze 4K,1152,400,182.0,77.626661451775,30.441828020303923,26.272920918587
YUNEEC,Breeze 4K,1152,400,182.0,78.601240235007,30.824015778434116,26.325860658594
YUNEEC,Breeze 4K,1152,400,182.0,79.575819018239,31.206203536564313,26.378115173388
YUNEEC,Breeze 4K,1152,400,182.0,80.550397801471,31.588391294694507,26.429701382946
YUNEEC,Breeze 4K,1152,400,182.0,81.524976584703,31.970579052824704,26.480635589149
YUNEEC,Breeze 4K,1152,400,182.0,82.499555367935,32.352766810954904,26.530933505513
YUNEEC,Breeze 4K,1152,400,182.0,83.474134151167,32.7349545690851,26.580610285158
YUNEEC,Breeze 4K,1152,400,182.0,84.448712934399,33.11714232721529,26.629680547134
YUNEEC,Breeze 4K,1152,400,182.0,85.423291717631,33.49933008534549,26.678158401218
YUNEEC,Breeze 4K,1152,400,182.0,86.397870500863,33.881517843475685,26.726057471291
YUNEEC,Breeze 4K,1152,400,182.0,87.372449284095,34.263705601605885,26.773390917384
YUNEEC,Breeze 4K,1152,400,182.0,88.347028067327,34.64589335973608,26.8201714565
YUNEEC,Breeze 4K,1152,400,182.0,89.321606850559,35.02808111786627,26.866411382266
YUNEEC,Breeze 4K,1152,400,182.0,90.296185633791,35.41026887599647,26.912122583516
YUNEEC,Breeze 4K,1152,400,182.0,91.270764417023,35.792456634126665,26.957316561866
YUNEEC,Breeze 4K,1152,400,182.0,92.245343200255,36.17464439225686,27.002004448343
YUNEEC,Breeze 4K,1152,400,182.0,93.219921983487,36.55683215038706,27.04619701913
YUNEEC,Breeze 4K,1152,400,182.0,94.194500766719,36.93901990851726,27.089904710489
YUNEEC,Breeze 4K,1152,400,182.0,95.169079549951,37.321207666647446,27.133137632903
YUNEEC,Breeze 4K,1152,400,182.0,96.143658333183,37.703395424777646,27.17590558449
YUNEEC,Breeze 4K,1152,400,182.0,97.118237116415,38.08558318290785,27.218218063738
YUNEEC,Breeze 4K,1152,400,182.0,98.092815899647,38.46777094103804,27.260084281594
YUNEEC,Breeze 4K,1152,400,182.0,99.067394682879,38.84995869916823,27.301513172953
YUNEEC,Breeze 4K,1152,400,182.0,100.04197346611,39.232146457298036,27.342513407572
YUNEEC,Breeze 4K,1152,400,182.0,101.01655224934,39.61433421542745,27.38309340046
YUNEEC,Breeze 4K,1152,400,182.0,101.99113103257,39.99652197355686,27.423261321756
YUNEEC,Breeze 4K,1152,400,182.0,102.96570981581,40.3787097316902,27.463025106137
YUNEEC,Breeze 4K,1152,400,182.0,103.94028859904,40.760897489819605,27.502392461774
YUNEEC,Breeze 4K,1152,400,182.0,104.91486738227,41.14308524794902,27.541370878875
YUNEEC,Breeze 4K,1152,400,182.0,105.8894461655,41.525273006078436,27.579967637819
YUNEEC,Breeze 4K,1152,400,182.0,106.86402494873,41.90746076420784,27.618189816924
YUNEEC,Breeze 4K,1152,400,182.0,107.83860373197,42.289648522341174,27.656044299846
YUNEEC,Breeze 4K,1152,400,182.0,108.8131825152,42.671836280470586,27.693537782657
YUNEEC,Breeze 4K,1152,400,182.0,109.78776129843,43.0540240386,27.730676780596
YUNEEC,Breeze 4K,1152,400,182.0,110.76234008166,43.43621179672941,27.767467634518
YUNEEC,Breeze 4K,1152,400,182.0,111.73691886489,43.81839955485882,27.803916517062
YUNEEC,Breeze 4K,1152,400,182.0,112.71149764813,44.200587312992155,27.840029438548
YUNEEC,Breeze 4K,1152,400,182.0,113.68607643136,44.58277507112157,27.875812252616
YUNEEC,Breeze 4K,1152,400,182.0,114.66065521459,44.96496282925098,27.911270661626
YUNEEC,Breeze 4K,1152,400,182.0,115.63523399782,45.34715058738039,27.94641022182
YUNEEC,Breeze 4K,1152,400,182.0,116.60981278105,45.7293383455098,27.981236348276
YUNEEC,Breeze 4K,1152,400,182.0,117.58439156429,46.111526103643136,28.015754319645
YUNEEC,Breeze 4K,1152,400,182.0,118.55897034752,46.49371386177255,28.049969282694
YUNEEC,Breeze 4K,1152,400,182.0,119.53354913075,46.87590161990196,28.083886256665
YUNEEC,Breeze 4K,1152,400,182.0,120.50812791398,47.25808937803138,28.117510137451
YUNEEC,Breeze 4K,1152,400,182.0,121.48270669721,47.64027713616078,28.150845701601
YUNEEC,Breeze 4K,1152,400,182.0,122.45728548045,48.02246489429412,28.18389761017
YUNEEC,Breeze 4K,1152,400,182.0,123.43186426368,48.40465265242353,28.216670412412
YUNEEC,Breeze 4K,1152,400,182.0,124.40644304691,48.78684041055294,28.249168549321
YUNEEC,Breeze 4K,1152,400,182.0,125.38102183014,49.16902816868235,28.281396357046
YUNEEC,Breeze 4K,1152,400,182.0,126.35560061337,49.551215926811764,28.313358070157
YUNEEC,Breeze 4K,1152,400,182.0,127.33017939661,49.9334036849451,28.345057824797
YUNEEC,Breeze 4K,1152,400,182.0,128.30475817984,50.31559144307452,28.376499661707
YUNEEC,Breeze 4K,1152,400,182.0,129.27933696307,50.69777920120392,28.407687529133
YUNEEC,Breeze 4K,1152,400,182.0,130.2539157463,51.07996695933333,28.438625285636
YUNEEC,Breeze 4K,1152,400,182.0,131.22849452953,51.46215471746275,28.469316702775
YUNEEC,Breeze 4K,1152,400,182.0,132.20307331277,51.84434247559607,28.499765467714
YUNEEC,Breeze 4K,1152,400,182.0,133.177652096,52.22653023372549,28.529975185711
YUNEEC,Breeze 4K,1152,400,182.0,134.15223087923,52.6087179918549,28.559949382531
YUNEEC,Breeze 4K,1152,400,182.0,135.12680966246,52.99090574998432,28.589691506764
YUNEEC,Breeze 4K,1152,400,182.0,136.10138844569,53.373093508113726,28.619204932059
YUNEEC,Breeze 4K,1152,400,182.0,137.07596722893,53.75528126624707,28.648492959282
YUNEEC,Breeze 4K,1152,400,182.0,138.05054601216,54.13746902437647,28.67755881859
YUNEEC,Breeze 4K,1152,400,182.0,139.02512479539,54.51965678250589,28.706405671439
YUNEEC,Breeze 4K,1152,400,182.0,139.99970357862,54.901844540635295,28.735036612516
YUNEEC,Breeze 4K,1152,400,182.0,140.97428236185,55.28403229876469,28.763454671607
YUNEEC,Breeze 4K,1152,400,182.0,141.94886114509,55.66622005689804,28.791662815397
YUNEEC,Breeze 4K,1152,400,182.0,142.92343992832,56.048407815027446,28.819663949209
YUNEEC,Breeze 4K,1152,400,182.0,143.89801871155,56.430595573156864,28.847460918689
YUNEEC,Breeze 4K,1152,400,182.0,144.87259749478,56.812783331286276,28.875056511421
YUNEEC,Breeze 4K,1152,400,182.0,145.84717627801,57.19497108941569,28.902453458503
YUNEEC,Breeze 4K,1152,400,182.0,146.82175506125,57.57715884754903,28.929654436056
YUNEEC,Breeze 4K,1152,400,182.0,147.79633384448,57.959346605678434,28.956662066695
YUNEEC,Breeze 4K,1152,400,182.0,148.77091262771,58.341534363807845,28.98347892094
YUNEEC,Breeze 4K,1152,400,182.0,149.74549141094,58.72372212193725,29.01010751859
YUNEEC,Breeze 4K,1152,400,182.0,150.72007019417,59.10590988006666,29.036550330047
YUNEEC,Breeze 4K,1152,400,182.0,151.69464897741,59.4880976382,29.062809777599
YUNEEC,Breeze 4K,1152,400,182.0,152.66922776064,59.870285396329415,29.088888236659
YUNEEC,Breeze 4K,1152,400,182.0,153.64380654387,60.25247315445882,29.114788036968
YUNEEC,Breeze 4K,1152,400,182.0,154.6183853271,60.63466091258823,29.140511463757
YUNEEC,Breeze 4K,1152,400,182.0,155.59296411033,61.01684867071765,29.166060758875
YUNEEC,Breeze 4K,1152,400,182.0,156.56754289357,61.39903642885097,29.191438121877
YUNEEC,Breeze 4K,1152,400,182.0,157.5421216768,61.781224186980396,29.216645711083
YUNEEC,Breeze 4K,1152,400,182.0,158.51670046003,62.1634119451098,29.241685644601
YUNEEC,Breeze 4K,1152,400,182.0,159.49127924326,62.54559970323922,29.26656000132
YUNEEC,Breeze 4K,1152,400,182.0,160.46585802649,62.927787461368624,29.291270821872
YUNEEC,Breeze 4K,1152,400,182.0,161.44043680973,63.30997521950196,29.315820109562
YUNEEC,Breeze 4K,1152,400,182.0,162.41501559296,63.69216297763137,29.340209831276
YUNEEC,Breeze 4K,1152,400,182.0,163.38959437619,64.07435073576077,29.364441918357
YUNEEC,Breeze 4K,1152,400,182.0,164.36417315942,64.4565384938902,29.388518267455
YUNEEC,Breeze 4K,1152,400,182.0,165.33875194266,64.83872625202352,29.412440741354
YUNEEC,Breeze 4K,1152,400,182.0,166.31333072589,65.22091401015294,29.436211169771
YUNEEC,Breeze 4K,1152,400,182.0,167.28790950912,65.60310176828236,29.459831350137
YUNEEC,Breeze 4K,1152,400,182.0,168.26248829235,65.98528952641178,29.483303048348
YUNEEC,Breeze 4K,1152,400,182.0,169.23706707558,66.36747728454118,29.506627999501
YUNEEC,Breeze 4K,1152,400,182.0,170.21164585882,66.74966504267451,29.529807908606
YUNEEC,Breeze 4K,1152,400,182.0,171.18622464205,67.13185280080393,29.552844451273
YUNEEC,Breeze 4K,1152,400,182.0,172.16080342528,67.51404055893333,29.57573927439
YUNEEC,Breeze 4K,1152,400,182.0,173.13538220851,67.89622831706275,29.598493996772
YUNEEC,Breeze 4K,1152,400,182.0,174.10996099174,68.27841607519215,29.621110209792
YUNEEC,Breeze 4K,1152,400,182.0,175.08453977498,68.66060383332548,29.643589478006
YUNEEC,Breeze 4K,1152,400,182.0,176.05911855821,69.0427915914549,29.665933339743
YUNEEC,Breeze 4K,1152,400,182.0,177.03369734144,69.42497934958432,29.688143307693
YUNEEC,Breeze 4K,1152,400,182.0,178.00827612467,69.80716710771372,29.710220869472
YUNEEC,Breeze 4K,1152,400,182.0,178.9828549079,70.18935486584313,29.732167488173
YUNEEC,Breeze 4K,1152,400,182.0,179.95743369114,70.57154262397648,29.7539846029
YUNEEC,Breeze 4K,1152,400,182.0,180.93201247437,70.95373038210589,29.775673629293
YUNEEC,Breeze 4K,1152,400,182.0,181.9065912576,71.3359181402353,29.79723596003
YUNEEC,Breeze 4K,1152,400,182.0,182.88117004083,71.7181058983647,29.818672965327
YUNEEC,Breeze 4K,1152,400,182.0,183.85574882406,72.1002936564941,29.839985993412
YUNEEC,Breeze 4K,1152,400,182.0,184.8303276073,72.48248141462746,29.861176370997
YUNEEC,Breeze 4K,1152,400,182.0,185.80490639053,72.86466917275686,29.882245403731
YUNEEC,Breeze 4K,1152,400,182.0,186.77948517376,73.24685693088627,29.903194376645
YUNEEC,Breeze 4K,1152,400,182.0,187.75406395699,73.62904468901569,29.924024554582
YUNEEC,Breeze 4K,1152,400,182.0,188.72864274022,74.0112324471451,29.944737182617
YUNEEC,Breeze 4K,1152,400,182.0,189.70322152346,74.39342020527843,29.965333486469
YUNEEC,Breeze 4K,1152,400,182.0,190.67780030669,74.77560796340784,29.985814672899
YUNEEC,Breeze 4K,1152,400,182.0,191.65237908992,75.15779572153725,30.006181930096
YUNEEC,Breeze 4K,1152,400,182.0,192.62695787315,75.53998347966666,30.026436428059
YUNEEC,Breeze 4K,1152,400,182.0,193.60153665638,75.92217123779608,30.046579318968
YUNEEC,Breeze 4K,1152,400,182.0,194.57611543962,76.3043589959294,30.066611737538
YUNEEC,Breeze 4K,1152,400,182.0,195.55069422285,76.68654675405882,30.086534801375
YUNEEC,Breeze 4K,1152,400,182.0,196.52527300608,77.06873451218823,30.106349611314
YUNEEC,Breeze 4K,1152,400,182.0,197.49985178931,77.45092227031765,30.126057251759
YUNEEC,Breeze 4K,1152,400,182.0,198.47443057254,77.83311002844707,30.145658790999
YUNEEC,Breeze 4K,1152,400,182.0,199.44900935578,78.21529778658038,30.165155281536
YUNEEC,Breeze 4K,1152,400,182.0,200.42358813901,78.59748554470981,30.184547760385
YUNEEC,Breeze 4K,1152,400,182.0,201.39816692224,78.97967330283922,30.203837249381
YUNEEC,Breeze 4K,1152,400,182.0,202.37274570547,79.36186106096864,30.223024755475
YUNEEC,Breeze 4K,1152,400,182.0,203.3473244887,79.74404881909804,30.242111271017
YUNEEC,Breeze 4K,1152,400,182.0,204.32190327194,80.12623657723137,30.261097774039
YUNEEC,Breeze 4K,1152,400,182.0,205.29648205517,80.50842433536079,30.279985228531
YUNEEC,Breeze 4K,1152,400,182.0,206.2710608384,80.89061209349019,30.298774584705
YUNEEC,Breeze 4K,1152,400,182.0,207.24563962163,81.27279985161961,30.317466779258
YUNEEC,Breeze 4K,1152,400,182.0,208.22021840486,81.65498760974901,30.336062735625
YUNEEC,Breeze 4K,1152,400,182.0,209.1947971881,82.03717536788236,30.354563364232
YUNEEC,Breeze 4K,1152,400,182.0,210.16937597133,82.41936312601177,30.372969562735
YUNEEC,Breeze 4K,1152,400,182.0,211.14395475456,82.80155088414118,30.391282216259
YUNEEC,Breeze 4K,1152,400,182.0,212.11853353779,83.18373864227058,30.40950219763
YUNEEC,Breeze 4K,1152,400,182.0,213.09311232102,83.56592640039999,30.427630367603
YUNEEC,Breeze 4K,1152,400,182.0,214.06769110426,83.94811415853334,30.44566757508
YUNEEC,Breeze 4K,1152,400,182.0,215.04226988749,84.33030191666275,30.463614657331
YUNEEC,Breeze 4K,1152,400,182.0,216.01684867072,84.71248967479215,30.481472440201
YUNEEC,Breeze 4K,1152,400,182.0,216.99142745395,85.09467743292156,30.499241738319
YUNEEC,Breeze 4K,1152,400,182.0,217.96600623718,85.47686519105099,30.516923355301
YUNEEC,Breeze 4K,1152,400,182.0,218.94058502042,85.85905294918432,30.534518083945
YUNEEC,Breeze 4K,1152,400,182.0,219.91516380365,86.24124070731372,30.552026706427
YUNEEC,Breeze 4K,1152,400,182.0,220.88974258688,86.62342846544314,30.569449994486
YUNEEC,Breeze 4K,1152,400,182.0,221.86432137011,87.00561622357255,30.586788709614
YUNEEC,Breeze 4K,1152,400,182.0,222.83890015334,87.38780398170196,30.604043603229
YUNEEC,Breeze 4K,1152,400,182.0,223.81347893658,87.76999173983529,30.62121541686
YUNEEC,Breeze 4K,1152,400,182.0,224.78805771981,88.15217949796471,30.638304882315
YUNEEC,Breeze 4K,1152,400,182.0,225.76263650304,88.53436725609411,30.655312721849
YUNEEC,Breeze 4K,1152,400,182.0,226.73721528627,88.91655501422352,30.672239648333
YUNEEC,Breeze 4K,1152,400,182.0,227.7117940695,89.29874277235295,30.689086365414
YUNEEC,Breeze 4K,1152,400,182.0,228.68637285274,89.68093053048626,30.705853567673
YUNEEC,Breeze 4K,1152,400,182.0,229.66095163597,90.06311828861568,30.722541940779
YUNEEC,Breeze 4K,1152,400,182.0,230.6355304192,90.4453060467451,30.739152161645
YUNEEC,Breeze 4K,1152,400,182.0,231.61010920243,90.82749380487452,30.755684898569
YUNEEC,Breeze 4K,1152,400,182.0,232.58468798566,91.20968156300393,30.772140811387
YUNEEC,Breeze 4K,1152,400,182.0,233.5592667689,91.59186932113725,30.788520551611
YUNEEC,Breeze 4K,1152,400,182.0,234.53384555213,91.97405707926667,30.804824762569
YUNEEC,Breeze 4K,1152,400,182.0,235.50842433536,92.35624483739608,30.821054079541
YUNEEC,Breeze 4K,1152,400,182.0,236.48300311859,92.7384325955255,30.837209129894
YUNEEC,Breeze 4K,1152,400,182.0,237.45758190182,93.1206203536549,30.853290533212
YUNEEC,Breeze 4K,1152,400,182.0,238.43216068506,93.50280811178824,30.869298901423
YUNEEC,Breeze 4K,1152,400,182.0,239.40673946829,93.88499586991765,30.885234838926
YUNEEC,Breeze 4K,1152,400,182.0,240.38131825152,94.26718362804706,30.901098942713
YUNEEC,Breeze 4K,1152,400,182.0,241.35589703475,94.64937138617647,30.91689180249
YUNEEC,Breeze 4K,1152,400,182.0,242.33047581798,95.03155914430587,30.932614000795
YUNEEC,Breeze 4K,1152,400,182.0,243.30505460122,95.41374690243923,30.948266113112
YUNEEC,Breeze 4K,1152,400,182.0,244.27963338445,95.79593466056863,30.963848707988
YUNEEC,Breeze 4K,1152,400,182.0,245.25421216768,96.17812241869804,30.97936234714
YUNEEC,Breeze 4K,1152,400,182.0,246.22879095091,96.56031017682744,30.994807585566
YUNEEC,Breeze 4K,1152,400,182.0,247.20336973414,96.94249793495688,31.010184971649
YUNEEC,Breeze 4K,1152,400,182.0,248.17794851738,97.3246856930902,31.025495047268
YUNEEC,Breeze 4K,1152,400,182.0,249.15252730061,97.7068734512196,31.040738347892
YUNEEC,Breeze 4K,1152,400,182.0,250.12710608384,98.08906120934903,31.055915402686
YUNEEC,Breeze 4K,1152,400,182.0,251.10168486707,98.47124896747843,31.071026734609
YUNEEC,Breeze 4K,1152,400,182.0,252.0762636503,98.85343672560785,31.086072860508
YUNEEC,Breeze 4K,1152,400,182.0,253.05084243354,99.23562448374118,31.101054291216
YUNEEC,Breeze 4K,1152,400,182.0,254.02542121677,99.6178122418706,31.115971531643
YUNEEC,Breeze 4K,1152,400,182.0,255,100.0,31.130825080865
YUNEEC,Breeze 4K,1152,800,366.0,0.94573242084078,0.3708754591532471,0
YUNEEC,Breeze 4K,1152,800,366.0,1.9184185538049,0.7523210014921176,4.7783925547026
YUNEEC,Breeze 4K,1152,800,366.0,3.7672652112383,1.4773589063679606,8.8400910662209
YUNEEC,Breeze 4K,1152,800,366.0,7.3257641138874,2.8728486721127062,12.428174927327
YUNEEC,Breeze 4K,1152,800,366.0,13.304461758462,5.217435983710589,15.386879845981
YUNEEC,Breeze 4K,1152,800,366.0,14.279040541694,5.599623741840784,15.72496230956
YUNEEC,Breeze 4K,1152,800,366.0,15.253619324926,5.98181149997098,16.038687941799
YUNEEC,Breeze 4K,1152,800,366.0,16.228198108158,6.3639992581011775,16.331271463993
YUNEEC,Breeze 4K,1152,800,366.0,17.20277689139,6.746187016231373,16.60533533395
YUNEEC,Breeze 4K,1152,800,366.0,18.177355674622,7.1283747743615695,16.863046019411
YUNEEC,Breeze 4K,1152,800,366.0,19.151934457854,7.510562532491765,17.106213371448
YUNEEC,Breeze 4K,1152,800,366.0,20.126513241086,7.89275029062196,17.336364433755
YUNEEC,Breeze 4K,1152,800,366.0,21.101092024318,8.274938048752157,17.554799168953
YUNEEC,Breeze 4K,1152,800,366.0,22.07567080755,8.657125806882354,17.76263315391
YUNEEC,Breeze 4K,1152,800,366.0,23.050249590782,9.039313565012549,17.960830726646
YUNEEC,Breeze 4K,1152,800,366.0,24.024828374014,9.421501323142746,18.150231030373
YUNEEC,Breeze 4K,1152,800,366.0,24.999407157246,9.80368908127294,18.331568701083
YUNEEC,Breeze 4K,1152,800,366.0,25.973985940478,10.185876839403136,18.505490464936
YUNEEC,Breeze 4K,1152,800,366.0,26.94856472371,10.568064597533333,18.672568576493
YUNEEC,Breeze 4K,1152,800,366.0,27.923143506942,10.95025235566353,18.833311791132
YUNEEC,Breeze 4K,1152,800,366.0,28.897722290174,11.332440113793725,18.988174394065
YUNEEC,Breeze 4K,1152,800,366.0,29.872301073406,11.714627871923922,19.137563683953
YUNEEC,Breeze 4K,1152,800,366.0,30.846879856638,12.096815630054119,19.281846217285
YUNEEC,Breeze 4K,1152,800,366.0,31.82145863987,12.479003388184314,19.421353051381
YUNEEC,Breeze 4K,1152,800,366.0,32.796037423102,12.86119114631451,19.556384172298
YUNEEC,Breeze 4K,1152,800,366.0,33.770616206334,13.243378904444706,19.687212254835
YUNEEC,Breeze 4K,1152,800,366.0,34.745194989566,13.625566662574903,19.814085871743
YUNEEC,Breeze 4K,1152,800,366.0,35.719773772798,14.007754420705098,19.937232246021
YUNEEC,Breeze 4K,1152,800,366.0,36.69435255603,14.389942178835295,20.056859622069
YUNEEC,Breeze 4K,1152,800,366.0,37.668931339262,14.772129936965491,20.1731593172
YUNEEC,Breeze 4K,1152,800,366.0,38.643510122494,15.154317695095687,20.286307503795
YUNEEC,Breeze 4K,1152,800,366.0,39.618088905726,15.536505453225882,20.396466763356
YUNEEC,Breeze 4K,1152,800,366.0,40.592667688958,15.91869321135608,20.503787446581
YUNEEC,Breeze 4K,1152,800,366.0,41.56724647219,16.300880969486276,20.608408867754
YUNEEC,Breeze 4K,1152,800,366.0,42.541825255422,16.683068727616472,20.710460357065
YUNEEC,Breeze 4K,1152,800,366.0,43.516404038654,17.06525648574667,20.81006219062
YUNEEC,Breeze 4K,1152,800,366.0,44.490982821886,17.447444243876863,20.907326414814
YUNEEC,Breeze 4K,1152,800,366.0,45.465561605118,17.82963200200706,21.002357579103
YUNEEC,Breeze 4K,1152,800,366.0,46.44014038835,18.211819760137253,21.095253389119
YUNEEC,Breeze 4K,1152,800,366.0,47.414719171582,18.59400751826745,21.186105290288
YUNEEC,Breeze 4K,1152,800,366.0,48.389297954814,18.976195276397647,21.274998990608
YUNEEC,Breeze 4K,1152,800,366.0,49.363876738046,19.358383034527844,21.362014930065
YUNEEC,Breeze 4K,1152,800,366.0,50.338455521278,19.740570792658037,21.447228703051
YUNEEC,Breeze 4K,1152,800,366.0,51.31303430451,20.122758550788234,21.530711439343
YUNEEC,Breeze 4K,1152,800,366.0,52.287613087742,20.50494630891843,21.612530148395
YUNEEC,Breeze 4K,1152,800,366.0,53.262191870974,20.887134067048628,21.692748031123
YUNEEC,Breeze 4K,1152,800,366.0,54.236770654206,21.26932182517882,21.77142476277
YUNEEC,Breeze 4K,1152,800,366.0,55.211349437438,21.65150958330902,21.848616750026
YUNEEC,Breeze 4K,1152,800,366.0,56.18592822067,22.033697341439215,21.924377365154
YUNEEC,Breeze 4K,1152,800,366.0,57.160507003902,22.41588509956941,21.998757159543
YUNEEC,Breeze 4K,1152,800,366.0,58.135085787134,22.79807285769961,22.071804058818
YUNEEC,Breeze 4K,1152,800,366.0,59.109664570366,23.180260615829802,22.143563541391
YUNEEC,Breeze 4K,1152,800,366.0,60.084243353599,23.562448373960393,22.214078802098
YUNEEC,Breeze 4K,1152,800,366.0,61.058822136831,23.944636132090586,22.283390902399
YUNEEC,Breeze 4K,1152,800,366.0,62.033400920063,24.326823890220787,22.351538908444
YUNEEC,Breeze 4K,1152,800,366.0,63.007979703295,24.70901164835098,22.418560018155
YUNEEC,Breeze 4K,1152,800,366.0,63.982558486527,25.091199406481174,22.484489678355
YUNEEC,Breeze 4K,1152,800,366.0,64.957137269759,25.47338716461137,22.549361692877
YUNEEC,Breeze 4K,1152,800,366.0,65.931716052991,25.85557492274157,22.613208322453
YUNEEC,Breeze 4K,1152,800,366.0,66.906294836223,26.23776268087176,22.676060377143
YUNEEC,Breeze 4K,1152,800,366.0,67.880873619455,26.61995043900196,22.737947301941
YUNEEC,Breeze 4K,1152,800,366.0,68.855452402687,27.002138197132158,22.798897256172
YUNEEC,Breeze 4K,1152,800,366.0,69.830031185919,27.38432595526235,22.858937187197
YUNEEC,Breeze 4K,1152,800,366.0,70.804609969151,27.76651371339255,22.918092898918
YUNEEC,Breeze 4K,1152,800,366.0,71.779188752383,28.148701471522745,22.976389115518
YUNEEC,Breeze 4K,1152,800,366.0,72.753767535615,28.53088922965294,23.033849540815
YUNEEC,Breeze 4K,1152,800,366.0,73.728346318847,28.913076987783136,23.090496913603
YUNEEC,Breeze 4K,1152,800,366.0,74.702925102079,29.295264745913336,23.14635305929
YUNEEC,Breeze 4K,1152,800,366.0,75.677503885311,29.67745250404353,23.201438938136
YUNEEC,Breeze 4K,1152,800,366.0,76.652082668543,30.059640262173726,23.255774690339
YUNEEC,Breeze 4K,1152,800,366.0,77.626661451775,30.441828020303923,23.309379678238
YUNEEC,Breeze 4K,1152,800,366.0,78.601240235007,30.824015778434116,23.362272525826
YUNEEC,Breeze 4K,1152,800,366.0,79.575819018239,31.206203536564313,23.414471155791
YUNEEC,Breeze 4K,1152,800,366.0,80.550397801471,31.588391294694507,23.465992824265
YUNEEC,Breeze 4K,1152,800,366.0,81.524976584703,31.970579052824704,23.516854153451
YUNEEC,Breeze 4K,1152,800,366.0,82.499555367935,32.352766810954904,23.567071162272
YUNEEC,Breeze 4K,1152,800,366.0,83.474134151167,32.7349545690851,23.616659295198
YUNEEC,Breeze 4K,1152,800,366.0,84.448712934399,33.11714232721529,23.665633449367
YUNEEC,Breeze 4K,1152,800,366.0,85.423291717631,33.49933008534549,23.71400800013
YUNEEC,Breeze 4K,1152,800,366.0,86.397870500863,33.881517843475685,23.761796825122
YUNEEC,Breeze 4K,1152,800,366.0,87.372449284095,34.263705601605885,23.809013326956
YUNEEC,Breeze 4K,1152,800,366.0,88.347028067327,34.64589335973608,23.855670454649
YUNEEC,Breeze 4K,1152,800,366.0,89.321606850559,35.02808111786627,23.901780723846
YUNEEC,Breeze 4K,1152,800,366.0,90.296185633791,35.41026887599647,23.947356235935
YUNEEC,Breeze 4K,1152,800,366.0,91.270764417023,35.792456634126665,23.992408696115
YUNEEC,Breeze 4K,1152,800,366.0,92.245343200255,36.17464439225686,24.036949430493
YUNEEC,Breeze 4K,1152,800,366.0,93.219921983487,36.55683215038706,24.080989402273
YUNEEC,Breeze 4K,1152,800,366.0,94.194500766719,36.93901990851726,24.124539227081
YUNEEC,Breeze 4K,1152,800,366.0,95.169079549951,37.321207666647446,24.167609187498
YUNEEC,Breeze 4K,1152,800,366.0,96.143658333183,37.703395424777646,24.210209246838
YUNEEC,Breeze 4K,1152,800,366.0,97.118237116415,38.08558318290785,24.252349062224
YUNEEC,Breeze 4K,1152,800,366.0,98.092815899647,38.46777094103804,24.294037996996
YUNEEC,Breeze 4K,1152,800,366.0,99.067394682879,38.84995869916823,24.335285132503
YUNEEC,Breeze 4K,1152,800,366.0,100.04197346611,39.232146457298036,24.376099279308
YUNEEC,Breeze 4K,1152,800,366.0,101.01655224934,39.61433421542745,24.416488987838
YUNEEC,Breeze 4K,1152,800,366.0,101.99113103257,39.99652197355686,24.456462558523
YUNEEC,Breeze 4K,1152,800,366.0,102.96570981581,40.3787097316902,24.496028051439
YUNEEC,Breeze 4K,1152,800,366.0,103.94028859904,40.760897489819605,24.535193295496
YUNEEC,Breeze 4K,1152,800,366.0,104.91486738227,41.14308524794902,24.573965897188
YUNEEC,Breeze 4K,1152,800,366.0,105.8894461655,41.525273006078436,24.612353248932
YUNEEC,Breeze 4K,1152,800,366.0,106.86402494873,41.90746076420784,24.650362537028
YUNEEC,Breeze 4K,1152,800,366.0,107.83860373197,42.289648522341174,24.688000749241
YUNEEC,Breeze 4K,1152,800,366.0,108.8131825152,42.671836280470586,24.725274682044
YUNEEC,Breeze 4K,1152,800,366.0,109.78776129843,43.0540240386,24.762190947537
YUNEEC,Breeze 4K,1152,800,366.0,110.76234008166,43.43621179672941,24.798755980048
YUNEEC,Breeze 4K,1152,800,366.0,111.73691886489,43.81839955485882,24.834976042449
YUNEEC,Breeze 4K,1152,800,366.0,112.71149764813,44.200587312992155,24.870857232187
YUNEEC,Breeze 4K,1152,800,366.0,113.68607643136,44.58277507112157,24.906405487059
YUNEEC,Breeze 4K,1152,800,366.0,114.66065521459,44.96496282925098,24.941626590733
YUNEEC,Breeze 4K,1152,800,366.0,115.63523399782,45.34715058738039,24.976526178032
YUNEEC,Breeze 4K,1152,800,366.0,116.60981278105,45.7293383455098,25.01110974
YUNEEC,Breeze 4K,1152,800,366.0,117.58439156429,46.111526103643136,25.045382628743
YUNEEC,Breeze 4K,1152,800,366.0,118.55897034752,46.49371386177255,25.079350062079
YUNEEC,Breeze 4K,1152,800,366.0,119.53354913075,46.87590161990196,25.11301712799
YUNEEC,Breeze 4K,1152,800,366.0,120.50812791398,47.25808937803138,25.146388788891
YUNEEC,Breeze 4K,1152,800,366.0,121.48270669721,47.64027713616078,25.179469885725
YUNEEC,Breeze 4K,1152,800,366.0,122.45728548045,48.02246489429412,25.212265141897
YUNEEC,Breeze 4K,1152,800,366.0,123.43186426368,48.40465265242353,25.244779167042
YUNEEC,Breeze 4K,1152,800,366.0,124.40644304691,48.78684041055294,25.277016460649
YUNEEC,Breeze 4K,1152,800,366.0,125.38102183014,49.16902816868235,25.308981415541
YUNEEC,Breeze 4K,1152,800,366.0,126.35560061337,49.551215926811764,25.34067832122
YUNEEC,Breeze 4K,1152,800,366.0,127.33017939661,49.9334036849451,25.372111367075
YUNEEC,Breeze 4K,1152,800,366.0,128.30475817984,50.31559144307452,25.403284645477
YUNEEC,Breeze 4K,1152,800,366.0,129.27933696307,50.69777920120392,25.434202154749
YUNEEC,Breeze 4K,1152,800,366.0,130.2539157463,51.07996695933333,25.464867802019
YUNEEC,Breeze 4K,1152,800,366.0,131.22849452953,51.46215471746275,25.495285405978
YUNEEC,Breeze 4K,1152,800,366.0,132.20307331277,51.84434247559607,25.525458699523
YUNEEC,Breeze 4K,1152,800,366.0,133.177652096,52.22653023372549,25.555391332308
YUNEEC,Breeze 4K,1152,800,366.0,134.15223087923,52.6087179918549,25.585086873199
YUNEEC,Breeze 4K,1152,800,366.0,135.12680966246,52.99090574998432,25.61454881264
YUNEEC,Breeze 4K,1152,800,366.0,136.10138844569,53.373093508113726,25.643780564931
YUNEEC,Breeze 4K,1152,800,366.0,137.07596722893,53.75528126624707,25.672785470428
YUNEEC,Breeze 4K,1152,800,366.0,138.05054601216,54.13746902437647,25.70156679766
YUNEEC,Breeze 4K,1152,800,366.0,139.02512479539,54.51965678250589,25.730127745371
YUNEEC,Breeze 4K,1152,800,366.0,139.99970357862,54.901844540635295,25.758471444496
YUNEEC,Breeze 4K,1152,800,366.0,140.97428236185,55.28403229876469,25.786600960058
YUNEEC,Breeze 4K,1152,800,366.0,141.94886114509,55.66622005689804,25.814519293005
YUNEEC,Breeze 4K,1152,800,366.0,142.92343992832,56.048407815027446,25.842229381988
YUNEEC,Breeze 4K,1152,800,366.0,143.89801871155,56.430595573156864,25.869734105063
YUNEEC,Breeze 4K,1152,800,366.0,144.87259749478,56.812783331286276,25.897036281352
YUNEEC,Breeze 4K,1152,800,366.0,145.84717627801,57.19497108941569,25.924138672639
YUNEEC,Breeze 4K,1152,800,366.0,146.82175506125,57.57715884754903,25.951043984909
YUNEEC,Breeze 4K,1152,800,366.0,147.79633384448,57.959346605678434,25.977754869846
YUNEEC,Breeze 4K,1152,800,366.0,148.77091262771,58.341534363807845,26.004273926272
YUNEEC,Breeze 4K,1152,800,366.0,149.74549141094,58.72372212193725,26.030603701541
YUNEEC,Breeze 4K,1152,800,366.0,150.72007019417,59.10590988006666,26.056746692891
YUNEEC,Breeze 4K,1152,800,366.0,151.69464897741,59.4880976382,26.082705348749
YUNEEC,Breeze 4K,1152,800,366.0,152.66922776064,59.870285396329415,26.10848206999
YUNEEC,Breeze 4K,1152,800,366.0,153.64380654387,60.25247315445882,26.134079211166
YUNEEC,Breeze 4K,1152,800,366.0,154.6183853271,60.63466091258823,26.159499081684
YUNEEC,Breeze 4K,1152,800,366.0,155.59296411033,61.01684867071765,26.184743946952
YUNEEC,Breeze 4K,1152,800,366.0,156.56754289357,61.39903642885097,26.209816029496
YUNEEC,Breeze 4K,1152,800,366.0,157.5421216768,61.781224186980396,26.234717510023
YUNEEC,Breeze 4K,1152,800,366.0,158.51670046003,62.1634119451098,26.259450528475
YUNEEC,Breeze 4K,1152,800,366.0,159.49127924326,62.54559970323922,26.284017185029
YUNEEC,Breeze 4K,1152,800,366.0,160.46585802649,62.927787461368624,26.30841954108
YUNEEC,Breeze 4K,1152,800,366.0,161.44043680973,63.30997521950196,26.332659620187
YUNEEC,Breeze 4K,1152,800,366.0,162.41501559296,63.69216297763137,26.356739408997
YUNEEC,Breeze 4K,1152,800,366.0,163.38959437619,64.07435073576077,26.380660858129
YUNEEC,Breeze 4K,1152,800,366.0,164.36417315942,64.4565384938902,26.404425883049
YUNEEC,Breeze 4K,1152,800,366.0,165.33875194266,64.83872625202352,26.428036364898
YUNEEC,Breeze 4K,1152,800,366.0,166.31333072589,65.22091401015294,26.451494151318
YUNEEC,Breeze 4K,1152,800,366.0,167.28790950912,65.60310176828236,26.474801057233
YUNEEC,Breeze 4K,1152,800,366.0,168.26248829235,65.98528952641178,26.497958865622
YUNEEC,Breeze 4K,1152,800,366.0,169.23706707558,66.36747728454118,26.520969328259
YUNEEC,Breeze 4K,1152,800,366.0,170.21164585882,66.74966504267451,26.543834166442
YUNEEC,Breeze 4K,1152,800,366.0,171.18622464205,67.13185280080393,26.566555071691
YUNEEC,Breeze 4K,1152,800,366.0,172.16080342528,67.51404055893333,26.589133706432
YUNEEC,Breeze 4K,1152,800,366.0,173.13538220851,67.89622831706275,26.61157170466
YUNEEC,Breeze 4K,1152,800,366.0,174.10996099174,68.27841607519215,26.633870672581
YUNEEC,Breeze 4K,1152,800,366.0,175.08453977498,68.66060383332548,26.656032189242
YUNEEC,Breeze 4K,1152,800,366.0,176.05911855821,69.0427915914549,26.678057807137
YUNEEC,Breeze 4K,1152,800,366.0,177.03369734144,69.42497934958432,26.699949052797
YUNEEC,Breeze 4K,1152,800,366.0,178.00827612467,69.80716710771372,26.721707427368
YUNEEC,Breeze 4K,1152,800,366.0,178.9828549079,70.18935486584313,26.743334407169
YUNEEC,Breeze 4K,1152,800,366.0,179.95743369114,70.57154262397648,26.764831444237
YUNEEC,Breeze 4K,1152,800,366.0,180.93201247437,70.95373038210589,26.786199966855
YUNEEC,Breeze 4K,1152,800,366.0,181.9065912576,71.3359181402353,26.807441380067
YUNEEC,Breeze 4K,1152,800,366.0,182.88117004083,71.7181058983647,26.828557066178
YUNEEC,Breeze 4K,1152,800,366.0,183.85574882406,72.1002936564941,26.849548385244
YUNEEC,Breeze 4K,1152,800,366.0,184.8303276073,72.48248141462746,26.870416675547
YUNEEC,Breeze 4K,1152,800,366.0,185.80490639053,72.86466917275686,26.891163254051
YUNEEC,Breeze 4K,1152,800,366.0,186.77948517376,73.24685693088627,26.911789416861
YUNEEC,Breeze 4K,1152,800,366.0,187.75406395699,73.62904468901569,26.932296439652
YUNEEC,Breeze 4K,1152,800,366.0,188.72864274022,74.0112324471451,26.952685578102
YUNEEC,Breeze 4K,1152,800,366.0,189.70322152346,74.39342020527843,26.972958068304
YUNEEC,Breeze 4K,1152,800,366.0,190.67780030669,74.77560796340784,26.993115127172
YUNEEC,Breeze 4K,1152,800,366.0,191.65237908992,75.15779572153725,27.013157952836
YUNEEC,Breeze 4K,1152,800,366.0,192.62695787315,75.53998347966666,27.033087725025
YUNEEC,Breeze 4K,1152,800,366.0,193.60153665638,75.92217123779608,27.052905605441
YUNEEC,Breeze 4K,1152,800,366.0,194.57611543962,76.3043589959294,27.072612738127
YUNEEC,Breeze 4K,1152,800,366.0,195.55069422285,76.68654675405882,27.092210249819
YUNEEC,Breeze 4K,1152,800,366.0,196.52527300608,77.06873451218823,27.111699250295
YUNEEC,Breeze 4K,1152,800,366.0,197.49985178931,77.45092227031765,27.131080832714
YUNEEC,Breeze 4K,1152,800,366.0,198.47443057254,77.83311002844707,27.150356073945
YUNEEC,Breeze 4K,1152,800,366.0,199.44900935578,78.21529778658038,27.169526034887
YUNEEC,Breeze 4K,1152,800,366.0,200.42358813901,78.59748554470981,27.188591760785
YUNEEC,Breeze 4K,1152,800,366.0,201.39816692224,78.97967330283922,27.207554281537
YUNEEC,Breeze 4K,1152,800,366.0,202.37274570547,79.36186106096864,27.226414611989
YUNEEC,Breeze 4K,1152,800,366.0,203.3473244887,79.74404881909804,27.245173752232
YUNEEC,Breeze 4K,1152,800,366.0,204.32190327194,80.12623657723137,27.26383268788
YUNEEC,Breeze 4K,1152,800,366.0,205.29648205517,80.50842433536079,27.282392390353
YUNEEC,Breeze 4K,1152,800,366.0,206.2710608384,80.89061209349019,27.300853817144
YUNEEC,Breeze 4K,1152,800,366.0,207.24563962163,81.27279985161961,27.319217912088
YUNEEC,Breeze 4K,1152,800,366.0,208.22021840486,81.65498760974901,27.337485605616
YUNEEC,Breeze 4K,1152,800,366.0,209.1947971881,82.03717536788236,27.355657815011
YUNEEC,Breeze 4K,1152,800,366.0,210.16937597133,82.41936312601177,27.373735444649
YUNEEC,Breeze 4K,1152,800,366.0,211.14395475456,82.80155088414118,27.391719386246
YUNEEC,Breeze 4K,1152,800,366.0,212.11853353779,83.18373864227058,27.40961051909
YUNEEC,Breeze 4K,1152,800,366.0,213.09311232102,83.56592640039999,27.42740971027
YUNEEC,Breeze 4K,1152,800,366.0,214.06769110426,83.94811415853334,27.445117814899
YUNEEC,Breeze 4K,1152,800,366.0,215.04226988749,84.33030191666275,27.46273567634
YUNEEC,Breeze 4K,1152,800,366.0,216.01684867072,84.71248967479215,27.480264126411
YUNEEC,Breeze 4K,1152,800,366.0,216.99142745395,85.09467743292156,27.497703985601
YUNEEC,Breeze 4K,1152,800,366.0,217.96600623718,85.47686519105099,27.515056063271
YUNEEC,Breeze 4K,1152,800,366.0,218.94058502042,85.85905294918432,27.532321157856
YUNEEC,Breeze 4K,1152,800,366.0,219.91516380365,86.24124070731372,27.549500057062
YUNEEC,Breeze 4K,1152,800,366.0,220.88974258688,86.62342846544314,27.566593538051
YUNEEC,Breeze 4K,1152,800,366.0,221.86432137011,87.00561622357255,27.583602367635
YUNEEC,Breeze 4K,1152,800,366.0,222.83890015334,87.38780398170196,27.600527302455
YUNEEC,Breeze 4K,1152,800,366.0,223.81347893658,87.76999173983529,27.617369089162
YUNEEC,Breeze 4K,1152,800,366.0,224.78805771981,88.15217949796471,27.63412846459
YUNEEC,Breeze 4K,1152,800,366.0,225.76263650304,88.53436725609411,27.650806155925
YUNEEC,Breeze 4K,1152,800,366.0,226.73721528627,88.91655501422352,27.66740288088
YUNEEC,Breeze 4K,1152,800,366.0,227.7117940695,89.29874277235295,27.68391934785
YUNEEC,Breeze 4K,1152,800,366.0,228.68637285274,89.68093053048626,27.700356256078
YUNEEC,Breeze 4K,1152,800,366.0,229.66095163597,90.06311828861568,27.716714295809
YUNEEC,Breeze 4K,1152,800,366.0,230.6355304192,90.4453060467451,27.732994148446
YUNEEC,Breeze 4K,1152,800,366.0,231.61010920243,90.82749380487452,27.749196486698
YUNEEC,Breeze 4K,1152,800,366.0,232.58468798566,91.20968156300393,27.765321974725
YUNEEC,Breeze 4K,1152,800,366.0,233.5592667689,91.59186932113725,27.781371268289
YUNEEC,Breeze 4K,1152,800,366.0,234.53384555213,91.97405707926667,27.797345014888
YUNEEC,Breeze 4K,1152,800,366.0,235.50842433536,92.35624483739608,27.813243853896
YUNEEC,Breeze 4K,1152,800,366.0,236.48300311859,92.7384325955255,27.829068416701
YUNEEC,Breeze 4K,1152,800,366.0,237.45758190182,93.1206203536549,27.844819326834
YUNEEC,Breeze 4K,1152,800,366.0,238.43216068506,93.50280811178824,27.860497200098
YUNEEC,Breeze 4K,1152,800,366.0,239.40673946829,93.88499586991765,27.876102644698
YUNEEC,Breeze 4K,1152,800,366.0,240.38131825152,94.26718362804706,27.891636261364
YUNEEC,Breeze 4K,1152,800,366.0,241.35589703475,94.64937138617647,27.907098643473
YUNEEC,Breeze 4K,1152,800,366.0,242.33047581798,95.03155914430587,27.922490377167
YUNEEC,Breeze 4K,1152,800,366.0,243.30505460122,95.41374690243923,27.93781204147
YUNEEC,Breeze 4K,1152,800,366.0,244.27963338445,95.79593466056863,27.953064208406
YUNEEC,Breeze 4K,1152,800,366.0,245.25421216768,96.17812241869804,27.968247443108
YUNEEC,Breeze 4K,1152,800,366.0,246.22879095091,96.56031017682744,27.983362303927
YUNEEC,Breeze 4K,1152,800,366.0,247.20336973414,96.94249793495688,27.998409342544
YUNEEC,Breeze 4K,1152,800,366.0,248.17794851738,97.3246856930902,28.013389104072
YUNEEC,Breeze 4K,1152,800,366.0,249.15252730061,97.7068734512196,28.028302127161
YUNEEC,Breeze 4K,1152,800,366.0,250.12710608384,98.08906120934903,28.043148944101
YUNEEC,Breeze 4K,1152,800,366.0,251.10168486707,98.47124896747843,28.057930080919
YUNEEC,Breeze 4K,1152,800,366.0,252.0762636503,98.85343672560785,28.072646057477
YUNEEC,Breeze 4K,1152,800,366.0,253.05084243354,99.23562448374118,28.087297387571
YUNEEC,Breeze 4K,1152,800,366.0,254.02542121677,99.6178122418706,28.10188457902
YUNEEC,Breeze 4K,1152,800,366.0,255,100.0,28.116408133764
YUNEEC,Breeze 4K,1152,1600,723.0,1.9184185538049,0.7523210014921176,0
YUNEEC,Breeze 4K,1152,1600,723.0,3.7672652112383,1.4773589063679606,4.5639326214599
YUNEEC,Breeze 4K,1152,1600,723.0,7.3257641138874,2.8728486721127062,8.5844310205933
YUNEEC,Breeze 4K,1152,1600,723.0,13.304461758462,5.217435983710589,11.833073931377
YUNEEC,Breeze 4K,1152,1600,723.0,14.279040541694,5.599623741840784,12.199121341868
YUNEEC,Breeze 4K,1152,1600,723.0,15.253619324926,5.98181149997098,12.537820181502
YUNEEC,Breeze 4K,1152,1600,723.0,16.228198108158,6.3639992581011775,12.852852273904
YUNEEC,Breeze 4K,1152,1600,723.0,17.20277689139,6.746187016231373,13.147214672506
YUNEEC,Breeze 4K,1152,1600,723.0,18.177355674622,7.1283747743615695,13.423377766494
YUNEEC,Breeze 4K,1152,1600,723.0,19.151934457854,7.510562532491765,13.683400579169
YUNEEC,Breeze 4K,1152,1600,723.0,20.126513241086,7.89275029062196,13.9290163799
YUNEEC,Breeze 4K,1152,1600,723.0,21.101092024318,8.274938048752157,14.161697284784
YUNEEC,Breeze 4K,1152,1600,723.0,22.07567080755,8.657125806882354,14.382703712266
YUNEEC,Breeze 4K,1152,1600,723.0,23.050249590782,9.039313565012549,14.593122741629
YUNEEC,Breeze 4K,1152,1600,723.0,24.024828374014,9.421501323142746,14.793898218743
YUNEEC,Breeze 4K,1152,1600,723.0,24.999407157246,9.80368908127294,14.985854641054
YUNEEC,Breeze 4K,1152,1600,723.0,25.973985940478,10.185876839403136,15.16971629537
YUNEEC,Breeze 4K,1152,1600,723.0,26.94856472371,10.568064597533333,15.346122731812
YUNEEC,Breeze 4K,1152,1600,723.0,27.923143506942,10.95025235566353,15.515641380507
YUNEEC,Breeze 4K,1152,1600,723.0,28.897722290174,11.332440113793725,15.678777918568
YUNEEC,Breeze 4K,1152,1600,723.0,29.872301073406,11.714627871923922,15.835984849925
YUNEEC,Breeze 4K,1152,1600,723.0,30.846879856638,12.096815630054119,15.987668653674
YUNEEC,Breeze 4K,1152,1600,723.0,31.82145863987,12.479003388184314,16.134195776996
YUNEEC,Breeze 4K,1152,1600,723.0,32.796037423102,12.86119114631451,16.275897688758
YUNEEC,Breeze 4K,1152,1600,723.0,33.770616206334,13.243378904444706,16.413075164314
YUNEEC,Breeze 4K,1152,1600,723.0,34.745194989566,13.625566662574903,16.546001937131
YUNEEC,Breeze 4K,1152,1600,723.0,35.719773772798,14.007754420705098,16.674927825816
YUNEEC,Breeze 4K,1152,1600,723.0,36.69435255603,14.389942178835295,16.800081424091
YUNEEC,Breeze 4K,1152,1600,723.0,37.668931339262,14.772129936965491,16.92167242473
YUNEEC,Breeze 4K,1152,1600,723.0,38.643510122494,15.154317695095687,17.039893635414
YUNEEC,Breeze 4K,1152,1600,723.0,39.618088905726,15.536505453225882,17.154922734057
YUNEEC,Breeze 4K,1152,1600,723.0,40.592667688958,15.91869321135608,17.266923802834
YUNEEC,Breeze 4K,1152,1600,723.0,41.56724647219,16.300880969486276,17.376048673457
YUNEEC,Breeze 4K,1152,1600,723.0,42.541825255422,16.683068727616472,17.482438110787
YUNEEC,Breeze 4K,1152,1600,723.0,43.516404038654,17.06525648574667,17.586222857465
YUNEEC,Breeze 4K,1152,1600,723.0,44.490982821886,17.447444243876863,17.687524558637
YUNEEC,Breeze 4K,1152,1600,723.0,45.465561605118,17.82963200200706,17.786456582859
YUNEEC,Breeze 4K,1152,1600,723.0,46.44014038835,18.211819760137253,17.883124752805
YUNEEC,Breeze 4K,1152,1600,723.0,47.414719171582,18.59400751826745,17.977627997396
YUNEEC,Breeze 4K,1152,1600,723.0,48.389297954814,18.976195276397647,18.070058935225
YUNEEC,Breeze 4K,1152,1600,723.0,49.363876738046,19.358383034527844,18.160504397771
YUNEEC,Breeze 4K,1152,1600,723.0,50.338455521278,19.740570792658037,18.249045899678
YUNEEC,Breeze 4K,1152,1600,723.0,51.31303430451,20.122758550788234,18.33576006238
YUNEEC,Breeze 4K,1152,1600,723.0,52.287613087742,20.50494630891843,18.420718996508
YUNEEC,Breeze 4K,1152,1600,723.0,53.262191870974,20.887134067048628,18.503990647773
YUNEEC,Breeze 4K,1152,1600,723.0,54.236770654206,21.26932182517882,18.585639110432
YUNEEC,Breeze 4K,1152,1600,723.0,55.211349437438,21.65150958330902,18.665724911907
YUNEEC,Breeze 4K,1152,1600,723.0,56.18592822067,22.033697341439215,18.744305271661
YUNEEC,Breeze 4K,1152,1600,723.0,57.160507003902,22.41588509956941,18.821434337085
YUNEEC,Breeze 4K,1152,1600,723.0,58.135085787134,22.79807285769961,18.897163398794
YUNEEC,Breeze 4K,1152,1600,723.0,59.109664570366,23.180260615829802,18.97154108743
YUNEEC,Breeze 4K,1152,1600,723.0,60.084243353599,23.562448373960393,19.044613553866
YUNEEC,Breeze 4K,1152,1600,723.0,61.058822136831,23.944636132090586,19.11642463444
YUNEEC,Breeze 4K,1152,1600,723.0,62.033400920063,24.326823890220787,19.187016002692
YUNEEC,Breeze 4K,1152,1600,723.0,63.007979703295,24.70901164835098,19.2564273089
YUNEEC,Breeze 4K,1152,1600,723.0,63.982558486527,25.091199406481174,19.324696308572
YUNEEC,Breeze 4K,1152,1600,723.0,64.957137269759,25.47338716461137,19.391858980922
YUNEEC,Breeze 4K,1152,1600,723.0,65.931716052991,25.85557492274157,19.457949638252
YUNEEC,Breeze 4K,1152,1600,723.0,66.906294836223,26.23776268087176,19.523001027069
YUNEEC,Breeze 4K,1152,1600,723.0,67.880873619455,26.61995043900196,19.587044421657
YUNEEC,Breeze 4K,1152,1600,723.0,68.855452402687,27.002138197132158,19.650109710789
YUNEEC,Breeze 4K,1152,1600,723.0,69.830031185919,27.38432595526235,19.712225478158
YUNEEC,Breeze 4K,1152,1600,723.0,70.804609969151,27.76651371339255,19.773419077067
YUNEEC,Breeze 4K,1152,1600,723.0,71.779188752383,28.148701471522745,19.833716699869
YUNEEC,Breeze 4K,1152,1600,723.0,72.753767535615,28.53088922965294,19.893143442578
YUNEEC,Breeze 4K,1152,1600,723.0,73.728346318847,28.913076987783136,19.95172336507
YUNEEC,Breeze 4K,1152,1600,723.0,74.702925102079,29.295264745913336,20.009479547202
YUNEEC,Breeze 4K,1152,1600,723.0,75.677503885311,29.67745250404353,20.0664341412
YUNEEC,Breeze 4K,1152,1600,723.0,76.652082668543,30.059640262173726,20.1226084206
YUNEEC,Breeze 4K,1152,1600,723.0,77.626661451775,30.441828020303923,20.178022826003
YUNEEC,Breeze 4K,1152,1600,723.0,78.601240235007,30.824015778434116,20.232697007902
YUNEEC,Breeze 4K,1152,1600,723.0,79.575819018239,31.206203536564313,20.286649866796
YUNEEC,Breeze 4K,1152,1600,723.0,80.550397801471,31.588391294694507,20.339899590791
YUNEEC,Breeze 4K,1152,1600,723.0,81.524976584703,31.970579052824704,20.392463690887
YUNEEC,Breeze 4K,1152,1600,723.0,82.499555367935,32.352766810954904,20.444359034098
YUNEEC,Breeze 4K,1152,1600,723.0,83.474134151167,32.7349545690851,20.495601874588
YUNEEC,Breeze 4K,1152,1600,723.0,84.448712934399,33.11714232721529,20.546207882943
YUNEEC,Breeze 4K,1152,1600,723.0,85.423291717631,33.49933008534549,20.596192173722
YUNEEC,Breeze 4K,1152,1600,723.0,86.397870500863,33.881517843475685,20.645569331403
YUNEEC,Breeze 4K,1152,1600,723.0,87.372449284095,34.263705601605885,20.694353434838
YUNEEC,Breeze 4K,1152,1600,723.0,88.347028067327,34.64589335973608,20.742558080311
YUNEEC,Breeze 4K,1152,1600,723.0,89.321606850559,35.02808111786627,20.790196403305
YUNEEC,Breeze 4K,1152,1600,723.0,90.296185633791,35.41026887599647,20.837281099054
YUNEEC,Breeze 4K,1152,1600,723.0,91.270764417023,35.792456634126665,20.88382444196
YUNEEC,Breeze 4K,1152,1600,723.0,92.245343200255,36.17464439225686,20.929838303962
YUNEEC,Breeze 4K,1152,1600,723.0,93.219921983487,36.55683215038706,20.975334171907
YUNEEC,Breeze 4K,1152,1600,723.0,94.194500766719,36.93901990851726,21.020323164
YUNEEC,Breeze 4K,1152,1600,723.0,95.169079549951,37.321207666647446,21.064816045382
YUNEEC,Breeze 4K,1152,1600,723.0,96.143658333183,37.703395424777646,21.1088232429
YUNEEC,Breeze 4K,1152,1600,723.0,97.118237116415,38.08558318290785,21.15235485911
YUNEEC,Breeze 4K,1152,1600,723.0,98.092815899647,38.46777094103804,21.195420685563
YUNEEC,Breeze 4K,1152,1600,723.0,99.067394682879,38.84995869916823,21.238030215427
YUNEEC,Breeze 4K,1152,1600,723.0,100.04197346611,39.232146457298036,21.280192655461
YUNEEC,Breeze 4K,1152,1600,723.0,101.01655224934,39.61433421542745,21.321916937411
YUNEEC,Breeze 4K,1152,1600,723.0,101.99113103257,39.99652197355686,21.363211728833
YUNEEC,Breeze 4K,1152,1600,723.0,102.96570981581,40.3787097316902,21.404085443399
YUNEEC,Breeze 4K,1152,1600,723.0,103.94028859904,40.760897489819605,21.4445462507
YUNEEC,Breeze 4K,1152,1600,723.0,104.91486738227,41.14308524794902,21.48460208558
YUNEEC,Breeze 4K,1152,1600,723.0,105.8894461655,41.525273006078436,21.524260657037
YUNEEC,Breeze 4K,1152,1600,723.0,106.86402494873,41.90746076420784,21.563529456695
YUNEEC,Breeze 4K,1152,1600,723.0,107.83860373197,42.289648522341174,21.602415766894
YUNEEC,Breeze 4K,1152,1600,723.0,108.8131825152,42.671836280470586,21.6409266684
YUNEEC,Breeze 4K,1152,1600,723.0,109.78776129843,43.0540240386,21.679069047765
YUNEEC,Breeze 4K,1152,1600,723.0,110.76234008166,43.43621179672941,21.716849604358
YUNEEC,Breeze 4K,1152,1600,723.0,111.73691886489,43.81839955485882,21.754274857077
YUNEEC,Breeze 4K,1152,1600,723.0,112.71149764813,44.200587312992155,21.791351150767
YUNEEC,Breeze 4K,1152,1600,723.0,113.68607643136,44.58277507112157,21.82808466235
YUNEEC,Breeze 4K,1152,1600,723.0,114.66065521459,44.96496282925098,21.864481406693
YUNEEC,Breeze 4K,1152,1600,723.0,115.63523399782,45.34715058738039,21.900547242223
YUNEEC,Breeze 4K,1152,1600,723.0,116.60981278105,45.7293383455098,21.936287876293
YUNEEC,Breeze 4K,1152,1600,723.0,117.58439156429,46.111526103643136,21.97170887033
YUNEEC,Breeze 4K,1152,1600,723.0,118.55897034752,46.49371386177255,22.00681564476
YUNEEC,Breeze 4K,1152,1600,723.0,119.53354913075,46.87590161990196,22.041613483729
YUNEEC,Breeze 4K,1152,1600,723.0,120.50812791398,47.25808937803138,22.076107539627
YUNEEC,Breeze 4K,1152,1600,723.0,121.48270669721,47.64027713616078,22.110302837428
YUNEEC,Breeze 4K,1152,1600,723.0,122.45728548045,48.02246489429412,22.144204278852
YUNEEC,Breeze 4K,1152,1600,723.0,123.43186426368,48.40465265242353,22.177816646359
YUNEEC,Breeze 4K,1152,1600,723.0,124.40644304691,48.78684041055294,22.211144606977
YUNEEC,Breeze 4K,1152,1600,723.0,125.38102183014,49.16902816868235,22.244192715993
YUNEEC,Breeze 4K,1152,1600,723.0,126.35560061337,49.551215926811764,22.276965420477
YUNEEC,Breeze 4K,1152,1600,723.0,127.33017939661,49.9334036849451,22.309467062687
YUNEEC,Breeze 4K,1152,1600,723.0,128.30475817984,50.31559144307452,22.341701883329
YUNEEC,Breeze 4K,1152,1600,723.0,129.27933696307,50.69777920120392,22.373674024697
YUNEEC,Breeze 4K,1152,1600,723.0,130.2539157463,51.07996695933333,22.405387533692
YUNEEC,Breeze 4K,1152,1600,723.0,131.22849452953,51.46215471746275,22.436846364724
YUNEEC,Breeze 4K,1152,1600,723.0,132.20307331277,51.84434247559607,22.468054382508
YUNEEC,Breeze 4K,1152,1600,723.0,133.177652096,52.22653023372549,22.49901536475
YUNEEC,Breeze 4K,1152,1600,723.0,134.15223087923,52.6087179918549,22.529733004741
YUNEEC,Breeze 4K,1152,1600,723.0,135.12680966246,52.99090574998432,22.560210913849
YUNEEC,Breeze 4K,1152,1600,723.0,136.10138844569,53.373093508113726,22.59045262392
YUNEEC,Breeze 4K,1152,1600,723.0,137.07596722893,53.75528126624707,22.620461589596
YUNEEC,Breeze 4K,1152,1600,723.0,138.05054601216,54.13746902437647,22.650241190544
YUNEEC,Breeze 4K,1152,1600,723.0,139.02512479539,54.51965678250589,22.679794733609
YUNEEC,Breeze 4K,1152,1600,723.0,139.99970357862,54.901844540635295,22.70912545489
YUNEEC,Breeze 4K,1152,1600,723.0,140.97428236185,55.28403229876469,22.738236521741
YUNEEC,Breeze 4K,1152,1600,723.0,141.94886114509,55.66622005689804,22.767131034701
YUNEEC,Breeze 4K,1152,1600,723.0,142.92343992832,56.048407815027446,22.795812029361
YUNEEC,Breeze 4K,1152,1600,723.0,143.89801871155,56.430595573156864,22.824282478161
YUNEEC,Breeze 4K,1152,1600,723.0,144.87259749478,56.812783331286276,22.852545292129
YUNEEC,Breeze 4K,1152,1600,723.0,145.84717627801,57.19497108941569,22.880603322561
YUNEEC,Breeze 4K,1152,1600,723.0,146.82175506125,57.57715884754903,22.90845936264
YUNEEC,Breeze 4K,1152,1600,723.0,147.79633384448,57.959346605678434,22.936116149005
YUNEEC,Breeze 4K,1152,1600,723.0,148.77091262771,58.341534363807845,22.963576363264
YUNEEC,Breeze 4K,1152,1600,723.0,149.74549141094,58.72372212193725,22.99084263346
YUNEEC,Breeze 4K,1152,1600,723.0,150.72007019417,59.10590988006666,23.017917535483
YUNEEC,Breeze 4K,1152,1600,723.0,151.69464897741,59.4880976382,23.044803594446
YUNEEC,Breeze 4K,1152,1600,723.0,152.66922776064,59.870285396329415,23.071503286004
YUNEEC,Breeze 4K,1152,1600,723.0,153.64380654387,60.25247315445882,23.098019037639
YUNEEC,Breeze 4K,1152,1600,723.0,154.6183853271,60.63466091258823,23.124353229898
YUNEEC,Breeze 4K,1152,1600,723.0,155.59296411033,61.01684867071765,23.150508197597
YUNEEC,Breeze 4K,1152,1600,723.0,156.56754289357,61.39903642885097,23.176486230983
YUNEEC,Breeze 4K,1152,1600,723.0,157.5421216768,61.781224186980396,23.20228957686
YUNEEC,Breeze 4K,1152,1600,723.0,158.51670046003,62.1634119451098,23.227920439677
YUNEEC,Breeze 4K,1152,1600,723.0,159.49127924326,62.54559970323922,23.25338098259
YUNEEC,Breeze 4K,1152,1600,723.0,160.46585802649,62.927787461368624,23.278673328484
YUNEEC,Breeze 4K,1152,1600,723.0,161.44043680973,63.30997521950196,23.303799560963
YUNEEC,Breeze 4K,1152,1600,723.0,162.41501559296,63.69216297763137,23.328761725316
YUNEEC,Breeze 4K,1152,1600,723.0,163.38959437619,64.07435073576077,23.353561829447
YUNEEC,Breeze 4K,1152,1600,723.0,164.36417315942,64.4565384938902,23.378201844783
YUNEEC,Breeze 4K,1152,1600,723.0,165.33875194266,64.83872625202352,23.402683707148
YUNEEC,Breeze 4K,1152,1600,723.0,166.31333072589,65.22091401015294,23.427009317617
YUNEEC,Breeze 4K,1152,1600,723.0,167.28790950912,65.60310176828236,23.451180543339
YUNEEC,Breeze 4K,1152,1600,723.0,168.26248829235,65.98528952641178,23.475199218343
YUNEEC,Breeze 4K,1152,1600,723.0,169.23706707558,66.36747728454118,23.499067144314
YUNEEC,Breeze 4K,1152,1600,723.0,170.21164585882,66.74966504267451,23.522786091345
YUNEEC,Breeze 4K,1152,1600,723.0,171.18622464205,67.13185280080393,23.546357798678
YUNEEC,Breeze 4K,1152,1600,723.0,172.16080342528,67.51404055893333,23.569783975408
YUNEEC,Breeze 4K,1152,1600,723.0,173.13538220851,67.89622831706275,23.593066301184
YUNEEC,Breeze 4K,1152,1600,723.0,174.10996099174,68.27841607519215,23.616206426871
YUNEEC,Breeze 4K,1152,1600,723.0,175.08453977498,68.66060383332548,23.639205975211
YUNEEC,Breeze 4K,1152,1600,723.0,176.05911855821,69.0427915914549,23.662066541457
YUNEEC,Breeze 4K,1152,1600,723.0,177.03369734144,69.42497934958432,23.684789693985
YUNEEC,Breeze 4K,1152,1600,723.0,178.00827612467,69.80716710771372,23.707376974898
YUNEEC,Breeze 4K,1152,1600,723.0,178.9828549079,70.18935486584313,23.729829900609
YUNEEC,Breeze 4K,1152,1600,723.0,179.95743369114,70.57154262397648,23.752149962405
YUNEEC,Breeze 4K,1152,1600,723.0,180.93201247437,70.95373038210589,23.774338627003
YUNEEC,Breeze 4K,1152,1600,723.0,181.9065912576,71.3359181402353,23.796397337081
YUNEEC,Breeze 4K,1152,1600,723.0,182.88117004083,71.7181058983647,23.818327511806
YUNEEC,Breeze 4K,1152,1600,723.0,183.85574882406,72.1002936564941,23.840130547336
YUNEEC,Breeze 4K,1152,1600,723.0,184.8303276073,72.48248141462746,23.861807817318
YUNEEC,Breeze 4K,1152,1600,723.0,185.80490639053,72.86466917275686,23.883360673368
YUNEEC,Breeze 4K,1152,1600,723.0,186.77948517376,73.24685693088627,23.904790445538
YUNEEC,Breeze 4K,1152,1600,723.0,187.75406395699,73.62904468901569,23.926098442775
YUNEEC,Breeze 4K,1152,1600,723.0,188.72864274022,74.0112324471451,23.947285953361
YUNEEC,Breeze 4K,1152,1600,723.0,189.70322152346,74.39342020527843,23.968354245347
YUNEEC,Breeze 4K,1152,1600,723.0,190.67780030669,74.77560796340784,23.989304566976
YUNEEC,Breeze 4K,1152,1600,723.0,191.65237908992,75.15779572153725,24.010138147088
YUNEEC,Breeze 4K,1152,1600,723.0,192.62695787315,75.53998347966666,24.030856195527
YUNEEC,Breeze 4K,1152,1600,723.0,193.60153665638,75.92217123779608,24.051459903522
YUNEEC,Breeze 4K,1152,1600,723.0,194.57611543962,76.3043589959294,24.071950444073
YUNEEC,Breeze 4K,1152,1600,723.0,195.55069422285,76.68654675405882,24.092328972319
YUNEEC,Breeze 4K,1152,1600,723.0,196.52527300608,77.06873451218823,24.112596625896
YUNEEC,Breeze 4K,1152,1600,723.0,197.49985178931,77.45092227031765,24.132754525293
YUNEEC,Breeze 4K,1152,1600,723.0,198.47443057254,77.83311002844707,24.152803774188
YUNEEC,Breeze 4K,1152,1600,723.0,199.44900935578,78.21529778658038,24.172745459792
YUNEEC,Breeze 4K,1152,1600,723.0,200.42358813901,78.59748554470981,24.192580653164
YUNEEC,Breeze 4K,1152,1600,723.0,201.39816692224,78.97967330283922,24.212310409536
YUNEEC,Breeze 4K,1152,1600,723.0,202.37274570547,79.36186106096864,24.231935768623
YUNEEC,Breeze 4K,1152,1600,723.0,203.3473244887,79.74404881909804,24.251457754921
YUNEEC,Breeze 4K,1152,1600,723.0,204.32190327194,80.12623657723137,24.270877378007
YUNEEC,Breeze 4K,1152,1600,723.0,205.29648205517,80.50842433536079,24.290195632823
YUNEEC,Breeze 4K,1152,1600,723.0,206.2710608384,80.89061209349019,24.309413499961
YUNEEC,Breeze 4K,1152,1600,723.0,207.24563962163,81.27279985161961,24.328531945936
YUNEEC,Breeze 4K,1152,1600,723.0,208.22021840486,81.65498760974901,24.347551923451
YUNEEC,Breeze 4K,1152,1600,723.0,209.1947971881,82.03717536788236,24.366474371665
YUNEEC,Breeze 4K,1152,1600,723.0,210.16937597133,82.41936312601177,24.385300216443
YUNEEC,Breeze 4K,1152,1600,723.0,211.14395475456,82.80155088414118,24.404030370605
YUNEEC,Breeze 4K,1152,1600,723.0,212.11853353779,83.18373864227058,24.422665734176
YUNEEC,Breeze 4K,1152,1600,723.0,213.09311232102,83.56592640039999,24.441207194615
YUNEEC,Breeze 4K,1152,1600,723.0,214.06769110426,83.94811415853334,24.459655627057
YUNEEC,Breeze 4K,1152,1600,723.0,215.04226988749,84.33030191666275,24.478011894533
YUNEEC,Breeze 4K,1152,1600,723.0,216.01684867072,84.71248967479215,24.496276848193
YUNEEC,Breeze 4K,1152,1600,723.0,216.99142745395,85.09467743292156,24.514451327525
YUNEEC,Breeze 4K,1152,1600,723.0,217.96600623718,85.47686519105099,24.532536160568
YUNEEC,Breeze 4K,1152,1600,723.0,218.94058502042,85.85905294918432,24.550532164114
YUNEEC,Breeze 4K,1152,1600,723.0,219.91516380365,86.24124070731372,24.568440143915
YUNEEC,Breeze 4K,1152,1600,723.0,220.88974258688,86.62342846544314,24.586260894881
YUNEEC,Breeze 4K,1152,1600,723.0,221.86432137011,87.00561622357255,24.60399520127
YUNEEC,Breeze 4K,1152,1600,723.0,222.83890015334,87.38780398170196,24.621643836879
YUNEEC,Breeze 4K,1152,1600,723.0,223.81347893658,87.76999173983529,24.639207565231
YUNEEC,Breeze 4K,1152,1600,723.0,224.78805771981,88.15217949796471,24.656687139754
YUNEEC,Breeze 4K,1152,1600,723.0,225.76263650304,88.53436725609411,24.674083303957
YUNEEC,Breeze 4K,1152,1600,723.0,226.73721528627,88.91655501422352,24.691396791606
YUNEEC,Breeze 4K,1152,1600,723.0,227.7117940695,89.29874277235295,24.70862832689
YUNEEC,Breeze 4K,1152,1600,723.0,228.68637285274,89.68093053048626,24.725778624592
YUNEEC,Breeze 4K,1152,1600,723.0,229.66095163597,90.06311828861568,24.742848390244
YUNEEC,Breeze 4K,1152,1600,723.0,230.6355304192,90.4453060467451,24.759838320291
YUNEEC,Breeze 4K,1152,1600,723.0,231.61010920243,90.82749380487452,24.776749102245
YUNEEC,Breeze 4K,1152,1600,723.0,232.58468798566,91.20968156300393,24.793581414837
YUNEEC,Breeze 4K,1152,1600,723.0,233.5592667689,91.59186932113725,24.810335928163
YUNEEC,Breeze 4K,1152,1600,723.0,234.53384555213,91.97405707926667,24.827013303836
YUNEEC,Breeze 4K,1152,1600,723.0,235.50842433536,92.35624483739608,24.843614195121
YUNEEC,Breeze 4K,1152,1600,723.0,236.48300311859,92.7384325955255,24.86013924708
YUNEEC,Breeze 4K,1152,1600,723.0,237.45758190182,93.1206203536549,24.876589096708
YUNEEC,Breeze 4K,1152,1600,723.0,238.43216068506,93.50280811178824,24.892964373064
YUNEEC,Breeze 4K,1152,1600,723.0,239.40673946829,93.88499586991765,24.909265697404
YUNEEC,Breeze 4K,1152,1600,723.0,240.38131825152,94.26718362804706,24.925493683311
YUNEEC,Breeze 4K,1152,1600,723.0,241.35589703475,94.64937138617647,24.941648936817
YUNEEC,Breeze 4K,1152,1600,723.0,242.33047581798,95.03155914430587,24.95773205653
YUNEEC,Breeze 4K,1152,1600,723.0,243.30505460122,95.41374690243923,24.973743633753
YUNEEC,Breeze 4K,1152,1600,723.0,244.27963338445,95.79593466056863,24.9896842526
YUNEEC,Breeze 4K,1152,1600,723.0,245.25421216768,96.17812241869804,25.005554490116
YUNEEC,Breeze 4K,1152,1600,723.0,246.22879095091,96.56031017682744,25.02135491639
YUNEEC,Breeze 4K,1152,1600,723.0,247.20336973414,96.94249793495688,25.037086094662
YUNEEC,Breeze 4K,1152,1600,723.0,248.17794851738,97.3246856930902,25.052748581436
YUNEEC,Breeze 4K,1152,1600,723.0,249.15252730061,97.7068734512196,25.068342926588
YUNEEC,Breeze 4K,1152,1600,723.0,250.12710608384,98.08906120934903,25.083869673466
YUNEEC,Breeze 4K,1152,1600,723.0,251.10168486707,98.47124896747843,25.099329358997
YUNEEC,Breeze 4K,1152,1600,723.0,252.0762636503,98.85343672560785,25.114722513787
YUNEEC,Breeze 4K,1152,1600,723.0,253.05084243354,99.23562448374118,25.130049662216
YUNEEC,Breeze 4K,1152,1600,723.0,254.02542121677,99.6178122418706,25.14531132254
YUNEEC,Breeze 4K,1152,1600,723.0,255,100.0,25.160508006984
YUNEEC,Breeze 4K,1152,3200,1445.0,3.7672652112383,1.4773589063679606,0
YUNEEC,Breeze 4K,1152,3200,1445.0,7.3257641138874,2.8728486721127062,4.4799964339325
YUNEEC,Breeze 4K,1152,3200,1445.0,13.304461758462,5.217435983710589,8.0972526672196
YUNEEC,Breeze 4K,1152,3200,1445.0,14.279040541694,5.599623741840784,8.5019916040561
YUNEEC,Breeze 4K,1152,3200,1445.0,15.253619324926,5.98181149997098,8.8757604228028
YUNEEC,Breeze 4K,1152,3200,1445.0,16.228198108158,6.3639992581011775,9.2227448176608
YUNEEC,Breeze 4K,1152,3200,1445.0,17.20277689139,6.746187016231373,9.5463562244645
YUNEEC,Breeze 4K,1152,3200,1445.0,18.177355674622,7.1283747743615695,9.8494089761067
YUNEEC,Breeze 4K,1152,3200,1445.0,19.151934457854,7.510562532491765,10.134249976819
YUNEEC,Breeze 4K,1152,3200,1445.0,20.126513241086,7.89275029062196,10.402855303212
YUNEEC,Breeze 4K,1152,3200,1445.0,21.101092024318,8.274938048752157,10.656903303874
YUNEEC,Breeze 4K,1152,3200,1445.0,22.07567080755,8.657125806882354,10.897830698846
YUNEEC,Breeze 4K,1152,3200,1445.0,23.050249590782,9.039313565012549,11.126876183108
YUNEEC,Breeze 4K,1152,3200,1445.0,24.024828374014,9.421501323142746,11.345114710757
YUNEEC,Breeze 4K,1152,3200,1445.0,24.999407157246,9.80368908127294,11.553484736796
YUNEEC,Breeze 4K,1152,3200,1445.0,25.973985940478,10.185876839403136,11.752810072755
YUNEEC,Breeze 4K,1152,3200,1445.0,26.94856472371,10.568064597533333,11.943817577134
YUNEEC,Breeze 4K,1152,3200,1445.0,27.923143506942,10.95025235566353,12.12715159201
YUNEEC,Breeze 4K,1152,3200,1445.0,28.897722290174,11.332440113793725,12.303385813789
YUNEEC,Breeze 4K,1152,3200,1445.0,29.872301073406,11.714627871923922,12.473033122967
YUNEEC,Breeze 4K,1152,3200,1445.0,30.846879856638,12.096815630054119,12.636553777227
YUNEEC,Breeze 4K,1152,3200,1445.0,31.82145863987,12.479003388184314,12.794362282196
YUNEEC,Breeze 4K,1152,3200,1445.0,32.796037423102,12.86119114631451,12.946833186281
YUNEEC,Breeze 4K,1152,3200,1445.0,33.770616206334,13.243378904444706,13.094305994307
YUNEEC,Breeze 4K,1152,3200,1445.0,34.745194989566,13.625566662574903,13.23708935497
YUNEEC,Breeze 4K,1152,3200,1445.0,35.719773772798,14.007754420705098,13.375464646355
YUNEEC,Breeze 4K,1152,3200,1445.0,36.69435255603,14.389942178835295,13.509689059795
YUNEEC,Breeze 4K,1152,3200,1445.0,37.668931339262,14.772129936965491,13.639998263462
YUNEEC,Breeze 4K,1152,3200,1445.0,38.643510122494,15.154317695095687,13.766608712158
YUNEEC,Breeze 4K,1152,3200,1445.0,39.618088905726,15.536505453225882,13.889719657901
YUNEEC,Breeze 4K,1152,3200,1445.0,40.592667688958,15.91869321135608,14.00951490633
YUNEEC,Breeze 4K,1152,3200,1445.0,41.56724647219,16.300880969486276,14.126164356331
YUNEEC,Breeze 4K,1152,3200,1445.0,42.541825255422,16.683068727616472,14.239825353989
YUNEEC,Breeze 4K,1152,3200,1445.0,43.516404038654,17.06525648574667,14.350643886974
YUNEEC,Breeze 4K,1152,3200,1445.0,44.490982821886,17.447444243876863,14.458755641244
YUNEEC,Breeze 4K,1152,3200,1445.0,45.465561605118,17.82963200200706,14.564286938591
YUNEEC,Breeze 4K,1152,3200,1445.0,46.44014038835,18.211819760137253,14.667355570689
YUNEEC,Breeze 4K,1152,3200,1445.0,47.414719171582,18.59400751826745,14.768071542988
YUNEEC,Breeze 4K,1152,3200,1445.0,48.389297954814,18.976195276397647,14.866537739832
YUNEEC,Breeze 4K,1152,3200,1445.0,49.363876738046,19.358383034527844,14.962850520543
YUNEEC,Breeze 4K,1152,3200,1445.0,50.338455521278,19.740570792658037,15.057100254857
YUNEEC,Breeze 4K,1152,3200,1445.0,51.31303430451,20.122758550788234,15.149371804908
YUNEEC,Breeze 4K,1152,3200,1445.0,52.287613087742,20.50494630891843,15.239744960032
YUNEEC,Breeze 4K,1152,3200,1445.0,53.262191870974,20.887134067048628,15.328294829768
YUNEEC,Breeze 4K,1152,3200,1445.0,54.236770654206,21.26932182517882,15.415092199784
YUNEEC,Breeze 4K,1152,3200,1445.0,55.211349437438,21.65150958330902,15.50020385481
YUNEEC,Breeze 4K,1152,3200,1445.0,56.18592822067,22.033697341439215,15.583692872169
YUNEEC,Breeze 4K,1152,3200,1445.0,57.160507003902,22.41588509956941,15.665618889052
YUNEEC,Breeze 4K,1152,3200,1445.0,58.135085787134,22.79807285769961,15.746038346271
YUNEEC,Breeze 4K,1152,3200,1445.0,59.109664570366,23.180260615829802,15.825004710944
YUNEEC,Breeze 4K,1152,3200,1445.0,60.084243353599,23.562448373960393,15.902568680223
YUNEEC,Breeze 4K,1152,3200,1445.0,61.058822136831,23.944636132090586,15.978778367985
YUNEEC,Breeze 4K,1152,3200,1445.0,62.033400920063,24.326823890220787,16.053679476142
YUNEEC,Breeze 4K,1152,3200,1445.0,63.007979703295,24.70901164835098,16.127315452061
YUNEEC,Breeze 4K,1152,3200,1445.0,63.982558486527,25.091199406481174,16.199727633429
YUNEEC,Breeze 4K,1152,3200,1445.0,64.957137269759,25.47338716461137,16.270955381723
YUNEEC,Breeze 4K,1152,3200,1445.0,65.931716052991,25.85557492274157,16.341036205354
YUNEEC,Breeze 4K,1152,3200,1445.0,66.906294836223,26.23776268087176,16.410005873417
YUNEEC,Breeze 4K,1152,3200,1445.0,67.880873619455,26.61995043900196,16.477898520887
YUNEEC,Breeze 4K,1152,3200,1445.0,68.855452402687,27.002138197132158,16.544746746032
YUNEEC,Breeze 4K,1152,3200,1445.0,69.830031185919,27.38432595526235,16.610581700703
YUNEEC,Breeze 4K,1152,3200,1445.0,70.804609969151,27.76651371339255,16.675433174128
YUNEEC,Breeze 4K,1152,3200,1445.0,71.779188752383,28.148701471522745,16.739329670753
YUNEEC,Breeze 4K,1152,3200,1445.0,72.753767535615,28.53088922965294,16.802298482632
YUNEEC,Breeze 4K,1152,3200,1445.0,73.728346318847,28.913076987783136,16.864365756814
YUNEEC,Breeze 4K,1152,3200,1445.0,74.702925102079,29.295264745913336,16.925556558135
YUNEEC,Breeze 4K,1152,3200,1445.0,75.677503885311,29.67745250404353,16.985894927785
YUNEEC,Breeze 4K,1152,3200,1445.0,76.652082668543,30.059640262173726,17.045403937986
YUNEEC,Breeze 4K,1152,3200,1445.0,77.626661451775,30.441828020303923,17.104105743081
YUNEEC,Breeze 4K,1152,3200,1445.0,78.601240235007,30.824015778434116,17.162021627316
YUNEEC,Breeze 4K,1152,3200,1445.0,79.575819018239,31.206203536564313,17.219172049574
YUNEEC,Breeze 4K,1152,3200,1445.0,80.550397801471,31.588391294694507,17.275576685268
YUNEEC,Breeze 4K,1152,3200,1445.0,81.524976584703,31.970579052824704,17.331254465641
YUNEEC,Breeze 4K,1152,3200,1445.0,82.499555367935,32.352766810954904,17.386223614626
YUNEEC,Breeze 4K,1152,3200,1445.0,83.474134151167,32.7349545690851,17.440501683471
YUNEEC,Breeze 4K,1152,3200,1445.0,84.448712934399,33.11714232721529,17.494105583275
YUNEEC,Breeze 4K,1152,3200,1445.0,85.423291717631,33.49933008534549,17.547051615594
YUNEEC,Breeze 4K,1152,3200,1445.0,86.397870500863,33.881517843475685,17.599355501244
YUNEEC,Breeze 4K,1152,3200,1445.0,87.372449284095,34.263705601605885,17.651032407427
YUNEEC,Breeze 4K,1152,3200,1445.0,88.347028067327,34.64589335973608,17.7020969733
YUNEEC,Breeze 4K,1152,3200,1445.0,89.321606850559,35.02808111786627,17.752563334096
YUNEEC,Breeze 4K,1152,3200,1445.0,90.296185633791,35.41026887599647,17.802445143879
YUNEEC,Breeze 4K,1152,3200,1445.0,91.270764417023,35.792456634126665,17.851755597039
YUNEEC,Breeze 4K,1152,3200,1445.0,92.245343200255,36.17464439225686,17.900507448607
YUNEEC,Breeze 4K,1152,3200,1445.0,93.219921983487,36.55683215038706,17.948713033459
YUNEEC,Breeze 4K,1152,3200,1445.0,94.194500766719,36.93901990851726,17.99638428449
YUNEEC,Breeze 4K,1152,3200,1445.0,95.169079549951,37.321207666647446,18.043532749816
YUNEEC,Breeze 4K,1152,3200,1445.0,96.143658333183,37.703395424777646,18.090169609074
YUNEEC,Breeze 4K,1152,3200,1445.0,97.118237116415,38.08558318290785,18.136305688864
YUNEEC,Breeze 4K,1152,3200,1445.0,98.092815899647,38.46777094103804,18.181951477402
YUNEEC,Breeze 4K,1152,3200,1445.0,99.067394682879,38.84995869916823,18.227117138415
YUNEEC,Breeze 4K,1152,3200,1445.0,100.04197346611,39.232146457298036,18.271812524337
YUNEEC,Breeze 4K,1152,3200,1445.0,101.01655224934,39.61433421542745,18.316047188843
YUNEEC,Breeze 4K,1152,3200,1445.0,101.99113103257,39.99652197355686,18.359830398759
YUNEEC,Breeze 4K,1152,3200,1445.0,102.96570981581,40.3787097316902,18.403171145389
YUNEEC,Breeze 4K,1152,3200,1445.0,103.94028859904,40.760897489819605,18.446078155287
YUNEEC,Breeze 4K,1152,3200,1445.0,104.91486738227,41.14308524794902,18.488559900511
YUNEEC,Breeze 4K,1152,3200,1445.0,105.8894461655,41.525273006078436,18.530624608388
YUNEEC,Breeze 4K,1152,3200,1445.0,106.86402494873,41.90746076420784,18.572280270812
YUNEEC,Breeze 4K,1152,3200,1445.0,107.83860373197,42.289648522341174,18.613534653116
YUNEEC,Breeze 4K,1152,3200,1445.0,108.8131825152,42.671836280470586,18.654395302518
YUNEEC,Breeze 4K,1152,3200,1445.0,109.78776129843,43.0540240386,18.694869556189
YUNEEC,Breeze 4K,1152,3200,1445.0,110.76234008166,43.43621179672941,18.734964548947
YUNEEC,Breeze 4K,1152,3200,1445.0,111.73691886489,43.81839955485882,18.774687220604
YUNEEC,Breeze 4K,1152,3200,1445.0,112.71149764813,44.200587312992155,18.814044322986
YUNEEC,Breeze 4K,1152,3200,1445.0,113.68607643136,44.58277507112157,18.853042426637
YUNEEC,Breeze 4K,1152,3200,1445.0,114.66065521459,44.96496282925098,18.891687927231
YUNEEC,Breeze 4K,1152,3200,1445.0,115.63523399782,45.34715058738039,18.929987051702
YUNEEC,Breeze 4K,1152,3200,1445.0,116.60981278105,45.7293383455098,18.967945864106
YUNEEC,Breeze 4K,1152,3200,1445.0,117.58439156429,46.111526103643136,19.005570271241
YUNEEC,Breeze 4K,1152,3200,1445.0,118.55897034752,46.49371386177255,19.042866028012
YUNEEC,Breeze 4K,1152,3200,1445.0,119.53354913075,46.87590161990196,19.079838742585
YUNEEC,Breeze 4K,1152,3200,1445.0,120.50812791398,47.25808937803138,19.116493881317
YUNEEC,Breeze 4K,1152,3200,1445.0,121.48270669721,47.64027713616078,19.152836773479
YUNEEC,Breeze 4K,1152,3200,1445.0,122.45728548045,48.02246489429412,19.188872615792
YUNEEC,Breeze 4K,1152,3200,1445.0,123.43186426368,48.40465265242353,19.224606476771
YUNEEC,Breeze 4K,1152,3200,1445.0,124.40644304691,48.78684041055294,19.260043300896
YUNEEC,Breeze 4K,1152,3200,1445.0,125.38102183014,49.16902816868235,19.295187912614
YUNEEC,Breeze 4K,1152,3200,1445.0,126.35560061337,49.551215926811764,19.330045020185
YUNEEC,Breeze 4K,1152,3200,1445.0,127.33017939661,49.9334036849451,19.364619219368
YUNEEC,Breeze 4K,1152,3200,1445.0,128.30475817984,50.31559144307452,19.398914996967
YUNEEC,Breeze 4K,1152,3200,1445.0,129.27933696307,50.69777920120392,19.432936734243
YUNEEC,Breeze 4K,1152,3200,1445.0,130.2539157463,51.07996695933333,19.466688710185
YUNEEC,Breeze 4K,1152,3200,1445.0,131.22849452953,51.46215471746275,19.50017510466
YUNEEC,Breeze 4K,1152,3200,1445.0,132.20307331277,51.84434247559607,19.533400001447
YUNEEC,Breeze 4K,1152,3200,1445.0,133.177652096,52.22653023372549,19.566367391146
YUNEEC,Breeze 4K,1152,3200,1445.0,134.15223087923,52.6087179918549,19.599081173988
YUNEEC,Breeze 4K,1152,3200,1445.0,135.12680966246,52.99090574998432,19.631545162535
YUNEEC,Breeze 4K,1152,3200,1445.0,136.10138844569,53.373093508113726,19.663763084279
YUNEEC,Breeze 4K,1152,3200,1445.0,137.07596722893,53.75528126624707,19.695738584152
YUNEEC,Breeze 4K,1152,3200,1445.0,138.05054601216,54.13746902437647,19.727475226936
YUNEEC,Breeze 4K,1152,3200,1445.0,139.02512479539,54.51965678250589,19.758976499592
YUNEEC,Breeze 4K,1152,3200,1445.0,139.99970357862,54.901844540635295,19.790245813503
YUNEEC,Breeze 4K,1152,3200,1445.0,140.97428236185,55.28403229876469,19.821286506637
YUNEEC,Breeze 4K,1152,3200,1445.0,141.94886114509,55.66622005689804,19.852101845632
YUNEEC,Breeze 4K,1152,3200,1445.0,142.92343992832,56.048407815027446,19.882695027812
YUNEEC,Breeze 4K,1152,3200,1445.0,143.89801871155,56.430595573156864,19.913069183127
YUNEEC,Breeze 4K,1152,3200,1445.0,144.87259749478,56.812783331286276,19.94322737603
YUNEEC,Breeze 4K,1152,3200,1445.0,145.84717627801,57.19497108941569,19.973172607285
YUNEEC,Breeze 4K,1152,3200,1445.0,146.82175506125,57.57715884754903,20.002907815719
YUNEEC,Breeze 4K,1152,3200,1445.0,147.79633384448,57.959346605678434,20.032435879909
YUNEEC,Breeze 4K,1152,3200,1445.0,148.77091262771,58.341534363807845,20.061759619815
YUNEEC,Breeze 4K,1152,3200,1445.0,149.74549141094,58.72372212193725,20.090881798355
YUNEEC,Breeze 4K,1152,3200,1445.0,150.72007019417,59.10590988006666,20.119805122932
YUNEEC,Breeze 4K,1152,3200,1445.0,151.69464897741,59.4880976382,20.148532246908
YUNEEC,Breeze 4K,1152,3200,1445.0,152.66922776064,59.870285396329415,20.177065771029
YUNEEC,Breeze 4K,1152,3200,1445.0,153.64380654387,60.25247315445882,20.205408244803
YUNEEC,Breeze 4K,1152,3200,1445.0,154.6183853271,60.63466091258823,20.233562167837
YUNEEC,Breeze 4K,1152,3200,1445.0,155.59296411033,61.01684867071765,20.261529991124
YUNEEC,Breeze 4K,1152,3200,1445.0,156.56754289357,61.39903642885097,20.289314118298
YUNEEC,Breeze 4K,1152,3200,1445.0,157.5421216768,61.781224186980396,20.316916906839
YUNEEC,Breeze 4K,1152,3200,1445.0,158.51670046003,62.1634119451098,20.344340669248
YUNEEC,Breeze 4K,1152,3200,1445.0,159.49127924326,62.54559970323922,20.37158767418
YUNEEC,Breeze 4K,1152,3200,1445.0,160.46585802649,62.927787461368624,20.398660147543
YUNEEC,Breeze 4K,1152,3200,1445.0,161.44043680973,63.30997521950196,20.425560273565
YUNEEC,Breeze 4K,1152,3200,1445.0,162.41501559296,63.69216297763137,20.452290195824
YUNEEC,Breeze 4K,1152,3200,1445.0,163.38959437619,64.07435073576077,20.478852018249
YUNEEC,Breeze 4K,1152,3200,1445.0,164.36417315942,64.4565384938902,20.505247806092
YUNEEC,Breeze 4K,1152,3200,1445.0,165.33875194266,64.83872625202352,20.531479586866
YUNEEC,Breeze 4K,1152,3200,1445.0,166.31333072589,65.22091401015294,20.557549351255
YUNEEC,Breeze 4K,1152,3200,1445.0,167.28790950912,65.60310176828236,20.583459054007
YUNEEC,Breeze 4K,1152,3200,1445.0,168.26248829235,65.98528952641178,20.609210614783
YUNEEC,Breeze 4K,1152,3200,1445.0,169.23706707558,66.36747728454118,20.634805918995
YUNEEC,Breeze 4K,1152,3200,1445.0,170.21164585882,66.74966504267451,20.660246818615
YUNEEC,Breeze 4K,1152,3200,1445.0,171.18622464205,67.13185280080393,20.685535132956
YUNEEC,Breeze 4K,1152,3200,1445.0,172.16080342528,67.51404055893333,20.710672649438
YUNEEC,Breeze 4K,1152,3200,1445.0,173.13538220851,67.89622831706275,20.735661124326
YUNEEC,Breeze 4K,1152,3200,1445.0,174.10996099174,68.27841607519215,20.760502283448
YUNEEC,Breeze 4K,1152,3200,1445.0,175.08453977498,68.66060383332548,20.785197822893
YUNEEC,Breeze 4K,1152,3200,1445.0,176.05911855821,69.0427915914549,20.809749409692
YUNEEC,Breeze 4K,1152,3200,1445.0,177.03369734144,69.42497934958432,20.834158682473
YUNEEC,Breeze 4K,1152,3200,1445.0,178.00827612467,69.80716710771372,20.858427252103
YUNEEC,Breeze 4K,1152,3200,1445.0,178.9828549079,70.18935486584313,20.882556702313
YUNEEC,Breeze 4K,1152,3200,1445.0,179.95743369114,70.57154262397648,20.906548590298
YUNEEC,Breeze 4K,1152,3200,1445.0,180.93201247437,70.95373038210589,20.93040444731
YUNEEC,Breeze 4K,1152,3200,1445.0,181.9065912576,71.3359181402353,20.954125779228
YUNEEC,Breeze 4K,1152,3200,1445.0,182.88117004083,71.7181058983647,20.977714067115
YUNEEC,Breeze 4K,1152,3200,1445.0,183.85574882406,72.1002936564941,21.00117076776
YUNEEC,Breeze 4K,1152,3200,1445.0,184.8303276073,72.48248141462746,21.024497314203
YUNEEC,Breeze 4K,1152,3200,1445.0,185.80490639053,72.86466917275686,21.047695116251
YUNEEC,Breeze 4K,1152,3200,1445.0,186.77948517376,73.24685693088627,21.070765560971
YUNEEC,Breeze 4K,1152,3200,1445.0,187.75406395699,73.62904468901569,21.093710013183
YUNEEC,Breeze 4K,1152,3200,1445.0,188.72864274022,74.0112324471451,21.116529815926
YUNEEC,Breeze 4K,1152,3200,1445.0,189.70322152346,74.39342020527843,21.139226290922
YUNEEC,Breeze 4K,1152,3200,1445.0,190.67780030669,74.77560796340784,21.161800739023
YUNEEC,Breeze 4K,1152,3200,1445.0,191.65237908992,75.15779572153725,21.184254440647
YUNEEC,Breeze 4K,1152,3200,1445.0,192.62695787315,75.53998347966666,21.206588656204
YUNEEC,Breeze 4K,1152,3200,1445.0,193.60153665638,75.92217123779608,21.228804626509
YUNEEC,Breeze 4K,1152,3200,1445.0,194.57611543962,76.3043589959294,21.250903573186
YUNEEC,Breeze 4K,1152,3200,1445.0,195.55069422285,76.68654675405882,21.272886699064
YUNEEC,Breeze 4K,1152,3200,1445.0,196.52527300608,77.06873451218823,21.294755188552
YUNEEC,Breeze 4K,1152,3200,1445.0,197.49985178931,77.45092227031765,21.316510208023
YUNEEC,Breeze 4K,1152,3200,1445.0,198.47443057254,77.83311002844707,21.338152906169
YUNEEC,Breeze 4K,1152,3200,1445.0,199.44900935578,78.21529778658038,21.359684414362
YUNEEC,Breeze 4K,1152,3200,1445.0,200.42358813901,78.59748554470981,21.381105846998
YUNEEC,Breeze 4K,1152,3200,1445.0,201.39816692224,78.97967330283922,21.402418301832
YUNEEC,Breeze 4K,1152,3200,1445.0,202.37274570547,79.36186106096864,21.423622860311
YUNEEC,Breeze 4K,1152,3200,1445.0,203.3473244887,79.74404881909804,21.444720587893
YUNEEC,Breeze 4K,1152,3200,1445.0,204.32190327194,80.12623657723137,21.465712534361
YUNEEC,Breeze 4K,1152,3200,1445.0,205.29648205517,80.50842433536079,21.486599734129
YUNEEC,Breeze 4K,1152,3200,1445.0,206.2710608384,80.89061209349019,21.507383206537
YUNEEC,Breeze 4K,1152,3200,1445.0,207.24563962163,81.27279985161961,21.528063956145
YUNEEC,Breeze 4K,1152,3200,1445.0,208.22021840486,81.65498760974901,21.548642973019
YUNEEC,Breeze 4K,1152,3200,1445.0,209.1947971881,82.03717536788236,21.569121233003
YUNEEC,Breeze 4K,1152,3200,1445.0,210.16937597133,82.41936312601177,21.589499697993
YUNEEC,Breeze 4K,1152,3200,1445.0,211.14395475456,82.80155088414118,21.6097793162
YUNEEC,Breeze 4K,1152,3200,1445.0,212.11853353779,83.18373864227058,21.629961022408
YUNEEC,Breeze 4K,1152,3200,1445.0,213.09311232102,83.56592640039999,21.650045738229
YUNEEC,Breeze 4K,1152,3200,1445.0,214.06769110426,83.94811415853334,21.670034372344
YUNEEC,Breeze 4K,1152,3200,1445.0,215.04226988749,84.33030191666275,21.689927820748
YUNEEC,Breeze 4K,1152,3200,1445.0,216.01684867072,84.71248967479215,21.70972696698
YUNEEC,Breeze 4K,1152,3200,1445.0,216.99142745395,85.09467743292156,21.729432682357
YUNEEC,Breeze 4K,1152,3200,1445.0,217.96600623718,85.47686519105099,21.749045826197
YUNEEC,Breeze 4K,1152,3200,1445.0,218.94058502042,85.85905294918432,21.768567246037
YUNEEC,Breeze 4K,1152,3200,1445.0,219.91516380365,86.24124070731372,21.787997777846
YUNEEC,Breeze 4K,1152,3200,1445.0,220.88974258688,86.62342846544314,21.807338246238
YUNEEC,Breeze 4K,1152,3200,1445.0,221.86432137011,87.00561622357255,21.826589464672
YUNEEC,Breeze 4K,1152,3200,1445.0,222.83890015334,87.38780398170196,21.845752235657
YUNEEC,Breeze 4K,1152,3200,1445.0,223.81347893658,87.76999173983529,21.864827350943
YUNEEC,Breeze 4K,1152,3200,1445.0,224.78805771981,88.15217949796471,21.883815591714
YUNEEC,Breeze 4K,1152,3200,1445.0,225.76263650304,88.53436725609411,21.902717728776
YUNEEC,Breeze 4K,1152,3200,1445.0,226.73721528627,88.91655501422352,21.921534522738
YUNEEC,Breeze 4K,1152,3200,1445.0,227.7117940695,89.29874277235295,21.940266724193
YUNEEC,Breeze 4K,1152,3200,1445.0,228.68637285274,89.68093053048626,21.958915073888
YUNEEC,Breeze 4K,1152,3200,1445.0,229.66095163597,90.06311828861568,21.977480302904
YUNEEC,Breeze 4K,1152,3200,1445.0,230.6355304192,90.4453060467451,21.995963132813
YUNEEC,Breeze 4K,1152,3200,1445.0,231.61010920243,90.82749380487452,22.014364275851
YUNEEC,Breeze 4K,1152,3200,1445.0,232.58468798566,91.20968156300393,22.032684435072
YUNEEC,Breeze 4K,1152,3200,1445.0,233.5592667689,91.59186932113725,22.050924304507
YUNEEC,Breeze 4K,1152,3200,1445.0,234.53384555213,91.97405707926667,22.06908456932
YUNEEC,Breeze 4K,1152,3200,1445.0,235.50842433536,92.35624483739608,22.087165905955
YUNEEC,Breeze 4K,1152,3200,1445.0,236.48300311859,92.7384325955255,22.105168982283
YUNEEC,Breeze 4K,1152,3200,1445.0,237.45758190182,93.1206203536549,22.123094457748
YUNEEC,Breeze 4K,1152,3200,1445.0,238.43216068506,93.50280811178824,22.140942983509
YUNEEC,Breeze 4K,1152,3200,1445.0,239.40673946829,93.88499586991765,22.158715202574
YUNEEC,Breeze 4K,1152,3200,1445.0,240.38131825152,94.26718362804706,22.176411749939
YUNEEC,Breeze 4K,1152,3200,1445.0,241.35589703475,94.64937138617647,22.19403325272
YUNEEC,Breeze 4K,1152,3200,1445.0,242.33047581798,95.03155914430587,22.21158033028
YUNEEC,Breeze 4K,1152,3200,1445.0,243.30505460122,95.41374690243923,22.229053594359
YUNEEC,Breeze 4K,1152,3200,1445.0,244.27963338445,95.79593466056863,22.246453649199
YUNEEC,Breeze 4K,1152,3200,1445.0,245.25421216768,96.17812241869804,22.263781091661
YUNEEC,Breeze 4K,1152,3200,1445.0,246.22879095091,96.56031017682744,22.281036511351
YUNEEC,Breeze 4K,1152,3200,1445.0,247.20336973414,96.94249793495688,22.298220490732
YUNEEC,Breeze 4K,1152,3200,1445.0,248.17794851738,97.3246856930902,22.315333605243
YUNEEC,Breeze 4K,1152,3200,1445.0,249.15252730061,97.7068734512196,22.332376423407
YUNEEC,Breeze 4K,1152,3200,1445.0,250.12710608384,98.08906120934903,22.349349506944
YUNEEC,Breeze 4K,1152,3200,1445.0,251.10168486707,98.47124896747843,22.36625341088
YUNEEC,Breeze 4K,1152,3200,1445.0,252.0762636503,98.85343672560785,22.383088683649
YUNEEC,Breeze 4K,1152,3200,1445.0,253.05084243354,99.23562448374118,22.399855867201
YUNEEC,Breeze 4K,1152,3200,1445.0,254.02542121677,99.6178122418706,22.416555497101
YUNEEC,Breeze 4K,1152,3200,1445.0,255,100.0,22.43318810263
YUNEEC,Breeze 4K,1152,6400,2861.0,7.3257641138874,2.8728486721127062,0
YUNEEC,Breeze 4K,1152,6400,2861.0,13.304461758462,5.217435983710589,4.016050667054
YUNEEC,Breeze 4K,1152,6400,2861.0,14.279040541694,5.599623741840784,4.4664128443257
YUNEEC,Breeze 4K,1152,6400,2861.0,15.253619324926,5.98181149997098,4.8821631512694
YUNEEC,Breeze 4K,1152,6400,2861.0,16.228198108158,6.3639992581011775,5.26791201446
YUNEEC,Breeze 4K,1152,6400,2861.0,17.20277689139,6.746187016231373,5.6274317923356
YUNEEC,Breeze 4K,1152,6400,2861.0,18.177355674622,7.1283747743615695,5.9638455185615
YUNEEC,Breeze 4K,1152,6400,2861.0,19.151934457854,7.510562532491765,6.2797657200569
YUNEEC,Breeze 4K,1152,6400,2861.0,20.126513241086,7.89275029062196,6.5773983002433
YUNEEC,Breeze 4K,1152,6400,2861.0,21.101092024318,8.274938048752157,6.8586214880754
YUNEEC,Breeze 4K,1152,6400,2861.0,22.07567080755,8.657125806882354,7.1250466733955
YUNEEC,Breeze 4K,1152,6400,2861.0,23.050249590782,9.039313565012549,7.3780658730236
YUNEEC,Breeze 4K,1152,6400,2861.0,24.024828374014,9.421501323142746,7.6188891869265
YUNEEC,Breeze 4K,1152,6400,2861.0,24.999407157246,9.80368908127294,7.848574661577
YUNEEC,Breeze 4K,1152,6400,2861.0,25.973985940478,10.185876839403136,8.0680523252259
YUNEEC,Breeze 4K,1152,6400,2861.0,26.94856472371,10.568064597533333,8.2781437007824
YUNEEC,Breeze 4K,1152,6400,2861.0,27.923143506942,10.95025235566353,8.4795777742417
YUNEEC,Breeze 4K,1152,6400,2861.0,28.897722290174,11.332440113793725,8.6730041594039
YUNEEC,Breeze 4K,1152,6400,2861.0,29.872301073406,11.714627871923922,8.8590040258102
YUNEEC,Breeze 4K,1152,6400,2861.0,30.846879856638,12.096815630054119,9.0380992279966
YUNEEC,Breeze 4K,1152,6400,2861.0,31.82145863987,12.479003388184314,9.210759977643
YUNEEC,Breeze 4K,1152,6400,2861.0,32.796037423102,12.86119114631451,9.377411327174
YUNEEC,Breeze 4K,1152,6400,2861.0,33.770616206334,13.243378904444706,9.538438677601
YUNEEC,Breeze 4K,1152,6400,2861.0,34.745194989566,13.625566662574903,9.6941924804424
YUNEEC,Breeze 4K,1152,6400,2861.0,35.719773772798,14.007754420705098,9.8449922702073
YUNEEC,Breeze 4K,1152,6400,2861.0,36.69435255603,14.389942178835295,9.9911301378294
YUNEEC,Breeze 4K,1152,6400,2861.0,37.668931339262,14.772129936965491,10.132873734878
YUNEEC,Breeze 4K,1152,6400,2861.0,38.643510122494,15.154317695095687,10.270468882049
YUNEEC,Breeze 4K,1152,6400,2861.0,39.618088905726,15.536505453225882,10.404141842435
YUNEEC,Breeze 4K,1152,6400,2861.0,40.592667688958,15.91869321135608,10.534101309571
YUNEEC,Breeze 4K,1152,6400,2861.0,41.56724647219,16.300880969486276,10.660540151854
YUNEEC,Breeze 4K,1152,6400,2861.0,42.541825255422,16.683068727616472,10.783636948021
YUNEEC,Breeze 4K,1152,6400,2861.0,43.516404038654,17.06525648574667,10.903557342797
YUNEEC,Breeze 4K,1152,6400,2861.0,44.490982821886,17.447444243876863,11.020455247224
YUNEEC,Breeze 4K,1152,6400,2861.0,45.465561605118,17.82963200200706,11.13447390437
YUNEEC,Breeze 4K,1152,6400,2861.0,46.44014038835,18.211819760137253,11.245746838026
YUNEEC,Breeze 4K,1152,6400,2861.0,47.414719171582,18.59400751826745,11.354398699332
YUNEEC,Breeze 4K,1152,6400,2861.0,48.389297954814,18.976195276397647,11.460546024164
YUNEEC,Breeze 4K,1152,6400,2861.0,49.363876738046,19.358383034527844,11.564297912226
YUNEEC,Breeze 4K,1152,6400,2861.0,50.338455521278,19.740570792658037,11.665756637309
YUNEEC,Breeze 4K,1152,6400,2861.0,51.31303430451,20.122758550788234,11.76501819684
YUNEEC,Breeze 4K,1152,6400,2861.0,52.287613087742,20.50494630891843,11.8621728078
YUNEEC,Breeze 4K,1152,6400,2861.0,53.262191870974,20.887134067048628,11.957305355098
YUNEEC,Breeze 4K,1152,6400,2861.0,54.236770654206,21.26932182517882,12.050495797741
YUNEEC,Breeze 4K,1152,6400,2861.0,55.211349437438,21.65150958330902,12.141819537444
YUNEEC,Breeze 4K,1152,6400,2861.0,56.18592822067,22.033697341439215,12.231347753734
YUNEEC,Breeze 4K,1152,6400,2861.0,57.160507003902,22.41588509956941,12.319147709119
YUNEEC,Breeze 4K,1152,6400,2861.0,58.135085787134,22.79807285769961,12.405283027443
YUNEEC,Breeze 4K,1152,6400,2861.0,59.109664570366,23.180260615829802,12.48981394819
YUNEEC,Breeze 4K,1152,6400,2861.0,60.084243353599,23.562448373960393,12.572797559174
YUNEEC,Breeze 4K,1152,6400,2861.0,61.058822136831,23.944636132090586,12.654288009752
YUNEEC,Breeze 4K,1152,6400,2861.0,62.033400920063,24.326823890220787,12.734336706485
YUNEEC,Breeze 4K,1152,6400,2861.0,63.007979703295,24.70901164835098,12.812992492937
YUNEEC,Breeze 4K,1152,6400,2861.0,63.982558486527,25.091199406481174,12.890301815111
YUNEEC,Breeze 4K,1152,6400,2861.0,64.957137269759,25.47338716461137,12.966308873882
YUNEEC,Breeze 4K,1152,6400,2861.0,65.931716052991,25.85557492274157,13.041055765607
YUNEEC,Breeze 4K,1152,6400,2861.0,66.906294836223,26.23776268087176,13.114582612008
YUNEEC,Breeze 4K,1152,6400,2861.0,67.880873619455,26.61995043900196,13.186927680272
YUNEEC,Breeze 4K,1152,6400,2861.0,68.855452402687,27.002138197132158,13.258127494244
YUNEEC,Breeze 4K,1152,6400,2861.0,69.830031185919,27.38432595526235,13.328216937483
YUNEEC,Breeze 4K,1152,6400,2861.0,70.804609969151,27.76651371339255,13.397229348879
YUNEEC,Breeze 4K,1152,6400,2861.0,71.779188752383,28.148701471522745,13.465196611469
YUNEEC,Breeze 4K,1152,6400,2861.0,72.753767535615,28.53088922965294,13.532149235012
YUNEEC,Breeze 4K,1152,6400,2861.0,73.728346318847,28.913076987783136,13.598116432843
YUNEEC,Breeze 4K,1152,6400,2861.0,74.702925102079,29.295264745913336,13.663126193476
YUNEEC,Breeze 4K,1152,6400,2861.0,75.677503885311,29.67745250404353,13.727205347363
YUNEEC,Breeze 4K,1152,6400,2861.0,76.652082668543,30.059640262173726,13.790379629214
YUNEEC,Breeze 4K,1152,6400,2861.0,77.626661451775,30.441828020303923,13.852673736212
YUNEEC,Breeze 4K,1152,6400,2861.0,78.601240235007,30.824015778434116,13.914111382444
YUNEEC,Breeze 4K,1152,6400,2861.0,79.575819018239,31.206203536564313,13.974715349837
YUNEEC,Breeze 4K,1152,6400,2861.0,80.550397801471,31.588391294694507,14.034507535871
YUNEEC,Breeze 4K,1152,6400,2861.0,81.524976584703,31.970579052824704,14.093508998293
YUNEEC,Breeze 4K,1152,6400,2861.0,82.499555367935,32.352766810954904,14.15173999707
YUNEEC,Breeze 4K,1152,6400,2861.0,83.474134151167,32.7349545690851,14.209220033776
YUNEEC,Breeze 4K,1152,6400,2861.0,84.448712934399,33.11714232721529,14.265967888589
YUNEEC,Breeze 4K,1152,6400,2861.0,85.423291717631,33.49933008534549,14.322001655088
YUNEEC,Breeze 4K,1152,6400,2861.0,86.397870500863,33.881517843475685,14.377338772984
YUNEEC,Breeze 4K,1152,6400,2861.0,87.372449284095,34.263705601605885,14.431996058943
YUNEEC,Breeze 4K,1152,6400,2861.0,88.347028067327,34.64589335973608,14.485989735628
YUNEEC,Breeze 4K,1152,6400,2861.0,89.321606850559,35.02808111786627,14.539335459079
YUNEEC,Breeze 4K,1152,6400,2861.0,90.296185633791,35.41026887599647,14.592048344546
YUNEEC,Breeze 4K,1152,6400,2861.0,91.270764417023,35.792456634126665,14.644142990881
YUNEEC,Breeze 4K,1152,6400,2861.0,92.245343200255,36.17464439225686,14.695633503571
YUNEEC,Breeze 4K,1152,6400,2861.0,93.219921983487,36.55683215038706,14.746533516522
YUNEEC,Breeze 4K,1152,6400,2861.0,94.194500766719,36.93901990851726,14.796856212655
YUNEEC,Breeze 4K,1152,6400,2861.0,95.169079549951,37.321207666647446,14.846614343398
YUNEEC,Breeze 4K,1152,6400,2861.0,96.143658333183,37.703395424777646,14.895820247149
YUNEEC,Breeze 4K,1152,6400,2861.0,97.118237116415,38.08558318290785,14.944485866761
YUNEEC,Breeze 4K,1152,6400,2861.0,98.092815899647,38.46777094103804,14.992622766125
YUNEEC,Breeze 4K,1152,6400,2861.0,99.067394682879,38.84995869916823,15.040242145897
YUNEEC,Breeze 4K,1152,6400,2861.0,100.04197346611,39.232146457298036,15.08735485842
YUNEEC,Breeze 4K,1152,6400,2861.0,101.01655224934,39.61433421542745,15.133971421897
YUNEEC,Breeze 4K,1152,6400,2861.0,101.99113103257,39.99652197355686,15.180102033853
YUNEEC,Breeze 4K,1152,6400,2861.0,102.96570981581,40.3787097316902,15.22575658393
YUNEEC,Breeze 4K,1152,6400,2861.0,103.94028859904,40.760897489819605,15.270944666058
YUNEEC,Breeze 4K,1152,6400,2861.0,104.91486738227,41.14308524794902,15.315675590027
YUNEEC,Breeze 4K,1152,6400,2861.0,105.8894461655,41.525273006078436,15.359958392511
YUNEEC,Breeze 4K,1152,6400,2861.0,106.86402494873,41.90746076420784,15.40380184756
YUNEEC,Breeze 4K,1152,6400,2861.0,107.83860373197,42.289648522341174,15.447214476599
YUNEEC,Breeze 4K,1152,6400,2861.0,108.8131825152,42.671836280470586,15.490204557956
YUNEEC,Breeze 4K,1152,6400,2861.0,109.78776129843,43.0540240386,15.532780135952
YUNEEC,Breeze 4K,1152,6400,2861.0,110.76234008166,43.43621179672941,15.574949029566
YUNEEC,Breeze 4K,1152,6400,2861.0,111.73691886489,43.81839955485882,15.616718840714
YUNEEC,Breeze 4K,1152,6400,2861.0,112.71149764813,44.200587312992155,15.658096962148
YUNEEC,Breeze 4K,1152,6400,2861.0,113.68607643136,44.58277507112157,15.699090584998
YUNEEC,Breeze 4K,1152,6400,2861.0,114.66065521459,44.96496282925098,15.739706705991
YUNEEC,Breeze 4K,1152,6400,2861.0,115.63523399782,45.34715058738039,15.779952134335
YUNEEC,Breeze 4K,1152,6400,2861.0,116.60981278105,45.7293383455098,15.819833498318
YUNEEC,Breeze 4K,1152,6400,2861.0,117.58439156429,46.111526103643136,15.859357251614
YUNEEC,Breeze 4K,1152,6400,2861.0,118.55897034752,46.49371386177255,15.898529679315
YUNEEC,Breeze 4K,1152,6400,2861.0,119.53354913075,46.87590161990196,15.937356903716
YUNEEC,Breeze 4K,1152,6400,2861.0,120.50812791398,47.25808937803138,15.975844889846
YUNEEC,Breeze 4K,1152,6400,2861.0,121.48270669721,47.64027713616078,16.01399945077
YUNEEC,Breeze 4K,1152,6400,2861.0,122.45728548045,48.02246489429412,16.051826252677
YUNEEC,Breeze 4K,1152,6400,2861.0,123.43186426368,48.40465265242353,16.089330819747
YUNEEC,Breeze 4K,1152,6400,2861.0,124.40644304691,48.78684041055294,16.126518538828
YUNEEC,Breeze 4K,1152,6400,2861.0,125.38102183014,49.16902816868235,16.163394663921
YUNEEC,Breeze 4K,1152,6400,2861.0,126.35560061337,49.551215926811764,16.199964320481
YUNEEC,Breeze 4K,1152,6400,2861.0,127.33017939661,49.9334036849451,16.236232509549
YUNEEC,Breeze 4K,1152,6400,2861.0,128.30475817984,50.31559144307452,16.272204111724
YUNEEC,Breeze 4K,1152,6400,2861.0,129.27933696307,50.69777920120392,16.30788389097
YUNEEC,Breeze 4K,1152,6400,2861.0,130.2539157463,51.07996695933333,16.343276498279
YUNEEC,Breeze 4K,1152,6400,2861.0,131.22849452953,51.46215471746275,16.378386475198
YUNEEC,Breeze 4K,1152,6400,2861.0,132.20307331277,51.84434247559607,16.413218257208
YUNEEC,Breeze 4K,1152,6400,2861.0,133.177652096,52.22653023372549,16.447776176983
YUNEEC,Breeze 4K,1152,6400,2861.0,134.15223087923,52.6087179918549,16.482064467524
YUNEEC,Breeze 4K,1152,6400,2861.0,135.12680966246,52.99090574998432,16.516087265174
YUNEEC,Breeze 4K,1152,6400,2861.0,136.10138844569,53.373093508113726,16.549848612519
YUNEEC,Breeze 4K,1152,6400,2861.0,137.07596722893,53.75528126624707,16.583352461187
YUNEEC,Breeze 4K,1152,6400,2861.0,138.05054601216,54.13746902437647,16.616602674533
YUNEEC,Breeze 4K,1152,6400,2861.0,139.02512479539,54.51965678250589,16.649603030242
YUNEEC,Breeze 4K,1152,6400,2861.0,139.99970357862,54.901844540635295,16.682357222821
YUNEEC,Breeze 4K,1152,6400,2861.0,140.97428236185,55.28403229876469,16.714868866014
YUNEEC,Breeze 4K,1152,6400,2861.0,141.94886114509,55.66622005689804,16.747141495121
YUNEEC,Breeze 4K,1152,6400,2861.0,142.92343992832,56.048407815027446,16.779178569243
YUNEEC,Breeze 4K,1152,6400,2861.0,143.89801871155,56.430595573156864,16.810983473442
YUNEEC,Breeze 4K,1152,6400,2861.0,144.87259749478,56.812783331286276,16.842559520825
YUNEEC,Breeze 4K,1152,6400,2861.0,145.84717627801,57.19497108941569,16.873909954562
YUNEEC,Breeze 4K,1152,6400,2861.0,146.82175506125,57.57715884754903,16.905037949827
YUNEEC,Breeze 4K,1152,6400,2861.0,147.79633384448,57.959346605678434,16.935946615673
YUNEEC,Breeze 4K,1152,6400,2861.0,148.77091262771,58.341534363807845,16.966638996852
YUNEEC,Breeze 4K,1152,6400,2861.0,149.74549141094,58.72372212193725,16.997118075558
YUNEEC,Breeze 4K,1152,6400,2861.0,150.72007019417,59.10590988006666,17.027386773127
YUNEEC,Breeze 4K,1152,6400,2861.0,151.69464897741,59.4880976382,17.057447951668
YUNEEC,Breeze 4K,1152,6400,2861.0,152.66922776064,59.870285396329415,17.087304415648
YUNEEC,Breeze 4K,1152,6400,2861.0,153.64380654387,60.25247315445882,17.116958913419
YUNEEC,Breeze 4K,1152,6400,2861.0,154.6183853271,60.63466091258823,17.146414138699
YUNEEC,Breeze 4K,1152,6400,2861.0,155.59296411033,61.01684867071765,17.175672732002
YUNEEC,Breeze 4K,1152,6400,2861.0,156.56754289357,61.39903642885097,17.204737282026
YUNEEC,Breeze 4K,1152,6400,2861.0,157.5421216768,61.781224186980396,17.233610326986
YUNEEC,Breeze 4K,1152,6400,2861.0,158.51670046003,62.1634119451098,17.26229435592
YUNEEC,Breeze 4K,1152,6400,2861.0,159.49127924326,62.54559970323922,17.290791809938
YUNEEC,Breeze 4K,1152,6400,2861.0,160.46585802649,62.927787461368624,17.319105083443
YUNEEC,Breeze 4K,1152,6400,2861.0,161.44043680973,63.30997521950196,17.347236525307
YUNEEC,Breeze 4K,1152,6400,2861.0,162.41501559296,63.69216297763137,17.375188440012
YUNEEC,Breeze 4K,1152,6400,2861.0,163.38959437619,64.07435073576077,17.40296308876
YUNEEC,Breeze 4K,1152,6400,2861.0,164.36417315942,64.4565384938902,17.430562690538
YUNEEC,Breeze 4K,1152,6400,2861.0,165.33875194266,64.83872625202352,17.457989423165
YUNEEC,Breeze 4K,1152,6400,2861.0,166.31333072589,65.22091401015294,17.485245424292
YUNEEC,Breeze 4K,1152,6400,2861.0,167.28790950912,65.60310176828236,17.512332792386
YUNEEC,Breeze 4K,1152,6400,2861.0,168.26248829235,65.98528952641178,17.539253587672
YUNEEC,Breeze 4K,1152,6400,2861.0,169.23706707558,66.36747728454118,17.566009833054
YUNEEC,Breeze 4K,1152,6400,2861.0,170.21164585882,66.74966504267451,17.59260351501
YUNEEC,Breeze 4K,1152,6400,2861.0,171.18622464205,67.13185280080393,17.619036584452
YUNEEC,Breeze 4K,1152,6400,2861.0,172.16080342528,67.51404055893333,17.645310957568
YUNEEC,Breeze 4K,1152,6400,2861.0,173.13538220851,67.89622831706275,17.671428516642
YUNEEC,Breeze 4K,1152,6400,2861.0,174.10996099174,68.27841607519215,17.697391110839
YUNEEC,Breeze 4K,1152,6400,2861.0,175.08453977498,68.66060383332548,17.723200556976
YUNEEC,Breeze 4K,1152,6400,2861.0,176.05911855821,69.0427915914549,17.748858640273
YUNEEC,Breeze 4K,1152,6400,2861.0,177.03369734144,69.42497934958432,17.774367115072
YUNEEC,Breeze 4K,1152,6400,2861.0,178.00827612467,69.80716710771372,17.799727705546
YUNEEC,Breeze 4K,1152,6400,2861.0,178.9828549079,70.18935486584313,17.824942106383
YUNEEC,Breeze 4K,1152,6400,2861.0,179.95743369114,70.57154262397648,17.85001198345
YUNEEC,Breeze 4K,1152,6400,2861.0,180.93201247437,70.95373038210589,17.874938974443
YUNEEC,Breeze 4K,1152,6400,2861.0,181.9065912576,71.3359181402353,17.899724689514
YUNEEC,Breeze 4K,1152,6400,2861.0,182.88117004083,71.7181058983647,17.924370711883
YUNEEC,Breeze 4K,1152,6400,2861.0,183.85574882406,72.1002936564941,17.948878598431
YUNEEC,Breeze 4K,1152,6400,2861.0,184.8303276073,72.48248141462746,17.973249880284
YUNEEC,Breeze 4K,1152,6400,2861.0,185.80490639053,72.86466917275686,17.997486063368
YUNEEC,Breeze 4K,1152,6400,2861.0,186.77948517376,73.24685693088627,18.021588628964
YUNEEC,Breeze 4K,1152,6400,2861.0,187.75406395699,73.62904468901569,18.045559034237
YUNEEC,Breeze 4K,1152,6400,2861.0,188.72864274022,74.0112324471451,18.069398712754
YUNEEC,Breeze 4K,1152,6400,2861.0,189.70322152346,74.39342020527843,18.09310907499
YUNEEC,Breeze 4K,1152,6400,2861.0,190.67780030669,74.77560796340784,18.116691508821
YUNEEC,Breeze 4K,1152,6400,2861.0,191.65237908992,75.15779572153725,18.140147379998
YUNEEC,Breeze 4K,1152,6400,2861.0,192.62695787315,75.53998347966666,18.163478032617
YUNEEC,Breeze 4K,1152,6400,2861.0,193.60153665638,75.92217123779608,18.186684789571
YUNEEC,Breeze 4K,1152,6400,2861.0,194.57611543962,76.3043589959294,18.209768952993
YUNEEC,Breeze 4K,1152,6400,2861.0,195.55069422285,76.68654675405882,18.232731804684
YUNEEC,Breeze 4K,1152,6400,2861.0,196.52527300608,77.06873451218823,18.255574606534
YUNEEC,Breeze 4K,1152,6400,2861.0,197.49985178931,77.45092227031765,18.278298600933
YUNEEC,Breeze 4K,1152,6400,2861.0,198.47443057254,77.83311002844707,18.300905011164
YUNEEC,Breeze 4K,1152,6400,2861.0,199.44900935578,78.21529778658038,18.323395041796
YUNEEC,Breeze 4K,1152,6400,2861.0,200.42358813901,78.59748554470981,18.345769879062
YUNEEC,Breeze 4K,1152,6400,2861.0,201.39816692224,78.97967330283922,18.368030691224
YUNEEC,Breeze 4K,1152,6400,2861.0,202.37274570547,79.36186106096864,18.390178628937
YUNEEC,Breeze 4K,1152,6400,2861.0,203.3473244887,79.74404881909804,18.412214825598
YUNEEC,Breeze 4K,1152,6400,2861.0,204.32190327194,80.12623657723137,18.434140397689
YUNEEC,Breeze 4K,1152,6400,2861.0,205.29648205517,80.50842433536079,18.455956445109
YUNEEC,Breeze 4K,1152,6400,2861.0,206.2710608384,80.89061209349019,18.477664051502
YUNEEC,Breeze 4K,1152,6400,2861.0,207.24563962163,81.27279985161961,18.499264284573
YUNEEC,Breeze 4K,1152,6400,2861.0,208.22021840486,81.65498760974901,18.520758196398
YUNEEC,Breeze 4K,1152,6400,2861.0,209.1947971881,82.03717536788236,18.542146823727
YUNEEC,Breeze 4K,1152,6400,2861.0,210.16937597133,82.41936312601177,18.563431188279
YUNEEC,Breeze 4K,1152,6400,2861.0,211.14395475456,82.80155088414118,18.584612297032
YUNEEC,Breeze 4K,1152,6400,2861.0,212.11853353779,83.18373864227058,18.6056911425
YUNEEC,Breeze 4K,1152,6400,2861.0,213.09311232102,83.56592640039999,18.626668703012
YUNEEC,Breeze 4K,1152,6400,2861.0,214.06769110426,83.94811415853334,18.647545942977
YUNEEC,Breeze 4K,1152,6400,2861.0,215.04226988749,84.33030191666275,18.66832381315
YUNEEC,Breeze 4K,1152,6400,2861.0,216.01684867072,84.71248967479215,18.689003250881
YUNEEC,Breeze 4K,1152,6400,2861.0,216.99142745395,85.09467743292156,18.709585180373
YUNEEC,Breeze 4K,1152,6400,2861.0,217.96600623718,85.47686519105099,18.73007051292
YUNEEC,Breeze 4K,1152,6400,2861.0,218.94058502042,85.85905294918432,18.750460147147
YUNEEC,Breeze 4K,1152,6400,2861.0,219.91516380365,86.24124070731372,18.770754969246
YUNEEC,Breeze 4K,1152,6400,2861.0,220.88974258688,86.62342846544314,18.790955853197
YUNEEC,Breeze 4K,1152,6400,2861.0,221.86432137011,87.00561622357255,18.811063660999
YUNEEC,Breeze 4K,1152,6400,2861.0,222.83890015334,87.38780398170196,18.831079242881
YUNEEC,Breeze 4K,1152,6400,2861.0,223.81347893658,87.76999173983529,18.851003437515
YUNEEC,Breeze 4K,1152,6400,2861.0,224.78805771981,88.15217949796471,18.870837072228
YUNEEC,Breeze 4K,1152,6400,2861.0,225.76263650304,88.53436725609411,18.890580963203
YUNEEC,Breeze 4K,1152,6400,2861.0,226.73721528627,88.91655501422352,18.910235915674
YUNEEC,Breeze 4K,1152,6400,2861.0,227.7117940695,89.29874277235295,18.929802724127
YUNEEC,Breeze 4K,1152,6400,2861.0,228.68637285274,89.68093053048626,18.949282172484
YUNEEC,Breeze 4K,1152,6400,2861.0,229.66095163597,90.06311828861568,18.968675034292
YUNEEC,Breeze 4K,1152,6400,2861.0,230.6355304192,90.4453060467451,18.987982072906
YUNEEC,Breeze 4K,1152,6400,2861.0,231.61010920243,90.82749380487452,19.007204041661
YUNEEC,Breeze 4K,1152,6400,2861.0,232.58468798566,91.20968156300393,19.026341684053
YUNEEC,Breeze 4K,1152,6400,2861.0,233.5592667689,91.59186932113725,19.045395733904
YUNEEC,Breeze 4K,1152,6400,2861.0,234.53384555213,91.97405707926667,19.064366915532
YUNEEC,Breeze 4K,1152,6400,2861.0,235.50842433536,92.35624483739608,19.083255943913
YUNEEC,Breeze 4K,1152,6400,2861.0,236.48300311859,92.7384325955255,19.102063524837
YUNEEC,Breeze 4K,1152,6400,2861.0,237.45758190182,93.1206203536549,19.120790355069
YUNEEC,Breeze 4K,1152,6400,2861.0,238.43216068506,93.50280811178824,19.139437122502
YUNEEC,Breeze 4K,1152,6400,2861.0,239.40673946829,93.88499586991765,19.158004506301
YUNEEC,Breeze 4K,1152,6400,2861.0,240.38131825152,94.26718362804706,19.176493177056
YUNEEC,Breeze 4K,1152,6400,2861.0,241.35589703475,94.64937138617647,19.194903796921
YUNEEC,Breeze 4K,1152,6400,2861.0,242.33047581798,95.03155914430587,19.213237019756
YUNEEC,Breeze 4K,1152,6400,2861.0,243.30505460122,95.41374690243923,19.231493491265
YUNEEC,Breeze 4K,1152,6400,2861.0,244.27963338445,95.79593466056863,19.249673849132
YUNEEC,Breeze 4K,1152,6400,2861.0,245.25421216768,96.17812241869804,19.267778723147
YUNEEC,Breeze 4K,1152,6400,2861.0,246.22879095091,96.56031017682744,19.285808735344
YUNEEC,Breeze 4K,1152,6400,2861.0,247.20336973414,96.94249793495688,19.30376450012
YUNEEC,Breeze 4K,1152,6400,2861.0,248.17794851738,97.3246856930902,19.321646624365
YUNEEC,Breeze 4K,1152,6400,2861.0,249.15252730061,97.7068734512196,19.339455707579
YUNEEC,Breeze 4K,1152,6400,2861.0,250.12710608384,98.08906120934903,19.357192341992
YUNEEC,Breeze 4K,1152,6400,2861.0,251.10168486707,98.47124896747843,19.374857112685
YUNEEC,Breeze 4K,1152,6400,2861.0,252.0762636503,98.85343672560785,19.392450597697
YUNEEC,Breeze 4K,1152,6400,2861.0,253.05084243354,99.23562448374118,19.409973368144
YUNEEC,Breeze 4K,1152,6400,2861.0,254.02542121677,99.6178122418706,19.427425988326
YUNEEC,Breeze 4K,1152,6400,2861.0,255,100.0,19.444809015833
YUNEEC,Breeze 4K,1152,12800,5702.0,13.304461758462,5.217435983710589,0
YUNEEC,Breeze 4K,1152,12800,5702.0,14.279040541694,5.599623741840784,0.46103982608693
YUNEEC,Breeze 4K,1152,12800,5702.0,15.253619324926,5.98181149997098,0.88672967947268
YUNEEC,Breeze 4K,1152,12800,5702.0,16.228198108158,6.3639992581011775,1.2817539864515
YUNEEC,Breeze 4K,1152,12800,5702.0,17.20277689139,6.746187016231373,1.6499495302612
YUNEEC,Breeze 4K,1152,12800,5702.0,18.177355674622,7.1283747743615695,1.9944956949797
YUNEEC,Breeze 4K,1152,12800,5702.0,19.151934457854,7.510562532491765,2.3180545104008
YUNEEC,Breeze 4K,1152,12800,5702.0,20.126513241086,7.89275029062196,2.6228755449817
YUNEEC,Breeze 4K,1152,12800,5702.0,21.101092024318,8.274938048752157,2.9108756909894
YUNEEC,Breeze 4K,1152,12800,5702.0,22.07567080755,8.657125806882354,3.1837006962396
YUNEEC,Breeze 4K,1152,12800,5702.0,23.050249590782,9.039313565012549,3.4427732133516
YUNEEC,Breeze 4K,1152,12800,5702.0,24.024828374014,9.421501323142746,3.6893307467757
YUNEEC,Breeze 4K,1152,12800,5702.0,24.999407157246,9.80368908127294,3.9244559313142
YUNEEC,Breeze 4K,1152,12800,5702.0,25.973985940478,10.185876839403136,4.14910092014
YUNEEC,Breeze 4K,1152,12800,5702.0,26.94856472371,10.568064597533333,4.3641071986882
YUNEEC,Breeze 4K,1152,12800,5702.0,27.923143506942,10.95025235566353,4.5702218110052
YUNEEC,Breeze 4K,1152,12800,5702.0,28.897722290174,11.332440113793725,4.768110746324
YUNEEC,Breeze 4K,1152,12800,5702.0,29.872301073406,11.714627871923922,4.9583700585483
YUNEEC,Breeze 4K,1152,12800,5702.0,30.846879856638,12.096815630054119,5.1415351614637
YUNEEC,Breeze 4K,1152,12800,5702.0,31.82145863987,12.479003388184314,5.31808864516
YUNEEC,Breeze 4K,1152,12800,5702.0,32.796037423102,12.86119114631451,5.4884668854542
YUNEEC,Breeze 4K,1152,12800,5702.0,33.770616206334,13.243378904444706,5.653065661801
YUNEEC,Breeze 4K,1152,12800,5702.0,34.745194989566,13.625566662574903,5.8122449557816
YUNEEC,Breeze 4K,1152,12800,5702.0,35.719773772798,14.007754420705098,5.9663330685481
YUNEEC,Breeze 4K,1152,12800,5702.0,36.69435255603,14.389942178835295,6.1156301692098
YUNEEC,Breeze 4K,1152,12800,5702.0,37.668931339262,14.772129936965491,6.2604113653318
YUNEEC,Breeze 4K,1152,12800,5702.0,38.643510122494,15.154317695095687,6.4009293702045
YUNEEC,Breeze 4K,1152,12800,5702.0,39.618088905726,15.536505453225882,6.5374168283414
YUNEEC,Breeze 4K,1152,12800,5702.0,40.592667688958,15.91869321135608,6.670088350061
YUNEEC,Breeze 4K,1152,12800,5702.0,41.56724647219,16.300880969486276,6.799142297438
YUNEEC,Breeze 4K,1152,12800,5702.0,42.541825255422,16.683068727616472,6.924762356942
YUNEEC,Breeze 4K,1152,12800,5702.0,43.516404038654,17.06525648574667,7.0471189283972
YUNEEC,Breeze 4K,1152,12800,5702.0,44.490982821886,17.447444243876863,7.1663703552244
YUNEEC,Breeze 4K,1152,12800,5702.0,45.465561605118,17.82963200200706,7.2826640170802
YUNEEC,Breeze 4K,1152,12800,5702.0,46.44014038835,18.211819760137253,7.396137302817
YUNEEC,Breeze 4K,1152,12800,5702.0,47.414719171582,18.59400751826745,7.5069184790387
YUNEEC,Breeze 4K,1152,12800,5702.0,48.389297954814,18.976195276397647,7.6151274673101
YUNEEC,Breeze 4K,1152,12800,5702.0,49.363876738046,19.358383034527844,7.7208765412222
YUNEEC,Breeze 4K,1152,12800,5702.0,50.338455521278,19.740570792658037,7.8242709529558
YUNEEC,Breeze 4K,1152,12800,5702.0,51.31303430451,20.122758550788234,7.9254094976625
YUNEEC,Breeze 4K,1152,12800,5702.0,52.287613087742,20.50494630891843,8.0243850228699
YUNEEC,Breeze 4K,1152,12800,5702.0,53.262191870974,20.887134067048628,8.1212848891632
YUNEEC,Breeze 4K,1152,12800,5702.0,54.236770654206,21.26932182517882,8.2161913875887
YUNEEC,Breeze 4K,1152,12800,5702.0,55.211349437438,21.65150958330902,8.3091821185302
YUNEEC,Breeze 4K,1152,12800,5702.0,56.18592822067,22.033697341439215,8.4003303362158
YUNEEC,Breeze 4K,1152,12800,5702.0,57.160507003902,22.41588509956941,8.4897052625008
YUNEEC,Breeze 4K,1152,12800,5702.0,58.135085787134,22.79807285769961,8.5773723731324
YUNEEC,Breeze 4K,1152,12800,5702.0,59.109664570366,23.180260615829802,8.6633936593198
YUNEEC,Breeze 4K,1152,12800,5702.0,60.084243353599,23.562448373960393,8.7478278671034
YUNEEC,Breeze 4K,1152,12800,5702.0,61.058822136831,23.944636132090586,8.8307307167291
YUNEEC,Breeze 4K,1152,12800,5702.0,62.033400920063,24.326823890220787,8.9121551039844
YUNEEC,Breeze 4K,1152,12800,5702.0,63.007979703295,24.70901164835098,8.992151285233
YUNEEC,Breeze 4K,1152,12800,5702.0,63.982558486527,25.091199406481174,9.0707670476953
YUNEEC,Breeze 4K,1152,12800,5702.0,64.957137269759,25.47338716461137,9.1480478663535
YUNEEC,Breeze 4K,1152,12800,5702.0,65.931716052991,25.85557492274157,9.2240370487134
YUNEEC,Breeze 4K,1152,12800,5702.0,66.906294836223,26.23776268087176,9.2987758685247
YUNEEC,Breeze 4K,1152,12800,5702.0,67.880873619455,26.61995043900196,9.3723036894474
YUNEEC,Breeze 4K,1152,12800,5702.0,68.855452402687,27.002138197132158,9.4446580795524
YUNEEC,Breeze 4K,1152,12800,5702.0,69.830031185919,27.38432595526235,9.5158749174525
YUNEEC,Breeze 4K,1152,12800,5702.0,70.804609969151,27.76651371339255,9.5859884907825
YUNEEC,Breeze 4K,1152,12800,5702.0,71.779188752383,28.148701471522745,9.6550315876759
YUNEEC,Breeze 4K,1152,12800,5702.0,72.753767535615,28.53088922965294,9.7230355818228
YUNEEC,Breeze 4K,1152,12800,5702.0,73.728346318847,28.913076987783136,9.7900305116391
YUNEEC,Breeze 4K,1152,12800,5702.0,74.702925102079,29.295264745913336,9.8560451540248
YUNEEC,Breeze 4K,1152,12800,5702.0,75.677503885311,29.67745250404353,9.9211070931464
YUNEEC,Breeze 4K,1152,12800,5702.0,76.652082668543,30.059640262173726,9.9852427846389
YUNEEC,Breeze 4K,1152,12800,5702.0,77.626661451775,30.441828020303923,10.048477615584
YUNEEC,Breeze 4K,1152,12800,5702.0,78.601240235007,30.824015778434116,10.110835960595
YUNEEC,Breeze 4K,1152,12800,5702.0,79.575819018239,31.206203536564313,10.172341234298
YUNEEC,Breeze 4K,1152,12800,5702.0,80.550397801471,31.588391294694507,10.233015940495
YUNEEC,Breeze 4K,1152,12800,5702.0,81.524976584703,31.970579052824704,10.29288171824
YUNEEC,Breeze 4K,1152,12800,5702.0,82.499555367935,32.352766810954904,10.351959385066
YUNEEC,Breeze 4K,1152,12800,5702.0,83.474134151167,32.7349545690851,10.410268977573
YUNEEC,Breeze 4K,1152,12800,5702.0,84.448712934399,33.11714232721529,10.467829789557
YUNEEC,Breeze 4K,1152,12800,5702.0,85.423291717631,33.49933008534549,10.524660407858
YUNEEC,Breeze 4K,1152,12800,5702.0,86.397870500863,33.881517843475685,10.580778746099
YUNEEC,Breeze 4K,1152,12800,5702.0,87.372449284095,34.263705601605885,10.636202076441
YUNEEC,Breeze 4K,1152,12800,5702.0,88.347028067327,34.64589335973608,10.690947059518
YUNEEC,Breeze 4K,1152,12800,5702.0,89.321606850559,35.02808111786627,10.745029772646
YUNEEC,Breeze 4K,1152,12800,5702.0,90.296185633791,35.41026887599647,10.798465736448
YUNEEC,Breeze 4K,1152,12800,5702.0,91.270764417023,35.792456634126665,10.851269939984
YUNEEC,Breeze 4K,1152,12800,5702.0,92.245343200255,36.17464439225686,10.903456864496
YUNEEC,Breeze 4K,1152,12800,5702.0,93.219921983487,36.55683215038706,10.955040505844
YUNEEC,Breeze 4K,1152,12800,5702.0,94.194500766719,36.93901990851726,11.006034395739
YUNEEC,Breeze 4K,1152,12800,5702.0,95.169079549951,37.321207666647446,11.056451621822
YUNEEC,Breeze 4K,1152,12800,5702.0,96.143658333183,37.703395424777646,11.106304846691
YUNEEC,Breeze 4K,1152,12800,5702.0,97.118237116415,38.08558318290785,11.15560632592
YUNEEC,Breeze 4K,1152,12800,5702.0,98.092815899647,38.46777094103804,11.204367925142
YUNEEC,Breeze 4K,1152,12800,5702.0,99.067394682879,38.84995869916823,11.252601136255
YUNEEC,Breeze 4K,1152,12800,5702.0,100.04197346611,39.232146457298036,11.300317092797
YUNEEC,Breeze 4K,1152,12800,5702.0,101.01655224934,39.61433421542745,11.34752658455
YUNEEC,Breeze 4K,1152,12800,5702.0,101.99113103257,39.99652197355686,11.394240071406
YUNEEC,Breeze 4K,1152,12800,5702.0,102.96570981581,40.3787097316902,11.440467696552
YUNEEC,Breeze 4K,1152,12800,5702.0,103.94028859904,40.760897489819605,11.486219299009
YUNEEC,Breeze 4K,1152,12800,5702.0,104.91486738227,41.14308524794902,11.531504425551
YUNEEC,Breeze 4K,1152,12800,5702.0,105.8894461655,41.525273006078436,11.576332342065
YUNEEC,Breeze 4K,1152,12800,5702.0,106.86402494873,41.90746076420784,11.620712044354
YUNEEC,Breeze 4K,1152,12800,5702.0,107.83860373197,42.289648522341174,11.664652268443
YUNEEC,Breeze 4K,1152,12800,5702.0,108.8131825152,42.671836280470586,11.708161500389
YUNEEC,Breeze 4K,1152,12800,5702.0,109.78776129843,43.0540240386,11.751247985643
YUNEEC,Breeze 4K,1152,12800,5702.0,110.76234008166,43.43621179672941,11.79391973798
YUNEEC,Breeze 4K,1152,12800,5702.0,111.73691886489,43.81839955485882,11.836184548021
YUNEEC,Breeze 4K,1152,12800,5702.0,112.71149764813,44.200587312992155,11.878049991367
YUNEEC,Breeze 4K,1152,12800,5702.0,113.68607643136,44.58277507112157,11.919523436376
YUNEEC,Breeze 4K,1152,12800,5702.0,114.66065521459,44.96496282925098,11.960612051579
YUNEEC,Breeze 4K,1152,12800,5702.0,115.63523399782,45.34715058738039,12.001322812789
YUNEEC,Breeze 4K,1152,12800,5702.0,116.60981278105,45.7293383455098,12.041662509883
YUNEEC,Breeze 4K,1152,12800,5702.0,117.58439156429,46.111526103643136,12.081637753297
YUNEEC,Breeze 4K,1152,12800,5702.0,118.55897034752,46.49371386177255,12.121254980242
YUNEEC,Breeze 4K,1152,12800,5702.0,119.53354913075,46.87590161990196,12.160520460655
YUNEEC,Breeze 4K,1152,12800,5702.0,120.50812791398,47.25808937803138,12.199440302893
YUNEEC,Breeze 4K,1152,12800,5702.0,121.48270669721,47.64027713616078,12.238020459196
YUNEEC,Breeze 4K,1152,12800,5702.0,122.45728548045,48.02246489429412,12.27626673092
YUNEEC,Breeze 4K,1152,12800,5702.0,123.43186426368,48.40465265242353,12.31418477355
YUNEEC,Breeze 4K,1152,12800,5702.0,124.40644304691,48.78684041055294,12.35178010151
YUNEEC,Breeze 4K,1152,12800,5702.0,125.38102183014,49.16902816868235,12.389058092786
YUNEEC,Breeze 4K,1152,12800,5702.0,126.35560061337,49.551215926811764,12.426023993345
YUNEEC,Breeze 4K,1152,12800,5702.0,127.33017939661,49.9334036849451,12.462682921395
YUNEEC,Breeze 4K,1152,12800,5702.0,128.30475817984,50.31559144307452,12.499039871465
YUNEEC,Breeze 4K,1152,12800,5702.0,129.27933696307,50.69777920120392,12.53509971833
YUNEEC,Breeze 4K,1152,12800,5702.0,130.2539157463,51.07996695933333,12.570867220776
YUNEEC,Breeze 4K,1152,12800,5702.0,131.22849452953,51.46215471746275,12.606347025227
YUNEEC,Breeze 4K,1152,12800,5702.0,132.20307331277,51.84434247559607,12.641543669227
YUNEEC,Breeze 4K,1152,12800,5702.0,133.177652096,52.22653023372549,12.676461584791
YUNEEC,Breeze 4K,1152,12800,5702.0,134.15223087923,52.6087179918549,12.711105101629
YUNEEC,Breeze 4K,1152,12800,5702.0,135.12680966246,52.99090574998432,12.745478450244
YUNEEC,Breeze 4K,1152,12800,5702.0,136.10138844569,53.373093508113726,12.779585764923
YUNEEC,Breeze 4K,1152,12800,5702.0,137.07596722893,53.75528126624707,12.81343108661
YUNEEC,Breeze 4K,1152,12800,5702.0,138.05054601216,54.13746902437647,12.847018365673
YUNEEC,Breeze 4K,1152,12800,5702.0,139.02512479539,54.51965678250589,12.880351464575
YUNEEC,Breeze 4K,1152,12800,5702.0,139.99970357862,54.901844540635295,12.913434160443
YUNEEC,Breeze 4K,1152,12800,5702.0,140.97428236185,55.28403229876469,12.946270147548
YUNEEC,Breeze 4K,1152,12800,5702.0,141.94886114509,55.66622005689804,12.97886303969
YUNEEC,Breeze 4K,1152,12800,5702.0,142.92343992832,56.048407815027446,13.011216372508
YUNEEC,Breeze 4K,1152,12800,5702.0,143.89801871155,56.430595573156864,13.043333605698
YUNEEC,Breeze 4K,1152,12800,5702.0,144.87259749478,56.812783331286276,13.075218125161
YUNEEC,Breeze 4K,1152,12800,5702.0,145.84717627801,57.19497108941569,13.106873245072
YUNEEC,Breeze 4K,1152,12800,5702.0,146.82175506125,57.57715884754903,13.138302209875
YUNEEC,Breeze 4K,1152,12800,5702.0,147.79633384448,57.959346605678434,13.16950819622
YUNEEC,Breeze 4K,1152,12800,5702.0,148.77091262771,58.341534363807845,13.200494314819
YUNEEC,Breeze 4K,1152,12800,5702.0,149.74549141094,58.72372212193725,13.231263612252
YUNEEC,Breeze 4K,1152,12800,5702.0,150.72007019417,59.10590988006666,13.261819072704
YUNEEC,Breeze 4K,1152,12800,5702.0,151.69464897741,59.4880976382,13.292163619647
YUNEEC,Breeze 4K,1152,12800,5702.0,152.66922776064,59.870285396329415,13.322300117465
YUNEEC,Breeze 4K,1152,12800,5702.0,153.64380654387,60.25247315445882,13.352231373026
YUNEEC,Breeze 4K,1152,12800,5702.0,154.6183853271,60.63466091258823,13.381960137203
YUNEEC,Breeze 4K,1152,12800,5702.0,155.59296411033,61.01684867071765,13.411489106344
YUNEEC,Breeze 4K,1152,12800,5702.0,156.56754289357,61.39903642885097,13.440820923694
YUNEEC,Breeze 4K,1152,12800,5702.0,157.5421216768,61.781224186980396,13.469958180772
YUNEEC,Breeze 4K,1152,12800,5702.0,158.51670046003,62.1634119451098,13.498903418704
YUNEEC,Breeze 4K,1152,12800,5702.0,159.49127924326,62.54559970323922,13.527659129515
YUNEEC,Breeze 4K,1152,12800,5702.0,160.46585802649,62.927787461368624,13.556227757375
YUNEEC,Breeze 4K,1152,12800,5702.0,161.44043680973,63.30997521950196,13.584611699811
YUNEEC,Breeze 4K,1152,12800,5702.0,162.41501559296,63.69216297763137,13.612813308882
YUNEEC,Breeze 4K,1152,12800,5702.0,163.38959437619,64.07435073576077,13.64083489231
YUNEEC,Breeze 4K,1152,12800,5702.0,164.36417315942,64.4565384938902,13.668678714585
YUNEEC,Breeze 4K,1152,12800,5702.0,165.33875194266,64.83872625202352,13.696346998028
YUNEEC,Breeze 4K,1152,12800,5702.0,166.31333072589,65.22091401015294,13.723841923831
YUNEEC,Breeze 4K,1152,12800,5702.0,167.28790950912,65.60310176828236,13.751165633054
YUNEEC,Breeze 4K,1152,12800,5702.0,168.26248829235,65.98528952641178,13.778320227602
YUNEEC,Breeze 4K,1152,12800,5702.0,169.23706707558,66.36747728454118,13.80530777117
YUNEEC,Breeze 4K,1152,12800,5702.0,170.21164585882,66.74966504267451,13.832130290152
YUNEEC,Breeze 4K,1152,12800,5702.0,171.18622464205,67.13185280080393,13.858789774536
YUNEEC,Breeze 4K,1152,12800,5702.0,172.16080342528,67.51404055893333,13.885288178764
YUNEEC,Breeze 4K,1152,12800,5702.0,173.13538220851,67.89622831706275,13.911627422568
YUNEEC,Breeze 4K,1152,12800,5702.0,174.10996099174,68.27841607519215,13.937809391784
YUNEEC,Breeze 4K,1152,12800,5702.0,175.08453977498,68.66060383332548,13.963835939142
YUNEEC,Breeze 4K,1152,12800,5702.0,176.05911855821,69.0427915914549,13.989708885027
YUNEEC,Breeze 4K,1152,12800,5702.0,177.03369734144,69.42497934958432,14.015430018233
YUNEEC,Breeze 4K,1152,12800,5702.0,178.00827612467,69.80716710771372,14.041001096675
YUNEEC,Breeze 4K,1152,12800,5702.0,178.9828549079,70.18935486584313,14.066423848102
YUNEEC,Breeze 4K,1152,12800,5702.0,179.95743369114,70.57154262397648,14.091699970772
YUNEEC,Breeze 4K,1152,12800,5702.0,180.93201247437,70.95373038210589,14.116831134122
YUNEEC,Breeze 4K,1152,12800,5702.0,181.9065912576,71.3359181402353,14.141818979408
YUNEEC,Breeze 4K,1152,12800,5702.0,182.88117004083,71.7181058983647,14.166665120336
YUNEEC,Breeze 4K,1152,12800,5702.0,183.85574882406,72.1002936564941,14.191371143671
YUNEEC,Breeze 4K,1152,12800,5702.0,184.8303276073,72.48248141462746,14.215938609831
YUNEEC,Breeze 4K,1152,12800,5702.0,185.80490639053,72.86466917275686,14.240369053461
YUNEEC,Breeze 4K,1152,12800,5702.0,186.77948517376,73.24685693088627,14.264663984002
YUNEEC,Breeze 4K,1152,12800,5702.0,187.75406395699,73.62904468901569,14.288824886228
YUNEEC,Breeze 4K,1152,12800,5702.0,188.72864274022,74.0112324471451,14.312853220785
YUNEEC,Breeze 4K,1152,12800,5702.0,189.70322152346,74.39342020527843,14.336750424706
YUNEEC,Breeze 4K,1152,12800,5702.0,190.67780030669,74.77560796340784,14.360517911914
YUNEEC,Breeze 4K,1152,12800,5702.0,191.65237908992,75.15779572153725,14.384157073713
YUNEEC,Breeze 4K,1152,12800,5702.0,192.62695787315,75.53998347966666,14.407669279267
YUNEEC,Breeze 4K,1152,12800,5702.0,193.60153665638,75.92217123779608,14.431055876065
YUNEEC,Breeze 4K,1152,12800,5702.0,194.57611543962,76.3043589959294,14.45431819037
YUNEEC,Breeze 4K,1152,12800,5702.0,195.55069422285,76.68654675405882,14.477457527666
YUNEEC,Breeze 4K,1152,12800,5702.0,196.52527300608,77.06873451218823,14.500475173086
YUNEEC,Breeze 4K,1152,12800,5702.0,197.49985178931,77.45092227031765,14.523372391827
YUNEEC,Breeze 4K,1152,12800,5702.0,198.47443057254,77.83311002844707,14.546150429564
YUNEEC,Breeze 4K,1152,12800,5702.0,199.44900935578,78.21529778658038,14.568810512846
YUNEEC,Breeze 4K,1152,12800,5702.0,200.42358813901,78.59748554470981,14.59135384948
YUNEEC,Breeze 4K,1152,12800,5702.0,201.39816692224,78.97967330283922,14.613781628917
YUNEEC,Breeze 4K,1152,12800,5702.0,202.37274570547,79.36186106096864,14.636095022611
YUNEEC,Breeze 4K,1152,12800,5702.0,203.3473244887,79.74404881909804,14.658295184387
YUNEEC,Breeze 4K,1152,12800,5702.0,204.32190327194,80.12623657723137,14.680383250787
YUNEEC,Breeze 4K,1152,12800,5702.0,205.29648205517,80.50842433536079,14.702360341411
YUNEEC,Breeze 4K,1152,12800,5702.0,206.2710608384,80.89061209349019,14.724227559257
YUNEEC,Breeze 4K,1152,12800,5702.0,207.24563962163,81.27279985161961,14.745985991036
YUNEEC,Breeze 4K,1152,12800,5702.0,208.22021840486,81.65498760974901,14.7676367075
YUNEEC,Breeze 4K,1152,12800,5702.0,209.1947971881,82.03717536788236,14.789180763745
YUNEEC,Breeze 4K,1152,12800,5702.0,210.16937597133,82.41936312601177,14.810619199517
YUNEEC,Breeze 4K,1152,12800,5702.0,211.14395475456,82.80155088414118,14.831953039504
YUNEEC,Breeze 4K,1152,12800,5702.0,212.11853353779,83.18373864227058,14.853183293627
YUNEEC,Breeze 4K,1152,12800,5702.0,213.09311232102,83.56592640039999,14.874310957319
YUNEEC,Breeze 4K,1152,12800,5702.0,214.06769110426,83.94811415853334,14.895337011803
YUNEEC,Breeze 4K,1152,12800,5702.0,215.04226988749,84.33030191666275,14.916262424356
YUNEEC,Breeze 4K,1152,12800,5702.0,216.01684867072,84.71248967479215,14.937088148573
YUNEEC,Breeze 4K,1152,12800,5702.0,216.99142745395,85.09467743292156,14.957815124623
YUNEEC,Breeze 4K,1152,12800,5702.0,217.96600623718,85.47686519105099,14.978444279498
YUNEEC,Breeze 4K,1152,12800,5702.0,218.94058502042,85.85905294918432,14.998976527259
YUNEEC,Breeze 4K,1152,12800,5702.0,219.91516380365,86.24124070731372,15.019412769271
YUNEEC,Breeze 4K,1152,12800,5702.0,220.88974258688,86.62342846544314,15.039753894439
YUNEEC,Breeze 4K,1152,12800,5702.0,221.86432137011,87.00561622357255,15.060000779436
YUNEEC,Breeze 4K,1152,12800,5702.0,222.83890015334,87.38780398170196,15.080154288924
YUNEEC,Breeze 4K,1152,12800,5702.0,223.81347893658,87.76999173983529,15.10021527577
YUNEEC,Breeze 4K,1152,12800,5702.0,224.78805771981,88.15217949796471,15.120184581263
YUNEEC,Breeze 4K,1152,12800,5702.0,225.76263650304,88.53436725609411,15.140063035319
YUNEEC,Breeze 4K,1152,12800,5702.0,226.73721528627,88.91655501422352,15.159851456685
YUNEEC,Breeze 4K,1152,12800,5702.0,227.7117940695,89.29874277235295,15.179550653137
YUNEEC,Breeze 4K,1152,12800,5702.0,228.68637285274,89.68093053048626,15.199161421675
YUNEEC,Breeze 4K,1152,12800,5702.0,229.66095163597,90.06311828861568,15.218684548715
YUNEEC,Breeze 4K,1152,12800,5702.0,230.6355304192,90.4453060467451,15.23812081027
YUNEEC,Breeze 4K,1152,12800,5702.0,231.61010920243,90.82749380487452,15.257470972138
YUNEEC,Breeze 4K,1152,12800,5702.0,232.58468798566,91.20968156300393,15.276735790076
YUNEEC,Breeze 4K,1152,12800,5702.0,233.5592667689,91.59186932113725,15.295916009974
YUNEEC,Breeze 4K,1152,12800,5702.0,234.53384555213,91.97405707926667,15.315012368027
YUNEEC,Breeze 4K,1152,12800,5702.0,235.50842433536,92.35624483739608,15.334025590902
YUNEEC,Breeze 4K,1152,12800,5702.0,236.48300311859,92.7384325955255,15.3529563959
YUNEEC,Breeze 4K,1152,12800,5702.0,237.45758190182,93.1206203536549,15.371805491115
YUNEEC,Breeze 4K,1152,12800,5702.0,238.43216068506,93.50280811178824,15.390573575593
YUNEEC,Breeze 4K,1152,12800,5702.0,239.40673946829,93.88499586991765,15.409261339482
YUNEEC,Breeze 4K,1152,12800,5702.0,240.38131825152,94.26718362804706,15.427869464184
YUNEEC,Breeze 4K,1152,12800,5702.0,241.35589703475,94.64937138617647,15.446398622499
YUNEEC,Breeze 4K,1152,12800,5702.0,242.33047581798,95.03155914430587,15.464849478774
YUNEEC,Breeze 4K,1152,12800,5702.0,243.30505460122,95.41374690243923,15.483222689036
YUNEEC,Breeze 4K,1152,12800,5702.0,244.27963338445,95.79593466056863,15.501518901137
YUNEEC,Breeze 4K,1152,12800,5702.0,245.25421216768,96.17812241869804,15.519738754884
YUNEEC,Breeze 4K,1152,12800,5702.0,246.22879095091,96.56031017682744,15.537882882173
YUNEEC,Breeze 4K,1152,12800,5702.0,247.20336973414,96.94249793495688,15.55595190712
YUNEEC,Breeze 4K,1152,12800,5702.0,248.17794851738,97.3246856930902,15.573946446185
YUNEEC,Breeze 4K,1152,12800,5702.0,249.15252730061,97.7068734512196,15.591867108297
YUNEEC,Breeze 4K,1152,12800,5702.0,250.12710608384,98.08906120934903,15.609714494976
YUNEEC,Breeze 4K,1152,12800,5702.0,251.10168486707,98.47124896747843,15.627489200454
YUNEEC,Breeze 4K,1152,12800,5702.0,252.0762636503,98.85343672560785,15.64519181179
YUNEEC,Breeze 4K,1152,12800,5702.0,253.05084243354,99.23562448374118,15.662822908984
YUNEEC,Breeze 4K,1152,12800,5702.0,254.02542121677,99.6178122418706,15.680383065091
YUNEEC,Breeze 4K,1152,12800,5702.0,255,100.0,15.697872846332
